v -0.000251795107 0.0122770173 0.124756634
v -0.00022128773 0.0119509706 0.124398895
v -0.000627823349 0.0122066839 0.124756634
v 0.000130771456 0.0122770173 0.124756634
v 0.000111376794 0.0119478973 0.124396659
v -0.00146202394 0.0120685473 0.125164181
v -0.000984554528 0.0120684421 0.124756634
v -0.00109706784 0.0122944163 0.125164181
v -0.000696891802 0.0124495318 0.125164181
v -0.000274993799 0.0125283003 0.125164181
v 0.000153969348 0.0125283003 0.125164181
v 0.000506799726 0.0122066839 0.124756634
v 0.00057586818 0.0124495318 0.125164181
v 0.000863531139 0.0120684421 0.124756634
v 0.000976044335 0.0122944163 0.125164181
v 0.00134100055 0.0120685473 0.125164181
v -0.00156631228 0.0122066839 0.12561129
v -0.00190712174 0.0118960328 0.12561129
v -0.00117425574 0.0124494266 0.12561129
v -0.000744238321 0.0126160346 0.12561129
v -0.000291022065 0.0127007077 0.12561129
v 0.000169997627 0.0127007077 0.12561129
v 0.000623213826 0.0126160346 0.12561129
v 0.00105323235 0.0124494266 0.12561129
v 0.00144528807 0.0122066839 0.12561129
v 0.00166157412 0.011772586 0.125161693
v -0.00197218312 0.0119554009 0.12608254
v -0.00161935331 0.0122769121 0.12608254
v -0.0012134827 0.0125283003 0.12608254
v -0.00076838606 0.0127007077 0.12608254
v -0.000299141568 0.012788442 0.12608254
v 0.00017811713 0.012788442 0.12608254
v 0.000647361623 0.0127007077 0.12608254
v 0.00109245849 0.0125283003 0.12608254
v 0.0014983298 0.0122769121 0.12608254
v 0.00178609788 0.0118960328 0.12561129
v 0.00185115926 0.0119554009 0.12608254
v -0.00197218312 0.0119554009 0.12656191
v -0.00161935331 0.0122769121 0.12656191
v -0.0012134827 0.0125283003 0.12656191
v -0.00076838606 0.0127007077 0.12656191
v -0.000299141568 0.012788442 0.12656191
v 0.00017811713 0.012788442 0.12656191
v 0.000647361623 0.0127007077 0.12656191
v 0.00109245849 0.0125283003 0.12656191
v 0.0014983298 0.0122769121 0.12656191
v 0.00185115926 0.0119554009 0.12656191
v -0.00190712174 0.0118960328 0.127033159
v -0.00156631228 0.0122066839 0.127033159
v -0.00117425574 0.0124494266 0.127033159
v -0.000744238321 0.0126160346 0.127033159
v -0.000291022065 0.0127007077 0.127033159
v 0.000169997627 0.0127007077 0.127033159
v 0.000623213826 0.0126160346 0.127033159
v 0.00105323235 0.0124494266 0.127033159
v 0.00144528807 0.0122066839 0.127033159
v 0.00178609788 0.0118960328 0.127033159
v -0.00146202394 0.0120685473 0.127480254
v -0.00109706784 0.0122944163 0.127480254
v -0.000696891802 0.0124495318 0.127480254
v -0.000274993799 0.0125283003 0.127480254
v 0.000153969348 0.0125283003 0.127480254
v 0.00057586818 0.0124495318 0.127480254
v 0.000976044335 0.0122944163 0.127480254
v 0.00134100055 0.0120685473 0.127480254
v -0.000984554528 0.0120684421 0.1278878
v -0.000627823349 0.0122066839 0.1278878
v -0.000251795107 0.0122770173 0.1278878
v 0.000130771456 0.0122770173 0.1278878
v 0.000506799726 0.0122066839 0.1278878
v 0.000863531139 0.0120684421 0.1278878
v 9.00541199e-05 0.0119481506 0.128248066
v 0.000779095513 0.0118984161 0.128096059
v 0.000434557995 0.0119298464 0.12820138
v -0.000237649088 0.0119503019 0.12824446
v -0.000553549093 0.0119384751 0.128193006
v -0.000903458393 0.0119110839 0.128081948
v -0.00131218007 0.0118621187 0.127890036
v -0.00177679036 0.0117846327 0.12747626
v 0.00166529277 0.0117746023 0.127472714
v -0.00203193561 0.0117316777 0.127030849
v 0.00191280246 0.0117281238 0.127033487
v 0.00204227841 0.0117019927 0.126563162
v -0.00216032099 0.0117061138 0.126562193
v 0.0020439832 0.0117001822 0.126087829
v -0.00216336967 0.0117019881 0.126081765
v 0.00191423146 0.0117263366 0.125611439
v -0.00203401316 0.0117286174 0.125612855
v -0.00177717197 0.0117835952 0.125168502
v 0.00120009191 0.0118452925 0.124743059
v 0.000767413469 0.0118982522 0.124542892
v 0.000428535364 0.0119285109 0.124439597
v -0.000582498615 0.0119349686 0.124451526
v -0.000940473692 0.0119062578 0.124574542
v -0.00131379825 0.0118618049 0.124755003
v 0.00120003184 0.0118459016 0.12789847
v 0.000130771456 -0.0126286922 0.124756634
v 0.000109431458 -0.012300333 0.124397248
v 0.000506799726 -0.0125583578 0.124756634
v -0.000251795107 -0.0126286922 0.124756634
v 0.000976044335 -0.0126460912 0.125164181
v 0.000863531139 -0.012420116 0.124756634
v 0.00134100055 -0.0124202212 0.125164181
v 0.00057586818 -0.0128012057 0.125164181
v 0.000153969348 -0.0128799751 0.125164181
v -0.000274993799 -0.0128799751 0.125164181
v -0.000627823349 -0.0125583578 0.124756634
v -0.000696891802 -0.0128012057 0.125164181
v -0.000984554528 -0.012420116 0.124756634
v -0.00109706784 -0.0126460912 0.125164181
v -0.0013142383 -0.0122123491 0.124754019
v 0.00144528807 -0.0125583578 0.12561129
v 0.00178609788 -0.0122477077 0.12561129
v 0.00105323235 -0.0128011005 0.12561129
v 0.000623213826 -0.0129677076 0.12561129
v 0.000169997627 -0.0130523834 0.12561129
v -0.000291022065 -0.0130523834 0.12561129
v -0.000744238321 -0.0129677076 0.12561129
v -0.00117425574 -0.0128011005 0.12561129
v -0.00146202394 -0.0124202212 0.125164181
v -0.00156631228 -0.0125583578 0.12561129
v 0.00185115926 -0.0123070749 0.12608254
v 0.0014983298 -0.012628587 0.12608254
v 0.00109245849 -0.0128799751 0.12608254
v 0.000647361623 -0.0130523834 0.12608254
v 0.00017811713 -0.0131401159 0.12608254
v -0.000299141568 -0.0131401159 0.12608254
v -0.00076838606 -0.0130523834 0.12608254
v -0.0012134827 -0.0128799751 0.12608254
v -0.00161935331 -0.012628587 0.12608254
v -0.00190712174 -0.0122477077 0.12561129
v -0.00197218312 -0.0123070749 0.12608254
v 0.00185115926 -0.0123070749 0.12656191
v 0.0014983298 -0.012628587 0.12656191
v 0.00109245849 -0.0128799751 0.12656191
v 0.000647361623 -0.0130523834 0.12656191
v 0.00017811713 -0.0131401159 0.12656191
v -0.000299141568 -0.0131401159 0.12656191
v -0.00076838606 -0.0130523834 0.12656191
v -0.0012134827 -0.0128799751 0.12656191
v -0.00161935331 -0.012628587 0.12656191
v -0.00197218312 -0.0123070749 0.12656191
v 0.00178609788 -0.0122477077 0.127033159
v 0.00144528807 -0.0125583578 0.127033159
v 0.00105323235 -0.0128011005 0.127033159
v 0.000623213826 -0.0129677076 0.127033159
v 0.000169997627 -0.0130523834 0.127033159
v -0.000291022065 -0.0130523834 0.127033159
v -0.000744238321 -0.0129677076 0.127033159
v -0.00117425574 -0.0128011005 0.127033159
v -0.00156631228 -0.0125583578 0.127033159
v -0.00190712174 -0.0122477077 0.127033159
v 0.00134100055 -0.0124202212 0.127480254
v 0.000976044335 -0.0126460912 0.127480254
v 0.00057586818 -0.0128012057 0.127480254
v 0.000153969348 -0.0128799751 0.127480254
v -0.000274993799 -0.0128799751 0.127480254
v -0.000696891802 -0.0128012057 0.127480254
v -0.00109706784 -0.0126460912 0.127480254
v -0.00146202394 -0.0124202212 0.127480254
v 0.00119872333 -0.0121995192 0.127899408
v 0.000863531139 -0.012420116 0.1278878
v 0.000506799726 -0.0125583578 0.1278878
v 0.000130771456 -0.0126286922 0.1278878
v -0.000251795107 -0.0126286922 0.1278878
v -0.000627823349 -0.0125583578 0.1278878
v -0.000984554528 -0.012420116 0.1278878
v 8.7107248e-05 -0.0123018008 0.128246903
v -0.000903194188 -0.0122655239 0.12807931
v -0.000551041856 -0.0122914491 0.128192559
v -0.000244884897 -0.0123028783 0.12824218
v 0.000427262596 -0.0122827021 0.128202528
v 0.00077088445 -0.0122517096 0.128097773
v -0.00131170871 -0.0122158369 0.127889067
v -0.00177588256 -0.0121385036 0.127473965
v 0.00166537263 -0.0121277273 0.127470225
v 0.00191336439 -0.0120789278 0.1270338
v -0.00203059427 -0.012084269 0.12703298
v -0.00216152775 -0.0120559791 0.126563281
v 0.00203967211 -0.0120574459 0.126561806
v 0.002041345 -0.0120551577 0.126082808
v -0.00216256059 -0.0120542878 0.1260809
v -0.00203144294 -0.0120822284 0.125609592
v 0.0019151608 -0.0120776054 0.12561357
v -0.0017794529 -0.0121337259 0.125169352
v 0.00166322477 -0.0121260593 0.125167549
v -0.000936210796 -0.01225904 0.124572493
v -0.000517219072 -0.012285714 0.124436527
v -0.000323281914 -0.0122991577 0.124408051
v 0.000429228618 -0.0122825084 0.1244426
v 0.00119887362 -0.012198179 0.12474478
v 0.000780641392 -0.0122498292 0.124548867
v -0.000217589666 -0.0123032164 0.124399342
v 0.00678518554 -0.00591142941 0.00527241081
v 0.00850863103 -0.00291021843 0.00527455239
v 0.00888778083 -0.00138233439 0.00527594937
v 0.00878935959 0.00180438848 0.00527322711
v -0.0072032921 -0.00260025193 0.00527493935
v -0.00661996147 -0.00408115983 0.00527412584
v -0.00555842463 -0.00558044761 0.00527479593
v 0.00815905817 0.00350583205 0.00527270883
v 0.00761008076 0.00437010219 0.00527622038
v -0.00757241435 0.000697772193 0.00527316937
v -0.0075107757 -0.00116726279 0.00527534727
v 0.00508883875 0.00683682319 0.00527482526
v 0.00407321239 0.00738210091 0.00527441781
v 0.00264573353 0.00788944494 0.00527330907
v 0.00143237726 0.00807114039 0.00527457334
v 0.000252241589 0.00809177384 0.00527488207
v -0.00143247528 0.00784786046 0.00527318195
v -0.00245068991 0.00747155119 0.00527511723
v -0.00462259911 0.00616869191 0.00527429301
v -0.00556270173 0.00522980094 0.00527438475
v -0.00621392997 0.00430142879 0.00527799502
v -0.000937769131 0.00745776342 0.0057453271
v 0.00809283368 0.00234225299 0.00572222844
v 0.00765882572 0.00336909946 0.00572248409
v 0.00740270503 0.00382817909 0.00574470405
v 0.00709165307 0.00430690497 0.0057513034
v 0.0068550827 0.00463554356 0.00570591865
v 0.00658371206 0.00496410904 0.00570107717
v 0.00608386146 0.00547915092 0.00575096393
v 0.0057188319 0.00580918975 0.00570533937
v 0.00508153858 0.00629042089 0.00571434852
v 0.00470528984 0.00652472721 0.00574882049
v 0.00437139859 0.00671893498 0.00570185622
v 0.00362079334 0.00706500886 0.00574934389
v 0.00296462956 0.00729406904 0.00575140119
v 0.00254079024 0.00741341431 0.00570212211
v 0.00220263214 0.00748384278 0.00574488286
v 0.00163499871 0.00757307513 0.00574970571
v 0.000961782411 0.00762649672 0.00574796833
v 0.000344920059 0.00762290414 0.00572288409
v -9.90552144e-05 0.00759246619 0.00570876617
v -0.00156191573 0.00729358196 0.00574473897
v -0.00210023578 0.00710831583 0.00575001491
v -0.0024732328 0.00695958268 0.00570598524
v -0.00330598163 0.00652073603 0.00575060397
v -0.00285824458 0.00677539548 0.00570261385
v -0.00376642123 0.00622777874 0.00571025163
v -0.00420250557 0.00590103725 0.00570292631
v -0.00460055377 0.00555584859 0.00571197458
v -0.00511044217 0.00503682345 0.00574709754
v -0.00552360527 0.0045347577 0.00572485989
v -0.00584088685 0.00408527534 0.00571084348
v -0.00612441078 0.00360743003 0.0057498985
v -0.0063226372 0.0032363194 0.00571036665
v -0.00657571666 0.00265418761 0.00570892449
v -0.00671740063 0.00225135963 0.00575106544
v -0.00689538708 0.00161288003 0.00574745471
v -0.00700860843 0.00103207072 0.0057514268
v -0.00708348956 0.000410900248 0.00573583599
v -0.00710575748 -0.000298670784 0.00571104884
v -0.00706388941 -0.000980715966 0.00574836135
v -0.00694069359 -0.00176562008 0.00575363729
v -0.00677495217 -0.0024146426 0.00575068127
v -0.00658816984 -0.00297329435 0.00571382465
v -0.00638831267 -0.00343917054 0.0057499418
v -0.00623268122 -0.00376614858 0.00570922997
v -0.00600292999 -0.00417168019 0.00574963214
v -0.00577349262 -0.00454064365 0.00571269821
v -0.00530381594 -0.00516419206 0.0057509304
v -0.00482581044 -0.00568721304 0.00574803585
v -0.00434750691 -0.00612910185 0.0057546855
v -0.00381575432 -0.00654087169 0.00575227756
v -0.00335732452 -0.00684258249 0.00575220073
v -0.00288150785 -0.0071104113 0.00574956136
v -0.00235292036 -0.00736552337 0.00570218405
v -0.0021263673 -0.00745151658 0.00574857276
v -0.00172187912 -0.00759999128 0.00571273919
v -0.00108061964 -0.0077754017 0.00575114135
v -0.000520957867 -0.00788885076 0.00571335573
v -9.95933515e-05 -0.00794350356 0.00570796616
v 0.000287673814 -0.00797464326 0.00571094593
v 0.000786301331 -0.00798130967 0.00575128989
v 0.00134151324 -0.00795570016 0.00575049315
v 0.00203999388 -0.00786910206 0.00575155439
v 0.00271102018 -0.00772440573 0.00570359873
v 0.00299971108 -0.0076368656 0.00574683771
v 0.00366822281 -0.00740134763 0.005719685
v 0.00439743046 -0.00705405651 0.00575156091
v 0.00496350043 -0.00671649165 0.00575021747
v 0.00541378884 -0.00640040264 0.00574844889
v 0.00584606035 -0.00604790309 0.0057487851
v 0.00623529591 -0.00568723725 0.00571319927
v 0.00658676494 -0.00531170191 0.00570600713
v 0.00678519998 -0.0050679585 0.00575066963
v 0.00718420511 -0.00453478703 0.00570967281
v 0.00739755994 -0.00418977439 0.00574951619
v 0.00766149629 -0.00371217215 0.0057498035
v 0.00788552687 -0.00324361376 0.00570439734
v 0.00798653066 -0.00298193377 0.00574786356
v 0.00818185136 -0.00241357437 0.00574574852
v 0.00831374247 -0.00192432792 0.00571023626
v 0.00841650832 -0.00139170804 0.00571219018
v 0.00849325676 -0.000709011278 0.00573320827
v 0.00850435719 0.000145217607 0.00574295549
v 0.00844653975 0.000802687544 0.00574761769
v 0.00836370233 0.00131978677 0.00574404839
v 0.0082445601 0.00184105197 0.00573480874
v -0.00102878513 -0.00781624019 0.00562089821
v 0.000596869213 -0.00800921582 0.00562098622
v 0.00111517031 -0.00799648184 0.0056286715
v 0.00165949098 -0.0079494575 0.00562641444
v 0.00217307336 -0.00785941351 0.00566069828
v 0.00323049864 -0.007591011 0.00562078971
v 0.00362099963 -0.00744498707 0.00562655181
v 0.00425892929 -0.00715409033 0.00562621374
v 0.00472644484 -0.00688402541 0.00566323427
v 0.00530423829 -0.00651421584 0.00562819373
v 0.00564780086 -0.00624652999 0.0056329309
v 0.00602836255 -0.00592134381 0.00562020158
v 0.00695615401 -0.00489021745 0.00562784262
v 0.00755418511 -0.00397023465 0.00562592456
v 0.00779246353 -0.00350719644 0.00562135736
v 0.0080187358 -0.00297337444 0.00562362233
v 0.00819267239 -0.00246285391 0.00562707428
v 0.00851561222 -0.000719809788 0.00562680839
v 0.00853360072 -0.000272348057 0.00562489452
v 0.00852425955 0.000230314385 0.00562438974
v -0.0029764215 -0.00708938669 0.00563088525
v -0.00422669947 -0.00626195734 0.00562734343
v -0.00463948771 -0.00590407103 0.00562525634
v -0.00508448761 -0.00545552466 0.00562578952
v -0.00555150025 -0.00488994224 0.00562739512
v -0.0070083281 -0.00155162741 0.00562643446
v -0.00711530913 -0.000692353642 0.0056210449
v -0.0070116776 0.00118088233 0.00562792877
v -0.00602652878 0.00383571791 0.005618033
v -0.00502483919 0.00516529381 0.0056258277
v -0.00332485 0.0065413015 0.00562361628
v -0.00183402502 0.00722433813 0.00565828057
v -0.000718117633 0.00752805639 0.00562201673
v 0.00194804603 0.00755252875 0.0056372378
v 0.00299035921 0.00731305452 0.00562748453
v 0.00361560541 0.00709525775 0.00562572386
v 0.00403910642 0.0069096121 0.00562426448
v 0.00624797214 0.00534128724 0.00565943215
v 0.0078939572 0.00286809728 0.00570968445
v 0.0084119942 0.00119436556 0.00562621281
v 0.00847663544 0.000774148095 0.00562533736
v -0.00709540304 0.000644377433 0.00560519379
v -0.00538238185 0.00476408331 0.00560856657
v -0.00132113392 0.0073949974 0.00561060617
v 0.000848705648 0.00766014587 0.00560881337
v 0.00756376702 0.00361316837 0.00560829835
v 0.00820269156 0.00210168632 0.00560741453
v 0.00833882298 0.00159095461 0.005608215
v -0.000653592753 -0.00792068522 0.00555851124
v -0.0001126692 -0.00799586158 0.00555832917
v 0.000241202521 -0.00801945012 0.00556680327
v 0.00220055901 -0.0078936955 0.00555750448
v 0.0027380411 -0.00776931131 0.00555808004
v 0.00475124456 -0.00691508176 0.00555727305
v 0.00519370427 -0.0066322838 0.00555156264
v 0.00663399557 -0.00533522852 0.00555784209
v 0.00730552757 -0.00443753274 0.00556278694
v 0.00836553983 -0.00191546872 0.00556407403
v 0.00846652966 -0.00140745542 0.00555797806
v -0.00148456229 -0.00770002557 0.00562071567
v -0.0020823183 -0.00752458302 0.00556354225
v -0.00262017548 -0.00726634776 0.00563323544
v -0.00342757045 -0.00683059869 0.00562962238
v -0.00382168312 -0.00656895805 0.00562590593
v -0.00601957459 -0.00424658507 0.00556324329
v -0.00615525106 -0.00396438921 0.00561956037
v -0.00642219093 -0.00349916494 0.00555713894
v -0.00651417067 -0.00322466204 0.005620813
v -0.00674287602 -0.00260533718 0.0056280829
v -0.00689140102 -0.00220817327 0.00555803394
v -0.00693188189 -0.0019314161 0.00562216667
v -0.00707466668 -0.00111747906 0.00562120276
v -0.00712567801 7.65930381e-05 0.00562518183
v -0.00695826299 0.00159229035 0.00555529865
v -0.0068228431 0.00199676258 0.00562660955
v -0.00671594869 0.00238137366 0.00559048308
v -0.00649124803 0.0029219985 0.00562258624
v -0.00630147383 0.00339557137 0.00555545837
v -0.00382989855 0.00624369737 0.00556281675
v -0.00261861784 0.00694992067 0.0055553047
v -0.00211504498 0.00716366339 0.0055552749
v -0.00150274509 0.00737853022 0.00554330414
v -0.000112757443 0.00764241582 0.00555809448
v 0.00147972268 0.0076171984 0.00562807312
v 0.00485622697 0.00649639685 0.00555711659
v 0.00521134026 0.00626413384 0.00555590121
v 0.0054525584 0.00605852902 0.00560327014
v 0.00625663437 0.00539498171 0.00554749928
v 0.00647648983 0.00515863532 0.00555606931
v 0.00681227865 0.00477151293 0.00555559108
v 0.0072366274 0.0041423128 0.00562754227
v 0.00776155479 0.00328133442 0.00555639016
v 0.00793995056 0.00289490935 0.00555560086
v 0.00808000565 0.002596837 0.00551724061
v -0.00424696645 0.00594181987 0.00554143172
v 0.00247474108 0.00749062141 0.00554200029
v 0.00451953989 0.00670480402 0.00554243289
v 0.00586787518 0.00576026179 0.00554201985
v 0.00100505434 -0.00806854572 0.0055000023
v 0.00166718115 -0.00801663566 0.00549488515
v 0.0032777309 -0.00764492527 0.0054937168
v 0.00379293878 -0.00744583551 0.00549524277
v 0.00429076049 -0.00721564703 0.00549243717
v 0.00567568187 -0.00631376728 0.00549483299
v 0.00609273184 -0.00595253939 0.00549315754
v 0.00685295137 -0.00513815135 0.00549043668
v 0.00717411702 -0.0047082114 0.00549281389
v 0.0075596408 -0.00410577422 0.00549187837
v 0.00792177767 -0.00337591837 0.00550250616
v 0.00817386899 -0.00274451287 0.00549319992
v 0.00833417661 -0.00221828744 0.00549347373
v 0.00854645856 -0.00112706656 0.0054917899
v 0.00859174039 -0.00058819633 0.00549368747
v 0.00857760385 0.000236343418 0.00552295661
v -0.00160396274 -0.0077325874 0.00549339131
v -0.00252988562 -0.00738532003 0.00549585372
v -0.00324850134 -0.00701975171 0.00549379038
v -0.00395794446 -0.00655467343 0.00549722416
v -0.00448044855 -0.00613890821 0.00549346348
v -0.00497273449 -0.00567305181 0.00549485302
v -0.00525496714 -0.00530438917 0.00555799622
v -0.00575168291 -0.00466990704 0.00555168744
v -0.00620656321 -0.00400951179 0.00549223879
v -0.00672072265 -0.00288298074 0.00549453218
v -0.00713780196 -0.001138711 0.00549494615
v -0.00718703307 -0.000592900382 0.00549287815
v -0.00719600031 -2.01942657e-05 0.00549399713
v -0.00708161993 0.00119979784 0.00548957894
v -0.00688669784 0.00201693294 0.00549505465
v -0.00654621841 0.00291670579 0.0055249203
v -0.00577875879 0.00427314406 0.00555916596
v -0.00511357281 0.00517242774 0.00549085485
v -0.0047077327 0.00552911079 0.00555679481
v -0.0030676641 0.00672280602 0.00555447116
v -0.000717640098 0.00759929838 0.00548951654
v 0.000311924552 0.00767043652 0.00556793716
v 0.000981850782 0.00772788934 0.00548312534
v 0.00166779896 0.00766499573 0.00549259363
v 0.00207901723 0.00759706181 0.00550026959
v 0.00313738338 0.00734374067 0.0054903659
v 0.00393247092 0.00703581981 0.00549321156
v 0.00726667652 0.00421082182 0.00550474087
v 0.00851333328 0.00110497721 0.00547004491
v -0.00718026329 0.000527324679 0.00547442446
v -0.005442244 0.0048038559 0.00548034627
v 0.00762124918 0.0036564304 0.00548040308
v 0.00827105436 0.00212554238 0.00547884684
v 0.00840842724 0.00160964741 0.00547975255
v -0.00109763793 -0.00787307322 0.00548769208
v -0.000759157061 -0.00798780192 0.00543600414
v -0.000264120201 -0.00806254614 0.00543855922
v 0.000287149276 -0.00811126456 0.00543791428
v 0.000842025271 -0.00812038314 0.00543858297
v 0.00176738657 -0.00808404852 0.00540329656
v 0.00260008406 -0.00790941156 0.00541979074
v 0.00300011714 -0.00778722251 0.00543332659
v 0.00460243877 -0.00710060587 0.00543615734
v 0.00497213518 -0.00689642876 0.00541900285
v 0.00549513567 -0.00651892368 0.00543437665
v 0.0079038823 -0.00353188394 0.00543900067
v 0.00847711507 -0.00169890898 0.00546664465
v 0.0086489208 -0.000273326586 0.00543590542
v 0.00863939244 0.000232249542 0.00543604884
v -0.00381155149 -0.00671845675 0.00543475011
v -0.00545368902 -0.00513262907 0.00548909092
v -0.00577596296 -0.00478006294 0.0054354798
v -0.00700777257 -0.002184927 0.0054151644
v -0.0070256195 -0.00182406604 0.00549203297
v -0.00710669765 -0.00166578824 0.00543322647
v -0.00675390474 0.00243551447 0.00549200736
v -0.00656241458 0.0030457282 0.0054379846
v -0.00623818673 0.00361319189 0.00548300287
v -0.00371944392 0.00637672516 0.0054883142
v -0.00348391035 0.00657678721 0.00543831429
v -0.00314639835 0.00677780528 0.00543485861
v -0.00266317045 0.00702338573 0.00543586258
v -0.00214505033 0.00724328635 0.0054359287
v -0.0014897337 0.00747178169 0.00542863691
v -0.000298758474 0.00770135736 0.00544273062
v 0.00512874499 0.00642626034 0.00543543464
v 0.00629739882 0.00549569307 0.00541334227
v 0.00677643064 0.00491573336 0.00546324579
v 0.00721145002 0.00438262662 0.00543658389
v 0.00859126821 0.000784331409 0.00543635385
v -0.0042980467 0.0060146302 0.00542468252
v 0.00250028353 0.00757597247 0.00542487158
v 0.00457019638 0.00677864393 0.0054248916
v 0.00593008799 0.00582338311 0.00542528182
v 0.00126925192 -0.00814852212 0.00539515633
v 0.00221609813 -0.00802911725 0.00539020216
v 0.00344060385 -0.00768888742 0.00539133744
v 0.00420261314 -0.00736207515 0.00539531466
v 0.005295265 -0.00672254758 0.00539085269
v 0.00585017074 -0.00629949383 0.00538891228
v 0.00625351397 -0.00593575696 0.00538920192
v 0.00666633947 -0.00549596408 0.00539578777
v 0.00702076452 -0.00507392408 0.00539379567
v 0.0073343846 -0.00463807816 0.00539451884
v 0.00770850945 -0.00402642321 0.00539465388
v 0.00812345184 -0.0031478575 0.00539417053
v 0.00831287447 -0.00262106699 0.00539434515
v 0.00846082717 -0.00210376829 0.00539352139
v 0.00857957453 -0.00152450299 0.00539557217
v 0.00865565706 -0.000985226943 0.0053936583
v -0.00134400476 -0.00790382549 0.00539491931
v -0.00200745626 -0.00769569306 0.00539500359
v -0.00225221482 -0.00754972314 0.00544120651
v -0.0026977919 -0.00741583854 0.00538928574
v -0.00317537552 -0.00717211049 0.00538884057
v -0.00360959186 -0.00691230362 0.00538923685
v -0.00421954878 -0.00647286186 0.00539596565
v -0.00473498181 -0.00597664155 0.00543291634
v -0.00522995787 -0.00553149125 0.00539544411
v -0.00558275543 -0.00511926645 0.00539143384
v -0.00602450874 -0.00440207357 0.00544026773
v -0.00635029189 -0.00393890357 0.00539411185
v -0.00650660181 -0.00350596453 0.00544304959
v -0.00676652137 -0.00304021919 0.00538843218
v -0.00693042763 -0.00256106793 0.00539000053
v -0.00719751604 -0.00142609538 0.00538919307
v -0.00726243062 -0.000881493557 0.00539114792
v -0.00729221152 -0.00033037836 0.00539104361
v -0.00728701428 0.000371297385 0.00538271526
v -0.0071616862 0.00105186377 0.0054237796
v -0.00712664472 0.00146555074 0.00538853742
v -0.00701931957 0.00191899459 0.0053861998
v -0.00686526485 0.00241775927 0.00538765918
v -0.00625556661 0.00377024105 0.00538870553
v -0.00603739079 0.00403760793 0.00543541508
v -0.00579070114 0.0043931054 0.00544494344
v -0.00537649542 0.00502533978 0.00538955536
v -0.00482873246 0.00560521428 0.00538795348
v -0.00470053917 0.00564042525 0.00544587569
v -0.00394067494 0.00633696374 0.00538816908
v -0.000844627037 0.00769819366 0.00536572421
v 0.000182480551 0.00780788949 0.0053880522
v 0.000306379603 0.00775258942 0.00544600515
v 0.00107463868 0.00782179832 0.00538441399
v 0.00187442021 0.0077349632 0.00539088203
v 0.00328311115 0.00737316068 0.00541217672
v 0.00408985978 0.00706951739 0.00538910646
v 0.00499745458 0.00656942837 0.0053897351
v 0.00549428491 0.00615423825 0.00544521632
v 0.00663410313 0.00518257357 0.00539376866
v 0.00698585343 0.00477236928 0.00538960844
v 0.00742274523 0.0041683726 0.00538606942
v 0.00780356536 0.00351182255 0.0053887805
v 0.00795419049 0.00307811843 0.00543617224
v 0.00817587879 0.00268397923 0.00538641727
v 0.00835863687 0.00218252279 0.00537947612
v 0.0084903352 0.00166194048 0.00538698304
v -0.00023923158 -0.00815679599 0.00536606694
v 0.000517881592 -0.00826193206 0.00532766571
v 0.00382247986 -0.00763839995 0.00532755535
v 0.00874391384 -0.000617138867 0.00534996577
v 0.00876456965 -3.43826832e-05 0.00534342416
v -0.00476450799 -0.00606099423 0.005369158
v -0.00606602151 -0.00454262551 0.00534933619
v -0.00661385851 -0.00355163706 0.00534729892
v -0.00676970975 0.00284152851 0.00534674851
v -0.00649849139 0.00346039957 0.00534310378
v -0.00593915535 0.00439026998 0.00534654083
v -0.00322955428 0.00686849328 0.00534381531
v -0.00246242224 0.00727170939 0.00532545336
v -0.00191382994 0.00744569162 0.00534662418
v -0.000282552501 0.00781951007 0.00534810731
v 0.00278687687 0.00761786103 0.00534337386
v 0.00357750338 0.00735353632 0.00534529658
v 0.00554896472 0.00625584973 0.00535020651
v 0.00866383966 0.00110222574 0.00534349214
v 0.00873379502 0.00053302414 0.00534399971
v -0.00728133274 0.0010611827 0.0053347731
v -0.00464834599 0.00591280498 0.00532280235
v -0.001381804 0.00762787554 0.00533534214
v 0.00437423028 0.00705099246 0.00532262726
v -0.00085746072 -0.00815656874 0.00531220064
v 2.86977738e-05 -0.0083118733 0.00529686548
v 0.00112039864 -0.00829016976 0.00531285442
v 0.0019657223 -0.00820778962 0.00531271053
v 0.0030591432 -0.00795907341 0.00531208981
v 0.00438563805 -0.00741789071 0.00531293359
v 0.00513677392 -0.00699206349 0.00531232776
v 0.00585611211 -0.0065020672 0.0052990187
v 0.00644782186 -0.00593268685 0.0053117089
v 0.00719885156 -0.00506696152 0.0053121238
v 0.0078071868 -0.00412876997 0.00531264674
v 0.00817780104 -0.00335831405 0.00531291775
v 0.00848007668 -0.00254870299 0.00531226723
v 0.00873440783 -0.00144127849 0.00531240599
v -0.00169990398 -0.00793960597 0.00531228306
v -0.0024841514 -0.00765798334 0.00531215733
v -0.00349140144 -0.00714180339 0.00531251356
v -0.00419744849 -0.00665753521 0.00531269796
v -0.00468602031 -0.00630578026 0.00529833883
v -0.00525047723 -0.00571821257 0.0053115543
v -0.00578161981 -0.0050768638 0.00531170517
v -0.00656084577 -0.00389025826 0.00530070625
v -0.00698596938 -0.00281714299 0.00531302346
v -0.00728118978 -0.00172610441 0.00531162275
v -0.00741626229 -0.000625498826 0.00531205442
v -0.00743397232 0.000345775363 0.00530094234
v -0.00718199788 0.00190169644 0.00530051254
v -0.00544098811 0.00516006956 0.00530953007
v -0.00419011619 0.00634010322 0.00530341268
v 0.00168887712 0.0078936778 0.00531305093
v 0.0051380489 0.00663603889 0.0053111976
v 0.00619448442 0.00577067956 0.00532798748
v 0.00700559933 0.00495957118 0.0053126323
v 0.00765079446 0.00404810766 0.00531182298
v 0.00809780043 0.00326983095 0.00529861543
v 0.00828802492 0.00274967332 0.00530970097
v 0.000537880405 0.00796200987 0.00530917663
v 0.00851568393 0.00216850615 0.00530057075
v 0.0087051075 0.00144359609 0.00529673649
v 0.00893418491 -0.000262955669 0.00527850678
v 0.00884719566 0.00062010478 0.00529400399
v -0.00617838558 -0.00462959148 0.00528910942
v -0.00740010245 0.00107348978 0.00528991641
v -0.00695642689 0.00274680415 0.00528939674
v -0.00645957375 0.00374733447 0.0053002378
v -0.00351518882 0.00681661954 0.00530011533
v -0.00130436802 0.00777810439 0.00528841093
v -0.000330524665 0.00794761349 0.00529037789
v 0.00311230123 0.00764290662 0.00529715559
v 0.00581963034 0.00622593844 0.00528992526
v -0.00118142064 -0.00822621211 0.00527542364
v 0.000799574773 -0.00845401268 0.0052750702
v 0.00251631881 -0.00824893545 0.00527573982
v 0.0038872622 -0.0078101377 0.00527458591
v 0.00501957303 -0.00722813606 0.00527557684
v 0.00650420133 -0.00606163032 0.00527775288
v -0.00260461494 -0.00776296854 0.00527514983
v -0.00417549536 -0.00687539577 0.00527446857
v -0.00360835786 0.00688506523 0.00527506229
v 0.00656564534 0.00567341736 0.00527436752
v 0.00740901753 -0.0049663703 0.00528054498
v 0.00796888117 -0.00412737532 0.00527522247
v 0.00641437061 -0.00560186105 0.00552122714
v 0.00789211877 0.00287486752 0.0174344275
v 0.00791424792 0.00281372434 0.0174344219
v 0.00766621064 0.00335707795 0.0174344257
v 0.00764445681 0.003398631 0.0174344257
v 0.00763153937 0.00341795175 0.0174344275
v 0.0074197622 -0.00415020576 0.0174344238
v 0.00740416115 -0.00418145955 0.0174344257
v 0.00738394633 -0.00421137735 0.0174344238
v 0.00709957024 0.00429818779 0.0174344275
v 0.00707982248 0.00432306575 0.0174344275
v 0.00711662741 0.00426913891 0.0174344275
v 0.00678646052 -0.00506881997 0.0174344275
v 0.00682538468 -0.00501395809 0.0174344257
v 0.00658196583 -0.00531875202 0.0174344257
v 0.00655867113 -0.00534134125 0.0174344257
v 0.00507449685 0.00629649078 0.0174344257
v 0.00505947834 0.00630393205 0.0174344257
v 0.00511774654 0.00626366818 0.0174344238
v 0.00799396727 -0.00296137552 0.0174344238
v 0.00800831709 -0.0029204085 0.0174344238
v 0.00797816552 -0.00300233322 0.0174344238
v 0.00810009707 0.00231976248 0.0174344219
v 0.00808858406 0.00235276646 0.0174344257
v 0.00787699968 -0.00326096779 0.0174344275
v 0.00766664511 -0.00370136229 0.0174344257
v 0.00740703056 0.00382036925 0.0174344257
v 0.00717515079 -0.00454658177 0.0174344275
v 0.00685131038 0.004638921 0.0174344257
v 0.00656665117 0.00498177623 0.0174344275
v 0.0062276409 -0.00569388364 0.0174344257
v 0.0060718637 0.00548982155 0.0174344275
v 0.00572682172 0.00580137176 0.0174344312
v 0.00570035772 0.00582327135 0.0174344238
v 0.00470001111 0.0065275305 0.0174344238
v 0.00466752471 0.00654584682 0.0174344257
v 0.00433915993 0.00673437584 0.0174344257
v 0.00364903687 0.00705258455 0.0174344257
v 0.00361651997 0.00706622098 0.0174344238
v 0.00358429784 0.00707837846 0.0174344238
v 0.00355423125 0.00708855502 0.0174344257
v 0.00294757658 0.00729882391 0.0174344275
v 0.00254110782 0.00741260871 0.0174344238
v 0.00217644265 0.00748835178 0.0174344257
v 0.00163943972 0.00757236127 0.0174344257
v 0.00159619842 0.00757668959 0.0174344275
v 0.000973630988 0.00762554863 0.0174344275
v 0.000938249577 0.00762650231 0.0174344257
v 0.000904283603 0.00762622384 0.0174344275
v -0.00455608964 0.00559364539 0.0174344219
v -0.00461428426 0.00554584712 0.0174344238
v -0.00463425973 0.00552212028 0.0174344257
v 0.000332282711 0.00762171298 0.0174344257
v -9.28763475e-05 0.00759221474 0.0174344331
v -0.000162117882 0.0075830291 0.0174344275
v -0.000933287956 0.00745809078 0.0174344443
v -0.000972463342 0.00744900992 0.0174344257
v -0.00155153044 0.00729637826 0.0174344238
v -0.00158500124 0.00728600379 0.0174344257
v -0.00208744826 0.00711289048 0.0174344257
v -0.00211934675 0.00710050203 0.0174344275
v -0.00247714273 0.00695683202 0.0174344238
v -0.00251047872 0.00694106286 0.0174344238
v -0.00287843402 0.00676375162 0.0174344257
v -0.00330544752 0.00652089296 0.0174344257
v -0.00377223385 0.00622275472 0.0174344238
v -0.00380197517 0.00620082859 0.0174344257
v -0.00420892751 0.00589470426 0.0174344238
v 0.00836572051 0.00131230813 0.0174344238
v 0.0081891045 -0.00238923426 0.0174344257
v 0.00849514082 -0.000667750777 0.0174344257
v 0.00842228904 -0.00134764006 0.0174344257
v 0.00850473251 7.04465492e-05 0.0174344219
v 0.00850337464 0.000161378091 0.0174344238
v 0.00844647922 0.000803915958 0.0174344238
v 0.00831958279 -0.00189649535 0.0174344275
v 0.00824909098 0.00182361342 0.0174344275
v 0.00444828533 -0.00702422252 0.0174344238
v 0.00440911483 -0.00704947161 0.0174344238
v 0.00436706794 -0.00707135815 0.0174344257
v 0.00431084866 -0.00709470594 0.0174344368
v 0.00586168934 -0.00603352534 0.0174344238
v 0.00540062087 -0.0064098984 0.0174344257
v 0.00497466046 -0.00670885155 0.0174344275
v 0.000268336415 -0.00797507539 0.0174344257
v 0.000364879379 -0.00797498692 0.0174344238
v 0.000244858616 -0.0079707643 0.0174344275
v 0.00363863562 -0.00741207646 0.0174344275
v 0.00298334239 -0.0076414803 0.0174344275
v 0.00269278139 -0.00772820273 0.0174344238
v 0.00207165279 -0.00786252785 0.0174344257
v 0.00203610072 -0.00786924455 0.0174344238
v 0.00132338691 -0.00795677863 0.0174344368
v 0.000800606445 -0.00798081513 0.0174344275
v -0.00548977824 0.00457620015 0.0174344275
v -0.00551850256 0.00454531889 0.0174344275
v -0.00553715508 0.00451554637 0.0174344257
v -0.000127646388 -0.00793962553 0.0174344182
v -0.000529594137 -0.00788681582 0.0174344275
v -0.000564732705 -0.0078802444 0.0174344368
v -0.00612115161 0.00361869531 0.0174344257
v -0.00613447605 0.00358833605 0.0174344257
v -0.00610046461 0.00364787946 0.0174344275
v -0.00108568138 -0.00777400704 0.0174344257
v -0.00111902028 -0.0077653802 0.0174344182
v -0.00701415539 0.00101319293 0.0174344238
v -0.00701396866 0.000990814762 0.0174344238
v -0.00700331526 0.00106142147 0.0174344219
v -0.00171248335 -0.00760227628 0.0174344238
v -0.00174895546 -0.00758998469 0.0174344182
v -0.00178755424 -0.00757515989 0.0174344145
v -0.00217270036 -0.00743181864 0.0174344219
v -0.00237056729 -0.00735670701 0.017434435
v -0.00286605093 -0.00711795827 0.0174344219
v -0.00289831706 -0.00710122939 0.0174344238
v -0.00334500894 -0.00684969453 0.0174344312
v -0.00337194675 -0.00683325529 0.0174344182
v -0.00380214327 -0.00655010249 0.0174344219
v -0.0038313691 -0.00652927998 0.0174344238
v -0.00436017988 -0.00611781003 0.0174344294
v -0.00483164005 -0.00568095781 0.0174344257
v -0.00485520111 -0.00565609057 0.0174344238
v -0.00510335388 0.00504372362 0.0174344201
v -0.00529491249 -0.00517408317 0.0174344257
v -0.0053172675 -0.00514694396 0.0174344238
v -0.00574746449 -0.00457627792 0.0174344257
v -0.00576768769 -0.00454794336 0.0174344257
v -0.00583476806 0.00409335317 0.0174344257
v -0.00600833213 -0.00416211504 0.0174344257
v -0.00598762883 -0.00419616746 0.0174344257
v -0.0062279962 -0.00377352582 0.0174344238
v -0.00638031727 -0.0034555532 0.0174344294
v -0.00632388704 0.00323179225 0.0174344257
v -0.00633904338 0.00319871353 0.0174344238
v -0.00639580796 -0.00342181441 0.0174344312
v -0.00657307496 0.0026589802 0.0174344275
v -0.00658377819 -0.00298270839 0.0174344275
v -0.00659613265 -0.00294969883 0.0174344238
v -0.00671078172 0.0022697316 0.0174344275
v -0.00672457926 0.00222689169 0.0174344275
v -0.00676972745 -0.00243078382 0.0174344275
v -0.00678032124 -0.00239513209 0.0174344182
v -0.0068896031 0.00163493527 0.0174344294
v -0.00689781923 0.00160086458 0.0174344257
v -0.00706230057 -0.000990512082 0.0174344238
v -0.0070576719 -0.0010257297 0.0174344238
v -0.00694375113 -0.00174854498 0.0174344201
v -0.00706569897 -0.000954798074 0.0174344257
v -0.00710440846 -0.000322848966 0.0174344257
v -0.00710514141 -0.0002789594 0.0174344257
v -0.00701742247 0.000954684045 0.0174344238
v -0.00708484231 0.000377463526 0.0174344238
v -0.00697276602 0.00299136154 0.00527362945
v 0.00623529591 -0.00568723725 0.00571319927
v 0.00878935959 0.00180438848 0.00527322711
v 0.00678518554 -0.00591142941 0.00527241081
v 0.00796888117 -0.00412737532 0.00527522247
v -0.000717640098 0.00759929838 0.00548951654
v 0.00641437061 -0.00560186105 0.00552122714
v 0.00260008406 -0.00790941156 0.00541979074
v 0.00625351397 -0.00593575696 0.00538920192
v 0.00740901753 -0.0049663703 0.00528054498
vt 0 0
vt 0 0
vt 0 0
vt 0 0
vt 0 0
vt 0 0
vt 0 0
vt 0 0
vt 0 0
vt 0 0
vt 0 0
vt 0 0
vt 0 0
vt 0 0
vt 0 0
vt 0 0
vt 0 0
vt 0 0
vt 0 0
vt 0 0
vt 0 0
vt 0 0
vt 0 0
vt 0 0
vt 0 0
vt 0 0
vt 0 0
vt 0 0
vt 0 0
vt 0 0
vt 0 0
vt 0 0
vt 0 0
vt 0 0
vt 0 0
vt 0 0
vt 0 0
vt 0 0
vt 0 0
vt 0 0
vt 0 0
vt 0 0
vt 0 0
vt 0 0
vt 0 0
vt 0 0
vt 0 0
vt 0 0
vt 0 0
vt 0 0
vt 0 0
vt 0 0
vt 0 0
vt 0 0
vt 0 0
vt 0 0
vt 0 0
vt 0 0
vt 0 0
vt 0 0
vt 0 0
vt 0 0
vt 0 0
vt 0 0
vt 0 0
vt 0 0
vt 0 0
vt 0 0
vt 0 0
vt 0 0
vt 0 0
vt 0 0
vt 0 0
vt 0 0
vt 0 0
vt 0 0
vt 0 0
vt 0 0
vt 0 0
vt 0 0
vt 0 0
vt 0 0
vt 0 0
vt 0 0
vt 0 0
vt 0 0
vt 0 0
vt 0 0
vt 0 0
vt 0 0
vt 0 0
vt 0 0
vt 0 0
vt 0 0
vt 0 0
vt 0 0
vt 0 0
vt 0 0
vt 0 0
vt 0 0
vt 0 0
vt 0 0
vt 0 0
vt 0 0
vt 0 0
vt 0 0
vt 0 0
vt 0 0
vt 0 0
vt 0 0
vt 0 0
vt 0 0
vt 0 0
vt 0 0
vt 0 0
vt 0 0
vt 0 0
vt 0 0
vt 0 0
vt 0 0
vt 0 0
vt 0 0
vt 0 0
vt 0 0
vt 0 0
vt 0 0
vt 0 0
vt 0 0
vt 0 0
vt 0 0
vt 0 0
vt 0 0
vt 0 0
vt 0 0
vt 0 0
vt 0 0
vt 0 0
vt 0 0
vt 0 0
vt 0 0
vt 0 0
vt 0 0
vt 0 0
vt 0 0
vt 0 0
vt 0 0
vt 0 0
vt 0 0
vt 0 0
vt 0 0
vt 0 0
vt 0 0
vt 0 0
vt 0 0
vt 0 0
vt 0 0
vt 0 0
vt 0 0
vt 0 0
vt 0 0
vt 0 0
vt 0 0
vt 0 0
vt 0 0
vt 0 0
vt 0 0
vt 0 0
vt 0 0
vt 0 0
vt 0 0
vt 0 0
vt 0 0
vt 0 0
vt 0 0
vt 0 0
vt 0 0
vt 0 0
vt 0 0
vt 0 0
vt 0 0
vt 0 0
vt 0 0
vt 0 0
vt 0 0
vt 0 0
vt 0 0
vt 0 0
vt 0 0
vt 0 0
vt 0 0
vt 0 0
vt 0 0
vt 0 0
vt 0 0
vt 0 0
vt 0 0
vt 0 0
vt 0 0
vt 0 0
vt 0 0
vt 0 0
vt 0 0
vt 0 0
vt 0 0
vt 0 0
vt 0 0
vt 0 0
vt 0 0
vt 0 0
vt 0 0
vt 0 0
vt 0 0
vt 0 0
vt 0 0
vt 0 0
vt 0 0
vt 0 0
vt 0 0
vt 0 0
vt 0 0
vt 0 0
vt 0 0
vt 0 0
vt 0 0
vt 0 0
vt 0 0
vt 0 0
vt 0 0
vt 0 0
vt 0 0
vt 0 0
vt 0 0
vt 0 0
vt 0 0
vt 0 0
vt 0 0
vt 0 0
vt 0 0
vt 0 0
vt 0 0
vt 0 0
vt 0 0
vt 0 0
vt 0 0
vt 0 0
vt 0 0
vt 0 0
vt 0 0
vt 0 0
vt 0 0
vt 0 0
vt 0 0
vt 0 0
vt 0 0
vt 0 0
vt 0 0
vt 0 0
vt 0 0
vt 0 0
vt 0 0
vt 0 0
vt 0 0
vt 0 0
vt 0 0
vt 0 0
vt 0 0
vt 0 0
vt 0 0
vt 0 0
vt 0 0
vt 0 0
vt 0 0
vt 0 0
vt 0 0
vt 0 0
vt 0 0
vt 0 0
vt 0 0
vt 0 0
vt 0 0
vt 0 0
vt 0 0
vt 0 0
vt 0 0
vt 0 0
vt 0 0
vt 0 0
vt 0 0
vt 0 0
vt 0 0
vt 0 0
vt 0 0
vt 0 0
vt 0 0
vt 0 0
vt 0 0
vt 0 0
vt 0 0
vt 0 0
vt 0 0
vt 0 0
vt 0 0
vt 0 0
vt 0 0
vt 0 0
vt 0 0
vt 0 0
vt 0 0
vt 0 0
vt 0 0
vt 0 0
vt 0 0
vt 0 0
vt 0 0
vt 0 0
vt 0 0
vt 0 0
vt 0 0
vt 0 0
vt 0 0
vt 0 0
vt 0 0
vt 0 0
vt 0 0
vt 0 0
vt 0 0
vt 0 0
vt 0 0
vt 0 0
vt 0 0
vt 0 0
vt 0 0
vt 0 0
vt 0 0
vt 0 0
vt 0 0
vt 0 0
vt 0 0
vt 0 0
vt 0 0
vt 0 0
vt 0 0
vt 0 0
vt 0 0
vt 0 0
vt 0 0
vt 0 0
vt 0 0
vt 0 0
vt 0 0
vt 0 0
vt 0 0
vt 0 0
vt 0 0
vt 0 0
vt 0 0
vt 0 0
vt 0 0
vt 0 0
vt 0 0
vt 0 0
vt 0 0
vt 0 0
vt 0 0
vt 0 0
vt 0 0
vt 0 0
vt 0 0
vt 0 0
vt 0 0
vt 0 0
vt 0 0
vt 0 0
vt 0 0
vt 0 0
vt 0 0
vt 0 0
vt 0 0
vt 0 0
vt 0 0
vt 0 0
vt 0 0
vt 0 0
vt 0 0
vt 0 0
vt 0 0
vt 0 0
vt 0 0
vt 0 0
vt 0 0
vt 0 0
vt 0 0
vt 0 0
vt 0 0
vt 0 0
vt 0 0
vt 0 0
vt 0 0
vt 0 0
vt 0 0
vt 0 0
vt 0 0
vt 0 0
vt 0 0
vt 0 0
vt 0 0
vt 0 0
vt 0 0
vt 0 0
vt 0 0
vt 0 0
vt 0 0
vt 0 0
vt 0 0
vt 0 0
vt 0 0
vt 0 0
vt 0 0
vt 0 0
vt 0 0
vt 0 0
vt 0 0
vt 0 0
vt 0 0
vt 0 0
vt 0 0
vt 0 0
vt 0 0
vt 0 0
vt 0 0
vt 0 0
vt 0 0
vt 0 0
vt 0 0
vt 0 0
vt 0 0
vt 0 0
vt 0 0
vt 0 0
vt 0 0
vt 0 0
vt 0 0
vt 0 0
vt 0 0
vt 0 0
vt 0 0
vt 0 0
vt 0 0
vt 0 0
vt 0 0
vt 0 0
vt 0 0
vt 0 0
vt 0 0
vt 0 0
vt 0 0
vt 0 0
vt 0 0
vt 0 0
vt 0 0
vt 0 0
vt 0 0
vt 0 0
vt 0 0
vt 0 0
vt 0 0
vt 0 0
vt 0 0
vt 0 0
vt 0 0
vt 0 0
vt 0 0
vt 0 0
vt 0 0
vt 0 0
vt 0 0
vt 0 0
vt 0 0
vt 0 0
vt 0 0
vt 0 0
vt 0 0
vt 0 0
vt 0 0
vt 0 0
vt 0 0
vt 0 0
vt 0 0
vt 0 0
vt 0 0
vt 0 0
vt 0 0
vt 0 0
vt 0 0
vt 0 0
vt 0 0
vt 0 0
vt 0 0
vt 0 0
vt 0 0
vt 0 0
vt 0 0
vt 0 0
vt 0 0
vt 0 0
vt 0 0
vt 0 0
vt 0 0
vt 0 0
vt 0 0
vt 0 0
vt 0 0
vt 0 0
vt 0 0
vt 0 0
vt 0 0
vt 0 0
vt 0 0
vt 0 0
vt 0 0
vt 0 0
vt 0 0
vt 0 0
vt 0 0
vt 0 0
vt 0 0
vt 0 0
vt 0 0
vt 0 0
vt 0 0
vt 0 0
vt 0 0
vt 0 0
vt 0 0
vt 0 0
vt 0 0
vt 0 0
vt 0 0
vt 0 0
vt 0 0
vt 0 0
vt 0 0
vt 0 0
vt 0 0
vt 0 0
vt 0 0
vt 0 0
vt 0 0
vt 0 0
vt 0 0
vt 0 0
vt 0 0
vt 0 0
vt 0 0
vt 0 0
vt 0 0
vt 0 0
vt 0 0
vt 0 0
vt 0 0
vt 0 0
vt 0 0
vt 0 0
vt 0 0
vt 0 0
vt 0 0
vt 0 0
vt 0 0
vt 0 0
vt 0 0
vt 0 0
vt 0 0
vt 0 0
vt 0 0
vt 0 0
vt 0 0
vt 0 0
vt 0 0
vt 0 0
vt 0 0
vt 0 0
vt 0 0
vt 0 0
vt 0 0
vt 0 0
vt 0 0
vt 0 0
vt 0 0
vt 0 0
vt 0 0
vt 0 0
vt 0 0
vt 0 0
vt 0 0
vt 0 0
vt 0 0
vt 0 0
vt 0 0
vt 0 0
vt 0 0
vt 0 0
vt 0 0
vt 0 0
vt 0 0
vt 0 0
vt 0 0
vt 0 0
vt 0 0
vt 0 0
vt 0 0
vt 0 0
vt 0 0
vt 0 0
vt 0 0
vt 0 0
vt 0 0
vt 0 0
vt 0 0
vt 0 0
vt 0 0
vt 0 0
vt 0 0
vt 0 0
vt 0 0
vt 0 0
vt 0 0
vt 0 0
vt 0 0
vt 0 0
vt 0 0
vt 0 0
vt 0 0
vt 0 0
vt 0 0
vt 0 0
vt 0 0
vt 0 0
vt 0 0
vt 0 0
vt 0 0
vt 0 0
vt 0 0
vt 0 0
vt 0 0
vt 0 0
vt 0 0
vt 0 0
vt 0 0
vt 0 0
vt 0 0
vt 0 0
vt 0 0
vt 0 0
vt 0 0
vt 0 0
vt 0 0
vt 0 0
vt 0 0
vt 0 0
vt 0 0
vt 0 0
vt 0 0
vt 0 0
vt 0 0
vt 0 0
vt 0 0
vt 0 0
vt 0 0
vt 0 0
vt 0 0
vt 0 0
vt 0 0
vt 0 0
vt 0 0
vt 0 0
vt 0 0
vt 0 0
vt 0 0
vt 0 0
vt 0 0
vt 0 0
vt 0 0
vt 0 0
vt 0 0
vt 0 0
vt 0 0
vt 0 0
vt 0 0
vt 0 0
vt 0 0
vt 0 0
vt 0 0
vt 0 0
vt 0 0
vt 0 0
vt 0 0
vt 0 0
vt 0 0
vt 0 0
vt 0 0
vt 0 0
vt 0 0
vt 0 0
vt 0 0
vt 0 0
vt 0 0
vt 0 0
vt 0 0
vt 0 0
vt 0 0
vt 0 0
vt 0 0
vt 0 0
vt 0 0
vt 0 0
vt 0 0
vt 0 0
vt 0 0
vt 0 0
vt 0 0
vt 0 0
vt 0 0
vt 0 0
vt 0 0
vt 0 0
vt 0 0
vt 0 0
vt 0 0
vt 0 0
vt 0 0
vt 0 0
vt 0 0
vt 0 0
vt 0 0
vt 0 0
vt 0 0
vt 0 0
vt 0 0
vt 0 0
vt 0 0
vt 0 0
vt 0 0
vt 0 0
vt 0 0
vt 0 0
vt 0 0
vt 0 0
vt 0 0
vt 0 0
vt 0 0
vt 0 0
vt 0 0
vt 0 0
vt 0 0
vt 0 0
vt 0 0
vt 0 0
vt 0 0
vt 0 0
vt 0 0
vt 0 0
vt 0 0
vt 0 0
vt 0 0
vt 0 0
vt 0 0
vt 0 0
vt 0 0
vt 0 0
vt 0 0
vt 0 0
vt 0 0
vt 0 0
vt 0 0
vt 0 0
vt 0 0
vt 0 0
vt 0 0
vt 0 0
vt 0 0
vt 0 0
vt 0 0
vt 0 0
vt 0 0
vt 0 0
vt 0 0
vt 0 0
vt 0 0
vt 0 0
vt 0 0
vt 0 0
vt 0 0
vt 0 0
vt 0 0
vt 0 0
vt 0 0
vt 0 0
vt 0 0
vt 0 0
vt 0 0
vt 0 0
vt 0 0
vt 0 0
vt 0 0
vt 0 0
vt 0 0
vt 0 0
vt 0 0
vt 0 0
vt 0 0
vt 0 0
vt 0 0
vt 0 0
vt 0 0
vt 0 0
vt 0 0
vt 0 0
vt 0 0
vt 0 0
vt 0 0
vt 0 0
vt 0 0
vt 0 0
vt 0 0
vt 0 0
vt 0 0
vt 0 0
vt 0 0
vt 0 0
vt 0 0
vt 0 0
vt 0 0
vt 0 0
vt 0 0
vt 0 0
vt 0 0
vt 0 0
vt 0 0
vt 0 0
vt 0 0
vt 0 0
vt 0 0
vt 0 0
vt 0 0
vt 0 0
vt 0 0
vt 0 0
vt 0 0
vt 0 0
vt 0 0
vt 0 0
vt 0 0
vt 0 0
vt 0 0
vt 0 0
vt 0 0
vt 0 0
vt 0 0
vt 0 0
vt 0 0
vt 0 0
vt 0 0
vt 0 0
vt 0 0
vt 0 0
vt 0 0
vt 0 0
vt 0 0
vt 0 0
vt 0 0
vt 0 0
vt 0 0
vt 0 0
vt 0 0
vt 0 0
vt 0 0
vt 0 0
vt 0 0
vt 0 0
vt 0 0
vt 0 0
vt 0 0
vt 0 0
vt 0 0
vt 0 0
vt 0 0
vt 0 0
vt 0 0
vt 0 0
vt 0 0
vt 0 0
vt 0 0
vt 0 0
vt 0 0
vt 0 0
vt 0 0
vt 0 0
vt 0 0
vt 0 0
vt 0 0
vt 0 0
vt 0 0
vt 0 0
vt 0 0
vt 0 0
vt 0 0
vt 0 0
vt 0 0
vt 0 0
vt 0 0
vt 0 0
vt 0 0
vt 0 0
vt 0 0
vt 0 0
vt 0 0
vt 0 0
vt 0 0
vt 0 0
vt 0 0
vt 0 0
vt 0 0
vt 0 0
vt 0 0
vt 0 0
vt 0 0
vt 0 0
vt 0 0
vt 0 0
vt 0 0
vt 0 0
vt 0 0
vt 0 0
vt 0 0
vt 0 0
vt 0 0
vt 0 0
vt 0 0
vt 0 0
vt 0 0
vt 0 0
vt 0 0
vt 0 0
vt 0 0
vt 0 0
vt 0 0
vt 0 0
vt 0 0
vt 0 0
vt 0 0
vt 0 0
vt 0 0
vt 0 0
vt 0 0
vt 0 0
vt 0 0
vt 0 0
vt 0 0
vt 0 0
vt 0 0
vt 0 0
vt 0 0
vt 0 0
vt 0 0
vt 0 0
vt 0 0
vt 0 0
vt 0 0
vt 0 0
vt 0 0
vt 0 0
vt 0 0
vt 0 0
vt 0 0
vt 0 0
vt 0 0
vt 0 0
vt 0 0
vt 0 0
vt 0 0
vt 0 0
vt 0 0
vt 0 0
vt 0 0
vt 0 0
vt 0 0
vt 0 0
vt 0 0
vt 0 0
vt 0 0
vt 0 0
vt 0 0
vt 0 0
vt 0 0
vt 0 0
vt 0 0
vt 0 0
vt 0 0
vt 0 0
vt 0 0
vt 0 0
vt 0 0
vt 0 0
vt 0 0
vt 0 0
vt 0 0
vt 0 0
vt 0 0
vt 0 0
vt 0 0
vt 0 0
vt 0 0
vt 0 0
vt 0 0
vt 0 0
vt 0 0
vt 0 0
vt 0 0
vt 0 0
vt 0 0
vt 0 0
vt 0 0
vt 0 0
vt 0 0
vt 0 0
vt 0 0
vt 0 0
vt 0 0
vt 0 0
vt 0 0
vt 0 0
vt 0 0
vt 0 0
vt 0 0
vt 0 0
vt 0 0
vt 0 0
vt 0 0
vt 0 0
vt 0 0
vt 0 0
vt 0 0
vt 0 0
vt 0 0
vt 0 0
vt 0 0
vt 0 0
vt 0 0
vt 0 0
vt 0 0
vt 0 0
vt 0 0
vt 0 0
vt 0 0
vt 0 0
vt 0 0
vt 0 0
vt 0 0
vt 0 0
vt 0 0
vt 0 0
vt 0 0
vt 0 0
vt 0 0
vt 0 0
vt 0 0
vt 0 0
vt 0 0
vt 0 0
vt 0 0
vt 0 0
vt 0 0
vt 0 0
vt 0 0
vt 0 0
vt 0 0
vt 0 0
vt 0 0
vt 0 0
vt 0 0
vt 0 0
vt 0 0
vt 0 0
vt 0 0
vt 0 0
vt 0 0
vt 0 0
vt 0 0
vt 0 0
vt 0 0
vt 0 0
vt 0 0
vt 0 0
vt 0 0
vt 0 0
vt 0 0
vt 0 0
vt 0 0
vt 0 0
vt 0 0
vt 0 0
vt 0 0
vt 0 0
vt 0 0
vt 0 0
vt 0 0
vt 0 0
vt 0 0
vt 0 0
vt 0 0
vt 0 0
vt 0 0
vt 0 0
vt 0 0
vt 0 0
vt 0 0
vt 0 0
vt 0 0
vt 0 0
vt 0 0
vt 0 0
vt 0 0
vt 0 0
vt 0 0
vt 0 0
vt 0 0
vt 0 0
vt 0 0
vt 0 0
vt 0 0
vt 0 0
vt 0 0
vt 0 0
vt 0 0
vt 0 0
vt 0 0
vt 0 0
vt 0 0
vt 0 0
vt 0 0
vt 0 0
vt 0 0
vt 0 0
vt 0 0
vt 0 0
vt 0 0
vt 0 0
vt 0 0
vt 0 0
vt 0 0
vt 0 0
vt 0 0
vt 0 0
vt 0 0
vt 0 0
vt 0 0
vt 0 0
vt 0 0
vt 0 0
vt 0 0
vt 0 0
vt 0 0
vt 0 0
vt 0 0
vt 0 0
vt 0 0
vt 0 0
vt 0 0
vt 0 0
vt 0 0
vt 0 0
vt 0 0
vt 0 0
vt 0 0
vt 0 0
vt 0 0
vt 0 0
vt 0 0
vt 0 0
vt 0 0
vt 0 0
vt 0 0
vt 0 0
vt 0 0
vt 0 0
vt 0 0
vt 0 0
vt 0 0
vt 0 0
vt 0 0
vt 0 0
vt 0 0
vt 0 0
vt 0 0
vt 0 0
vt 0 0
vt 0 0
vt 0 0
vt 0 0
vt 0 0
vt 0 0
vt 0 0
vt 0 0
vt 0 0
vt 0 0
vt 0 0
vt 0 0
vt 0 0
vt 0 0
vt 0 0
vt 0 0
vt 0 0
vt 0 0
vt 0 0
vt 0 0
vt 0 0
vt 0 0
vt 0 0
vt 0 0
vt 0 0
vt 0 0
vt 0 0
vt 0 0
vt 0 0
vt 0 0
vt 0 0
vt 0 0
vt 0 0
vt 0 0
vt 0 0
vt 0 0
vt 0 0
vt 0 0
vt 0 0
vt 0 0
vt 0 0
vt 0 0
vt 0 0
vt 0 0
vt 0 0
vt 0 0
vt 0 0
vt 0 0
vt 0 0
vt 0 0
vt 0 0
vt 0 0
vt 0 0
vt 0 0
vt 0 0
vt 0 0
vt 0 0
vt 0 0
vt 0 0
vt 0 0
vt 0 0
vt 0 0
vt 0 0
vt 0 0
vt 0 0
vt 0 0
vt 0 0
vt 0 0
vt 0 0
vt 0 0
vt 0 0
vt 0 0
vt 0 0
vt 0 0
vt 0 0
vt 0 0
vt 0 0
vt 0 0
vt 0 0
vt 0 0
vt 0 0
vt 0 0
vt 0 0
vt 0 0
vt 0 0
vt 0 0
vt 0 0
vt 0 0
vt 0 0
vt 0 0
vt 0 0
vt 0 0
vt 0 0
vt 0 0
vt 0 0
vt 0 0
vt 0 0
vt 0 0
vt 0 0
vt 0 0
vt 0 0
vt 0 0
vt 0 0
vt 0 0
vt 0 0
vt 0 0
vt 0 0
vt 0 0
vt 0 0
vt 0 0
vt 0 0
vt 0 0
vt 0 0
vt 0 0
vt 0 0
vt 0 0
vt 0 0
vt 0 0
vt 0 0
vt 0 0
vt 0 0
vt 0 0
vt 0 0
vt 0 0
vt 0 0
vt 0 0
vt 0 0
vt 0 0
vt 0 0
vt 0 0
vt 0 0
vt 0 0
vt 0 0
vt 0 0
vt 0 0
vt 0 0
vt 0 0
vt 0 0
vt 0 0
vt 0 0
vt 0 0
vt 0 0
vt 0 0
vt 0 0
vt 0 0
vt 0 0
vt 0 0
vt 0 0
vt 0 0
vt 0 0
vt 0 0
vt 0 0
vt 0 0
vt 0 0
vt 0 0
vt 0 0
vt 0 0
vt 0 0
vt 0 0
vt 0 0
vt 0 0
vt 0 0
vt 0 0
vt 0 0
vt 0 0
vt 0 0
vt 0 0
vt 0 0
vt 0 0
vt 0 0
vt 0 0
vt 0 0
vt 0 0
vt 0 0
vt 0 0
vt 0 0
vt 0 0
vt 0 0
vt 0 0
vt 0 0
vt 0 0
vt 0 0
vt 0 0
vt 0 0
vt 0 0
vt 0 0
vt 0 0
vt 0 0
vt 0 0
vt 0 0
vt 0 0
vt 0 0
vt 0 0
vt 0 0
vt 0 0
vt 0 0
vt 0 0
vt 0 0
vt 0 0
vt 0 0
vt 0 0
vt 0 0
vt 0 0
vt 0 0
vt 0 0
vt 0 0
vt 0 0
vt 0 0
vt 0 0
vt 0 0
vt 0 0
vt 0 0
vt 0 0
vt 0 0
vt 0 0
vt 0 0
vt 0 0
vt 0 0
vt 0 0
vt 0 0
vt 0 0
vt 0 0
vt 0 0
vt 0 0
vt 0 0
vt 0 0
vt 0 0
vt 0 0
vt 0 0
vt 0 0
vt 0 0
vt 0 0
vt 0 0
vt 0 0
vt 0 0
vt 0 0
vt 0 0
vt 0 0
vt 0 0
vt 0 0
vt 0 0
vt 0 0
vt 0 0
vt 0 0
vt 0 0
vt 0 0
vt 0 0
vt 0 0
vt 0 0
vt 0 0
vt 0 0
vt 0 0
vt 0 0
vt 0 0
vt 0 0
vt 0 0
vt 0 0
vt 0 0
vt 0 0
vt 0 0
vt 0 0
vt 0 0
vt 0 0
vt 0 0
vt 0 0
vt 0 0
vt 0 0
vt 0 0
vt 0 0
vt 0 0
vt 0 0
vt 0 0
vt 0 0
vt 0 0
vt 0 0
vt 0 0
vt 0 0
vt 0 0
vt 0 0
vt 0 0
vt 0 0
vt 0 0
vt 0 0
vt 0 0
vt 0 0
vt 0 0
vt 0 0
vt 0 0
vt 0 0
vt 0 0
vt 0 0
vt 0 0
vt 0 0
vt 0 0
vt 0 0
vt 0 0
vt 0 0
vt 0 0
vt 0 0
vt 0 0
vt 0 0
vt 0 0
vt 0 0
vt 0 0
vt 0 0
vt 0 0
vt 0 0
vt 0 0
vt 0 0
vt 0 0
vt 0 0
vt 0 0
vt 0 0
vt 0 0
vt 0 0
vt 0 0
vt 0 0
vt 0 0
vt 0 0
vt 0 0
vt 0 0
vt 0 0
vt 0 0
vt 0 0
vt 0 0
vt 0 0
vt 0 0
vt 0 0
vt 0 0
vt 0 0
vt 0 0
vt 0 0
vt 0 0
vt 0 0
vt 0 0
vt 0 0
vt 0 0
vt 0 0
vt 0 0
vt 0 0
vt 0 0
vt 0 0
vt 0 0
vt 0 0
vt 0 0
vt 0 0
vt 0 0
vt 0 0
vt 0 0
vt 0 0
vt 0 0
vt 0 0
vt 0 0
vt 0 0
vt 0 0
vt 0 0
vt 0 0
vt 0 0
vt 0 0
vt 0 0
vt 0 0
vt 0 0
vt 0 0
vt 0 0
vt 0 0
vt 0 0
vt 0 0
vt 0 0
vt 0 0
vt 0 0
vt 0 0
vt 0 0
vt 0 0
vt 0 0
vt 0 0
vt 0 0
vt 0 0
vt 0 0
vt 0 0
vt 0 0
vt 0 0
vt 0 0
vt 0 0
vt 0 0
vt 0 0
vt 0 0
vt 0 0
vt 0 0
vt 0 0
vt 0 0
vt 0 0
vt 0 0
vt 0 0
vt 0 0
vt 0 0
vt 0 0
vt 0 0
vt 0 0
vt 0 0
vt 0 0
vt 0 0
vt 0 0
vt 0 0
vt 0 0
vt 0 0
vt 0 0
vt 0 0
vt 0 0
vt 0 0
vt 0 0
vt 0 0
vt 0 0
vt 0 0
vt 0 0
vt 0 0
vt 0 0
vt 0 0
vt 0 0
vt 0 0
vt 0 0
vt 0 0
vt 0 0
vt 0 0
vt 0 0
vt 0 0
vt 0 0
vt 0 0
vt 0 0
vt 0 0
vt 0 0
vt 0 0
vt 0 0
vt 0 0
vt 0 0
vt 0 0
vt 0 0
vt 0 0
vt 0 0
vt 0 0
vt 0 0
vt 0 0
vt 0 0
vt 0 0
vt 0 0
vt 0 0
vt 0 0
vt 0 0
vt 0 0
vt 0 0
vt 0 0
vt 0 0
vt 0 0
vt 0 0
vt 0 0
vt 0 0
vt 0 0
vt 0 0
vt 0 0
vt 0 0
vt 0 0
vt 0 0
vt 0 0
vt 0 0
vt 0 0
vt 0 0
vt 0 0
vt 0 0
vt 0 0
vt 0 0
vt 0 0
vt 0 0
vt 0 0
vt 0 0
vt 0 0
vt 0 0
vt 0 0
vt 0 0
vt 0 0
vt 0 0
vt 0 0
vt 0 0
vt 0 0
vt 0 0
vt 0 0
vt 0 0
vt 0 0
vt 0 0
vt 0 0
vt 0 0
vt 0 0
vt 0 0
vt 0 0
vt 0 0
vt 0 0
vt 0 0
vt 0 0
vt 0 0
vt 0 0
vt 0 0
vt 0 0
vt 0 0
vt 0 0
vt 0 0
vt 0 0
vt 0 0
vt 0 0
vt 0 0
vt 0 0
vt 0 0
vt 0 0
vt 0 0
vt 0 0
vt 0 0
vt 0 0
vt 0 0
vt 0 0
vt 0 0
vt 0 0
vt 0 0
vt 0 0
vt 0 0
vt 0 0
vt 0 0
vt 0 0
vt 0 0
vt 0 0
vt 0 0
vt 0 0
vt 0 0
vt 0 0
vt 0 0
vt 0 0
vt 0 0
vt 0 0
vt 0 0
vt 0 0
vt 0 0
vt 0 0
vt 0 0
vt 0 0
vt 0 0
vt 0 0
vt 0 0
vt 0 0
vt 0 0
vt 0 0
vt 0 0
vt 0 0
vt 0 0
vt 0 0
vt 0 0
vt 0 0
vt 0 0
vt 0 0
vt 0 0
vt 0 0
vt 0 0
vt 0 0
vt 0 0
vt 0 0
vt 0 0
vt 0 0
vt 0 0
vt 0 0
vt 0 0
vt 0 0
vt 0 0
vt 0 0
vt 0 0
vt 0 0
vt 0 0
vt 0 0
vt 0 0
vt 0 0
vt 0 0
vt 0 0
vt 0 0
vt 0 0
vt 0 0
vt 0 0
vt 0 0
vt 0 0
vt 0 0
vt 0 0
vt 0 0
vt 0 0
vt 0 0
vt 0 0
vt 0 0
vt 0 0
vt 0 0
vt 0 0
vt 0 0
vt 0 0
vt 0 0
vt 0 0
vt 0 0
vt 0 0
vt 0 0
vt 0 0
vt 0 0
vt 0 0
vt 0 0
vt 0 0
vt 0 0
vt 0 0
vt 0 0
vt 0 0
vt 0 0
vt 0 0
vt 0 0
vt 0 0
vt 0 0
vt 0 0
vt 0 0
vt 0 0
vt 0 0
vt 0 0
vt 0 0
vt 0 0
vt 0 0
vt 0 0
vt 0 0
vt 0 0
vt 0 0
vt 0 0
vt 0 0
vt 0 0
vt 0 0
vt 0 0
vt 0 0
vt 0 0
vt 0 0
vt 0 0
vt 0 0
vt 0 0
vt 0 0
vt 0 0
vt 0 0
vt 0 0
vt 0 0
vt 0 0
vt 0 0
vt 0 0
vt 0 0
vt 0 0
vt 0 0
vt 0 0
vt 0 0
vt 0 0
vt 0 0
vt 0 0
vt 0 0
vt 0 0
vt 0 0
vt 0 0
vt 0 0
vt 0 0
vt 0 0
vt 0 0
vt 0 0
vt 0 0
vt 0 0
vt 0 0
vt 0 0
vt 0 0
vt 0 0
vt 0 0
vt 0 0
vt 0 0
vt 0 0
vt 0 0
vt 0 0
vt 0 0
vt 0 0
vt 0 0
vt 0 0
vt 0 0
vt 0 0
vt 0 0
vt 0 0
vt 0 0
vt 0 0
vt 0 0
vt 0 0
vt 0 0
vt 0 0
vt 0 0
vt 0 0
vt 0 0
vt 0 0
vt 0 0
vt 0 0
vt 0 0
vt 0 0
vt 0 0
vt 0 0
vt 0 0
vt 0 0
vt 0 0
vt 0 0
vt 0 0
vt 0 0
vt 0 0
vt 0 0
vt 0 0
vt 0 0
vt 0 0
vt 0 0
vt 0 0
vt 0 0
vt 0 0
vt 0 0
vt 0 0
vt 0 0
vt 0 0
vt 0 0
vt 0 0
vt 0 0
vt 0 0
vt 0 0
vt 0 0
vt 0 0
vt 0 0
vt 0 0
vt 0 0
vt 0 0
vt 0 0
vt 0 0
vt 0 0
vt 0 0
vt 0 0
vt 0 0
vt 0 0
vt 0 0
vt 0 0
vt 0 0
vt 0 0
vt 0 0
vt 0 0
vt 0 0
vt 0 0
vt 0 0
vt 0 0
vt 0 0
vt 0 0
vt 0 0
vt 0 0
vt 0 0
vt 0 0
vt 0 0
vt 0 0
vt 0 0
vt 0 0
vt 0 0
vt 0 0
vt 0 0
vt 0 0
vt 0 0
vt 0 0
vt 0 0
vt 0 0
vt 0 0
vt 0 0
vt 0 0
vt 0 0
vt 0 0
vt 0 0
vt 0 0
vt 0 0
vt 0 0
vt 0 0
vt 0 0
vt 0 0
vt 0 0
vt 0 0
vt 0 0
vt 0 0
vt 0 0
vt 0 0
vt 0 0
vt 0 0
vt 0 0
vt 0 0
vt 0 0
vt 0 0
vt 0 0
vt 0 0
vt 0 0
vt 0 0
vt 0 0
vt 0 0
vt 0 0
vt 0 0
vt 0 0
vt 0 0
vt 0 0
vt 0 0
vt 0 0
vt 0 0
vt 0 0
vt 0 0
vt 0 0
vt 0 0
vt 0 0
vt 0 0
vt 0 0
vt 0 0
vt 0 0
vt 0 0
vt 0 0
vt 0 0
vt 0 0
vt 0 0
vt 0 0
vt 0 0
vt 0 0
vt 0 0
vt 0 0
vt 0 0
vt 0 0
vt 0 0
vt 0 0
vt 0 0
vt 0 0
vt 0 0
vt 0 0
vt 0 0
vt 0 0
vt 0 0
vt 0 0
vt 0 0
vt 0 0
vt 0 0
vt 0 0
vt 0 0
vt 0 0
vt 0 0
vt 0 0
vt 0 0
vt 0 0
vt 0 0
vt 0 0
vt 0 0
vt 0 0
vt 0 0
vt 0 0
vt 0 0
vt 0 0
vt 0 0
vt 0 0
vt 0 0
vt 0 0
vt 0 0
vt 0 0
vt 0 0
vt 0 0
vt 0 0
vt 0 0
vt 0 0
vt 0 0
vt 0 0
vt 0 0
vt 0 0
vt 0 0
vt 0 0
vt 0 0
vt 0 0
vt 0 0
vt 0 0
vt 0 0
vt 0 0
vt 0 0
vt 0 0
vt 0 0
vt 0 0
vt 0 0
vt 0 0
vt 0 0
vt 0 0
vt 0 0
vt 0 0
vt 0 0
vt 0 0
vt 0 0
vt 0 0
vt 0 0
vt 0 0
vt 0 0
vt 0 0
vt 0 0
vt 0 0
vt 0 0
vt 0 0
vt 0 0
vt 0 0
vt 0 0
vt 0 0
vt 0 0
vt 0 0
vt 0 0
vt 0 0
vt 0 0
vt 0 0
vt 0 0
vt 0 0
vt 0 0
vt 0 0
vt 0 0
vt 0 0
vt 0 0
vt 0 0
vt 0 0
vt 0 0
vt 0 0
vt 0 0
vt 0 0
vt 0 0
vt 0 0
vt 0 0
vt 0 0
vt 0 0
vt 0 0
vt 0 0
vt 0 0
vt 0 0
vt 0 0
vt 0 0
vt 0 0
vt 0 0
vt 0 0
vt 0 0
vt 0 0
vt 0 0
vt 0 0
vt 0 0
vt 0 0
vt 0 0
vt 0 0
vt 0 0
vt 0 0
vt 0 0
vt 0 0
vt 0 0
vt 0 0
vt 0 0
vt 0 0
vt 0 0
vt 0 0
vt 0 0
vt 0 0
vt 0 0
vt 0 0
vt 0 0
vt 0 0
vt 0 0
vt 0 0
vt 0 0
vt 0 0
vt 0 0
vt 0 0
vt 0 0
vt 0 0
vt 0 0
vt 0 0
vt 0 0
vt 0 0
vt 0 0
vt 0 0
vt 0 0
vt 0 0
vt 0 0
vt 0 0
vt 0 0
vt 0 0
vt 0 0
vt 0 0
vt 0 0
vt 0 0
vt 0 0
vt 0 0
vt 0 0
vt 0 0
vt 0 0
vt 0 0
vt 0 0
vt 0 0
vt 0 0
vt 0 0
vt 0 0
vt 0 0
vt 0 0
vt 0 0
vt 0 0
vt 0 0
vt 0 0
vt 0 0
vt 0 0
vt 0 0
vt 0 0
vt 0 0
vt 0 0
vt 0 0
vt 0 0
vt 0 0
vt 0 0
vt 0 0
vt 0 0
vt 0 0
vt 0 0
vt 0 0
vt 0 0
vt 0 0
vt 0 0
vt 0 0
vt 0 0
vt 0 0
vt 0 0
vt 0 0
vt 0 0
vt 0 0
vt 0 0
vt 0 0
vt 0 0
vt 0 0
vt 0 0
vt 0 0
vt 0 0
vt 0 0
vt 0 0
vt 0 0
vt 0 0
vt 0 0
vt 0 0
vt 0 0
vt 0 0
vt 0 0
vt 0 0
vt 0 0
vt 0 0
vt 0 0
vt 0 0
vt 0 0
vt 0 0
vt 0 0
vt 0 0
vt 0 0
vt 0 0
vt 0 0
vt 0 0
vt 0 0
vt 0 0
vt 0 0
vt 0 0
vt 0 0
vt 0 0
vt 0 0
vt 0 0
vt 0 0
vt 0 0
vt 0 0
vt 0 0
vt 0 0
vt 0 0
vt 0 0
vt 0 0
vt 0 0
vt 0 0
vt 0 0
vt 0 0
vt 0 0
vt 0 0
vt 0 0
vt 0 0
vt 0 0
vt 0 0
vt 0 0
vt 0 0
vt 0 0
vt 0 0
vt 0 0
vt 0 0
vt 0 0
vt 0 0
vt 0 0
vt 0 0
vt 0 0
vt 0 0
vt 0 0
vt 0 0
vt 0 0
vt 0 0
vt 0 0
vt 0 0
vt 0 0
vt 0 0
vt 0 0
vt 0 0
vt 0 0
vt 0 0
vt 0 0
vt 0 0
vt 0 0
vt 0 0
vt 0 0
vt 0 0
vt 0 0
vt 0 0
vt 0 0
vt 0 0
vt 0 0
vt 0 0
vt 0 0
vt 0 0
vt 0 0
vt 0 0
vt 0 0
vt 0 0
vt 0 0
vt 0 0
vt 0 0
vt 0 0
vt 0 0
vt 0 0
vt 0 0
vt 0 0
vt 0 0
vt 0 0
vt 0 0
vt 0 0
vt 0 0
vt 0 0
vt 0 0
vt 0 0
vt 0 0
vt 0 0
vt 0 0
vt 0 0
vt 0 0
vt 0 0
vt 0 0
vt 0 0
vt 0 0
vt 0 0
vt 0 0
vt 0 0
vt 0 0
vt 0 0
vt 0 0
vt 0 0
vt 0 0
vt 0 0
vt 0 0
vt 0 0
vt 0 0
vt 0 0
vt 0 0
vt 0 0
vt 0 0
vt 0 0
vt 0 0
vt 0 0
vt 0 0
vt 0 0
vt 0 0
vt 0 0
vt 0 0
vt 0 0
vt 0 0
vt 0 0
vt 0 0
vt 0 0
vt 0 0
vt 0 0
vt 0 0
vt 0 0
vt 0 0
vt 0 0
vt 0 0
vt 0 0
vt 0 0
vt 0 0
vt 0 0
vt 0 0
vt 0 0
vt 0 0
vt 0 0
vt 0 0
vt 0 0
vt 0 0
vt 0 0
vt 0 0
vt 0 0
vt 0 0
vt 0 0
vt 0 0
vt 0 0
vt 0 0
vt 0 0
vt 0 0
vt 0 0
vt 0 0
vt 0 0
vt 0 0
vt 0 0
vt 0 0
vt 0 0
vt 0 0
vt 0 0
vt 0 0
vt 0 0
vt 0 0
vt 0 0
vt 0 0
vt 0 0
vt 0 0
vt 0 0
vt 0 0
vt 0 0
vt 0 0
vt 0 0
vt 0 0
vt 0 0
vt 0 0
vt 0 0
vt 0 0
vt 0 0
vt 0 0
vt 0 0
vt 0 0
vt 0 0
vt 0 0
vt 0 0
vt 0 0
vt 0 0
vt 0 0
vt 0 0
vt 0 0
vt 0 0
vt 0 0
vt 0 0
vt 0 0
vt 0 0
vt 0 0
vt 0 0
vt 0 0
vt 0 0
vt 0 0
vt 0 0
vt 0 0
vt 0 0
vt 0 0
vt 0 0
vt 0 0
vt 0 0
vt 0 0
vt 0 0
vt 0 0
vt 0 0
vt 0 0
vt 0 0
vt 0 0
vt 0 0
vt 0 0
vt 0 0
vt 0 0
vt 0 0
vt 0 0
vt 0 0
vt 0 0
vt 0 0
vt 0 0
vt 0 0
vt 0 0
vt 0 0
vt 0 0
vt 0 0
vt 0 0
vt 0 0
vt 0 0
vt 0 0
vt 0 0
vt 0 0
vt 0 0
vt 0 0
vt 0 0
vt 0 0
vt 0 0
vt 0 0
vt 0 0
vt 0 0
vt 0 0
vt 0 0
vt 0 0
vt 0 0
vt 0 0
vt 0 0
vt 0 0
vt 0 0
vt 0 0
vt 0 0
vt 0 0
vt 0 0
vt 0 0
vt 0 0
vt 0 0
vt 0 0
vt 0 0
vt 0 0
vt 0 0
vt 0 0
vt 0 0
vt 0 0
vt 0 0
vt 0 0
vt 0 0
vt 0 0
vt 0 0
vt 0 0
vt 0 0
vt 0 0
vt 0 0
vt 0 0
vt 0 0
vt 0 0
vt 0 0
vt 0 0
vt 0 0
vt 0 0
vt 0 0
vt 0 0
vt 0 0
vt 0 0
vt 0 0
vt 0 0
vt 0 0
vt 0 0
vt 0 0
vt 0 0
vt 0 0
vt 0 0
vt 0 0
vt 0 0
vt 0 0
vt 0 0
vt 0 0
vt 0 0
vt 0 0
vt 0 0
vt 0 0
vt 0 0
vt 0 0
vt 0 0
vt 0 0
vt 0 0
vt 0 0
vt 0 0
vt 0 0
vt 0 0
vt 0 0
vt 0 0
vt 0 0
vt 0 0
vt 0 0
vt 0 0
vt 0 0
vt 0 0
vt 0 0
vt 0 0
vt 0 0
vt 0 0
vt 0 0
vt 0 0
vt 0 0
vt 0 0
vt 0 0
vt 0 0
vt 0 0
vt 0 0
vt 0 0
vt 0 0
vt 0 0
vt 0 0
vt 0 0
vt 0 0
vt 0 0
vt 0 0
vt 0 0
vt 0 0
vt 0 0
vt 0 0
vt 0 0
vt 0 0
vt 0 0
vt 0 0
vt 0 0
vt 0 0
vt 0 0
vt 0 0
vt 0 0
vt 0 0
vt 0 0
vt 0 0
vt 0 0
vt 0 0
vt 0 0
vt 0 0
vt 0 0
vt 0 0
vt 0 0
vt 0 0
vt 0 0
vt 0 0
vt 0 0
vt 0 0
vt 0 0
vt 0 0
vt 0 0
vt 0 0
vt 0 0
vt 0 0
vt 0 0
vt 0 0
vt 0 0
vt 0 0
vt 0 0
vt 0 0
vt 0 0
vt 0 0
vt 0 0
vt 0 0
vt 0 0
vt 0 0
vt 0 0
vt 0 0
vt 0 0
vt 0 0
vt 0 0
vt 0 0
vt 0 0
vt 0 0
vt 0 0
vt 0 0
vt 0 0
vt 0 0
vt 0 0
vt 0 0
vt 0 0
vt 0 0
vt 0 0
vt 0 0
vt 0 0
vt 0 0
vt 0 0
vt 0 0
vt 0 0
vt 0 0
vt 0 0
vt 0 0
vt 0 0
vt 0 0
vt 0 0
vt 0 0
vt 0 0
vt 0 0
vt 0 0
vt 0 0
vt 0 0
vt 0 0
vt 0 0
vt 0 0
vt 0 0
vt 0 0
vt 0 0
vt 0 0
vt 0 0
vt 0 0
vt 0 0
vt 0 0
vt 0 0
vt 0 0
vt 0 0
vt 0 0
vt 0 0
vt 0 0
vt 0 0
vt 0 0
vt 0 0
vt 0 0
vt 0 0
vt 0 0
vt 0 0
vt 0 0
vt 0 0
vt 0 0
vt 0 0
vt 0 0
vt 0 0
vt 0 0
vt 0 0
vt 0 0
vt 0 0
vt 0 0
vt 0 0
vt 0 0
vt 0 0
vt 0 0
vt 0 0
vt 0 0
vt 0 0
vt 0 0
vt 0 0
vt 0 0
vt 0 0
vt 0 0
vt 0 0
vt 0 0
vt 0 0
vt 0 0
vt 0 0
vt 0 0
vt 0 0
vt 0 0
vt 0 0
vt 0 0
vt 0 0
vt 0 0
vt 0 0
vt 0 0
vt 0 0
vt 0 0
vt 0 0
vt 0 0
vt 0 0
vt 0 0
vt 0 0
vt 0 0
vt 0 0
vt 0 0
vt 0 0
vt 0 0
vt 0 0
vt 0 0
vt 0 0
vt 0 0
vt 0 0
vt 0 0
vt 0 0
vt 0 0
vt 0 0
vt 0 0
vt 0 0
vt 0 0
vt 0 0
vt 0 0
vt 0 0
vt 0 0
vt 0 0
vt 0 0
vt 0 0
vt 0 0
vt 0 0
vt 0 0
vt 0 0
vt 0 0
vt 0 0
vt 0 0
vt 0 0
vt 0 0
vt 0 0
vt 0 0
vt 0 0
vt 0 0
vt 0 0
vt 0 0
vt 0 0
vt 0 0
vt 0 0
vt 0 0
vt 0 0
vt 0 0
vt 0 0
vt 0 0
vt 0 0
vt 0 0
vt 0 0
vt 0 0
vt 0 0
vt 0 0
vt 0 0
vt 0 0
vt 0 0
vt 0 0
vt 0 0
vt 0 0
vt 0 0
vt 0 0
vt 0 0
vt 0 0
vt 0 0
vt 0 0
vt 0 0
vt 0 0
vt 0 0
vt 0 0
vt 0 0
vt 0 0
vt 0 0
vt 0 0
vt 0 0
vt 0 0
vt 0 0
vt 0 0
vt 0 0
vt 0 0
vt 0 0
vt 0 0
vt 0 0
vt 0 0
vt 0 0
vt 0 0
vt 0 0
vt 0 0
vt 0 0
vt 0 0
vt 0 0
vt 0 0
vt 0 0
vt 0 0
vt 0 0
vt 0 0
vt 0 0
vt 0 0
vt 0 0
vt 0 0
vt 0 0
vt 0 0
vt 0 0
vt 0 0
vt 0 0
vt 0 0
vt 0 0
vt 0 0
vt 0 0
vt 0 0
vt 0 0
vt 0 0
vt 0 0
vt 0 0
vt 0 0
vt 0 0
vt 0 0
vt 0 0
vt 0 0
vt 0 0
vt 0 0
vt 0 0
vt 0 0
vt 0 0
vt 0 0
vt 0 0
vt 0 0
vt 0 0
vt 0 0
vt 0 0
vt 0 0
vt 0 0
vt 0 0
vt 0 0
vt 0 0
vt 0 0
vt 0 0
vt 0 0
vt 0 0
vt 0 0
vt 0 0
vt 0 0
vt 0 0
vt 0 0
vt 0 0
vt 0 0
vt 0 0
vt 0 0
vt 0 0
vt 0 0
vt 0 0
vt 0 0
vt 0 0
vt 0 0
vt 0 0
vt 0 0
vt 0 0
vt 0 0
vt 0 0
vt 0 0
vt 0 0
vt 0 0
vt 0 0
vt 0 0
vt 0 0
vt 0 0
vt 0 0
vt 0 0
vt 0 0
vt 0 0
vt 0 0
vt 0 0
vt 0 0
vt 0 0
vt 0 0
vt 0 0
vt 0 0
vt 0 0
vt 0 0
vt 0 0
vt 0 0
vt 0 0
vt 0 0
vt 0 0
vt 0 0
vt 0 0
vt 0 0
vt 0 0
vt 0 0
vt 0 0
vt 0 0
vt 0 0
vt 0 0
vt 0 0
vt 0 0
vt 0 0
vt 0 0
vt 0 0
vt 0 0
vt 0 0
vt 0 0
vt 0 0
vt 0 0
vt 0 0
vt 0 0
vt 0 0
vt 0 0
vt 0 0
vt 0 0
vt 0 0
vt 0 0
vt 0 0
vt 0 0
vt 0 0
vt 0 0
vt 0 0
vt 0 0
vt 0 0
vt 0 0
vt 0 0
vt 0 0
vt 0 0
vt 0 0
vt 0 0
vt 0 0
vt 0 0
vt 0 0
vt 0 0
vt 0 0
vt 0 0
vt 0 0
vt 0 0
vt 0 0
vt 0 0
vt 0 0
vt 0 0
vt 0 0
vt 0 0
vt 0 0
vt 0 0
vt 0 0
vt 0 0
vt 0 0
vt 0 0
vt 0 0
vt 0 0
vt 0 0
vt 0 0
vt 0 0
vt 0 0
vt 0 0
vt 0 0
vt 0 0
vt 0 0
vt 0 0
vt 0 0
vt 0 0
vt 0 0
vt 0 0
vt 0 0
vt 0 0
vt 0 0
vt 0 0
vt 0 0
vt 0 0
vt 0 0
vt 0 0
vt 0 0
vt 0 0
vt 0 0
vt 0 0
vt 0 0
vt 0 0
vt 0 0
vt 0 0
vt 0 0
vt 0 0
vt 0 0
vt 0 0
vt 0 0
vt 0 0
vt 0 0
vt 0 0
vt 0 0
vt 0 0
vt 0 0
vt 0 0
vt 0 0
vt 0 0
vt 0 0
vt 0 0
vt 0 0
vt 0 0
vt 0 0
vt 0 0
vt 0 0
vt 0 0
vt 0 0
vt 0 0
vt 0 0
vt 0 0
vt 0 0
vt 0 0
vt 0 0
vt 0 0
vt 0 0
vt 0 0
vt 0 0
vt 0 0
vt 0 0
vt 0 0
vt 0 0
vt 0 0
vt 0 0
vt 0 0
vt 0 0
vt 0 0
vt 0 0
vt 0 0
vt 0 0
vt 0 0
vt 0 0
vt 0 0
vt 0 0
vt 0 0
vt 0 0
vt 0 0
vt 0 0
vt 0 0
vt 0 0
vt 0 0
vt 0 0
vt 0 0
vt 0 0
vt 0 0
vt 0 0
vt 0 0
vt 0 0
vt 0 0
vt 0 0
vt 0 0
vt 0 0
vt 0 0
vt 0 0
vt 0 0
vt 0 0
vt 0 0
vt 0 0
vt 0 0
vt 0 0
vt 0 0
vt 0 0
vt 0 0
vt 0 0
vt 0 0
vt 0 0
vt 0 0
vt 0 0
vt 0 0
vt 0 0
vt 0 0
vt 0 0
vt 0 0
vt 0 0
vt 0 0
vt 0 0
vt 0 0
vt 0 0
vt 0 0
vt 0 0
vt 0 0
vt 0 0
vt 0 0
vt 0 0
vt 0 0
vt 0 0
vt 0 0
vt 0 0
vt 0 0
vt 0 0
vt 0 0
vt 0 0
vt 0 0
vt 0 0
vt 0 0
vt 0 0
vt 0 0
vt 0 0
vt 0 0
vt 0 0
vt 0 0
vt 0 0
vt 0 0
vt 0 0
vt 0 0
vt 0 0
vt 0 0
vt 0 0
vt 0 0
vt 0 0
vt 0 0
vt 0 0
vt 0 0
vt 0 0
vt 0 0
vt 0 0
vt 0 0
vt 0 0
vt 0 0
vt 0 0
vt 0 0
vt 0 0
vt 0 0
vt 0 0
vt 0 0
vt 0 0
vt 0 0
vt 0 0
vt 0 0
vt 0 0
vt 0 0
vt 0 0
vt 0 0
vt 0 0
vt 0 0
vt 0 0
vt 0 0
vt 0 0
vt 0 0
vt 0 0
vt 0 0
vt 0 0
vt 0 0
vt 0 0
vt 0 0
vt 0 0
vt 0 0
vt 0 0
vt 0 0
vt 0 0
vt 0 0
vt 0 0
vt 0 0
vt 0 0
vt 0 0
vt 0 0
vt 0 0
vt 0 0
vt 0 0
vt 0 0
vt 0 0
vt 0 0
vt 0 0
vt 0 0
vt 0 0
vt 0 0
vt 0 0
vt 0 0
vt 0 0
vt 0 0
vt 0 0
vt 0 0
vt 0 0
vt 0 0
vt 0 0
vt 0 0
vt 0 0
vt 0 0
vt 0 0
vt 0 0
vt 0 0
vt 0 0
vt 0 0
vt 0 0
vt 0 0
vt 0 0
vt 0 0
vt 0 0
vt 0 0
vt 0 0
vt 0 0
vt 0 0
vt 0 0
vt 0 0
vt 0 0
vt 0 0
vt 0 0
vt 0 0
vt 0 0
vt 0 0
vt 0 0
vt 0 0
vt 0 0
vt 0 0
vt 0 0
vt 0 0
vt 0 0
vt 0 0
vt 0 0
vt 0 0
vt 0 0
vt 0 0
vt 0 0
vt 0 0
vt 0 0
vt 0 0
vt 0 0
vt 0 0
vt 0 0
vt 0 0
vt 0 0
vt 0 0
vt 0 0
vt 0 0
vt 0 0
vt 0 0
vt 0 0
vt 0 0
vt 0 0
vt 0 0
vt 0 0
vt 0 0
vt 0 0
vt 0 0
vt 0 0
vt 0 0
vt 0 0
vt 0 0
vt 0 0
vt 0 0
vt 0 0
vt 0 0
vt 0 0
vt 0 0
vt 0 0
vt 0 0
vt 0 0
vt 0 0
vt 0 0
vt 0 0
vt 0 0
vt 0 0
vt 0 0
vt 0 0
vt 0 0
vt 0 0
vt 0 0
vt 0 0
vt 0 0
vt 0 0
vt 0 0
vt 0 0
vt 0 0
vt 0 0
vt 0 0
vt 0 0
vt 0 0
vt 0 0
vt 0 0
vt 0 0
vt 0 0
vt 0 0
vt 0 0
vt 0 0
vt 0 0
vt 0 0
vt 0 0
vt 0 0
vt 0 0
vt 0 0
vt 0 0
vt 0 0
vt 0 0
vt 0 0
vt 0 0
vt 0 0
vt 0 0
vt 0 0
vt 0 0
vt 0 0
vt 0 0
vt 0 0
vt 0 0
vt 0 0
vt 0 0
vt 0 0
vt 0 0
vt 0 0
vt 0 0
vt 0 0
vt 0 0
vt 0 0
vt 0 0
vt 0 0
vt 0 0
vt 0 0
vt 0 0
vt 0 0
vt 0 0
vt 0 0
vt 0 0
vt 0 0
vt 0 0
vt 0 0
vt 0 0
vt 0 0
vt 0 0
vt 0 0
vt 0 0
vt 0 0
vt 0 0
vt 0 0
vt 0 0
vt 0 0
vt 0 0
vt 0 0
vt 0 0
vt 0 0
vt 0 0
vt 0 0
vt 0 0
vt 0 0
vt 0 0
vt 0 0
vt 0 0
vt 0 0
vt 0 0
vt 0 0
vt 0 0
vt 0 0
vt 0 0
vt 0 0
vt 0 0
vt 0 0
vt 0 0
vt 0 0
vt 0 0
vt 0 0
vt 0 0
vt 0 0
vt 0 0
vt 0 0
vt 0 0
vt 0 0
vt 0 0
vt 0 0
vt 0 0
vt 0 0
vt 0 0
vt 0 0
vt 0 0
vt 0 0
vt 0 0
vt 0 0
vt 0 0
vt 0 0
vt 0 0
vt 0 0
vt 0 0
vt 0 0
vt 0 0
vt 0 0
vt 0 0
vt 0 0
vt 0 0
vt 0 0
vt 0 0
vt 0 0
vt 0 0
vt 0 0
vt 0 0
vt 0 0
vt 0 0
vt 0 0
vt 0 0
vt 0 0
vt 0 0
vt 0 0
vt 0 0
vt 0 0
vt 0 0
vt 0 0
vt 0 0
vt 0 0
vt 0 0
vt 0 0
vt 0 0
vt 0 0
vt 0 0
vt 0 0
vt 0 0
vt 0 0
vt 0 0
vt 0 0
vt 0 0
vt 0 0
vt 0 0
vt 0 0
vt 0 0
vt 0 0
vt 0 0
vt 0 0
vt 0 0
vt 0 0
vt 0 0
vt 0 0
vt 0 0
vt 0 0
vt 0 0
vt 0 0
vt 0 0
vt 0 0
vt 0 0
vt 0 0
vt 0 0
vt 0 0
vt 0 0
vt 0 0
vt 0 0
vt 0 0
vt 0 0
vt 0 0
vt 0 0
vt 0 0
vt 0 0
vt 0 0
vt 0 0
vt 0 0
vt 0 0
vt 0 0
vt 0 0
vt 0 0
vt 0 0
vt 0 0
vt 0 0
vt 0 0
vt 0 0
vt 0 0
vt 0 0
vt 0 0
vt 0 0
vt 0 0
vt 0 0
vt 0 0
vt 0 0
vt 0 0
vt 0 0
vt 0 0
vt 0 0
vt 0 0
vt 0 0
vt 0 0
vt 0 0
vt 0 0
vt 0 0
vt 0 0
vt 0 0
vt 0 0
vt 0 0
vt 0 0
vt 0 0
vt 0 0
vt 0 0
vt 0 0
vt 0 0
vt 0 0
vt 0 0
vt 0 0
vt 0 0
vt 0 0
vt 0 0
vt 0 0
vt 0 0
vt 0 0
vt 0 0
vt 0 0
vt 0 0
vt 0 0
vt 0 0
vt 0 0
vt 0 0
vt 0 0
vt 0 0
vt 0 0
vt 0 0
vt 0 0
vt 0 0
vt 0 0
vt 0 0
vt 0 0
vt 0 0
vt 0 0
vt 0 0
vt 0 0
vt 0 0
vt 0 0
vt 0 0
vt 0 0
vt 0 0
vt 0 0
vt 0 0
vt 0 0
vt 0 0
vt 0 0
vt 0 0
vt 0 0
vt 0 0
vt 0 0
vt 0 0
vt 0 0
vt 0 0
vt 0 0
vt 0 0
vt 0 0
vt 0 0
vt 0 0
vt 0 0
vt 0 0
vt 0 0
vt 0 0
vt 0 0
vt 0 0
vt 0 0
vt 0 0
vt 0 0
vt 0 0
vt 0 0
vt 0 0
vt 0 0
vt 0 0
vt 0 0
vt 0 0
vt 0 0
vt 0 0
vt 0 0
vt 0 0
vt 0 0
vt 0 0
vt 0 0
vt 0 0
vt 0 0
vt 0 0
vt 0 0
vt 0 0
vt 0 0
vt 0 0
vt 0 0
vt 0 0
vt 0 0
vt 0 0
vt 0 0
vt 0 0
vt 0 0
vt 0 0
vt 0 0
vt 0 0
vt 0 0
vt 0 0
vt 0 0
vt 0 0
vt 0 0
vt 0 0
vt 0 0
vt 0 0
vt 0 0
vt 0 0
vt 0 0
vt 0 0
vt 0 0
vt 0 0
vt 0 0
vt 0 0
vt 0 0
vt 0 0
vt 0 0
vt 0 0
vt 0 0
vt 0 0
vt 0 0
vt 0 0
vt 0 0
vt 0 0
vt 0 0
vt 0 0
vt 0 0
vt 0 0
vt 0 0
vt 0 0
vt 0 0
vt 0 0
vt 0 0
vt 0 0
vt 0 0
vt 0 0
vt 0 0
vt 0 0
vt 0 0
vt 0 0
vt 0 0
vt 0 0
vt 0 0
vt 0 0
vt 0 0
vt 0 0
vt 0 0
vt 0 0
vt 0 0
vt 0 0
vt 0 0
vt 0 0
vt 0 0
vt 0 0
vt 0 0
vt 0 0
vt 0 0
vt 0 0
vt 0 0
vt 0 0
vt 0 0
vt 0 0
vt 0 0
vt 0 0
vt 0 0
vt 0 0
vt 0 0
vt 0 0
vt 0 0
vt 0 0
vt 0 0
vt 0 0
vt 0 0
vt 0 0
vt 0 0
vt 0 0
vt 0 0
vt 0 0
vt 0 0
vt 0 0
vt 0 0
vt 0 0
vt 0 0
vt 0 0
vt 0 0
vt 0 0
vt 0 0
vt 0 0
vt 0 0
vt 0 0
vt 0 0
vt 0 0
vt 0 0
vt 0 0
vt 0 0
vt 0 0
vt 0 0
vt 0 0
vt 0 0
vt 0 0
vt 0 0
vt 0 0
vt 0 0
vt 0 0
vt 0 0
vt 0 0
vt 0 0
vt 0 0
vt 0 0
vt 0 0
vt 0 0
vt 0 0
vt 0 0
vt 0 0
vt 0 0
vt 0 0
vt 0 0
vt 0 0
vt 0 0
vt 0 0
vt 0 0
vt 0 0
vt 0 0
vt 0 0
vt 0 0
vt 0 0
vt 0 0
vt 0 0
vt 0 0
vt 0 0
vt 0 0
vt 0 0
vt 0 0
vt 0 0
vt 0 0
vt 0 0
vt 0 0
vt 0 0
vt 0 0
vt 0 0
vt 0 0
vt 0 0
vt 0 0
vt 0 0
vt 0 0
vt 0 0
vt 0 0
vt 0 0
vt 0 0
vt 0 0
vt 0 0
vt 0 0
vt 0 0
vt 0 0
vt 0 0
vt 0 0
vt 0 0
vt 0 0
vt 0 0
vt 0 0
vt 0 0
vt 0 0
vt 0 0
vt 0 0
vt 0 0
vt 0 0
vt 0 0
vt 0 0
vt 0 0
vt 0 0
vt 0 0
vt 0 0
vt 0 0
vt 0 0
vt 0 0
vt 0 0
vt 0 0
vt 0 0
vt 0 0
vt 0 0
vt 0 0
vt 0 0
vt 0 0
vt 0 0
vt 0 0
vt 0 0
vt 0 0
vt 0 0
vt 0 0
vt 0 0
vt 0 0
vt 0 0
vt 0 0
vt 0 0
vt 0 0
vt 0 0
vt 0 0
vt 0 0
vt 0 0
vt 0 0
vt 0 0
vt 0 0
vt 0 0
vt 0 0
vt 0 0
vt 0 0
vt 0 0
vt 0 0
vt 0 0
vt 0 0
vt 0 0
vt 0 0
vt 0 0
vt 0 0
vt 0 0
vt 0 0
vt 0 0
vt 0 0
vt 0 0
vt 0 0
vt 0 0
vt 0 0
vt 0 0
vt 0 0
vt 0 0
vt 0 0
vt 0 0
vt 0 0
vt 0 0
vt 0 0
vt 0 0
vt 0 0
vt 0 0
vt 0 0
vt 0 0
vt 0 0
vt 0 0
vt 0 0
vt 0 0
vt 0 0
vt 0 0
vt 0 0
vt 0 0
vt 0 0
vt 0 0
vt 0 0
vt 0 0
vt 0 0
vt 0 0
vt 0 0
vt 0 0
vt 0 0
vt 0 0
vt 0 0
vt 0 0
vt 0 0
vt 0 0
vt 0 0
vt 0 0
vt 0 0
vt 0 0
vt 0 0
vt 0 0
vt 0 0
vt 0 0
vt 0 0
vt 0 0
vt 0 0
vt 0 0
vt 0 0
vt 0 0
vt 0 0
vt 0 0
vt 0 0
vt 0 0
vt 0 0
vt 0 0
vt 0 0
vt 0 0
vt 0 0
vt 0 0
vt 0 0
vt 0 0
vt 0 0
vt 0 0
vt 0 0
vt 0 0
vt 0 0
vt 0 0
vt 0 0
vt 0 0
vt 0 0
vt 0 0
vt 0 0
vt 0 0
vt 0 0
vt 0 0
vt 0 0
vt 0 0
vt 0 0
vt 0 0
vt 0 0
vt 0 0
vt 0 0
vt 0 0
vt 0 0
vt 0 0
vt 0 0
vt 0 0
vt 0 0
vt 0 0
vt 0 0
vt 0 0
vt 0 0
vt 0 0
vt 0 0
vt 0 0
vt 0 0
vt 0 0
vt 0 0
vt 0 0
vt 0 0
vt 0 0
vt 0 0
vt 0 0
vt 0 0
vt 0 0
vt 0 0
vt 0 0
vt 0 0
vt 0 0
vt 0 0
vt 0 0
vt 0 0
vt 0 0
vt 0 0
vt 0 0
vt 0 0
vt 0 0
vt 0 0
vt 0 0
vt 0 0
vt 0 0
vt 0 0
vt 0 0
vt 0 0
vt 0 0
vt 0 0
vt 0 0
vt 0 0
vt 0 0
vt 0 0
vt 0 0
vt 0 0
vt 0 0
vt 0 0
vt 0 0
vt 0 0
vt 0 0
vt 0 0
vt 0 0
vt 0 0
vt 0 0
vt 0 0
vt 0 0
vt 0 0
vt 0 0
vt 0 0
vt 0 0
vt 0 0
vt 0 0
vt 0 0
vt 0 0
vt 0 0
vt 0 0
vt 0 0
vt 0 0
vt 0 0
vt 0 0
vt 0 0
vt 0 0
vt 0 0
vt 0 0
vt 0 0
vt 0 0
vt 0 0
vt 0 0
vt 0 0
vt 0 0
vt 0 0
vt 0 0
vt 0 0
vt 0 0
vt 0 0
vt 0 0
vt 0 0
vt 0 0
vt 0 0
vt 0 0
vt 0 0
vt 0 0
vt 0 0
vt 0 0
vt 0 0
vt 0 0
vt 0 0
vt 0 0
vt 0 0
vt 0 0
vt 0 0
vt 0 0
vt 0 0
vt 0 0
vt 0 0
vt 0 0
vt 0 0
vt 0 0
vn -0.357489331 0.715447214 0.600280486
vn -0.471022427 0.681486325 0.56010201
vn -0.308989526 0.671498003 0.673510137
vn -0.539664486 0.715017529 0.44442342
vn -0.631610459 0.656905956 0.411755745
vn -0.471022427 0.681486325 0.56010201
vn 0.71096005 0.648283559 0.272514649
vn 0.634381611 0.652496297 0.414497954
vn 0.771517059 0.582737759 0.255300082
vn -0.711424355 0.647867916 0.272291297
vn -0.772052955 0.582539283 0.254130318
vn -0.631610459 0.656905956 0.411755745
vn 0.633124548 0.653172273 -0.415354413
vn 0.711068433 0.648081047 -0.272713475
vn 0.772055841 0.582035822 -0.25527256
vn -0.632451242 0.656082577 -0.411777947
vn -0.771905916 0.582588745 -0.25446338
vn -0.711246662 0.647907429 -0.272661236
vn -0.472060854 0.682826018 -0.557590513
vn -0.632451242 0.656082577 -0.411777947
vn -0.540206927 0.714751624 -0.444192066
vn 0.307373822 0.671854617 -0.673893692
vn 0.358313062 0.715031222 -0.600285016
vn 0.47313306 0.676862942 -0.563916364
vn -0.32060728 0.671965611 -0.66758759
vn -0.472060854 0.682826018 -0.557590513
vn -0.355240088 0.717512034 -0.599150199
vn 0.475464872 0.674719841 0.564523066
vn 0.634381611 0.652496297 0.414497954
vn 0.541118259 0.71304863 0.44581687
vn 0.475464872 0.674719841 0.564523066
vn 0.358832173 0.714709804 0.600357699
vn 0.310881992 0.67080937 0.673325461
vn -0.357110923 -0.715670776 0.600239227
vn -0.308260522 -0.671729785 0.673613054
vn -0.470406025 -0.682876109 0.558926105
vn 0.35812646 -0.714803036 0.60066801
vn 0.473767605 -0.676582944 0.56371959
vn 0.307960458 -0.671127693 0.67435004
vn -0.539719025 -0.71512466 0.444184753
vn -0.470406025 -0.682876109 0.558926105
vn -0.631743434 -0.65719581 0.411088677
vn 0.541657675 -0.713194355 0.444927832
vn 0.634451627 -0.653653978 0.41256225
vn 0.473767605 -0.676582944 0.56371959
vn -0.711428708 -0.647958344 0.272064658
vn -0.631743434 -0.65719581 0.411088677
vn -0.771708949 -0.582735392 0.254724874
vn 0.710635782 -0.648504973 0.272833437
vn 0.771477334 -0.582715312 0.255471306
vn 0.634451627 -0.653653978 0.41256225
vn -0.632350948 -0.656318333 -0.411556223
vn -0.711268925 -0.648192248 -0.27192522
vn -0.771673882 -0.582535821 -0.25528697
vn 0.634009703 -0.652691825 -0.41475906
vn 0.772080308 -0.582250599 -0.254708143
vn 0.711174206 -0.647880569 -0.272913939
vn -0.472402664 -0.682770672 -0.557368758
vn -0.540179063 -0.714742229 -0.444241068
vn -0.632350948 -0.656318333 -0.411556223
vn -0.0387560411 -0.736490218 -0.675337047
vn -0.0729434829 -0.797052585 -0.599488469
vn -0.118170871 -0.733574442 -0.669256441
vn 0.310346448 -0.670795308 -0.673586474
vn 0.474342545 -0.675944595 -0.564001822
vn 0.358272056 -0.715153476 -0.600163844
vn 0.634009703 -0.652691825 -0.41475906
vn 0.540840208 -0.71356827 -0.445322573
vn 0.474342545 -0.675944595 -0.564001822
vn -0.472402664 -0.682770672 -0.557368758
vn -0.314179544 -0.671117791 -0.671485015
vn -0.355946454 -0.718154793 -0.597959711
vn -0.877545547 -0.457145964 0.144676812
vn -0.818977463 -0.447467172 0.35923397
vn -0.852430514 -0.518038983 0.0706953325
vn 0.0824751295 -0.64616242 0.758730506
vn 0.0994383482 -0.818032869 0.566510582
vn 0.0491410481 -0.633073898 0.772529998
vn -0.912486344 0.112081949 0.39345433
vn -0.810774826 0.140204299 0.568319396
vn -0.7947245 0.0934778945 0.599728983
vn -0.591879432 0.346283051 0.7278508
vn -0.417323505 0.295793209 0.859271476
vn -0.44717415 0.227559188 0.865015662
vn 0.912634908 -0.392162982 0.115350425
vn 0.881467892 -0.337725764 0.330084329
vn 0.931591419 -0.349040735 0.101528291
vn 0.701069414 -0.411718458 0.582228124
vn 0.847689181 -0.3997768 0.348714155
vn 0.823745213 -0.451775772 0.34255288
vn 0.208180812 0.498953395 0.841252792
vn 0.267566788 0.597606632 0.755826916
vn 0.202846018 0.390300001 0.898064253
vn 0.473220407 -0.876470738 0.0886650586
vn 0.527922788 -0.849292364 -0.00010098836
vn 0.502292584 -0.864697712 -0.000162999658
vn 0.454443065 0.874503369 0.169485568
vn 0.44653642 0.771573601 0.453077702
vn 0.430481249 0.75800394 0.490016245
vn -0.238151396 -0.390502682 0.889264622
vn -0.279210848 -0.569119896 0.773397599
vn -0.276865382 -0.573173144 0.771244518
vn -0.117335223 0.455726177 0.882352592
vn -0.0650729217 0.25255265 0.965392497
vn -0.1899086 0.533822018 0.823995617
vn 0.679564564 0.6638557 0.312230064
vn 0.575373531 0.655867696 0.488654137
vn 0.625945643 0.761854548 0.166642431
vn 0.815884882 -0.558921512 0.148116856
vn 0.750185584 -0.558652129 0.353736327
vn 0.774021852 -0.488763325 0.402492964
vn 0.679564564 0.6638557 0.312230064
vn 0.649006534 0.610094835 0.454505018
vn 0.611279763 0.621636785 0.489800733
vn -0.0394907611 -0.730640087 0.681619794
vn -0.0897898964 -0.88661497 0.453708793
vn -0.0924419059 -0.721987104 0.685703373
vn 0.976155189 0.188553115 0.107558216
vn 0.923209754 0.162417491 0.348287682
vn 0.902725407 0.212490769 0.374078218
vn 0.529586824 0.346255821 0.774367292
vn 0.324520262 0.262766929 0.908647424
vn 0.479623962 0.360144987 0.800160261
vn 0.0611531068 -0.412385491 0.908954622
vn 0.0491410481 -0.633073898 0.772529998
vn 0.0185126328 -0.388666155 0.921192652
vn 0.529586824 0.346255821 0.774367292
vn 0.70240209 0.392546614 0.593749493
vn 0.537343371 0.27503621 0.797256035
vn -0.0278027911 0.348429407 0.936922597
vn -0.0200287671 0.0656738159 0.997640115
vn -0.0650729217 0.25255265 0.965392497
vn 0.515229802 -0.639592326 0.570490935
vn 0.677948926 -0.723336074 0.131035025
vn 0.61969874 -0.694176358 0.366186641
vn -0.426467867 0.769103953 0.476029692
vn -0.486512385 0.817691422 0.307711615
vn -0.454179678 0.875507184 0.16494845
vn -0.76784272 -0.635644146 0.079837815
vn -0.751386942 -0.556969048 0.353840561
vn -0.700177598 -0.629179646 0.337467486
vn 0.473220407 -0.876470738 0.0886650586
vn 0.502292584 -0.864697712 -0.000162999658
vn 0.423026097 -0.906117466 -0.00024253608
vn 0.532097868 0.0860727417 0.842296469
vn 0.306753814 0.0534422061 0.95028734
vn 0.596381232 0.146133076 0.789287368
vn -0.716568057 0.584862425 0.380087048
vn -0.740253379 0.66535466 0.0965821432
vn -0.676530949 0.650541297 0.345111425
vn 0.00994510622 0.929876581 0.367737186
vn 0.0387017872 0.993798245 0.10424596
vn 0.0991623675 0.921531058 0.375429532
vn 0.454443065 0.874503369 0.169485568
vn 0.515683915 0.853902562 -0.0701463779
vn 0.558591427 0.804290714 0.202711777
vn 0.625945643 0.761854548 0.166642431
vn 0.683846025 0.728264298 0.0445614884
vn 0.679564564 0.6638557 0.312230064
vn -0.66780116 0.0938951026 0.738393744
vn -0.810774826 0.140204299 0.568319396
vn -0.61548454 0.127523602 0.777763789
vn -0.61548454 0.127523602 0.777763789
vn -0.810774826 0.140204299 0.568319396
vn -0.789108536 0.230445451 0.569387928
vn -0.61548454 0.127523602 0.777763789
vn -0.789108536 0.230445451 0.569387928
vn -0.590491588 0.159525483 0.791120285
vn -0.591879432 0.346283051 0.7278508
vn -0.695621816 0.290067058 0.657245305
vn -0.706874285 0.374249981 0.600221373
vn -0.0924419059 -0.721987104 0.685703373
vn -0.0700121977 -0.561891741 0.824242661
vn -0.0394907611 -0.730640087 0.681619794
vn -0.0394907611 -0.730640087 0.681619794
vn -0.0700121977 -0.561891741 0.824242661
vn -0.0168184968 -0.458219812 0.888679775
vn -0.0394907611 -0.730640087 0.681619794
vn -0.0168184968 -0.458219812 0.888679775
vn 0.0150667556 -0.719449431 0.694381386
vn 0.0150667556 -0.719449431 0.694381386
vn -0.0168184968 -0.458219812 0.888679775
vn 0.0491410481 -0.633073898 0.772529998
vn 0.236308324 -0.784065076 0.573934084
vn 0.187418936 -0.784480446 0.591155286
vn 0.22758515 -0.605275089 0.762789005
vn 0.22758515 -0.605275089 0.762789005
vn 0.128506955 -0.379678238 0.916149768
vn 0.276815607 -0.542536346 0.793112497
vn 0.40524285 -0.719664549 0.563791779
vn 0.276815607 -0.542536346 0.793112497
vn 0.364541278 -0.577086486 0.730808349
vn 0.693296355 -0.0118131598 0.720555767
vn 0.505559995 -0.0394980024 0.861886883
vn 0.500535691 0.0135976215 0.865609107
vn 0.693296355 -0.0118131598 0.720555767
vn 0.500535691 0.0135976215 0.865609107
vn 0.728186277 0.0376846208 0.684342469
vn -0.212033742 -0.608790914 0.764470611
vn -0.292868359 -0.715970727 0.633730261
vn -0.279210848 -0.569119896 0.773397599
vn -0.348525099 -0.500172663 0.79269008
vn -0.4147923 -0.609520615 0.67559749
vn -0.396813953 -0.495692745 0.772546043
vn -0.374283883 -0.413906488 0.829815036
vn -0.396813953 -0.495692745 0.772546043
vn -0.457900363 -0.49707367 0.737051575
vn -0.492726603 -0.384939707 0.780411376
vn -0.591016158 -0.458768147 0.663499577
vn -0.450847137 -0.287237954 0.845122013
vn -0.450847137 -0.287237954 0.845122013
vn -0.66270379 -0.371505665 0.650236286
vn -0.538227966 -0.298254663 0.788260625
vn -0.533957683 -0.20629155 0.819959139
vn -0.663821825 -0.302218829 0.684108445
vn -0.59390052 -0.261592724 0.760822856
vn -0.689246726 -0.195733342 0.697586847
vn -0.737174158 -0.14517963 0.659922068
vn -0.612229254 -0.0960593488 0.78482351
vn -0.464681616 0.183556118 0.866243699
vn -0.695621816 0.290067058 0.657245305
vn -0.44717415 0.227559188 0.865015662
vn -0.44717415 0.227559188 0.865015662
vn -0.695621816 0.290067058 0.657245305
vn -0.591879432 0.346283051 0.7278508
vn -0.457840014 0.460292655 0.760600548
vn -0.509867789 0.567131283 0.646836104
vn -0.437408368 0.557274474 0.705775516
vn -0.356318628 0.503001638 0.787417543
vn -0.389427428 0.607270308 0.692509243
vn -0.256207656 0.483708313 0.836889422
vn -0.256207656 0.483708313 0.836889422
vn -0.389427428 0.607270308 0.692509243
vn -0.343756996 0.626656638 0.699380144
vn -0.256207656 0.483708313 0.836889422
vn -0.343756996 0.626656638 0.699380144
vn -0.310618098 0.655443778 0.688411106
vn -0.256207656 0.483708313 0.836889422
vn -0.310618098 0.655443778 0.688411106
vn -0.177214467 0.408739463 0.89528045
vn -0.177214467 0.408739463 0.89528045
vn -0.310618098 0.655443778 0.688411106
vn -0.254569835 0.675911207 0.691620011
vn -0.177214467 0.408739463 0.89528045
vn -0.254569835 0.675911207 0.691620011
vn -0.1899086 0.533822018 0.823995617
vn -0.0116994548 0.512717404 0.858477715
vn -0.0861850269 0.715277583 0.693505674
vn -0.0497016497 0.607179522 0.793008685
vn -0.0497016497 0.607179522 0.793008685
vn -0.0316325802 0.770479032 0.636680014
vn 0.0165018827 0.652644443 0.7574846
vn 0.122542985 0.50190872 0.85619557
vn 0.148943663 0.711014271 0.687222302
vn 0.225147146 0.646250315 0.729156563
vn 0.122542985 0.50190872 0.85619557
vn 0.225147146 0.646250315 0.729156563
vn 0.208180812 0.498953395 0.841252792
vn 0.307536325 0.500185881 0.809466178
vn 0.425288099 0.658803729 0.620570447
vn 0.334729516 0.431556067 0.837684614
vn 0.334729516 0.431556067 0.837684614
vn 0.47772627 0.562246667 0.675023182
vn 0.457737627 0.537120703 0.708503786
vn 0.479623962 0.360144987 0.800160261
vn 0.611279237 0.442034385 0.656462716
vn 0.529586824 0.346255821 0.774367292
vn 0.537343371 0.27503621 0.797256035
vn 0.713937003 0.321534761 0.62202038
vn 0.585091309 0.230404607 0.777548633
vn 0.502953339 0.0416753692 0.863308231
vn 0.668069285 0.0833713613 0.739413718
vn 0.728186277 0.0376846208 0.684342469
vn 0.502953339 0.0416753692 0.863308231
vn 0.728186277 0.0376846208 0.684342469
vn 0.500535691 0.0135976215 0.865609107
vn -0.466075739 0.0812524765 0.881005925
vn -0.628642926 0.0551235573 0.775738013
vn -0.66780116 0.0938951026 0.738393744
vn -0.466075739 0.0812524765 0.881005925
vn -0.66780116 0.0938951026 0.738393744
vn -0.61548454 0.127523602 0.777763789
vn -0.278140808 0.303925598 0.911189838
vn -0.457840014 0.460292655 0.760600548
vn -0.437408368 0.557274474 0.705775516
vn -0.278140808 0.303925598 0.911189838
vn -0.437408368 0.557274474 0.705775516
vn -0.356318628 0.503001638 0.787417543
vn -0.117335223 0.455726177 0.882352592
vn -0.1899086 0.533822018 0.823995617
vn -0.20405313 0.685517061 0.698876727
vn -0.117335223 0.455726177 0.882352592
vn -0.20405313 0.685517061 0.698876727
vn -0.132286064 0.569124427 0.811540377
vn 0.122542985 0.50190872 0.85619557
vn 0.103682429 0.628650669 0.770745282
vn 0.148943663 0.711014271 0.687222302
vn 0.202846018 0.390300001 0.898064253
vn 0.267566788 0.597606632 0.755826916
vn 0.357461246 0.612087253 0.705386881
vn 0.202846018 0.390300001 0.898064253
vn 0.357461246 0.612087253 0.705386881
vn 0.307536325 0.500185881 0.809466178
vn 0.296180467 0.325353455 0.898010167
vn 0.334729516 0.431556067 0.837684614
vn 0.457737627 0.537120703 0.708503786
vn 0.296180467 0.325353455 0.898010167
vn 0.457737627 0.537120703 0.708503786
vn 0.492724728 0.493769418 0.716529207
vn -0.466075739 0.0812524765 0.881005925
vn -0.61548454 0.127523602 0.777763789
vn -0.401748703 0.105868046 0.909609771
vn -0.401748703 0.105868046 0.909609771
vn -0.61548454 0.127523602 0.777763789
vn -0.590491588 0.159525483 0.791120285
vn -0.279090429 0.245847518 0.928260486
vn -0.469426521 0.396305359 0.789037897
vn -0.278140808 0.303925598 0.911189838
vn -0.278140808 0.303925598 0.911189838
vn -0.469426521 0.396305359 0.789037897
vn -0.457840014 0.460292655 0.760600548
vn -0.00297852938 0.365528025 0.930795569
vn -0.0116994548 0.512717404 0.858477715
vn -0.0497016497 0.607179522 0.793008685
vn -0.00297852938 0.365528025 0.930795569
vn -0.0497016497 0.607179522 0.793008685
vn 0.0165018827 0.652644443 0.7574846
vn 0.0559904756 0.390803392 0.918769707
vn 0.0165018827 0.652644443 0.7574846
vn 0.103682429 0.628650669 0.770745282
vn 0.0559904756 0.390803392 0.918769707
vn 0.103682429 0.628650669 0.770745282
vn 0.122542985 0.50190872 0.85619557
vn 0.214087641 0.317525879 0.923766095
vn 0.307536325 0.500185881 0.809466178
vn 0.334729516 0.431556067 0.837684614
vn 0.340867971 0.197134617 0.91920997
vn 0.529586824 0.346255821 0.774367292
vn 0.537343371 0.27503621 0.797256035
vn 0.292402846 0.125077387 0.948080283
vn 0.537343371 0.27503621 0.797256035
vn 0.40300575 0.163755253 0.900428
vn 0.40300575 0.163755253 0.900428
vn 0.537343371 0.27503621 0.797256035
vn 0.585091309 0.230404607 0.777548633
vn 0.476615674 0.0409228633 0.878158766
vn 0.500535691 0.0135976215 0.865609107
vn 0.183126262 -0.0010110621 0.983088882
vn 0.305957315 0.0893037908 0.947847538
vn 0.571915696 0.17597917 0.801213934
vn 0.306753814 0.0534422061 0.95028734
vn 0.505559995 -0.0394980024 0.861886883
vn 0.183126262 -0.0010110621 0.983088882
vn 0.500535691 0.0135976215 0.865609107
vn -0.25287526 0.0486027619 0.966277328
vn -0.466075739 0.0812524765 0.881005925
vn -0.401748703 0.105868046 0.909609771
vn -0.242992032 0.0845155652 0.966339481
vn -0.401748703 0.105868046 0.909609771
vn -0.464681616 0.183556118 0.866243699
vn -0.242992032 0.0845155652 0.966339481
vn -0.464681616 0.183556118 0.866243699
vn -0.44717415 0.227559188 0.865015662
vn -0.242992032 0.0845155652 0.966339481
vn -0.44717415 0.227559188 0.865015662
vn -0.304710644 0.173426636 0.936522624
vn -0.304710644 0.173426636 0.936522624
vn -0.44717415 0.227559188 0.865015662
vn -0.417323505 0.295793209 0.859271476
vn -0.14354019 0.0891624924 0.985619736
vn -0.417323505 0.295793209 0.859271476
vn -0.279090429 0.245847518 0.928260486
vn -0.153660269 0.2476462 0.956587623
vn -0.216465498 0.287717475 0.932931585
vn -0.256207656 0.483708313 0.836889422
vn -0.153660269 0.2476462 0.956587623
vn -0.256207656 0.483708313 0.836889422
vn -0.177214467 0.408739463 0.89528045
vn -0.177214467 0.408739463 0.89528045
vn -0.1899086 0.533822018 0.823995617
vn -0.0650729217 0.25255265 0.965392497
vn 0.476615674 0.0409228633 0.878158766
vn 0.532097868 0.0860727417 0.842296469
vn 0.502953339 0.0416753692 0.863308231
vn -0.0625800372 -0.380383703 0.922709043
vn -0.0286064354 -0.118295469 0.992566297
vn -0.0327501969 -0.40003279 0.915915493
vn -0.0168184968 -0.458219812 0.888679775
vn -0.0327501969 -0.40003279 0.915915493
vn 0.00326124344 -0.124434278 0.992222493
vn -0.0168184968 -0.458219812 0.888679775
vn 0.00326124344 -0.124434278 0.992222493
vn 0.0185126328 -0.388666155 0.921192652
vn 0.0185126328 -0.388666155 0.921192652
vn 0.00326124344 -0.124434278 0.992222493
vn 0.0611531068 -0.412385491 0.908954622
vn 0.0611531068 -0.412385491 0.908954622
vn 0.00326124344 -0.124434278 0.992222493
vn 0.0248460884 -0.109104061 0.993719767
vn 0.0611531068 -0.412385491 0.908954622
vn 0.0248460884 -0.109104061 0.993719767
vn 0.122469281 -0.387747571 0.913593507
vn 0.122469281 -0.387747571 0.913593507
vn 0.0248460884 -0.109104061 0.993719767
vn 0.0462580805 -0.139551341 0.989133769
vn 0.122469281 -0.387747571 0.913593507
vn 0.0462580805 -0.139551341 0.989133769
vn 0.128506955 -0.379678238 0.916149768
vn 0.198885114 -0.359917583 0.911539382
vn 0.0462580805 -0.139551341 0.989133769
vn 0.0632148786 -0.10534206 0.992424773
vn 0.198885114 -0.359917583 0.911539382
vn 0.0632148786 -0.10534206 0.992424773
vn 0.230940534 -0.339145502 0.911946708
vn 0.230940534 -0.339145502 0.911946708
vn 0.0632148786 -0.10534206 0.992424773
vn 0.262560903 -0.341379672 0.902508555
vn 0.295593257 -0.291187103 0.909854218
vn 0.134670024 -0.128613193 0.982508336
vn 0.335688227 -0.273657168 0.901346309
vn 0.335688227 -0.273657168 0.901346309
vn 0.134670024 -0.128613193 0.982508336
vn 0.209995332 -0.143248381 0.967151416
vn 0.338344546 -0.192123012 0.921201235
vn 0.109686715 -0.0583905864 0.992249648
vn 0.36941686 -0.163501632 0.914766855
vn 0.36941686 -0.163501632 0.914766855
vn 0.109686715 -0.0583905864 0.992249648
vn 0.114715909 -0.0412069391 0.992543323
vn 0.36941686 -0.163501632 0.914766855
vn 0.114715909 -0.0412069391 0.992543323
vn 0.412095333 -0.13154885 0.90159433
vn 0.412095333 -0.13154885 0.90159433
vn 0.114715909 -0.0412069391 0.992543323
vn 0.116651165 -0.0139119208 0.993075508
vn 0.412095333 -0.13154885 0.90159433
vn 0.116651165 -0.0139119208 0.993075508
vn 0.402259601 -0.0768872971 0.912291377
vn 0.402259601 -0.0768872971 0.912291377
vn 0.116651165 -0.0139119208 0.993075508
vn 0.183126262 -0.0010110621 0.983088882
vn -0.0286064354 -0.118295469 0.992566297
vn -0.0625800372 -0.380383703 0.922709043
vn -0.125134158 -0.373500922 0.919150969
vn -0.0286064354 -0.118295469 0.992566297
vn -0.125134158 -0.373500922 0.919150969
vn -0.0496695121 -0.109301814 0.992766867
vn -0.0496695121 -0.109301814 0.992766867
vn -0.125134158 -0.373500922 0.919150969
vn -0.144582155 -0.344078756 0.927742319
vn -0.0496695121 -0.109301814 0.992766867
vn -0.144582155 -0.344078756 0.927742319
vn -0.238151396 -0.390502682 0.889264622
vn -0.0496695121 -0.109301814 0.992766867
vn -0.238151396 -0.390502682 0.889264622
vn -0.0653169311 -0.0900026792 0.993797372
vn -0.0653169311 -0.0900026792 0.993797372
vn -0.238151396 -0.390502682 0.889264622
vn -0.232720503 -0.304801337 0.923546053
vn -0.0653169311 -0.0900026792 0.993797372
vn -0.232720503 -0.304801337 0.923546053
vn -0.256168082 -0.292939467 0.921175544
vn -0.256168082 -0.292939467 0.921175544
vn -0.298761372 -0.285114024 0.910742354
vn -0.0920025905 -0.0780132753 0.992698067
vn -0.0920025905 -0.0780132753 0.992698067
vn -0.298761372 -0.285114024 0.910742354
vn -0.331904611 -0.238488429 0.912667847
vn -0.0959220873 -0.0429634402 0.994461209
vn -0.315877653 -0.159159082 0.935355384
vn -0.41519692 -0.140310092 0.898846258
vn -0.0959220873 -0.0429634402 0.994461209
vn -0.41519692 -0.140310092 0.898846258
vn -0.115943958 -0.0330913042 0.992704369
vn -0.115943958 -0.0330913042 0.992704369
vn -0.41519692 -0.140310092 0.898846258
vn -0.39937835 -0.0791629982 0.913362005
vn -0.115943958 -0.0330913042 0.992704369
vn -0.39937835 -0.0791629982 0.913362005
vn -0.111663977 -0.0132467721 0.993657727
vn -0.111663977 -0.0132467721 0.993657727
vn -0.39937835 -0.0791629982 0.913362005
vn -0.479905147 -0.0174952659 0.87714592
vn -0.111663977 -0.0132467721 0.993657727
vn -0.479905147 -0.0174952659 0.87714592
vn -0.350946122 0.0103432935 0.936338526
vn -0.0579793427 0.0944369021 0.993841067
vn -0.216465498 0.287717475 0.932931585
vn -0.153660269 0.2476462 0.956587623
vn -0.045880396 0.119201698 0.99180943
vn -0.177214467 0.408739463 0.89528045
vn -0.0650729217 0.25255265 0.965392497
vn 0.00841694817 0.113436191 0.99350963
vn 0.0559904756 0.390803392 0.918769707
vn 0.10024994 0.304166501 0.94732924
vn 0.0901220905 0.0854677127 0.99225666
vn 0.265813947 0.330246926 0.905693057
vn 0.296180467 0.325353455 0.898010167
vn -0.0653169311 -0.0900026792 0.993797372
vn -0.256168082 -0.292939467 0.921175544
vn -0.0920025905 -0.0780132753 0.992698067
vn -0.0716397176 0.00937358582 0.997386528
vn -0.350946122 0.0103432935 0.936338526
vn -0.25287526 0.0486027619 0.966277328
vn 0.0121591309 0.0681317713 0.997602234
vn 0.00841694817 0.113436191 0.99350963
vn 0.10024994 0.304166501 0.94732924
vn 0.0685415992 0.0161743383 0.997517138
vn 0.305957315 0.0893037908 0.947847538
vn 0.306753814 0.0534422061 0.95028734
vn 0.262560903 -0.341379672 0.902508555
vn 0.0632148786 -0.10534206 0.992424773
vn 0.134670024 -0.128613193 0.982508336
vn -0.0716397176 0.00937358582 0.997386528
vn -0.111663977 -0.0132467721 0.993657727
vn -0.350946122 0.0103432935 0.936338526
vn -0.0716397176 0.00937358582 0.997386528
vn -0.25287526 0.0486027619 0.966277328
vn -0.401748703 0.105868046 0.909609771
vn -0.0716397176 0.00937358582 0.997386528
vn -0.401748703 0.105868046 0.909609771
vn -0.143613778 0.0587571978 0.987887987
vn -0.143613778 0.0587571978 0.987887987
vn -0.401748703 0.105868046 0.909609771
vn -0.242992032 0.0845155652 0.966339481
vn -0.0101174475 0.10332835 0.994595842
vn -0.0200287671 0.0656738159 0.997640115
vn -0.0278027911 0.348429407 0.936922597
vn 0.043556158 0.107918524 0.993205142
vn 0.0121591309 0.0681317713 0.997602234
vn 0.10024994 0.304166501 0.94732924
vn 0.0640905151 0.0341306975 0.997360267
vn 0.096626882 0.065115539 0.993188407
vn 0.292402846 0.125077387 0.948080283
vn 0.0685415992 0.0161743383 0.997517138
vn 0.306753814 0.0534422061 0.95028734
vn 0.476615674 0.0409228633 0.878158766
vn 0.576481419 0.0424702516 0.816005791
vn 0.476615674 0.0409228633 0.878158766
vn 0.183126262 -0.0010110621 0.983088882
vn -0.0200287671 0.0656738159 0.997640115
vn -0.045880396 0.119201698 0.99180943
vn -0.0650729217 0.25255265 0.965392497
vn -0.0327501969 -0.40003279 0.915915493
vn -0.0286064354 -0.118295469 0.992566297
vn 0.00326124344 -0.124434278 0.992222493
vn 0.0584475667 0.0994974103 0.993319761
vn 0.265813947 0.330246926 0.905693057
vn 0.0901220905 0.0854677127 0.99225666
vn 0.0640905151 0.0341306975 0.997360267
vn 0.292402846 0.125077387 0.948080283
vn 0.0685415992 0.0161743383 0.997517138
vn 0.134670024 -0.128613193 0.982508336
vn 0.0632148786 -0.10534206 0.992424773
vn 0.0171726203 -0.015915996 0.999725854
vn 0.134670024 -0.128613193 0.982508336
vn 0.0171726203 -0.015915996 0.999725854
vn 0.209995332 -0.143248381 0.967151416
vn 0.773039408 -0.513498907 0.372463349
vn 0.773039408 -0.513498907 0.372463349
vn 0.773039408 -0.513498907 0.372463349
vn -0.216465498 0.287717475 0.932931585
vn -0.0757742651 0.0957656251 0.992515595
vn -0.278140808 0.303925598 0.911189838
vn -0.14354019 0.0891624924 0.985619736
vn -0.304710644 0.173426636 0.936522624
vn -0.417323505 0.295793209 0.859271476
vn -0.447708814 0.668011723 0.594404875
vn -0.389427428 0.607270308 0.692509243
vn -0.356318628 0.503001638 0.787417543
vn -0.612229254 -0.0960593488 0.78482351
vn -0.479905147 -0.0174952659 0.87714592
vn -0.39937835 -0.0791629982 0.913362005
vn 0.937060822 0.312942501 0.154867707
vn 0.885362351 0.270358313 0.378206148
vn 0.789100574 0.302926647 0.534374149
vn 0.59319555 -0.231185716 0.771149923
vn 0.695304176 -0.338883976 0.63380577
vn 0.548644746 -0.289279682 0.784414564
vn -0.288344372 -0.207656897 0.934738539
vn -0.0920025905 -0.0780132753 0.992698067
vn -0.331904611 -0.238488429 0.912667847
vn -0.160838195 -0.613281641 0.773315397
vn -0.147062819 -0.777398864 0.611574634
vn -0.190907128 -0.801477578 0.566734648
vn 0.884993463 -0.202044836 0.419481172
vn 0.758179468 -0.183610062 0.625660643
vn 0.763706811 -0.151050003 0.627643055
vn -0.383540798 -0.68850694 0.615511697
vn -0.279210848 -0.569119896 0.773397599
vn -0.325614773 -0.751392884 0.573919641
vn 0.230940534 -0.339145502 0.911946708
vn 0.326250054 -0.465211223 0.822884816
vn 0.364541278 -0.577086486 0.730808349
vn 0.668069285 0.0833713613 0.739413718
vn 0.532097868 0.0860727417 0.842296469
vn 0.76855346 0.126639609 0.627126773
vn 0.505559995 -0.0394980024 0.861886883
vn 0.681170672 -0.0610177544 0.729577514
vn 0.402259601 -0.0768872971 0.912291377
vn 0.47313306 0.676862942 -0.563916364
vn 0.540503489 0.714312894 -0.444536914
vn 0.633124548 0.653172273 -0.415354413
vn -0.492726603 -0.384939707 0.780411376
vn -0.298761372 -0.285114024 0.910742354
vn -0.461517668 -0.3978653 0.792908977
vn -0.7947245 0.0934778945 0.599728983
vn -0.66780116 0.0938951026 0.738393744
vn -0.628642926 0.0551235573 0.775738013
vn -0.160838195 -0.613281641 0.773315397
vn -0.125134158 -0.373500922 0.919150969
vn -0.0625800372 -0.380383703 0.922709043
vn -0.898260968 -0.290821856 0.329469091
vn -0.73086308 -0.27830323 0.623206603
vn -0.870998985 -0.368131198 0.325330893
vn 0.479623962 0.360144987 0.800160261
vn 0.324520262 0.262766929 0.908647424
vn 0.441115363 0.418090416 0.794114375
vn 0.58762656 -0.210848481 0.781177281
vn 0.758179468 -0.183610062 0.625660643
vn 0.769315946 -0.267492022 0.580173245
vn 0.611279237 0.442034385 0.656462716
vn 0.479623962 0.360144987 0.800160261
vn 0.625147789 0.508819186 0.591855792
vn -0.713708854 -0.399310397 0.575474482
vn -0.66270379 -0.371505665 0.650236286
vn -0.766934701 -0.429937904 0.47640798
vn -0.713708854 -0.399310397 0.575474482
vn -0.538227966 -0.298254663 0.788260625
vn -0.66270379 -0.371505665 0.650236286
vn 0.93786763 0.0554625422 0.342532064
vn 0.850508073 0.0457065467 0.52397226
vn 0.940698097 0.105149009 0.322538022
vn 0.625147789 0.508819186 0.591855792
vn 0.479623962 0.360144987 0.800160261
vn 0.441115363 0.418090416 0.794114375
vn 0.649006534 0.610094835 0.454505018
vn 0.492724728 0.493769418 0.716529207
vn 0.611279763 0.621636785 0.489800733
vn 0.750185584 -0.558652129 0.353736327
vn 0.746369698 -0.643895778 0.168316671
vn 0.699897173 -0.608194055 0.374491574
vn 0.417862723 -0.838965434 0.348608298
vn 0.384169799 -0.915618448 0.118559789
vn 0.341934554 -0.875924644 0.340348027
vn 0.695304176 -0.338883976 0.63380577
vn 0.701069414 -0.411718458 0.582228124
vn 0.548644746 -0.289279682 0.784414564
vn -0.0957635581 0.889795724 0.446198286
vn -0.0316325802 0.770479032 0.636680014
vn -0.0861850269 0.715277583 0.693505674
vn -0.802905562 0.491528692 0.33725688
vn -0.788113943 0.431083436 0.43936714
vn -0.876548632 0.438890658 0.197579066
vn -0.689246726 -0.195733342 0.697586847
vn -0.588555178 -0.156261256 0.793211965
vn -0.73086308 -0.27830323 0.623206603
vn 0.649579277 -0.430947149 0.626363567
vn 0.750185584 -0.558652129 0.353736327
vn 0.620417238 -0.512369157 0.593767882
vn 0.326636589 -0.758359923 0.564091097
vn 0.303788514 -0.880683365 0.363468499
vn 0.262452624 -0.775129057 0.574711723
vn -0.4147923 -0.609520615 0.67559749
vn -0.348525099 -0.500172663 0.79269008
vn -0.383540798 -0.68850694 0.615511697
vn -0.444386634 -0.835445648 0.323343607
vn -0.325614773 -0.751392884 0.573919641
vn -0.39492344 -0.84713612 0.355521969
vn -0.642656393 -0.686928697 0.339295927
vn -0.549283386 -0.62660873 0.552855552
vn -0.588077535 -0.737242507 0.332623357
vn 0.620417238 -0.512369157 0.593767882
vn 0.699897173 -0.608194055 0.374491574
vn 0.703633294 -0.595903265 0.387039385
vn 0.326250054 -0.465211223 0.822884816
vn 0.457711806 -0.598434912 0.657552705
vn 0.364541278 -0.577086486 0.730808349
vn -0.311955723 0.907126315 0.28249863
vn -0.31237636 0.820599523 0.478578553
vn -0.395033952 0.904303126 0.161814808
vn 0.762915193 -0.098866954 0.638894149
vn 0.895671744 -0.135594108 0.423540275
vn 0.763706811 -0.151050003 0.627643055
vn 0.38176733 -0.464458402 0.799082035
vn 0.515229802 -0.639592326 0.570490935
vn 0.529095125 -0.64132966 0.555656922
vn -0.51209156 -0.799738262 0.313338389
vn -0.383540798 -0.68850694 0.615511697
vn -0.444386634 -0.835445648 0.323343607
vn -0.776888056 -0.033171093 0.628764366
vn -0.62926416 -0.075863352 0.773480038
vn -0.814062875 -0.101303679 0.571873413
vn 0.727592798 0.65454105 0.205389224
vn 0.679564564 0.6638557 0.312230064
vn 0.683846025 0.728264298 0.0445614884
vn 0.364541278 -0.577086486 0.730808349
vn 0.450747888 -0.757895438 0.471615146
vn 0.40524285 -0.719664549 0.563791779
vn 0.326636589 -0.758359923 0.564091097
vn 0.417862723 -0.838965434 0.348608298
vn 0.341934554 -0.875924644 0.340348027
vn 0.276815607 -0.542536346 0.793112497
vn 0.326636589 -0.758359923 0.564091097
vn 0.22758515 -0.605275089 0.762789005
vn 0.789100574 0.302926647 0.534374149
vn 0.585091309 0.230404607 0.777548633
vn 0.713937003 0.321534761 0.62202038
vn -0.73594868 0.501278578 0.455081671
vn -0.600930266 0.434961403 0.670590332
vn -0.619260253 0.371225686 0.69188744
vn -0.26030146 -0.891551517 0.370646789
vn -0.309465398 -0.838476511 0.448540196
vn -0.248672927 -0.779654832 0.574717425
vn 0.708521314 0.546673721 0.446257089
vn 0.611279237 0.442034385 0.656462716
vn 0.625147789 0.508819186 0.591855792
vn 0.769315946 -0.267492022 0.580173245
vn 0.901143297 -0.282321616 0.32899128
vn 0.881467892 -0.337725764 0.330084329
vn -0.874444154 0.47943084 0.0741180875
vn -0.802905562 0.491528692 0.33725688
vn -0.876548632 0.438890658 0.197579066
vn -0.922392401 0.166356052 0.348594208
vn -0.867039434 0.202757714 0.45511749
vn -0.810774826 0.140204299 0.568319396
vn -0.348525099 -0.500172663 0.79269008
vn -0.232720503 -0.304801337 0.923546053
vn -0.238151396 -0.390502682 0.889264622
vn 0.344186628 0.762359845 0.548035612
vn 0.267566788 0.597606632 0.755826916
vn 0.225147146 0.646250315 0.729156563
vn -0.642656393 -0.686928697 0.339295927
vn -0.589743446 -0.581196259 0.560725937
vn -0.549283386 -0.62660873 0.552855552
vn 0.0559904756 0.390803392 0.918769707
vn 0.122542985 0.50190872 0.85619557
vn 0.10024994 0.304166501 0.94732924
vn 0.95996078 0.256113608 0.113495025
vn 0.902725407 0.212490769 0.374078218
vn 0.885362351 0.270358313 0.378206148
vn -0.356318628 0.503001638 0.787417543
vn -0.256207656 0.483708313 0.836889422
vn -0.216465498 0.287717475 0.932931585
vn -0.426467867 0.769103953 0.476029692
vn -0.343756996 0.626656638 0.699380144
vn -0.389427428 0.607270308 0.692509243
vn -0.751386942 -0.556969048 0.353840561
vn -0.675856643 -0.5779432 0.45738327
vn -0.700177598 -0.629179646 0.337467486
vn 0.187418936 -0.784480446 0.591155286
vn 0.16710949 -0.868973376 0.465789319
vn 0.0824751295 -0.64616242 0.758730506
vn 0.457711806 -0.598434912 0.657552705
vn 0.493029859 -0.71555304 0.494879182
vn 0.364541278 -0.577086486 0.730808349
vn -0.538924677 -0.775234913 0.329501171
vn -0.383540798 -0.68850694 0.615511697
vn -0.51209156 -0.799738262 0.313338389
vn -0.207909191 0.973322363 0.0970430122
vn -0.15733114 0.915836161 0.369446936
vn -0.237963255 0.914450091 0.32734465
vn 0.703633294 -0.595903265 0.387039385
vn 0.746369698 -0.643895778 0.168316671
vn 0.711067688 -0.571989068 0.408914721
vn -0.228106174 -0.967769935 0.106718914
vn -0.26030146 -0.891551517 0.370646789
vn -0.205457801 -0.910580549 0.358650465
vn -0.600930266 0.434961403 0.670590332
vn -0.633929847 0.506902872 0.584108232
vn -0.469426521 0.396305359 0.789037897
vn -0.588077535 -0.737242507 0.332623357
vn -0.483424647 -0.672519703 0.560372965
vn -0.538924677 -0.775234913 0.329501171
vn -0.818977463 -0.447467172 0.35923397
vn -0.713708854 -0.399310397 0.575474482
vn -0.766934701 -0.429937904 0.47640798
vn -0.589743446 -0.581196259 0.560725937
vn -0.492726603 -0.384939707 0.780411376
vn -0.461517668 -0.3978653 0.792908977
vn 0.758179468 -0.183610062 0.625660643
vn 0.901143297 -0.282321616 0.32899128
vn 0.769315946 -0.267492022 0.580173245
vn -0.395033952 0.904303126 0.161814808
vn -0.375734957 0.805032616 0.459070506
vn -0.454179678 0.875507184 0.16494845
vn 0.529095125 -0.64132966 0.555656922
vn 0.493029859 -0.71555304 0.494879182
vn 0.457711806 -0.598434912 0.657552705
vn 0.602642782 -0.125168611 0.788133553
vn 0.763706811 -0.151050003 0.627643055
vn 0.62859659 -0.133120459 0.766254051
vn -0.622526936 0.638844065 0.452038134
vn -0.509867789 0.567131283 0.646836104
vn -0.600307679 0.555863478 0.575018681
vn 0.236308324 -0.784065076 0.573934084
vn 0.234406335 -0.85345202 0.465481814
vn 0.187418936 -0.784480446 0.591155286
vn -0.73594868 0.501278578 0.455081671
vn -0.619260253 0.371225686 0.69188744
vn -0.706874285 0.374249981 0.600221373
vn -0.0316325802 0.770479032 0.636680014
vn -0.0497016497 0.607179522 0.793008685
vn -0.0861850269 0.715277583 0.693505674
vn -0.0957635581 0.889795724 0.446198286
vn -0.0861850269 0.715277583 0.693505674
vn -0.133826231 0.831466407 0.53921624
vn 0.937060822 0.312942501 0.154867707
vn 0.826704101 0.341934961 0.446811831
vn 0.908154299 0.383825566 0.167133791
vn -0.929785309 -0.120958708 0.347661144
vn -0.814062875 -0.101303679 0.571873413
vn -0.929185082 -0.137745558 0.342988696
vn 0.850508073 0.0457065467 0.52397226
vn 0.93786763 0.0554625422 0.342532064
vn 0.937498641 -0.00842283956 0.347886984
vn -0.895297526 -0.245135411 0.371955603
vn -0.811307908 -0.243942079 0.531292519
vn -0.898260968 -0.290821856 0.329469091
vn 0.493029859 -0.71555304 0.494879182
vn 0.490626715 -0.822254695 0.288414014
vn 0.450747888 -0.757895438 0.471615146
vn -0.898260968 -0.290821856 0.329469091
vn -0.811307908 -0.243942079 0.531292519
vn -0.73086308 -0.27830323 0.623206603
vn 0.156006916 0.813065105 0.560880537
vn 0.180862128 0.851014253 0.49301484
vn 0.148943663 0.711014271 0.687222302
vn -0.814062875 -0.101303679 0.571873413
vn -0.737174158 -0.14517963 0.659922068
vn -0.842073918 -0.174206391 0.510454357
vn 0.0385522193 -0.84867754 0.527503706
vn -0.0334150628 -0.950533231 0.308820354
vn -0.0502212044 -0.893768364 0.445708361
vn 0.477974754 -0.395530894 0.78428021
vn 0.649579277 -0.430947149 0.626363567
vn 0.620417238 -0.512369157 0.593767882
vn 0.850508073 0.0457065467 0.52397226
vn 0.728186277 0.0376846208 0.684342469
vn 0.668069285 0.0833713613 0.739413718
vn 0.276815607 -0.542536346 0.793112497
vn 0.378863987 -0.726394289 0.573422546
vn 0.326636589 -0.758359923 0.564091097
vn 0.324520262 0.262766929 0.908647424
vn 0.0901220905 0.0854677127 0.99225666
vn 0.296180467 0.325353455 0.898010167
vn 0.101566646 -0.51162668 0.853183659
vn 0.0824751295 -0.64616242 0.758730506
vn 0.0611531068 -0.412385491 0.908954622
vn 0.814693144 0.574536496 0.0786313853
vn 0.786667441 0.508353932 0.350329298
vn 0.77880889 0.604773461 0.166450515
vn -0.248672927 -0.779654832 0.574717425
vn -0.212033742 -0.608790914 0.764470611
vn -0.160838195 -0.613281641 0.773315397
vn 0.786667441 0.508353932 0.350329298
vn 0.851826363 0.513772341 0.102126538
vn 0.812592004 0.446478502 0.374634731
vn 0.265813947 0.330246926 0.905693057
vn 0.0584475667 0.0994974103 0.993319761
vn 0.214087641 0.317525879 0.923766095
vn 0.209995332 -0.143248381 0.967151416
vn 0.338344546 -0.192123012 0.921201235
vn 0.335688227 -0.273657168 0.901346309
vn 0.344186628 0.762359845 0.548035612
vn 0.225147146 0.646250315 0.729156563
vn 0.250114861 0.780017327 0.57359875
vn -0.876548632 0.438890658 0.197579066
vn -0.803992515 0.297208482 0.515037042
vn -0.854625215 0.346993347 0.38627886
vn -0.947242267 0.315022868 0.0590988998
vn -0.922492093 0.363461944 0.130014435
vn -0.901503871 0.255325261 0.349427793
vn 0.77880889 0.604773461 0.166450515
vn 0.708521314 0.546673721 0.446257089
vn 0.727592798 0.65454105 0.205389224
vn 0.0385522193 -0.84867754 0.527503706
vn 0.0150667556 -0.719449431 0.694381386
vn 0.0491410481 -0.633073898 0.772529998
vn -0.614585102 0.21549502 0.758845866
vn -0.464681616 0.183556118 0.866243699
vn -0.401748703 0.105868046 0.909609771
vn -0.831997702 0.532455012 0.155793084
vn -0.802905562 0.491528692 0.33725688
vn -0.874444154 0.47943084 0.0741180875
vn -0.819759111 -0.0130880277 0.572558908
vn -0.628642926 0.0551235573 0.775738013
vn -0.628244391 0.00520058621 0.777998675
vn -0.511948629 0.853123161 0.10044637
vn -0.454179678 0.875507184 0.16494845
vn -0.486512385 0.817691422 0.307711615
vn -0.279210848 -0.569119896 0.773397599
vn -0.144582155 -0.344078756 0.927742319
vn -0.212033742 -0.608790914 0.764470611
vn -0.914523412 0.00859540598 0.40444165
vn -0.991272972 0.0716214766 0.110671854
vn -0.912486344 0.112081949 0.39345433
vn -0.348863464 -0.936997503 -0.0181648663
vn -0.39277297 -0.909107263 0.138756543
vn -0.303399897 -0.943090698 0.136119205
vn -0.818977463 -0.447467172 0.35923397
vn -0.766934701 -0.429937904 0.47640798
vn -0.804125234 -0.560897161 0.196918722
vn -0.39277297 -0.909107263 0.138756543
vn -0.39492344 -0.84713612 0.355521969
vn -0.309465398 -0.838476511 0.448540196
vn 0.0150667556 -0.719449431 0.694381386
vn -0.0502212044 -0.893768364 0.445708361
vn -0.0394907611 -0.730640087 0.681619794
vn -0.852430514 -0.518038983 0.0706953325
vn -0.818977463 -0.447467172 0.35923397
vn -0.804125234 -0.560897161 0.196918722
vn 0.0991623675 0.921531058 0.375429532
vn 0.156006916 0.813065105 0.560880537
vn 0.110243725 0.807300461 0.579751918
vn -0.325614773 -0.751392884 0.573919641
vn -0.292868359 -0.715970727 0.633730261
vn -0.309465398 -0.838476511 0.448540196
vn -0.311955723 0.907126315 0.28249863
vn -0.243046992 0.819967782 0.518248006
vn -0.31237636 0.820599523 0.478578553
vn -0.450847137 -0.287237954 0.845122013
vn -0.331904611 -0.238488429 0.912667847
vn -0.492726603 -0.384939707 0.780411376
vn -0.14354019 0.0891624924 0.985619736
vn -0.279090429 0.245847518 0.928260486
vn -0.0912192785 0.0760272686 0.992924417
vn -0.41519692 -0.140310092 0.898846258
vn -0.315877653 -0.159159082 0.935355384
vn -0.533957683 -0.20629155 0.819959139
vn 0.128506955 -0.379678238 0.916149768
vn 0.22758515 -0.605275089 0.762789005
vn 0.122469281 -0.387747571 0.913593507
vn 0.340867971 0.197134617 0.91920997
vn 0.292402846 0.125077387 0.948080283
vn 0.096626882 0.065115539 0.993188407
vn 0.208180812 0.498953395 0.841252792
vn 0.202846018 0.390300001 0.898064253
vn 0.10024994 0.304166501 0.94732924
vn -0.456597999 -0.883440527 0.105124224
vn -0.444386634 -0.835445648 0.323343607
vn -0.39492344 -0.84713612 0.355521969
vn 0.188603746 -0.941711972 0.278580668
vn 0.168764728 -0.982426275 0.0797313096
vn 0.116717145 -0.930042983 0.348420948
vn -0.988928907 -0.105055422 0.104799688
vn -0.995064566 -0.0143797428 0.0981821369
vn -0.930202266 -0.0541036665 0.363037929
vn 0.430481249 0.75800394 0.490016245
vn 0.425288099 0.658803729 0.620570447
vn 0.357461246 0.612087253 0.705386881
vn -0.57797883 -0.809241446 0.105208147
vn -0.588077535 -0.737242507 0.332623357
vn -0.538924677 -0.775234913 0.329501171
vn -0.374283883 -0.413906488 0.829815036
vn -0.232720503 -0.304801337 0.923546053
vn -0.396813953 -0.495692745 0.772546043
vn 0.262452624 -0.775129057 0.574711723
vn 0.234406335 -0.85345202 0.465481814
vn 0.236308324 -0.784065076 0.573934084
vn -0.0327501969 -0.40003279 0.915915493
vn -0.0700121977 -0.561891741 0.824242661
vn -0.0625800372 -0.380383703 0.922709043
vn -0.955728894 -0.279366482 0.0923939932
vn -0.895297526 -0.245135411 0.371955603
vn -0.898260968 -0.290821856 0.329469091
vn 0.36941686 -0.163501632 0.914766855
vn 0.58762656 -0.210848481 0.781177281
vn 0.59319555 -0.231185716 0.771149923
vn 0.544031841 -0.779588376 0.3102762
vn 0.542621728 -0.836491579 0.0764427776
vn 0.490626715 -0.822254695 0.288414014
vn 0.912634908 -0.392162982 0.115350425
vn 0.886034407 -0.45335247 0.0970287
vn 0.847689181 -0.3997768 0.348714155
vn -0.509867789 0.567131283 0.646836104
vn -0.457840014 0.460292655 0.760600548
vn -0.600307679 0.555863478 0.575018681
vn -0.486512385 0.817691422 0.307711615
vn -0.447708814 0.668011723 0.594404875
vn -0.53668615 0.740314701 0.404848269
vn -0.760211784 0.276563264 0.587869718
vn -0.590491588 0.159525483 0.791120285
vn -0.789108536 0.230445451 0.569387928
vn -0.644972906 -0.758334441 0.0945453623
vn -0.642656393 -0.686928697 0.339295927
vn -0.588077535 -0.737242507 0.332623357
vn -0.0316325802 0.770479032 0.636680014
vn 0.00401771277 0.798613056 0.60183141
vn 0.0165018827 0.652644443 0.7574846
vn -0.705821088 -0.701931706 0.0954383152
vn -0.700177598 -0.629179646 0.337467486
vn -0.642656393 -0.686928697 0.339295927
vn -0.160838195 -0.613281641 0.773315397
vn -0.144582155 -0.344078756 0.927742319
vn -0.125134158 -0.373500922 0.919150969
vn -0.0168184968 -0.458219812 0.888679775
vn -0.0700121977 -0.561891741 0.824242661
vn -0.0327501969 -0.40003279 0.915915493
vn 0.789100574 0.302926647 0.534374149
vn 0.885362351 0.270358313 0.378206148
vn 0.758398225 0.228448835 0.610445134
vn 0.750185584 -0.558652129 0.353736327
vn 0.778028902 -0.624345121 0.0697438043
vn 0.746369698 -0.643895778 0.168316671
vn 0.341934554 -0.875924644 0.340348027
vn 0.296331286 -0.95190972 0.0778180881
vn 0.303788514 -0.880683365 0.363468499
vn -0.311955723 0.907126315 0.28249863
vn -0.291370403 0.951278843 0.100855593
vn -0.237963255 0.914450091 0.32734465
vn -0.39492344 -0.84713612 0.355521969
vn -0.325614773 -0.751392884 0.573919641
vn -0.309465398 -0.838476511 0.448540196
vn 0.5493227 0.715137748 0.432229768
vn 0.625945643 0.761854548 0.166642431
vn 0.575373531 0.655867696 0.488654137
vn -0.549569002 0.683880914 0.479875825
vn -0.447708814 0.668011723 0.594404875
vn -0.437408368 0.557274474 0.705775516
vn -0.740253379 0.66535466 0.0965821432
vn -0.6722051 0.721606503 0.165603014
vn -0.676530949 0.650541297 0.345111425
vn 0.823745213 -0.451775772 0.34255288
vn 0.815884882 -0.558921512 0.148116856
vn 0.774021852 -0.488763325 0.402492964
vn 0.22758515 -0.605275089 0.762789005
vn 0.262452624 -0.775129057 0.574711723
vn 0.236308324 -0.784065076 0.573934084
vn 0.62859659 -0.133120459 0.766254051
vn 0.763706811 -0.151050003 0.627643055
vn 0.758179468 -0.183610062 0.625660643
vn -0.903866092 -0.4215117 0.0731708614
vn -0.929929186 -0.351068873 0.109463943
vn -0.870998985 -0.368131198 0.325330893
vn 0.120142699 0.987266125 0.104265676
vn 0.147090287 0.93353755 0.326912972
vn 0.0991623675 0.921531058 0.375429532
vn -0.970573638 0.227852263 0.0779112306
vn -0.901503871 0.255325261 0.349427793
vn -0.922392401 0.166356052 0.348594208
vn -0.00297852938 0.365528025 0.930795569
vn -0.0278027911 0.348429407 0.936922597
vn -0.0116994548 0.512717404 0.858477715
vn -0.325614773 -0.751392884 0.573919641
vn -0.279210848 -0.569119896 0.773397599
vn -0.292868359 -0.715970727 0.633730261
vn 0.492724728 0.493769418 0.716529207
vn 0.324520262 0.262766929 0.908647424
vn 0.296180467 0.325353455 0.898010167
vn 0.537343371 0.27503621 0.797256035
vn 0.292402846 0.125077387 0.948080283
vn 0.340867971 0.197134617 0.91920997
vn 0.826704101 0.341934961 0.446811831
vn 0.789100574 0.302926647 0.534374149
vn 0.713937003 0.321534761 0.62202038
vn -0.991272972 0.0716214766 0.110671854
vn -0.922392401 0.166356052 0.348594208
vn -0.912486344 0.112081949 0.39345433
vn 0.529095125 -0.64132966 0.555656922
vn 0.544031841 -0.779588376 0.3102762
vn 0.493029859 -0.71555304 0.494879182
vn -0.237963255 0.914450091 0.32734465
vn -0.133826231 0.831466407 0.53921624
vn -0.243046992 0.819967782 0.518248006
vn 0.122469281 -0.387747571 0.913593507
vn 0.22758515 -0.605275089 0.762789005
vn 0.125734796 -0.572940012 0.809895366
vn -0.374283883 -0.413906488 0.829815036
vn -0.298761372 -0.285114024 0.910742354
vn -0.256168082 -0.292939467 0.921175544
vn 0.823745213 -0.451775772 0.34255288
vn 0.854276284 -0.515605595 0.0660522614
vn 0.815884882 -0.558921512 0.148116856
vn -0.359873641 0.931944459 0.0443901703
vn -0.311955723 0.907126315 0.28249863
vn -0.395033952 0.904303126 0.161814808
vn -0.483424647 -0.672519703 0.560372965
vn -0.396813953 -0.495692745 0.772546043
vn -0.4147923 -0.609520615 0.67559749
vn -0.0370559529 0.987919352 0.150473291
vn 0.0387017872 0.993798245 0.10424596
vn 0.00994510622 0.929876581 0.367737186
vn 0.937498641 -0.00842283956 0.347886984
vn 0.991580132 -0.0682361609 0.110057564
vn 0.926644666 -0.0596691694 0.371172809
vn 0.0685415992 0.0161743383 0.997517138
vn 0.40300575 0.163755253 0.900428
vn 0.305957315 0.0893037908 0.947847538
vn 0.0725536055 -0.936452219 0.343210164
vn 0.0842955766 -0.991740087 0.0966739635
vn 0.00290716558 -0.989135531 0.146977721
vn 0.116717145 -0.930042983 0.348420948
vn 0.168764728 -0.982426275 0.0797313096
vn 0.0842955766 -0.991740087 0.0966739635
vn 0.306753814 0.0534422061 0.95028734
vn 0.571915696 0.17597917 0.801213934
vn 0.596381232 0.146133076 0.789287368
vn 0.202846018 0.390300001 0.898064253
vn 0.214087641 0.317525879 0.923766095
vn 0.043556158 0.107918524 0.993205142
vn -0.903866092 -0.4215117 0.0731708614
vn -0.870998985 -0.368131198 0.325330893
vn -0.877545547 -0.457145964 0.144676812
vn -0.988928907 -0.105055422 0.104799688
vn -0.930202266 -0.0541036665 0.363037929
vn -0.929785309 -0.120958708 0.347661144
vn 0.677948926 -0.723336074 0.131035025
vn 0.653438915 -0.75057542 0.0982553958
vn 0.61969874 -0.694176358 0.366186641
vn 0.490626715 -0.822254695 0.288414014
vn 0.473220407 -0.876470738 0.0886650586
vn 0.417862723 -0.838965434 0.348608298
vn -0.929185082 -0.137745558 0.342988696
vn -0.814062875 -0.101303679 0.571873413
vn -0.842073918 -0.174206391 0.510454357
vn 0.0165018827 0.652644443 0.7574846
vn 0.0559904756 0.390803392 0.918769707
vn -0.00297852938 0.365528025 0.930795569
vn 0.147090287 0.93353755 0.326912972
vn 0.194066744 0.979038875 0.0618140797
vn 0.236235091 0.956150151 0.173118081
vn -0.967350198 -0.200571915 0.154933862
vn -0.929785309 -0.120958708 0.347661144
vn -0.929185082 -0.137745558 0.342988696
vn 0.548644746 -0.289279682 0.784414564
vn 0.701069414 -0.411718458 0.582228124
vn 0.544592436 -0.340076772 0.766659552
vn 0.986590774 0.123366367 0.106861521
vn 0.923209754 0.162417491 0.348287682
vn 0.976155189 0.188553115 0.107558216
vn 0.61969874 -0.694176358 0.366186641
vn 0.653438915 -0.75057542 0.0982553958
vn 0.619619149 -0.701644024 0.351806442
vn 0.303788514 -0.880683365 0.363468499
vn 0.296331286 -0.95190972 0.0778180881
vn 0.25073867 -0.95350667 0.167197936
vn 0.847689181 -0.3997768 0.348714155
vn 0.886034407 -0.45335247 0.0970287
vn 0.823745213 -0.451775772 0.34255288
vn -0.695621816 0.290067058 0.657245305
vn -0.614585102 0.21549502 0.758845866
vn -0.760211784 0.276563264 0.587869718
vn 0.25073867 -0.95350667 0.167197936
vn 0.168764728 -0.982426275 0.0797313096
vn 0.188603746 -0.941711972 0.278580668
vn 0.59319555 -0.231185716 0.771149923
vn 0.769315946 -0.267492022 0.580173245
vn 0.756071274 -0.340707036 0.558815662
vn -0.588555178 -0.156261256 0.793211965
vn -0.39937835 -0.0791629982 0.913362005
vn -0.41519692 -0.140310092 0.898846258
vn 0.940698097 0.105149009 0.322538022
vn 0.850508073 0.0457065467 0.52397226
vn 0.76855346 0.126639609 0.627126773
vn 0.202846018 0.390300001 0.898064253
vn 0.043556158 0.107918524 0.993205142
vn 0.10024994 0.304166501 0.94732924
vn 0.0387017872 0.993798245 0.10424596
vn 0.120142699 0.987266125 0.104265676
vn 0.0991623675 0.921531058 0.375429532
vn 0.364541278 -0.577086486 0.730808349
vn 0.493029859 -0.71555304 0.494879182
vn 0.450747888 -0.757895438 0.471615146
vn -0.700177598 -0.629179646 0.337467486
vn -0.675856643 -0.5779432 0.45738327
vn -0.589743446 -0.581196259 0.560725937
vn -0.395033952 0.904303126 0.161814808
vn -0.31237636 0.820599523 0.478578553
vn -0.375734957 0.805032616 0.459070506
vn 0.774021852 -0.488763325 0.402492964
vn 0.701069414 -0.411718458 0.582228124
vn 0.823745213 -0.451775772 0.34255288
vn 0.701069414 -0.411718458 0.582228124
vn 0.695304176 -0.338883976 0.63380577
vn 0.756071274 -0.340707036 0.558815662
vn 0.277407409 0.895002012 0.349308642
vn 0.308869534 0.901425966 0.303365849
vn 0.250114861 0.780017327 0.57359875
vn 0.649006534 0.610094835 0.454505018
vn 0.625147789 0.508819186 0.591855792
vn 0.492724728 0.493769418 0.716529207
vn -0.589743446 -0.581196259 0.560725937
vn -0.457900363 -0.49707367 0.737051575
vn -0.549283386 -0.62660873 0.552855552
vn -0.929929186 -0.351068873 0.109463943
vn -0.898260968 -0.290821856 0.329469091
vn -0.870998985 -0.368131198 0.325330893
vn -0.713708854 -0.399310397 0.575474482
vn -0.663821825 -0.302218829 0.684108445
vn -0.538227966 -0.298254663 0.788260625
vn -0.787193379 0.602252738 0.132733661
vn -0.740253379 0.66535466 0.0965821432
vn -0.716568057 0.584862425 0.380087048
vn 0.59319555 -0.231185716 0.771149923
vn 0.58762656 -0.210848481 0.781177281
vn 0.769315946 -0.267492022 0.580173245
vn 0.693296355 -0.0118131598 0.720555767
vn 0.850508073 0.0457065467 0.52397226
vn 0.837779081 -0.0203476021 0.545630082
vn -0.867039434 0.202757714 0.45511749
vn -0.789108536 0.230445451 0.569387928
vn -0.810774826 0.140204299 0.568319396
vn -0.248672927 -0.779654832 0.574717425
vn -0.292868359 -0.715970727 0.633730261
vn -0.212033742 -0.608790914 0.764470611
vn 0.701069414 -0.411718458 0.582228124
vn 0.774021852 -0.488763325 0.402492964
vn 0.649579277 -0.430947149 0.626363567
vn 0.492724728 0.493769418 0.716529207
vn 0.625147789 0.508819186 0.591855792
vn 0.441115363 0.418090416 0.794114375
vn 0.681170672 -0.0610177544 0.729577514
vn 0.693296355 -0.0118131598 0.720555767
vn 0.837779081 -0.0203476021 0.545630082
vn -0.811307908 -0.243942079 0.531292519
vn -0.689246726 -0.195733342 0.697586847
vn -0.73086308 -0.27830323 0.623206603
vn -0.303399897 -0.943090698 0.136119205
vn -0.39277297 -0.909107263 0.138756543
vn -0.309465398 -0.838476511 0.448540196
vn 0.53903582 0.68661031 0.48785927
vn 0.5493227 0.715137748 0.432229768
vn 0.47772627 0.562246667 0.675023182
vn -0.751386942 -0.556969048 0.353840561
vn -0.620692986 -0.514664963 0.591489809
vn -0.675856643 -0.5779432 0.45738327
vn 0.326636589 -0.758359923 0.564091097
vn 0.341934554 -0.875924644 0.340348027
vn 0.303788514 -0.880683365 0.363468499
vn -0.642656393 -0.686928697 0.339295927
vn -0.700177598 -0.629179646 0.337467486
vn -0.589743446 -0.581196259 0.560725937
vn -0.803992515 0.297208482 0.515037042
vn -0.695621816 0.290067058 0.657245305
vn -0.760211784 0.276563264 0.587869718
vn -0.831997702 0.532455012 0.155793084
vn -0.787193379 0.602252738 0.132733661
vn -0.73594868 0.501278578 0.455081671
vn -0.842073918 -0.174206391 0.510454357
vn -0.737174158 -0.14517963 0.659922068
vn -0.689246726 -0.195733342 0.697586847
vn 0.122542985 0.50190872 0.85619557
vn 0.208180812 0.498953395 0.841252792
vn 0.10024994 0.304166501 0.94732924
vn -0.914523412 0.00859540598 0.40444165
vn -0.912486344 0.112081949 0.39345433
vn -0.7947245 0.0934778945 0.599728983
vn 0.276815607 -0.542536346 0.793112497
vn 0.40524285 -0.719664549 0.563791779
vn 0.378863987 -0.726394289 0.573422546
vn 0.544592436 -0.340076772 0.766659552
vn 0.701069414 -0.411718458 0.582228124
vn 0.649579277 -0.430947149 0.626363567
vn 0.326636589 -0.758359923 0.564091097
vn 0.378863987 -0.726394289 0.573422546
vn 0.417862723 -0.838965434 0.348608298
vn -0.291370403 0.951278843 0.100855593
vn -0.207909191 0.973322363 0.0970430122
vn -0.237963255 0.914450091 0.32734465
vn 0.265813947 0.330246926 0.905693057
vn 0.334729516 0.431556067 0.837684614
vn 0.296180467 0.325353455 0.898010167
vn -0.515014308 -0.850627949 0.105793929
vn -0.505870996 -0.862609144 6.15857059e-06
vn -0.535434464 -0.844576778 4.54338157e-06
vn 0.756071274 -0.340707036 0.558815662
vn 0.881467892 -0.337725764 0.330084329
vn 0.847689181 -0.3997768 0.348714155
vn -0.901503871 0.255325261 0.349427793
vn -0.922492093 0.363461944 0.130014435
vn -0.85574195 0.290111145 0.428417132
vn 0.762915193 -0.098866954 0.638894149
vn 0.926644666 -0.0596691694 0.371172809
vn 0.895671744 -0.135594108 0.423540275
vn 0.38176733 -0.464458402 0.799082035
vn 0.389424339 -0.50377496 0.771076828
vn 0.515229802 -0.639592326 0.570490935
vn 0.708521314 0.546673721 0.446257089
vn 0.689125617 0.464560511 0.556137947
vn 0.611279237 0.442034385 0.656462716
vn -0.348525099 -0.500172663 0.79269008
vn -0.396813953 -0.495692745 0.772546043
vn -0.232720503 -0.304801337 0.923546053
vn -0.278140808 0.303925598 0.911189838
vn -0.356318628 0.503001638 0.787417543
vn -0.216465498 0.287717475 0.932931585
vn 0.756071274 -0.340707036 0.558815662
vn 0.769315946 -0.267492022 0.580173245
vn 0.881467892 -0.337725764 0.330084329
vn 0.103682429 0.628650669 0.770745282
vn 0.156006916 0.813065105 0.560880537
vn 0.148943663 0.711014271 0.687222302
vn -0.955728894 -0.279366482 0.0923939932
vn -0.953597138 -0.301085535 1.26258511e-05
vn -0.964243687 -0.265017192 3.34101145e-05
vn -0.190907128 -0.801477578 0.566734648
vn -0.248672927 -0.779654832 0.574717425
vn -0.160838195 -0.613281641 0.773315397
vn -0.675856643 -0.5779432 0.45738327
vn -0.620692986 -0.514664963 0.591489809
vn -0.589743446 -0.581196259 0.560725937
vn -0.985441851 0.143807803 0.0906844743
vn -0.970573638 0.227852263 0.0779112306
vn -0.922392401 0.166356052 0.348594208
vn 0.0725536055 -0.936452219 0.343210164
vn 0.116717145 -0.930042983 0.348420948
vn 0.0842955766 -0.991740087 0.0966739635
vn -0.751386942 -0.556969048 0.353840561
vn -0.694685486 -0.532437836 0.483654864
vn -0.620692986 -0.514664963 0.591489809
vn -0.538924677 -0.775234913 0.329501171
vn -0.483424647 -0.672519703 0.560372965
vn -0.383540798 -0.68850694 0.615511697
vn -0.483424647 -0.672519703 0.560372965
vn -0.549283386 -0.62660873 0.552855552
vn -0.396813953 -0.495692745 0.772546043
vn 0.493942274 -0.417602496 0.762646173
vn 0.620417238 -0.512369157 0.593767882
vn 0.500273251 -0.439050218 0.746298586
vn 0.703633294 -0.595903265 0.387039385
vn 0.699897173 -0.608194055 0.374491574
vn 0.746369698 -0.643895778 0.168316671
vn 0.620417238 -0.512369157 0.593767882
vn 0.750185584 -0.558652129 0.353736327
vn 0.699897173 -0.608194055 0.374491574
vn -0.600307679 0.555863478 0.575018681
vn -0.457840014 0.460292655 0.760600548
vn -0.469426521 0.396305359 0.789037897
vn -0.589743446 -0.581196259 0.560725937
vn -0.620692986 -0.514664963 0.591489809
vn -0.492726603 -0.384939707 0.780411376
vn 0.602642782 -0.125168611 0.788133553
vn 0.762915193 -0.098866954 0.638894149
vn 0.763706811 -0.151050003 0.627643055
vn -0.995064566 -0.0143797428 0.0981821369
vn -0.914523412 0.00859540598 0.40444165
vn -0.930202266 -0.0541036665 0.363037929
vn -0.901503871 0.255325261 0.349427793
vn -0.789108536 0.230445451 0.569387928
vn -0.867039434 0.202757714 0.45511749
vn -0.303399897 -0.943090698 0.136119205
vn -0.309465398 -0.838476511 0.448540196
vn -0.26030146 -0.891551517 0.370646789
vn -0.444386634 -0.835445648 0.323343607
vn -0.383540798 -0.68850694 0.615511697
vn -0.325614773 -0.751392884 0.573919641
vn -0.804125234 -0.560897161 0.196918722
vn -0.694685486 -0.532437836 0.483654864
vn -0.751386942 -0.556969048 0.353840561
vn -0.59390052 -0.261592724 0.760822856
vn -0.41519692 -0.140310092 0.898846258
vn -0.533957683 -0.20629155 0.819959139
vn 0.937060822 0.312942501 0.154867707
vn 0.789100574 0.302926647 0.534374149
vn 0.826704101 0.341934961 0.446811831
vn 0.493029859 -0.71555304 0.494879182
vn 0.544031841 -0.779588376 0.3102762
vn 0.490626715 -0.822254695 0.288414014
vn 0.95996078 0.256113608 0.113495025
vn 0.976155189 0.188553115 0.107558216
vn 0.902725407 0.212490769 0.374078218
vn -0.814062875 -0.101303679 0.571873413
vn -0.62926416 -0.075863352 0.773480038
vn -0.612229254 -0.0960593488 0.78482351
vn 0.693296355 -0.0118131598 0.720555767
vn 0.728186277 0.0376846208 0.684342469
vn 0.850508073 0.0457065467 0.52397226
vn 0.493942274 -0.417602496 0.762646173
vn 0.477974754 -0.395530894 0.78428021
vn 0.620417238 -0.512369157 0.593767882
vn 0.344186628 0.762359845 0.548035612
vn 0.416537184 0.826304413 0.379101296
vn 0.430481249 0.75800394 0.490016245
vn -0.922392401 0.166356052 0.348594208
vn -0.901503871 0.255325261 0.349427793
vn -0.867039434 0.202757714 0.45511749
vn 0.40524285 -0.719664549 0.563791779
vn 0.450747888 -0.757895438 0.471615146
vn 0.378863987 -0.726394289 0.573422546
vn 0.851826363 0.513772341 0.102126538
vn 0.879030111 0.452951731 0.148797825
vn 0.812592004 0.446478502 0.374634731
vn -0.483424647 -0.672519703 0.560372965
vn -0.4147923 -0.609520615 0.67559749
vn -0.383540798 -0.68850694 0.615511697
vn 0.0491410481 -0.633073898 0.772529998
vn 0.0994383482 -0.818032869 0.566510582
vn 0.0385522193 -0.84867754 0.527503706
vn -0.57797883 -0.809241446 0.105208147
vn -0.565123083 -0.825006607 6.09762312e-06
vn -0.597297486 -0.80201977 2.98452213e-05
vn -0.0502212044 -0.893768364 0.445708361
vn -0.0334150628 -0.950533231 0.308820354
vn -0.0465130467 -0.986391 0.157700135
vn -0.706874285 0.374249981 0.600221373
vn -0.619260253 0.371225686 0.69188744
vn -0.591879432 0.346283051 0.7278508
vn 0.454443065 0.874503369 0.169485568
vn 0.416537184 0.826304413 0.379101296
vn 0.35558453 0.925948554 0.127196371
vn -0.549283386 -0.62660873 0.552855552
vn -0.457900363 -0.49707367 0.737051575
vn -0.396813953 -0.495692745 0.772546043
vn 0.611279237 0.442034385 0.656462716
vn 0.689125617 0.464560511 0.556137947
vn 0.529586824 0.346255821 0.774367292
vn -0.0957635581 0.889795724 0.446198286
vn -0.0458422717 0.897149034 0.439342801
vn -0.0316325802 0.770479032 0.636680014
vn -0.737174158 -0.14517963 0.659922068
vn -0.814062875 -0.101303679 0.571873413
vn -0.612229254 -0.0960593488 0.78482351
vn 0.763706811 -0.151050003 0.627643055
vn 0.895671744 -0.135594108 0.423540275
vn 0.884993463 -0.202044836 0.419481172
vn 0.837779081 -0.0203476021 0.545630082
vn 0.937498641 -0.00842283956 0.347886984
vn 0.926644666 -0.0596691694 0.371172809
vn -0.644972906 -0.758334441 0.0945453623
vn -0.705821088 -0.701931706 0.0954383152
vn -0.642656393 -0.686928697 0.339295927
vn -0.706874285 0.374249981 0.600221373
vn -0.788113943 0.431083436 0.43936714
vn -0.802905562 0.491528692 0.33725688
vn 0.70240209 0.392546614 0.593749493
vn 0.805970472 0.399249306 0.437048726
vn 0.713937003 0.321534761 0.62202038
vn -0.922492093 0.363461944 0.130014435
vn -0.854625215 0.346993347 0.38627886
vn -0.85574195 0.290111145 0.428417132
vn 0.120142699 0.987266125 0.104265676
vn 0.194066744 0.979038875 0.0618140797
vn 0.147090287 0.93353755 0.326912972
vn 0.490626715 -0.822254695 0.288414014
vn 0.542621728 -0.836491579 0.0764427776
vn 0.473220407 -0.876470738 0.0886650586
vn 0.0991623675 0.921531058 0.375429532
vn 0.147090287 0.93353755 0.326912972
vn 0.156006916 0.813065105 0.560880537
vn 0.649579277 -0.430947149 0.626363567
vn 0.774021852 -0.488763325 0.402492964
vn 0.750185584 -0.558652129 0.353736327
vn 0.837779081 -0.0203476021 0.545630082
vn 0.850508073 0.0457065467 0.52397226
vn 0.937498641 -0.00842283956 0.347886984
vn 0.187418936 -0.784480446 0.591155286
vn 0.234406335 -0.85345202 0.465481814
vn 0.16710949 -0.868973376 0.465789319
vn -0.995064566 -0.0143797428 0.0981821369
vn -0.991272972 0.0716214766 0.110671854
vn -0.914523412 0.00859540598 0.40444165
vn 0.493942274 -0.417602496 0.762646173
vn 0.335688227 -0.273657168 0.901346309
vn 0.477974754 -0.395530894 0.78428021
vn -0.619260253 0.371225686 0.69188744
vn -0.600930266 0.434961403 0.670590332
vn -0.417323505 0.295793209 0.859271476
vn 0.148943663 0.711014271 0.687222302
vn 0.250114861 0.780017327 0.57359875
vn 0.225147146 0.646250315 0.729156563
vn 0.214087641 0.317525879 0.923766095
vn 0.334729516 0.431556067 0.837684614
vn 0.265813947 0.330246926 0.905693057
vn 0.101566646 -0.51162668 0.853183659
vn 0.122469281 -0.387747571 0.913593507
vn 0.125734796 -0.572940012 0.809895366
vn 0.430481249 0.75800394 0.490016245
vn 0.44653642 0.771573601 0.453077702
vn 0.425288099 0.658803729 0.620570447
vn -0.57797883 -0.809241446 0.105208147
vn -0.644972906 -0.758334441 0.0945453623
vn -0.588077535 -0.737242507 0.332623357
vn -0.374283883 -0.413906488 0.829815036
vn -0.256168082 -0.292939467 0.921175544
vn -0.232720503 -0.304801337 0.923546053
vn -0.331904611 -0.238488429 0.912667847
vn -0.450847137 -0.287237954 0.845122013
vn -0.288344372 -0.207656897 0.934738539
vn -0.0465130467 -0.986391 0.157700135
vn -0.0334150628 -0.950533231 0.308820354
vn 0.00290716558 -0.989135531 0.146977721
vn 0.619619149 -0.701644024 0.351806442
vn 0.653438915 -0.75057542 0.0982553958
vn 0.589584332 -0.794557507 0.145150552
vn -0.955728894 -0.279366482 0.0923939932
vn -0.967350198 -0.200571915 0.154933862
vn -0.895297526 -0.245135411 0.371955603
vn -0.00297852938 0.365528025 0.930795569
vn -0.0101174475 0.10332835 0.994595842
vn -0.0278027911 0.348429407 0.936922597
vn 0.36941686 -0.163501632 0.914766855
vn 0.412095333 -0.13154885 0.90159433
vn 0.58762656 -0.210848481 0.781177281
vn -0.922492093 0.363461944 0.130014435
vn -0.876548632 0.438890658 0.197579066
vn -0.854625215 0.346993347 0.38627886
vn -0.160838195 -0.613281641 0.773315397
vn -0.212033742 -0.608790914 0.764470611
vn -0.144582155 -0.344078756 0.927742319
vn 0.937498641 -0.00842283956 0.347886984
vn 0.93786763 0.0554625422 0.342532064
vn 0.994116334 0.0366132217 0.101942079
vn -0.0625800372 -0.380383703 0.922709043
vn -0.0700121977 -0.561891741 0.824242661
vn -0.160838195 -0.613281641 0.773315397
vn 0.814693144 0.574536496 0.0786313853
vn 0.851826363 0.513772341 0.102126538
vn 0.786667441 0.508353932 0.350329298
vn 0.183126262 -0.0010110621 0.983088882
vn 0.505559995 -0.0394980024 0.861886883
vn 0.402259601 -0.0768872971 0.912291377
vn 0.00841694817 0.113436191 0.99350963
vn -0.00297852938 0.365528025 0.930795569
vn 0.0559904756 0.390803392 0.918769707
vn 0.341934554 -0.875924644 0.340348027
vn 0.384169799 -0.915618448 0.118559789
vn 0.296331286 -0.95190972 0.0778180881
vn 0.324520262 0.262766929 0.908647424
vn 0.096626882 0.065115539 0.993188407
vn 0.0901220905 0.0854677127 0.99225666
vn -0.549569002 0.683880914 0.479875825
vn -0.53668615 0.740314701 0.404848269
vn -0.447708814 0.668011723 0.594404875
vn 0.295593257 -0.291187103 0.909854218
vn 0.389424339 -0.50377496 0.771076828
vn 0.38176733 -0.464458402 0.799082035
vn -0.454179678 0.875507184 0.16494845
vn -0.375734957 0.805032616 0.459070506
vn -0.426467867 0.769103953 0.476029692
vn 0.110243725 0.807300461 0.579751918
vn 0.156006916 0.813065105 0.560880537
vn 0.103682429 0.628650669 0.770745282
vn 0.544031841 -0.779588376 0.3102762
vn 0.589584332 -0.794557507 0.145150552
vn 0.542621728 -0.836491579 0.0764427776
vn -0.588077535 -0.737242507 0.332623357
vn -0.549283386 -0.62660873 0.552855552
vn -0.483424647 -0.672519703 0.560372965
vn 0.324520262 0.262766929 0.908647424
vn 0.340867971 0.197134617 0.91920997
vn 0.096626882 0.065115539 0.993188407
vn 0.00994510622 0.929876581 0.367737186
vn 0.0991623675 0.921531058 0.375429532
vn 0.00401771277 0.798613056 0.60183141
vn 0.492724728 0.493769418 0.716529207
vn 0.441115363 0.418090416 0.794114375
vn 0.324520262 0.262766929 0.908647424
vn 0.326250054 -0.465211223 0.822884816
vn 0.262560903 -0.341379672 0.902508555
vn 0.38176733 -0.464458402 0.799082035
vn 0.308869534 0.901425966 0.303365849
vn 0.344186628 0.762359845 0.548035612
vn 0.250114861 0.780017327 0.57359875
vn -0.991272972 0.0716214766 0.110671854
vn -0.985441851 0.143807803 0.0906844743
vn -0.922392401 0.166356052 0.348594208
vn -0.350946122 0.0103432935 0.936338526
vn -0.628244391 0.00520058621 0.777998675
vn -0.628642926 0.0551235573 0.775738013
vn -0.0924419059 -0.721987104 0.685703373
vn -0.0897898964 -0.88661497 0.453708793
vn -0.151288239 -0.873697862 0.462346099
vn 0.62859659 -0.133120459 0.766254051
vn 0.402259601 -0.0768872971 0.912291377
vn 0.602642782 -0.125168611 0.788133553
vn -0.237963255 0.914450091 0.32734465
vn -0.15733114 0.915836161 0.369446936
vn -0.133826231 0.831466407 0.53921624
vn 0.22758515 -0.605275089 0.762789005
vn 0.326636589 -0.758359923 0.564091097
vn 0.262452624 -0.775129057 0.574711723
vn -0.359873641 0.931944459 0.0443901703
vn -0.291370403 0.951278843 0.100855593
vn -0.311955723 0.907126315 0.28249863
vn 0.854276284 -0.515605595 0.0660522614
vn 0.885632331 -0.464387086 -8.76866975e-05
vn 0.863517166 -0.50431943 -0.000128974411
vn 0.110243725 0.807300461 0.579751918
vn 0.103682429 0.628650669 0.770745282
vn 0.0165018827 0.652644443 0.7574846
vn 0.70240209 0.392546614 0.593749493
vn 0.713937003 0.321534761 0.62202038
vn 0.537343371 0.27503621 0.797256035
vn 0.548644746 -0.289279682 0.784414564
vn 0.36941686 -0.163501632 0.914766855
vn 0.59319555 -0.231185716 0.771149923
vn 0.805970472 0.399249306 0.437048726
vn 0.826704101 0.341934961 0.446811831
vn 0.713937003 0.321534761 0.62202038
vn 0.937498641 -0.00842283956 0.347886984
vn 0.994116334 0.0366132217 0.101942079
vn 0.991580132 -0.0682361609 0.110057564
vn -0.589743446 -0.581196259 0.560725937
vn -0.461517668 -0.3978653 0.792908977
vn -0.457900363 -0.49707367 0.737051575
vn -0.903866092 -0.4215117 0.0731708614
vn -0.905355644 -0.424654162 2.41021756e-05
vn -0.914126855 -0.405428282 1.58374657e-05
vn -0.437408368 0.557274474 0.705775516
vn -0.447708814 0.668011723 0.594404875
vn -0.356318628 0.503001638 0.787417543
vn -0.76784272 -0.635644146 0.079837815
vn -0.804125234 -0.560897161 0.196918722
vn -0.751386942 -0.556969048 0.353840561
vn 0.0685415992 0.0161743383 0.997517138
vn 0.292402846 0.125077387 0.948080283
vn 0.40300575 0.163755253 0.900428
vn -0.0912192785 0.0760272686 0.992924417
vn -0.278140808 0.303925598 0.911189838
vn -0.0757742651 0.0957656251 0.992515595
vn -0.538227966 -0.298254663 0.788260625
vn -0.315877653 -0.159159082 0.935355384
vn -0.450847137 -0.287237954 0.845122013
vn -0.243046992 0.819967782 0.518248006
vn -0.311955723 0.907126315 0.28249863
vn -0.237963255 0.914450091 0.32734465
vn 0.357461246 0.612087253 0.705386881
vn 0.425288099 0.658803729 0.620570447
vn 0.307536325 0.500185881 0.809466178
vn -0.929929186 -0.351068873 0.109463943
vn -0.955728894 -0.279366482 0.0923939932
vn -0.898260968 -0.290821856 0.329469091
vn -0.39277297 -0.909107263 0.138756543
vn -0.456597999 -0.883440527 0.105124224
vn -0.39492344 -0.84713612 0.355521969
vn -0.633929847 0.506902872 0.584108232
vn -0.600307679 0.555863478 0.575018681
vn -0.469426521 0.396305359 0.789037897
vn -0.456597999 -0.883440527 0.105124224
vn -0.447223466 -0.894422255 2.18040832e-05
vn -0.475538365 -0.879694983 9.10285765e-06
vn 0.202846018 0.390300001 0.898064253
vn 0.307536325 0.500185881 0.809466178
vn 0.214087641 0.317525879 0.923766095
vn -0.228106174 -0.967769935 0.106718914
vn -0.303399897 -0.943090698 0.136119205
vn -0.26030146 -0.891551517 0.370646789
vn -0.970573638 0.227852263 0.0779112306
vn -0.947242267 0.315022868 0.0590988998
vn -0.901503871 0.255325261 0.349427793
vn -0.705821088 -0.701931706 0.0954383152
vn -0.76784272 -0.635644146 0.079837815
vn -0.700177598 -0.629179646 0.337467486
vn 0.823745213 -0.451775772 0.34255288
vn 0.886034407 -0.45335247 0.0970287
vn 0.854276284 -0.515605595 0.0660522614
vn -0.776888056 -0.033171093 0.628764366
vn -0.819759111 -0.0130880277 0.572558908
vn -0.628244391 0.00520058621 0.777998675
vn -0.967350198 -0.200571915 0.154933862
vn -0.988928907 -0.105055422 0.104799688
vn -0.929785309 -0.120958708 0.347661144
vn -0.73594868 0.501278578 0.455081671
vn -0.787193379 0.602252738 0.132733661
vn -0.716568057 0.584862425 0.380087048
vn -0.207909191 0.973322363 0.0970430122
vn -0.110867337 0.979923495 0.165705697
vn -0.15733114 0.915836161 0.369446936
vn -0.309465398 -0.838476511 0.448540196
vn -0.292868359 -0.715970727 0.633730261
vn -0.248672927 -0.779654832 0.574717425
vn -0.689246726 -0.195733342 0.697586847
vn -0.612229254 -0.0960593488 0.78482351
vn -0.39937835 -0.0791629982 0.913362005
vn 0.544592436 -0.340076772 0.766659552
vn 0.338344546 -0.192123012 0.921201235
vn 0.548644746 -0.289279682 0.784414564
vn 0.417862723 -0.838965434 0.348608298
vn 0.473220407 -0.876470738 0.0886650586
vn 0.384169799 -0.915618448 0.118559789
vn 0.0185126328 -0.388666155 0.921192652
vn 0.0491410481 -0.633073898 0.772529998
vn -0.0168184968 -0.458219812 0.888679775
vn -0.304710644 0.173426636 0.936522624
vn -0.143613778 0.0587571978 0.987887987
vn -0.242992032 0.0845155652 0.966339481
vn -0.802905562 0.491528692 0.33725688
vn -0.73594868 0.501278578 0.455081671
vn -0.706874285 0.374249981 0.600221373
vn -0.0458422717 0.897149034 0.439342801
vn -0.0370559529 0.987919352 0.150473291
vn 0.00994510622 0.929876581 0.367737186
vn 0.76855346 0.126639609 0.627126773
vn 0.850508073 0.0457065467 0.52397226
vn 0.668069285 0.0833713613 0.739413718
vn -0.254569835 0.675911207 0.691620011
vn -0.20405313 0.685517061 0.698876727
vn -0.1899086 0.533822018 0.823995617
vn -0.588555178 -0.156261256 0.793211965
vn -0.689246726 -0.195733342 0.697586847
vn -0.39937835 -0.0791629982 0.913362005
vn -0.929929186 -0.351068873 0.109463943
vn -0.928181863 -0.372126898 3.23816631e-05
vn -0.942595357 -0.333937107 2.98205067e-05
vn 0.0584475667 0.0994974103 0.993319761
vn 0.043556158 0.107918524 0.993205142
vn 0.214087641 0.317525879 0.923766095
vn -0.303399897 -0.943090698 0.136119205
vn -0.292304058 -0.956325435 1.43531874e-05
vn -0.339025242 -0.940777277 2.00043349e-05
vn 0.38176733 -0.464458402 0.799082035
vn 0.457711806 -0.598434912 0.657552705
vn 0.326250054 -0.465211223 0.822884816
vn -0.870998985 -0.368131198 0.325330893
vn -0.794605511 -0.374111393 0.478166025
vn -0.877545547 -0.457145964 0.144676812
vn 0.493942274 -0.417602496 0.762646173
vn 0.295593257 -0.291187103 0.909854218
vn 0.335688227 -0.273657168 0.901346309
vn 0.101566646 -0.51162668 0.853183659
vn 0.0611531068 -0.412385491 0.908954622
vn 0.122469281 -0.387747571 0.913593507
vn -0.705821088 -0.701931706 0.0954383152
vn -0.703164569 -0.711027137 -1.03112187e-05
vn -0.732372129 -0.680904593 -1.51525666e-05
vn 0.00841694817 0.113436191 0.99350963
vn -0.0101174475 0.10332835 0.994595842
vn -0.00297852938 0.365528025 0.930795569
vn -0.157330412 -0.974024076 0.162862647
vn -0.157113253 -0.987580591 4.0685896e-05
vn -0.191820041 -0.981430116 1.80386851e-05
vn -0.350946122 0.0103432935 0.936338526
vn -0.479905147 -0.0174952659 0.87714592
vn -0.628244391 0.00520058621 0.777998675
vn -0.0278027911 0.348429407 0.936922597
vn -0.0650729217 0.25255265 0.965392497
vn -0.132286064 0.569124427 0.811540377
vn 0.62859659 -0.133120459 0.766254051
vn 0.412095333 -0.13154885 0.90159433
vn 0.402259601 -0.0768872971 0.912291377
vn 0.548644746 -0.289279682 0.784414564
vn 0.338344546 -0.192123012 0.921201235
vn 0.36941686 -0.163501632 0.914766855
vn -0.0912192785 0.0760272686 0.992924417
vn -0.279090429 0.245847518 0.928260486
vn -0.278140808 0.303925598 0.911189838
vn -0.228106174 -0.967769935 0.106718914
vn -0.225249446 -0.974301128 4.41355054e-06
vn -0.257766649 -0.966207201 -1.84463435e-05
vn 0.558591427 0.804290714 0.202711777
vn 0.5493227 0.715137748 0.432229768
vn 0.53903582 0.68661031 0.48785927
vn 0.544592436 -0.340076772 0.766659552
vn 0.335688227 -0.273657168 0.901346309
vn 0.338344546 -0.192123012 0.921201235
vn -0.877545547 -0.457145964 0.144676812
vn -0.794605511 -0.374111393 0.478166025
vn -0.818977463 -0.447467172 0.35923397
vn 0.0824751295 -0.64616242 0.758730506
vn 0.16710949 -0.868973376 0.465789319
vn 0.0994383482 -0.818032869 0.566510582
vn -0.912486344 0.112081949 0.39345433
vn -0.922392401 0.166356052 0.348594208
vn -0.810774826 0.140204299 0.568319396
vn -0.591879432 0.346283051 0.7278508
vn -0.619260253 0.371225686 0.69188744
vn -0.417323505 0.295793209 0.859271476
vn 0.912634908 -0.392162982 0.115350425
vn 0.847689181 -0.3997768 0.348714155
vn 0.881467892 -0.337725764 0.330084329
vn 0.701069414 -0.411718458 0.582228124
vn 0.756071274 -0.340707036 0.558815662
vn 0.847689181 -0.3997768 0.348714155
vn 0.208180812 0.498953395 0.841252792
vn 0.225147146 0.646250315 0.729156563
vn 0.267566788 0.597606632 0.755826916
vn 0.454443065 0.874503369 0.169485568
vn 0.558591427 0.804290714 0.202711777
vn 0.44653642 0.771573601 0.453077702
vn -0.238151396 -0.390502682 0.889264622
vn -0.144582155 -0.344078756 0.927742319
vn -0.279210848 -0.569119896 0.773397599
vn -0.117335223 0.455726177 0.882352592
vn -0.132286064 0.569124427 0.811540377
vn -0.0650729217 0.25255265 0.965392497
vn 0.679564564 0.6638557 0.312230064
vn 0.611279763 0.621636785 0.489800733
vn 0.575373531 0.655867696 0.488654137
vn 0.815884882 -0.558921512 0.148116856
vn 0.778028902 -0.624345121 0.0697438043
vn 0.750185584 -0.558652129 0.353736327
vn 0.679564564 0.6638557 0.312230064
vn 0.727592798 0.65454105 0.205389224
vn 0.649006534 0.610094835 0.454505018
vn -0.0394907611 -0.730640087 0.681619794
vn -0.0502212044 -0.893768364 0.445708361
vn -0.0897898964 -0.88661497 0.453708793
vn 0.529586824 0.346255821 0.774367292
vn 0.340867971 0.197134617 0.91920997
vn 0.324520262 0.262766929 0.908647424
vn 0.0611531068 -0.412385491 0.908954622
vn 0.0824751295 -0.64616242 0.758730506
vn 0.0491410481 -0.633073898 0.772529998
vn 0.529586824 0.346255821 0.774367292
vn 0.689125617 0.464560511 0.556137947
vn 0.70240209 0.392546614 0.593749493
vn -0.426467867 0.769103953 0.476029692
vn -0.447708814 0.668011723 0.594404875
vn -0.486512385 0.817691422 0.307711615
vn 0.532097868 0.0860727417 0.842296469
vn 0.476615674 0.0409228633 0.878158766
vn 0.306753814 0.0534422061 0.95028734
vn 0.476615674 0.0409228633 0.878158766
vn 0.502953339 0.0416753692 0.863308231
vn 0.500535691 0.0135976215 0.865609107
vn 0.473220407 -0.876470738 0.0886650586
vn 0.423026097 -0.906117466 -0.00024253608
vn 0.405352901 -0.914160267 -0.000176689579
vn -0.216465498 0.287717475 0.932931585
vn -0.0579793427 0.0944369021 0.993841067
vn -0.0757742651 0.0957656251 0.992515595
vn -0.14354019 0.0891624924 0.985619736
vn -0.143613778 0.0587571978 0.987887987
vn -0.304710644 0.173426636 0.936522624
vn -0.447708814 0.668011723 0.594404875
vn -0.426467867 0.769103953 0.476029692
vn -0.389427428 0.607270308 0.692509243
vn -0.612229254 -0.0960593488 0.78482351
vn -0.62926416 -0.075863352 0.773480038
vn -0.479905147 -0.0174952659 0.87714592
vn 0.937060822 0.312942501 0.154867707
vn 0.95996078 0.256113608 0.113495025
vn 0.885362351 0.270358313 0.378206148
vn 0.59319555 -0.231185716 0.771149923
vn 0.756071274 -0.340707036 0.558815662
vn 0.695304176 -0.338883976 0.63380577
vn -0.288344372 -0.207656897 0.934738539
vn -0.0959220873 -0.0429634402 0.994461209
vn -0.0920025905 -0.0780132753 0.992698067
vn -0.160838195 -0.613281641 0.773315397
vn -0.0700121977 -0.561891741 0.824242661
vn -0.147062819 -0.777398864 0.611574634
vn 0.884993463 -0.202044836 0.419481172
vn 0.901143297 -0.282321616 0.32899128
vn 0.758179468 -0.183610062 0.625660643
vn -0.383540798 -0.68850694 0.615511697
vn -0.276865382 -0.573173144 0.771244518
vn -0.279210848 -0.569119896 0.773397599
vn 0.230940534 -0.339145502 0.911946708
vn 0.262560903 -0.341379672 0.902508555
vn 0.326250054 -0.465211223 0.822884816
vn 0.668069285 0.0833713613 0.739413718
vn 0.502953339 0.0416753692 0.863308231
vn 0.532097868 0.0860727417 0.842296469
vn 0.505559995 -0.0394980024 0.861886883
vn 0.693296355 -0.0118131598 0.720555767
vn 0.681170672 -0.0610177544 0.729577514
vn -0.492726603 -0.384939707 0.780411376
vn -0.331904611 -0.238488429 0.912667847
vn -0.298761372 -0.285114024 0.910742354
vn -0.7947245 0.0934778945 0.599728983
vn -0.810774826 0.140204299 0.568319396
vn -0.66780116 0.0938951026 0.738393744
vn -0.0465130467 -0.986391 0.157700135
vn -0.0902195307 -0.995921885 -0.000185497083
vn -0.132112818 -0.991234674 -0.000154500538
vn 0.101566646 -0.51162668 0.853183659
vn 0.125734796 -0.572940012 0.809895366
vn 0.0824751295 -0.64616242 0.758730506
vn 0.209995332 -0.143248381 0.967151416
vn 0.109686715 -0.0583905864 0.992249648
vn 0.338344546 -0.192123012 0.921201235
vn 0.0385522193 -0.84867754 0.527503706
vn -0.0502212044 -0.893768364 0.445708361
vn 0.0150667556 -0.719449431 0.694381386
vn -0.133826231 0.831466407 0.53921624
vn -0.0861850269 0.715277583 0.693505674
vn -0.0116994548 0.512717404 0.858477715
vn -0.614585102 0.21549502 0.758845866
vn -0.695621816 0.290067058 0.657245305
vn -0.464681616 0.183556118 0.866243699
vn -0.831997702 0.532455012 0.155793084
vn -0.73594868 0.501278578 0.455081671
vn -0.802905562 0.491528692 0.33725688
vn 0.454443065 0.874503369 0.169485568
vn 0.430481249 0.75800394 0.490016245
vn 0.416537184 0.826304413 0.379101296
vn -0.706874285 0.374249981 0.600221373
vn -0.695621816 0.290067058 0.657245305
vn -0.788113943 0.431083436 0.43936714
vn 0.38176733 -0.464458402 0.799082035
vn 0.529095125 -0.64132966 0.555656922
vn 0.457711806 -0.598434912 0.657552705
vn -0.870998985 -0.368131198 0.325330893
vn -0.73086308 -0.27830323 0.623206603
vn -0.794605511 -0.374111393 0.478166025
vn -0.985441851 0.143807803 0.0906844743
vn -0.994409941 0.105588193 -5.07775887e-05
vn -0.999055462 0.043452163 -0.000304883118
vn -0.804125234 -0.560897161 0.196918722
vn -0.806311455 -0.591491198 -1.50658519e-06
vn -0.831322577 -0.555790223 2.0922923e-05
vn -0.303399897 -0.943090698 0.136119205
vn -0.339025242 -0.940777277 2.00043349e-05
vn -0.353649477 -0.935378023 4.06965751e-05
vn 0.558591427 0.804290714 0.202711777
vn 0.625945643 0.761854548 0.166642431
vn 0.5493227 0.715137748 0.432229768
vn 0.494526802 0.869162379 2.73453879e-05
vn 0.509773084 0.8603089 1.90014492e-05
vn 0.515683915 0.853902562 -0.0701463779
vn -0.870241777 0.492624802 -0.000232202021
vn -0.837982296 0.54569739 -0.000171716412
vn -0.874444154 0.47943084 0.0741180875
vn 0.796914423 0.604092213 -2.86575874e-05
vn 0.824804569 0.565417902 -0.000137079016
vn 0.814693144 0.574536496 0.0786313853
vn -0.90003622 0.435815098 -6.309669e-05
vn -0.870241777 0.492624802 -0.000232202021
vn -0.874444154 0.47943084 0.0741180875
vn 0.852986555 0.521932852 -0.000189728566
vn 0.859853314 0.510541109 -0.000232368036
vn 0.879030111 0.452951731 0.148797825
vn -0.851208102 -0.524828322 1.47795756e-05
vn -0.862613643 -0.505863324 1.52801936e-05
vn -0.852430514 -0.518038983 0.0706953325
vn 0.859853314 0.510541109 -0.000232368036
vn 0.895962527 0.444129641 -0.000109094645
vn 0.879030111 0.452951731 0.148797825
vn -0.993647613 -0.112536301 4.07357793e-05
vn -0.996957774 -0.0779435408 1.84754407e-05
vn -0.988928907 -0.105055422 0.104799688
vn 0.808167021 -0.588953362 -5.75621002e-05
vn 0.795230837 -0.60630677 -0.000130455543
vn 0.778028902 -0.624345121 0.0697438043
vn 0.0889243246 0.996038385 -1.28554866e-05
vn 0.1271234 0.991886909 3.16304543e-06
vn 0.120142699 0.987266125 0.104265676
vn -0.989722297 -0.14300271 -1.39326855e-05
vn -0.993647613 -0.112536301 4.07357793e-05
vn -0.988928907 -0.105055422 0.104799688
vn -0.994348244 0.106167221 -0.000300557503
vn -0.978628399 0.205636696 -7.3225565e-05
vn -0.985441851 0.143807803 0.0906844743
vn -0.740026862 0.67257729 -0.000178634968
vn -0.702800738 0.711386727 -0.000216258686
vn -0.6722051 0.721606503 0.165603014
vn -0.913334406 0.40721034 4.0668713e-05
vn -0.896503007 0.443037647 3.54812536e-05
vn -0.876548632 0.438890658 0.197579066
vn -0.957748364 0.287607494 1.38543193e-05
vn -0.9473925 0.320074133 3.33978852e-05
vn -0.947242267 0.315022868 0.0590988998
vn -0.832690671 0.553738425 -5.5069374e-05
vn -0.793384312 0.60872103 -0.000203324146
vn -0.787193379 0.602252738 0.132733661
vn 0.923882839 0.382675438 -9.21196476e-05
vn 0.937848536 0.347044844 -1.36038793e-05
vn 0.908154299 0.383825566 0.167133791
vn 0.938487666 -0.345312758 1.02254876e-05
vn 0.932134157 -0.36211312 3.51076489e-05
vn 0.931591419 -0.349040735 0.101528291
vn -0.00804197763 0.999967663 -1.626125e-05
vn 0.00937461467 0.999956057 1.83897407e-05
vn 0.0387017872 0.993798245 0.10424596
vn -0.793384312 0.60872103 -0.000203324146
vn -0.751840364 0.659345167 -0.000132748994
vn -0.787193379 0.602252738 0.132733661
vn 0.486645961 0.87359928 -8.6304927e-05
vn 0.526603249 0.850111171 -0.000123883124
vn 0.558591427 0.804290714 0.202711777
vn -0.310939527 0.950429698 6.11922509e-06
vn -0.275535896 0.961290783 8.00226145e-06
vn -0.291370403 0.951278843 0.100855593
vn -0.240367402 0.970681983 2.01363986e-05
vn -0.192993506 0.981200034 2.17628693e-05
vn -0.207909191 0.973322363 0.0970430122
vn -0.977000741 0.213235906 8.53866733e-07
vn -0.967849671 0.25152935 4.61595999e-06
vn -0.970573638 0.227852263 0.0779112306
vn 0.736263082 -0.676695393 -0.000138288317
vn 0.712772742 -0.70139505 -4.76775068e-05
vn 0.746369698 -0.643895778 0.168316671
vn 0.336854451 0.941556731 -2.51980795e-05
vn 0.369932587 0.929058599 3.89045557e-05
vn 0.35558453 0.925948554 0.127196371
vn 0.863517166 -0.50431943 -0.000128974411
vn 0.838842135 -0.544374752 -2.91622048e-05
vn 0.854276284 -0.515605595 0.0660522614
vn -0.597275209 0.802036361 3.23449246e-05
vn -0.566152409 0.824300582 3.27469071e-05
vn -0.559796702 0.813133673 0.159503239
vn -0.75556241 -0.65507667 7.35299713e-06
vn -0.785367588 -0.619029685 3.11301566e-06
vn -0.76784272 -0.635644146 0.079837815
vn -0.430861883 0.902417883 5.67375782e-05
vn -0.400296374 0.916385733 4.08371945e-05
vn -0.395033952 0.904303126 0.161814808
vn -0.999242271 -0.0389215024 3.09110336e-05
vn -0.999974693 0.00711431422 2.69895235e-05
vn -0.995064566 -0.0143797428 0.0981821369
vn 0.620428407 0.784263088 1.89947375e-05
vn 0.654008889 0.756486861 4.49980778e-05
vn 0.625945643 0.761854548 0.166642431
vn 0.198524505 -0.980095924 1.35469864e-05
vn 0.153862379 -0.988092286 5.5791536e-05
vn 0.168764728 -0.982426275 0.0797313096
vn -0.145716814 0.989326341 3.62931672e-05
vn -0.100411062 0.994946036 5.89026334e-05
vn -0.110867337 0.979923495 0.165705697
vn -0.999055462 0.043452163 -0.000304883118
vn -0.994348244 0.106167221 -0.000300557503
vn -0.985441851 0.143807803 0.0906844743
vn 0.824804569 0.565417902 -0.000137079016
vn 0.851143186 0.524933579 -0.000122573635
vn 0.814693144 0.574536496 0.0786313853
vn 0.945224204 -0.32642182 -6.76642715e-06
vn 0.938487666 -0.345312758 1.02254876e-05
vn 0.931591419 -0.349040735 0.101528291
vn -0.00622928533 -0.999980598 1.17055846e-05
vn -0.0902195307 -0.995921885 -0.000185497083
vn -0.0465130467 -0.986391 0.157700135
vn 0.939845396 0.341600103 3.4384355e-05
vn 0.951194098 0.30859324 2.6845011e-05
vn 0.937060822 0.312942501 0.154867707
vn -0.702800738 0.711386727 -0.000216258686
vn -0.644991487 0.764189755 -1.75049762e-05
vn -0.6722051 0.721606503 0.165603014
vn -0.367331165 0.930090219 2.11764393e-05
vn -0.343954207 0.938986424 4.59764398e-06
vn -0.359873641 0.931944459 0.0443901703
vn 0.324065882 0.946034515 -2.84255537e-05
vn 0.336854451 0.941556731 -2.51980795e-05
vn 0.35558453 0.925948554 0.127196371
vn 0.526603249 0.850111171 -0.000123883124
vn 0.603768059 0.79716004 -4.56939858e-05
vn 0.558591427 0.804290714 0.202711777
vn 0.369932587 0.929058599 3.89045557e-05
vn 0.402788754 0.915292969 1.06595705e-07
vn 0.35558453 0.925948554 0.127196371
vn 0.00937461467 0.999956057 1.83897407e-05
vn 0.0526093295 0.99861517 3.10726371e-06
vn 0.0387017872 0.993798245 0.10424596
vn -0.632451242 0.656082577 -0.411777947
vn -0.579885785 0.76793862 -0.272034468
vn -0.540206927 0.714751624 -0.444192066
vn -0.991272972 0.0716214766 0.110671854
vn -0.999974693 0.00711431422 2.69895235e-05
vn -0.997293219 0.073527101 -2.22611048e-06
vn -0.0729434829 -0.797052585 -0.599488469
vn 0.082587156 -0.892437732 -0.443547356
vn -0.0825849503 -0.892437788 -0.443547652
vn 0.277407409 0.895002012 0.349308642
vn 0.236235091 0.956150151 0.173118081
vn 0.292325619 0.951268801 0.0981498891
vn 0.825468283 -0.564448504 1.41768358e-05
vn 0.854276284 -0.515605595 0.0660522614
vn 0.838842135 -0.544374752 -2.91622048e-05
vn -0.914523412 0.00859540598 0.40444165
vn -0.776888056 -0.033171093 0.628764366
vn -0.930202266 -0.0541036665 0.363037929
vn 0.991580132 -0.0682361609 0.110057564
vn 0.989379211 -0.145357398 6.75072067e-05
vn 0.976019918 -0.146990478 0.160558149
vn 0.450747888 -0.757895438 0.471615146
vn 0.417862723 -0.838965434 0.348608298
vn 0.378863987 -0.726394289 0.573422546
vn -0.243046992 0.819967782 0.518248006
vn -0.254569835 0.675911207 0.691620011
vn -0.31237636 0.820599523 0.478578553
vn -0.930202266 -0.0541036665 0.363037929
vn -0.814062875 -0.101303679 0.571873413
vn -0.929785309 -0.120958708 0.347661144
vn -0.479905147 -0.0174952659 0.87714592
vn -0.776888056 -0.033171093 0.628764366
vn -0.628244391 0.00520058621 0.777998675
vn 0.219018496 -0.76936438 0.600091118
vn 0.307960458 -0.671127693 0.67435004
vn 0.186905412 -0.71365481 0.675102347
vn -0.045880396 0.119201698 0.99180943
vn -0.153660269 0.2476462 0.956587623
vn -0.177214467 0.408739463 0.89528045
vn 0.0165018827 0.652644443 0.7574846
vn 0.0991623675 0.921531058 0.375429532
vn 0.110243725 0.807300461 0.579751918
vn 0.758398225 0.228448835 0.610445134
vn 0.596381232 0.146133076 0.789287368
vn 0.571915696 0.17597917 0.801213934
vn -0.26030146 -0.891551517 0.370646789
vn -0.190907128 -0.801477578 0.566734648
vn -0.205457801 -0.910580549 0.358650465
vn -0.794605511 -0.374111393 0.478166025
vn -0.713708854 -0.399310397 0.575474482
vn -0.818977463 -0.447467172 0.35923397
vn -0.6722051 0.721606503 0.165603014
vn -0.549569002 0.683880914 0.479875825
vn -0.622526936 0.638844065 0.452038134
vn 0.758179468 -0.183610062 0.625660643
vn 0.412095333 -0.13154885 0.90159433
vn 0.62859659 -0.133120459 0.766254051
vn -0.967849671 0.25152935 4.61595999e-06
vn -0.947242267 0.315022868 0.0590988998
vn -0.970573638 0.227852263 0.0779112306
vn 0.926644666 -0.0596691694 0.371172809
vn 0.681170672 -0.0610177544 0.729577514
vn 0.837779081 -0.0203476021 0.545630082
vn -0.157330412 -0.974024076 0.162862647
vn -0.205457801 -0.910580549 0.358650465
vn -0.151288239 -0.873697862 0.462346099
vn 0.93786763 0.0554625422 0.342532064
vn 0.986590774 0.123366367 0.106861521
vn 0.994116334 0.0366132217 0.101942079
vn 0.762915193 -0.098866954 0.638894149
vn 0.402259601 -0.0768872971 0.912291377
vn 0.681170672 -0.0610177544 0.729577514
vn 0.812592004 0.446478502 0.374634731
vn 0.805970472 0.399249306 0.437048726
vn 0.70240209 0.392546614 0.593749493
vn -0.0957635581 0.889795724 0.446198286
vn -0.15733114 0.915836161 0.369446936
vn -0.110867337 0.979923495 0.165705697
vn -0.600049299 -0.79468844 -0.0917121667
vn -0.735942516 -0.670816452 0.0916182365
vn -0.736099861 -0.67063286 -0.0916982097
vn -0.622526936 0.638844065 0.452038134
vn -0.676530949 0.650541297 0.345111425
vn -0.6722051 0.721606503 0.165603014
vn 0.923209754 0.162417491 0.348287682
vn 0.779728535 0.179555998 0.599819186
vn 0.902725407 0.212490769 0.374078218
vn 0.295593257 -0.291187103 0.909854218
vn 0.500273251 -0.439050218 0.746298586
vn 0.389424339 -0.50377496 0.771076828
vn -0.417323505 0.295793209 0.859271476
vn -0.469426521 0.396305359 0.789037897
vn -0.279090429 0.245847518 0.928260486
vn -0.21992126 -0.768934426 -0.600311992
vn -0.314179544 -0.671117791 -0.671485015
vn -0.188539783 -0.717012147 -0.671078484
vn 0.389424339 -0.50377496 0.771076828
vn 0.677948926 -0.723336074 0.131035025
vn 0.515229802 -0.639592326 0.570490935
vn 0.272518112 0.957766833 -0.0917418842
vn 0.443893764 0.89136774 0.0917707925
vn 0.443900981 0.891364234 -0.0917699355
vn 0.272514476 -0.957767655 -0.0917440998
vn 0.0918798239 -0.991531747 0.0917763204
vn 0.0918792133 -0.991531909 -0.0917751809
vn -0.443899513 -0.891364933 -0.091770248
vn -0.60004987 -0.794688068 0.0917116578
vn -0.600049299 -0.79468844 -0.0917121667
vn 0.923882839 0.382675438 -9.21196476e-05
vn 0.879030111 0.452951731 0.148797825
vn 0.895962527 0.444129641 -0.000109094645
vn 0.0994383482 -0.818032869 0.566510582
vn 0.0725536055 -0.936452219 0.343210164
vn 0.0385522193 -0.84867754 0.527503706
vn -0.0897898964 -0.88661497 0.453708793
vn -0.157330412 -0.974024076 0.162862647
vn -0.151288239 -0.873697862 0.462346099
vn 0.277407409 0.895002012 0.349308642
vn 0.148943663 0.711014271 0.687222302
vn 0.180862128 0.851014253 0.49301484
vn -0.509867789 0.567131283 0.646836104
vn -0.549569002 0.683880914 0.479875825
vn -0.437408368 0.557274474 0.705775516
vn 0.558591427 0.804290714 0.202711777
vn 0.425288099 0.658803729 0.620570447
vn 0.44653642 0.771573601 0.453077702
vn 0.571915696 0.17597917 0.801213934
vn 0.40300575 0.163755253 0.900428
vn 0.585091309 0.230404607 0.777548633
vn 0.443900981 0.891364234 -0.0917699355
vn 0.600052251 0.794686216 0.0917121267
vn 0.600069118 0.794671473 -0.0917295145
vn 0.885632331 -0.464387086 -8.76866975e-05
vn 0.886034407 -0.45335247 0.0970287
vn 0.8896463 -0.456650261 1.16254633e-05
vn -0.628642926 0.0551235573 0.775738013
vn -0.914523412 0.00859540598 0.40444165
vn -0.7947245 0.0934778945 0.599728983
vn 0.529095125 -0.64132966 0.555656922
vn 0.589584332 -0.794557507 0.145150552
vn 0.544031841 -0.779588376 0.3102762
vn -0.132286064 0.569124427 0.811540377
vn -0.243046992 0.819967782 0.518248006
vn -0.18156487 0.669024179 0.720722447
vn 0.649579277 -0.430947149 0.626363567
vn 0.335688227 -0.273657168 0.901346309
vn 0.544592436 -0.340076772 0.766659552
vn -0.00622928533 -0.999980598 1.17055846e-05
vn 0.00290716558 -0.989135531 0.146977721
vn 0.016283575 -0.999867414 2.06717208e-05
vn 0.0385522193 -0.84867754 0.527503706
vn 0.00290716558 -0.989135531 0.146977721
vn -0.0334150628 -0.950533231 0.308820354
vn 0.575373531 0.655867696 0.488654137
vn 0.492724728 0.493769418 0.716529207
vn 0.457737627 0.537120703 0.708503786
vn 0.940698097 0.105149009 0.322538022
vn 0.923209754 0.162417491 0.348287682
vn 0.986590774 0.123366367 0.106861521
vn -0.566152409 0.824300582 3.27469071e-05
vn -0.511948629 0.853123161 0.10044637
vn -0.559796702 0.813133673 0.159503239
vn -0.694685486 -0.532437836 0.483654864
vn -0.450847137 -0.287237954 0.845122013
vn -0.591016158 -0.458768147 0.663499577
vn -0.515014308 -0.850627949 0.105793929
vn -0.444386634 -0.835445648 0.323343607
vn -0.456597999 -0.883440527 0.105124224
vn -0.591016158 -0.458768147 0.663499577
vn -0.620692986 -0.514664963 0.591489809
vn -0.694685486 -0.532437836 0.483654864
vn -0.695621816 0.290067058 0.657245305
vn -0.876548632 0.438890658 0.197579066
vn -0.788113943 0.431083436 0.43936714
vn -0.59390052 -0.261592724 0.760822856
vn -0.794605511 -0.374111393 0.478166025
vn -0.73086308 -0.27830323 0.623206603
vn -0.25287526 0.0486027619 0.966277328
vn -0.628642926 0.0551235573 0.775738013
vn -0.466075739 0.0812524765 0.881005925
vn -0.218866341 0.769361045 0.600150904
vn -0.308989526 0.671498003 0.673510137
vn -0.188880101 0.714529097 0.673626363
vn -0.559796702 0.813133673 0.159503239
vn -0.486512385 0.817691422 0.307711615
vn -0.53668615 0.740314701 0.404848269
vn 0.147090287 0.93353755 0.326912972
vn 0.180862128 0.851014253 0.49301484
vn 0.156006916 0.813065105 0.560880537
vn 0.884993463 -0.202044836 0.419481172
vn 0.950648205 -0.291310912 0.106798606
vn 0.901143297 -0.282321616 0.32899128
vn 0.0576440003 -0.733568155 0.677166841
vn -0.0734636611 -0.796127473 0.600653093
vn 0.0736535544 -0.79604552 0.600738449
vn -0.616178608 0.767368958 0.17739449
vn -0.53668615 0.740314701 0.404848269
vn -0.549569002 0.683880914 0.479875825
vn 0.901143297 -0.282321616 0.32899128
vn 0.931591419 -0.349040735 0.101528291
vn 0.881467892 -0.337725764 0.330084329
vn 0.0734828886 0.796145408 -0.600626967
vn 0.189077558 0.714388619 -0.673719955
vn 0.0663234888 0.734621225 -0.675227998
vn 0.16710949 -0.868973376 0.465789319
vn 0.25073867 -0.95350667 0.167197936
vn 0.188603746 -0.941711972 0.278580668
vn 0.334729516 0.431556067 0.837684614
vn 0.53903582 0.68661031 0.48785927
vn 0.47772627 0.562246667 0.675023182
vn -0.315877653 -0.159159082 0.935355384
vn -0.663821825 -0.302218829 0.684108445
vn -0.533957683 -0.20629155 0.819959139
vn 0.0918792133 -0.991531909 -0.0917751809
vn 0.263326525 -0.92553204 -0.272120534
vn 0.272514476 -0.957767655 -0.0917440998
vn 0.771517059 0.582737759 0.255300082
vn 0.735870459 0.670880715 0.0917264121
vn 0.71096005 0.648283559 0.272514649
vn -0.428934733 0.861368677 -0.272137827
vn -0.540206927 0.714751624 -0.444192066
vn -0.579885785 0.76793862 -0.272034468
vn 0.272514179 -0.957767731 0.0917441868
vn 0.428930234 -0.861368738 0.272144723
vn 0.263318807 -0.925532447 0.272126616
vn -0.896503007 0.443037647 3.54812536e-05
vn -0.874444154 0.47943084 0.0741180875
vn -0.876548632 0.438890658 0.197579066
vn 0.625147789 0.508819186 0.591855792
vn 0.727592798 0.65454105 0.205389224
vn 0.708521314 0.546673721 0.446257089
vn 0.976155189 0.188553115 0.107558216
vn 0.96690558 0.255134474 -1.40911187e-05
vn 0.981832782 0.189748217 -3.88251359e-05
vn 0.324065882 0.946034515 -2.84255537e-05
vn 0.292325619 0.951268801 0.0981498891
vn 0.298648553 0.95436316 1.45779767e-05
vn 0.541118259 0.71304863 0.44581687
vn 0.358832173 0.714709804 0.600357699
vn 0.475464872 0.674719841 0.564523066
vn -0.644972906 -0.758334441 0.0945453623
vn -0.597297486 -0.80201977 2.98452213e-05
vn -0.647502362 -0.762063443 7.23431923e-07
vn 0.267566788 0.597606632 0.755826916
vn 0.430481249 0.75800394 0.490016245
vn 0.357461246 0.612087253 0.705386881
vn -0.0370559529 0.987919352 0.150473291
vn -0.100411062 0.994946036 5.89026334e-05
vn -0.0385686061 0.999255954 6.66009242e-06
vn -0.540179063 -0.714742229 -0.444241068
vn -0.355946454 -0.718154793 -0.597959711
vn -0.399453677 -0.802262141 -0.44363523
vn 0.998211328 -0.0597841407 -2.60708567e-05
vn 0.994116334 0.0366132217 0.101942079
vn 0.99999952 0.000979657806 -2.58941924e-05
vn 0.743482137 0.668755792 5.38845251e-05
vn 0.77880889 0.604773461 0.166450515
vn 0.727592798 0.65454105 0.205389224
vn -0.795266753 0.600253884 0.0851238227
vn -0.735871152 0.670887252 -0.0916730186
vn -0.795210175 0.600218872 -0.0858957749
vn 0.76855346 0.126639609 0.627126773
vn 0.596381232 0.146133076 0.789287368
vn 0.779728535 0.179555998 0.599819186
vn 0.779728535 0.179555998 0.599819186
vn 0.885362351 0.270358313 0.378206148
vn 0.902725407 0.212490769 0.374078218
vn 0.236608423 0.971605091 3.60372261e-05
vn 0.292325619 0.951268801 0.0981498891
vn 0.236235091 0.956150151 0.173118081
vn 0.303788514 -0.880683365 0.363468499
vn 0.234406335 -0.85345202 0.465481814
vn 0.262452624 -0.775129057 0.574711723
vn 0.198885114 -0.359917583 0.911539382
vn 0.364541278 -0.577086486 0.730808349
vn 0.276815607 -0.542536346 0.793112497
vn 0.47772627 0.562246667 0.675023182
vn 0.575373531 0.655867696 0.488654137
vn 0.457737627 0.537120703 0.708503786
vn 0.35558453 0.925948554 0.127196371
vn 0.344186628 0.762359845 0.548035612
vn 0.308869534 0.901425966 0.303365849
vn -0.600930266 0.434961403 0.670590332
vn -0.716568057 0.584862425 0.380087048
vn -0.633929847 0.506902872 0.584108232
vn -0.842073918 -0.174206391 0.510454357
vn -0.967350198 -0.200571915 0.154933862
vn -0.929185082 -0.137745558 0.342988696
vn -0.804125234 -0.560897161 0.196918722
vn -0.66270379 -0.371505665 0.650236286
vn -0.694685486 -0.532437836 0.483654864
vn 0.856877578 0.515519948 -1.7326879e-05
vn 0.814693144 0.574536496 0.0786313853
vn 0.851143186 0.524933579 -0.000122573635
vn 0.77880889 0.604773461 0.166450515
vn 0.689125617 0.464560511 0.556137947
vn 0.708521314 0.546673721 0.446257089
vn -0.383540798 -0.68850694 0.615511697
vn -0.238151396 -0.390502682 0.889264622
vn -0.276865382 -0.573173144 0.771244518
vn -0.450847137 -0.287237954 0.845122013
vn -0.0959220873 -0.0429634402 0.994461209
vn -0.288344372 -0.207656897 0.934738539
vn -0.614585102 0.21549502 0.758845866
vn -0.590491588 0.159525483 0.791120285
vn -0.760211784 0.276563264 0.587869718
vn -0.207909191 0.973322363 0.0970430122
vn -0.145716814 0.989326341 3.62931672e-05
vn -0.110867337 0.979923495 0.165705697
vn -0.254569835 0.675911207 0.691620011
vn -0.375734957 0.805032616 0.459070506
vn -0.31237636 0.820599523 0.478578553
vn -0.41519692 -0.140310092 0.898846258
vn -0.73086308 -0.27830323 0.623206603
vn -0.588555178 -0.156261256 0.793211965
vn 0.276815607 -0.542536346 0.793112497
vn 0.0462580805 -0.139551341 0.989133769
vn 0.198885114 -0.359917583 0.911539382
vn 0.852986555 0.521932852 -0.000189728566
vn 0.851826363 0.513772341 0.102126538
vn 0.856877578 0.515519948 -1.7326879e-05
vn -0.205457801 -0.910580549 0.358650465
vn -0.147062819 -0.777398864 0.611574634
vn -0.151288239 -0.873697862 0.462346099
vn -0.395033952 0.904303126 0.161814808
vn -0.464511046 0.885567325 2.83937594e-05
vn -0.430861883 0.902417883 5.67375782e-05
vn 0.428946075 0.861355298 0.272162297
vn 0.27251554 0.957767564 0.091741884
vn 0.263320375 0.925532109 0.272126247
vn -0.157330412 -0.974024076 0.162862647
vn -0.106804041 -0.994280089 3.61670554e-05
vn -0.157113253 -0.987580591 4.0685896e-05
vn 0.0918798239 -0.991531747 0.0917763204
vn -0.0887293212 -0.958140485 0.272201983
vn -0.0918772393 -0.991532112 0.0917749577
vn 0.428935626 0.861368257 -0.272137748
vn 0.272518112 0.957766833 -0.0917418842
vn 0.443900981 0.891364234 -0.0917699355
vn -0.0734636611 -0.796127473 0.600653093
vn 0.0825856454 -0.892434534 0.443554072
vn 0.0736535544 -0.79604552 0.600738449
vn 0.272514476 -0.957767655 -0.0917440998
vn 0.428933912 -0.861368703 -0.272139039
vn 0.443893662 -0.891367657 -0.0917720926
vn 0.825468283 -0.564448504 1.41768358e-05
vn 0.778028902 -0.624345121 0.0697438043
vn 0.815884882 -0.558921512 0.148116856
vn -0.0924419059 -0.721987104 0.685703373
vn -0.147062819 -0.777398864 0.611574634
vn -0.0700121977 -0.561891741 0.824242661
vn -0.57797883 -0.809241446 0.105208147
vn -0.51209156 -0.799738262 0.313338389
vn -0.515014308 -0.850627949 0.105793929
vn 0.998667454 0.0516073207 2.08471678e-05
vn 0.986590774 0.123366367 0.106861521
vn 0.99245456 0.122612987 -3.08725513e-05
vn -0.838698504 0.544596015 -5.71870303e-06
vn -0.787193379 0.602252738 0.132733661
vn -0.831997702 0.532455012 0.155793084
vn -0.0387560411 -0.736490218 -0.675337047
vn 0.073596666 -0.796119118 -0.600647885
vn -0.0729434829 -0.797052585 -0.599488469
vn 0.248870416 -0.968536791 6.26798128e-07
vn 0.296331286 -0.95190972 0.0778180881
vn 0.30827313 -0.951297891 2.62694449e-05
vn -0.42894605 -0.861355548 0.272161545
vn -0.272512809 -0.957768196 0.0917433999
vn -0.263321022 -0.925531481 0.272127758
vn -0.298761372 -0.285114024 0.910742354
vn -0.457900363 -0.49707367 0.737051575
vn -0.461517668 -0.3978653 0.792908977
vn -0.0316325802 0.770479032 0.636680014
vn 0.00994510622 0.929876581 0.367737186
vn 0.00401771277 0.798613056 0.60183141
vn -0.736099861 -0.67063286 -0.0916982097
vn -0.579844979 -0.767968035 -0.272038413
vn -0.600049299 -0.79468844 -0.0917121667
vn 0.976019918 -0.146990478 0.160558149
vn 0.975466397 -0.220148376 4.89023491e-06
vn 0.962139427 -0.217522009 0.164231236
vn -0.0278027911 0.348429407 0.936922597
vn -0.133826231 0.831466407 0.53921624
vn -0.0116994548 0.512717404 0.858477715
vn -0.751840364 0.659345167 -0.000132748994
vn -0.740253379 0.66535466 0.0965821432
vn -0.787193379 0.602252738 0.132733661
vn -0.895297526 -0.245135411 0.371955603
vn -0.689246726 -0.195733342 0.697586847
vn -0.811307908 -0.243942079 0.531292519
vn 0.735864706 -0.670886047 -0.0917335609
vn 0.600055196 -0.794684043 0.0917116908
vn 0.600054129 -0.794684866 -0.091711541
vn 0.38176733 -0.464458402 0.799082035
vn 0.134670024 -0.128613193 0.982508336
vn 0.295593257 -0.291187103 0.909854218
vn 0.120142699 0.987266125 0.104265676
vn 0.0526093295 0.99861517 3.10726371e-06
vn 0.0889243246 0.996038385 -1.28554866e-05
vn 0.735870459 0.670880715 0.0917264121
vn 0.57984206 0.767952004 0.272089883
vn 0.71096005 0.648283559 0.272514649
vn -0.428932089 0.861368275 0.272143267
vn -0.539664486 0.715017529 0.44442342
vn -0.399456718 0.802258926 0.443638305
vn -0.0825878438 0.89243857 -0.44354554
vn 0.0887267852 0.958141408 -0.27219956
vn 0.0825844172 0.892437982 -0.443547362
vn 0.0887300361 -0.958140004 0.272203442
vn -0.0825845918 -0.892435573 0.443552177
vn -0.0887293212 -0.958140485 0.272201983
vn -0.735880904 0.670878702 0.0916573098
vn -0.772052955 0.582539283 0.254130318
vn -0.711424355 0.647867916 0.272291297
vn -0.930662032 0.365880011 1.43786291e-05
vn -0.947242267 0.315022868 0.0590988998
vn -0.9473925 0.320074133 3.33978852e-05
vn 0.168764728 -0.982426275 0.0797313096
vn 0.248870416 -0.968536791 6.26798128e-07
vn 0.198524505 -0.980095924 1.35469864e-05
vn -0.600067544 0.794672712 -0.0917290803
vn -0.711246662 0.647907429 -0.272661236
vn -0.735871152 0.670887252 -0.0916730186
vn -0.0733952398 0.796028641 0.600792428
vn 0.0598141525 0.733432798 0.677125246
vn 0.0736279224 0.795684771 0.601219323
vn 0.711174206 -0.647880569 -0.272913939
vn 0.540840208 -0.71356827 -0.445322573
vn 0.634009703 -0.652691825 -0.41475906
vn -0.771673882 -0.582535821 -0.25528697
vn -0.736099861 -0.67063286 -0.0916982097
vn -0.795567409 -0.599713278 -0.0861189979
vn 0.35558453 0.925948554 0.127196371
vn 0.277407409 0.895002012 0.349308642
vn 0.292325619 0.951268801 0.0981498891
vn -0.515014308 -0.850627949 0.105793929
vn -0.475538365 -0.879694983 9.10285765e-06
vn -0.505870996 -0.862609144 6.15857059e-06
vn -0.399453677 -0.802262141 -0.44363523
vn -0.21992126 -0.768934426 -0.600311992
vn -0.24527377 -0.862012211 -0.4435941
vn -0.188123964 -0.714847535 0.673500093
vn -0.0734636611 -0.796127473 0.600653093
vn -0.0689685705 -0.733729826 0.675931859
vn -0.942595357 -0.333937107 2.98205067e-05
vn -0.955728894 -0.279366482 0.0923939932
vn -0.929929186 -0.351068873 0.109463943
vn -0.852430514 -0.518038983 0.0706953325
vn -0.831322577 -0.555790223 2.0922923e-05
vn -0.851208102 -0.524828322 1.47795756e-05
vn 0.886034407 -0.45335247 0.0970287
vn 0.917425951 -0.397906551 2.08284278e-05
vn 0.8896463 -0.456650261 1.16254633e-05
vn -0.539664486 0.715017529 0.44442342
vn -0.357489331 0.715447214 0.600280486
vn -0.399456718 0.802258926 0.443638305
vn -0.348863464 -0.936997503 -0.0181648663
vn -0.353649477 -0.935378023 4.06965751e-05
vn -0.35187469 -0.936047105 0.000141268658
vn -0.999242271 -0.0389215024 3.09110336e-05
vn -0.988928907 -0.105055422 0.104799688
vn -0.996957774 -0.0779435408 1.84754407e-05
vn 0.580094085 -0.76763646 0.272442871
vn 0.634451627 -0.653653978 0.41256225
vn 0.541657675 -0.713194355 0.444927832
vn -0.08872813 0.958141805 -0.272197724
vn 0.0918807996 0.991531564 -0.0917773184
vn 0.0887267852 0.958141408 -0.27219956
vn -0.196449441 0.716381719 -0.66948103
vn -0.0732368371 0.796370736 -0.600358241
vn -0.0600987012 0.734815326 -0.675599425
vn 0.926644666 -0.0596691694 0.371172809
vn 0.976019918 -0.146990478 0.160558149
vn 0.895671744 -0.135594108 0.423540275
vn -0.08872813 0.958141805 -0.272197724
vn -0.245272136 0.862012825 -0.443593811
vn -0.263323089 0.925532844 -0.272121122
vn 0.486645961 0.87359928 -8.6304927e-05
vn 0.515683915 0.853902562 -0.0701463779
vn 0.509773084 0.8603089 1.90014492e-05
vn -0.886707976 -0.462329932 6.56928625e-06
vn -0.852430514 -0.518038983 0.0706953325
vn -0.862613643 -0.505863324 1.52801936e-05
vn 0.790228293 0.612812568 3.70942246e-05
vn 0.814693144 0.574536496 0.0786313853
vn 0.77880889 0.604773461 0.166450515
vn -0.400296374 0.916385733 4.08371945e-05
vn -0.359873641 0.931944459 0.0443901703
vn -0.395033952 0.904303126 0.161814808
vn -0.886707976 -0.462329932 6.56928625e-06
vn -0.903866092 -0.4215117 0.0731708614
vn -0.877545547 -0.457145964 0.144676812
vn 0.194066744 0.979038875 0.0618140797
vn 0.236608423 0.971605091 3.60372261e-05
vn 0.236235091 0.956150151 0.173118081
vn -0.272514715 0.957767713 -0.0917427809
vn -0.428934733 0.861368677 -0.272137827
vn -0.443895768 0.891366743 -0.0917707854
vn -0.219540465 0.770546209 -0.598381587
vn -0.32060728 0.671965611 -0.66758759
vn -0.355240088 0.717512034 -0.599150199
vn 0.296331286 -0.95190972 0.0778180881
vn 0.379210026 -0.925310627 2.55874823e-05
vn 0.30827313 -0.951297891 2.62694449e-05
vn 0.653438915 -0.75057542 0.0982553958
vn 0.705040616 -0.709166926 2.24225418e-05
vn 0.656651182 -0.75419442 4.36706458e-05
vn -0.838698504 0.544596015 -5.71870303e-06
vn -0.874444154 0.47943084 0.0741180875
vn -0.837982296 0.54569739 -0.000171716412
vn 0.57984206 0.767952004 0.272089883
vn 0.399481718 0.80225838 0.443616782
vn 0.541118259 0.71304863 0.44581687
vn -0.579844979 -0.767968035 -0.272038413
vn -0.632350948 -0.656318333 -0.411556223
vn -0.540179063 -0.714742229 -0.444241068
vn -0.42893313 -0.861369286 -0.272138427
vn -0.272518139 -0.95776669 -0.0917432866
vn -0.443899513 -0.891364933 -0.091770248
vn -0.579763285 0.768078376 0.271900978
vn -0.631610459 0.656905956 0.411755745
vn -0.539664486 0.715017529 0.44442342
vn -0.428934733 0.861368677 -0.272137827
vn -0.600067544 0.794672712 -0.0917290803
vn -0.443895768 0.891366743 -0.0917707854
vn -0.272518193 0.957766729 0.0917427258
vn -0.428932089 0.861368275 0.272143267
vn -0.263322769 0.925531321 0.272126613
vn 0.571915696 0.17597917 0.801213934
vn 0.789100574 0.302926647 0.534374149
vn 0.758398225 0.228448835 0.610445134
vn -0.803992515 0.297208482 0.515037042
vn -0.85574195 0.290111145 0.428417132
vn -0.854625215 0.346993347 0.38627886
vn 0.786667441 0.508353932 0.350329298
vn 0.70240209 0.392546614 0.593749493
vn 0.689125617 0.464560511 0.556137947
vn 0.937060822 0.312942501 0.154867707
vn 0.937848536 0.347044844 -1.36038793e-05
vn 0.939845396 0.341600103 3.4384355e-05
vn -0.355240088 0.717512034 -0.599150199
vn -0.540206927 0.714751624 -0.444192066
vn -0.39945369 0.802262884 -0.443633874
vn 0.711068433 0.648081047 -0.272713475
vn 0.540503489 0.714312894 -0.444536914
vn 0.579893852 0.767929527 -0.272042942
vn 0.735833744 -0.670916653 0.0917580774
vn 0.771477334 -0.582715312 0.255471306
vn 0.710635782 -0.648504973 0.272833437
vn -0.0887280149 0.958139981 0.272204181
vn -0.245271256 0.862010438 0.443598936
vn -0.0825863637 0.892435797 0.443551395
vn -0.735942516 -0.670816452 0.0916182365
vn -0.57972177 -0.768113641 0.271889875
vn -0.711428708 -0.647958344 0.272064658
vn 0.379210026 -0.925310627 2.55874823e-05
vn 0.473220407 -0.876470738 0.0886650586
vn 0.405352901 -0.914160267 -0.000176689579
vn -0.456597999 -0.883440527 0.105124224
vn -0.394862165 -0.918740368 8.88184927e-05
vn -0.447223466 -0.894422255 2.18040832e-05
vn 0.527922788 -0.849292364 -0.00010098836
vn 0.542621728 -0.836491579 0.0764427776
vn 0.544580083 -0.838708849 -1.91354541e-06
vn -0.771905916 0.582588745 -0.25446338
vn -0.735871152 0.670887252 -0.0916730186
vn -0.711246662 0.647907429 -0.272661236
vn -0.771708949 -0.582735392 0.254724874
vn -0.735942516 -0.670816452 0.0916182365
vn -0.711428708 -0.647958344 0.272064658
vn 0.358313062 0.715031222 -0.600285016
vn 0.540503489 0.714312894 -0.444536914
vn 0.47313306 0.676862942 -0.563916364
vn 0.908154299 0.383825566 0.167133791
vn 0.805970472 0.399249306 0.437048726
vn 0.879030111 0.452951731 0.148797825
vn 0.458773253 0.888553376 -7.55300728e-07
vn 0.35558453 0.925948554 0.127196371
vn 0.402788754 0.915292969 1.06595705e-07
vn -0.228106174 -0.967769935 0.106718914
vn -0.292304058 -0.956325435 1.43531874e-05
vn -0.303399897 -0.943090698 0.136119205
vn -0.985441851 0.143807803 0.0906844743
vn -0.997293219 0.073527101 -2.22611048e-06
vn -0.994409941 0.105588193 -5.07775887e-05
vn -0.245268495 -0.86201066 0.44360003
vn -0.0887293212 -0.958140485 0.272201983
vn -0.0825845918 -0.892435573 0.443552177
vn 0.994116334 0.0366132217 0.101942079
vn 0.998667454 0.0516073207 2.08471678e-05
vn 0.99999952 0.000979657806 -2.58941924e-05
vn 0.0825885325 0.892435447 0.443551697
vn -0.0733952398 0.796028641 0.600792428
vn 0.0736279224 0.795684771 0.601219323
vn 0.0825844172 0.892437982 -0.443547362
vn -0.0732368371 0.796370736 -0.600358241
vn -0.0825878438 0.89243857 -0.44354554
vn 0.428930234 -0.861368738 0.272144723
vn 0.600055196 -0.794684043 0.0917116908
vn 0.580094085 -0.76763646 0.272442871
vn 0.0736279224 0.795684771 0.601219323
vn 0.188416218 0.713141162 0.675225156
vn 0.218749165 0.769268035 0.600312829
vn 0.580094085 -0.76763646 0.272442871
vn 0.735833744 -0.670916653 0.0917580774
vn 0.710635782 -0.648504973 0.272833437
vn -0.42894605 -0.861355548 0.272161545
vn -0.245268495 -0.86201066 0.44360003
vn -0.399488492 -0.802254226 0.443618193
vn -0.245272136 0.862012825 -0.443593811
vn -0.428934733 0.861368677 -0.272137827
vn -0.263323089 0.925532844 -0.272121122
vn 0.245271863 -0.86201257 -0.443594458
vn 0.428933912 -0.861368703 -0.272139039
vn 0.263326525 -0.92553204 -0.272120534
vn 0.399481718 0.80225838 0.443616782
vn 0.218749165 0.769268035 0.600312829
vn 0.358832173 0.714709804 0.600357699
vn -0.399488492 -0.802254226 0.443618193
vn -0.57972177 -0.768113641 0.271889875
vn -0.42894605 -0.861355548 0.272161545
vn 0.61969874 -0.694176358 0.366186641
vn 0.529095125 -0.64132966 0.555656922
vn 0.515229802 -0.639592326 0.570490935
vn -0.399488492 -0.802254226 0.443618193
vn -0.21898259 -0.769439511 0.600007886
vn -0.357110923 -0.715670776 0.600239227
vn -0.0918808248 0.991531595 0.0917769563
vn 0.0887271331 0.958140152 0.272203867
vn 0.0918791872 0.991531791 0.091776481
vn -0.245271256 0.862010438 0.443598936
vn -0.428932089 0.861368275 0.272143267
vn -0.399456718 0.802258926 0.443638305
vn 0.0918798239 -0.991531747 0.0917763204
vn 0.263318807 -0.925532447 0.272126616
vn 0.0887300361 -0.958140004 0.272203442
vn 0.263320375 0.925532109 0.272126247
vn 0.0918791872 0.991531791 0.091776481
vn 0.0887271331 0.958140152 0.272203867
vn -0.428932089 0.861368275 0.272143267
vn -0.600055297 0.79468396 0.0917117477
vn -0.579763285 0.768078376 0.271900978
vn 0.399453899 0.802262943 -0.443633579
vn 0.218847867 0.76949171 -0.599990099
vn 0.24527267 0.862012875 -0.443593419
vn 0.0736535544 -0.79604552 0.600738449
vn 0.245267211 -0.862010951 0.443600175
vn 0.219018496 -0.76936438 0.600091118
vn 0.245267211 -0.862010951 0.443600175
vn 0.428930234 -0.861368738 0.272144723
vn 0.399455937 -0.802258198 0.443640324
vn 0.073596666 -0.796119118 -0.600647885
vn 0.245271863 -0.86201257 -0.443594458
vn 0.082587156 -0.892437732 -0.443547356
vn 0.540503489 0.714312894 -0.444536914
vn 0.428935626 0.861368257 -0.272137748
vn 0.579893852 0.767929527 -0.272042942
vn 0.428930234 -0.861368738 0.272144723
vn 0.541657675 -0.713194355 0.444927832
vn 0.399455937 -0.802258198 0.443640324
vn 0.263320709 0.925533634 -0.272120739
vn 0.0918807996 0.991531564 -0.0917773184
vn 0.272518112 0.957766833 -0.0917418842
vn 0.600052251 0.794686216 0.0917121267
vn 0.428946075 0.861355298 0.272162297
vn 0.57984206 0.767952004 0.272089883
vn -0.600049299 -0.79468844 -0.0917121667
vn -0.42893313 -0.861369286 -0.272138427
vn -0.443899513 -0.891364933 -0.091770248
vn 0.711068433 0.648081047 -0.272713475
vn 0.600069118 0.794671473 -0.0917295145
vn 0.73610746 0.670580027 -0.0920230139
vn -0.0918792065 0.991531817 -0.0917761799
vn -0.263323089 0.925532844 -0.272121122
vn -0.272514715 0.957767713 -0.0917427809
vn 0.579870014 -0.767941076 -0.272061154
vn 0.735864706 -0.670886047 -0.0917335609
vn 0.600054129 -0.794684866 -0.091711541
vn 0.778028902 -0.624345121 0.0697438043
vn 0.736263082 -0.676695393 -0.000138288317
vn 0.746369698 -0.643895778 0.168316671
vn -0.0729434829 -0.797052585 -0.599488469
vn -0.188539783 -0.717012147 -0.671078484
vn -0.118170871 -0.733574442 -0.669256441
vn 0.0842955766 -0.991740087 0.0966739635
vn 0.153862379 -0.988092286 5.5791536e-05
vn 0.0839669699 -0.996468538 2.28202551e-05
vn -0.24527377 -0.862012211 -0.4435941
vn -0.0729434829 -0.797052585 -0.599488469
vn -0.0825849503 -0.892437788 -0.443547652
vn 0.0918807996 0.991531564 -0.0917773184
vn 0.27251554 0.957767564 0.091741884
vn 0.272518112 0.957766833 -0.0917418842
vn 0.600069118 0.794671473 -0.0917295145
vn 0.735870459 0.670880715 0.0917264121
vn 0.73610746 0.670580027 -0.0920230139
vn -0.600067544 0.794672712 -0.0917290803
vn -0.443893465 0.891367798 0.0917716702
vn -0.443895768 0.891366743 -0.0917707854
vn -0.740253379 0.66535466 0.0965821432
vn -0.740026862 0.67257729 -0.000178634968
vn -0.6722051 0.721606503 0.165603014
vn 0.600069118 0.794671473 -0.0917295145
vn 0.428935626 0.861368257 -0.272137748
vn 0.443900981 0.891364234 -0.0917699355
vn -0.263321022 -0.925531481 0.272127758
vn -0.0918772393 -0.991532112 0.0917749577
vn -0.0887293212 -0.958140485 0.272201983
vn 0.219018496 -0.76936438 0.600091118
vn 0.399455937 -0.802258198 0.443640324
vn 0.35812646 -0.714803036 0.60066801
vn -0.218866341 0.769361045 0.600150904
vn -0.399456718 0.802258926 0.443638305
vn -0.357489331 0.715447214 0.600280486
vn 0.540840208 -0.71356827 -0.445322573
vn 0.358272056 -0.715153476 -0.600163844
vn 0.474342545 -0.675944595 -0.564001822
vn 0.24527267 0.862012875 -0.443593419
vn 0.0734828886 0.796145408 -0.600626967
vn 0.0825844172 0.892437982 -0.443547362
vn 0.458773253 0.888553376 -7.55300728e-07
vn 0.515683915 0.853902562 -0.0701463779
vn 0.454443065 0.874503369 0.169485568
vn 0.772080308 -0.582250599 -0.254708143
vn 0.735864706 -0.670886047 -0.0917335609
vn 0.711174206 -0.647880569 -0.272913939
vn 0.743482137 0.668755792 5.38845251e-05
vn 0.683846025 0.728264298 0.0445614884
vn 0.693624209 0.720337044 2.77132844e-05
vn -0.0502212044 -0.893768364 0.445708361
vn -0.100649802 -0.980119094 0.170985905
vn -0.0897898964 -0.88661497 0.453708793
vn -0.310618098 0.655443778 0.688411106
vn -0.426467867 0.769103953 0.476029692
vn -0.375734957 0.805032616 0.459070506
vn 0.772055841 0.582035822 -0.25527256
vn 0.73610746 0.670580027 -0.0920230139
vn 0.796002633 0.599434441 -0.0840128518
vn 0.443893662 -0.891367657 -0.0917720926
vn 0.272514179 -0.957767731 0.0917441868
vn 0.272514476 -0.957767655 -0.0917440998
vn -0.735871152 0.670887252 -0.0916730186
vn -0.600055297 0.79468396 0.0917117477
vn -0.600067544 0.794672712 -0.0917290803
vn -0.272518139 -0.95776669 -0.0917432866
vn -0.443894162 -0.891367523 0.0917709722
vn -0.443899513 -0.891364933 -0.091770248
vn -0.272514715 0.957767713 -0.0917427809
vn -0.0918808248 0.991531595 0.0917769563
vn -0.0918792065 0.991531817 -0.0917761799
vn -0.443895768 0.891366743 -0.0917707854
vn -0.272518193 0.957766729 0.0917427258
vn -0.272514715 0.957767713 -0.0917427809
vn -0.0918792065 0.991531817 -0.0917761799
vn 0.0918791872 0.991531791 0.091776481
vn 0.0918807996 0.991531564 -0.0917773184
vn 0.975466397 -0.220148376 4.89023491e-06
vn 0.950648205 -0.291310912 0.106798606
vn 0.962139427 -0.217522009 0.164231236
vn 0.428933912 -0.861368703 -0.272139039
vn 0.540840208 -0.71356827 -0.445322573
vn 0.579870014 -0.767941076 -0.272061154
vn -0.42893313 -0.861369286 -0.272138427
vn -0.24527377 -0.862012211 -0.4435941
vn -0.263326863 -0.925531555 -0.272121856
vn -0.308260522 -0.671729785 0.673613054
vn -0.21898259 -0.769439511 0.600007886
vn -0.188123964 -0.714847535 0.673500093
vn -0.0918808248 0.991531595 0.0917769563
vn -0.263322769 0.925531321 0.272126613
vn -0.0887280149 0.958139981 0.272204181
vn -0.245268495 -0.86201066 0.44360003
vn -0.0734636611 -0.796127473 0.600653093
vn -0.21898259 -0.769439511 0.600007886
vn -0.631743434 -0.65719581 0.411088677
vn -0.57972177 -0.768113641 0.271889875
vn -0.539719025 -0.71512466 0.444184753
vn 0.428935626 0.861368257 -0.272137748
vn 0.24527267 0.862012875 -0.443593419
vn 0.263320709 0.925533634 -0.272120739
vn -0.0733952398 0.796028641 0.600792428
vn -0.245271256 0.862010438 0.443598936
vn -0.218866341 0.769361045 0.600150904
vn -0.188880101 0.714529097 0.673626363
vn -0.0733952398 0.796028641 0.600792428
vn -0.218866341 0.769361045 0.600150904
vn 0.245267376 0.862011378 0.443599255
vn 0.0887271331 0.958140152 0.272203867
vn 0.0825885325 0.892435447 0.443551697
vn 0.428946075 0.861355298 0.272162297
vn 0.245267376 0.862011378 0.443599255
vn 0.399481718 0.80225838 0.443616782
vn -0.24527377 -0.862012211 -0.4435941
vn -0.0887278368 -0.958141479 -0.272198967
vn -0.263326863 -0.925531555 -0.272121856
vn 0.24527267 0.862012875 -0.443593419
vn 0.0887267852 0.958141408 -0.27219956
vn 0.263320709 0.925533634 -0.272120739
vn 0.0887281143 -0.958142154 -0.272196499
vn -0.0918798458 -0.991531741 -0.0917763572
vn -0.0887278368 -0.958141479 -0.272198967
vn -0.0732368371 0.796370736 -0.600358241
vn -0.245272136 0.862012825 -0.443593811
vn -0.0825878438 0.89243857 -0.44354554
vn -0.716568057 0.584862425 0.380087048
vn -0.600307679 0.555863478 0.575018681
vn -0.633929847 0.506902872 0.584108232
vn 0.245267376 0.862011378 0.443599255
vn 0.0736279224 0.795684771 0.601219323
vn 0.218749165 0.769268035 0.600312829
vn -0.85574195 0.290111145 0.428417132
vn -0.789108536 0.230445451 0.569387928
vn -0.901503871 0.255325261 0.349427793
vn 0.0887300361 -0.958140004 0.272203442
vn 0.245267211 -0.862010951 0.443600175
vn 0.0825856454 -0.892434534 0.443554072
vn -0.0458422717 0.897149034 0.439342801
vn -0.110867337 0.979923495 0.165705697
vn -0.0370559529 0.987919352 0.150473291
vn -0.42893313 -0.861369286 -0.272138427
vn -0.540179063 -0.714742229 -0.444241068
vn -0.399453677 -0.802262141 -0.44363523
vn 0.976019918 -0.146990478 0.160558149
vn 0.884993463 -0.202044836 0.419481172
vn 0.895671744 -0.135594108 0.423540275
vn -0.967350198 -0.200571915 0.154933862
vn -0.989722297 -0.14300271 -1.39326855e-05
vn -0.988928907 -0.105055422 0.104799688
vn 0.218847867 0.76949171 -0.599990099
vn 0.307373822 0.671854617 -0.673893692
vn 0.189077558 0.714388619 -0.673719955
vn -0.219540465 0.770546209 -0.598381587
vn -0.39945369 0.802262884 -0.443633874
vn -0.245272136 0.862012825 -0.443593811
vn -0.0887280149 0.958139981 0.272204181
vn 0.0825885325 0.892435447 0.443551697
vn 0.0887271331 0.958140152 0.272203867
vn 0.542621728 -0.836491579 0.0764427776
vn 0.60381429 -0.797125023 3.95954839e-05
vn 0.544580083 -0.838708849 -1.91354541e-06
vn 0.600054129 -0.794684866 -0.091711541
vn 0.443892988 -0.891367917 0.0917728237
vn 0.443893662 -0.891367657 -0.0917720926
vn -0.0918798458 -0.991531741 -0.0917763572
vn -0.272512809 -0.957768196 0.0917433999
vn -0.272518139 -0.95776669 -0.0917432866
vn 0.0918792133 -0.991531909 -0.0917751809
vn -0.0918772393 -0.991532112 0.0917749577
vn -0.0918798458 -0.991531741 -0.0917763572
vn 0.16710949 -0.868973376 0.465789319
vn 0.116717145 -0.930042983 0.348420948
vn 0.0994383482 -0.818032869 0.566510582
vn 0.073596666 -0.796119118 -0.600647885
vn 0.189574638 -0.713969207 -0.674024798
vn 0.218918098 -0.769217006 -0.600316637
vn -0.903866092 -0.4215117 0.0731708614
vn -0.928181863 -0.372126898 3.23816631e-05
vn -0.929929186 -0.351068873 0.109463943
vn -0.60004987 -0.794688068 0.0917116578
vn -0.42894605 -0.861355548 0.272161545
vn -0.57972177 -0.768113641 0.271889875
vn 0.0736535544 -0.79604552 0.600738449
vn 0.186905412 -0.71365481 0.675102347
vn 0.0576440003 -0.733568155 0.677166841
vn 0.082587156 -0.892437732 -0.443547356
vn -0.0887278368 -0.958141479 -0.272198967
vn -0.0825849503 -0.892437788 -0.443547652
vn 0.0887281143 -0.958142154 -0.272196499
vn 0.245271863 -0.86201257 -0.443594458
vn 0.263326525 -0.92553204 -0.272120534
vn -0.228106174 -0.967769935 0.106718914
vn -0.191820041 -0.981430116 1.80386851e-05
vn -0.225249446 -0.974301128 4.41355054e-06
vn 0.428933912 -0.861368703 -0.272139039
vn 0.600054129 -0.794684866 -0.091711541
vn 0.443893662 -0.891367657 -0.0917720926
vn -0.579763285 0.768078376 0.271900978
vn -0.735880904 0.670878702 0.0916573098
vn -0.711424355 0.647867916 0.272291297
vn -0.263326863 -0.925531555 -0.272121856
vn -0.0918798458 -0.991531741 -0.0917763572
vn -0.272518139 -0.95776669 -0.0917432866
vn -0.240367402 0.970681983 2.01363986e-05
vn -0.291370403 0.951278843 0.100855593
vn -0.275535896 0.961290783 8.00226145e-06
vn 0.735864706 -0.670886047 -0.0917335609
vn 0.795112348 -0.60037717 0.0856948534
vn 0.735833744 -0.670916653 0.0917580774
vn 0.653438915 -0.75057542 0.0982553958
vn 0.60381429 -0.797125023 3.95954839e-05
vn 0.589584332 -0.794557507 0.145150552
vn 0.310346448 -0.670795308 -0.673586474
vn 0.218918098 -0.769217006 -0.600316637
vn 0.189574638 -0.713969207 -0.674024798
vn 0.654008889 0.756486861 4.49980778e-05
vn 0.683846025 0.728264298 0.0445614884
vn 0.625945643 0.761854548 0.166642431
vn 0.218749165 0.769268035 0.600312829
vn 0.310881992 0.67080937 0.673325461
vn 0.358832173 0.714709804 0.600357699
vn -0.0385686061 0.999255954 6.66009242e-06
vn 0.0387017872 0.993798245 0.10424596
vn -0.0370559529 0.987919352 0.150473291
vn 0.218918098 -0.769217006 -0.600316637
vn 0.399453011 -0.80226218 -0.443635758
vn 0.245271863 -0.86201257 -0.443594458
vn 0.71096005 0.648283559 0.272514649
vn 0.541118259 0.71304863 0.44581687
vn 0.634381611 0.652496297 0.414497954
vn 0.541657675 -0.713194355 0.444927832
vn 0.35812646 -0.714803036 0.60066801
vn 0.399455937 -0.802258198 0.443640324
vn -0.806311455 -0.591491198 -1.50658519e-06
vn -0.76784272 -0.635644146 0.079837815
vn -0.785367588 -0.619029685 3.11301566e-06
vn -0.736099861 -0.67063286 -0.0916982097
vn -0.795367189 -0.600081569 0.0853999117
vn -0.795567409 -0.599713278 -0.0861189979
vn 0.986590774 0.123366367 0.106861521
vn 0.981832782 0.189748217 -3.88251359e-05
vn 0.99245456 0.122612987 -3.08725513e-05
vn -0.310939527 0.950429698 6.11922509e-06
vn -0.359873641 0.931944459 0.0443901703
vn -0.343954207 0.938986424 4.59764398e-06
vn -0.913334406 0.40721034 4.0668713e-05
vn -0.922492093 0.363461944 0.130014435
vn -0.930662032 0.365880011 1.43786291e-05
vn 0.735870459 0.670880715 0.0917264121
vn 0.796002633 0.599434441 -0.0840128518
vn 0.73610746 0.670580027 -0.0920230139
vn 0.00290716558 -0.989135531 0.146977721
vn 0.0839669699 -0.996468538 2.28202551e-05
vn 0.016283575 -0.999867414 2.06717208e-05
vn -0.628530238 0.77778515 3.22590445e-05
vn -0.559796702 0.813133673 0.159503239
vn -0.616178608 0.767368958 0.17739449
vn 0.17902162 0.98384514 2.63795018e-05
vn 0.120142699 0.987266125 0.104265676
vn 0.1271234 0.991886909 3.16304543e-06
vn 0.677948926 -0.723336074 0.131035025
vn 0.712772742 -0.70139505 -4.76775068e-05
vn 0.705040616 -0.709166926 2.24225418e-05
vn -0.76784272 -0.635644146 0.079837815
vn -0.732372129 -0.680904593 -1.51525666e-05
vn -0.75556241 -0.65507667 7.35299713e-06
vn -0.6722051 0.721606503 0.165603014
vn -0.628530238 0.77778515 3.22590445e-05
vn -0.616178608 0.767368958 0.17739449
vn -0.106804041 -0.994280089 3.61670554e-05
vn -0.0465130467 -0.986391 0.157700135
vn -0.132112818 -0.991234674 -0.000154500538
vn -0.703164569 -0.711027137 -1.03112187e-05
vn -0.644972906 -0.758334441 0.0945453623
vn -0.647502362 -0.762063443 7.23431923e-07
vn 0.95996078 0.256113608 0.113495025
vn 0.951194098 0.30859324 2.6845011e-05
vn 0.96690558 0.255134474 -1.40911187e-05
vn -0.464511046 0.885567325 2.83937594e-05
vn -0.511948629 0.853123161 0.10044637
vn -0.516496386 0.856289369 1.2354292e-05
vn 0.917425951 -0.397906551 2.08284278e-05
vn 0.931591419 -0.349040735 0.101528291
vn 0.932134157 -0.36211312 3.51076489e-05
vn 0.558591427 0.804290714 0.202711777
vn 0.620428407 0.784263088 1.89947375e-05
vn 0.625945643 0.761854548 0.166642431
vn 0.0734828886 0.796145408 -0.600626967
vn -0.0600987012 0.734815326 -0.675599425
vn -0.0732368371 0.796370736 -0.600358241
vn -0.394862165 -0.918740368 8.88184927e-05
vn -0.348863464 -0.936997503 -0.0181648663
vn -0.35187469 -0.936047105 0.000141268658
vn -0.539719025 -0.71512466 0.444184753
vn -0.357110923 -0.715670776 0.600239227
vn -0.470406025 -0.682876109 0.558926105
vn -0.57797883 -0.809241446 0.105208147
vn -0.535434464 -0.844576778 4.54338157e-06
vn -0.565123083 -0.825006607 6.09762312e-06
vn 0.950648205 -0.291310912 0.106798606
vn 0.945224204 -0.32642182 -6.76642715e-06
vn 0.931591419 -0.349040735 0.101528291
vn -0.977000741 0.213235906 8.53866733e-07
vn -0.985441851 0.143807803 0.0906844743
vn -0.978628399 0.205636696 -7.3225565e-05
vn -0.967350198 -0.200571915 0.154933862
vn -0.964243687 -0.265017192 3.34101145e-05
vn -0.979681209 -0.200561035 -9.06495839e-06
vn -0.632451242 0.656082577 -0.411777947
vn -0.711246662 0.647907429 -0.272661236
vn -0.579885785 0.76793862 -0.272034468
vn -0.991272972 0.0716214766 0.110671854
vn -0.995064566 -0.0143797428 0.0981821369
vn -0.999974693 0.00711431422 2.69895235e-05
vn -0.0729434829 -0.797052585 -0.599488469
vn 0.073596666 -0.796119118 -0.600647885
vn 0.082587156 -0.892437732 -0.443547356
vn 0.277407409 0.895002012 0.349308642
vn 0.180862128 0.851014253 0.49301484
vn 0.236235091 0.956150151 0.173118081
vn 0.825468283 -0.564448504 1.41768358e-05
vn 0.815884882 -0.558921512 0.148116856
vn 0.854276284 -0.515605595 0.0660522614
vn -0.914523412 0.00859540598 0.40444165
vn -0.819759111 -0.0130880277 0.572558908
vn -0.776888056 -0.033171093 0.628764366
vn 0.991580132 -0.0682361609 0.110057564
vn 0.998211328 -0.0597841407 -2.60708567e-05
vn 0.989379211 -0.145357398 6.75072067e-05
vn 0.450747888 -0.757895438 0.471615146
vn 0.490626715 -0.822254695 0.288414014
vn 0.417862723 -0.838965434 0.348608298
vn -0.243046992 0.819967782 0.518248006
vn -0.20405313 0.685517061 0.698876727
vn -0.254569835 0.675911207 0.691620011
vn -0.930202266 -0.0541036665 0.363037929
vn -0.776888056 -0.033171093 0.628764366
vn -0.814062875 -0.101303679 0.571873413
vn -0.479905147 -0.0174952659 0.87714592
vn -0.62926416 -0.075863352 0.773480038
vn -0.776888056 -0.033171093 0.628764366
vn 0.219018496 -0.76936438 0.600091118
vn 0.35812646 -0.714803036 0.60066801
vn 0.307960458 -0.671127693 0.67435004
vn -0.045880396 0.119201698 0.99180943
vn -0.0579793427 0.0944369021 0.993841067
vn -0.153660269 0.2476462 0.956587623
vn 0.0165018827 0.652644443 0.7574846
vn 0.00401771277 0.798613056 0.60183141
vn 0.0991623675 0.921531058 0.375429532
vn 0.758398225 0.228448835 0.610445134
vn 0.779728535 0.179555998 0.599819186
vn 0.596381232 0.146133076 0.789287368
vn -0.26030146 -0.891551517 0.370646789
vn -0.248672927 -0.779654832 0.574717425
vn -0.190907128 -0.801477578 0.566734648
vn -0.794605511 -0.374111393 0.478166025
vn -0.663821825 -0.302218829 0.684108445
vn -0.713708854 -0.399310397 0.575474482
vn -0.6722051 0.721606503 0.165603014
vn -0.616178608 0.767368958 0.17739449
vn -0.549569002 0.683880914 0.479875825
vn 0.758179468 -0.183610062 0.625660643
vn 0.58762656 -0.210848481 0.781177281
vn 0.412095333 -0.13154885 0.90159433
vn -0.967849671 0.25152935 4.61595999e-06
vn -0.957748364 0.287607494 1.38543193e-05
vn -0.947242267 0.315022868 0.0590988998
vn 0.926644666 -0.0596691694 0.371172809
vn 0.762915193 -0.098866954 0.638894149
vn 0.681170672 -0.0610177544 0.729577514
vn -0.157330412 -0.974024076 0.162862647
vn -0.228106174 -0.967769935 0.106718914
vn -0.205457801 -0.910580549 0.358650465
vn 0.93786763 0.0554625422 0.342532064
vn 0.940698097 0.105149009 0.322538022
vn 0.986590774 0.123366367 0.106861521
vn 0.762915193 -0.098866954 0.638894149
vn 0.602642782 -0.125168611 0.788133553
vn 0.402259601 -0.0768872971 0.912291377
vn 0.812592004 0.446478502 0.374634731
vn 0.879030111 0.452951731 0.148797825
vn 0.805970472 0.399249306 0.437048726
vn -0.0957635581 0.889795724 0.446198286
vn -0.133826231 0.831466407 0.53921624
vn -0.15733114 0.915836161 0.369446936
vn -0.600049299 -0.79468844 -0.0917121667
vn -0.60004987 -0.794688068 0.0917116578
vn -0.735942516 -0.670816452 0.0916182365
vn -0.622526936 0.638844065 0.452038134
vn -0.600307679 0.555863478 0.575018681
vn -0.676530949 0.650541297 0.345111425
vn 0.923209754 0.162417491 0.348287682
vn 0.76855346 0.126639609 0.627126773
vn 0.779728535 0.179555998 0.599819186
vn 0.295593257 -0.291187103 0.909854218
vn 0.493942274 -0.417602496 0.762646173
vn 0.500273251 -0.439050218 0.746298586
vn -0.417323505 0.295793209 0.859271476
vn -0.600930266 0.434961403 0.670590332
vn -0.469426521 0.396305359 0.789037897
vn -0.21992126 -0.768934426 -0.600311992
vn -0.355946454 -0.718154793 -0.597959711
vn -0.314179544 -0.671117791 -0.671485015
vn 0.72609899 -0.525253262 0.443722061
vn 0.703633294 -0.595903265 0.387039385
vn 0.711067688 -0.571989068 0.408914721
vn 0.272518112 0.957766833 -0.0917418842
vn 0.27251554 0.957767564 0.091741884
vn 0.443893764 0.89136774 0.0917707925
vn 0.272514476 -0.957767655 -0.0917440998
vn 0.272514179 -0.957767731 0.0917441868
vn 0.0918798239 -0.991531747 0.0917763204
vn -0.443899513 -0.891364933 -0.091770248
vn -0.443894162 -0.891367523 0.0917709722
vn -0.60004987 -0.794688068 0.0917116578
vn 0.923882839 0.382675438 -9.21196476e-05
vn 0.908154299 0.383825566 0.167133791
vn 0.879030111 0.452951731 0.148797825
vn 0.0994383482 -0.818032869 0.566510582
vn 0.116717145 -0.930042983 0.348420948
vn 0.0725536055 -0.936452219 0.343210164
vn -0.0897898964 -0.88661497 0.453708793
vn -0.100649802 -0.980119094 0.170985905
vn -0.157330412 -0.974024076 0.162862647
vn 0.277407409 0.895002012 0.349308642
vn 0.250114861 0.780017327 0.57359875
vn 0.148943663 0.711014271 0.687222302
vn -0.509867789 0.567131283 0.646836104
vn -0.622526936 0.638844065 0.452038134
vn -0.549569002 0.683880914 0.479875825
vn 0.558591427 0.804290714 0.202711777
vn 0.53903582 0.68661031 0.48785927
vn 0.425288099 0.658803729 0.620570447
vn 0.571915696 0.17597917 0.801213934
vn 0.305957315 0.0893037908 0.947847538
vn 0.40300575 0.163755253 0.900428
vn 0.443900981 0.891364234 -0.0917699355
vn 0.443893764 0.89136774 0.0917707925
vn 0.600052251 0.794686216 0.0917121267
vn 0.885632331 -0.464387086 -8.76866975e-05
vn 0.854276284 -0.515605595 0.0660522614
vn 0.886034407 -0.45335247 0.0970287
vn -0.628642926 0.0551235573 0.775738013
vn -0.819759111 -0.0130880277 0.572558908
vn -0.914523412 0.00859540598 0.40444165
vn 0.529095125 -0.64132966 0.555656922
vn 0.619619149 -0.701644024 0.351806442
vn 0.589584332 -0.794557507 0.145150552
vn -0.132286064 0.569124427 0.811540377
vn -0.20405313 0.685517061 0.698876727
vn -0.243046992 0.819967782 0.518248006
vn 0.649579277 -0.430947149 0.626363567
vn 0.477974754 -0.395530894 0.78428021
vn 0.335688227 -0.273657168 0.901346309
vn -0.00622928533 -0.999980598 1.17055846e-05
vn -0.0465130467 -0.986391 0.157700135
vn 0.00290716558 -0.989135531 0.146977721
vn 0.0385522193 -0.84867754 0.527503706
vn 0.0725536055 -0.936452219 0.343210164
vn 0.00290716558 -0.989135531 0.146977721
vn 0.575373531 0.655867696 0.488654137
vn 0.611279763 0.621636785 0.489800733
vn 0.492724728 0.493769418 0.716529207
vn 0.940698097 0.105149009 0.322538022
vn 0.76855346 0.126639609 0.627126773
vn 0.923209754 0.162417491 0.348287682
vn -0.566152409 0.824300582 3.27469071e-05
vn -0.516496386 0.856289369 1.2354292e-05
vn -0.511948629 0.853123161 0.10044637
vn -0.694685486 -0.532437836 0.483654864
vn -0.66270379 -0.371505665 0.650236286
vn -0.450847137 -0.287237954 0.845122013
vn -0.515014308 -0.850627949 0.105793929
vn -0.51209156 -0.799738262 0.313338389
vn -0.444386634 -0.835445648 0.323343607
vn -0.591016158 -0.458768147 0.663499577
vn -0.492726603 -0.384939707 0.780411376
vn -0.620692986 -0.514664963 0.591489809
vn -0.695621816 0.290067058 0.657245305
vn -0.803992515 0.297208482 0.515037042
vn -0.876548632 0.438890658 0.197579066
vn -0.59390052 -0.261592724 0.760822856
vn -0.663821825 -0.302218829 0.684108445
vn -0.794605511 -0.374111393 0.478166025
vn -0.25287526 0.0486027619 0.966277328
vn -0.350946122 0.0103432935 0.936338526
vn -0.628642926 0.0551235573 0.775738013
vn -0.218866341 0.769361045 0.600150904
vn -0.357489331 0.715447214 0.600280486
vn -0.308989526 0.671498003 0.673510137
vn -0.559796702 0.813133673 0.159503239
vn -0.511948629 0.853123161 0.10044637
vn -0.486512385 0.817691422 0.307711615
vn 0.147090287 0.93353755 0.326912972
vn 0.236235091 0.956150151 0.173118081
vn 0.180862128 0.851014253 0.49301484
vn 0.884993463 -0.202044836 0.419481172
vn 0.962139427 -0.217522009 0.164231236
vn 0.950648205 -0.291310912 0.106798606
vn 0.0576440003 -0.733568155 0.677166841
vn -0.0689685705 -0.733729826 0.675931859
vn -0.0734636611 -0.796127473 0.600653093
vn -0.616178608 0.767368958 0.17739449
vn -0.559796702 0.813133673 0.159503239
vn -0.53668615 0.740314701 0.404848269
vn 0.901143297 -0.282321616 0.32899128
vn 0.950648205 -0.291310912 0.106798606
vn 0.931591419 -0.349040735 0.101528291
vn 0.0734828886 0.796145408 -0.600626967
vn 0.218847867 0.76949171 -0.599990099
vn 0.189077558 0.714388619 -0.673719955
vn 0.16710949 -0.868973376 0.465789319
vn 0.234406335 -0.85345202 0.465481814
vn 0.25073867 -0.95350667 0.167197936
vn 0.334729516 0.431556067 0.837684614
vn 0.425288099 0.658803729 0.620570447
vn 0.53903582 0.68661031 0.48785927
vn -0.315877653 -0.159159082 0.935355384
vn -0.538227966 -0.298254663 0.788260625
vn -0.663821825 -0.302218829 0.684108445
vn 0.0918792133 -0.991531909 -0.0917751809
vn 0.0887281143 -0.958142154 -0.272196499
vn 0.263326525 -0.92553204 -0.272120534
vn 0.771517059 0.582737759 0.255300082
vn 0.795243901 0.600170122 0.085924169
vn 0.735870459 0.670880715 0.0917264121
vn -0.428934733 0.861368677 -0.272137827
vn -0.39945369 0.802262884 -0.443633874
vn -0.540206927 0.714751624 -0.444192066
vn 0.272514179 -0.957767731 0.0917441868
vn 0.443892988 -0.891367917 0.0917728237
vn 0.428930234 -0.861368738 0.272144723
vn -0.896503007 0.443037647 3.54812536e-05
vn -0.90003622 0.435815098 -6.309669e-05
vn -0.874444154 0.47943084 0.0741180875
vn 0.625147789 0.508819186 0.591855792
vn 0.649006534 0.610094835 0.454505018
vn 0.727592798 0.65454105 0.205389224
vn 0.976155189 0.188553115 0.107558216
vn 0.95996078 0.256113608 0.113495025
vn 0.96690558 0.255134474 -1.40911187e-05
vn 0.324065882 0.946034515 -2.84255537e-05
vn 0.35558453 0.925948554 0.127196371
vn 0.292325619 0.951268801 0.0981498891
vn 0.541118259 0.71304863 0.44581687
vn 0.399481718 0.80225838 0.443616782
vn 0.358832173 0.714709804 0.600357699
vn -0.644972906 -0.758334441 0.0945453623
vn -0.57797883 -0.809241446 0.105208147
vn -0.597297486 -0.80201977 2.98452213e-05
vn 0.267566788 0.597606632 0.755826916
vn 0.344186628 0.762359845 0.548035612
vn 0.430481249 0.75800394 0.490016245
vn -0.0370559529 0.987919352 0.150473291
vn -0.110867337 0.979923495 0.165705697
vn -0.100411062 0.994946036 5.89026334e-05
vn -0.540179063 -0.714742229 -0.444241068
vn -0.472402664 -0.682770672 -0.557368758
vn -0.355946454 -0.718154793 -0.597959711
vn 0.998211328 -0.0597841407 -2.60708567e-05
vn 0.991580132 -0.0682361609 0.110057564
vn 0.994116334 0.0366132217 0.101942079
vn 0.743482137 0.668755792 5.38845251e-05
vn 0.790228293 0.612812568 3.70942246e-05
vn 0.77880889 0.604773461 0.166450515
vn -0.795266753 0.600253884 0.0851238227
vn -0.735880904 0.670878702 0.0916573098
vn -0.735871152 0.670887252 -0.0916730186
vn 0.76855346 0.126639609 0.627126773
vn 0.532097868 0.0860727417 0.842296469
vn 0.596381232 0.146133076 0.789287368
vn 0.779728535 0.179555998 0.599819186
vn 0.758398225 0.228448835 0.610445134
vn 0.885362351 0.270358313 0.378206148
vn 0.236608423 0.971605091 3.60372261e-05
vn 0.298648553 0.95436316 1.45779767e-05
vn 0.292325619 0.951268801 0.0981498891
vn 0.303788514 -0.880683365 0.363468499
vn 0.25073867 -0.95350667 0.167197936
vn 0.234406335 -0.85345202 0.465481814
vn 0.198885114 -0.359917583 0.911539382
vn 0.230940534 -0.339145502 0.911946708
vn 0.364541278 -0.577086486 0.730808349
vn 0.47772627 0.562246667 0.675023182
vn 0.5493227 0.715137748 0.432229768
vn 0.575373531 0.655867696 0.488654137
vn 0.35558453 0.925948554 0.127196371
vn 0.416537184 0.826304413 0.379101296
vn 0.344186628 0.762359845 0.548035612
vn -0.600930266 0.434961403 0.670590332
vn -0.73594868 0.501278578 0.455081671
vn -0.716568057 0.584862425 0.380087048
vn -0.842073918 -0.174206391 0.510454357
vn -0.895297526 -0.245135411 0.371955603
vn -0.967350198 -0.200571915 0.154933862
vn -0.804125234 -0.560897161 0.196918722
vn -0.766934701 -0.429937904 0.47640798
vn -0.66270379 -0.371505665 0.650236286
vn 0.856877578 0.515519948 -1.7326879e-05
vn 0.851826363 0.513772341 0.102126538
vn 0.814693144 0.574536496 0.0786313853
vn 0.77880889 0.604773461 0.166450515
vn 0.786667441 0.508353932 0.350329298
vn 0.689125617 0.464560511 0.556137947
vn -0.383540798 -0.68850694 0.615511697
vn -0.348525099 -0.500172663 0.79269008
vn -0.238151396 -0.390502682 0.889264622
vn -0.450847137 -0.287237954 0.845122013
vn -0.315877653 -0.159159082 0.935355384
vn -0.0959220873 -0.0429634402 0.994461209
vn -0.614585102 0.21549502 0.758845866
vn -0.401748703 0.105868046 0.909609771
vn -0.590491588 0.159525483 0.791120285
vn -0.207909191 0.973322363 0.0970430122
vn -0.192993506 0.981200034 2.17628693e-05
vn -0.145716814 0.989326341 3.62931672e-05
vn -0.254569835 0.675911207 0.691620011
vn -0.310618098 0.655443778 0.688411106
vn -0.375734957 0.805032616 0.459070506
vn -0.41519692 -0.140310092 0.898846258
vn -0.59390052 -0.261592724 0.760822856
vn -0.73086308 -0.27830323 0.623206603
vn 0.276815607 -0.542536346 0.793112497
vn 0.128506955 -0.379678238 0.916149768
vn 0.0462580805 -0.139551341 0.989133769
vn 0.852986555 0.521932852 -0.000189728566
vn 0.879030111 0.452951731 0.148797825
vn 0.851826363 0.513772341 0.102126538
vn -0.205457801 -0.910580549 0.358650465
vn -0.190907128 -0.801477578 0.566734648
vn -0.147062819 -0.777398864 0.611574634
vn -0.395033952 0.904303126 0.161814808
vn -0.454179678 0.875507184 0.16494845
vn -0.464511046 0.885567325 2.83937594e-05
vn 0.428946075 0.861355298 0.272162297
vn 0.443893764 0.89136774 0.0917707925
vn 0.27251554 0.957767564 0.091741884
vn -0.157330412 -0.974024076 0.162862647
vn -0.100649802 -0.980119094 0.170985905
vn -0.106804041 -0.994280089 3.61670554e-05
vn 0.0918798239 -0.991531747 0.0917763204
vn 0.0887300361 -0.958140004 0.272203442
vn -0.0887293212 -0.958140485 0.272201983
vn 0.428935626 0.861368257 -0.272137748
vn 0.263320709 0.925533634 -0.272120739
vn 0.272518112 0.957766833 -0.0917418842
vn -0.0734636611 -0.796127473 0.600653093
vn -0.0825845918 -0.892435573 0.443552177
vn 0.0825856454 -0.892434534 0.443554072
vn 0.272514476 -0.957767655 -0.0917440998
vn 0.263326525 -0.92553204 -0.272120534
vn 0.428933912 -0.861368703 -0.272139039
vn 0.825468283 -0.564448504 1.41768358e-05
vn 0.808167021 -0.588953362 -5.75621002e-05
vn 0.778028902 -0.624345121 0.0697438043
vn -0.0924419059 -0.721987104 0.685703373
vn -0.151288239 -0.873697862 0.462346099
vn -0.147062819 -0.777398864 0.611574634
vn -0.57797883 -0.809241446 0.105208147
vn -0.538924677 -0.775234913 0.329501171
vn -0.51209156 -0.799738262 0.313338389
vn 0.998667454 0.0516073207 2.08471678e-05
vn 0.994116334 0.0366132217 0.101942079
vn 0.986590774 0.123366367 0.106861521
vn -0.838698504 0.544596015 -5.71870303e-06
vn -0.832690671 0.553738425 -5.5069374e-05
vn -0.787193379 0.602252738 0.132733661
vn -0.0387560411 -0.736490218 -0.675337047
vn 0.0661166988 -0.734684833 -0.675179071
vn 0.073596666 -0.796119118 -0.600647885
vn 0.248870416 -0.968536791 6.26798128e-07
vn 0.25073867 -0.95350667 0.167197936
vn 0.296331286 -0.95190972 0.0778180881
vn -0.42894605 -0.861355548 0.272161545
vn -0.443894162 -0.891367523 0.0917709722
vn -0.272512809 -0.957768196 0.0917433999
vn -0.298761372 -0.285114024 0.910742354
vn -0.374283883 -0.413906488 0.829815036
vn -0.457900363 -0.49707367 0.737051575
vn -0.0316325802 0.770479032 0.636680014
vn -0.0458422717 0.897149034 0.439342801
vn 0.00994510622 0.929876581 0.367737186
vn -0.736099861 -0.67063286 -0.0916982097
vn -0.711268925 -0.648192248 -0.27192522
vn -0.579844979 -0.767968035 -0.272038413
vn 0.976019918 -0.146990478 0.160558149
vn 0.989379211 -0.145357398 6.75072067e-05
vn 0.975466397 -0.220148376 4.89023491e-06
vn -0.0278027911 0.348429407 0.936922597
vn -0.132286064 0.569124427 0.811540377
vn -0.18156487 0.669024179 0.720722447
vn -0.751840364 0.659345167 -0.000132748994
vn -0.743065902 0.66921825 1.12346462e-05
vn -0.740253379 0.66535466 0.0965821432
vn -0.895297526 -0.245135411 0.371955603
vn -0.842073918 -0.174206391 0.510454357
vn -0.689246726 -0.195733342 0.697586847
vn 0.735864706 -0.670886047 -0.0917335609
vn 0.735833744 -0.670916653 0.0917580774
vn 0.600055196 -0.794684043 0.0917116908
vn 0.38176733 -0.464458402 0.799082035
vn 0.262560903 -0.341379672 0.902508555
vn 0.134670024 -0.128613193 0.982508336
vn 0.120142699 0.987266125 0.104265676
vn 0.0387017872 0.993798245 0.10424596
vn 0.0526093295 0.99861517 3.10726371e-06
vn 0.735870459 0.670880715 0.0917264121
vn 0.600052251 0.794686216 0.0917121267
vn 0.57984206 0.767952004 0.272089883
vn -0.428932089 0.861368275 0.272143267
vn -0.579763285 0.768078376 0.271900978
vn -0.539664486 0.715017529 0.44442342
vn -0.0825878438 0.89243857 -0.44354554
vn -0.08872813 0.958141805 -0.272197724
vn 0.0887267852 0.958141408 -0.27219956
vn 0.0887300361 -0.958140004 0.272203442
vn 0.0825856454 -0.892434534 0.443554072
vn -0.0825845918 -0.892435573 0.443552177
vn -0.735880904 0.670878702 0.0916573098
vn -0.795266753 0.600253884 0.0851238227
vn -0.772052955 0.582539283 0.254130318
vn -0.930662032 0.365880011 1.43786291e-05
vn -0.922492093 0.363461944 0.130014435
vn -0.947242267 0.315022868 0.0590988998
vn 0.168764728 -0.982426275 0.0797313096
vn 0.25073867 -0.95350667 0.167197936
vn 0.248870416 -0.968536791 6.26798128e-07
vn -0.600067544 0.794672712 -0.0917290803
vn -0.579885785 0.76793862 -0.272034468
vn -0.711246662 0.647907429 -0.272661236
vn -0.0733952398 0.796028641 0.600792428
vn -0.0662181032 0.734455473 0.675418626
vn 0.0598141525 0.733432798 0.677125246
vn 0.711174206 -0.647880569 -0.272913939
vn 0.579870014 -0.767941076 -0.272061154
vn 0.540840208 -0.71356827 -0.445322573
vn -0.771673882 -0.582535821 -0.25528697
vn -0.711268925 -0.648192248 -0.27192522
vn -0.736099861 -0.67063286 -0.0916982097
vn 0.35558453 0.925948554 0.127196371
vn 0.308869534 0.901425966 0.303365849
vn 0.277407409 0.895002012 0.349308642
vn -0.515014308 -0.850627949 0.105793929
vn -0.456597999 -0.883440527 0.105124224
vn -0.475538365 -0.879694983 9.10285765e-06
vn -0.399453677 -0.802262141 -0.44363523
vn -0.355946454 -0.718154793 -0.597959711
vn -0.21992126 -0.768934426 -0.600311992
vn -0.188123964 -0.714847535 0.673500093
vn -0.21898259 -0.769439511 0.600007886
vn -0.0734636611 -0.796127473 0.600653093
vn -0.942595357 -0.333937107 2.98205067e-05
vn -0.953597138 -0.301085535 1.26258511e-05
vn -0.955728894 -0.279366482 0.0923939932
vn -0.852430514 -0.518038983 0.0706953325
vn -0.804125234 -0.560897161 0.196918722
vn -0.831322577 -0.555790223 2.0922923e-05
vn 0.886034407 -0.45335247 0.0970287
vn 0.912634908 -0.392162982 0.115350425
vn 0.917425951 -0.397906551 2.08284278e-05
vn -0.539664486 0.715017529 0.44442342
vn -0.471022427 0.681486325 0.56010201
vn -0.357489331 0.715447214 0.600280486
vn -0.348863464 -0.936997503 -0.0181648663
vn -0.303399897 -0.943090698 0.136119205
vn -0.353649477 -0.935378023 4.06965751e-05
vn -0.999242271 -0.0389215024 3.09110336e-05
vn -0.995064566 -0.0143797428 0.0981821369
vn -0.988928907 -0.105055422 0.104799688
vn 0.580094085 -0.76763646 0.272442871
vn 0.710635782 -0.648504973 0.272833437
vn 0.634451627 -0.653653978 0.41256225
vn -0.08872813 0.958141805 -0.272197724
vn -0.0918792065 0.991531817 -0.0917761799
vn 0.0918807996 0.991531564 -0.0917773184
vn -0.196449441 0.716381719 -0.66948103
vn -0.219540465 0.770546209 -0.598381587
vn -0.0732368371 0.796370736 -0.600358241
vn 0.926644666 -0.0596691694 0.371172809
vn 0.991580132 -0.0682361609 0.110057564
vn 0.976019918 -0.146990478 0.160558149
vn -0.08872813 0.958141805 -0.272197724
vn -0.0825878438 0.89243857 -0.44354554
vn -0.245272136 0.862012825 -0.443593811
vn 0.486645961 0.87359928 -8.6304927e-05
vn 0.558591427 0.804290714 0.202711777
vn 0.515683915 0.853902562 -0.0701463779
vn -0.886707976 -0.462329932 6.56928625e-06
vn -0.877545547 -0.457145964 0.144676812
vn -0.852430514 -0.518038983 0.0706953325
vn 0.790228293 0.612812568 3.70942246e-05
vn 0.796914423 0.604092213 -2.86575874e-05
vn 0.814693144 0.574536496 0.0786313853
vn -0.400296374 0.916385733 4.08371945e-05
vn -0.367331165 0.930090219 2.11764393e-05
vn -0.359873641 0.931944459 0.0443901703
vn -0.886707976 -0.462329932 6.56928625e-06
vn -0.905355644 -0.424654162 2.41021756e-05
vn -0.903866092 -0.4215117 0.0731708614
vn 0.194066744 0.979038875 0.0618140797
vn 0.17902162 0.98384514 2.63795018e-05
vn 0.236608423 0.971605091 3.60372261e-05
vn -0.272514715 0.957767713 -0.0917427809
vn -0.263323089 0.925532844 -0.272121122
vn -0.428934733 0.861368677 -0.272137827
vn -0.219540465 0.770546209 -0.598381587
vn -0.196449441 0.716381719 -0.66948103
vn -0.32060728 0.671965611 -0.66758759
vn 0.296331286 -0.95190972 0.0778180881
vn 0.384169799 -0.915618448 0.118559789
vn 0.379210026 -0.925310627 2.55874823e-05
vn 0.653438915 -0.75057542 0.0982553958
vn 0.677948926 -0.723336074 0.131035025
vn 0.705040616 -0.709166926 2.24225418e-05
vn -0.838698504 0.544596015 -5.71870303e-06
vn -0.831997702 0.532455012 0.155793084
vn -0.874444154 0.47943084 0.0741180875
vn 0.57984206 0.767952004 0.272089883
vn 0.428946075 0.861355298 0.272162297
vn 0.399481718 0.80225838 0.443616782
vn -0.579844979 -0.767968035 -0.272038413
vn -0.711268925 -0.648192248 -0.27192522
vn -0.632350948 -0.656318333 -0.411556223
vn -0.42893313 -0.861369286 -0.272138427
vn -0.263326863 -0.925531555 -0.272121856
vn -0.272518139 -0.95776669 -0.0917432866
vn -0.579763285 0.768078376 0.271900978
vn -0.711424355 0.647867916 0.272291297
vn -0.631610459 0.656905956 0.411755745
vn -0.428934733 0.861368677 -0.272137827
vn -0.579885785 0.76793862 -0.272034468
vn -0.600067544 0.794672712 -0.0917290803
vn -0.272518193 0.957766729 0.0917427258
vn -0.443893465 0.891367798 0.0917716702
vn -0.428932089 0.861368275 0.272143267
vn 0.571915696 0.17597917 0.801213934
vn 0.585091309 0.230404607 0.777548633
vn 0.789100574 0.302926647 0.534374149
vn -0.803992515 0.297208482 0.515037042
vn -0.760211784 0.276563264 0.587869718
vn -0.85574195 0.290111145 0.428417132
vn 0.786667441 0.508353932 0.350329298
vn 0.812592004 0.446478502 0.374634731
vn 0.70240209 0.392546614 0.593749493
vn 0.937060822 0.312942501 0.154867707
vn 0.908154299 0.383825566 0.167133791
vn 0.937848536 0.347044844 -1.36038793e-05
vn -0.355240088 0.717512034 -0.599150199
vn -0.472060854 0.682826018 -0.557590513
vn -0.540206927 0.714751624 -0.444192066
vn 0.711068433 0.648081047 -0.272713475
vn 0.633124548 0.653172273 -0.415354413
vn 0.540503489 0.714312894 -0.444536914
vn 0.735833744 -0.670916653 0.0917580774
vn 0.795112348 -0.60037717 0.0856948534
vn 0.771477334 -0.582715312 0.255471306
vn -0.0887280149 0.958139981 0.272204181
vn -0.263322769 0.925531321 0.272126613
vn -0.245271256 0.862010438 0.443598936
vn -0.735942516 -0.670816452 0.0916182365
vn -0.60004987 -0.794688068 0.0917116578
vn -0.57972177 -0.768113641 0.271889875
vn 0.379210026 -0.925310627 2.55874823e-05
vn 0.384169799 -0.915618448 0.118559789
vn 0.473220407 -0.876470738 0.0886650586
vn -0.456597999 -0.883440527 0.105124224
vn -0.39277297 -0.909107263 0.138756543
vn -0.394862165 -0.918740368 8.88184927e-05
vn 0.527922788 -0.849292364 -0.00010098836
vn 0.473220407 -0.876470738 0.0886650586
vn 0.542621728 -0.836491579 0.0764427776
vn -0.771905916 0.582588745 -0.25446338
vn -0.795210175 0.600218872 -0.0858957749
vn -0.735871152 0.670887252 -0.0916730186
vn -0.771708949 -0.582735392 0.254724874
vn -0.795367189 -0.600081569 0.0853999117
vn -0.735942516 -0.670816452 0.0916182365
vn 0.358313062 0.715031222 -0.600285016
vn 0.399453899 0.802262943 -0.443633579
vn 0.540503489 0.714312894 -0.444536914
vn 0.908154299 0.383825566 0.167133791
vn 0.826704101 0.341934961 0.446811831
vn 0.805970472 0.399249306 0.437048726
vn 0.458773253 0.888553376 -7.55300728e-07
vn 0.454443065 0.874503369 0.169485568
vn 0.35558453 0.925948554 0.127196371
vn -0.228106174 -0.967769935 0.106718914
vn -0.257766649 -0.966207201 -1.84463435e-05
vn -0.292304058 -0.956325435 1.43531874e-05
vn -0.985441851 0.143807803 0.0906844743
vn -0.991272972 0.0716214766 0.110671854
vn -0.997293219 0.073527101 -2.22611048e-06
vn -0.245268495 -0.86201066 0.44360003
vn -0.263321022 -0.925531481 0.272127758
vn -0.0887293212 -0.958140485 0.272201983
vn 0.0825885325 0.892435447 0.443551697
vn -0.0825863637 0.892435797 0.443551395
vn -0.0733952398 0.796028641 0.600792428
vn 0.0825844172 0.892437982 -0.443547362
vn 0.0734828886 0.796145408 -0.600626967
vn -0.0732368371 0.796370736 -0.600358241
vn 0.428930234 -0.861368738 0.272144723
vn 0.443892988 -0.891367917 0.0917728237
vn 0.600055196 -0.794684043 0.0917116908
vn 0.0736279224 0.795684771 0.601219323
vn 0.0598141525 0.733432798 0.677125246
vn 0.188416218 0.713141162 0.675225156
vn 0.580094085 -0.76763646 0.272442871
vn 0.600055196 -0.794684043 0.0917116908
vn 0.735833744 -0.670916653 0.0917580774
vn -0.42894605 -0.861355548 0.272161545
vn -0.263321022 -0.925531481 0.272127758
vn -0.245268495 -0.86201066 0.44360003
vn -0.245272136 0.862012825 -0.443593811
vn -0.39945369 0.802262884 -0.443633874
vn -0.428934733 0.861368677 -0.272137827
vn 0.245271863 -0.86201257 -0.443594458
vn 0.399453011 -0.80226218 -0.443635758
vn 0.428933912 -0.861368703 -0.272139039
vn 0.399481718 0.80225838 0.443616782
vn 0.245267376 0.862011378 0.443599255
vn 0.218749165 0.769268035 0.600312829
vn -0.399488492 -0.802254226 0.443618193
vn -0.539719025 -0.71512466 0.444184753
vn -0.57972177 -0.768113641 0.271889875
vn 0.61969874 -0.694176358 0.366186641
vn 0.619619149 -0.701644024 0.351806442
vn 0.529095125 -0.64132966 0.555656922
vn -0.399488492 -0.802254226 0.443618193
vn -0.245268495 -0.86201066 0.44360003
vn -0.21898259 -0.769439511 0.600007886
vn -0.0918808248 0.991531595 0.0917769563
vn -0.0887280149 0.958139981 0.272204181
vn 0.0887271331 0.958140152 0.272203867
vn -0.245271256 0.862010438 0.443598936
vn -0.263322769 0.925531321 0.272126613
vn -0.428932089 0.861368275 0.272143267
vn 0.0918798239 -0.991531747 0.0917763204
vn 0.272514179 -0.957767731 0.0917441868
vn 0.263318807 -0.925532447 0.272126616
vn 0.263320375 0.925532109 0.272126247
vn 0.27251554 0.957767564 0.091741884
vn 0.0918791872 0.991531791 0.091776481
vn -0.428932089 0.861368275 0.272143267
vn -0.443893465 0.891367798 0.0917716702
vn -0.600055297 0.79468396 0.0917117477
vn 0.399453899 0.802262943 -0.443633579
vn 0.358313062 0.715031222 -0.600285016
vn 0.218847867 0.76949171 -0.599990099
vn 0.0736535544 -0.79604552 0.600738449
vn 0.0825856454 -0.892434534 0.443554072
vn 0.245267211 -0.862010951 0.443600175
vn 0.245267211 -0.862010951 0.443600175
vn 0.263318807 -0.925532447 0.272126616
vn 0.428930234 -0.861368738 0.272144723
vn 0.073596666 -0.796119118 -0.600647885
vn 0.218918098 -0.769217006 -0.600316637
vn 0.245271863 -0.86201257 -0.443594458
vn 0.540503489 0.714312894 -0.444536914
vn 0.399453899 0.802262943 -0.443633579
vn 0.428935626 0.861368257 -0.272137748
vn 0.428930234 -0.861368738 0.272144723
vn 0.580094085 -0.76763646 0.272442871
vn 0.541657675 -0.713194355 0.444927832
vn 0.263320709 0.925533634 -0.272120739
vn 0.0887267852 0.958141408 -0.27219956
vn 0.0918807996 0.991531564 -0.0917773184
vn 0.600052251 0.794686216 0.0917121267
vn 0.443893764 0.89136774 0.0917707925
vn 0.428946075 0.861355298 0.272162297
vn -0.600049299 -0.79468844 -0.0917121667
vn -0.579844979 -0.767968035 -0.272038413
vn -0.42893313 -0.861369286 -0.272138427
vn 0.711068433 0.648081047 -0.272713475
vn 0.579893852 0.767929527 -0.272042942
vn 0.600069118 0.794671473 -0.0917295145
vn -0.0918792065 0.991531817 -0.0917761799
vn -0.08872813 0.958141805 -0.272197724
vn -0.263323089 0.925532844 -0.272121122
vn 0.579870014 -0.767941076 -0.272061154
vn 0.711174206 -0.647880569 -0.272913939
vn 0.735864706 -0.670886047 -0.0917335609
vn 0.778028902 -0.624345121 0.0697438043
vn 0.795230837 -0.60630677 -0.000130455543
vn 0.736263082 -0.676695393 -0.000138288317
vn -0.0729434829 -0.797052585 -0.599488469
vn -0.21992126 -0.768934426 -0.600311992
vn -0.188539783 -0.717012147 -0.671078484
vn 0.0842955766 -0.991740087 0.0966739635
vn 0.168764728 -0.982426275 0.0797313096
vn 0.153862379 -0.988092286 5.5791536e-05
vn -0.24527377 -0.862012211 -0.4435941
vn -0.21992126 -0.768934426 -0.600311992
vn -0.0729434829 -0.797052585 -0.599488469
vn 0.0918807996 0.991531564 -0.0917773184
vn 0.0918791872 0.991531791 0.091776481
vn 0.27251554 0.957767564 0.091741884
vn 0.600069118 0.794671473 -0.0917295145
vn 0.600052251 0.794686216 0.0917121267
vn 0.735870459 0.670880715 0.0917264121
vn -0.600067544 0.794672712 -0.0917290803
vn -0.600055297 0.79468396 0.0917117477
vn -0.443893465 0.891367798 0.0917716702
vn -0.740253379 0.66535466 0.0965821432
vn -0.743065902 0.66921825 1.12346462e-05
vn -0.740026862 0.67257729 -0.000178634968
vn 0.600069118 0.794671473 -0.0917295145
vn 0.579893852 0.767929527 -0.272042942
vn 0.428935626 0.861368257 -0.272137748
vn -0.263321022 -0.925531481 0.272127758
vn -0.272512809 -0.957768196 0.0917433999
vn -0.0918772393 -0.991532112 0.0917749577
vn 0.219018496 -0.76936438 0.600091118
vn 0.245267211 -0.862010951 0.443600175
vn 0.399455937 -0.802258198 0.443640324
vn -0.218866341 0.769361045 0.600150904
vn -0.245271256 0.862010438 0.443598936
vn -0.399456718 0.802258926 0.443638305
vn 0.540840208 -0.71356827 -0.445322573
vn 0.399453011 -0.80226218 -0.443635758
vn 0.358272056 -0.715153476 -0.600163844
vn 0.24527267 0.862012875 -0.443593419
vn 0.218847867 0.76949171 -0.599990099
vn 0.0734828886 0.796145408 -0.600626967
vn 0.458773253 0.888553376 -7.55300728e-07
vn 0.494526802 0.869162379 2.73453879e-05
vn 0.515683915 0.853902562 -0.0701463779
vn 0.772080308 -0.582250599 -0.254708143
vn 0.795200715 -0.600237138 -0.0858557011
vn 0.735864706 -0.670886047 -0.0917335609
vn 0.743482137 0.668755792 5.38845251e-05
vn 0.727592798 0.65454105 0.205389224
vn 0.683846025 0.728264298 0.0445614884
vn -0.0502212044 -0.893768364 0.445708361
vn -0.0465130467 -0.986391 0.157700135
vn -0.100649802 -0.980119094 0.170985905
vn -0.310618098 0.655443778 0.688411106
vn -0.343756996 0.626656638 0.699380144
vn -0.426467867 0.769103953 0.476029692
vn 0.772055841 0.582035822 -0.25527256
vn 0.711068433 0.648081047 -0.272713475
vn 0.73610746 0.670580027 -0.0920230139
vn 0.443893662 -0.891367657 -0.0917720926
vn 0.443892988 -0.891367917 0.0917728237
vn 0.272514179 -0.957767731 0.0917441868
vn -0.735871152 0.670887252 -0.0916730186
vn -0.735880904 0.670878702 0.0916573098
vn -0.600055297 0.79468396 0.0917117477
vn -0.272518139 -0.95776669 -0.0917432866
vn -0.272512809 -0.957768196 0.0917433999
vn -0.443894162 -0.891367523 0.0917709722
vn -0.272514715 0.957767713 -0.0917427809
vn -0.272518193 0.957766729 0.0917427258
vn -0.0918808248 0.991531595 0.0917769563
vn -0.443895768 0.891366743 -0.0917707854
vn -0.443893465 0.891367798 0.0917716702
vn -0.272518193 0.957766729 0.0917427258
vn -0.0918792065 0.991531817 -0.0917761799
vn -0.0918808248 0.991531595 0.0917769563
vn 0.0918791872 0.991531791 0.091776481
vn 0.975466397 -0.220148376 4.89023491e-06
vn 0.957256222 -0.289241291 -2.96862953e-05
vn 0.950648205 -0.291310912 0.106798606
vn 0.428933912 -0.861368703 -0.272139039
vn 0.399453011 -0.80226218 -0.443635758
vn 0.540840208 -0.71356827 -0.445322573
vn -0.42893313 -0.861369286 -0.272138427
vn -0.399453677 -0.802262141 -0.44363523
vn -0.24527377 -0.862012211 -0.4435941
vn -0.308260522 -0.671729785 0.673613054
vn -0.357110923 -0.715670776 0.600239227
vn -0.21898259 -0.769439511 0.600007886
vn -0.0918808248 0.991531595 0.0917769563
vn -0.272518193 0.957766729 0.0917427258
vn -0.263322769 0.925531321 0.272126613
vn -0.245268495 -0.86201066 0.44360003
vn -0.0825845918 -0.892435573 0.443552177
vn -0.0734636611 -0.796127473 0.600653093
vn -0.631743434 -0.65719581 0.411088677
vn -0.711428708 -0.647958344 0.272064658
vn -0.57972177 -0.768113641 0.271889875
vn 0.428935626 0.861368257 -0.272137748
vn 0.399453899 0.802262943 -0.443633579
vn 0.24527267 0.862012875 -0.443593419
vn -0.0733952398 0.796028641 0.600792428
vn -0.0825863637 0.892435797 0.443551395
vn -0.245271256 0.862010438 0.443598936
vn -0.188880101 0.714529097 0.673626363
vn -0.0662181032 0.734455473 0.675418626
vn -0.0733952398 0.796028641 0.600792428
vn 0.245267376 0.862011378 0.443599255
vn 0.263320375 0.925532109 0.272126247
vn 0.0887271331 0.958140152 0.272203867
vn 0.428946075 0.861355298 0.272162297
vn 0.263320375 0.925532109 0.272126247
vn 0.245267376 0.862011378 0.443599255
vn -0.24527377 -0.862012211 -0.4435941
vn -0.0825849503 -0.892437788 -0.443547652
vn -0.0887278368 -0.958141479 -0.272198967
vn 0.24527267 0.862012875 -0.443593419
vn 0.0825844172 0.892437982 -0.443547362
vn 0.0887267852 0.958141408 -0.27219956
vn 0.0887281143 -0.958142154 -0.272196499
vn 0.0918792133 -0.991531909 -0.0917751809
vn -0.0918798458 -0.991531741 -0.0917763572
vn -0.0732368371 0.796370736 -0.600358241
vn -0.219540465 0.770546209 -0.598381587
vn -0.245272136 0.862012825 -0.443593811
vn -0.716568057 0.584862425 0.380087048
vn -0.676530949 0.650541297 0.345111425
vn -0.600307679 0.555863478 0.575018681
vn 0.245267376 0.862011378 0.443599255
vn 0.0825885325 0.892435447 0.443551697
vn 0.0736279224 0.795684771 0.601219323
vn -0.85574195 0.290111145 0.428417132
vn -0.760211784 0.276563264 0.587869718
vn -0.789108536 0.230445451 0.569387928
vn 0.0887300361 -0.958140004 0.272203442
vn 0.263318807 -0.925532447 0.272126616
vn 0.245267211 -0.862010951 0.443600175
vn -0.0458422717 0.897149034 0.439342801
vn -0.0957635581 0.889795724 0.446198286
vn -0.110867337 0.979923495 0.165705697
vn -0.42893313 -0.861369286 -0.272138427
vn -0.579844979 -0.767968035 -0.272038413
vn -0.540179063 -0.714742229 -0.444241068
vn 0.976019918 -0.146990478 0.160558149
vn 0.962139427 -0.217522009 0.164231236
vn 0.884993463 -0.202044836 0.419481172
vn -0.967350198 -0.200571915 0.154933862
vn -0.979681209 -0.200561035 -9.06495839e-06
vn -0.989722297 -0.14300271 -1.39326855e-05
vn 0.218847867 0.76949171 -0.599990099
vn 0.358313062 0.715031222 -0.600285016
vn 0.307373822 0.671854617 -0.673893692
vn -0.219540465 0.770546209 -0.598381587
vn -0.355240088 0.717512034 -0.599150199
vn -0.39945369 0.802262884 -0.443633874
vn -0.0887280149 0.958139981 0.272204181
vn -0.0825863637 0.892435797 0.443551395
vn 0.0825885325 0.892435447 0.443551697
vn 0.542621728 -0.836491579 0.0764427776
vn 0.589584332 -0.794557507 0.145150552
vn 0.60381429 -0.797125023 3.95954839e-05
vn 0.600054129 -0.794684866 -0.091711541
vn 0.600055196 -0.794684043 0.0917116908
vn 0.443892988 -0.891367917 0.0917728237
vn -0.0918798458 -0.991531741 -0.0917763572
vn -0.0918772393 -0.991532112 0.0917749577
vn -0.272512809 -0.957768196 0.0917433999
vn 0.0918792133 -0.991531909 -0.0917751809
vn 0.0918798239 -0.991531747 0.0917763204
vn -0.0918772393 -0.991532112 0.0917749577
vn 0.16710949 -0.868973376 0.465789319
vn 0.188603746 -0.941711972 0.278580668
vn 0.116717145 -0.930042983 0.348420948
vn 0.073596666 -0.796119118 -0.600647885
vn 0.0661166988 -0.734684833 -0.675179071
vn 0.189574638 -0.713969207 -0.674024798
vn -0.903866092 -0.4215117 0.0731708614
vn -0.914126855 -0.405428282 1.58374657e-05
vn -0.928181863 -0.372126898 3.23816631e-05
vn -0.60004987 -0.794688068 0.0917116578
vn -0.443894162 -0.891367523 0.0917709722
vn -0.42894605 -0.861355548 0.272161545
vn 0.0736535544 -0.79604552 0.600738449
vn 0.219018496 -0.76936438 0.600091118
vn 0.186905412 -0.71365481 0.675102347
vn 0.082587156 -0.892437732 -0.443547356
vn 0.0887281143 -0.958142154 -0.272196499
vn -0.0887278368 -0.958141479 -0.272198967
vn 0.0887281143 -0.958142154 -0.272196499
vn 0.082587156 -0.892437732 -0.443547356
vn 0.245271863 -0.86201257 -0.443594458
vn -0.228106174 -0.967769935 0.106718914
vn -0.157330412 -0.974024076 0.162862647
vn -0.191820041 -0.981430116 1.80386851e-05
vn 0.428933912 -0.861368703 -0.272139039
vn 0.579870014 -0.767941076 -0.272061154
vn 0.600054129 -0.794684866 -0.091711541
vn -0.579763285 0.768078376 0.271900978
vn -0.600055297 0.79468396 0.0917117477
vn -0.735880904 0.670878702 0.0916573098
vn -0.263326863 -0.925531555 -0.272121856
vn -0.0887278368 -0.958141479 -0.272198967
vn -0.0918798458 -0.991531741 -0.0917763572
vn -0.240367402 0.970681983 2.01363986e-05
vn -0.207909191 0.973322363 0.0970430122
vn -0.291370403 0.951278843 0.100855593
vn 0.735864706 -0.670886047 -0.0917335609
vn 0.795200715 -0.600237138 -0.0858557011
vn 0.795112348 -0.60037717 0.0856948534
vn 0.653438915 -0.75057542 0.0982553958
vn 0.656651182 -0.75419442 4.36706458e-05
vn 0.60381429 -0.797125023 3.95954839e-05
vn 0.310346448 -0.670795308 -0.673586474
vn 0.358272056 -0.715153476 -0.600163844
vn 0.218918098 -0.769217006 -0.600316637
vn 0.654008889 0.756486861 4.49980778e-05
vn 0.693624209 0.720337044 2.77132844e-05
vn 0.683846025 0.728264298 0.0445614884
vn 0.218749165 0.769268035 0.600312829
vn 0.188416218 0.713141162 0.675225156
vn 0.310881992 0.67080937 0.673325461
vn -0.0385686061 0.999255954 6.66009242e-06
vn -0.00804197763 0.999967663 -1.626125e-05
vn 0.0387017872 0.993798245 0.10424596
vn 0.218918098 -0.769217006 -0.600316637
vn 0.358272056 -0.715153476 -0.600163844
vn 0.399453011 -0.80226218 -0.443635758
vn 0.71096005 0.648283559 0.272514649
vn 0.57984206 0.767952004 0.272089883
vn 0.541118259 0.71304863 0.44581687
vn 0.541657675 -0.713194355 0.444927832
vn 0.473767605 -0.676582944 0.56371959
vn 0.35812646 -0.714803036 0.60066801
vn -0.806311455 -0.591491198 -1.50658519e-06
vn -0.804125234 -0.560897161 0.196918722
vn -0.76784272 -0.635644146 0.079837815
vn -0.736099861 -0.67063286 -0.0916982097
vn -0.735942516 -0.670816452 0.0916182365
vn -0.795367189 -0.600081569 0.0853999117
vn 0.986590774 0.123366367 0.106861521
vn 0.976155189 0.188553115 0.107558216
vn 0.981832782 0.189748217 -3.88251359e-05
vn -0.310939527 0.950429698 6.11922509e-06
vn -0.291370403 0.951278843 0.100855593
vn -0.359873641 0.931944459 0.0443901703
vn -0.913334406 0.40721034 4.0668713e-05
vn -0.876548632 0.438890658 0.197579066
vn -0.922492093 0.363461944 0.130014435
vn 0.735870459 0.670880715 0.0917264121
vn 0.795243901 0.600170122 0.085924169
vn 0.796002633 0.599434441 -0.0840128518
vn 0.00290716558 -0.989135531 0.146977721
vn 0.0842955766 -0.991740087 0.0966739635
vn 0.0839669699 -0.996468538 2.28202551e-05
vn -0.628530238 0.77778515 3.22590445e-05
vn -0.597275209 0.802036361 3.23449246e-05
vn -0.559796702 0.813133673 0.159503239
vn 0.17902162 0.98384514 2.63795018e-05
vn 0.194066744 0.979038875 0.0618140797
vn 0.120142699 0.987266125 0.104265676
vn 0.677948926 -0.723336074 0.131035025
vn 0.746369698 -0.643895778 0.168316671
vn 0.712772742 -0.70139505 -4.76775068e-05
vn -0.76784272 -0.635644146 0.079837815
vn -0.705821088 -0.701931706 0.0954383152
vn -0.732372129 -0.680904593 -1.51525666e-05
vn -0.6722051 0.721606503 0.165603014
vn -0.644991487 0.764189755 -1.75049762e-05
vn -0.628530238 0.77778515 3.22590445e-05
vn -0.106804041 -0.994280089 3.61670554e-05
vn -0.100649802 -0.980119094 0.170985905
vn -0.0465130467 -0.986391 0.157700135
vn -0.703164569 -0.711027137 -1.03112187e-05
vn -0.705821088 -0.701931706 0.0954383152
vn -0.644972906 -0.758334441 0.0945453623
vn 0.95996078 0.256113608 0.113495025
vn 0.937060822 0.312942501 0.154867707
vn 0.951194098 0.30859324 2.6845011e-05
vn -0.464511046 0.885567325 2.83937594e-05
vn -0.454179678 0.875507184 0.16494845
vn -0.511948629 0.853123161 0.10044637
vn 0.917425951 -0.397906551 2.08284278e-05
vn 0.912634908 -0.392162982 0.115350425
vn 0.931591419 -0.349040735 0.101528291
vn 0.558591427 0.804290714 0.202711777
vn 0.603768059 0.79716004 -4.56939858e-05
vn 0.620428407 0.784263088 1.89947375e-05
vn 0.0734828886 0.796145408 -0.600626967
vn 0.0663234888 0.734621225 -0.675227998
vn -0.0600987012 0.734815326 -0.675599425
vn -0.394862165 -0.918740368 8.88184927e-05
vn -0.39277297 -0.909107263 0.138756543
vn -0.348863464 -0.936997503 -0.0181648663
vn -0.539719025 -0.71512466 0.444184753
vn -0.399488492 -0.802254226 0.443618193
vn -0.357110923 -0.715670776 0.600239227
vn -0.57797883 -0.809241446 0.105208147
vn -0.515014308 -0.850627949 0.105793929
vn -0.535434464 -0.844576778 4.54338157e-06
vn 0.950648205 -0.291310912 0.106798606
vn 0.957256222 -0.289241291 -2.96862953e-05
vn 0.945224204 -0.32642182 -6.76642715e-06
vn -0.977000741 0.213235906 8.53866733e-07
vn -0.970573638 0.227852263 0.0779112306
vn -0.985441851 0.143807803 0.0906844743
vn -0.967350198 -0.200571915 0.154933862
vn -0.955728894 -0.279366482 0.0923939932
vn -0.964243687 -0.265017192 3.34101145e-05
f 66/1/1 78/2/2 77/3/3
f 58/4/4 79/5/5 78/6/6
f 57/7/7 80/8/8 82/9/9
f 48/10/10 81/11/11 79/12/12
f 26/13/13 36/14/14 87/15/15
f 89/16/16 88/17/17 18/18/18
f 95/19/19 89/20/20 6/21/21
f 91/22/22 14/23/23 90/24/24
f 94/25/25 95/26/26 7/27/27
f 96/28/28 80/29/29 65/30/30
f 96/31/31 71/32/32 73/33/33
f 167/34/34 169/35/35 174/36/36
f 162/37/37 161/38/38 173/39/39
f 160/40/40 174/41/41 175/42/42
f 153/43/43 176/44/44 161/45/45
f 152/46/46 175/47/47 178/48/48
f 143/49/49 177/50/50 176/51/51
f 185/52/52 131/53/53 183/54/54
f 186/55/55 184/56/56 113/57/57
f 111/58/58 120/59/59 185/60/60
f 193/61/61 100/62/62 189/63/63
f 192/64/64 191/65/65 102/66/66
f 186/67/67 103/68/68 191/69/69
f 111/70/70 187/71/71 109/72/72
f 259/73/73 366/74/74 260/75/75
f 454/76/76 400/77/77 489/78/78
f 342/79/79 428/80/80 444/81/81
f 528/82/82 562/83/83 561/84/84
f 291/85/85 316/86/86 292/87/87
f 408/88/88 315/89/89 314/90/90
f 568/91/91 541/92/92 575/93/93
f 281/94/94 715/95/95 716/96/96
f 226/97/97 385/98/98 397/99/99
f 592/100/100 508/101/101 509/102/102
f 574/103/103 622/104/104 565/105/105
f 338/106/106 398/107/107 223/108/108
f 288/109/109 313/110/110 357/111/111
f 338/112/112 389/113/113 388/114/114
f 452/115/115 350/116/116 451/117/117
f 299/118/118 340/119/119 348/120/120
f 546/121/121 608/122/122 545/123/123
f 579/124/124 489/125/125 578/126/126
f 546/127/127 446/128/128 547/129/129
f 623/130/130 210/131/131 622/132/132
f 405/133/133 285/134/134 312/135/135
f 434/136/136 331/137/137 239/138/138
f 262/139/139 325/140/140 324/141/141
f 281/142/142 716/143/143 717/144/144
f 570/145/145 614/146/146 551/147/147
f 343/148/148 243/149/149 330/150/150
f 345/151/151 232/152/152 384/153/153
f 226/154/154 225/155/155 224/156/156
f 223/157/157 222/158/158 338/159/159
f 524/160/160 428/161/161 525/162/162
f 525/163/163 428/164/164 429/165/165
f 525/166/166 429/167/167 526/168/168
f 528/169/169 471/170/170 472/171/171
f 451/172/172 552/173/173 452/174/174
f 452/175/175 552/176/176 553/177/177
f 452/178/178 553/179/179 453/180/180
f 453/181/181 553/182/182 489/183/183
f 456/184/184 455/185/185 491/186/186
f 491/187/187 554/188/188 492/189/189
f 457/190/190 492/191/191 458/192/192
f 462/193/193 555/194/194 556/195/195
f 462/196/196 556/197/197 463/198/198
f 506/199/199 507/200/200 508/201/201
f 510/202/202 464/203/203 511/204/204
f 557/205/205 511/206/206 512/207/207
f 514/208/208 466/209/209 558/210/210
f 558/211/211 515/212/212 516/213/213
f 559/214/214 517/215/215 518/216/216
f 467/217/217 469/218/218 520/219/219
f 560/220/220 471/221/221 561/222/222
f 561/223/223 471/224/224 528/225/225
f 532/226/226 533/227/227 485/228/228
f 534/229/229 474/230/230 563/231/231
f 563/232/232 474/233/233 475/234/234
f 563/235/235 475/236/236 476/237/237
f 563/238/238 476/239/239 564/240/240
f 564/241/241 476/242/242 477/243/243
f 564/244/244 477/245/245 565/246/246
f 566/247/247 479/248/248 536/249/249
f 536/250/250 537/251/251 538/252/252
f 567/253/253 486/254/254 540/255/255
f 567/256/256 540/257/257 568/258/258
f 542/259/259 480/260/260 569/261/261
f 569/262/262 543/263/263 488/264/264
f 545/265/265 483/266/266 546/267/267
f 547/268/268 548/269/269 549/270/270
f 571/271/271 484/272/272 463/273/273
f 571/274/274 463/275/275 556/276/276
f 572/277/277 523/278/278 524/279/279
f 572/280/280 524/281/281 525/282/282
f 573/283/283 532/284/284 485/285/285
f 573/286/286 485/287/287 534/288/288
f 574/289/289 565/290/290 478/291/291
f 574/292/292 478/293/293 535/294/294
f 567/295/295 539/296/296 486/297/297
f 575/298/298 541/299/299 487/300/300
f 575/301/301 487/302/302 542/303/303
f 607/304/304 569/305/305 488/306/306
f 607/307/307 488/308/308 481/309/309
f 572/310/310 525/311/311 602/312/312
f 602/313/313 525/314/314 526/315/315
f 603/316/316 531/317/317 573/318/318
f 573/319/319 531/320/320 532/321/321
f 612/322/322 566/323/323 536/324/324
f 612/325/325 536/326/326 538/327/327
f 605/328/328 538/329/329 539/330/330
f 605/331/331 539/332/332 567/333/333
f 606/334/334 542/335/335 569/336/336
f 609/337/337 546/338/338 547/339/339
f 610/340/340 547/341/341 611/342/342
f 611/343/343 547/344/344 549/345/345
f 616/346/346 556/347/347 615/348/348
f 613/349/349 550/350/350 614/351/351
f 555/352/352 615/353/353 556/354/354
f 618/355/355 572/356/356 602/357/357
f 619/358/358 602/359/359 560/360/360
f 619/361/361 560/362/362 561/363/363
f 619/364/364 561/365/365 620/366/366
f 620/367/367 561/368/368 562/369/369
f 214/370/370 562/371/371 603/372/372
f 621/373/373 604/374/374 563/375/375
f 621/376/376 563/377/377 564/378/378
f 564/379/379 565/380/380 622/381/381
f 616/382/382 570/383/383 571/384/384
f 576/385/385 626/386/386 577/387/387
f 553/388/388 577/389/389 627/390/390
f 553/391/391 627/392/392 578/393/393
f 578/394/394 627/395/395 579/396/396
f 579/397/397 627/398/398 628/399/399
f 579/400/400 628/401/401 580/402/402
f 580/403/403 628/404/404 629/405/405
f 580/406/406 629/407/407 554/408/408
f 581/409/409 629/410/410 630/411/411
f 581/412/412 630/413/413 582/414/414
f 582/415/415 630/416/416 583/417/417
f 584/418/418 631/419/419 585/420/420
f 585/421/421 631/422/422 799/423/423
f 586/424/424 637/425/425 587/426/426
f 587/427/427 637/428/428 195/429/429
f 587/430/430 195/431/431 588/432/432
f 588/433/433 195/434/434 196/435/435
f 588/436/436 196/437/437 589/438/438
f 589/439/439 196/440/440 615/441/441
f 626/442/442 576/443/443 590/444/444
f 626/445/445 590/446/446 632/447/447
f 632/448/448 590/449/449 591/450/450
f 632/451/451 591/452/452 592/453/453
f 632/454/454 592/455/455 633/456/456
f 633/457/457 592/458/458 593/459/459
f 633/460/460 593/461/461 594/462/462
f 594/463/463 595/464/464 200/465/465
f 200/466/466 595/467/467 596/468/468
f 199/469/469 597/470/470 598/471/471
f 199/472/472 598/473/473 198/474/474
f 198/475/475 598/476/476 599/477/477
f 198/478/478 599/479/479 204/480/480
f 204/481/481 599/482/482 600/483/483
f 204/484/484 600/485/485 601/486/486
f 634/487/487 604/488/488 621/489/489
f 211/490/490 564/491/491 622/492/492
f 208/493/493 605/494/494 624/495/495
f 635/496/496 625/497/497 607/498/498
f 633/499/499 594/500/500 200/501/501
f 203/502/502 601/503/503 618/504/504
f 207/505/505 208/506/506 624/507/507
f 792/508/508 613/509/509 614/510/510
f 583/511/511 630/512/512 631/513/513
f 203/514/514 204/515/515 601/516/516
f 203/517/517 618/518/518 602/519/519
f 203/520/520 602/521/521 790/522/522
f 790/523/523 602/524/524 619/525/525
f 209/526/526 210/527/527 623/528/528
f 206/529/529 207/530/530 624/531/531
f 201/532/532 202/533/533 610/534/534
f 792/535/535 614/536/536 616/537/537
f 197/538/538 616/539/539 615/540/540
f 210/541/541 211/542/542 622/543/543
f 577/544/544 626/545/545 627/546/546
f 205/547/547 625/548/548 635/549/549
f 201/550/550 610/551/551 792/552/552
f 631/553/553 630/554/554 194/555/555
f 631/556/556 194/557/557 799/558/558
f 636/559/559 793/560/560 794/561/561
f 604/562/562 212/563/563 573/564/564
f 214/565/565 620/566/566 562/567/567
f 473/568/568 474/569/569 534/570/570
f 520/571/571 600/572/572 599/573/573
f 216/574/574 347/575/575 394/576/576
f 500/577/577 460/578/578 499/579/579
f 617/580/580 200/581/581 596/582/582
f 505/583/583 450/584/584 449/585/585
f 358/586/586 411/587/587 461/588/588
f 417/589/589 508/590/590 416/591/591
f 582/592/592 493/593/593 458/594/594
f 484/595/595 570/596/596 443/597/597
f 555/598/598 504/599/599 589/600/600
f 90/601/601 16/602/602 26/603/603
f 514/604/604 595/605/605 513/606/606
f 444/607/607 524/608/608 523/609/609
f 505/610/610 590/611/611 576/612/612
f 369/613/613 424/614/614 368/615/615
f 545/616/616 608/617/617 544/618/618
f 501/619/619 411/620/620 410/621/621
f 483/622/622 545/623/623 482/624/624
f 423/625/625 515/626/626 365/627/627
f 423/628/628 516/629/629 515/630/630
f 320/631/631 414/632/632 341/633/633
f 482/634/634 545/635/635 544/636/636
f 389/637/637 481/638/638 388/639/639
f 313/640/640 286/641/641 356/642/642
f 308/643/643 280/644/644 307/645/645
f 460/646/646 408/647/647 499/648/648
f 383/649/649 537/650/650 479/651/651
f 329/652/652 378/653/653 247/654/654
f 467/655/655 519/656/656 424/657/657
f 407/658/658 313/659/659 406/660/660
f 402/661/661 306/662/662 401/663/663
f 464/664/664 510/665/665 417/666/666
f 321/667/667 416/668/668 362/669/669
f 323/670/670 419/671/671 322/672/672
f 406/673/673 356/674/674 796/675/675
f 493/676/676 459/677/677 458/678/678
f 332/679/679 381/680/680 237/681/681
f 412/682/682 359/683/683 461/684/684
f 494/685/685 405/686/686 404/687/687
f 363/688/688 417/689/689 321/690/690
f 426/691/691 521/692/692 425/693/693
f 221/694/694 338/695/695 222/696/696
f 458/697/697 354/698/698 457/699/699
f 402/700/700 308/701/701 307/702/702
f 492/703/703 402/704/704 491/705/705
f 394/706/706 549/707/707 548/708/708
f 431/709/709 530/710/710 529/711/711
f 360/712/712 361/713/713 415/714/714
f 390/715/715 483/716/716 482/717/717
f 410/718/718 317/719/719 316/720/720
f 246/721/721 329/722/722 247/723/723
f 328/724/724 374/725/725 428/726/726
f 510/727/727 593/728/728 592/729/729
f 441/730/730 541/731/731 540/732/732
f 323/733/733 420/734/734 419/735/735
f 605/736/736 567/737/737 624/738/738
f 300/739/739 348/740/740 347/741/741
f 534/742/742 563/743/743 604/744/744
f 434/745/745 475/746/746 474/747/747
f 325/748/748 421/749/749 324/750/750
f 455/751/751 352/752/752 454/753/753
f 459/754/754 355/755/755 458/756/756
f 364/757/757 417/758/758 363/759/759
f 215/760/760 333/761/761 344/762/762
f 796/763/763 286/764/764 791/765/765
f 271/766/766 360/767/767 301/768/768
f 530/769/769 445/770/770 531/771/771
f 322/772/772 418/773/773 364/774/774
f 366/775/775 423/776/776 365/777/777
f 420/778/778 514/779/779 513/780/780
f 411/781/781 317/782/782 410/783/783
f 237/784/784 380/785/785 239/786/786
f 404/787/787 355/788/788 459/789/789
f 503/790/790 461/791/791 502/792/792
f 433/793/793 533/794/794 432/795/795
f 456/796/796 353/797/797 455/798/798
f 431/799/799 529/800/800 472/801/801
f 537/802/802 536/803/803 479/804/804
f 383/805/805 479/806/806 795/807/807
f 216/808/808 393/809/809 339/810/810
f 372/811/811 425/812/812 326/813/813
f 414/814/814 320/815/815 319/816/816
f 371/817/817 370/818/818 369/819/819
f 355/820/820 309/821/821 354/822/822
f 369/823/823 370/824/824 424/825/825
f 439/826/826 396/827/827 486/828/828
f 425/829/829 469/830/830 468/831/831
f 399/832/832 302/833/833 351/834/834
f 497/835/835 407/836/836 406/837/837
f 414/838/838 463/839/839 484/840/840
f 492/841/841 403/842/842 402/843/843
f 608/844/844 635/845/845 607/846/846
f 490/847/847 454/848/848 579/849/849
f 219/850/850 391/851/851 220/852/852
f 415/853/853 506/854/854 505/855/855
f 391/856/856 218/857/857 346/858/858
f 625/859/859 205/860/860 606/861/861
f 799/862/862 586/863/863 585/864/864
f 441/865/865 540/866/866 440/867/867
f 247/868/868 430/869/869 377/870/870
f 249/871/871 248/872/872 375/873/873
f 220/874/874 390/875/875 221/876/876
f 399/877/877 453/878/878 489/879/879
f 527/880/880 560/881/881 602/882/882
f 245/883/883 329/884/884 246/885/885
f 427/886/886 523/887/887 522/888/888
f 238/889/889 239/890/890 331/891/891
f 508/892/892 591/893/893 506/894/894
f 373/895/895 252/896/896 342/897/897
f 269/898/898 268/899/899 270/900/900
f 366/901/901 365/902/902 261/903/903
f 268/904/904 362/905/905 361/906/906
f 453/907/907 351/908/908 452/909/909
f 260/910/910 366/911/911 261/912/912
f 384/913/913 439/914/914 438/915/915
f 416/916/916 507/917/917 361/918/918
f 332/919/919 382/920/920 381/921/921
f 558/922/922 596/923/923 514/924/924
f 214/925/925 603/926/926 213/927/927
f 598/928/928 597/929/929 559/930/930
f 554/931/931 491/932/932 580/933/933
f 609/934/934 610/935/935 202/936/936
f 568/937/937 575/938/938 624/939/939
f 267/940/940 321/941/941 362/942/942
f 305/943/943 277/944/944 304/945/945
f 254/946/946 253/947/947 327/948/948
f 397/949/949 480/950/950 487/951/951
f 265/952/952 322/953/953 364/954/954
f 557/955/955 593/956/956 511/957/957
f 401/958/958 353/959/959 456/960/960
f 577/961/961 552/962/962 576/963/963
f 256/964/964 371/965/965 369/966/966
f 587/967/967 501/968/968 500/969/969
f 310/970/970 282/971/971 309/972/972
f 291/973/973 290/974/974 315/975/975
f 533/976/976 532/977/977 432/978/978
f 331/979/979 473/980/980 379/981/981
f 470/982/982 526/983/983 429/984/984
f 264/985/985 323/986/986 322/987/987
f 537/988/988 437/989/989 538/990/990
f 263/991/991 324/992/992 323/993/993
f 505/994/994 591/995/995 590/996/996
f 553/997/997 552/998/998 577/999/999
f 394/1000/1000 347/1001/1001 447/1002/1002
f 313/1003/1003 287/1004/1004 286/1005/1005
f 307/1006/1006 279/1007/1007 306/1008/1008
f 332/1009/1009 235/1010/1010 344/1011/1011
f 362/1012/1012 416/1013/1013 361/1014/1014
f 387/1015/1015 223/1016/1016 398/1017/1017
f 395/1018/1018 473/1019/1019 485/1020/1020
f 243/1021/1021 242/1022/1022 330/1023/1023
f 314/1024/1024 288/1025/1025 357/1026/1026
f 491/1027/1027 401/1028/1028 456/1029/1029
f 502/1030/1030 461/1031/1031 411/1032/1032
f 258/1033/1033 257/1034/1034 368/1035/1035
f 231/1036/1036 334/1037/1037 384/1038/1038
f 250/1039/1039 375/1040/1040 328/1041/1041
f 612/1042/1042 623/1043/1043 566/1044/1044
f 416/1045/1045 508/1046/1046 507/1047/1047
f 481/1048/1048 608/1049/1049 607/1050/1050
f 547/1051/1051 610/1052/1052 609/1053/1053
f 393/1054/1054 394/1055/1055 548/1056/1056
f 252/1057/1057 328/1058/1058 342/1059/1059
f 404/1060/1060 310/1061/1061 355/1062/1062
f 344/1063/1063 795/1064/1064 382/1065/1065
f 580/1066/1066 491/1067/1067 797/1068/1068
f 557/1069/1069 595/1070/1070 594/1071/1071
f 314/1072/1072 289/1073/1073 288/1074/1074
f 236/1075/1075 332/1076/1076 237/1077/1077
f 418/1078/1078 511/1079/1079 464/1080/1080
f 233/1081/1081 232/1082/1082 345/1083/1083
f 319/1084/1084 296/1085/1085 318/1086/1086
f 792/1087/1087 611/1088/1088 613/1089/1089
f 303/1090/1090 276/1091/1091 275/1092/1092
f 304/1093/1093 277/1094/1094 276/1095/1095
f 614/1096/1096 550/1097/1097 551/1098/1098
f 575/1099/1099 606/1100/1100 206/1101/1101
f 258/1102/1102 368/1103/1103 259/1104/1104
f 254/1105/1105 327/1106/1106 372/1107/1107
f 285/1108/1108 284/1109/1109 312/1110/1110
f 309/1111/1111 281/1112/1112 308/1113/1113
f 326/1114/1114 425/1115/1115 468/1116/1116
f 538/1117/1117 605/1118/1118 612/1119/1119
f 334/1120/1120 230/1121/1121 229/1122/1122
f 255/1123/1123 372/1124/1124 326/1125/1125
f 499/1126/1126 408/1127/1127 498/1128/1128
f 298/1129/1129 340/1130/1130 299/1131/1131
f 312/1132/1132 284/1133/1133 311/1134/1134
f 306/1135/1135 279/1136/1136 278/1137/1137
f 315/1138/1138 290/1139/1139 314/1140/1140
f 471/1141/1141 527/1142/1142 470/1143/1143
f 278/1144/1144 277/1145/1145 305/1146/1146
f 500/1147/1147 410/1148/1148 409/1149/1149
f 519/1150/1150 599/1151/1151 598/1152/1152
f 341/1153/1153 414/1154/1154 443/1155/1155
f 575/1156/1156 206/1157/1157 624/1158/1158
f 232/1159/1159 231/1160/1160 384/1161/1161
f 458/1162/1162 355/1163/1163 354/1164/1164
f 324/1165/1165 421/1166/1166 420/1167/1167
f 237/1168/1168 381/1169/1169 380/1170/1170
f 357/1171/1171 408/1172/1172 314/1173/1173
f 408/1174/1174 460/1175/1175 409/1176/1176
f 335/1177/1177 336/1178/1178 440/1179/1179
f 389/1180/1180 482/1181/1181 481/1182/1182
f 420/1183/1183 512/1184/1184 419/1185/1185
f 257/1186/1186 369/1187/1187 368/1188/1188
f 423/1189/1189 517/1190/1190 516/1191/1191
f 244/1192/1192 243/1193/1193 343/1194/1194
f 500/1195/1195 501/1196/1196 410/1197/1197
f 462/1198/1198 414/1199/1199 413/1200/1200
f 374/1201/1201 429/1202/1202 428/1203/1203
f 415/1204/1204 507/1205/1205 506/1206/1206
f 408/1207/1207 357/1208/1208 407/1209/1209
f 481/1210/1210 482/1211/1211 544/1212/1212
f 504/1213/1213 462/1214/1214 413/1215/1215
f 370/1216/1216 467/1217/1217 424/1218/1218
f 270/1219/1219 268/1220/1220 361/1221/1221
f 386/1222/1222 387/1223/1223 543/1224/1224
f 325/1225/1225 465/1226/1226 421/1227/1227
f 402/1228/1228 307/1229/1229 306/1230/1230
f 323/1231/1231 324/1232/1232 420/1233/1233
f 430/1234/1234 471/1235/1235 470/1236/1236
f 245/1237/1237 244/1238/1238 431/1239/1239
f 468/1240/1240 469/1241/1241 467/1242/1242
f 567/1243/1243 568/1244/1244 624/1245/1245
f 373/1246/1246 342/1247/1247 444/1248/1248
f 492/1249/1249 457/1250/1250 403/1251/1251
f 498/1252/1252 408/1253/1253 407/1254/1254
f 402/1255/1255 403/1256/1256 308/1257/1257
f 235/1258/1258 215/1259/1259 344/1260/1260
f 625/1261/1261 569/1262/1262 607/1263/1263
f 266/1264/1264 753/1265/1265 754/1266/1266
f 409/1267/1267 316/1268/1268 315/1269/1269
f 375/1270/1270 248/1271/1271 376/1272/1272
f 412/1273/1273 318/1274/1274 359/1275/1275
f 494/1276/1276 798/1277/1277 405/1278/1278
f 390/1279/1279 442/1280/1280 483/1281/1281
f 510/1282/1282 511/1283/1283 593/1284/1284
f 573/1285/1285 534/1286/1286 604/1287/1287
f 409/1288/1288 410/1289/1289 316/1290/1290
f 539/1291/1291 439/1292/1292 486/1293/1293
f 256/1294/1294 778/1295/1295 779/1296/1296
f 449/1297/1297 415/1298/1298 505/1299/1299
f 421/1300/1300 465/1301/1301 420/1302/1302
f 251/1303/1303 250/1304/1304 328/1305/1305
f 303/1306/1306 304/1307/1307 276/1308/1308
f 325/1309/1309 422/1310/1310 465/1311/1311
f 364/1312/1312 418/1313/1313 417/1314/1314
f 418/1315/1315 419/1316/1316 511/1317/1317
f 496/1318/1318 406/1319/1319 638/1320/1320
f 796/1321/1321 356/1322/1322 286/1323/1323
f 406/1324/1324 313/1325/1325 356/1326/1326
f 432/1327/1327 532/1328/1328 531/1329/1329
f 420/1330/1330 465/1331/1331 514/1332/1332
f 503/1333/1333 412/1334/1334 461/1335/1335
f 253/1336/1336 373/1337/1337 327/1338/1338
f 375/1339/1339 429/1340/1340 374/1341/1341
f 270/1342/1342 361/1343/1343 360/1344/1344
f 321/1345/1345 417/1346/1346 416/1347/1347
f 261/1348/1348 422/1349/1349 325/1350/1350
f 518/1351/1351 598/1352/1352 559/1353/1353
f 216/1354/1354 394/1355/1355 393/1356/1356
f 355/1357/1357 310/1358/1358 309/1359/1359
f 300/1360/1360 299/1361/1361 348/1362/1362
f 425/1363/1363 521/1364/1364 520/1365/1365
f 462/1366/1366 463/1367/1367 414/1368/1368
f 496/1369/1369 497/1370/1370 406/1371/1371
f 441/1372/1372 337/1373/1373 397/1374/1374
f 328/1375/1375 375/1376/1376 374/1377/1377
f 457/1378/1378 354/1379/1379 403/1380/1380
f 218/1381/1381 217/1382/1382 346/1383/1383
f 418/1384/1384 464/1385/1385 417/1386/1386
f 489/1387/1387 400/1388/1388 399/1389/1389
f 265/1390/1390 755/1391/1391 756/1392/1392
f 351/1393/1393 302/1394/1394 274/1395/1395
f 472/1396/1396 529/1397/1397 528/1398/1398
f 226/1399/1399 337/1400/1400 227/1401/1401
f 419/1402/1402 512/1403/1403 511/1404/1404
f 483/1405/1405 442/1406/1406 546/1407/1407
f 383/1408/1408 436/1409/1409 537/1410/1410
f 469/1411/1411 425/1412/1412 520/1413/1413
f 461/1414/1414 359/1415/1415 358/1416/1416
f 413/1417/1417 319/1418/1418 318/1419/1419
f 264/1420/1420 263/1421/1421 323/1422/1422
f 472/1423/1423 378/1424/1424 329/1425/1425
f 446/1426/1426 392/1427/1427 548/1428/1428
f 248/1429/1429 377/1430/1430 376/1431/1431
f 231/1432/1432 230/1433/1433 334/1434/1434
f 309/1435/1435 282/1436/1436 281/1437/1437
f 384/1438/1438 334/1439/1439 439/1440/1440
f 407/1441/1441 357/1442/1442 313/1443/1443
f 413/1444/1444 414/1445/1445 319/1446/1446
f 455/1447/1447 353/1448/1448 352/1449/1449
f 253/1450/1450 252/1451/1451 373/1452/1452
f 496/1453/1453 585/1454/1454 497/1455/1455
f 529/1456/1456 530/1457/1457 562/1458/1458
f 486/1459/1459 440/1460/1460 540/1461/1461
f 606/1462/1462 569/1463/1463 625/1464/1464
f 490/1465/1465 580/1466/1466 797/1467/1467
f 397/1468/1468 385/1469/1469 480/1470/1470
f 265/1471/1471 264/1472/1472 322/1473/1473
f 557/1474/1474 594/1475/1475 593/1476/1476
f 596/1477/1477 558/1478/1478 617/1479/1479
f 274/1480/1480 302/1481/1481 275/1482/1482
f 311/1483/1483 284/1484/1484 283/1485/1485
f 256/1486/1486 255/1487/1487 371/1488/1488
f 612/1489/1489 209/1490/1490 623/1491/1491
f 587/1492/1492 588/1493/1493 501/1494/1494
f 248/1495/1495 247/1496/1496 377/1497/1497
f 505/1498/1498 506/1499/1499 591/1500/1500
f 319/1501/1501 320/1502/1502 297/1503/1503
f 576/1504/1504 552/1505/1505 505/1506/1506
f 219/1507/1507 218/1508/1508 391/1509/1509
f 615/1510/1510 555/1511/1511 589/1512/1512
f 208/1513/1513 612/1514/1514 605/1515/1515
f 307/1516/1516 280/1517/1517 279/1518/1518
f 608/1519/1519 202/1520/1520 635/1521/1521
f 395/1522/1522 379/1523/1523 473/1524/1524
f 584/1525/1525 798/1526/1526 494/1527/1527
f 239/1528/1528 380/1529/1529 434/1530/1530
f 438/1531/1531 439/1532/1532 539/1533/1533
f 310/1534/1534 283/1535/1535 282/1536/1536
f 322/1537/1537 419/1538/1538 418/1539/1539
f 608/1540/1540 609/1541/1541 202/1542/1542
f 345/1543/1543 384/1544/1544 437/1545/1545
f 481/1546/1546 544/1547/1547 608/1548/1548
f 493/1549/1549 583/1550/1550 494/1551/1551
f 336/1552/1552 441/1553/1553 440/1554/1554
f 252/1555/1555 251/1556/1556 328/1557/1557
f 601/1558/1558 522/1559/1559 523/1560/1560
f 451/1561/1561 350/1562/1562 349/1563/1563
f 502/1564/1564 589/1565/1565 503/1566/1566
f 344/1567/1567 333/1568/1568 795/1569/1569
f 491/1570/1570 402/1571/1571 401/1572/1572
f 236/1573/1573 235/1574/1574 332/1575/1575
f 289/1576/1576 644/1577/1577 645/1578/1578
f 438/1579/1579 539/1580/1580 538/1581/1581
f 446/1582/1582 548/1583/1583 547/1584/1584
f 499/1585/1585 587/1586/1586 500/1587/1587
f 392/1588/1588 393/1589/1589 548/1590/1590
f 319/1591/1591 297/1592/1592 296/1593/1593
f 420/1594/1594 513/1595/1595 512/1596/1596
f 258/1597/1597 769/1598/1598 772/1599/1599
f 485/1600/1600 473/1601/1601 534/1602/1602
f 262/1603/1603 261/1604/1604 325/1605/1605
f 792/1606/1606 610/1607/1607 611/1608/1608
f 213/1609/1609 573/1610/1610 212/1611/1611
f 516/1612/1612 597/1613/1613 558/1614/1614
f 382/1615/1615 332/1616/1616 344/1617/1617
f 487/1618/1618 480/1619/1619 542/1620/1620
f 257/1621/1621 256/1622/1622 369/1623/1623
f 268/1624/1624 267/1625/1625 362/1626/1626
f 445/1627/1627 432/1628/1628 531/1629/1629
f 267/1630/1630 751/1631/1631 752/1632/1632
f 575/1633/1633 542/1634/1634 606/1635/1635
f 271/1636/1636 270/1637/1637 360/1638/1638
f 250/1639/1639 249/1640/1640 375/1641/1641
f 263/1642/1642 262/1643/1643 324/1644/1644
f 314/1645/1645 290/1646/1646 289/1647/1647
f 426/1648/1648 427/1649/1649 522/1650/1650
f 255/1651/1651 254/1652/1652 372/1653/1653
f 431/1654/1654 244/1655/1655 343/1656/1656
f 215/1657/1657 234/1658/1658 333/1659/1659
f 361/1660/1660 507/1661/1661 415/1662/1662
f 467/1663/1663 520/1664/1664 599/1665/1665
f 498/1666/1666 586/1667/1667 499/1668/1668
f 308/1669/1669 281/1670/1670 280/1671/1671
f 578/1672/1672 489/1673/1673 553/1674/1674
f 620/1675/1675 790/1676/1676 619/1677/1677
f 329/1678/1678 431/1679/1679 472/1680/1680
f 436/1681/1681 233/1682/1682 345/1683/1683
f 443/1684/1684 414/1685/1685 484/1686/1686
f 477/1687/1687 478/1688/1688 565/1689/1689
f 519/1690/1690 467/1691/1691 599/1692/1692
f 257/1693/1693 774/1694/1694 775/1695/1695
f 205/1696/1696 206/1697/1697 606/1698/1698
f 270/1699/1699 746/1700/1700 747/1701/1701
f 494/1702/1702 459/1703/1703 493/1704/1704
f 368/1705/1705 367/1706/1706 259/1707/1707
f 496/1708/1708 584/1709/1709 585/1710/1710
f 490/1711/1711 579/1712/1712 580/1713/1713
f 263/1714/1714 758/1715/1715 759/1716/1716
f 208/1717/1717 209/1718/1718 612/1719/1719
f 272/1720/1720 736/1721/1721 737/1722/1722
f 601/1723/1723 600/1724/1724 522/1725/1725
f 623/1726/1726 622/1727/1727 535/1728/1728
f 502/1729/1729 588/1730/1730 589/1731/1731
f 499/1732/1732 586/1733/1733 587/1734/1734
f 213/1735/1735 603/1736/1736 573/1737/1737
f 271/1738/1738 741/1739/1739 742/1740/1740
f 224/1741/1741 387/1742/1742 386/1743/1743
f 498/1744/1744 585/1745/1745 586/1746/1746
f 259/1747/1747 367/1748/1748 366/1749/1749
f 454/1750/1750 352/1751/1751 400/1752/1752
f 342/1753/1753 328/1754/1754 428/1755/1755
f 528/1756/1756 529/1757/1757 562/1758/1758
f 291/1759/1759 315/1760/1760 316/1761/1761
f 408/1762/1762 409/1763/1763 315/1764/1764
f 568/1765/1765 540/1766/1766 541/1767/1767
f 226/1768/1768 224/1769/1769 385/1770/1770
f 592/1771/1771 591/1772/1772 508/1773/1773
f 574/1774/1774 535/1775/1775 622/1776/1776
f 338/1777/1777 388/1778/1778 398/1779/1779
f 288/1780/1780 287/1781/1781 313/1782/1782
f 338/1783/1783 221/1784/1784 389/1785/1785
f 452/1786/1786 351/1787/1787 350/1788/1788
f 546/1789/1789 609/1790/1790 608/1791/1791
f 579/1792/1792 454/1793/1793 489/1794/1794
f 546/1795/1795 442/1796/1796 446/1797/1797
f 434/1798/1798 473/1799/1799 331/1800/1800
f 570/1801/1801 616/1802/1802 614/1803/1803
f 616/1804/1804 571/1805/1805 556/1806/1806
f 281/1807/1807 717/1808/1808 718/1809/1809
f 604/1810/1810 634/1811/1811 212/1812/1812
f 214/1813/1813 790/1814/1814 620/1815/1815
f 473/1816/1816 434/1817/1817 474/1818/1818
f 520/1819/1819 521/1820/1820 600/1821/1821
f 216/1822/1822 300/1823/1823 347/1824/1824
f 500/1825/1825 409/1826/1826 460/1827/1827
f 617/1828/1828 199/1829/1829 200/1830/1830
f 505/1831/1831 552/1832/1832 450/1833/1833
f 358/1834/1834 317/1835/1835 411/1836/1836
f 417/1837/1837 509/1838/1838 508/1839/1839
f 582/1840/1840 583/1841/1841 493/1842/1842
f 484/1843/1843 571/1844/1844 570/1845/1845
f 555/1846/1846 462/1847/1847 504/1848/1848
f 514/1849/1849 596/1850/1850 595/1851/1851
f 444/1852/1852 428/1853/1853 524/1854/1854
f 274/1855/1855 722/1856/1856 724/1857/1857
f 490/1858/1858 797/1859/1859 454/1860/1860
f 799/1861/1861 637/1862/1862 586/1863/1863
f 399/1864/1864 351/1865/1865 453/1866/1866
f 795/1867/1867 479/1868/1868 566/1869/1869
f 527/1870/1870 471/1871/1871 560/1872/1872
f 245/1873/1873 431/1874/1874 329/1875/1875
f 226/1876/1876 397/1877/1877 337/1878/1878
f 472/1879/1879 471/1880/1880 378/1881/1881
f 494/1882/1882 404/1883/1883 459/1884/1884
f 368/1885/1885 424/1886/1886 367/1887/1887
f 251/1888/1888 788/1889/1889 744/1890/1890
f 261/1891/1891 763/1892/1892 764/1893/1893
f 270/1894/1894 747/1895/1895 748/1896/1896
f 224/1897/1897 223/1898/1898 387/1899/1899
f 673/1900/1900 672/1901/1901 225/1902/1902
f 738/1903/1903 740/1904/1904 246/1905/1905
f 648/1906/1906 647/1907/1907 219/1908/1908
f 739/1909/1909 738/1910/1910 246/1911/1911
f 643/1912/1912 642/1913/1913 217/1914/1914
f 767/1915/1915 766/1916/1916 260/1917/1917
f 642/1918/1918 641/1919/1919 217/1920/1920
f 782/1921/1921 785/1922/1922 254/1923/1923
f 651/1924/1924 650/1925/1925 287/1926/1926
f 683/1927/1927 682/1928/1928 231/1929/1929
f 783/1930/1930 782/1931/1931 254/1932/1932
f 743/1933/1933 745/1934/1934 251/1935/1935
f 689/1936/1936 688/1937/1937 242/1938/1938
f 771/1939/1939 770/1940/1940 247/1941/1941
f 777/1942/1942 776/1943/1943 249/1944/1944
f 734/1945/1945 733/1946/1946 244/1947/1947
f 639/1948/1948 640/1949/1949 339/1950/1950
f 657/1951/1951 659/1952/1952 292/1953/1953
f 686/1954/1954 685/1955/1955 232/1956/1956
f 733/1957/1957 732/1958/1958 244/1959/1959
f 655/1960/1960 654/1961/1961 224/1962/1962
f 696/1963/1963 695/1964/1964 235/1965/1965
f 694/1966/1966 693/1967/1967 215/1968/1968
f 781/1969/1969 780/1970/1970 250/1971/1971
f 652/1972/1972 653/1973/1973 286/1974/1974
f 677/1975/1975 676/1976/1976 227/1977/1977
f 645/1978/1978 646/1979/1979 289/1980/1980
f 704/1981/1981 703/1982/1982 240/1983/1983
f 761/1984/1984 762/1985/1985 262/1986/1986
f 700/1987/1987 699/1988/1988 237/1989/1989
f 786/1990/1990 787/1991/1991 253/1992/1992
f 671/1993/1993 670/1994/1994 223/1995/1995
f 728/1996/1996 729/1997/1997 277/1998/1998
f 692/1999/1999 691/2000/2000 234/2001/2001
f 744/2002/2002 743/2003/2003 251/2004/2004
f 647/2005/2005 649/2006/2006 219/2007/2007
f 658/2008/2008 657/2009/2009 292/2010/2010
f 723/2011/2011 722/2012/2012 274/2013/2013
f 661/2014/2014 660/2015/2015 216/2016/2016
f 688/2017/2017 687/2018/2018 242/2019/2019
f 698/2020/2020 697/2021/2021 236/2022/2022
f 678/2023/2023 677/2024/2024 227/2025/2025
f 654/2026/2026 656/2027/2027 224/2028/2028
f 676/2029/2029 675/2030/2030 227/2031/2031
f 685/2032/2032 684/2033/2033 232/2034/2034
f 89/2035/2035 17/2036/2036 6/2037/2037
f 252/2038/2038 787/2039/2039 789/2040/2040
f 100/2041/2041 105/2042/2042 106/2043/2043
f 335/2044/2044 229/2045/2045 228/2046/2046
f 665/2047/2047 289/2048/2048 646/2049/2049
f 373/2050/2050 426/2051/2051 327/2052/2052
f 296/2053/2053 709/2054/2054 295/2055/2055
f 354/2056/2056 308/2057/2057 403/2058/2058
f 382/2059/2059 477/2060/2060 381/2061/2061
f 327/2062/2062 425/2063/2063 372/2064/2064
f 600/2065/2065 426/2066/2066 522/2067/2067
f 163/2068/2068 173/2069/2069 172/2070/2070
f 211/2071/2071 621/2072/2072 564/2073/2073
f 538/2074/2074 384/2075/2075 438/2076/2076
f 447/2077/2077 551/2078/2078 550/2079/2079
f 360/2080/2080 449/2081/2081 301/2082/2082
f 367/2083/2083 423/2084/2084 366/2085/2085
f 242/2086/2086 395/2087/2087 433/2088/2088
f 411/2089/2089 588/2090/2090 502/2091/2091
f 780/2092/2092 249/2093/2093 250/2094/2094
f 318/2095/2095 504/2096/2096 413/2097/2097
f 272/2098/2098 301/2099/2099 349/2100/2100
f 320/2101/2101 298/2102/2102 297/2103/2103
f 412/2104/2104 589/2105/2105 504/2106/2106
f 346/2107/2107 392/2108/2108 446/2109/2109
f 383/2110/2110 333/2111/2111 234/2112/2112
f 130/2113/2113 142/2114/2114 132/2115/2115
f 433/2116/2116 330/2117/2117 242/2118/2118
f 340/2119/2119 448/2120/2120 348/2121/2121
f 584/2122/2122 638/2123/2123 798/2124/2124
f 562/2125/2125 531/2126/2126 603/2127/2127
f 107/2128/2128 187/2129/2129 188/2130/2130
f 798/2131/2131 285/2132/2132 405/2133/2133
f 33/2134/2134 45/2135/2135 34/2136/2136
f 125/2137/2137 137/2138/2138 126/2139/2139
f 129/2140/2140 141/2141/2141 130/2142/2142
f 639/2143/2143 217/2144/2144 641/2145/2145
f 400/2146/2146 303/2147/2147 399/2148/2148
f 350/2149/2149 272/2150/2150 349/2151/2151
f 335/2152/2152 486/2153/2153 396/2154/2154
f 533/2155/2155 395/2156/2156 485/2157/2157
f 224/2158/2158 480/2159/2159 385/2160/2160
f 550/2161/2161 611/2162/2162 549/2163/2163
f 34/2164/2164 46/2165/2165 35/2166/2166
f 644/2167/2167 290/2168/2168 663/2169/2169
f 523/2170/2170 373/2171/2171 444/2172/2172
f 404/2173/2173 283/2174/2174 310/2175/2175
f 535/2176/2176 382/2177/2177 435/2178/2178
f 407/2179/2179 585/2180/2180 498/2181/2181
f 723/2182/2182 275/2183/2183 731/2184/2184
f 399/2185/2185 275/2186/2186 302/2187/2187
f 398/2188/2188 481/2189/2189 488/2190/2190
f 341/2191/2191 340/2192/2192 298/2193/2193
f 703/2194/2194 238/2195/2195 240/2196/2196
f 422/2197/2197 558/2198/2198 466/2199/2199
f 266/2200/2200 321/2201/2201 267/2202/2202
f 466/2203/2203 465/2204/2204 422/2205/2205
f 471/2206/2206 247/2207/2207 378/2208/2208
f 518/2209/2209 367/2210/2210 424/2211/2211
f 618/2212/2212 523/2213/2213 572/2214/2214
f 67/2215/2215 77/2216/2216 76/2217/2217
f 240/2218/2218 331/2219/2219 379/2220/2220
f 334/2221/2221 396/2222/2222 439/2223/2223
f 358/2224/2224 293/2225/2225 317/2226/2226
f 168/2227/2227 165/2228/2228 164/2229/2229
f 241/2230/2230 379/2231/2231 395/2232/2232
f 317/2233/2233 292/2234/2234 316/2235/2235
f 4/2236/2236 92/2237/2237 5/2238/2238
f 352/2239/2239 278/2240/2240 305/2241/2241
f 569/2242/2242 386/2243/2243 543/2244/2244
f 597/2245/2245 517/2246/2246 559/2247/2247
f 126/2248/2248 115/2249/2249 125/2250/2250
f 82/2251/2251 47/2252/2252 57/2253/2253
f 19/2254/2254 6/2255/2255 17/2256/2256
f 136/2257/2257 145/2258/2258 146/2259/2259
f 770/2260/2260 246/2261/2261 247/2262/2262
f 482/2263/2263 221/2264/2264 390/2265/2265
f 299/2266/2266 714/2267/2267 706/2268/2268
f 678/2269/2269 228/2270/2270 679/2271/2271
f 65/2272/2272 71/2273/2273 96/2274/2274
f 264/2275/2275 756/2276/2276 757/2277/2277
f 541/2278/2278 397/2279/2279 487/2280/2280
f 233/2281/2281 691/2282/2282 690/2283/2283
f 120/2284/2284 109/2285/2285 110/2286/2286
f 708/2287/2287 297/2288/2288 710/2289/2289
f 667/2290/2290 220/2291/2291 221/2292/2292
f 84/2293/2293 27/2294/2294 86/2295/2295
f 443/2296/2296 551/2297/2297 448/2298/2298
f 448/2299/2299 347/2300/2300 348/2301/2301
f 680/2302/2302 228/2303/2303 229/2304/2304
f 306/2305/2305 353/2306/2306 401/2307/2307
f 581/2308/2308 458/2309/2309 492/2310/2310
f 543/2311/2311 398/2312/2312 488/2313/2313
f 227/2314/2314 441/2315/2315 336/2316/2316
f 530/2317/2317 343/2318/2318 445/2319/2319
f 468/2320/2320 255/2321/2321 326/2322/2322
f 261/2323/2323 515/2324/2324 422/2325/2325
f 664/2326/2326 219/2327/2327 649/2328/2328
f 220/2329/2329 442/2330/2330 390/2331/2331
f 417/2332/2332 592/2333/2333 509/2334/2334
f 558/2335/2335 199/2336/2336 617/2337/2337
f 527/2338/2338 526/2339/2339 470/2340/2340
f 215/2341/2341 692/2342/2342 234/2343/2343
f 477/2344/2344 380/2345/2345 381/2346/2346
f 598/2347/2347 424/2348/2348 519/2349/2349
f 492/2350/2350 629/2351/2351 581/2352/2352
f 643/2353/2353 218/2354/2354 664/2355/2355
f 301/2356/2356 450/2357/2357 349/2358/2358
f 237/2359/2359 701/2360/2360 700/2361/2361
f 55/2362/2362 44/2363/2363 54/2364/2364
f 272/2365/2365 735/2366/2366 736/2367/2367
f 137/2368/2368 148/2369/2369 138/2370/2370
f 24/2371/2371 33/2372/2372 34/2373/2373
f 165/2374/2374 156/2375/2375 164/2376/2376
f 125/2377/2377 114/2378/2378 124/2379/2379
f 665/2380/2380 287/2381/2381 288/2382/2382
f 451/2383/2383 450/2384/2384 552/2385/2385
f 265/2386/2386 363/2387/2387 266/2388/2388
f 711/2389/2389 298/2390/2390 712/2391/2391
f 765/2392/2392 244/2393/2393 245/2394/2394
f 193/2395/2395 97/2396/2396 100/2397/2397
f 727/2398/2398 279/2399/2399 726/2400/2400
f 150/2401/2401 139/2402/2402 149/2403/2403
f 595/2404/2404 512/2405/2405 513/2406/2406
f 537/2407/2407 345/2408/2408 437/2409/2409
f 132/2410/2410 121/2411/2411 130/2412/2412
f 295/2413/2413 713/2414/2414 294/2415/2415
f 623/2416/2416 795/2417/2417 566/2418/2418
f 732/2419/2419 243/2420/2420 244/2421/2421
f 371/2422/2422 467/2423/2423 370/2424/2424
f 122/2425/2425 134/2426/2426 123/2427/2427
f 494/2428/2428 631/2429/2429 584/2430/2430
f 231/2431/2431 684/2432/2432 683/2433/2433
f 47/2434/2434 56/2435/2435 57/2436/2436
f 50/2437/2437 58/2438/2438 59/2439/2439
f 10/2440/2440 22/2441/2441 11/2442/2442
f 147/2443/2443 157/2444/2444 148/2445/2445
f 38/2446/2446 81/2447/2447 48/2448/2448
f 773/2449/2449 249/2450/2450 776/2451/2451
f 277/2452/2452 727/2453/2453 728/2454/2454
f 28/2455/2455 18/2456/2456 27/2457/2457
f 68/2458/2458 72/2459/2459 69/2460/2460
f 113/2461/2461 103/2462/2462 186/2463/2463
f 183/2464/2464 132/2465/2465 182/2466/2466
f 227/2467/2467 335/2468/2468 228/2469/2469
f 266/2470/2470 752/2471/2471 753/2472/2472
f 110/2473/2473 107/2474/2474 108/2475/2475
f 170/2476/2476 165/2477/2477 171/2478/2478
f 775/2479/2479 256/2480/2480 257/2481/2481
f 260/2482/2482 764/2483/2483 767/2484/2484
f 290/2485/2485 662/2486/2486 663/2487/2487
f 58/2488/2488 66/2489/2489 59/2490/2490
f 269/2491/2491 748/2492/2492 749/2493/2493
f 786/2494/2494 254/2495/2495 785/2496/2496
f 144/2497/2497 176/2498/2498 153/2499/2499
f 21/2500/2500 32/2501/2501 22/2502/2502
f 93/2503/2503 1/2504/2504 2/2505/2505
f 318/2506/2506 295/2507/2507 359/2508/2508
f 21/2509/2509 9/2510/2510 20/2511/2511
f 655/2512/2512 225/2513/2513 672/2514/2514
f 768/2515/2515 260/2516/2516 766/2517/2517
f 666/2518/2518 219/2519/2519 220/2520/2520
f 699/2521/2521 236/2522/2522 237/2523/2523
f 768/2524/2524 258/2525/2525 259/2526/2526
f 230/2527/2527 680/2528/2528 229/2529/2529
f 30/2530/2530 19/2531/2531 29/2532/2532
f 3/2533/2533 94/2534/2534 7/2535/2535
f 279/2536/2536 725/2537/2537 726/2538/2538
f 284/2539/2539 668/2540/2540 719/2541/2541
f 765/2542/2542 246/2543/2543 740/2544/2544
f 56/2545/2545 64/2546/2546 65/2547/2547
f 121/2548/2548 185/2549/2549 120/2550/2550
f 119/2551/2551 128/2552/2552 129/2553/2553
f 49/2554/2554 79/2555/2555 58/2556/2556
f 19/2557/2557 28/2558/2558 29/2559/2559
f 41/2560/2560 50/2561/2561 51/2562/2562
f 550/2563/2563 394/2564/2564 447/2565/2565
f 430/2566/2566 376/2567/2567 377/2568/2568
f 391/2569/2569 446/2570/2570 442/2571/2571
f 216/2572/2572 640/2573/2573 661/2574/2574
f 7/2575/2575 6/2576/2576 8/2577/2577
f 36/2578/2578 16/2579/2579 25/2580/2580
f 133/2581/2581 177/2582/2582 143/2583/2583
f 52/2584/2584 60/2585/2585 61/2586/2586
f 142/2587/2587 151/2588/2588 152/2589/2589
f 725/2590/2590 281/2591/2591 718/2592/2592
f 267/2593/2593 750/2594/2594 751/2595/2595
f 715/2596/2596 282/2597/2597 721/2598/2598
f 88/2599/2599 27/2600/2600 18/2601/2601
f 178/2602/2602 142/2603/2603 152/2604/2604
f 14/2605/2605 16/2606/2606 90/2607/2607
f 339/2608/2608 392/2609/2609 217/2610/2610
f 674/2611/2611 227/2612/2612 675/2613/2613
f 271/2614/2614 746/2615/2615 270/2616/2616
f 251/2617/2617 789/2618/2618 788/2619/2619
f 158/2620/2620 148/2621/2621 157/2622/2622
f 297/2623/2623 711/2624/2624 710/2625/2625
f 62/2626/2626 68/2627/2627 69/2628/2628
f 11/2629/2629 1/2630/2630 10/2631/2631
f 145/2632/2632 134/2633/2633 144/2634/2634
f 69/2635/2635 74/2636/2636 70/2637/2637
f 144/2638/2638 133/2639/2639 143/2640/2640
f 150/2641/2641 158/2642/2642 159/2643/2643
f 9/2644/2644 19/2645/2645 20/2646/2646
f 104/2647/2647 114/2648/2648 115/2649/2649
f 64/2650/2650 70/2651/2651 71/2652/2652
f 159/2653/2653 151/2654/2654 150/2655/2655
f 312/2656/2656 404/2657/2657 405/2658/2658
f 159/2659/2659 166/2660/2660 167/2661/2661
f 42/2662/2662 53/2663/2663 43/2664/2664
f 60/2665/2665 50/2666/2666 59/2667/2667
f 137/2668/2668 146/2669/2669 147/2670/2670
f 54/2671/2671 43/2672/2672 53/2673/2673
f 50/2674/2674 39/2675/2675 49/2676/2676
f 15/2677/2677 12/2678/2678 13/2679/2679
f 164/2680/2680 155/2681/2681 163/2682/2682
f 155/2683/2683 145/2684/2684 154/2685/2685
f 97/2686/2686 104/2687/2687 105/2688/2688
f 16/2689/2689 24/2690/2690 25/2691/2691
f 145/2692/2692 153/2693/2693 154/2694/2694
f 23/2695/2695 32/2696/2696 33/2697/2697
f 46/2698/2698 55/2699/2699 56/2700/2700
f 130/2701/2701 119/2702/2702 129/2703/2703
f 36/2704/2704 35/2705/2705 37/2706/2706
f 31/2707/2707 20/2708/2708 30/2709/2709
f 112/2710/2710 122/2711/2711 123/2712/2712
f 287/2713/2713 652/2714/2714 286/2715/2715
f 100/2716/2716 188/2717/2717 189/2718/2718
f 276/2719/2719 729/2720/2720 730/2721/2721
f 108/2722/2722 100/2723/2723 106/2724/2724
f 32/2725/2725 44/2726/2726 33/2727/2727
f 35/2728/2728 47/2729/2729 37/2730/2730
f 28/2731/2731 40/2732/2732 29/2733/2733
f 243/2734/2734 689/2735/2735 242/2736/2736
f 35/2737/2737 24/2738/2738 34/2739/2739
f 149/2740/2740 138/2741/2741 148/2742/2742
f 163/2743/2743 154/2744/2744 162/2745/2745
f 67/2746/2746 59/2747/2747 66/2748/2748
f 103/2749/2749 102/2750/2750 191/2751/2751
f 13/2752/2752 4/2753/2753 11/2754/2754
f 674/2755/2755 225/2756/2756 226/2757/2757
f 184/2758/2758 122/2759/2759 113/2760/2760
f 667/2761/2761 222/2762/2762 669/2763/2763
f 351/2764/2764 273/2765/2765 350/2766/2766
f 476/2767/2767 434/2768/2768 380/2769/2769
f 87/2770/2770 37/2771/2771 85/2772/2772
f 124/2773/2773 136/2774/2774 125/2775/2775
f 27/2776/2776 39/2777/2777 28/2778/2778
f 128/2779/2779 140/2780/2780 129/2781/2781
f 30/2782/2782 42/2783/2783 31/2784/2784
f 29/2785/2785 41/2786/2786 30/2787/2787
f 31/2788/2788 43/2789/2789 32/2790/2790
f 713/2791/2791 293/2792/2792 294/2793/2793
f 114/2794/2794 103/2795/2795 112/2796/2796
f 119/2797/2797 108/2798/2798 118/2799/2799
f 169/2800/2800 166/2801/2801 170/2802/2802
f 42/2803/2803 51/2804/2804 52/2805/2805
f 158/2806/2806 165/2807/2807 166/2808/2808
f 175/2809/2809 151/2810/2810 160/2811/2811
f 24/2812/2812 13/2813/2813 23/2814/2814
f 68/2815/2815 60/2816/2816 67/2817/2817
f 76/2818/2818 68/2819/2819 67/2820/2820
f 63/2821/2821 53/2822/2822 62/2823/2823
f 55/2824/2824 63/2825/2825 64/2826/2826
f 108/2827/2827 117/2828/2828 118/2829/2829
f 13/2830/2830 22/2831/2831 23/2832/2832
f 116/2833/2833 127/2834/2834 117/2835/2835
f 1/2836/2836 9/2837/2837 10/2838/2838
f 343/2839/2839 432/2840/2840 445/2841/2841
f 63/2842/2842 69/2843/2843 70/2844/2844
f 376/2845/2845 429/2846/2846 375/2847/2847
f 147/2848/2848 155/2849/2849 156/2850/2850
f 436/2851/2851 234/2852/2852 233/2853/2853
f 119/2854/2854 120/2855/2855 110/2856/2856
f 295/2857/2857 358/2858/2858 359/2859/2859
f 255/2860/2860 783/2861/2861 254/2862/2862
f 12/2863/2863 91/2864/2864 92/2865/2865
f 3/2866/2866 8/2867/2867 9/2868/2868
f 52/2869/2869 62/2870/2870 53/2871/2871
f 282/2872/2872 720/2873/2873 721/2874/2874
f 123/2875/2875 135/2876/2876 124/2877/2877
f 127/2878/2878 139/2879/2879 128/2880/2880
f 126/2881/2881 138/2882/2882 127/2883/2883
f 352/2884/2884 304/2885/2885 400/2886/2886
f 97/2887/2887 190/2888/2888 99/2889/2889
f 258/2890/2890 774/2891/2891 257/2892/2892
f 141/2893/2893 150/2894/2894 151/2895/2895
f 164/2896/2896 172/2897/2897 168/2898/2898
f 105/2899/2899 117/2900/2900 106/2901/2901
f 116/2902/2902 104/2903/2903 115/2904/2904
f 271/2905/2905 737/2906/2906 741/2907/2907
f 114/2908/2908 123/2909/2909 124/2910/2910
f 49/2911/2911 38/2912/2912 48/2913/2913
f 118/2914/2914 127/2915/2915 128/2916/2916
f 694/2917/2917 235/2918/2918 695/2919/2919
f 122/2920/2920 180/2921/2921 133/2922/2922
f 284/2923/2923 720/2924/2924 283/2925/2925
f 192/2926/2926 99/2927/2927 190/2928/2928
f 670/2929/2929 222/2930/2930 223/2931/2931
f 70/2932/2932 73/2933/2933 71/2934/2934
f 690/2935/2935 232/2936/2936 233/2937/2937
f 99/2938/2938 101/2939/2939 104/2940/2940
f 57/2941/2941 65/2942/2942 80/2943/2943
f 153/2944/2944 162/2945/2945 154/2946/2946
f 763/2947/2947 262/2948/2948 762/2949/2949
f 132/2950/2950 179/2951/2951 182/2952/2952
f 298/2953/2953 706/2954/2954 712/2955/2955
f 696/2956/2956 236/2957/2957 697/2958/2958
f 771/2959/2959 248/2960/2960 773/2961/2961
f 47/2962/2962 85/2963/2963 37/2964/2964
f 275/2965/2965 730/2966/2966 731/2967/2967
f 705/2968/2968 240/2969/2969 241/2970/2970
f 681/2971/2971 231/2972/2972 682/2973/2973
f 285/2974/2974 653/2975/2975 668/2976/2976
f 262/2977/2977 759/2978/2978 761/2979/2979
f 242/2980/2980 705/2981/2981 241/2982/2982
f 735/2983/2983 274/2984/2984 724/2985/2985
f 758/2986/2986 264/2987/2987 757/2988/2988
f 300/2989/2989 660/2990/2990 714/2991/2991
f 701/2992/2992 238/2993/2993 702/2994/2994
f 662/2995/2995 292/2996/2996 659/2997/2997
f 224/2998/2998 671/2999/2999 223/3000/3000
f 4/3001/3001 2/3002/3002 1/3003/3003
f 750/3004/3004 269/3005/3005 749/3006/3006
f 160/3007/3007 167/3008/3008 174/3009/3009
f 265/3010/3010 754/3011/3011 755/3012/3012
f 293/3013/3013 658/3014/3014 292/3015/3015
f 781/3016/3016 251/3017/3017 745/3018/3018
f 255/3019/3019 779/3020/3020 784/3021/3021
f 89/3022/3022 18/3023/3023 17/3024/3024
f 252/3025/3025 253/3026/3026 787/3027/3027
f 100/3028/3028 97/3029/3029 105/3030/3030
f 335/3031/3031 396/3032/3032 229/3033/3033
f 665/3034/3034 288/3035/3035 289/3036/3036
f 373/3037/3037 427/3038/3038 426/3039/3039
f 296/3040/3040 708/3041/3041 709/3042/3042
f 354/3043/3043 309/3044/3044 308/3045/3045
f 382/3046/3046 478/3047/3047 477/3048/3048
f 327/3049/3049 426/3050/3050 425/3051/3051
f 600/3052/3052 521/3053/3053 426/3054/3054
f 163/3055/3055 162/3056/3056 173/3057/3057
f 211/3058/3058 634/3059/3059 621/3060/3060
f 538/3061/3061 437/3062/3062 384/3063/3063
f 447/3064/3064 448/3065/3065 551/3066/3066
f 360/3067/3067 415/3068/3068 449/3069/3069
f 367/3070/3070 517/3071/3071 423/3072/3072
f 242/3073/3073 241/3074/3074 395/3075/3075
f 411/3076/3076 501/3077/3077 588/3078/3078
f 780/3079/3079 777/3080/3080 249/3081/3081
f 318/3082/3082 412/3083/3083 504/3084/3084
f 272/3085/3085 271/3086/3086 301/3087/3087
f 320/3088/3088 341/3089/3089 298/3090/3090
f 412/3091/3091 503/3092/3092 589/3093/3093
f 346/3094/3094 217/3095/3095 392/3096/3096
f 383/3097/3097 795/3098/3098 333/3099/3099
f 130/3100/3100 141/3101/3101 142/3102/3102
f 433/3103/3103 432/3104/3104 330/3105/3105
f 340/3106/3106 443/3107/3107 448/3108/3108
f 584/3109/3109 496/3110/3110 638/3111/3111
f 562/3112/3112 530/3113/3113 531/3114/3114
f 107/3115/3115 109/3116/3116 187/3117/3117
f 495/3118/3118 796/3119/3119 791/3120/3120
f 33/3121/3121 44/3122/3122 45/3123/3123
f 125/3124/3124 136/3125/3125 137/3126/3126
f 129/3127/3127 140/3128/3128 141/3129/3129
f 639/3130/3130 339/3131/3131 217/3132/3132
f 400/3133/3133 304/3134/3134 303/3135/3135
f 350/3136/3136 273/3137/3137 272/3138/3138
f 335/3139/3139 440/3140/3140 486/3141/3141
f 533/3142/3142 433/3143/3143 395/3144/3144
f 224/3145/3145 386/3146/3146 480/3147/3147
f 550/3148/3148 613/3149/3149 611/3150/3150
f 34/3151/3151 45/3152/3152 46/3153/3153
f 644/3154/3154 289/3155/3155 290/3156/3156
f 523/3157/3157 427/3158/3158 373/3159/3159
f 404/3160/3160 311/3161/3161 283/3162/3162
f 535/3163/3163 478/3164/3164 382/3165/3165
f 407/3166/3166 497/3167/3167 585/3168/3168
f 723/3169/3169 274/3170/3170 275/3171/3171
f 399/3172/3172 303/3173/3173 275/3174/3174
f 398/3175/3175 388/3176/3176 481/3177/3177
f 341/3178/3178 443/3179/3179 340/3180/3180
f 703/3181/3181 702/3182/3182 238/3183/3183
f 422/3184/3184 515/3185/3185 558/3186/3186
f 266/3187/3187 363/3188/3188 321/3189/3189
f 466/3190/3190 514/3191/3191 465/3192/3192
f 471/3193/3193 430/3194/3194 247/3195/3195
f 518/3196/3196 517/3197/3197 367/3198/3198
f 618/3199/3199 601/3200/3200 523/3201/3201
f 67/3202/3202 66/3203/3203 77/3204/3204
f 240/3205/3205 238/3206/3206 331/3207/3207
f 334/3208/3208 229/3209/3209 396/3210/3210
f 358/3211/3211 294/3212/3212 293/3213/3213
f 168/3214/3214 171/3215/3215 165/3216/3216
f 241/3217/3217 240/3218/3218 379/3219/3219
f 317/3220/3220 293/3221/3221 292/3222/3222
f 4/3223/3223 12/3224/3224 92/3225/3225
f 352/3226/3226 353/3227/3227 278/3228/3228
f 569/3229/3229 480/3230/3230 386/3231/3231
f 597/3232/3232 516/3233/3233 517/3234/3234
f 126/3235/3235 116/3236/3236 115/3237/3237
f 82/3238/3238 83/3239/3239 47/3240/3240
f 19/3241/3241 8/3242/3242 6/3243/3243
f 136/3244/3244 135/3245/3245 145/3246/3246
f 770/3247/3247 739/3248/3248 246/3249/3249
f 482/3250/3250 389/3251/3251 221/3252/3252
f 299/3253/3253 300/3254/3254 714/3255/3255
f 678/3256/3256 227/3257/3257 228/3258/3258
f 65/3259/3259 64/3260/3260 71/3261/3261
f 264/3262/3262 265/3263/3263 756/3264/3264
f 541/3265/3265 441/3266/3266 397/3267/3267
f 233/3268/3268 234/3269/3269 691/3270/3270
f 120/3271/3271 111/3272/3272 109/3273/3273
f 708/3274/3274 296/3275/3275 297/3276/3276
f 667/3277/3277 666/3278/3278 220/3279/3279
f 84/3280/3280 38/3281/3281 27/3282/3282
f 443/3283/3283 570/3284/3284 551/3285/3285
f 448/3286/3286 447/3287/3287 347/3288/3288
f 680/3289/3289 679/3290/3290 228/3291/3291
f 306/3292/3292 278/3293/3293 353/3294/3294
f 581/3295/3295 582/3296/3296 458/3297/3297
f 543/3298/3298 387/3299/3299 398/3300/3300
f 227/3301/3301 337/3302/3302 441/3303/3303
f 530/3304/3304 431/3305/3305 343/3306/3306
f 468/3307/3307 371/3308/3308 255/3309/3309
f 261/3310/3310 365/3311/3311 515/3312/3312
f 664/3313/3313 218/3314/3314 219/3315/3315
f 220/3316/3316 391/3317/3317 442/3318/3318
f 417/3319/3319 510/3320/3320 592/3321/3321
f 558/3322/3322 597/3323/3323 199/3324/3324
f 527/3325/3325 602/3326/3326 526/3327/3327
f 215/3328/3328 693/3329/3329 692/3330/3330
f 477/3331/3331 476/3332/3332 380/3333/3333
f 598/3334/3334 518/3335/3335 424/3336/3336
f 492/3337/3337 554/3338/3338 629/3339/3339
f 643/3340/3340 217/3341/3341 218/3342/3342
f 301/3343/3343 449/3344/3344 450/3345/3345
f 237/3346/3346 239/3347/3347 701/3348/3348
f 55/3349/3349 45/3350/3350 44/3351/3351
f 272/3352/3352 273/3353/3353 735/3354/3354
f 137/3355/3355 147/3356/3356 148/3357/3357
f 24/3358/3358 23/3359/3359 33/3360/3360
f 165/3361/3361 157/3362/3362 156/3363/3363
f 125/3364/3364 115/3365/3365 114/3366/3366
f 665/3367/3367 651/3368/3368 287/3369/3369
f 451/3370/3370 349/3371/3371 450/3372/3372
f 265/3373/3373 364/3374/3374 363/3375/3375
f 711/3376/3376 297/3377/3377 298/3378/3378
f 765/3379/3379 734/3380/3380 244/3381/3381
f 193/3382/3382 98/3383/3383 97/3384/3384
f 727/3385/3385 278/3386/3386 279/3387/3387
f 150/3388/3388 140/3389/3389 139/3390/3390
f 595/3391/3391 557/3392/3392 512/3393/3393
f 537/3394/3394 436/3395/3395 345/3396/3396
f 132/3397/3397 131/3398/3398 121/3399/3399
f 295/3400/3400 709/3401/3401 713/3402/3402
f 623/3403/3403 535/3404/3404 435/3405/3405
f 732/3406/3406 760/3407/3407 243/3408/3408
f 371/3409/3409 468/3410/3410 467/3411/3411
f 122/3412/3412 133/3413/3413 134/3414/3414
f 494/3415/3415 583/3416/3416 631/3417/3417
f 231/3418/3418 232/3419/3419 684/3420/3420
f 47/3421/3421 46/3422/3422 56/3423/3423
f 50/3424/3424 49/3425/3425 58/3426/3426
f 10/3427/3427 21/3428/3428 22/3429/3429
f 147/3430/3430 156/3431/3431 157/3432/3432
f 38/3433/3433 84/3434/3434 81/3435/3435
f 773/3436/3436 248/3437/3437 249/3438/3438
f 277/3439/3439 278/3440/3440 727/3441/3441
f 28/3442/3442 17/3443/3443 18/3444/3444
f 68/3445/3445 75/3446/3446 72/3447/3447
f 113/3448/3448 112/3449/3449 103/3450/3450
f 183/3451/3451 131/3452/3452 132/3453/3453
f 227/3454/3454 336/3455/3455 335/3456/3456
f 266/3457/3457 267/3458/3458 752/3459/3459
f 110/3460/3460 109/3461/3461 107/3462/3462
f 170/3463/3463 166/3464/3464 165/3465/3465
f 775/3466/3466 778/3467/3467 256/3468/3468
f 260/3469/3469 261/3470/3470 764/3471/3471
f 290/3472/3472 291/3473/3473 662/3474/3474
f 58/3475/3475 78/3476/3476 66/3477/3477
f 269/3478/3478 270/3479/3479 748/3480/3480
f 786/3481/3481 253/3482/3482 254/3483/3483
f 144/3484/3484 143/3485/3485 176/3486/3486
f 21/3487/3487 31/3488/3488 32/3489/3489
f 93/3490/3490 3/3491/3491 1/3492/3492
f 318/3493/3493 296/3494/3494 295/3495/3495
f 21/3496/3496 10/3497/3497 9/3498/3498
f 655/3499/3499 224/3500/3500 225/3501/3501
f 768/3502/3502 259/3503/3503 260/3504/3504
f 666/3505/3505 648/3506/3506 219/3507/3507
f 699/3508/3508 698/3509/3509 236/3510/3510
f 768/3511/3511 769/3512/3512 258/3513/3513
f 230/3514/3514 681/3515/3515 680/3516/3516
f 30/3517/3517 20/3518/3518 19/3519/3519
f 3/3520/3520 93/3521/3521 94/3522/3522
f 279/3523/3523 280/3524/3524 725/3525/3525
f 284/3526/3526 285/3527/3527 668/3528/3528
f 765/3529/3529 245/3530/3530 246/3531/3531
f 56/3532/3532 55/3533/3533 64/3534/3534
f 121/3535/3535 131/3536/3536 185/3537/3537
f 119/3538/3538 118/3539/3539 128/3540/3540
f 49/3541/3541 48/3542/3542 79/3543/3543
f 19/3544/3544 17/3545/3545 28/3546/3546
f 41/3547/3547 40/3548/3548 50/3549/3549
f 550/3550/3550 549/3551/3551 394/3552/3552
f 430/3553/3553 470/3554/3554 376/3555/3555
f 391/3556/3556 346/3557/3557 446/3558/3558
f 216/3559/3559 339/3560/3560 640/3561/3561
f 7/3562/3562 95/3563/3563 6/3564/3564
f 36/3565/3565 26/3566/3566 16/3567/3567
f 133/3568/3568 180/3569/3569 177/3570/3570
f 52/3571/3571 51/3572/3572 60/3573/3573
f 142/3574/3574 141/3575/3575 151/3576/3576
f 725/3577/3577 280/3578/3578 281/3579/3579
f 267/3580/3580 268/3581/3581 750/3582/3582
f 715/3583/3583 281/3584/3584 282/3585/3585
f 88/3586/3586 86/3587/3587 27/3588/3588
f 178/3589/3589 179/3590/3590 142/3591/3591
f 14/3592/3592 15/3593/3593 16/3594/3594
f 339/3595/3595 393/3596/3596 392/3597/3597
f 674/3598/3598 226/3599/3599 227/3600/3600
f 271/3601/3601 742/3602/3602 746/3603/3603
f 251/3604/3604 252/3605/3605 789/3606/3606
f 158/3607/3607 149/3608/3608 148/3609/3609
f 62/3610/3610 61/3611/3611 68/3612/3612
f 11/3613/3613 4/3614/3614 1/3615/3615
f 145/3616/3616 135/3617/3617 134/3618/3618
f 69/3619/3619 72/3620/3620 74/3621/3621
f 144/3622/3622 134/3623/3623 133/3624/3624
f 150/3625/3625 149/3626/3626 158/3627/3627
f 9/3628/3628 8/3629/3629 19/3630/3630
f 104/3631/3631 101/3632/3632 114/3633/3633
f 64/3634/3634 63/3635/3635 70/3636/3636
f 159/3637/3637 160/3638/3638 151/3639/3639
f 312/3640/3640 311/3641/3641 404/3642/3642
f 159/3643/3643 158/3644/3644 166/3645/3645
f 42/3646/3646 52/3647/3647 53/3648/3648
f 60/3649/3649 51/3650/3650 50/3651/3651
f 137/3652/3652 136/3653/3653 146/3654/3654
f 54/3655/3655 44/3656/3656 43/3657/3657
f 50/3658/3658 40/3659/3659 39/3660/3660
f 15/3661/3661 14/3662/3662 12/3663/3663
f 164/3664/3664 156/3665/3665 155/3666/3666
f 155/3667/3667 146/3668/3668 145/3669/3669
f 97/3670/3670 99/3671/3671 104/3672/3672
f 16/3673/3673 15/3674/3674 24/3675/3675
f 145/3676/3676 144/3677/3677 153/3678/3678
f 23/3679/3679 22/3680/3680 32/3681/3681
f 46/3682/3682 45/3683/3683 55/3684/3684
f 130/3685/3685 121/3686/3686 119/3687/3687
f 36/3688/3688 25/3689/3689 35/3690/3690
f 31/3691/3691 21/3692/3692 20/3693/3693
f 112/3694/3694 113/3695/3695 122/3696/3696
f 287/3697/3697 650/3698/3698 652/3699/3699
f 100/3700/3700 107/3701/3701 188/3702/3702
f 276/3703/3703 277/3704/3704 729/3705/3705
f 108/3706/3706 107/3707/3707 100/3708/3708
f 32/3709/3709 43/3710/3710 44/3711/3711
f 35/3712/3712 46/3713/3713 47/3714/3714
f 28/3715/3715 39/3716/3716 40/3717/3717
f 243/3718/3718 760/3719/3719 689/3720/3720
f 35/3721/3721 25/3722/3722 24/3723/3723
f 149/3724/3724 139/3725/3725 138/3726/3726
f 163/3727/3727 155/3728/3728 154/3729/3729
f 67/3730/3730 60/3731/3731 59/3732/3732
f 103/3733/3733 101/3734/3734 102/3735/3735
f 13/3736/3736 12/3737/3737 4/3738/3738
f 674/3739/3739 673/3740/3740 225/3741/3741
f 184/3742/3742 181/3743/3743 122/3744/3744
f 667/3745/3745 221/3746/3746 222/3747/3747
f 351/3748/3748 274/3749/3749 273/3750/3750
f 476/3751/3751 475/3752/3752 434/3753/3753
f 87/3754/3754 36/3755/3755 37/3756/3756
f 124/3757/3757 135/3758/3758 136/3759/3759
f 27/3760/3760 38/3761/3761 39/3762/3762
f 128/3763/3763 139/3764/3764 140/3765/3765
f 30/3766/3766 41/3767/3767 42/3768/3768
f 29/3769/3769 40/3770/3770 41/3771/3771
f 31/3772/3772 42/3773/3773 43/3774/3774
f 713/3775/3775 707/3776/3776 293/3777/3777
f 114/3778/3778 101/3779/3779 103/3780/3780
f 119/3781/3781 110/3782/3782 108/3783/3783
f 169/3784/3784 167/3785/3785 166/3786/3786
f 42/3787/3787 41/3788/3788 51/3789/3789
f 158/3790/3790 157/3791/3791 165/3792/3792
f 175/3793/3793 152/3794/3794 151/3795/3795
f 24/3796/3796 15/3797/3797 13/3798/3798
f 68/3799/3799 61/3800/3800 60/3801/3801
f 76/3802/3802 75/3803/3803 68/3804/3804
f 63/3805/3805 54/3806/3806 53/3807/3807
f 55/3808/3808 54/3809/3809 63/3810/3810
f 108/3811/3811 106/3812/3812 117/3813/3813
f 13/3814/3814 11/3815/3815 22/3816/3816
f 116/3817/3817 126/3818/3818 127/3819/3819
f 1/3820/3820 3/3821/3821 9/3822/3822
f 343/3823/3823 330/3824/3824 432/3825/3825
f 63/3826/3826 62/3827/3827 69/3828/3828
f 376/3829/3829 470/3830/3830 429/3831/3831
f 147/3832/3832 146/3833/3833 155/3834/3834
f 436/3835/3835 383/3836/3836 234/3837/3837
f 119/3838/3838 121/3839/3839 120/3840/3840
f 295/3841/3841 294/3842/3842 358/3843/3843
f 255/3844/3844 784/3845/3845 783/3846/3846
f 12/3847/3847 14/3848/3848 91/3849/3849
f 3/3850/3850 7/3851/3851 8/3852/3852
f 52/3853/3853 61/3854/3854 62/3855/3855
f 282/3856/3856 283/3857/3857 720/3858/3858
f 123/3859/3859 134/3860/3860 135/3861/3861
f 127/3862/3862 138/3863/3863 139/3864/3864
f 126/3865/3865 137/3866/3866 138/3867/3867
f 352/3868/3868 305/3869/3869 304/3870/3870
f 97/3871/3871 98/3872/3872 190/3873/3873
f 258/3874/3874 772/3875/3875 774/3876/3876
f 141/3877/3877 140/3878/3878 150/3879/3879
f 164/3880/3880 163/3881/3881 172/3882/3882
f 105/3883/3883 116/3884/3884 117/3885/3885
f 116/3886/3886 105/3887/3887 104/3888/3888
f 271/3889/3889 272/3890/3890 737/3891/3891
f 114/3892/3892 112/3893/3893 123/3894/3894
f 49/3895/3895 39/3896/3896 38/3897/3897
f 118/3898/3898 117/3899/3899 127/3900/3900
f 694/3901/3901 215/3902/3902 235/3903/3903
f 122/3904/3904 181/3905/3905 180/3906/3906
f 284/3907/3907 719/3908/3908 720/3909/3909
f 192/3910/3910 102/3911/3911 99/3912/3912
f 670/3913/3913 669/3914/3914 222/3915/3915
f 70/3916/3916 74/3917/3917 73/3918/3918
f 690/3919/3919 686/3920/3920 232/3921/3921
f 99/3922/3922 102/3923/3923 101/3924/3924
f 57/3925/3925 56/3926/3926 65/3927/3927
f 153/3928/3928 161/3929/3929 162/3930/3930
f 763/3931/3931 261/3932/3932 262/3933/3933
f 132/3934/3934 142/3935/3935 179/3936/3936
f 298/3937/3937 299/3938/3938 706/3939/3939
f 696/3940/3940 235/3941/3941 236/3942/3942
f 771/3943/3943 247/3944/3944 248/3945/3945
f 47/3946/3946 83/3947/3947 85/3948/3948
f 275/3949/3949 276/3950/3950 730/3951/3951
f 705/3952/3952 704/3953/3953 240/3954/3954
f 681/3955/3955 230/3956/3956 231/3957/3957
f 285/3958/3958 286/3959/3959 653/3960/3960
f 262/3961/3961 263/3962/3962 759/3963/3963
f 242/3964/3964 687/3965/3965 705/3966/3966
f 735/3967/3967 273/3968/3968 274/3969/3969
f 758/3970/3970 263/3971/3971 264/3972/3972
f 300/3973/3973 216/3974/3974 660/3975/3975
f 701/3976/3976 239/3977/3977 238/3978/3978
f 662/3979/3979 291/3980/3980 292/3981/3981
f 224/3982/3982 656/3983/3983 671/3984/3984
f 4/3985/3985 5/3986/3986 2/3987/3987
f 750/3988/3988 268/3989/3989 269/3990/3990
f 160/3991/3991 159/3992/3992 167/3993/3993
f 265/3994/3994 266/3995/3995 754/3996/3996
f 293/3997/3997 707/3998/3998 658/3999/3999
f 781/4000/4000 250/4001/4001 251/4002/4002
f 255/4003/4003 256/4004/4004 779/4005/4005
