v 0.00229520141 -0.00994767155 0.000527241093
v 0.00195270567 -0.0100267576 0.0049813739
v 0.00195607892 -0.0100260191 0.000527241093
v 0.000911509793 -0.010191679 0.000527241093
v 0.00056142197 -0.010222258 0.0049813739
v -0.000141074634 -0.0102468273 0.0049813739
v -0.000137383671 -0.0102468273 0.000527241093
v -0.000839984918 -0.0102225747 0.000527241093
v -0.00119365891 -0.010191679 0.000527241093
v -0.00154258683 -0.010148867 0.0049813739
v -0.00153868506 -0.0101493932 0.000527241093
v -0.00223126891 -0.0100276014 0.000527241093
v -0.00257735024 -0.00994767155 0.0049813739
v -0.00258082966 -0.00994682778 0.000527241093
v -0.00291678798 -0.00985666923 0.0049813739
v -0.00291246502 -0.0098579349 0.00052713562
v -0.00325295725 -0.00975396298 0.000527241093
v -0.00358163868 -0.00964092184 0.000527241093
v -0.00391348451 -0.00951354019 0.0049813739
v -0.00391348451 -0.00951354019 0.000527241093
v -0.00423699943 -0.00937624741 0.0049813739
v -0.00455555832 -0.00922767073 0.0049813739
v -0.00486525986 -0.00907002576 0.000527241093
v -0.00517622707 -0.00889761746 0.0049813739
v -0.00547443423 -0.00871856697 0.000527241093
v -0.00577232568 -0.00852517504 0.0049813739
v -0.00605735229 -0.00832566619 0.000527241093
v -0.00634100754 -0.00811202917 0.0049813739
v -0.00634100754 -0.00811202917 0.000527241093
v -0.00661411881 -0.00789079815 0.0049813739
v -0.00661148224 -0.00789301284 0.000527241093
v -0.00687942654 -0.00766018312 0.0049813739
v -0.00687942654 -0.00766018312 0.000527241093
v -0.00713650975 -0.00742049934 0.0049813739
v -0.00713376841 -0.00742313545 0.000527241093
v -0.00738505181 -0.00717195775 0.000527241093
v -0.00762241567 -0.00691751065 0.000527241093
v -0.00785535108 -0.00664956728 0.0049813739
v -0.00785535108 -0.00664956728 0.000527241093
v -0.00807658117 -0.006376456 0.0049813739
v -0.00807426125 -0.00637940876 0.000527241093
v -0.00868122 -0.00551294023 0.0049813739
v -0.00868122 -0.00551294023 0.000527241093
v -0.00903257448 -0.00490429392 0.000527241093
v -0.00919222273 -0.00459100725 0.0049813739
v -0.00934079941 -0.0042724479 0.0049813739
v -0.00934079941 -0.0042724479 0.000527241093
v -0.00947809312 -0.00394893298 0.0049813739
v -0.00947672222 -0.0039524124 0.000527241093
v -0.00971735455 -0.00329209608 0.000527241093
v -0.00982122216 -0.00295223598 0.000527241093
v -0.00991222356 -0.00261279824 0.0049813739
v -0.00991137978 -0.00261617312 0.000527241093
v -0.00999130961 -0.0022703025 0.0049813739
v -0.00999130961 -0.0022703025 0.000527241093
v -0.010057847 -0.00192854495 0.000527241093
v -0.010113419 -0.00157803495 0.0049813739
v -0.01018681 -0.000879018568 0.0049813739
v -0.01018681 -0.000879018568 0.000527241093
v -0.0102113802 -0.000176522735 0.000527241093
v 0.00229520141 -0.00994767155 0.0049813739
v 0.00263463845 -0.00985666923 0.0049813739
v 0.00330318045 -0.00963955186 0.0049813739
v 0.00363133592 -0.00951354019 0.000527241093
v 0.00395485153 -0.00937624741 0.0049813739
v 0.00427341042 -0.00922767073 0.000527241093
v 0.00427341042 -0.00922767073 0.0049813739
v 0.00458669616 -0.00906812772 0.0049813739
v 0.00489407824 -0.00889761746 0.0049813739
v 0.00519534433 -0.00871666893 0.0049813739
v 0.00549017685 -0.00852517504 0.0049813739
v 0.00578216277 -0.00832060538 0.000527241093
v 0.00577805052 -0.00832355767 0.0049813739
v 0.00605611876 -0.00811413769 0.000527241093
v 0.00633197092 -0.00789079815 0.0049813739
v 0.00659727864 -0.00766018312 0.0049813739
v 0.00685783941 -0.00741712516 0.000527241093
v 0.00685435953 -0.00742049934 0.0049813739
v 0.00710047642 -0.00717448816 0.000527241093
v 0.00734595954 -0.00691118417 0.000527241093
v 0.00757077523 -0.00665241433 0.000527241093
v 0.00757320039 -0.00664956728 0.0049813739
v 0.00800596084 -0.00609564781 0.000527241093
v 0.00800596084 -0.00609564781 0.0049813739
v 0.00820757728 -0.00580777414 0.0049813739
v 0.0083990721 -0.00551294023 0.0049813739
v 0.0085820239 -0.00520830089 0.000527241093
v 0.00858002063 -0.00521167507 0.0049813739
v 0.00875052996 -0.00490429392 0.000527241093
v 0.00875052996 -0.00490429392 0.0049813739
v 0.0089100739 -0.00459100725 0.0049813739
v 0.00905864965 -0.0042724479 0.000527241093
v 0.00919594336 -0.00394893298 0.0049813739
v 0.0093219541 -0.00362077774 0.000527241093
v 0.0093219541 -0.00362077774 0.0049813739
v 0.00943784136 -0.00328408205 0.000527241093
v 0.00943636429 -0.00328840525 0.0049813739
v 0.00953801814 -0.00295582158 0.000527241093
v 0.00963102188 -0.00260910811 0.000527241093
v 0.00963007379 -0.00261279824 0.0049813739
v 0.00970915984 -0.0022703025 0.000527241093
v 0.00970915984 -0.0022703025 0.0049813739
v 0.00977622438 -0.00192517089 0.0049813739
v 0.00987408031 -0.00122910715 0.0049813739
v 0.00990466122 -0.000879018568 0.0049813739
v 0.00992923044 -0.000176522735 0.0049813739
v 0.00992321968 0.000171350708 0.000527241093
v 0.00992311444 0.000174936315 0.0049813739
v 0.00990466122 0.000525973097 0.0049813739
v 0.00987408031 0.00087606156 0.000527241093
v 0.0098317964 0.00122119312 0.000527241093
v 0.00977622438 0.00157212454 0.0049813739
v 0.00970915984 0.00191725767 0.0049813739
v 0.00963007379 0.00225975364 0.0049813739
v 0.00953907147 0.00259919045 0.000527241093
v 0.00953907147 0.00259919045 0.0049813739
v 0.00943636429 0.00293535972 0.0049813739
v 0.00932332501 0.00326393615 0.000527241093
v 0.0093219541 0.00326773245 0.0049813739
v 0.00919394009 0.00360105373 0.000527241093
v 0.00919594336 0.00359588768 0.0049813739
v 0.00890870206 0.00424091378 0.000527241093
v 0.0089100739 0.00423796196 0.0049813739
v 0.00875052996 0.00455124769 0.0049813739
v 0.00858244579 0.00485441228 0.000527241093
v 0.00858002063 0.00485862978 0.0049813739
v 0.00839580223 0.00516516762 0.000527241093
v 0.00820757728 0.00545472838 0.0049813739
v 0.00800596084 0.00574260205 0.0049813739
v 0.00756940385 0.00630116183 0.000527241093
v 0.00757320039 0.00629652105 0.0049813739
v 0.0073425849 0.00656182878 0.0049813739
v 0.00685435953 0.00706745405 0.0049813739
v 0.00659727864 0.00730713736 0.0049813739
v 0.00633523893 0.00753490673 0.000527241093
v 0.00605400791 0.00776277948 0.000527241093
v 0.00605885964 0.00775898295 0.0049813739
v 0.00578163611 0.00796787627 0.000527241093
v 0.00548511604 0.00817560963 0.000527241093
v 0.00519892992 0.00836130325 0.000527241093
v 0.00488869986 0.0085477354 0.000527241093
v 0.00458669616 0.00871508289 0.0049813739
v 0.00427024625 0.00887620635 0.000527241093
v 0.00427341042 0.0088746259 0.0049813739
v 0.00363133592 0.00916049629 0.0049813739
v 0.00263463845 0.0095036244 0.000527241093
v 0.00229520141 0.00959462579 0.000527241093
v 0.00194901472 0.00967455562 0.000527241093
v 0.00195270567 0.00967371184 0.0049813739
v 0.00160757278 0.00974077731 0.000527241093
v 0.000911509793 0.00983863231 0.000527241093
v 0.000557520252 0.00986952893 0.000527241093
v 0.00056142197 0.00986921228 0.0049813739
v 0.000210384387 0.00988766551 0.000527241093
v -0.000141074634 0.00989378151 0.0049813739
v -0.000843570509 0.00986921228 0.0049813739
v -0.00119365891 0.00983863231 0.0049813739
v -0.00154258683 0.00979582127 0.0049813739
v -0.00188972207 0.00974077731 0.000527241093
v -0.00188972207 0.00974077731 0.0049813739
v -0.0022348545 0.00967371184 0.0049813739
v -0.00325295725 0.00940091722 0.000527241093
v -0.00325295725 0.00940091722 0.0049813739
v -0.00358923129 0.00928513519 0.000527241093
v -0.00391348451 0.00916049629 0.000527241093
v -0.00391348451 0.00916049629 0.0049813739
v -0.00423699943 0.00902320258 0.0049813739
v -0.00455555832 0.0088746259 0.0049813739
v -0.00486884499 0.00871508289 0.0049813739
v -0.00517949555 0.00854267459 0.000527241093
v -0.00517622707 0.00854457263 0.0049813739
v -0.00547749223 0.00836362224 0.000527241093
v -0.00547749223 0.00836362224 0.0049813739
v -0.00577559462 0.00816991553 0.000527241093
v -0.00577232568 0.00817212928 0.0049813739
v -0.00606019888 0.00797051191 0.000527241093
v -0.00634100754 0.00775898295 0.0049813739
v -0.00661411881 0.00753775286 0.000527241093
v -0.00738505181 0.00681891199 0.0049813739
v -0.00762473512 0.00656182878 0.0049813739
v -0.00785777532 0.00629367447 0.000527241093
v -0.00807658117 0.00602341164 0.000527241093
v -0.00828990247 0.00574017735 0.000527241093
v -0.00828811061 0.00574260205 0.0049813739
v -0.00848972704 0.00545472838 0.0049813739
v -0.00868122 0.00515989633 0.0049813739
v -0.00886217039 0.00485862978 0.0049813739
v -0.00903257448 0.00455124769 0.000527241093
v -0.00903257448 0.00455124769 0.0049813739
v -0.00919222273 0.00423796196 0.0049813739
v -0.00934079941 0.00391940353 0.000527241093
v -0.00934079941 0.00391940353 0.0049813739
v -0.00947809312 0.00359588768 0.0049813739
v -0.00971978065 0.00293166866 0.000527241093
v -0.00971851498 0.00293535972 0.0049813739
v -0.00991222356 0.00225975364 0.0049813739
v -0.00999130961 0.00191725767 0.000527241093
v -0.00999130961 0.00191725767 0.0049813739
v -0.0100591127 0.00156832824 0.000527241093
v -0.0100583751 0.00157212454 0.0049813739
v -0.0101566529 0.000872159901 0.000527241093
v -0.01018681 0.000525973097 0.0049813739
v 0.000957907178 -0.00965737179 0
v 0.00226504309 -0.00941273198 0
v 0.00290332129 -0.00922229327 0
v 0.00886283163 -0.0033420783 0
v 0.00932385214 -0.00140467822 0
v 0.00940167252 -0.000186751131 0
v -0.00645088451 -0.00733751152 0
v -0.00693542045 -0.00687965518 0
v -0.00738589466 -0.00638995366 0
v -0.00907380413 -0.00353757921 0
v -0.00928680971 -0.00290615554 0
v -0.00957753044 -0.00160703354 0
v -0.00965440273 -0.000945135253 0
v -0.00967011414 0.000365375861 0
v -0.00960905943 0.00102875009 0
v -0.00915278494 0.00296710012 0
v -0.00891046505 0.00359082525 0
v -0.00805232767 0.005160423 0
v -0.00772923417 0.00561247952 0
v -0.00731619401 0.00611736532 0
v -0.00637211511 0.00705332402 0
v -0.0038207951 0.00862966944 0
v -0.00192198937 0.00920035411 0
v 6.70805966e-05 0.00936559215 0
v 0.000729189662 0.00932815764 0
v 0.0024873286 0.00899757724 0
v 0.00362711796 0.0085924454 0
v 0.00899812207 0.00257556955 0
v 0.00931351818 0.00698889466 0.136644349
v 0.00818342902 0.00827536359 0.137454808
v 0.0080523584 0.00840232335 0.137437627
v 0.00730873691 0.00905578583 0.137006551
v -0.00730712479 0.00927754212 0.136645809
v -0.00743735349 0.00917757768 0.136829615
v -0.00809619483 0.00862387009 0.137363493
v -0.00828020182 0.00845441408 0.137426868
v -0.00859232806 0.00814871956 0.137455031
v -0.00905861985 0.00764699746 0.137297586
v -0.0092078289 0.00747395586 0.137184456
v -0.00688765151 -0.0099341739 0.135255367
v -0.00984347146 -0.00700239651 0.135831758
v -0.00978494715 -0.00708454149 0.136108875
v -0.00949517544 -0.00747269578 0.136829615
v -0.00696410192 -0.00988092273 0.135816783
v 0.00849218294 -0.00831322372 0.137426242
v 0.0086637456 -0.00812668633 0.137361065
v 0.00942750741 -0.00718904007 0.136364698
v -0.0110048782 -0.00494236033 0.14173232
v -0.00792463031 0.0087759262 0.140377
v -0.00706775719 0.00945501216 0.140594542
v 0.00969787594 -0.0068043652 0.140706003
v 0.00948645268 -0.00710847788 0.140592739
v 0.00881200563 -0.00795933884 0.140377
v 0.00852666423 -0.00827747583 0.140336722
v 0.00780181261 -0.00898967404 0.140352324
v 0.00387249584 -0.0113401152 0.142868742
v 0.0043028295 -0.0111756157 0.145965651
v 0.0040595606 -0.0112709412 0.143092811
v 0.00612434233 -0.0102507295 0.140861854
v 0.00579038775 -0.0104501322 0.141027287
v 0.0110063832 -0.00423385389 0.145965651
v 0.0111412527 -0.00384232472 0.145965651
v 0.010333308 -0.00574587611 0.145965651
v 0.00995791238 -0.00640134187 0.14435567
v 0.00839242712 -0.00841719564 0.145965651
v 0.00862736627 -0.00816781074 0.14488934
v 0.00748430751 -0.00926405005 0.145965651
v 0.00683179358 -0.00977378711 0.145965651
v 0.00569485174 -0.0105054919 0.144159839
v 0.00505931629 -0.0108388141 0.145965651
v -0.0112392893 -0.00436840579 0.142149687
v -0.0105832964 -0.0058076689 0.141189575
v -0.00997580867 -0.00681026978 0.140705153
v -0.00976617821 -0.00711206254 0.140591592
v -0.00910406839 -0.00794932246 0.140377522
v -0.00876157265 -0.00832693279 0.140334398
v -0.00836276729 -0.00873048231 0.140328705
v -0.00507763214 -0.0109641915 0.141616225
v -0.00419840543 -0.011323981 0.145965651
v -0.00410202611 -0.0113585684 0.14271763
v -0.00496617332 -0.011013858 0.145965651
v -0.00642747525 -0.01023681 0.145965651
v -0.00677471794 -0.0100113619 0.145965651
v -0.0071802712 -0.00972644053 0.14467971
v -0.00843489449 -0.00865941029 0.144910321
v -0.00872751232 -0.00836320594 0.144905686
v -0.00948916562 -0.00748007745 0.145965651
v -0.0102013629 -0.00646292372 0.145965651
v -0.0106154578 -0.00574587611 0.145965651
v -0.010978411 -0.00500162272 0.145965651
v -0.0111401677 -0.00462042727 0.145965651
v -0.0112328576 -0.00438432861 0.143099561
v -0.0113145802 -0.00416204333 0.1424326
v -0.0113259684 -0.00412924914 0.142562717
v -0.0112999221 -0.00420295773 0.142888978
v 0.00966729596 0.00649666227 0.140688181
v 0.00780149642 0.00863694493 0.140352532
v 0.00649436098 0.00965726282 0.140702829
v 0.00521674938 0.0104087926 0.141346812
v 0.00467653899 0.0106656626 0.141694039
v 0.00352504477 0.0111056985 0.145965651
v 0.00403815554 0.0109260157 0.143075407
v 0.0043028295 0.0108225709 0.145965651
v 0.00505931629 0.0104857692 0.145965651
v 0.00748747168 0.00890847389 0.144832805
v 0.00905748922 0.00731610134 0.144805819
v 0.00945618935 0.00679634651 0.145965651
v 0.0100323595 0.00592724187 0.144298941
v 0.010333308 0.00539283128 0.145965651
v 0.0104771387 0.0051146578 0.143848136
v 0.0106535535 0.00474474626 0.14361088
v 0.0110182995 0.00384832988 0.142891198
v 0.0110278958 0.00382123026 0.142402649
v -0.00539967138 0.0104579311 0.141408801
v -0.0112885339 0.0038808079 0.145965651
v -0.0113276551 0.00377209182 0.14262262
v -0.0111139119 0.00433381414 0.143326283
v -0.0109372856 0.00474200351 0.143609196
v -0.0106154578 0.00539283128 0.145965651
v -0.0104146851 0.00575493928 0.145965651
v -0.00973833911 0.00679634651 0.145965651
v -0.00918188971 0.00750527484 0.144843876
v -0.00861742534 0.0081240451 0.144910634
v -0.00776645774 0.00891100615 0.145965651
v -0.00534146419 0.0104857692 0.145965651
v -0.00496480288 0.0106631322 0.143546566
v 0.00232535996 -0.0117802555 0.145965651
v 0.00150992803 -0.0119239818 0.145965651
v -0.00138103962 -0.0119744912 0.145965651
v -0.00179207732 -0.0119239818 0.145965651
v -0.00260750856 -0.0117802555 0.145965651
v -0.00301095331 -0.0116870394 0.145965651
v -0.00341091841 -0.0115799047 0.145965651
v 0.00939165428 0.000295146776 0
v 0.00916146208 0.0019593304 0
v 0.00877478346 0.00323019223 0
v 0.00801713765 -0.00513048004 0
v 0.00473738275 -0.00838007778 0
v 0.00814114418 -0.00576295843 0.00527241081
v 0.00678518554 -0.00591142941 0.00527241081
v 0.00833105668 -0.00547055108 0.00527241081
v 0.00851063617 -0.00517160539 0.00527241081
v 0.00867966842 -0.00486664893 0.00527241081
v 0.00850863103 -0.00291021843 0.00527455239
v 0.00924655888 -0.00359336124 0.00527241081
v 0.00936012622 -0.00326362532 0.00527241081
v 0.00955235865 -0.002593396 0.00527241081
v 0.00969734881 -0.00191125146 0.00527241081
v 0.00888778083 -0.00138233439 0.00527594937
v 0.00975186564 -0.00156685745 0.00527241081
v 0.00979436189 -0.00122077682 0.00527241081
v 0.0098490892 -0.000176522735 0.00527241081
v 0.0098429732 0.000172089058 0.00527241081
v 0.00979436189 0.00086773053 0.00527241081
v 0.00975186564 0.00121381122 0.00527241081
v -0.0072032921 -0.00260025193 0.00527493935
v -0.00991296116 -0.00225364184 0.00527241081
v -0.00983450841 -0.002593396 0.00527241081
v -0.00974424463 -0.0029301981 0.00527241081
v -0.00964227598 -0.00326362532 0.00527241081
v -0.00661996147 -0.00408115983 0.00527412584
v -0.00861320738 -0.00547055108 0.00527241081
v -0.00842329487 -0.00576295843 0.00527241081
v -0.00555842463 -0.00558044761 0.00527479593
v -0.00822325982 -0.00604861788 0.00527241081
v -0.00801341794 -0.00632710662 0.00527241081
v -0.00756526273 -0.00686120195 0.00527241081
v -0.00682575442 -0.00760070933 0.00527241081
v -0.00656265998 -0.00782942679 0.00527241081
v -0.00572750997 -0.00845874287 0.00527241081
v -0.00543510215 -0.00864865445 0.00527241081
v -0.00513615645 -0.008828233 0.00527241081
v -0.00388343167 -0.00943920016 0.00527241081
v -0.00289474917 -0.0097796917 0.00527241081
v -0.00153140933 -0.0100694634 0.00527241081
v -0.000837982167 -0.0101423282 0.00527241081
v -0.000489686441 -0.010160571 0.00527241081
v 0.000555832812 -0.0101423282 0.00527241081
v 0.00159365498 -0.0100149466 0.00527241081
v 0.00193604524 -0.00994840916 0.00527241081
v 0.00227579847 -0.00986995548 0.00527241081
v 0.00261259964 -0.0097796917 0.00527241081
v 0.00423829677 -0.00915564969 0.00527241081
v 0.00485400762 -0.008828233 0.00527241081
v 0.00600951025 -0.00804886501 0.00527241081
v 0.00628051115 -0.00782942679 0.00527241081
v 0.00654360466 -0.00760070933 0.00527241081
v 0.00704522198 -0.0071162805 0.00527241081
v 0.0072831125 -0.00686120195 0.00527241081
v 0.00773126725 -0.00632710662 0.00527241081
v 0.0096308114 0.00190059561 0.00527241081
v 0.00955235865 0.00224035047 0.00527241081
v 0.00815905817 0.00350583205 0.00527270883
v 0.0091216024 0.0035658346 0.00527241081
v 0.00761008076 0.00437010219 0.00527622038
v 0.00851063617 0.00481855916 0.00527241081
v 0.00833105668 0.00511750579 0.00527241081
v -0.00757241435 0.000697772193 0.00527316937
v -0.00991296116 0.00190059561 0.00527241081
v -0.0100340163 0.00121381122 0.00527241081
v -0.0100765117 0.00086773053 0.00527241081
v -0.0101312399 -0.000176522735 0.00527241081
v -0.0075107757 -0.00116726279 0.00527534727
v 0.00773126725 0.00597406086 0.00527241081
v 0.00751182996 0.00624506315 0.00527241081
v 0.00704522198 0.00676323613 0.00527241081
v 0.00679868367 0.00700977305 0.00527241081
v 0.00654360466 0.00724766497 0.00527241081
v 0.00508883875 0.00683682319 0.00527482526
v 0.00628051115 0.00747638242 0.00527241081
v 0.0054453616 0.00810569711 0.00527241081
v 0.00407321239 0.00738210091 0.00527441781
v 0.00485400762 0.00847518723 0.00527241081
v 0.00423829677 0.00880260393 0.00527241081
v 0.00264573353 0.00788944494 0.00527330907
v 0.00327576487 0.00921111088 0.00527241081
v 0.00143237726 0.00807114039 0.00527457334
v 0.00227579847 0.00951691158 0.00527241081
v 0.000555832812 0.00978928339 0.00527241081
v 0.000207537145 0.00980752613 0.00527241081
v 0.000252241589 0.00809177384 0.00527488207
v -0.00143247528 0.00784786046 0.00527318195
v -0.00153140933 0.00971641857 0.00527241081
v -0.002557948 0.00951691158 0.00527241081
v -0.00245068991 0.00747155119 0.00527511723
v -0.00355791301 0.00921111088 0.00527241081
v -0.00388343167 0.0090861544 0.00527241081
v -0.00462259911 0.00616869191 0.00527429301
v -0.00420441618 0.00894991588 0.00527241081
v -0.00452044467 0.00880260393 0.00527241081
v -0.00543510215 0.00829560962 0.00527241081
v -0.00572750997 0.00810569711 0.00527241081
v -0.00601316895 0.00790566113 0.00527241081
v -0.00629165815 0.00769581972 0.00527241081
v -0.00556270173 0.00522980094 0.00527438475
v -0.00682575442 0.00724766497 0.00527241081
v -0.00708083389 0.00700977305 0.00527241081
v -0.00621392997 0.00430142879 0.00527799502
v -0.00842329487 0.00540991314 0.00527241081
v -0.008792785 0.00481855916 0.00527241081
v -0.00896181911 0.00451360364 0.00527241081
v -0.00926751271 0.00388681842 0.00527241081
v -0.00983450841 0.00224035047 0.00527241081
v 0.00529804965 -0.00801965594 0
v 0.00728448387 0.00582010625 0
v 0.00804666337 0.00472850725 0
v 0.00928789377 0.0013042863 0
v 0.00893418491 -0.000262955669 0.00527850678
v -0.00118142064 -0.00822621211 0.00527542364
v 0.000799574773 -0.00845401268 0.0052750702
v 0.00251631881 -0.00824893545 0.00527573982
v 0.0038872622 -0.0078101377 0.00527458591
v 0.00501957303 -0.00722813606 0.00527557684
v -0.00260461494 -0.00776296854 0.00527514983
v -0.00417549536 -0.00687539577 0.00527446857
v -0.00360835786 0.00688506523 0.00527506229
v 0.00656564534 0.00567341736 0.00527436752
v 0.011262306 -0.00344636664 0.145965651
v 0.0114626577 -0.00264295656 0.145965651
v 0.0116928518 -0.00100513513 0.145965651
v 0.0115416385 0.0018834084 0.145965651
v -0.00179207732 0.0115709361 0.145965651
v -0.000968420936 0.01165751 0.145965651
v -0.00055453711 0.0116791259 0.145965651
v 0.000272915378 0.0116791259 0.145965651
v 0.00109962968 0.0116213411 0.145965651
v -0.00991296116 0.00190059561 0.00506151468
v -0.00983450841 0.00224035047 0.00506151468
v -0.00964227598 0.00291057979 0.00506151468
v -0.00952870864 0.00324031524 0.00506151468
v -0.00940375216 0.0035658346 0.00506151468
v -0.00926751271 0.00388681842 0.00506151468
v -0.00912020169 0.0042028469 0.00506151468
v -0.008792785 0.00481855916 0.00506151468
v -0.00861320738 0.00511750579 0.00506151468
v -0.00842329487 0.00540991314 0.00506151468
v -0.00822325982 0.00569557259 0.00506151468
v -0.00756526273 0.00650815666 0.00506151468
v -0.00732737081 0.00676323613 0.00506151468
v -0.00682575442 0.00724766497 0.00506151468
v -0.00629165815 0.00769581972 0.00506151468
v -0.00601316895 0.00790566113 0.00506151468
v -0.00513615645 0.00847518723 0.00506151468
v -0.0048312 0.00864422135 0.00506151468
v -0.00420441618 0.00894991588 0.00506151468
v -0.00322817639 0.00932467915 0.00506151468
v -0.00289474917 0.00942664687 0.00506151468
v -0.002557948 0.00951691158 0.00506151468
v -0.00187580346 0.00966190174 0.00506151468
v -0.00153140933 0.00971641857 0.00506151468
v -0.000837982167 0.00978928339 0.00506151468
v -0.000141074634 0.00981364213 0.00506151468
v 0.00124926097 0.00971641857 0.00506151468
v 0.00392226828 0.00894991588 0.00506151468
v 0.00628051115 0.00747638242 0.00506151468
v 0.00833105668 0.00511750579 0.00506151468
v 0.00851063617 0.00481855916 0.00506151468
v 0.00867966842 0.00451360364 0.00506151468
v 0.00883805193 0.0042028469 0.00506151468
v 0.00924655888 0.00324031524 0.00506151468
v 0.00946209393 0.00257715164 0.00506151468
v 0.00955235865 0.00224035047 0.00506151468
v 0.0096308114 0.00190059561 0.00506151468
v 0.00969734881 0.00155820523 0.00506151468
v 0.00975186564 0.00121381122 0.00506151468
v 0.0098429732 -0.000525134557 0.00506151468
v 0.00982473046 -0.000873430225 0.00506151468
v 0.00975186564 -0.00156685745 0.00506151468
v 0.00969734881 -0.00191125146 0.00506151468
v 0.00955235865 -0.002593396 0.00506151468
v 0.00936012622 -0.00326362532 0.00506151468
v 0.00898536295 -0.00423986418 0.00506151468
v 0.00883805193 -0.00455589266 0.00506151468
v 0.00867966842 -0.00486664893 0.00506151468
v 0.00833105668 -0.00547055108 0.00506151468
v 0.00773126725 -0.00632710662 0.00506151468
v 0.00573102059 -0.00825870689 0.00506151468
v 0.00515295379 -0.00864865445 0.00506151468
v 0.0045490521 -0.00899726618 0.00506151468
v 0.00423829677 -0.00915564969 0.00506151468
v 0.00392226828 -0.00930296071 0.00506151468
v 0.00360128284 -0.00943920016 0.00506151468
v 0.00261259964 -0.0097796917 0.00506151468
v -0.0101251239 -0.000525134557 0.00506151468
v -0.00991296116 -0.00225364184 0.00506151468
v -0.00974424463 -0.0029301981 0.00506151468
v -0.00964227598 -0.00326362532 0.00506151468
v -0.00940375216 -0.00391887967 0.00506151468
v -0.008792785 -0.00517160539 0.00506151468
v -0.00861320738 -0.00547055108 0.00506151468
v -0.00842329487 -0.00576295843 0.00506151468
v -0.00822325982 -0.00604861788 0.00506151468
v -0.00801341794 -0.00632710662 0.00506151468
v -0.00779397972 -0.00659810845 0.00506151468
v -0.00732737081 -0.0071162805 0.00506151468
v -0.00656265998 -0.00782942679 0.00506151468
v -0.00601316895 -0.00825870689 0.00506151468
v -0.00572750997 -0.00845874287 0.00506151468
v -0.0048312 -0.00899726618 0.00506151468
v -0.00452044467 -0.00915564969 0.00506151468
v -0.00420441618 -0.00930296071 0.00506151468
v -0.00355791301 -0.00956415571 0.00506151468
v -0.00153140933 -0.0100694634 0.00506151468
v -0.00118532788 -0.0101119597 0.00506151468
v -0.000837982167 -0.0101423282 0.00506151468
v -0.000141074634 -0.010166687 0.00506151468
v 0.000207537145 -0.010160571 0.00506151468
v 0.000555832812 -0.0101423282 0.00506151468
v -0.0118237892 0.0018834084 0.145965651
v -0.0118885338 -0.00182752532 0.145965651
v -0.0118237892 -0.00223645382 0.145965651
v 0.00916262064 -0.00753786229 0.144773349
v 0.00994125195 -0.00642991858 0.140867025
v 0.010154889 -0.00606991816 0.141046584
v 0.0109482808 -0.00439076079 0.142132699
v 0.0109855048 -0.00429079542 0.142229408
v 0.011020408 -0.00419578748 0.142360047
v 0.011038335 -0.00414517242 0.142483115
v 0.0110453991 -0.00412534736 0.142605647
v 0.0106849782 -0.00502946042 0.143565744
v -0.0094435066 0.00718640024 0.144773871
v -0.00993584376 0.00651743496 0.144557491
v -0.0107725756 0.00508808484 0.143832207
v -0.0113190087 0.00379560562 0.142464444
v -0.0112926466 0.00387005252 0.142314926
v -0.0112460386 0.0039963806 0.142167822
v -0.0110991485 0.00436850637 0.141886905
v -0.00636389013 -0.0102765644 0.144353658
v -0.00540378364 -0.0108088674 0.143829688
v -0.00421590963 -0.0113177598 0.142960683
v -0.00413545314 -0.0113468636 0.142825603
v -0.00409105932 -0.011362575 0.142605335
v -0.00411098916 -0.0113554047 0.142477632
v -0.00416772021 -0.011335264 0.142347932
v -0.00468694698 -0.0111344904 0.141886279
v -0.00545724621 -0.010782293 0.141374215
v -0.00594958384 -0.0105216252 0.141090348
v -0.00639847713 -0.0102563184 0.140865326
v -0.00789626408 -0.00915470067 0.140380576
v 0.00688884081 0.00938003883 0.144677803
v 0.00585312955 0.0100613395 0.144243464
v 0.00512427231 0.010454556 0.143833056
v 0.00476026442 0.0106274923 0.143598333
v 0.00391246146 0.0109723071 0.142933384
v 0.0038375929 0.0109993014 0.142787442
v 0.0038058525 0.011010373 0.142613649
v 0.00383495726 0.0110001443 0.14245832
v 0.00734954514 0.00902362354 0.140431926
v -0.00910638832 -0.00794689637 0.144859612
v -0.0100226272 -0.00674141198 0.144504756
v -0.0102994293 -0.00630527874 0.144310534
v 0.00474212738 -0.0109885503 0.141651452
v 0.00616156682 -0.0102284802 0.144393206
v 0.00818817504 -0.0086217653 0.144907475
v -0.00955190696 0.0070467866 0.140501425
v -0.00977018476 0.00675311312 0.140594006
v -0.00766448956 0.0089962082 0.140425712
v -0.00498062046 0.01065554 0.141680539
v -0.00426083058 0.0109481597 0.142222553
v -0.00408852799 0.0110102678 0.142619878
v -0.0042859274 0.0109387739 0.143041566
v -0.00441974122 0.0108886855 0.143155873
v -0.00588905672 0.0102020083 0.144114301
v -0.00730459439 0.00928070676 0.144718826
v 0.00940989703 0.00685982546 0.140558898
v 0.00988684036 0.00616281293 0.140827462
v 0.0103547145 0.00535318209 0.141246632
v 0.0104907425 0.00508755818 0.141404912
v 0.00828497577 0.00430365559 0
v 0.00852149632 0.00383051042 0
v 0.0101072257 0.00579912262 0.141004935
v 0.00779443048 0.00602341164 0.0049813739
v -0.00982122216 0.00259919045 0.0049813739
v -0.00682575442 -0.00760070933 0.00506151468
v 0.00764016015 -0.00570337987 0
v 0.00724863121 -0.00621722965 0
v -0.00926751271 -0.00423986418 0.00527241081
v -0.00912020169 -0.00455589266 0.00527241081
v 0.00090317952 0.00975891482 0.00527241081
v -0.0101558091 -0.00123279728 0.000527241093
v 0.00710290158 0.00681891199 0.0049813739
v -0.010113419 0.00122498942 0.0049813739
v -0.0101562301 0.00087606156 0.0049813739
v -0.00388343167 0.0090861544 0.00506151468
v -0.00355791301 0.00921111088 0.00506151468
v 0.00969734881 0.00155820523 0.00527241081
v 0.00294602779 0.00932467915 0.00527241081
v 0.00261259964 0.00942664687 0.00527241081
v 0.010282903 0.00548762828 0.144067481
v 0.00109889056 -0.0119744912 0.145965651
v 0.000686483225 -0.0120105548 0.145965651
v 0.00577805052 0.00797051191 0.0049813739
v -0.000371900998 -0.00971800461 0
v 0.000295691832 -0.00971072912 0
v -0.00118532788 0.00975891482 0.00506151468
v 0.00515295379 0.00829560962 0.00527241081
v 0.00920701493 0.00712703168 0.145965651
v 0.00352472719 -0.0114588495 0.145965651
v 0.00312876911 -0.0115799047 0.145965651
v 0.00272880471 -0.0116870394 0.145965651
v -0.00187580346 -0.0100149466 0.00506151468
v 0.00583130307 -0.00762158958 0
v 0.00633618888 -0.00718672015 0
v 0.00363133592 -0.00951354019 0.0049813739
v 0.00489407824 0.00854457263 0.0049813739
v 0.00159365498 0.00966190174 0.00506151468
v 0.00193604524 0.0095953634 0.00506151468
v 0.00090317952 -0.0101119597 0.00506151468
v 0.00124926097 -0.0100694634 0.00506151468
v 0.00946209393 -0.0029301981 0.00527241081
v -0.00220100582 -0.0118592363 0.145965651
v 0.00330318045 0.0092865061 0.0049813739
v -0.00299250009 -0.00928482413 0
v -0.00362002198 -0.00906412024 0
v -0.00221819407 -0.00994840916 0.00527241081
v -0.00187580346 -0.0100149466 0.00527241081
v -0.00756526273 0.00650815666 0.00527241081
v -0.00779397972 0.00624506315 0.00527241081
v 0.0108074034 0.0043920218 0.143367723
v 0.0109670516 0.00398857705 0.143064767
v -0.000968631648 -0.0120105548 0.145965651
v 0.00160757278 -0.0100938221 0.000527241093
v 0.00605885964 -0.00811202917 0.0049813739
v 0.00229520141 0.00959462579 0.0049813739
v -0.0078023104 -0.00586872315 0
v 0.00654360466 0.00724766497 0.00506151468
v 0.00679868367 0.00700977305 0.00506151468
v -0.00452044467 -0.00915564969 0.00527241081
v -0.00420441618 -0.00930296071 0.00527241081
v 0.000564901391 -0.0102220476 0.000527241093
v 0.000210384387 -0.0102407113 0.000527241093
v 0.00710290158 -0.00717195775 0.0049813739
v 0.0073425849 -0.006914875 0.0049813739
v 0.000911509793 0.00983863231 0.0049813739
v -0.00629165815 -0.00804886501 0.00527241081
v -0.00601316895 -0.00825870689 0.00527241081
v -0.0113242809 -0.00413452135 0.142721117
v -0.000492533727 0.00988766551 0.0049813739
v -0.00862659886 0.00419293437 0
v -0.00233249925 -0.00946608931 0
v 0.0076849754 -0.0090919584 0.137298957
v 0.010190214 -0.00600749301 0.144157737
v 0.00926279742 -0.00740890019 0.140498787
v 0.00587590737 0.00723258499 0
v 0.00534465769 0.0076341317 0
v -0.00260750856 0.0114272106 0.145965651
v -0.00585130649 0.00747132022 0
v -0.00530455681 0.00785061717 0
v 0.0098490892 -0.000176522735 0.00506151468
v 0.00679868367 -0.00736281881 0.00527241081
v 0.00967826415 -0.00683515565 0.144544512
v -0.00138103962 0.0116214463 0.145965651
v -0.00358532951 0.0092865061 0.0049813739
v -0.00126251578 0.00930179562 0
v -0.00060125062 0.00935684051 0
v 0.00946209393 -0.0029301981 0.00506151468
v 0.00420392025 0.00832176115 0
v 0.00515295379 -0.00864865445 0.00527241081
v 0.00889552198 -0.00786348712 0.144844845
v -0.0111401677 0.0042673815 0.145965651
v -0.00517622707 -0.00889761746 0.000527241093
v 0.00814114418 -0.00576295843 0.00506151468
v 0.00294602779 -0.00967772305 0.00527241081
v -0.0119390441 0.00106344232 0.145965651
v -0.0118885338 0.0014744798 0.145965651
v -0.0112854755 0.00388987712 0.14295046
v -0.011318692 0.00379729318 0.142778054
v 0.00680954428 -0.00671779178 0
v 0.00992311444 -0.000527981785 0.0049813739
v 0.00191885629 0.0115061915 0.145965651
v -0.00606019888 0.00797051191 0.0049813739
v 0.00654360466 -0.00760070933 0.00506151468
v 0.00628051115 -0.00782942679 0.00506151468
v 0.000207537145 -0.010160571 0.00527241081
v 0.00614532782 -0.01023681 0.145965651
v -0.0119390441 -0.00141648867 0.145965651
v 0.00846877228 0.00798495952 0.140333444
v 0.00817952771 0.00827968679 0.140326694
v 0.00423829677 0.00880260393 0.00506151468
v 0.0045490521 0.00864422135 0.00506151468
v 0.00987408031 0.00087606156 0.0049813739
v -0.00687942654 0.00730713736 0.0049813739
v -0.00713650975 0.00706745405 0.0049813739
v -0.00846051797 -0.00863336492 0.137454391
v -0.00736564863 0.00923325587 0.140501097
v -0.0101068811 -0.000873430225 0.00527241081
v -0.0100765117 -0.00122077682 0.00527241081
v -0.00828811061 -0.00609564781 0.000527241093
v -0.00785535108 0.00629652105 0.0049813739
v -0.00807658117 0.00602341164 0.0049813739
v -0.0101251239 0.000172089058 0.00506151468
v -0.0101312399 -0.000176522735 0.00506151468
v -0.00796617661 -0.00909269694 0.137298539
v -0.007792925 -0.00924201123 0.137185603
v -0.0099794995 0.00155820523 0.00527241081
v -0.010379781 -0.00616946165 0.140994191
v -0.0101670921 -0.00651881145 0.140827999
v -0.00886037759 -0.00521473307 0.000527241093
v 0.00867966842 0.00451360364 0.00527241081
v -0.00945616048 -0.00752404938 0.140467256
v -0.00960410386 -0.00362077774 0.000527241093
v -0.00801341794 0.00597406086 0.00506151468
v -0.0077905003 0.00889107585 0.137184337
v 0.00946209393 0.00257715164 0.00527241081
v 0.00936012622 0.00291057979 0.00527241081
v 0.00809959788 0.00835698005 0.145965651
v -0.00991317257 0.00225595711 0.000527241093
v -0.00572750997 0.00810569711 0.00506151468
v -0.00629165815 -0.00804886501 0.00506151468
v -0.0100583751 -0.00192517089 0.0049813739
v 0.00779696088 0.00602014177 0.000527241093
v -0.00845861994 0.00828211196 0.137454286
v 0.00833337661 -0.00456685945 0
v -0.00896181911 -0.00486664893 0.00527241081
v -0.011237286 0.00401957845 0.143089652
v -0.01018681 0.000525973097 0.000527241093
v -0.00388343167 -0.00943920016 0.00506151468
v -0.0102052642 -0.000527981785 0.0049813739
v 0.00685435953 0.00706745405 0.000527241093
v 0.0065927431 0.00731125008 0.000527241093
v -0.000489686441 0.00980752613 0.00506151468
v 0.00263801333 -0.00985572021 0.000527241093
v 0.00297080772 -0.00975396298 0.000527241093
v 0.0045490521 0.00864422135 0.00527241081
v 0.0105212172 0.00502386643 0.145965651
v 0.0098429732 -0.000525134557 0.00527241081
v 0.00937921181 0.00690200506 0.144693404
v 0.00861893035 -0.00396517199 0
v 0.00227579847 0.00951691158 0.00506151468
v 0.00159365498 -0.0100149466 0.00506151468
v 0.00395833002 -0.00937477127 0.000527241093
v 0.00459007081 0.0087132901 0.000527241093
v 0.0096308114 -0.00225364184 0.00527241081
v -0.00677577127 -0.010011889 0.144533664
v -0.00423067296 -0.00880028866 0
v 0.00485400762 0.00847518723 0.00506151468
v 0.00519945659 -0.00871413853 0.000527241093
v 0.00548722502 -0.00852717832 0.000527241093
v 0.00330318045 0.0092865061 0.000527241093
v 0.00296785589 0.00940186717 0.000527241093
v -0.00697276602 0.00299136154 0.00527362945
v 0.0110407593 0.00378495594 0.142729014
v 0.00160757278 -0.0100938221 0.0049813739
v 0.00126043765 -0.010148867 0.0049813739
v -0.00818076357 -0.00532028684 0
v 0.00704522198 0.00676323613 0.00506151468
v 0.00633576559 -0.00788763445 0.000527241093
v 0.00659453589 -0.00766260829 0.000527241093
v 0.000210384387 -0.0102407113 0.0049813739
v -0.00968466606 -0.000289141317 0
v -0.00119365891 -0.010191679 0.0049813739
v -0.00829960406 0.00477669761 0
v 0.00821021292 -0.0058039776 0.000527241093
v 0.00839717314 -0.00551589299 0.000527241093
v 0.0113694416 0.00269335671 0.145965651
v -0.000847472227 0.00986900181 0.000527241093
v -0.00119365891 0.00983863231 0.000527241093
v -0.00187580346 0.00966190174 0.00527241081
v -0.0109301154 -0.00511023402 0.14361836
v -0.0110950368 -0.00473167468 0.143357798
v -0.00779397972 -0.00659810845 0.00527241081
v 0.0047865212 0.00799771864 0
v -0.00473081321 0.00819174293 0
v 0.00891165528 -0.00458784308 0.000527241093
v -0.00223865081 0.00967297517 0.000527241093
v -0.00257735024 0.00959462579 0.000527241093
v -0.0112885339 -0.00423385389 0.145965651
v 0.00924655888 -0.00359336124 0.00506151468
v 0.00639703218 0.00677673239 0
v 0.00684834877 0.00632320065 0
v 0.0054453616 -0.00845874287 0.00527241081
v -0.00547749223 -0.00871666893 0.0049813739
v 0.00794111006 -0.00604861788 0.00506151468
v 0.00977685675 -0.00192169065 0.000527241093
v 0.00983126834 -0.00157803495 0.000527241093
v -0.00486884499 0.00871508289 0.000527241093
v 0.00327576487 -0.00956415571 0.00527241081
v 0.0115416385 -0.00223645382 0.145965651
v 0.00600951025 -0.00804886501 0.00506151468
v -0.0115444558 -0.00344636664 0.145965651
v 0.00992321968 -0.000524713076 0.000527241093
v 0.00992923044 -0.000176522735 0.000527241093
v -0.00634417124 0.00775655825 0.000527241093
v -0.00912020169 0.0042028469 0.00527241081
v 0.00090317952 -0.0101119597 0.00527241081
v -0.00738505181 -0.00717195775 0.0049813739
v -0.00762473512 -0.006914875 0.0049813739
v -0.00713650975 0.00706745405 0.000527241093
v -0.0073878984 0.0068160654 0.000527241093
v 0.00883805193 -0.00455589266 0.00527241081
v -0.00828811061 -0.00609564781 0.0049813739
v -0.00848972704 -0.00580777414 0.0049813739
v -0.0100765117 0.00086773053 0.00506151468
v -0.0100340163 0.00121381122 0.00506151468
v -0.0101068811 -0.000873430225 0.00506151468
v 0.00962912478 0.00226344285 0.000527241093
v -0.00750853168 -0.00947547425 0.144774288
v -0.00782065839 -0.00921912957 0.144843355
v -0.00903257448 -0.00490429392 0.0049813739
v -0.00952870864 -0.00359336124 0.00506151468
v 0.00906023197 0.00391592318 0.000527241093
v -0.0088641746 0.00485525513 0.000527241093
v -0.00807890017 0.00863937009 0.145965651
v -0.00960410386 -0.00362077774 0.0049813739
v -0.00971851498 -0.00328840525 0.0049813739
v -0.00779397972 0.00624506315 0.00506151468
v -0.00947967544 0.00359209138 0.000527241093
v -0.00960410386 0.00326773245 0.000527241093
v 0.00542827975 0.01029786 0.145965651
v -0.0100340163 -0.00156685745 0.00527241081
v 0.00924655888 0.00324031524 0.00527241081
v 0.00272880471 0.0113339946 0.145965651
v 0.00815780647 0.00830151513 0.144910529
v 0.00847573113 0.0079776831 0.14490357
v -0.000141074634 0.00981364213 0.00527241081
v -0.0105707478 -0.00583023438 0.144060522
v -0.00937749539 0.00726812193 0.137002021
v -0.0099794995 -0.00191125146 0.00527241081
v -0.010205159 -0.000531778147 0.000527241093
v 0.0104650129 -0.00549332751 0.143864587
v 0.000272915378 -0.0120321717 0.145965651
v 0.00297080772 -0.00975396298 0.0049813739
v 0.00549017685 0.00817212928 0.0049813739
v 0.00161674747 -0.00955761783 0
v 0.00921397563 0.00711838529 0.136827812
v 0.00969376322 0.00645712018 0.145965651
v 0.00261259964 0.00942664687 0.00506151468
v -0.00118532788 -0.0101119597 0.00527241081
v -0.00801341794 0.00597406086 0.00527241081
v -0.00807890017 -0.00899241585 0.145965651
v -0.00838174764 -0.00871002581 0.145965651
v 0.00297080772 0.00940091722 0.0049813739
v -0.00482360786 -0.0084933294 0
v 0.0012641286 -0.010148339 0.000527241093
v -0.00355791301 -0.00956415571 0.00527241081
v 0.00160757278 0.00974077731 0.0049813739
v -0.0085199913 -0.00474675372 0
v 0.0072831125 0.00650815666 0.00506151468
v 0.000210384387 0.00988766551 0.0049813739
v 0.00515295379 0.00829560962 0.00506151468
v -0.00221819407 0.0095953634 0.00527241081
v 0.00877552014 -0.00800109748 0.137298122
v 0.00751182996 -0.00659810845 0.00527241081
v 0.00905864965 -0.0042724479 0.0049813739
v -0.00220100582 0.0115061915 0.145965651
v -0.00257735024 0.00959462579 0.0049813739
v -0.00432620849 0.00839989726 0
v 0.00979436189 -0.00122077682 0.00506151468
v -0.00423341384 -0.0093778288 0.000527241093
v -0.00543510215 0.00829560962 0.00506151468
v 0.00573102059 -0.00825870689 0.00527241081
v 0.00953907147 -0.00295223598 0.0049813739
v 0.0091216024 -0.00391887967 0.00506151468
v 0.00983126834 -0.00157803495 0.0049813739
v -0.00656265998 0.00747638242 0.00527241081
v 0.00124926097 -0.0100694634 0.00527241081
v -0.00922860298 0.00744885998 0.145965651
v -0.00895696785 0.00776130287 0.145965651
v 0.00898536295 -0.00423986418 0.00527241081
v 0.00983126834 0.00122498942 0.0049813739
v 0.00327576487 -0.00956415571 0.00506151468
v -0.00848772377 -0.00581083214 0.000527241093
v -0.0102013629 0.00610987796 0.145965651
v -0.0101068811 0.000520384754 0.00527241081
v -0.0099794995 0.00155820523 0.00506151468
v -0.0100765117 -0.00122077682 0.00506151468
v -0.00919074751 -0.00459417049 0.000527241093
v 0.00814114418 0.00540991314 0.00527241081
v 0.00905864965 0.00391940353 0.0049813739
v -0.00823000818 0.00850218255 0.144899353
v -0.00778448954 0.00889803469 0.144838184
v 0.00614532782 0.00988376606 0.145965651
v 0.0083990721 0.00515989633 0.0049813739
v -0.00960410386 0.00326773245 0.0049813739
v 0.00906719081 -0.00268756109 0
v -0.008792785 -0.00517160539 0.00527241081
v 0.00734532764 0.00655866647 0.000527241093
v 0.00193604524 0.0095953634 0.00527241081
v -0.00896086916 0.00775877247 0.14035359
v -0.00859844405 0.00814292114 0.140326589
v -0.0102054747 0.000170823885 0.000527241093
v -0.00322817639 -0.00967772305 0.00506151468
v -0.0102113802 -0.000176522735 0.0049813739
v 0.00392226828 0.00894991588 0.00527241081
v -0.000489686441 -0.010160571 0.00506151468
v 0.00330697675 -0.00963818096 0.000527241093
v 0.000207537145 0.00980752613 0.00506151468
v 0.0096995635 0.00645153085 0.144533023
v 0.00600951025 0.00769581972 0.00527241081
v 0.00294602779 0.00932467915 0.00506151468
v 0.00838378072 0.0080737453 0.137449324
v 0.00459080841 -0.00906601828 0.000527241093
v 0.00395485153 0.00902320258 0.000527241093
v -0.00822325982 0.00569557259 0.00527241081
v -0.00867457781 -0.00841719564 0.145965651
v -0.00539397774 -0.00814524479 0
v 0.0054453616 0.00810569711 0.00506151468
v 0.000911509793 -0.010191679 0.0049813739
v 0.00935084652 0.000807098462 0
v -0.00322817639 -0.00967772305 0.00527241081
v -0.00881735422 -0.00415329169 0
v 0.00751182996 0.00624506315 0.00506151468
v 0.00125632528 0.00979645271 0.000527241093
v -0.000492533727 -0.0102407113 0.0049813739
v -0.00576747488 0.0102680176 0.141191483
v 0.00898536295 0.00388681842 0.00506151468
v 0.00779685564 -0.00637339801 0.000527241093
v -0.000144976337 0.00989378151 0.000527241093
v -0.00188972207 -0.0100938221 0.0049813739
v 0.00903239287 -0.00769898808 0.140426025
v -0.00732737081 -0.0071162805 0.00527241081
v -0.00154659385 0.00979529414 0.000527241093
v -0.00325295725 -0.00975396298 0.0049813739
v 0.00919742044 -0.00394545356 0.000527241093
v -0.00292047905 0.00950256921 0.000527241093
v 0.0074010035 -0.00933406781 0.140421703
v 0.00809959788 -0.00871002581 0.145965651
v 0.00139382994 0.0092438003 0
v -0.00423995219 0.00902193598 0.000527241093
v -0.0115444558 0.00309332111 0.145965651
v 0.00360128284 -0.00943920016 0.00527241081
v 0.00751182996 -0.00659810845 0.00506151468
v 0.00987450313 -0.00122552144 0.000527241093
v -0.00940375216 0.0035658346 0.00527241081
v -0.0116515914 -0.00304640131 0.145965651
v 0.0054453616 -0.00845874287 0.00506151468
v 0.00620532688 0.00984696299 0.144412279
v -0.011288112 -0.00423501339 0.142298579
v 0.00294602779 -0.00967772305 0.00506151468
v 0.00667836843 -0.00988492928 0.144605577
v 0.0097752763 0.00157802983 0.000527241093
v -0.00762473512 0.00656182878 0.000527241093
v 0.00794111006 -0.00604861788 0.00527241081
v -0.0101251239 0.000172089058 0.00527241081
v -0.0100340163 -0.00156685745 0.00506151468
v 0.00943446625 0.002941265 0.000527241093
v -0.00848972704 0.00545472838 0.000527241093
v 0.00468402496 0.0106608132 0.145965651
v 0.00794111006 0.00569557259 0.00527241081
v -0.00896181911 0.00451360364 0.00506151468
v -0.00926751271 -0.00423986418 0.00506151468
v -0.00919401553 0.00423448207 0.000527241093
v -0.00982122216 -0.00295223598 0.0049813739
v -0.00744462945 0.00917156786 0.145965651
v 0.00821000151 0.00545114279 0.000527241093
v -0.010113419 -0.00157803495 0.000527241093
v -0.00543510215 -0.00864865445 0.00506151468
v 0.00921534467 -0.00206151488 0
v -0.000489686441 0.00980752613 0.00527241081
v 0.00633197092 0.00753775286 0.0049813739
v -0.00221819407 0.0095953634 0.00506151468
v -0.00289474917 -0.0097796917 0.00506151468
v 0.00159365498 0.00966190174 0.00527241081
v 0.00524247903 -0.0107487617 0.143904343
v 0.00383474492 -0.0113532962 0.142456219
v 0.00381323439 -0.0113610988 0.142555982
v 0.00519534433 0.00836362224 0.0049813739
v 0.000555832812 0.00978928339 0.00506151468
v 0.00982473046 0.000520384754 0.00527241081
v -0.000141074634 -0.0120394472 0.145965651
v 0.00395485153 0.00902320258 0.0049813739
v 0.00327576487 0.00921111088 0.00506151468
v 0.00573102059 0.00790566113 0.00527241081
v 0.00834149588 -0.00847065821 0.144910216
v 0.00263463845 0.0095036244 0.0049813739
v -0.00593640283 -0.00775993709 0
v 0.00573102059 0.00790566113 0.00506151468
v -0.00496617332 0.0106608132 0.145965651
v 0.00126043765 0.00979582127 0.0049813739
v 0.00773126725 0.00597406086 0.00506151468
v 0.0110409707 0.00378432358 0.142515793
v 0.00779443048 -0.006376456 0.0049813739
v -0.00950202998 0.001686326 0
v 0.0091216024 0.0035658346 0.00506151468
v -0.0048312 0.00864422135 0.00527241081
v 0.0103875082 -0.00564369606 0.141283214
v 0.0105722537 -0.0052717803 0.141512766
v -0.000492533727 -0.0102407113 0.000527241093
v 0.00979436189 0.00086773053 0.00506151468
v -0.00708083389 -0.00736281881 0.00527241081
v -0.00289474917 0.00942664687 0.00527241081
v 0.0101325344 -0.00610798504 0.145965651
v -0.0112717673 -0.0042799348 0.142995059
v -0.00813204702 -0.00894517545 0.144889235
v -0.00188972207 -0.0100938221 0.000527241093
v -0.00291678798 0.0095036244 0.0049813739
v -0.0032060321 0.00886239391 0
v 0.00892705005 -0.00782520883 0.137183815
v -0.000140125558 0.0116864024 0.145965651
v 0.00205129874 0.00911272783 0
v 0.0109961554 -0.00426221918 0.142974302
v 0.0109548196 -0.00437346753 0.143091232
v -0.00455555832 -0.00922767073 0.000527241093
v 0.0072831125 -0.00686120195 0.00506151468
v 0.00392226828 -0.00930296071 0.00527241081
v -0.0108064245 -0.00537269469 0.141448036
v 0.0039064507 -0.0113275666 0.14231503
v 0.00941791106 -0.00720306439 0.144676119
v -0.00577232568 -0.00852517504 0.000527241093
v -0.00661411881 0.00753775286 0.0049813739
v -0.0082402369 0.00849290285 0.140336722
v -0.00952870864 0.00324031524 0.00527241081
v -0.00429352 -0.0112892892 0.142185956
v 0.0091216024 -0.00391887967 0.00527241081
v -0.00890740752 0.00781698059 0.144889653
v -0.00970037747 0.00684959721 0.144676015
v -0.0099794995 -0.00191125146 0.00506151468
v -0.00341091841 0.0112268589 0.145965651
v -0.00912020169 -0.00455589266 0.00506151468
v 0.00817530975 -0.00863684528 0.140327334
v 0.00511467597 -0.0108123468 0.141410813
v -0.00571042765 0.01029786 0.145965651
v -0.00708083389 0.00700977305 0.00506151468
v -0.00756526273 -0.00686120195 0.00506151468
v 0.00898536295 0.00388681842 0.00527241081
v -0.010113419 0.00122498942 0.000527241093
v -0.00513615645 -0.008828233 0.00506151468
v -0.0101562301 -0.00122910715 0.0049813739
v 0.00709994975 0.00682197092 0.000527241093
v -0.000837982167 0.00978928339 0.00527241081
v 0.00874989759 0.00767768268 0.14487204
v -0.002557948 -0.00986995548 0.00506151468
v -0.0102052642 0.000174936315 0.0049813739
v 0.00717523927 -0.00951659959 0.144763008
v 0.00757457176 -0.00918823387 0.144849792
v 0.00124926097 0.00971641857 0.00527241081
v -0.00952870864 -0.00359336124 0.00527241081
v 0.00611263746 0.00990569778 0.140865639
v 0.00684170611 0.00941441488 0.140575141
v 0.00090317952 0.00975891482 0.00506151468
v 0.00360128284 0.0090861544 0.00527241081
v 0.00938648824 -0.000741514668 0
v 0.00360128284 0.0090861544 0.00506151468
v 0.00489091547 -0.00889941026 0.000527241093
v 0.0113694416 -0.00304640131 0.145965651
v 0.00362764485 0.00916197151 0.000527241093
v 0.00768455397 0.00528780464 0
v 0.00600951025 0.00769581972 0.00506151468
v 0.0116567882 -0.0014171208 0.145965651
v -0.00861320738 0.00511750579 0.00527241081
v -0.00452044467 0.00880260393 0.00506151468
v 0.0108534843 -0.00463192072 0.143286526
v 0.0110450825 0.00377272395 0.142634213
v -0.00935018435 0.00233166851 0
v -0.000492533727 0.00988766551 0.000527241093
v -0.00513615645 0.00847518723 0.00527241081
v -0.0120040001 -0.000176838832 0.145965651
v -0.0048312 -0.00899726618 0.00527241081
v -0.00974424463 0.00257715164 0.00506151468
v -0.00621162262 0.0100169452 0.140954852
v -0.0101649826 0.00616914127 0.144411758
v -0.0103819948 0.00581262028 0.144241035
v -0.000843570509 -0.010222258 0.0049813739
v -0.00686055189 0.00660168892 0
v 0.00982473046 0.000520384754 0.00506151468
v 0.00478441222 -0.010969148 0.143613517
v -0.0022348545 -0.0100267576 0.0049813739
v 0.0096308114 -0.00225364184 0.00506151468
v 0.0109481756 0.00403750502 0.142133236
v 0.0109909894 0.00392393721 0.142242163
v 0.0106651541 0.00471964851 0.141643003
v -0.00358532951 -0.00963955186 0.0049813739
v -0.00455555832 0.0088746259 0.000527241093
v -0.00486884499 -0.00906812772 0.0049813739
v -0.002557948 -0.00986995548 0.00527241081
v 0.00704522198 -0.0071162805 0.00506151468
v 0.00990466122 -0.000879018568 0.000527241093
v -0.00606019888 -0.00832355767 0.0049813739
v 0.00485400762 -0.008828233 0.00506151468
v 0.00990444887 0.000529031036 0.000527241093
v -0.00688238023 0.00730450172 0.000527241093
v -0.00964227598 0.00291057979 0.00527241081
v 0.0107764015 -0.00481993472 0.141815722
v 0.00227579847 -0.00986995548 0.00506151468
v 0.00971000269 0.00191303995 0.000527241093
v 0.0072831125 0.00650815666 0.00527241081
v 0.00549513381 0.0102629578 0.14405176
v -0.00868122 0.00515989633 0.000527241093
v -0.00256912527 0.00905399304 0
v 0.00796888117 -0.00412737532 0.00527522247
v -0.0101251239 -0.000525134557 0.00527241081
v -0.00886217039 -0.00521167507 0.0049813739
v -0.00896181911 -0.00486664893 0.00506151468
v 0.00875052996 0.00455124769 0.000527241093
v 0.00794111006 0.00569557259 0.00506151468
v 0.00649067014 -0.0100126276 0.140705675
v 0.00353116076 -0.00898598321 0
v 0.00800227001 0.00574766425 0.000527241093
v -0.00982122216 0.00259919045 0.000527241093
v 0.00649256818 0.00965831615 0.145965651
v 0.00883805193 0.0042028469 0.00527241081
v -0.00118532788 0.00975891482 0.00527241081
v -0.00380687579 -0.0114588495 0.145965651
v -0.00940375216 -0.00391887967 0.00527241081
v -0.00169907184 -0.00959294382 0
v -0.00103453675 -0.00967888348 0
v 0.00413590576 -0.00870897062 0
v -0.00221819407 -0.00994840916 0.00506151468
v 0.00982473046 -0.000873430225 0.00527241081
v 0.00799805205 -0.00880904123 0.144904196
v 0.0101325344 0.00575493928 0.145965651
v -0.000141074634 -0.010166687 0.00527241081
v -0.00732737081 0.00676323613 0.00527241081
v -0.00945500005 -0.00226123375 0
v 0.00814114418 0.00540991314 0.00506151468
v 0.00403172337 -0.0112815909 0.142167091
v 0.00936012622 0.00291057979 0.00506151468
v -0.00322817639 0.00932467915 0.00527241081
v 0.0098429732 0.000172089058 0.00506151468
v 0.00707759475 -0.00959093962 0.140503004
v 0.00678455317 -0.00980879553 0.14059484
v 0.00779674994 -0.00899241585 0.145965651
v 0.00301709981 0.0088299159 0
v 0.00851063617 -0.00517160539 0.00506151468
v 0.0045490521 -0.00899726618 0.00527241081
v 0.00911938772 0.00723859575 0.140450388
v 0.00882160198 0.00759680383 0.140376881
v 0.00679868367 -0.00736281881 0.00506151468
v 0.00396254798 -0.0113071091 0.1429957
v -0.00974424463 0.00257715164 0.00527241081
v 0.00193604524 -0.00994840916 0.00506151468
v -0.00838174764 0.00835698005 0.145965651
v -0.00983450841 -0.002593396 0.00506151468
v -0.00656265998 0.00747638242 0.00506151468
v -0.00708083389 -0.00736281881 0.00506151468
v 0.0110186152 -0.00420000497 0.142883509
v 0.00381281297 -0.011361205 0.142697066
v 0.00439340994 -0.0111392364 0.143343151
v 0.00780381588 0.00863420311 0.14488481
v 0.00548015907 -0.0106240157 0.141194537
v 0.0038922152 0.0109796878 0.142335176
v 0.0110390726 -0.00414285157 0.14274852
v -0.0107626636 -0.00546042807 0.143844023
v -0.00755566685 -0.00943740737 0.140451327
v 0.0056990697 0.0101498114 0.141073585
v -0.0101068811 0.000520384754 0.00506151468
v -0.00439011026 0.0108997589 0.14210391
v -0.0105856154 0.0054501947 0.144046485
v -0.0109384451 0.00473852502 0.141630769
v -0.00541960122 0.0104479128 0.143840551
v -0.0107348245 0.00516453525 0.141358078
v -0.00929714367 0.00736734876 0.140421182
v -0.00411162153 0.0110021485 0.142475843
v -0.00999974553 0.00642274367 0.140717387
v -0.0103060724 0.0059413719 0.140932173
v -0.00673127221 0.00968826376 0.140720218
v -0.00411183201 0.0110021485 0.142760754
v -0.00685612345 0.00960379932 0.144565508
v -0.00640691305 0.00989842229 0.14437665
v -0.00416698214 0.0109822201 0.142348975
v -0.00417267578 0.0109804273 0.142899841
v -0.0105169686 0.00557399075 0.141123682
v 0.00437390152 0.0107944161 0.143330172
v 0.00655668136 0.00961571559 0.144559801
v 0.00408297079 0.0109099876 0.142122373
v 0.00722311204 0.00912474841 0.144774616
v -0.00505601568 -0.0109745255 0.143606246
v -0.00602034014 -0.0104802893 0.144183144
v -0.00570483878 -0.0106538581 0.144007891
v -0.00677092141 -0.0100141028 0.140705779
v -0.00433285162 -0.0112744207 0.143085957
v -0.00942347106 -0.0075642243 0.144779772
v -0.00973169692 -0.00716120191 0.144662738
v -0.00713587739 -0.00975849666 0.140571967
v 0.0117146755 0.000236349064 0.131176665
v 0.0116582038 0.00105205842 0.131176665
v 0.0117218494 -0.000176834117 0.131176665
v 0.0115455668 -0.00221529789 0.131176665
v 0.0112711769 0.00306277745 0.131176665
v 0.0111525357 0.00345512852 0.131176665
v 0.0111469217 0.00347168883 0.131176665
v 0.0114677958 -0.00261968514 0.131176665
v 0.0115447622 0.00186628196 0.131176665
v 0.011376393 -0.00301980576 0.131176665
v 0.011608907 0.00145721994 0.131176665
v 0.0114680026 0.00226520631 0.131176665
v 0.0116581991 -0.00140503212 0.131176665
v 0.0111544477 -0.00380263198 0.131176665
v 0.0116089014 -0.00181060086 0.131176665
v 0.0112705678 -0.00341846072 0.131176665
v 0.0116934609 0.000643580046 0.131176665
v 0.0117146755 -0.000588295923 0.131176665
v 0.0113765951 0.00266545056 0.131176665
v 0.0116935559 -0.000996773248 0.131176665
v 0.00149763783 0.0115729515 0.131176665
v 0.00190172996 0.0115095163 0.131176665
v 0.00230672187 0.0114314416 0.131176665
v 0.00270865508 0.0113393338 0.131176665
v 0.00310660619 0.0112336092 0.131176665
v 0.00348928059 0.0111175869 0.131176665
v 0.00350573752 0.0111120036 0.131176665
v -0.000553630409 0.0116792265 0.131176665
v 0.00027160524 0.0116792265 0.131176665
v 0.000682554266 0.0116579132 0.131176665
v -0.000961671292 0.0116580129 0.131176665
v -0.000140628865 0.0116864024 0.131176665
v 0.00109005906 0.011622549 0.131176665
v -0.00136925292 0.0116227558 0.131176665
v -0.0017748503 0.0115734544 0.131176665
v -0.00217934605 0.0115101198 0.131176665
v -0.00258292747 0.0114325499 0.131176665
v -0.00338059478 0.0112357242 0.131176665
v -0.00298274611 0.0113411481 0.131176665
v -0.00377695565 0.0111155771 0.131176665
v 0.011148815 -0.00381927867 0.131176665
v -0.00379338348 0.0111100096 0.131176665
v 0.0111466236 0.00347253378 0.131176665
v 0.011145805 0.00347485463 0.131176665
v 0.0111435363 0.0034811825 0.131176665
v 0.0110196723 0.0038450323 0.131176665
v 0.0111483429 -0.0038206093 0.131176651
v 0.0111472309 -0.00382375927 0.131176665
v 0.0109922029 -0.00427543605 0.131176665
v 0.0110171158 0.00385181652 0.131176665
v 0.0108392509 -0.00466625951 0.131176665
v 0.010837324 -0.00467152055 0.131176665
v 0.010835194 -0.00467724726 0.131176665
v 0.00351119833 0.0111100702 0.131176665
v 0.00350765232 0.011111334 0.13117668
v 0.0038871502 0.0109818727 0.131176665
v 0.00389848044 0.0109777311 0.131176665
v -0.00415744865 0.0109860916 0.131176651
v -0.00379836117 0.0111082373 0.131176665
v -0.00379492925 0.0111094695 0.13117668
v -0.00417073211 0.0109811826 0.131176651
v -0.00416298071 0.0109840855 0.131176665
v 0.0106469104 0.00475694938 0.13117668
v 0.010838843 0.00431479979 0.13117668
v 0.0108249234 -0.00470288843 0.131176665
v 0.0108120572 -0.00473137945 0.131176665
v 0.00465664919 0.0106733814 0.131176665
v -0.00462890835 0.0108049316 0.131176665
v 0.00433894061 0.0108075486 0.131176665
v -0.00508249458 0.0106078768 0.131176665
v 0.00503891567 0.0104960799 0.131176665
v 0.0104879327 0.00509236846 0.131176665
v 0.0106506385 -0.00510174222 0.131176665
v -0.00541423541 0.0104502114 0.131176665
v 0.0104673831 -0.00548444828 0.131176665
v 0.00541391317 0.0103057455 0.131176651
v 0.0100613842 0.0058867638 0.131176665
v 0.00993867405 0.00608914532 0.13117668
v 0.0102440622 0.00555707514 0.131176665
v -0.00605596788 0.0101062413 0.131176665
v -0.00588083221 0.0102049438 0.131176665
v 0.00991745386 -0.00647241855 0.131176665
v 0.0102330968 -0.00592969684 0.131176651
v 0.00978089124 -0.0066824737 0.131176665
v 0.00617582351 0.00987242628 0.131176665
v 0.00561143085 0.010197348 0.131176665
v 0.00638982141 0.00973307714 0.131176665
v -0.00668977015 0.00971662346 0.131176665
v 0.00348936743 -0.0114705358 0.131176665
v 0.00311043509 -0.0115855467 0.131176665
v 0.00271137641 -0.0116916737 0.131176665
v 0.00231085229 -0.0117835803 0.131176665
v 0.00190575956 -0.0118617546 0.131176665
v 0.00109274557 -0.0119752977 0.131176665
v 0.00149975345 -0.0119255939 0.131176665
v -0.00377030694 -0.0114709381 0.131176665
v -0.00338281109 -0.0115882661 0.131176665
v -0.00258423737 -0.0117854951 0.131176665
v -0.0029847601 -0.0116937887 0.131176665
v -0.00217995071 -0.0118631655 0.131176665
v -0.00136975688 -0.0119758006 0.131176665
v -0.00177515286 -0.0119265001 0.131176665
v 0.000682956947 -0.0120108575 0.131176665
v 0.000272209989 -0.0120322723 0.131176665
v -0.000552646525 -0.0120322723 0.131176665
v -0.000961680547 -0.0120110586 0.131176665
v -0.000140469885 -0.0120394472 0.131176665
v -0.011890348 0.00146359892 0.131176665
v -0.0119401515 -0.00140812667 0.131176665
v -0.011997126 -0.000584573019 0.131176665
v -0.0118263075 0.00187152065 0.131176665
v -0.011656831 -0.00302655576 0.131176665
v -0.0117489379 -0.00262502488 0.131176665
v -0.0114374049 0.0034473706 0.131176665
v -0.01197551 -0.000999748358 0.131176665
v -0.0118906498 -0.00181442907 0.131176665
v -0.0120040998 -0.00017411937 0.131176665
v -0.0119968252 0.000237860542 0.131176665
v -0.0118264081 -0.00222275313 0.131176665
v -0.0116563272 0.00267612934 0.131176665
v -0.0115510048 -0.00342500932 0.131176665
v -0.0117488373 0.00227278518 0.131176665
v -0.0119752074 0.000651236449 0.131176665
v -0.0119399503 0.00105629058 0.131176665
v -0.0114371032 -0.00380132254 0.131176665
v -0.0115503995 0.00307428022 0.131176665
v 0.00350635126 -0.0114647849 0.131176665
v -0.0037869818 -0.0114652934 0.131176665
v -0.0114313485 -0.00381827727 0.131176665
v -0.011431776 0.00346400519 0.131176665
v 0.00388945546 -0.0113340728 0.131176665
v 0.0038820256 -0.0113368006 0.131176665
v 0.00350774801 -0.011464281 0.131176665
v 0.00351217622 -0.0114626978 0.131176665
v -0.00425133575 -0.0113055715 0.131176665
v -0.0037918461 -0.0114635685 0.131176665
v -0.00378832594 -0.0114648147 0.13117668
v -0.00463617267 -0.0111547159 0.131176665
v -0.00464319438 -0.0111521576 0.131176665
v -0.0114311939 0.00346560683 0.131176665
v -0.0114306193 -0.00382037926 0.131176665
v -0.0114295678 0.00347020896 0.131176665
v -0.0114289913 -0.00382488524 0.131176665
v -0.0112990001 0.00385297416 0.131176665
v -0.0112962378 0.0038604585 0.131176665
v -0.0112986118 -0.00420700619 0.131176665
v -0.0113015147 -0.00419907458 0.131176651
v 0.00467688125 -0.0110169211 0.131176665
v 0.00429400895 -0.0111790746 0.131176665
v -0.00466644065 -0.011143011 0.131176665
v -0.00503223762 -0.0109848632 0.13117668
v -0.00541112758 -0.0108053042 0.13117668
v -0.0108142188 0.00500238873 0.131176665
v -0.0109881982 0.00462724688 0.131176665
v -0.0109833805 -0.00499072252 0.131176665
v -0.0111321332 0.00428708363 0.131176665
v -0.0111469971 -0.00460408395 0.131176665
v -0.010808398 -0.00536634214 0.131176665
v 0.00504799234 -0.0108442921 0.131176665
v -0.0106266122 0.00537255034 0.131176665
v -0.00611882051 -0.0104192467 0.131176665
v -0.00590160349 -0.0105476016 0.131176665
v -0.00586451124 -0.0105682518 0.131176665
v 0.00540737947 -0.0106617864 0.131176665
v 0.00590676581 -0.0103869131 0.131176665
v 0.00609203987 -0.0102762282 0.131176665
v 0.00558976503 -0.0105632525 0.131176665
v -0.0106239961 -0.00572910346 0.131176665
v -0.0105205504 0.00556677347 0.131176665
v -0.0102094123 0.00609796308 0.131176665
v -0.0100385305 0.00636643451 0.131176665
v -0.00643861806 -0.0102340523 0.131176665
v -0.00664757472 -0.0100981249 0.131176665
v 0.00629823003 -0.010142169 0.131176665
v -0.0105111143 -0.00593507569 0.131176665
v -0.0102118282 -0.00645534554 0.131176665
v 0.00789211877 0.00287486752 0.0174344275
v 0.00791424792 0.00281372434 0.0174344219
v 0.00766621064 0.00335707795 0.0174344257
v 0.00764445681 0.003398631 0.0174344257
v 0.00763153937 0.00341795175 0.0174344275
v 0.0074197622 -0.00415020576 0.0174344238
v 0.00740416115 -0.00418145955 0.0174344257
v 0.00738394633 -0.00421137735 0.0174344238
v 0.00709957024 0.00429818779 0.0174344275
v 0.00707982248 0.00432306575 0.0174344275
v 0.00711662741 0.00426913891 0.0174344275
v 0.00678646052 -0.00506881997 0.0174344275
v 0.00682538468 -0.00501395809 0.0174344257
v 0.00658196583 -0.00531875202 0.0174344257
v 0.00655867113 -0.00534134125 0.0174344257
v 0.00507449685 0.00629649078 0.0174344257
v 0.00505947834 0.00630393205 0.0174344257
v 0.00511774654 0.00626366818 0.0174344238
v 0.00799396727 -0.00296137552 0.0174344238
v 0.00800831709 -0.0029204085 0.0174344238
v 0.00797816552 -0.00300233322 0.0174344238
v 0.00810009707 0.00231976248 0.0174344219
v 0.00808858406 0.00235276646 0.0174344257
v 0.00787699968 -0.00326096779 0.0174344275
v 0.00766664511 -0.00370136229 0.0174344257
v 0.00740703056 0.00382036925 0.0174344257
v 0.00717515079 -0.00454658177 0.0174344275
v 0.00685131038 0.004638921 0.0174344257
v 0.00656665117 0.00498177623 0.0174344275
v 0.0062276409 -0.00569388364 0.0174344257
v 0.0060718637 0.00548982155 0.0174344275
v 0.00572682172 0.00580137176 0.0174344312
v 0.00570035772 0.00582327135 0.0174344238
v 0.00470001111 0.0065275305 0.0174344238
v 0.00466752471 0.00654584682 0.0174344257
v 0.00433915993 0.00673437584 0.0174344257
v 0.00364903687 0.00705258455 0.0174344257
v 0.00361651997 0.00706622098 0.0174344238
v 0.00358429784 0.00707837846 0.0174344238
v 0.00355423125 0.00708855502 0.0174344257
v 0.00294757658 0.00729882391 0.0174344275
v 0.00254110782 0.00741260871 0.0174344238
v 0.00217644265 0.00748835178 0.0174344257
v 0.00163943972 0.00757236127 0.0174344257
v 0.00159619842 0.00757668959 0.0174344275
v 0.000973630988 0.00762554863 0.0174344275
v 0.000938249577 0.00762650231 0.0174344257
v 0.000904283603 0.00762622384 0.0174344275
v -0.00455608964 0.00559364539 0.0174344219
v -0.00461428426 0.00554584712 0.0174344238
v -0.00463425973 0.00552212028 0.0174344257
v 0.000332282711 0.00762171298 0.0174344257
v -9.28763475e-05 0.00759221474 0.0174344331
v -0.000162117882 0.0075830291 0.0174344275
v -0.000933287956 0.00745809078 0.0174344443
v -0.000972463342 0.00744900992 0.0174344257
v -0.00155153044 0.00729637826 0.0174344238
v -0.00158500124 0.00728600379 0.0174344257
v -0.00208744826 0.00711289048 0.0174344257
v -0.00211934675 0.00710050203 0.0174344275
v -0.00247714273 0.00695683202 0.0174344238
v -0.00251047872 0.00694106286 0.0174344238
v -0.00287843402 0.00676375162 0.0174344257
v -0.00330544752 0.00652089296 0.0174344257
v -0.00377223385 0.00622275472 0.0174344238
v -0.00380197517 0.00620082859 0.0174344257
v -0.00420892751 0.00589470426 0.0174344238
v 0.00836572051 0.00131230813 0.0174344238
v 0.0081891045 -0.00238923426 0.0174344257
v 0.00849514082 -0.000667750777 0.0174344257
v 0.00842228904 -0.00134764006 0.0174344257
v 0.00850473251 7.04465492e-05 0.0174344219
v 0.00850337464 0.000161378091 0.0174344238
v 0.00844647922 0.000803915958 0.0174344238
v 0.00831958279 -0.00189649535 0.0174344275
v 0.00824909098 0.00182361342 0.0174344275
v 0.00444828533 -0.00702422252 0.0174344238
v 0.00440911483 -0.00704947161 0.0174344238
v 0.00436706794 -0.00707135815 0.0174344257
v 0.00431084866 -0.00709470594 0.0174344368
v 0.00586168934 -0.00603352534 0.0174344238
v 0.00540062087 -0.0064098984 0.0174344257
v 0.00497466046 -0.00670885155 0.0174344275
v 0.000268336415 -0.00797507539 0.0174344257
v 0.000364879379 -0.00797498692 0.0174344238
v 0.000244858616 -0.0079707643 0.0174344275
v 0.00363863562 -0.00741207646 0.0174344275
v 0.00298334239 -0.0076414803 0.0174344275
v 0.00269278139 -0.00772820273 0.0174344238
v 0.00207165279 -0.00786252785 0.0174344257
v 0.00203610072 -0.00786924455 0.0174344238
v 0.00132338691 -0.00795677863 0.0174344368
v 0.000800606445 -0.00798081513 0.0174344275
v -0.00548977824 0.00457620015 0.0174344275
v -0.00551850256 0.00454531889 0.0174344275
v -0.00553715508 0.00451554637 0.0174344257
v -0.000127646388 -0.00793962553 0.0174344182
v -0.000529594137 -0.00788681582 0.0174344275
v -0.000564732705 -0.0078802444 0.0174344368
v -0.00612115161 0.00361869531 0.0174344257
v -0.00613447605 0.00358833605 0.0174344257
v -0.00610046461 0.00364787946 0.0174344275
v -0.00108568138 -0.00777400704 0.0174344257
v -0.00111902028 -0.0077653802 0.0174344182
v -0.00701415539 0.00101319293 0.0174344238
v -0.00701396866 0.000990814762 0.0174344238
v -0.00700331526 0.00106142147 0.0174344219
v -0.00171248335 -0.00760227628 0.0174344238
v -0.00174895546 -0.00758998469 0.0174344182
v -0.00178755424 -0.00757515989 0.0174344145
v -0.00217270036 -0.00743181864 0.0174344219
v -0.00237056729 -0.00735670701 0.017434435
v -0.00286605093 -0.00711795827 0.0174344219
v -0.00289831706 -0.00710122939 0.0174344238
v -0.00334500894 -0.00684969453 0.0174344312
v -0.00337194675 -0.00683325529 0.0174344182
v -0.00380214327 -0.00655010249 0.0174344219
v -0.0038313691 -0.00652927998 0.0174344238
v -0.00436017988 -0.00611781003 0.0174344294
v -0.00483164005 -0.00568095781 0.0174344257
v -0.00485520111 -0.00565609057 0.0174344238
v -0.00510335388 0.00504372362 0.0174344201
v -0.00529491249 -0.00517408317 0.0174344257
v -0.0053172675 -0.00514694396 0.0174344238
v -0.00574746449 -0.00457627792 0.0174344257
v -0.00576768769 -0.00454794336 0.0174344257
v -0.00583476806 0.00409335317 0.0174344257
v -0.00600833213 -0.00416211504 0.0174344257
v -0.00598762883 -0.00419616746 0.0174344257
v -0.0062279962 -0.00377352582 0.0174344238
v -0.00638031727 -0.0034555532 0.0174344294
v -0.00632388704 0.00323179225 0.0174344257
v -0.00633904338 0.00319871353 0.0174344238
v -0.00639580796 -0.00342181441 0.0174344312
v -0.00657307496 0.0026589802 0.0174344275
v -0.00658377819 -0.00298270839 0.0174344275
v -0.00659613265 -0.00294969883 0.0174344238
v -0.00671078172 0.0022697316 0.0174344275
v -0.00672457926 0.00222689169 0.0174344275
v -0.00676972745 -0.00243078382 0.0174344275
v -0.00678032124 -0.00239513209 0.0174344182
v -0.0068896031 0.00163493527 0.0174344294
v -0.00689781923 0.00160086458 0.0174344257
v -0.00706230057 -0.000990512082 0.0174344238
v -0.0070576719 -0.0010257297 0.0174344238
v -0.00694375113 -0.00174854498 0.0174344201
v -0.00706569897 -0.000954798074 0.0174344257
v -0.00710440846 -0.000322848966 0.0174344257
v -0.00710514141 -0.0002789594 0.0174344257
v -0.00701742247 0.000954684045 0.0174344238
v -0.00708484231 0.000377463526 0.0174344238
v 0.00788131543 0.00291463733 0.0863069445
v 0.00770964008 0.00328638614 0.0863069445
v 0.00755996117 0.003572291 0.0863069445
v 0.00744307274 -0.0041324487 0.0863069445
v 0.00714624487 0.00424680347 0.0863069519
v 0.00679388782 -0.00507389801 0.0863069519
v 0.00655378168 -0.00536015211 0.086306937
v 0.00503311772 0.00633215997 0.0863069445
v 0.00803779718 -0.00284021953 0.0863069445
v 0.00792886969 -0.00312255323 0.0863069519
v 0.00806359481 0.00241458835 0.0863069445
v 0.00803343579 0.00249433191 0.0863069445
v 0.00782693084 -0.00336286146 0.0863069519
v 0.00769699551 -0.00363764656 0.0863069445
v 0.00755062513 -0.00391698023 0.0863069445
v 0.00747108413 0.00370523031 0.0863069445
v 0.00743251806 0.00377435819 0.0863069445
v 0.0073037073 -0.00433870824 0.0863069445
v 0.00726385787 0.00404650858 0.0863069519
v 0.00706226705 -0.00469564227 0.0863069445
v 0.00712196715 -0.00461586798 0.0863069445
v 0.00701008178 0.00441833446 0.0863069445
v 0.00682915933 0.00465875212 0.0863069445
v 0.00646650558 0.00508548133 0.0863069445
v 0.00639369665 -0.00551539101 0.0863069445
v 0.00618266221 -0.00573293492 0.0863069445
v 0.0060011372 0.00555272121 0.0863069445
v 0.00595380412 -0.00594878383 0.0863069445
v 0.00577373663 0.00575546687 0.0863069519
v 0.00559188193 0.00590595463 0.0863069519
v 0.00533052208 0.00610646 0.0863069519
v 0.00492984569 0.00638333382 0.0863069519
v 0.00466890074 0.00654405355 0.0863069519
v 0.00444494653 0.00667032087 0.086306937
v 0.00414991146 0.00682501681 0.0863069445
v 0.00381550426 0.0069793514 0.0863069445
v 0.00359133212 0.00707336422 0.0863069445
v 0.00336919096 0.0071571772 0.0863069445
v 0.00316191022 0.00722733699 0.0863069445
v 0.00284704729 0.00732685579 0.0863069519
v 0.00254297233 0.00740787992 0.0863069445
v 0.0020221381 0.00751491683 0.086306937
v 0.00166561594 0.00756815635 0.0863069519
v 0.0013674997 0.00759799313 0.0863069445
v 0.00104345905 0.00761995791 0.086306937
v 0.000799561967 0.00762653491 0.0863069445
v -0.00469495449 0.00548708485 0.0863069445
v 0.000565422699 0.00762461359 0.0863069445
v 0.000257965818 0.00761470851 0.086306937
v -5.65838309e-05 0.00759073813 0.0863069519
v -0.000532526348 0.00752759818 0.0863069445
v -0.000906884496 0.00746002002 0.0863069445
v -0.00117688242 0.00739743235 0.0863069445
v -0.00149034301 0.00731285196 0.0863069445
v -0.00172101485 0.00724135758 0.0863069445
v -0.0020120733 0.007139856 0.0863069445
v -0.00223199278 0.0070544472 0.0863069445
v -0.00250010472 0.00694067497 0.0863069519
v -0.0027291961 0.0068323086 0.0863069445
v -0.00299695809 0.00669539953 0.0863069445
v -0.00330229895 0.00652181823 0.0863069445
v -0.00380637846 0.00619324157 0.086306937
v -0.0040108338 0.006042514 0.0863069445
v -0.00424662977 0.00585752726 0.0863069519
v -0.00429484993 0.00581571087 0.0863069445
v -0.00483228872 0.00532395998 0.0863069519
v -0.00506157987 0.0050843847 0.086306937
v 0.00837761257 0.00126824901 0.0863069445
v 0.00823184103 -0.00224581547 0.0863069445
v 0.00850623008 -0.000424894533 0.0863069445
v 0.00845625903 -0.00108872424 0.0863069445
v 0.00850694254 -0.000370017515 0.0863069445
v 0.00849758554 0.000256576954 0.0863069445
v 0.00844612624 0.000811155362 0.086306937
v 0.00814281218 0.00218750932 0.086306937
v 0.00835389271 -0.00173299538 0.0863069445
v 0.0081367176 -0.00255782087 0.0863069445
v 0.00827576127 0.00172095699 0.0863069445
v 0.00447799405 -0.0070224423 0.0863069445
v 0.00418807846 -0.00717335567 0.086306937
v 0.00532301562 -0.0064658639 0.0863069445
v 0.0050404435 -0.00666382164 0.0863069445
v 0.00474808458 -0.00684834318 0.0863069445
v 0.000154733963 -0.00797761418 0.086306937
v 0.00380043383 -0.00733434316 0.0863069445
v 0.00346468692 -0.00747515028 0.0863069445
v 0.00288688415 -0.0076686698 0.0863069445
v 0.00258570001 -0.00775049487 0.0863069445
v 0.00225828821 -0.007823769 0.0863069519
v 0.00201315084 -0.00787008088 0.0863069519
v 0.00121653907 -0.00796314236 0.0863069445
v 0.000884935376 -0.00797789637 0.0863069445
v 0.000818442786 -0.00797700696 0.0863069445
v -6.66992446e-06 -0.00794798136 0.0863069445
v -0.00548849022 0.0046074409 0.0863069519
v -0.000292409241 -0.00791684445 0.0863069445
v -0.000580340566 -0.00787486043 0.0863069445
v -0.0061019389 0.00368509558 0.086306937
v -0.000821951602 -0.00782967638 0.0863069519
v -0.00111552002 -0.00776578858 0.086306937
v -0.0013453901 -0.00770629803 0.086306937
v -0.00704685692 0.000901906285 0.0863069519
v -0.001657277 -0.00761570409 0.086306937
v -0.00190804584 -0.0075311875 0.0863069445
v -0.0021734382 -0.0074292589 0.0863069445
v -0.00244577182 -0.00731572788 0.0863069445
v -0.0024741618 -0.00730495108 0.0863069519
v -0.00277494499 -0.00716244243 0.0863069519
v -0.00299739372 -0.00704710651 0.0863069519
v -0.00327240187 -0.00689162454 0.086306937
v -0.00345815113 -0.00677826907 0.0863069445
v -0.00372189772 -0.00660452247 0.0863069445
v -0.00392342824 -0.00646094047 0.0863069445
v -0.00443490967 -0.00605122326 0.0863069445
v -0.0048659984 -0.00564409606 0.0863069445
v -0.00502841221 -0.00547267357 0.0863069445
v -0.00524242874 -0.00523239002 0.0863069445
v -0.00529081887 0.00481995801 0.0863069445
v -0.00539656263 -0.00504527008 0.0863069445
v -0.00559453527 -0.00478565414 0.0863069445
v -0.00561685301 0.00440255227 0.0863069445
v -0.00573358405 -0.00459083449 0.0863069519
v -0.00579882087 0.00414080918 0.0863069445
v -0.00589744002 -0.00434049917 0.0863069445
v -0.00595931988 0.00388630107 0.0863069445
v -0.00604017684 -0.00410573371 0.0863069445
v -0.00619380083 0.00347578968 0.0863069519
v -0.00620047888 -0.00381685956 0.086306937
v -0.00633122772 0.00320519577 0.0863069445
v -0.00633319002 -0.00355212041 0.0863069519
v -0.00643541804 0.00297779869 0.0863069445
v -0.0065575582 0.00268713105 0.0863069445
v -0.00643998757 -0.00331951119 0.0863069445
v -0.00655796984 -0.00303802732 0.0863069445
v -0.00667176489 0.00237803278 0.086306937
v -0.00664292136 -0.00281104795 0.0863069445
v -0.00673892768 -0.00252593402 0.0863069445
v -0.0067668953 0.00208265614 0.086306937
v -0.00685551623 0.00176490867 0.0863069445
v -0.00681196991 -0.00228012353 0.0863069445
v -0.00702103134 -0.00129102101 0.0863069445
v -0.0069617806 -0.0016478661 0.0863069445
v -0.00691215228 0.0015300567 0.0863069445
v -0.00697211223 0.00123444723 0.0863069445
v -0.00707636541 -0.000802049821 0.0863069445
v -0.00705293985 -0.00104824628 0.0863069445
v -0.00709648198 -0.000464890967 0.0863069519
v -0.00704556704 0.000747606391 0.0863069445
v -0.00709280698 0.00018061322 0.0863069445
v -0.00706937863 0.00049848092 0.0863069519
v -0.00710152136 -0.000163158911 0.0863069445
v 0.00828497577 0.00430365559 0
v 0.00852149632 0.00383051042 0
v 0.00764016015 -0.00570337987 0
v 0.00724863121 -0.00621722965 0
v -0.00926751271 -0.00423986418 0.00527241081
v -0.00912020169 -0.00455589266 0.00527241081
v -0.010113419 0.00122498942 0.0049813739
v -0.0101562301 0.00087606156 0.0049813739
v -0.00388343167 0.0090861544 0.00506151468
v -0.00355791301 0.00921111088 0.00506151468
v 0.00294602779 0.00932467915 0.00527241081
v 0.00261259964 0.00942664687 0.00527241081
v -0.000371900998 -0.00971800461 0
v 0.000295691832 -0.00971072912 0
v 0.00583130307 -0.00762158958 0
v 0.00633618888 -0.00718672015 0
v 0.00159365498 0.00966190174 0.00506151468
v 0.00193604524 0.0095953634 0.00506151468
v 0.00090317952 -0.0101119597 0.00506151468
v 0.00124926097 -0.0100694634 0.00506151468
v -0.00299250009 -0.00928482413 0
v -0.00362002198 -0.00906412024 0
v -0.00221819407 -0.00994840916 0.00527241081
v -0.00187580346 -0.0100149466 0.00527241081
v -0.00756526273 0.00650815666 0.00527241081
v -0.00779397972 0.00624506315 0.00527241081
v 0.0108074034 0.0043920218 0.143367723
v 0.0109670516 0.00398857705 0.143064767
v 0.00654360466 0.00724766497 0.00506151468
v 0.00679868367 0.00700977305 0.00506151468
v 0.00660592504 -0.00993396249 0.135268241
v 0.00663081044 -0.00991677493 0.135544628
v -0.00452044467 -0.00915564969 0.00527241081
v -0.00420441618 -0.00930296071 0.00527241081
v 0.000564901391 -0.0102220476 0.000527241093
v 0.000210384387 -0.0102407113 0.000527241093
v 0.00710290158 -0.00717195775 0.0049813739
v 0.0073425849 -0.006914875 0.0049813739
v -0.00629165815 -0.00804886501 0.00527241081
v -0.00601316895 -0.00825870689 0.00527241081
v -0.00233249925 -0.00946608931 0
v 0.00587590737 0.00723258499 0
v 0.00534465769 0.0076341317 0
v -0.00585130649 0.00747132022 0
v -0.00530455681 0.00785061717 0
v -0.00126251578 0.00930179562 0
v -0.00060125062 0.00935684051 0
v 0.00485400762 -0.008828233 0.00527241081
v 0.00515295379 -0.00864865445 0.00527241081
v 0.00261259964 -0.0097796917 0.00527241081
v 0.00294602779 -0.00967772305 0.00527241081
v -0.0112854755 0.00388987712 0.14295046
v -0.011318692 0.00379729318 0.142778054
v 0.00680954428 -0.00671779178 0
v 0.00654360466 -0.00760070933 0.00506151468
v 0.00628051115 -0.00782942679 0.00506151468
v 0.00846877228 0.00798495952 0.140333444
v 0.00817952771 0.00827968679 0.140326694
v 0.00423829677 0.00880260393 0.00506151468
v 0.0045490521 0.00864422135 0.00506151468
v -0.00687942654 0.00730713736 0.0049813739
v -0.00713650975 0.00706745405 0.0049813739
v -0.00785535108 0.00629652105 0.0049813739
v -0.00807658117 0.00602341164 0.0049813739
v -0.0101251239 0.000172089058 0.00506151468
v -0.0101312399 -0.000176522735 0.00506151468
v -0.010379781 -0.00616946165 0.140994191
v -0.0101670921 -0.00651881145 0.140827999
v -0.00601316895 0.00790566113 0.00506151468
v -0.00572750997 0.00810569711 0.00506151468
v -0.00656265998 -0.00782942679 0.00506151468
v -0.00629165815 -0.00804886501 0.00506151468
v -0.00999130961 -0.0022703025 0.0049813739
v -0.0100583751 -0.00192517089 0.0049813739
v -0.00896181911 -0.00486664893 0.00527241081
v -0.0111139119 0.00433381414 0.143326283
v -0.011237286 0.00401957845 0.143089652
v -0.0101566529 0.000872159901 0.000527241093
v -0.01018681 0.000525973097 0.000527241093
v -0.00420441618 -0.00930296071 0.00506151468
v -0.00388343167 -0.00943920016 0.00506151468
v -0.01018681 -0.000879018568 0.0049813739
v -0.0102052642 -0.000527981785 0.0049813739
v 0.00685435953 0.00706745405 0.000527241093
v 0.0065927431 0.00731125008 0.000527241093
v 0.00485400762 0.00847518723 0.00527241081
v 0.0045490521 0.00864422135 0.00527241081
v 0.00905748922 0.00731610134 0.144805819
v 0.00937921181 0.00690200506 0.144693404
v 0.00833337661 -0.00456685945 0
v 0.00861893035 -0.00396517199 0
v -0.00423067296 -0.00880028866 0
v 0.00519945659 -0.00871413853 0.000527241093
v 0.00548722502 -0.00852717832 0.000527241093
v 0.00330318045 0.0092865061 0.000527241093
v 0.00296785589 0.00940186717 0.000527241093
v -0.0078023104 -0.00586872315 0
v -0.00818076357 -0.00532028684 0
v 0.00633576559 -0.00788763445 0.000527241093
v 0.00659453589 -0.00766260829 0.000527241093
v -0.00965440273 -0.000945135253 0
v -0.00968466606 -0.000289141317 0
v 0.00851063617 0.00481855916 0.00506151468
v 0.00867966842 0.00451360364 0.00506151468
v 0.00702370983 -0.00963153783 0.136643186
v 0.00715520419 -0.00953062344 0.13682951
v -0.00862659886 0.00419293437 0
v -0.00829960406 0.00477669761 0
v -0.0098987259 0.00657005375 0.135253578
v 0.00821021292 -0.0058039776 0.000527241093
v 0.00839717314 -0.00551589299 0.000527241093
v -0.00801341794 -0.00632710662 0.00527241081
v -0.00779397972 -0.00659810845 0.00527241081
v 0.00420392025 0.00832176115 0
v 0.0047865212 0.00799771864 0
v -0.00473081321 0.00819174293 0
v -0.00223865081 0.00967297517 0.000527241093
v -0.00257735024 0.00959462579 0.000527241093
v 0.00936012622 -0.00326362532 0.00506151468
v 0.00924655888 -0.00359336124 0.00506151468
v -0.00989841018 -0.00692373188 0.135271296
v -0.00988185499 -0.00694745826 0.135537982
v 0.0054453616 -0.00845874287 0.00527241081
v -0.00970522873 -0.00719494512 0.136378929
v -0.00959872548 -0.00733782817 0.136638537
v 0.00327576487 -0.00956415571 0.00527241081
v 0.00956480112 -0.00699754665 0.13580972
v 0.00960181374 -0.00694461167 0.135514572
v 0.00992321968 -0.000524713076 0.000527241093
v 0.00992923044 -0.000176522735 0.000527241093
v -0.00896181911 0.00451360364 0.00527241081
v -0.00912020169 0.0042028469 0.00527241081
v 0.00780149642 0.00863694493 0.140352532
v -0.00738505181 -0.00717195775 0.0049813739
v -0.00762473512 -0.006914875 0.0049813739
v -0.00713650975 0.00706745405 0.000527241093
v -0.0073878984 0.0068160654 0.000527241093
v -0.00750853168 -0.00947547425 0.144774288
v -0.00782065839 -0.00921912957 0.144843355
v -0.00960410386 -0.00362077774 0.0049813739
v -0.00971851498 -0.00328840525 0.0049813739
v -0.0100765117 -0.00122077682 0.00527241081
v -0.0100340163 -0.00156685745 0.00527241081
v 0.00936012622 0.00291057979 0.00527241081
v 0.00924655888 0.00324031524 0.00527241081
v 0.010190214 -0.00600749301 0.144157737
v 0.0104650129 -0.00549332751 0.143864587
v 0.00577805052 0.00797051191 0.0049813739
v 0.00549017685 0.00817212928 0.0049813739
v 0.00886283163 -0.0033420783 0
v 0.00330318045 0.0092865061 0.0049813739
v 0.00297080772 0.00940091722 0.0049813739
v -0.00388343167 -0.00943920016 0.00527241081
v -0.00355791301 -0.00956415571 0.00527241081
v 0.00668226834 0.00952766649 0.135818794
v 0.00662901765 0.00956488959 0.135528803
v -0.00187580346 0.00966190174 0.00527241081
v -0.00221819407 0.0095953634 0.00527241081
v 0.00969376322 -0.00681016408 0.145965651
v 0.00945618935 -0.00714939227 0.145965651
v -0.00432620849 0.00839989726 0
v 0.00982473046 -0.000873430225 0.00506151468
v 0.00979436189 -0.00122077682 0.00506151468
v 0.00573102059 -0.00825870689 0.00527241081
v 0.0091216024 -0.00391887967 0.00506151468
v -0.00629165815 0.00769581972 0.00527241081
v -0.00656265998 0.00747638242 0.00527241081
v 0.00090317952 -0.0101119597 0.00527241081
v 0.00124926097 -0.0100694634 0.00527241081
v 0.00579038775 -0.0104501322 0.145965651
v 0.00542827975 -0.0106509058 0.145965651
v 0.00883805193 -0.00455589266 0.00527241081
v 0.00898536295 -0.00423986418 0.00527241081
v -0.0099794995 -0.00191125146 0.00527241081
v 0.00987408031 0.00087606156 0.0049813739
v 0.00983126834 0.00122498942 0.0049813739
v 0.00360128284 -0.00943920016 0.00506151468
v 0.00327576487 -0.00956415571 0.00506151468
v -0.00828811061 -0.00609564781 0.000527241093
v -0.00848772377 -0.00581083214 0.000527241093
v -0.00419840543 0.0109709362 0.145965651
v -0.00458497833 0.0108225709 0.145965651
v -0.00903257448 -0.00490429392 0.000527241093
v -0.00919074751 -0.00459417049 0.000527241093
v -0.00642747525 0.00988376606 0.145965651
v -0.00607253658 0.0100970874 0.145965651
v 0.00906719081 -0.00268756109 0
v -0.008792785 -0.00517160539 0.00527241081
v 0.00227579847 0.00951691158 0.00527241081
v 0.00193604524 0.0095953634 0.00527241081
v -0.0102054747 0.000170823885 0.000527241093
v -0.00355791301 -0.00956415571 0.00506151468
v -0.00322817639 -0.00967772305 0.00506151468
v -0.0102113802 -0.000176522735 0.0049813739
v 0.00423829677 0.00880260393 0.00527241081
v 0.00392226828 0.00894991588 0.00527241081
v -0.00978695136 0.0067285439 0.136099592
v -0.00984695088 0.00664450089 0.135809407
v 0.0096995635 0.00645153085 0.144533023
v 0.00261259964 0.00942664687 0.00506151468
v 0.00294602779 0.00932467915 0.00506151468
v 0.008609863 0.00783332437 0.137387127
v 0.00427341042 -0.00922767073 0.000527241093
v 0.00459080841 -0.00906601828 0.000527241093
v 0.00427024625 0.00887620635 0.000527241093
v 0.00395485153 0.00902320258 0.000527241093
v -0.00801341794 0.00597406086 0.00527241081
v -0.00822325982 0.00569557259 0.00527241081
v 0.00126043765 -0.010148867 0.0049813739
v 0.000911509793 -0.010191679 0.0049813739
v -0.00322817639 -0.00967772305 0.00527241081
v 0.0072831125 0.00650815666 0.00506151468
v 0.00751182996 0.00624506315 0.00506151468
v 0.00160757278 0.00974077731 0.000527241093
v 0.00125632528 0.00979645271 0.000527241093
v -0.00539967138 0.0104579311 0.141408801
v -0.00576747488 0.0102680176 0.141191483
v 0.000210384387 0.00988766551 0.000527241093
v -0.000144976337 0.00989378151 0.000527241093
v 0.00881200563 -0.00795933884 0.140377
v 0.00903239287 -0.00769898808 0.140426025
v -0.00988322496 0.0065926211 0.135521308
v 0.00905864965 -0.0042724479 0.000527241093
v 0.00919742044 -0.00394545356 0.000527241093
v -0.00292047905 0.00950256921 0.000527241093
v 0.00780181261 -0.00898967404 0.140352324
v 0.0074010035 -0.00933406781 0.140421703
v 0.00878935959 0.00180438848 0.00527322711
v 0.00360128284 -0.00943920016 0.00527241081
v 0.00916146208 0.0019593304 0
v 0.00928789377 0.0013042863 0
v -0.00905767083 -0.00800130796 0.137298122
v -0.00889612455 -0.00818194076 0.137385532
v 0.00294602779 -0.00967772305 0.00506151468
v -0.00762473512 0.00656182878 0.000527241093
v -0.00759331137 -0.00940682739 0.137009189
v -0.00743461167 -0.00953273289 0.136826232
v -0.0101068811 0.000520384754 0.00527241081
v -0.0101251239 0.000172089058 0.00527241081
v -0.0100765117 -0.00122077682 0.00506151468
v -0.0100340163 -0.00156685745 0.00506151468
v 0.00814114418 0.00540991314 0.00527241081
v 0.00794111006 0.00569557259 0.00527241081
v 0.00852666423 -0.00827747583 0.140336722
v -0.00982122216 -0.00295223598 0.0049813739
v -0.000141074634 0.00981364213 0.00527241081
v -0.000489686441 0.00980752613 0.00527241081
v 0.00569485174 -0.0105054919 0.144159839
v 0.00524247903 -0.0107487617 0.143904343
v 0.00519534433 0.00836362224 0.0049813739
v 0.00226504309 -0.00941273198 0
v 0.00290332129 -0.00922229327 0
v 0.000207537145 0.00980752613 0.00506151468
v 0.000555832812 0.00978928339 0.00506151468
v 0.00600951025 0.00769581972 0.00527241081
v 0.00573102059 0.00790566113 0.00527241081
v -0.0071802712 -0.00972644053 0.14467971
v 0.00263463845 0.0095036244 0.0049813739
v 0.00160757278 0.00974077731 0.0049813739
v 0.00126043765 0.00979582127 0.0049813739
v -0.00881735422 -0.00415329169 0
v -0.00907380413 -0.00353757921 0
v 0.0110278958 0.00382123026 0.142402649
v 0.0110409707 0.00378432358 0.142515793
v 0.00898536295 0.00388681842 0.00506151468
v 0.0091216024 0.0035658346 0.00506151468
v 0.0103875082 -0.00564369606 0.141283214
v 0.0105722537 -0.0052717803 0.141512766
v -0.000137383671 -0.0102468273 0.000527241093
v -0.000492533727 -0.0102407113 0.000527241093
v -0.00732737081 -0.0071162805 0.00527241081
v -0.00708083389 -0.00736281881 0.00527241081
v -0.002557948 0.00951691158 0.00527241081
v -0.00289474917 0.00942664687 0.00527241081
v -0.00813204702 -0.00894517545 0.144889235
v -0.00153868506 -0.0101493932 0.000527241093
v -0.00188972207 -0.0100938221 0.000527241093
v -0.00257735024 0.00959462579 0.0049813739
v -0.00291678798 0.0095036244 0.0049813739
v 0.0109961554 -0.00426221918 0.142974302
v 0.0109548196 -0.00437346753 0.143091232
v -0.00423341384 -0.0093778288 0.000527241093
v -0.00455555832 -0.00922767073 0.000527241093
v 0.00392226828 -0.00930296071 0.00527241081
v 0.00941791106 -0.00720306439 0.144676119
v 0.00967826415 -0.00683515565 0.144544512
v -0.00547443423 -0.00871856697 0.000527241093
v -0.00577232568 -0.00852517504 0.000527241093
v -0.00940375216 0.0035658346 0.00527241081
v -0.00952870864 0.00324031524 0.00527241081
v -0.00416772021 -0.011335264 0.142347932
v -0.00429352 -0.0112892892 0.142185956
v 0.00877478346 0.00323019223 0
v -0.0099794995 -0.00191125146 0.00506151468
v -0.00688796863 0.00958091766 0.135265186
v -0.00691338163 0.00956341252 0.135547355
v -0.00926751271 -0.00423986418 0.00506151468
v -0.00912020169 -0.00455589266 0.00506151468
v 0.00817530975 -0.00863684528 0.140327334
v -0.00843489449 -0.00865941029 0.144910321
v -0.00779397972 -0.00659810845 0.00506151468
v -0.00756526273 -0.00686120195 0.00506151468
v -0.0100591127 0.00156832824 0.000527241093
v -0.010113419 0.00122498942 0.000527241093
v 0.00734532764 0.00655866647 0.000527241093
v 0.00709994975 0.00682197092 0.000527241093
v -0.000837982167 0.00978928339 0.00527241081
v -0.00289474917 -0.0097796917 0.00506151468
v -0.002557948 -0.00986995548 0.00506151468
v -0.0102052642 0.000174936315 0.0049813739
v 0.00159365498 0.00966190174 0.00527241081
v 0.00124926097 0.00971641857 0.00527241081
v 0.00649436098 0.00965726282 0.140702829
v 0.00684170611 0.00941441488 0.140575141
v 0.00090317952 0.00975891482 0.00506151468
v 0.00489091547 -0.00889941026 0.000527241093
v 0.00728448387 0.00582010625 0
v 0.00768455397 0.00528780464 0
v 0.00573102059 0.00790566113 0.00506151468
v 0.00600951025 0.00769581972 0.00506151468
v 0.0116063841 -0.00182752532 0.145965651
v -0.00928680971 -0.00290615554 0
v -0.00973833911 -0.00714939227 0.145965651
v -0.00997591391 -0.00681016408 0.145965651
v 0.0110450825 0.00377272395 0.142634213
v -0.000492533727 0.00988766551 0.000527241093
v -0.0048312 0.00864422135 0.00527241081
v -0.00513615645 0.00847518723 0.00527241081
v 0.00731253158 -0.00940566696 0.137010992
v 0.00751246233 -0.00924064033 0.13718687
v -0.00983450841 0.00224035047 0.00506151468
v -0.00974424463 0.00257715164 0.00506151468
v -0.00621162262 0.0100169452 0.140954852
v -0.000492533727 -0.0102407113 0.0049813739
v -0.000843570509 -0.010222258 0.0049813739
v -0.00188972207 -0.0100938221 0.0049813739
v -0.0022348545 -0.0100267576 0.0049813739
v 0.0109481756 0.00403750502 0.142133236
v 0.0109909894 0.00392393721 0.142242163
v -0.00325295725 -0.00975396298 0.0049813739
v -0.00358532951 -0.00963955186 0.0049813739
v 0.00883805193 -0.00455589266 0.00506151468
v 0.00867966842 -0.00486664893 0.00506151468
v -0.00423995219 0.00902193598 0.000527241093
v -0.00455555832 0.0088746259 0.000527241093
v -0.00289474917 -0.0097796917 0.00527241081
v -0.002557948 -0.00986995548 0.00527241081
v 0.00987450313 -0.00122552144 0.000527241093
v 0.00990466122 -0.000879018568 0.000527241093
v -0.00964227598 0.00291057979 0.00527241081
v -0.00991296116 -0.00225364184 0.00506151468
v -0.00696979649 0.00952387042 0.13584283
v -0.00997580867 -0.00681026978 0.140705153
v -0.00976617821 -0.00711206254 0.140591592
v -0.00729320617 -0.00964113325 0.136622936
v -0.0101312399 -0.000176522735 0.00527241081
v -0.0101251239 -0.000525134557 0.00527241081
v -0.00868122 -0.00551294023 0.0049813739
v -0.00886217039 -0.00521167507 0.0049813739
v 0.00890870206 0.00424091378 0.000527241093
v 0.00875052996 0.00455124769 0.000527241093
v 0.00773126725 0.00597406086 0.00506151468
v 0.00794111006 0.00569557259 0.00506151468
v 0.00821000151 0.00545114279 0.000527241093
v 0.00800227001 0.00574766425 0.000527241093
v 0.00898536295 0.00388681842 0.00527241081
v 0.00883805193 0.0042028469 0.00527241081
v 0.00616156682 -0.0102284802 0.144393206
v -0.00118532788 0.00975891482 0.00527241081
v -0.00952870864 -0.00359336124 0.00527241081
v -0.00940375216 -0.00391887967 0.00527241081
v 0.00950258691 0.00673160097 0.136108875
v 0.00941949338 0.00684675062 0.136387885
v 0.00489407824 0.00854457263 0.0049813739
v 0.00979436189 -0.00122077682 0.00527241081
v 0.00982473046 -0.000873430225 0.00527241081
v 0.00360128284 0.0090861544 0.00506151468
v 0.00392226828 0.00894991588 0.00506151468
v 0.00804666337 0.00472850725 0
v 0.00799805205 -0.00880904123 0.144904196
v 0.00757457176 -0.00918823387 0.144849792
v -0.00895696785 -0.0081143491 0.145965651
v 0.00229520141 -0.00994767155 0.000527241093
v 0.00263801333 -0.00985572021 0.000527241093
v 0.00229520141 0.00959462579 0.0049813739
v -0.00645088451 -0.00733751152 0
v -0.00693542045 -0.00687965518 0
v 0.00676641613 -0.0098207118 0.136106446
v 0.00687798019 -0.00974014867 0.136379659
v 0.000911509793 0.00983863231 0.0049813739
v 0.0110407593 0.00378495594 0.142729014
v 0.00924655888 0.00324031524 0.00506151468
v 0.00936012622 0.00291057979 0.00506151468
v 0.00991921313 -0.00646292372 0.145965651
v 0.00851063617 -0.00517160539 0.00506151468
v -0.00661411881 0.00753775286 0.0049813739
v -0.00687942654 -0.00766018312 0.000527241093
v -0.00713376841 -0.00742313545 0.000527241093
v 0.00926279742 -0.00740890019 0.140498787
v -0.00982122216 -0.00295223598 0.000527241093
v -0.00991137978 -0.00261617312 0.000527241093
v -0.00732737081 -0.0071162805 0.00506151468
v -0.00708083389 -0.00736281881 0.00506151468
v -0.0101562301 -0.00122910715 0.0049813739
v 0.00439340994 -0.0111392364 0.143343151
v 0.0040595606 -0.0112709412 0.143092811
v 0.00124926097 0.00971641857 0.00506151468
v 0.000555832812 -0.0101423282 0.00506151468
v 0.00707759475 -0.00959093962 0.140503004
v 0.010858018 0.0042673815 0.145965651
v 0.0110063832 0.0038808079 0.145965651
v 0.00362764485 0.00916197151 0.000527241093
v -0.00861320738 0.00511750579 0.00527241081
v -0.008792785 0.00481855916 0.00527241081
v -0.00543510215 0.00829560962 0.00527241081
v -0.00572750997 0.00810569711 0.00527241081
v -0.0048312 -0.00899726618 0.00527241081
v -0.000847472227 0.00986900181 0.000527241093
v -0.00322817639 0.00932467915 0.00527241081
v -0.00355791301 0.00921111088 0.00527241081
v -0.00637211511 0.00705332402 0
v 0.0098429732 0.000172089058 0.00506151468
v 0.0098490892 -0.000176522735 0.00506151468
v 0.00875052996 -0.00490429392 0.000527241093
v 0.00891165528 -0.00458784308 0.000527241093
v 0.00894645322 -0.00780190574 0.145965651
v 0.00867481902 -0.0081143491 0.145965651
v -0.00192198937 0.00920035411 0
v -0.00391348451 -0.00951354019 0.0049813739
v 0.00950511638 -0.00708137732 0.136099383
v 0.00833105668 -0.00547055108 0.00506151468
v -0.00486884499 0.00871508289 0.000527241093
v -0.00937011372 -0.00763023552 0.137010872
v -0.00920434948 -0.0078310091 0.137187719
v 0.0045490521 -0.00899726618 0.00527241081
v 0.0096165752 -0.00692309998 0.135253578
v 0.00679868367 -0.00736281881 0.00506151468
v -0.00577559462 0.00816991553 0.000527241093
v -0.00606019888 0.00797051191 0.000527241093
v -0.00872013159 -0.00836984999 0.137437627
v -0.00859211758 -0.00850187056 0.137455031
v 0.00227579847 -0.00986995548 0.00527241081
v -0.00688238023 0.00730450172 0.000527241093
v 0.00684834877 0.00632320065 0
v -0.0101068811 0.000520384754 0.00506151468
v -0.0100765117 0.00086773053 0.00506151468
v 0.00193604524 -0.00994840916 0.00506151468
v 0.00159365498 -0.0100149466 0.00506151468
v 0.0106849782 -0.00502946042 0.143565744
v -0.00945616048 -0.00752404938 0.140467256
v -0.00715412013 -0.00974468328 0.136366069
v -0.00964227598 0.00291057979 0.00506151468
v -0.00952870864 0.00324031524 0.00506151468
v -0.00704846112 0.00946777128 0.136106133
v -0.00991296116 0.00190059561 0.00527241081
v -0.00983450841 0.00224035047 0.00527241081
v -0.0103819948 0.00581262028 0.144241035
v -0.0105856154 0.0054501947 0.144046485
v -0.00541960122 0.0104479128 0.143840551
v -0.00496480288 0.0106631322 0.143546566
v -0.00999974553 0.00642274367 0.140717387
v -0.0103060724 0.0059413719 0.140932173
v -0.00706775719 0.00945501216 0.140594542
v -0.00673127221 0.00968826376 0.140720218
v -0.00417267578 0.0109804273 0.142899841
v -0.0042859274 0.0109387739 0.143041566
v -0.0105169686 0.00557399075 0.141123682
v -0.0107348245 0.00516453525 0.141358078
v -0.00929714367 0.00736734876 0.140421182
v -0.00896086916 0.00775877247 0.14035359
v 0.00655668136 0.00961571559 0.144559801
v 0.00620532688 0.00984696299 0.144412279
v 0.00966729596 0.00649666227 0.140688181
v 0.00988684036 0.00616281293 0.140827462
v -0.00677577127 -0.010011889 0.144533664
v -0.00468694698 -0.0111344904 0.141886279
v -0.00507763214 -0.0109641915 0.141616225
v -0.00942347106 -0.0075642243 0.144779772
v -0.00973169692 -0.00716120191 0.144662738
v -0.0100226272 -0.00674141198 0.144504756
v 0.0101072257 0.00579912262 0.141004935
v 0.0103547145 0.00535318209 0.141246632
v -0.00999130961 -0.0022703025 0.000527241093
v -0.010057847 -0.00192854495 0.000527241093
v 0.00820757728 0.00545472838 0.0049813739
v 0.00800596084 0.00574260205 0.0049813739
v -0.00991222356 0.00225975364 0.0049813739
v -0.00999130961 0.00191725767 0.0049813739
v -0.00629165815 0.00769581972 0.00506151468
v -0.010113419 -0.00157803495 0.000527241093
v -0.0101558091 -0.00123279728 0.000527241093
v 0.00685435953 0.00706745405 0.0049813739
v 0.00659727864 0.00730713736 0.0049813739
v -0.00420441618 0.00894991588 0.00506151468
v 0.00959865097 0.00659610005 0.135550201
v 0.00956132077 0.00664935214 0.135829747
v -0.00452044467 -0.00915564969 0.00506151468
v 0.0096308114 0.00190059561 0.00527241081
v 0.00955235865 0.00224035047 0.00527241081
v 0.00391246146 0.0109723071 0.142933384
v 0.0038375929 0.0109993014 0.142787442
v 0.0038058525 0.011010373 0.142613649
v 0.00229520141 -0.00994767155 0.0049813739
v 0.00263463845 -0.00985666923 0.0049813739
v 0.00195270567 -0.0100267576 0.0049813739
v -0.000837982167 0.00978928339 0.00506151468
v -0.000489686441 0.00980752613 0.00506151468
v -0.00960399769 0.00697782356 0.136626199
v -0.00970849674 0.00683757616 0.136368483
v 0.0054453616 0.00810569711 0.00527241081
v 0.00515295379 0.00829560962 0.00527241081
v 0.00894645322 0.00744885998 0.145965651
v -0.00221819407 -0.00994840916 0.00506151468
v -0.00187580346 -0.0100149466 0.00506151468
v 0.00395485153 -0.00937624741 0.0049813739
v 0.00427341042 -0.00922767073 0.0049813739
v 0.00458669616 0.00871508289 0.0049813739
v 0.00427341042 0.0088746259 0.0049813739
v 0.00679868367 0.00700977305 0.00527241081
v 0.00654360466 0.00724766497 0.00527241081
v 0.00704522198 0.00676323613 0.00527241081
v 0.00628051115 0.00747638242 0.00527241081
v 0.00489407824 -0.00889761746 0.0049813739
v 0.00519534433 -0.00871666893 0.0049813739
v 0.00458669616 -0.00906812772 0.0049813739
v 0.00549017685 -0.00852517504 0.0049813739
v 0.0106535535 0.00474474626 0.14361088
v 0.00633197092 -0.00789079815 0.0049813739
v 0.00659727864 -0.00766018312 0.0049813739
v -0.00601316895 0.00790566113 0.00527241081
v -0.00945500005 -0.00226123375 0
v -0.00957753044 -0.00160703354 0
v 0.00833105668 0.00511750579 0.00506151468
v 0.00687734829 0.0093876319 0.136377558
v 0.00676378049 0.00946966931 0.136099279
v -0.00388343167 0.0090861544 0.00527241081
v -0.0104146851 -0.00610798504 0.145965651
v -0.0113145802 -0.00416204333 0.1424326
v -0.0113259684 -0.00412924914 0.142562717
v -0.000839984918 -0.0102225747 0.000527241093
v -0.00119365891 -0.010191679 0.000527241093
v 0.00800596084 -0.00609564781 0.0049813739
v 0.00820757728 -0.00580777414 0.0049813739
v 0.0083990721 -0.00551294023 0.0049813739
v -0.000843570509 0.00986921228 0.0049813739
v -0.00119365891 0.00983863231 0.0049813739
v 0.00946209393 0.00257715164 0.00506151468
v 0.00955235865 0.00224035047 0.00506151468
v -0.00822325982 -0.00604861788 0.00527241081
v -0.00842329487 -0.00576295843 0.00527241081
v -0.00223126891 -0.0100276014 0.000527241093
v -0.00258082966 -0.00994682778 0.000527241093
v -0.00291246502 -0.0098579349 0.00052713562
v 0.00875052996 -0.00490429392 0.0049813739
v 0.0089100739 -0.00459100725 0.0049813739
v 0.00858002063 -0.00521167507 0.0049813739
v -0.00188972207 0.00974077731 0.0049813739
v -0.0022348545 0.00967371184 0.0049813739
v -0.00154258683 0.00979582127 0.0049813739
v 0.00679868367 -0.00736281881 0.00527241081
v 0.00704522198 -0.0071162805 0.00527241081
v 0.00654360466 -0.00760070933 0.00527241081
v 0.0072831125 -0.00686120195 0.00527241081
v -0.00358163868 -0.00964092184 0.000527241093
v -0.00391348451 -0.00951354019 0.000527241093
v -0.00325295725 -0.00975396298 0.000527241093
v 0.0093219541 -0.00362077774 0.0049813739
v 0.00943636429 -0.00328840525 0.0049813739
v 0.00919594336 -0.00394893298 0.0049813739
v 0.00301709981 0.0088299159 0
v 0.00362711796 0.0085924454 0
v 0.00834149588 -0.00847065821 0.144910216
v 0.00862736627 -0.00816781074 0.14488934
v -0.010978411 0.00464857649 0.145965651
v -0.0108033661 0.00502386643 0.145965651
v -0.00517622707 -0.00889761746 0.000527241093
v 0.00970915984 -0.0022703025 0.0049813739
v 0.00977622438 -0.00192517089 0.0049813739
v 0.00963007379 -0.00261279824 0.0049813739
v -0.00455555832 0.0088746259 0.0049813739
v -0.00486884499 0.00871508289 0.0049813739
v -0.00423699943 0.00902320258 0.0049813739
v -0.00517622707 0.00854457263 0.0049813739
v 0.00814114418 -0.00576295843 0.00506151468
v 0.00794111006 -0.00604861788 0.00506151468
v -0.00605735229 -0.00832566619 0.000527241093
v -0.00634100754 -0.00811202917 0.000527241093
v -0.00661148224 -0.00789301284 0.000527241093
v 0.00987408031 -0.00122910715 0.0049813739
v 0.00990466122 -0.000879018568 0.0049813739
v -0.00547749223 0.00836362224 0.0049813739
v -0.00577232568 0.00817212928 0.0049813739
v 0.000207537145 -0.010160571 0.00527241081
v 0.000555832812 -0.0101423282 0.00527241081
v -0.00738505181 -0.00717195775 0.000527241093
v -0.00762241567 -0.00691751065 0.000527241093
v 0.00992311444 0.000174936315 0.0049813739
v 0.00990466122 0.000525973097 0.0049813739
v 0.00423829677 -0.00915564969 0.00506151468
v 0.00392226828 -0.00930296071 0.00506151468
v 0.0045490521 -0.00899726618 0.00506151468
v -0.00785535108 -0.00664956728 0.000527241093
v -0.00807426125 -0.00637940876 0.000527241093
v 0.00970915984 0.00191725767 0.0049813739
v 0.00963007379 0.00225975364 0.0049813739
v 0.00977622438 0.00157212454 0.0049813739
v 0.00953907147 0.00259919045 0.0049813739
v -0.00809176546 -0.0089809224 0.137361482
v -0.0099794995 0.00155820523 0.00527241081
v -0.0100340163 0.00121381122 0.00527241081
v -0.0100765117 0.00086773053 0.00527241081
v -0.00677471794 0.00965831615 0.145965651
v 0.0093219541 0.00326773245 0.0049813739
v 0.00919594336 0.00359588768 0.0049813739
v 0.00943636429 0.00293535972 0.0049813739
v -0.00848972704 0.00545472838 0.0049813739
v -0.00868122 0.00515989633 0.0049813739
v -0.00940375216 0.0035658346 0.00506151468
v -0.00974424463 -0.0029301981 0.00506151468
v -0.00964227598 -0.00326362532 0.00506151468
v -0.00952870864 -0.00359336124 0.00506151468
v -0.00910406839 -0.00794932246 0.140377522
v -0.00876157265 -0.00832693279 0.140334398
v -0.00934079941 -0.0042724479 0.000527241093
v -0.00947672222 -0.0039524124 0.000527241093
v 0.00875052996 0.00455124769 0.0049813739
v 0.00858002063 0.00485862978 0.0049813739
v 0.0089100739 0.00423796196 0.0049813739
v -0.00934079941 0.00391940353 0.0049813739
v -0.00947809312 0.00359588768 0.0049813739
v -0.00919222273 0.00423796196 0.0049813739
v -0.00801341794 0.00597406086 0.00506151468
v -0.00779397972 0.00624506315 0.00506151468
v -0.00861320738 -0.00547055108 0.00506151468
v -0.00842329487 -0.00576295843 0.00506151468
v -0.008792785 -0.00517160539 0.00506151468
v -0.00822325982 -0.00604861788 0.00506151468
v 0.00946209393 0.00257715164 0.00527241081
v 0.00779696088 0.00602014177 0.000527241093
v 0.00756940385 0.00630116183 0.000527241093
v 0.00683179358 0.00942074135 0.145965651
v 0.00716247922 0.00917156786 0.145965651
v 0.00468402496 -0.011013858 0.145965651
v 0.00391625753 -0.011323981 0.145965651
v 0.000957907178 -0.00965737179 0
v 0.00161674747 -0.00955761783 0
v -0.00118532788 -0.0101119597 0.00506151468
v -0.000837982167 -0.0101423282 0.00506151468
v 0.0098490892 -0.000176522735 0.00527241081
v 0.0098429732 0.000172089058 0.00527241081
v 0.00395833002 -0.00937477127 0.000527241093
v -0.00636389013 -0.0102765644 0.144353658
v -0.00602034014 -0.0104802893 0.144183144
v 0.0078698257 0.0085737817 0.137387425
v 0.00768233975 0.00874112826 0.137297586
v 0.00578216277 -0.00832060538 0.000527241093
v 0.00160757278 -0.0100938221 0.0049813739
v 0.011692957 0.000651035109 0.145965651
v 0.0116568934 0.00106344232 0.145965651
v 0.0117145749 0.000237255808 0.145965651
v 0.0116064893 0.00147374219 0.145965651
v 0.0117145749 -0.00059051282 0.145965651
v 0.0117218494 -0.000176733462 0.145965651
v -0.00922860298 -0.00780190574 0.145965651
v 0.000210384387 -0.0102407113 0.0049813739
v -0.000141074634 -0.0102468273 0.0049813739
v 0.00056142197 -0.010222258 0.0049813739
v 0.00734595954 -0.00691118417 0.000527241093
v 0.00757077523 -0.00665241433 0.000527241093
v 0.00710047642 -0.00717448816 0.000527241093
v 0.000911509793 0.00983863231 0.000527241093
v 0.000557520252 0.00986952893 0.000527241093
v -0.00420441618 0.00894991588 0.00527241081
v -0.00452044467 0.00880260393 0.00527241081
v -0.00119365891 -0.010191679 0.0049813739
v -0.00154258683 -0.010148867 0.0049813739
v 0.011462763 0.00228938344 0.145965651
v -0.0107626636 -0.00546042807 0.143844023
v -0.0109301154 -0.00511023402 0.14361836
v -0.00756526273 -0.00686120195 0.00527241081
v -0.00257735024 -0.00994767155 0.0049813739
v -0.00291678798 -0.00985666923 0.0049813739
v -0.00423699943 -0.00937624741 0.0049813739
v -0.00455555832 -0.00922767073 0.0049813739
v 0.00943784136 -0.00328408205 0.000527241093
v 0.00953801814 -0.00295582158 0.000527241093
v 0.00963102188 -0.00260910811 0.000527241093
v -0.00358923129 0.00928513519 0.000527241093
v -0.00391348451 0.00916049629 0.000527241093
v -0.00325295725 0.00940091722 0.000527241093
v 0.00909017958 -0.00762770511 0.137008041
v 0.00921566319 -0.00746921636 0.136824965
v -0.0107725756 0.00508808484 0.143832207
v -0.0109372856 0.00474200351 0.143609196
v 0.00773126725 -0.00632710662 0.00506151468
v -0.00517949555 0.00854267459 0.000527241093
v -0.00547749223 0.00836362224 0.000527241093
v 0.00716247922 -0.00952461269 0.145965651
v -0.0113276551 0.00377209182 0.14262262
v -0.0113190087 0.00379560562 0.142464444
v -0.00634100754 -0.00811202917 0.0049813739
v -0.00661411881 -0.00789079815 0.0049813739
v -0.00687942654 -0.00766018312 0.0049813739
v 0.00600951025 -0.00804886501 0.00506151468
v 0.00573102059 -0.00825870689 0.00506151468
v 0.00987408031 0.00087606156 0.000527241093
v 0.0098317964 0.00122119312 0.000527241093
v -0.00807658117 -0.006376456 0.0049813739
v -0.00828811061 -0.00609564781 0.0049813739
v -0.0101068811 -0.000873430225 0.00506151468
v 0.00962912478 0.00226344285 0.000527241093
v 0.00953907147 0.00259919045 0.000527241093
v 0.00971000269 0.00191303995 0.000527241093
v -0.00807658117 0.00602341164 0.000527241093
v -0.00828990247 0.00574017735 0.000527241093
v -0.00785777532 0.00629367447 0.000527241093
v -0.00919222273 -0.00459100725 0.0049813739
v -0.00934079941 -0.0042724479 0.0049813739
v -0.00940375216 -0.00391887967 0.00506151468
v -0.00716076279 0.00938668195 0.136380509
v 0.00932332501 0.00326393615 0.000527241093
v 0.00919394009 0.00360105373 0.000527241093
v -0.00704656309 -0.00982208271 0.136101186
v -0.00756526273 0.00650815666 0.00506151468
v -0.00801341794 -0.00632710662 0.00506151468
v 0.00858244579 0.00485441228 0.000527241093
v 0.00839580223 0.00516516762 0.000527241093
v -0.00960410386 0.00326773245 0.000527241093
v -0.00971978065 0.00293166866 0.000527241093
v 0.00815780647 0.00830151513 0.144910529
v 0.00847573113 0.0079776831 0.14490357
v 0.00780381588 0.00863420311 0.14488481
v 0.00874989759 0.00767768268 0.14487204
v -0.0112460386 0.0039963806 0.142167822
v -0.0110991485 0.00436850637 0.141886905
v -0.0112926466 0.00387005252 0.142314926
v -0.0109384451 0.00473852502 0.141630769
v -0.00877454318 0.00795975607 0.137426138
v -0.00894747768 0.00777195254 0.13736023
v 0.00757320039 0.00629652105 0.0049813739
v 0.0073425849 0.00656182878 0.0049813739
v -0.0100583751 0.00157212454 0.0049813739
v -0.00601316895 -0.00825870689 0.00506151468
v -0.00572750997 -0.00845874287 0.00506151468
v -0.00949760061 0.00711659249 0.136825606
v -0.00991296116 -0.00225364184 0.00527241081
v -0.00983450841 -0.002593396 0.00527241081
v -0.00289474917 0.00942664687 0.00506151468
v -0.002557948 0.00951691158 0.00506151468
v -0.000141074634 0.00981364213 0.00506151468
v 0.0104771387 0.0051146578 0.143848136
v 0.00969734881 -0.00191125146 0.00527241081
v 0.00975186564 -0.00156685745 0.00527241081
v 0.00877720769 0.00764615322 0.13729696
v 0.00577805052 -0.00832355767 0.0049813739
v -0.00732737081 0.00676323613 0.00506151468
v 0.0012641286 -0.010148339 0.000527241093
v 0.000911509793 -0.010191679 0.000527241093
v 0.00685435953 -0.00742049934 0.0049813739
v 0.00701717241 0.00928344764 0.136633053
v -0.00572750997 -0.00845874287 0.00527241081
v -0.00543510215 -0.00864865445 0.00527241081
v -0.0108033661 -0.00537691265 0.145965651
v 0.00811942294 -0.00869157258 0.137451112
v 0.0083083855 -0.00850355811 0.137455225
v -0.0112717673 -0.0042799348 0.142995059
v -0.0112999221 -0.00420295773 0.142888978
v -0.00391348451 0.00916049629 0.0049813739
v 0.00898536295 -0.00423986418 0.00506151468
v -0.0116515914 0.00269335671 0.145965651
v -0.0117448084 0.00228991034 0.145965651
v -0.00682575442 0.00724766497 0.00527241081
v 0.00992923044 -0.000176522735 0.0049813739
v -0.00738505181 0.00681891199 0.0049813739
v -0.00762473512 0.00656182878 0.0049813739
v -0.00828811061 0.00574260205 0.0049813739
v -0.00903257448 0.00455124769 0.0049813739
v -0.00971735455 -0.00329209608 0.000527241093
v 0.011038335 -0.00414517242 0.142483115
v 0.011020408 -0.00419578748 0.142360047
v -0.00861742534 0.0081240451 0.144910634
v -0.00823000818 0.00850218255 0.144899353
v 0.00940989703 0.00685982546 0.140558898
v -0.00859844405 0.00814292114 0.140326589
v -0.0082402369 0.00849290285 0.140336722
v -0.00221819407 0.0095953634 0.00506151468
v 0.00633523893 0.00753490673 0.000527241093
v 0.00605400791 0.00776277948 0.000527241093
v 0.0106962603 0.00464857649 0.145965651
v -0.000837982167 -0.0101423282 0.00527241081
v -0.000489686441 -0.010160571 0.00527241081
v 0.0054453616 0.00810569711 0.00506151468
v 0.00605611876 -0.00811413769 0.000527241093
v 0.00935084652 0.000807098462 0
v 0.00939165428 0.000295146776 0
v 0.00685783941 -0.00741712516 0.000527241093
v -0.00513615645 -0.008828233 0.00527241081
v 0.0111412527 0.00348927896 0.145965651
v 0.0112624113 0.00309289969 0.145965651
v 0.00794111006 -0.00604861788 0.00527241081
v 0.00773126725 -0.00632710662 0.00527241081
v -0.0038207951 0.00862966944 0
v -0.0032060321 0.00886239391 0
v 0.0093219541 -0.00362077774 0.000527241093
v -0.00543510215 -0.00864865445 0.00506151468
v 0.00139382994 0.0092438003 0
v 0.00205129874 0.00911272783 0
v 0.00970915984 -0.0022703025 0.000527241093
v -0.00421590963 -0.0113177598 0.142960683
v -0.00413545314 -0.0113468636 0.142825603
v -0.00433285162 -0.0112744207 0.143085957
v -0.00410202611 -0.0113585684 0.14271763
v 0.00751182996 -0.00659810845 0.00506151468
v 0.0072831125 -0.00686120195 0.00506151468
v -0.00713650975 -0.00742049934 0.0049813739
v 0.00159365498 -0.0100149466 0.00527241081
v 0.00193604524 -0.00994840916 0.00527241081
v -0.00785535108 -0.00664956728 0.0049813739
v 0.00408297079 0.0109099876 0.142122373
v 0.00467653899 0.0106656626 0.141694039
v 0.00667836843 -0.00988492928 0.144605577
v 0.00717523927 -0.00951659959 0.144763008
v 0.00391625753 0.0109709362 0.145965651
v 0.00814114418 -0.00576295843 0.00527241081
v 0.00833105668 -0.00547055108 0.00527241081
v -0.00991296116 0.00190059561 0.00506151468
v -0.00947809312 -0.00394893298 0.0049813739
v 0.00773126725 0.00597406086 0.00527241081
v -0.00711394381 0.00942074135 0.145965651
v -0.00708083389 0.00700977305 0.00506151468
v 0.00969787594 -0.0068043652 0.140706003
v 0.00994125195 -0.00642991858 0.140867025
v -0.00513615645 -0.008828233 0.00506151468
v -0.00861320738 -0.00547055108 0.00527241081
v 0.00381323439 -0.0113610988 0.142555982
v 0.00381281297 -0.011361205 0.142697066
v 0.00327576487 0.00921111088 0.00506151468
v 0.00818817504 -0.0086217653 0.144907475
v -0.00872751232 -0.00836320594 0.144905686
v -0.00910638832 -0.00794689637 0.144859612
v -0.00708083389 0.00700977305 0.00527241081
v -0.00950202998 0.001686326 0
v -0.00935018435 0.00233166851 0
v -0.00731619401 0.00611736532 0
v -0.00686055189 0.00660168892 0
v 0.00979436189 0.00086773053 0.00506151468
v 0.00982473046 0.000520384754 0.00506151468
v -0.00256912527 0.00905399304 0
v 0.00600951025 -0.00804886501 0.00527241081
v 0.00628051115 -0.00782942679 0.00527241081
v 0.0108534843 -0.00463192072 0.143286526
v 0.00403172337 -0.0112815909 0.142167091
v 0.0039064507 -0.0113275666 0.14231503
v -0.00792463031 0.0087759262 0.140377
v 0.00261259964 -0.0097796917 0.00506151468
v 0.00227579847 -0.00986995548 0.00506151468
v 0.0091216024 -0.00391887967 0.00527241081
v 0.00924655888 -0.00359336124 0.00527241081
v -0.00890740752 0.00781698059 0.144889653
v -0.00993584376 0.00651743496 0.144557491
v -0.0101649826 0.00616914127 0.144411758
v 0.00474212738 -0.0109885503 0.141651452
v 0.00511467597 -0.0108123468 0.141410813
v 0.00548015907 -0.0106240157 0.141194537
v -0.0048312 -0.00899726618 0.00506151468
v 0.00734954514 0.00902362354 0.140431926
v 0.000207537145 -0.010160571 0.00506151468
v 0.00979436189 0.00086773053 0.00527241081
v 0.00975186564 0.00121381122 0.00527241081
v 0.00628051115 0.00747638242 0.00506151468
v -0.00452044467 0.00880260393 0.00506151468
v -0.0119967246 0.000237255808 0.145965651
v -0.0119751068 0.000651035109 0.145965651
v -0.00682575442 -0.00760070933 0.00527241081
v -0.00656265998 -0.00782942679 0.00527241081
v 0.0096308114 -0.00225364184 0.00506151468
v 0.00955235865 -0.002593396 0.00506151468
v 0.0106651541 0.00471964851 0.141643003
v 0.0104907425 0.00508755818 0.141404912
v -0.00766448956 0.0089962082 0.140425712
v 0.00936012622 -0.00326362532 0.00527241081
v 0.00512427231 0.010454556 0.143833056
v 0.00476026442 0.0106274923 0.143598333
v -0.00983450841 -0.002593396 0.00506151468
v -0.00896181911 -0.00486664893 0.00506151468
v 0.00678455317 -0.00980879553 0.14059484
v 0.00649067014 -0.0100126276 0.140705675
v 0.00612434233 -0.0102507295 0.140861854
v 0.00579038775 -0.0104501322 0.141027287
v -0.00682575442 0.00724766497 0.00506151468
v -0.00656265998 0.00747638242 0.00506151468
v 0.00353116076 -0.00898598321 0
v 0.00413590576 -0.00870897062 0
v -0.00169907184 -0.00959294382 0
v -0.00103453675 -0.00967888348 0
v -0.00594958384 -0.0105216252 0.141090348
v -0.00639847713 -0.0102563184 0.140865326
v -0.0119967246 -0.000590618176 0.145965651
v -0.0119751068 -0.00100408064 0.145965651
v 0.00911938772 0.00723859575 0.140450388
v 0.00882160198 0.00759680383 0.140376881
v 0.00396254798 -0.0113071091 0.1429957
v 0.0110186152 -0.00420000497 0.142883509
v 0.0110390726 -0.00414285157 0.14274852
v 0.00383495726 0.0110001443 0.14245832
v 0.0038922152 0.0109796878 0.142335176
v -0.00439011026 0.0108997589 0.14210391
v -0.00498062046 0.01065554 0.141680539
v -0.00426083058 0.0109481597 0.142222553
v -0.00408852799 0.0110102678 0.142619878
v -0.00411183201 0.0110021485 0.142760754
v -0.00685612345 0.00960379932 0.144565508
v -0.00730459439 0.00928070676 0.144718826
v -0.00441974122 0.0108886855 0.143155873
v 0.00722311204 0.00912474841 0.144774616
v 0.00688884081 0.00938003883 0.144677803
v -0.00505601568 -0.0109745255 0.143606246
v -0.00540378364 -0.0108088674 0.143829688
v -0.00677092141 -0.0100141028 0.140705779
v -0.00713587739 -0.00975849666 0.140571967
v 0.00660571456 0.0095810229 0.135260969
v 0.00779443048 0.00602341164 0.0049813739
v -0.00982122216 0.00259919045 0.0049813739
v -0.00682575442 -0.00760070933 0.00506151468
v 0.00801713765 -0.00513048004 0
v 0.00090317952 0.00975891482 0.00527241081
v 0.000555832812 0.00978928339 0.00527241081
v -0.01018681 -0.000879018568 0.000527241093
v 0.00710290158 0.00681891199 0.0049813739
v 0.00961636472 0.00657047704 0.135267287
v 0.00969734881 0.00155820523 0.00527241081
v -0.00458497833 -0.0111756157 0.145965651
v 0.0100323595 0.00592724187 0.144298941
v 0.010282903 0.00548762828 0.144067481
v 0.00605885964 0.00775898295 0.0049813739
v -0.00118532788 0.00975891482 0.00506151468
v -0.00153140933 -0.0100694634 0.00506151468
v 0.00363133592 -0.00951354019 0.0049813739
v 0.00946209393 -0.0029301981 0.00527241081
v 0.00955235865 -0.002593396 0.00527241081
v 0.00363133592 0.00916049629 0.0049813739
v -0.000555063947 -0.0120321717 0.145965651
v 0.00195607892 -0.0100260191 0.000527241093
v 0.00160757278 -0.0100938221 0.000527241093
v 0.00605885964 -0.00811202917 0.0049813739
v 0.00195270567 0.00967371184 0.0049813739
v -0.00738589466 -0.00638995366 0
v 0.00715383282 0.00917852763 0.136827618
v 0.00056142197 0.00986921228 0.0049813739
v -0.0113242809 -0.00413452135 0.142721117
v -0.000492533727 0.00988766551 0.0049813739
v -0.00891046505 0.00359082525 0
v 0.00787488837 -0.0089219762 0.137389973
v 0.00995791238 -0.00640134187 0.14435567
v 0.0106962603 -0.00500162272 0.145965651
v 0.0105212172 -0.00537691265 0.145965651
v 0.00948645268 -0.00710847788 0.140592739
v -0.00301095331 0.0113339946 0.145965651
v 0.0098429732 -0.000525134557 0.00506151468
v -0.00325295725 0.00940091722 0.0049813739
v -0.00358532951 0.0092865061 0.0049813739
v 0.00946209393 -0.0029301981 0.00506151468
v -0.00691042887 -0.00991856772 0.135524258
v 0.00889552198 -0.00786348712 0.144844845
v -0.00486525986 -0.00907002576 0.000527241093
v 0.000686483225 0.01165751 0.145965651
v 0.00992311444 -0.000527981785 0.0049813739
v 0.00232535996 0.0114272106 0.145965651
v -0.00606019888 0.00797051191 0.0049813739
v 0.00916262064 -0.00753786229 0.144773349
v 0.00851063617 -0.00517160539 0.00527241081
v 0.00867966842 -0.00486664893 0.00527241081
v -0.00736564863 0.00923325587 0.140501097
v -0.0101068811 -0.000873430225 0.00527241081
v -0.0101251239 -0.000525134557 0.00506151468
v -0.0105832964 -0.0058076689 0.141189575
v -0.00886037759 -0.00521473307 0.000527241093
v -0.00886217039 0.00485862978 0.0049813739
v 0.00867966842 0.00451360364 0.00527241081
v 0.00851063617 0.00481855916 0.00527241081
v -0.00960410386 -0.00362077774 0.000527241093
v -0.00822325982 0.00569557259 0.00506151468
v -0.00759362848 0.00905357115 0.137009397
v 0.00839242712 0.00806415081 0.145965651
v 0.00867481902 0.00776130287 0.145965651
v -0.00991317257 0.00225595711 0.000527241093
v -0.00999130961 0.00191725767 0.000527241093
v 0.000207537145 0.00980752613 0.00527241081
v -0.00322817639 0.00932467915 0.00506151468
v 0.00297080772 -0.00975396298 0.000527241093
v 0.00578163611 0.00796787627 0.000527241093
v 0.00548511604 0.00817560963 0.000527241093
v 0.0098429732 -0.000525134557 0.00527241081
v 0.00227579847 0.00951691158 0.00506151468
v 0.00459007081 0.0087132901 0.000527241093
v 0.0096308114 -0.00225364184 0.00527241081
v 0.00485400762 0.00847518723 0.00506151468
v -0.00153140933 -0.0100694634 0.00527241081
v 0.0110182995 0.00384832988 0.142891198
v 0.00704522198 0.00676323613 0.00506151468
v 0.00194901472 0.00967455562 0.000527241093
v 0.00668733055 -0.00987712573 0.135841459
v 0.0096308114 0.00190059561 0.00506151468
v -0.00119365891 0.00983863231 0.000527241093
v -0.00153140933 0.00971641857 0.00527241081
v -0.0110950368 -0.00473167468 0.143357798
v -0.0114234025 -0.00384232472 0.145965651
v 6.70805966e-05 0.00936559215 0
v 0.00639703218 0.00677673239 0
v 0.00932458974 -0.0073272828 0.136620924
v -0.00517622707 -0.00889761746 0.0049813739
v -0.00547749223 -0.00871666893 0.0049813739
v 0.00977685675 -0.00192169065 0.000527241093
v 0.00983126834 -0.00157803495 0.000527241093
v -0.00634417124 0.00775655825 0.000527241093
v -0.00848972704 -0.00580777414 0.0049813739
v -0.0100340163 0.00121381122 0.00506151468
v -0.00903257448 -0.00490429392 0.0049813739
v -0.00926751271 0.00388681842 0.00506151468
v 0.00906023197 0.00391592318 0.000527241093
v -0.0088641746 0.00485525513 0.000527241093
v -0.00903257448 0.00455124769 0.000527241093
v 0.00833105668 0.00511750579 0.00527241081
v -0.00947967544 0.00359209138 0.000527241093
v 0.00579038775 0.0100970874 0.145965651
v 0.00748430751 0.00891100615 0.145965651
v -0.0102994293 -0.00630527874 0.144310534
v -0.0105707478 -0.00583023438 0.144060522
v -0.010205159 -0.000531778147 0.000527241093
v -0.01018681 0.000525973097 0.0049813739
v -0.00534146419 -0.0108388141 0.145965651
v -0.00571042765 -0.0106509058 0.145965651
v 0.00297080772 -0.00975396298 0.0049813739
v 0.00191885629 -0.0118592363 0.145965651
v -0.00711394381 -0.00977378711 0.145965651
v -0.00380687579 0.0111058047 0.145965651
v -0.00118532788 -0.0101119597 0.00527241081
v -0.00482360786 -0.0084933294 0
v -0.0085199913 -0.00474675372 0
v 0.00757320039 -0.00664956728 0.0049813739
v 0.000210384387 0.00988766551 0.0049813739
v -0.00967011414 0.000365375861 0
v 0.00883805193 0.0042028469 0.00506151468
v 0.00515295379 0.00829560962 0.00506151468
v -0.00805232767 0.005160423 0
v 0.00969734881 0.00155820523 0.00506151468
v 0.00473738275 -0.00838007778 0
v 0.00529804965 -0.00801965594 0
v 0.00751182996 -0.00659810845 0.00527241081
v 0.00905864965 -0.0042724479 0.0049813739
v 0.00899812207 0.00257556955 0
v -0.00543510215 0.00829560962 0.00506151468
v 0.00953907147 -0.00295223598 0.0049813739
v 0.000729189662 0.00932815764 0
v 0.00983126834 -0.00157803495 0.0049813739
v -0.00926751271 0.00388681842 0.00527241081
v -0.0117448084 -0.00264295656 0.145965651
v -0.00634100754 0.00775898295 0.0049813739
v -0.00829201099 -0.0087960707 0.137430564
v -0.00997591391 0.00645712018 0.145965651
v -0.0099794995 0.00155820523 0.00506151468
v -0.00836276729 -0.00873048231 0.140328705
v 0.00905864965 0.00391940353 0.0049813739
v -0.00912020169 0.0042028469 0.00506151468
v -0.00778448954 0.00889803469 0.144838184
v 0.0083990721 0.00515989633 0.0049813739
v -0.00960410386 0.00326773245 0.0049813739
v -0.00796396192 0.00874165539 0.137297168
v -0.010113419 -0.00157803495 0.0049813739
v -0.00974424463 -0.0029301981 0.00527241081
v -0.00607253658 -0.0104501322 0.145965651
v -0.000489686441 -0.010160571 0.00506151468
v 0.00330697675 -0.00963818096 0.000527241093
v 0.00519892992 0.00836130325 0.000527241093
v -0.00744462945 -0.00952461269 0.145965651
v -0.00789626408 -0.00915470067 0.140380576
v -0.00539397774 -0.00814524479 0
v 0.00263463845 0.0095036244 0.000527241093
v -0.00960905943 0.00102875009 0
v 0.00779685564 -0.00637339801 0.000527241093
v -0.0112328576 -0.00438432861 0.143099561
v -0.00772923417 0.00561247952 0
v 0.00975186564 0.00121381122 0.00506151468
v 0.0085820239 -0.00520830089 0.000527241093
v -0.00154659385 0.00979529414 0.000527241093
v 0.00920701493 -0.00748007745 0.145965651
v 0.00975186564 -0.00156685745 0.00506151468
v -0.00513615645 0.00847518723 0.00506151468
v -0.00577232568 -0.00852517504 0.0049813739
v 0.0054453616 -0.00845874287 0.00506151468
v 0.00992321968 0.000171350708 0.000527241093
v -0.00661411881 0.00753775286 0.000527241093
v 0.00585312955 0.0100613395 0.144243464
v -0.00867457781 0.00806415081 0.145965651
v -0.0112392893 -0.00436840579 0.142149687
v -0.011288112 -0.00423501339 0.142298579
v 0.00521674938 0.0104087926 0.141346812
v 0.0097752763 0.00157802983 0.000527241093
v 0.00943446625 0.002941265 0.000527241093
v -0.00848972704 0.00545472838 0.000527241093
v -0.00896181911 0.00451360364 0.00506151468
v -0.00919401553 0.00423448207 0.000527241093
v 0.0091216024 0.0035658346 0.00527241081
v -0.0048312 0.00864422135 0.00506151468
v 0.00921534467 -0.00206151488 0
v -0.0102113802 -0.000176522735 0.000527241093
v 0.00633197092 0.00753775286 0.0049813739
v -0.00964227598 -0.00326362532 0.00527241081
v 0.00383474492 -0.0113532962 0.142456219
v 0.00330318045 -0.00963955186 0.0049813739
v 0.00909281522 0.0072712847 0.137005195
v -0.000141074634 -0.010166687 0.00506151468
v 0.00982473046 0.000520384754 0.00527241081
v 0.00395485153 0.00902320258 0.0049813739
v 0.00932385214 -0.00140467822 0
v 0.00991921313 0.00610987796 0.145965651
v -0.00593640283 -0.00775993709 0
v -0.00842329487 0.00540991314 0.00527241081
v 0.010858018 -0.00462042727 0.145965651
v 0.00779443048 -0.006376456 0.0049813739
v -0.000141074634 0.00989378151 0.0049813739
v 0.0109482808 -0.00439076079 0.142132699
v 0.0109855048 -0.00429079542 0.142229408
v 0.00969734881 -0.00191125146 0.00506151468
v 0.00150992803 0.0115709361 0.145965651
v -0.0108064245 -0.00537269469 0.141448036
v -0.0110048782 -0.00494236033 0.14173232
v 0.00312876911 0.0112268589 0.145965651
v 0.00515295379 -0.00864865445 0.00506151468
v 0.00751182996 0.00624506315 0.00527241081
v -0.00918188971 0.00750527484 0.144843876
v -0.00970037747 0.00684959721 0.144676015
v 0.0110453991 -0.00412534736 0.142605647
v -0.00868122 -0.00551294023 0.000527241093
v -0.008792785 0.00481855916 0.00506151468
v -0.00971851498 0.00293535972 0.0049813739
v -0.00187580346 0.00966190174 0.00506151468
v 0.00611263746 0.00990569778 0.140865639
v 0.00779674994 0.00863937009 0.145965651
v 0.00892905332 0.00746994885 0.13718234
v 0.00363133592 -0.00951354019 0.000527241093
v 0.00488869986 0.0085477354 0.000527241093
v 0.00360128284 0.0090861544 0.00527241081
v 0.00938648824 -0.000741514668 0
v 0.00423829677 -0.00915564969 0.00527241081
v 0.00751594221 0.00888464414 0.137190253
v 0.00229520141 0.00959462579 0.000527241093
v 0.00800596084 -0.00609564781 0.000527241093
v -0.00188972207 0.00974077731 0.000527241093
v 0.00478441222 -0.010969148 0.143613517
v 0.0024873286 0.00899757724 0
v -0.00486884499 -0.00906812772 0.0049813739
v 0.00704522198 -0.0071162805 0.00506151468
v 0.00649256818 -0.0100113619 0.145965651
v -0.00606019888 -0.00832355767 0.0049813739
v 0.00485400762 -0.008828233 0.00506151468
v 0.00990444887 0.000529031036 0.000527241093
v 0.0107764015 -0.00481993472 0.141815722
v 0.0072831125 0.00650815666 0.00527241081
v 0.00549513381 0.0102629578 0.14405176
v -0.00868122 0.00515989633 0.000527241093
v -0.00861320738 0.00511750579 0.00506151468
v -0.00934079941 0.00391940353 0.000527241093
v -0.0094435066 0.00718640024 0.144773871
v -0.00982122216 0.00259919045 0.000527241093
v -0.00991222356 -0.00261279824 0.0049813739
v -0.00153140933 0.00971641857 0.00506151468
v 0.00327576487 0.00921111088 0.00527241081
v -0.00776645774 -0.00926405005 0.145965651
v 0.00940167252 -0.000186751131 0
v -0.000141074634 -0.010166687 0.00527241081
v -0.00732737081 0.00676323613 0.00527241081
v 0.00814114418 0.00540991314 0.00506151468
v 0.010154889 -0.00606991816 0.141046584
v -0.00915278494 0.00296710012 0
v -0.00974424463 0.00257715164 0.00527241081
v -0.00948916562 0.00712703168 0.145965651
v -0.00842329487 0.00540991314 0.00506151468
v 0.00748747168 0.00890847389 0.144832805
v -0.0114234025 0.00348927896 0.145965651
v -0.00755566685 -0.00943740737 0.140451327
v 0.0056990697 0.0101498114 0.141073585
v 0.00387249584 -0.0113401152 0.142868742
v -0.00955190696 0.0070467866 0.140501425
v -0.00411162153 0.0110021485 0.142475843
v -0.00977018476 0.00675311312 0.140594006
v -0.00640691305 0.00989842229 0.14437665
v -0.00416698214 0.0109822201 0.142348975
v -0.00588905672 0.0102020083 0.144114301
v 0.00437390152 0.0107944161 0.143330172
v 0.00403815554 0.0109260157 0.143075407
v -0.00570483878 -0.0106538581 0.144007891
v -0.00409105932 -0.011362575 0.142605335
v -0.00411098916 -0.0113554047 0.142477632
v -0.00545724621 -0.010782293 0.141374215
vt 0 0
vt 0 0
vt 0 0
vt 0 0
vt 0 0
vt 0 0
vt 0 0
vt 0 0
vt 0 0
vt 0 0
vt 0 0
vt 0 0
vt 0 0
vt 0 0
vt 0 0
vt 0 0
vt 0 0
vt 0 0
vt 0 0
vt 0 0
vt 0 0
vt 0 0
vt 0 0
vt 0 0
vt 0 0
vt 0 0
vt 0 0
vt 0 0
vt 0 0
vt 0 0
vt 0 0
vt 0 0
vt 0 0
vt 0 0
vt 0 0
vt 0 0
vt 0 0
vt 0 0
vt 0 0
vt 0 0
vt 0 0
vt 0 0
vt 0 0
vt 0 0
vt 0 0
vt 0 0
vt 0 0
vt 0 0
vt 0 0
vt 0 0
vt 0 0
vt 0 0
vt 0 0
vt 0 0
vt 0 0
vt 0 0
vt 0 0
vt 0 0
vt 0 0
vt 0 0
vt 0 0
vt 0 0
vt 0 0
vt 0 0
vt 0 0
vt 0 0
vt 0 0
vt 0 0
vt 0 0
vt 0 0
vt 0 0
vt 0 0
vt 0 0
vt 0 0
vt 0 0
vt 0 0
vt 0 0
vt 0 0
vt 0 0
vt 0 0
vt 0 0
vt 0 0
vt 0 0
vt 0 0
vt 0 0
vt 0 0
vt 0 0
vt 0 0
vt 0 0
vt 0 0
vt 0 0
vt 0 0
vt 0 0
vt 0 0
vt 0 0
vt 0 0
vt 0 0
vt 0 0
vt 0 0
vt 0 0
vt 0 0
vt 0 0
vt 0 0
vt 0 0
vt 0 0
vt 0 0
vt 0 0
vt 0 0
vt 0 0
vt 0 0
vt 0 0
vt 0 0
vt 0 0
vt 0 0
vt 0 0
vt 0 0
vt 0 0
vt 0 0
vt 0 0
vt 0 0
vt 0 0
vt 0 0
vt 0 0
vt 0 0
vt 0 0
vt 0 0
vt 0 0
vt 0 0
vt 0 0
vt 0 0
vt 0 0
vt 0 0
vt 0 0
vt 0 0
vt 0 0
vt 0 0
vt 0 0
vt 0 0
vt 0 0
vt 0 0
vt 0 0
vt 0 0
vt 0 0
vt 0 0
vt 0 0
vt 0 0
vt 0 0
vt 0 0
vt 0 0
vt 0 0
vt 0 0
vt 0 0
vt 0 0
vt 0 0
vt 0 0
vt 0 0
vt 0 0
vt 0 0
vt 0 0
vt 0 0
vt 0 0
vt 0 0
vt 0 0
vt 0 0
vt 0 0
vt 0 0
vt 0 0
vt 0 0
vt 0 0
vt 0 0
vt 0 0
vt 0 0
vt 0 0
vt 0 0
vt 0 0
vt 0 0
vt 0 0
vt 0 0
vt 0 0
vt 0 0
vt 0 0
vt 0 0
vt 0 0
vt 0 0
vt 0 0
vt 0 0
vt 0 0
vt 0 0
vt 0 0
vt 0 0
vt 0 0
vt 0 0
vt 0 0
vt 0 0
vt 0 0
vt 0 0
vt 0 0
vt 0 0
vt 0 0
vt 0 0
vt 0 0
vt 0 0
vt 0 0
vt 0 0
vt 0 0
vt 0 0
vt 0 0
vt 0 0
vt 0 0
vt 0 0
vt 0 0
vt 0 0
vt 0 0
vt 0 0
vt 0 0
vt 0 0
vt 0 0
vt 0 0
vt 0 0
vt 0 0
vt 0 0
vt 0 0
vt 0 0
vt 0 0
vt 0 0
vt 0 0
vt 0 0
vt 0 0
vt 0 0
vt 0 0
vt 0 0
vt 0 0
vt 0 0
vt 0 0
vt 0 0
vt 0 0
vt 0 0
vt 0 0
vt 0 0
vt 0 0
vt 0 0
vt 0 0
vt 0 0
vt 0 0
vt 0 0
vt 0 0
vt 0 0
vt 0 0
vt 0 0
vt 0 0
vt 0 0
vt 0 0
vt 0 0
vt 0 0
vt 0 0
vt 0 0
vt 0 0
vt 0 0
vt 0 0
vt 0 0
vt 0 0
vt 0 0
vt 0 0
vt 0 0
vt 0 0
vt 0 0
vt 0 0
vt 0 0
vt 0 0
vt 0 0
vt 0 0
vt 0 0
vt 0 0
vt 0 0
vt 0 0
vt 0 0
vt 0 0
vt 0 0
vt 0 0
vt 0 0
vt 0 0
vt 0 0
vt 0 0
vt 0 0
vt 0 0
vt 0 0
vt 0 0
vt 0 0
vt 0 0
vt 0 0
vt 0 0
vt 0 0
vt 0 0
vt 0 0
vt 0 0
vt 0 0
vt 0 0
vt 0 0
vt 0 0
vt 0 0
vt 0 0
vt 0 0
vt 0 0
vt 0 0
vt 0 0
vt 0 0
vt 0 0
vt 0 0
vt 0 0
vt 0 0
vt 0 0
vt 0 0
vt 0 0
vt 0 0
vt 0 0
vt 0 0
vt 0 0
vt 0 0
vt 0 0
vt 0 0
vt 0 0
vt 0 0
vt 0 0
vt 0 0
vt 0 0
vt 0 0
vt 0 0
vt 0 0
vt 0 0
vt 0 0
vt 0 0
vt 0 0
vt 0 0
vt 0 0
vt 0 0
vt 0 0
vt 0 0
vt 0 0
vt 0 0
vt 0 0
vt 0 0
vt 0 0
vt 0 0
vt 0 0
vt 0 0
vt 0 0
vt 0 0
vt 0 0
vt 0 0
vt 0 0
vt 0 0
vt 0 0
vt 0 0
vt 0 0
vt 0 0
vt 0 0
vt 0 0
vt 0 0
vt 0 0
vt 0 0
vt 0 0
vt 0 0
vt 0 0
vt 0 0
vt 0 0
vt 0 0
vt 0 0
vt 0 0
vt 0 0
vt 0 0
vt 0 0
vt 0 0
vt 0 0
vt 0 0
vt 0 0
vt 0 0
vt 0 0
vt 0 0
vt 0 0
vt 0 0
vt 0 0
vt 0 0
vt 0 0
vt 0 0
vt 0 0
vt 0 0
vt 0 0
vt 0 0
vt 0 0
vt 0 0
vt 0 0
vt 0 0
vt 0 0
vt 0 0
vt 0 0
vt 0 0
vt 0 0
vt 0 0
vt 0 0
vt 0 0
vt 0 0
vt 0 0
vt 0 0
vt 0 0
vt 0 0
vt 0 0
vt 0 0
vt 0 0
vt 0 0
vt 0 0
vt 0 0
vt 0 0
vt 0 0
vt 0 0
vt 0 0
vt 0 0
vt 0 0
vt 0 0
vt 0 0
vt 0 0
vt 0 0
vt 0 0
vt 0 0
vt 0 0
vt 0 0
vt 0 0
vt 0 0
vt 0 0
vt 0 0
vt 0 0
vt 0 0
vt 0 0
vt 0 0
vt 0 0
vt 0 0
vt 0 0
vt 0 0
vt 0 0
vt 0 0
vt 0 0
vt 0 0
vt 0 0
vt 0 0
vt 0 0
vt 0 0
vt 0 0
vt 0 0
vt 0 0
vt 0 0
vt 0 0
vt 0 0
vt 0 0
vt 0 0
vt 0 0
vt 0 0
vt 0 0
vt 0 0
vt 0 0
vt 0 0
vt 0 0
vt 0 0
vt 0 0
vt 0 0
vt 0 0
vt 0 0
vt 0 0
vt 0 0
vt 0 0
vt 0 0
vt 0 0
vt 0 0
vt 0 0
vt 0 0
vt 0 0
vt 0 0
vt 0 0
vt 0 0
vt 0 0
vt 0 0
vt 0 0
vt 0 0
vt 0 0
vt 0 0
vt 0 0
vt 0 0
vt 0 0
vt 0 0
vt 0 0
vt 0 0
vt 0 0
vt 0 0
vt 0 0
vt 0 0
vt 0 0
vt 0 0
vt 0 0
vt 0 0
vt 0 0
vt 0 0
vt 0 0
vt 0 0
vt 0 0
vt 0 0
vt 0 0
vt 0 0
vt 0 0
vt 0 0
vt 0 0
vt 0 0
vt 0 0
vt 0 0
vt 0 0
vt 0 0
vt 0 0
vt 0 0
vt 0 0
vt 0 0
vt 0 0
vt 0 0
vt 0 0
vt 0 0
vt 0 0
vt 0 0
vt 0 0
vt 0 0
vt 0 0
vt 0 0
vt 0 0
vt 0 0
vt 0 0
vt 0 0
vt 0 0
vt 0 0
vt 0 0
vt 0 0
vt 0 0
vt 0 0
vt 0 0
vt 0 0
vt 0 0
vt 0 0
vt 0 0
vt 0 0
vt 0 0
vt 0 0
vt 0 0
vt 0 0
vt 0 0
vt 0 0
vt 0 0
vt 0 0
vt 0 0
vt 0 0
vt 0 0
vt 0 0
vt 0 0
vt 0 0
vt 0 0
vt 0 0
vt 0 0
vt 0 0
vt 0 0
vt 0 0
vt 0 0
vt 0 0
vt 0 0
vt 0 0
vt 0 0
vt 0 0
vt 0 0
vt 0 0
vt 0 0
vt 0 0
vt 0 0
vt 0 0
vt 0 0
vt 0 0
vt 0 0
vt 0 0
vt 0 0
vt 0 0
vt 0 0
vt 0 0
vt 0 0
vt 0 0
vt 0 0
vt 0 0
vt 0 0
vt 0 0
vt 0 0
vt 0 0
vt 0 0
vt 0 0
vt 0 0
vt 0 0
vt 0 0
vt 0 0
vt 0 0
vt 0 0
vt 0 0
vt 0 0
vt 0 0
vt 0 0
vt 0 0
vt 0 0
vt 0 0
vt 0 0
vt 0 0
vt 0 0
vt 0 0
vt 0 0
vt 0 0
vt 0 0
vt 0 0
vt 0 0
vt 0 0
vt 0 0
vt 0 0
vt 0 0
vt 0 0
vt 0 0
vt 0 0
vt 0 0
vt 0 0
vt 0 0
vt 0 0
vt 0 0
vt 0 0
vt 0 0
vt 0 0
vt 0 0
vt 0 0
vt 0 0
vt 0 0
vt 0 0
vt 0 0
vt 0 0
vt 0 0
vt 0 0
vt 0 0
vt 0 0
vt 0 0
vt 0 0
vt 0 0
vt 0 0
vt 0 0
vt 0 0
vt 0 0
vt 0 0
vt 0 0
vt 0 0
vt 0 0
vt 0 0
vt 0 0
vt 0 0
vt 0 0
vt 0 0
vt 0 0
vt 0 0
vt 0 0
vt 0 0
vt 0 0
vt 0 0
vt 0 0
vt 0 0
vt 0 0
vt 0 0
vt 0 0
vt 0 0
vt 0 0
vt 0 0
vt 0 0
vt 0 0
vt 0 0
vt 0 0
vt 0 0
vt 0 0
vt 0 0
vt 0 0
vt 0 0
vt 0 0
vt 0 0
vt 0 0
vt 0 0
vt 0 0
vt 0 0
vt 0 0
vt 0 0
vt 0 0
vt 0 0
vt 0 0
vt 0 0
vt 0 0
vt 0 0
vt 0 0
vt 0 0
vt 0 0
vt 0 0
vt 0 0
vt 0 0
vt 0 0
vt 0 0
vt 0 0
vt 0 0
vt 0 0
vt 0 0
vt 0 0
vt 0 0
vt 0 0
vt 0 0
vt 0 0
vt 0 0
vt 0 0
vt 0 0
vt 0 0
vt 0 0
vt 0 0
vt 0 0
vt 0 0
vt 0 0
vt 0 0
vt 0 0
vt 0 0
vt 0 0
vt 0 0
vt 0 0
vt 0 0
vt 0 0
vt 0 0
vt 0 0
vt 0 0
vt 0 0
vt 0 0
vt 0 0
vt 0 0
vt 0 0
vt 0 0
vt 0 0
vt 0 0
vt 0 0
vt 0 0
vt 0 0
vt 0 0
vt 0 0
vt 0 0
vt 0 0
vt 0 0
vt 0 0
vt 0 0
vt 0 0
vt 0 0
vt 0 0
vt 0 0
vt 0 0
vt 0 0
vt 0 0
vt 0 0
vt 0 0
vt 0 0
vt 0 0
vt 0 0
vt 0 0
vt 0 0
vt 0 0
vt 0 0
vt 0 0
vt 0 0
vt 0 0
vt 0 0
vt 0 0
vt 0 0
vt 0 0
vt 0 0
vt 0 0
vt 0 0
vt 0 0
vt 0 0
vt 0 0
vt 0 0
vt 0 0
vt 0 0
vt 0 0
vt 0 0
vt 0 0
vt 0 0
vt 0 0
vt 0 0
vt 0 0
vt 0 0
vt 0 0
vt 0 0
vt 0 0
vt 0 0
vt 0 0
vt 0 0
vt 0 0
vt 0 0
vt 0 0
vt 0 0
vt 0 0
vt 0 0
vt 0 0
vt 0 0
vt 0 0
vt 0 0
vt 0 0
vt 0 0
vt 0 0
vt 0 0
vt 0 0
vt 0 0
vt 0 0
vt 0 0
vt 0 0
vt 0 0
vt 0 0
vt 0 0
vt 0 0
vt 0 0
vt 0 0
vt 0 0
vt 0 0
vt 0 0
vt 0 0
vt 0 0
vt 0 0
vt 0 0
vt 0 0
vt 0 0
vt 0 0
vt 0 0
vt 0 0
vt 0 0
vt 0 0
vt 0 0
vt 0 0
vt 0 0
vt 0 0
vt 0 0
vt 0 0
vt 0 0
vt 0 0
vt 0 0
vt 0 0
vt 0 0
vt 0 0
vt 0 0
vt 0 0
vt 0 0
vt 0 0
vt 0 0
vt 0 0
vt 0 0
vt 0 0
vt 0 0
vt 0 0
vt 0 0
vt 0 0
vt 0 0
vt 0 0
vt 0 0
vt 0 0
vt 0 0
vt 0 0
vt 0 0
vt 0 0
vt 0 0
vt 0 0
vt 0 0
vt 0 0
vt 0 0
vt 0 0
vt 0 0
vt 0 0
vt 0 0
vt 0 0
vt 0 0
vt 0 0
vt 0 0
vt 0 0
vt 0 0
vt 0 0
vt 0 0
vt 0 0
vt 0 0
vt 0 0
vt 0 0
vt 0 0
vt 0 0
vt 0 0
vt 0 0
vt 0 0
vt 0 0
vt 0 0
vt 0 0
vt 0 0
vt 0 0
vt 0 0
vt 0 0
vt 0 0
vt 0 0
vt 0 0
vt 0 0
vt 0 0
vt 0 0
vt 0 0
vt 0 0
vt 0 0
vt 0 0
vt 0 0
vt 0 0
vt 0 0
vt 0 0
vt 0 0
vt 0 0
vt 0 0
vt 0 0
vt 0 0
vt 0 0
vt 0 0
vt 0 0
vt 0 0
vt 0 0
vt 0 0
vt 0 0
vt 0 0
vt 0 0
vt 0 0
vt 0 0
vt 0 0
vt 0 0
vt 0 0
vt 0 0
vt 0 0
vt 0 0
vt 0 0
vt 0 0
vt 0 0
vt 0 0
vt 0 0
vt 0 0
vt 0 0
vt 0 0
vt 0 0
vt 0 0
vt 0 0
vt 0 0
vt 0 0
vt 0 0
vt 0 0
vt 0 0
vt 0 0
vt 0 0
vt 0 0
vt 0 0
vt 0 0
vt 0 0
vt 0 0
vt 0 0
vt 0 0
vt 0 0
vt 0 0
vt 0 0
vt 0 0
vt 0 0
vt 0 0
vt 0 0
vt 0 0
vt 0 0
vt 0 0
vt 0 0
vt 0 0
vt 0 0
vt 0 0
vt 0 0
vt 0 0
vt 0 0
vt 0 0
vt 0 0
vt 0 0
vt 0 0
vt 0 0
vt 0 0
vt 0 0
vt 0 0
vt 0 0
vt 0 0
vt 0 0
vt 0 0
vt 0 0
vt 0 0
vt 0 0
vt 0 0
vt 0 0
vt 0 0
vt 0 0
vt 0 0
vt 0 0
vt 0 0
vt 0 0
vt 0 0
vt 0 0
vt 0 0
vt 0 0
vt 0 0
vt 0 0
vt 0 0
vt 0 0
vt 0 0
vt 0 0
vt 0 0
vt 0 0
vt 0 0
vt 0 0
vt 0 0
vt 0 0
vt 0 0
vt 0 0
vt 0 0
vt 0 0
vt 0 0
vt 0 0
vt 0 0
vt 0 0
vt 0 0
vt 0 0
vt 0 0
vt 0 0
vt 0 0
vt 0 0
vt 0 0
vt 0 0
vt 0 0
vt 0 0
vt 0 0
vt 0 0
vt 0 0
vt 0 0
vt 0 0
vt 0 0
vt 0 0
vt 0 0
vt 0 0
vt 0 0
vt 0 0
vt 0 0
vt 0 0
vt 0 0
vt 0 0
vt 0 0
vt 0 0
vt 0 0
vt 0 0
vt 0 0
vt 0 0
vt 0 0
vt 0 0
vt 0 0
vt 0 0
vt 0 0
vt 0 0
vt 0 0
vt 0 0
vt 0 0
vt 0 0
vt 0 0
vt 0 0
vt 0 0
vt 0 0
vt 0 0
vt 0 0
vt 0 0
vt 0 0
vt 0 0
vt 0 0
vt 0 0
vt 0 0
vt 0 0
vt 0 0
vt 0 0
vt 0 0
vt 0 0
vt 0 0
vt 0 0
vt 0 0
vt 0 0
vt 0 0
vt 0 0
vt 0 0
vt 0 0
vt 0 0
vt 0 0
vt 0 0
vt 0 0
vt 0 0
vt 0 0
vt 0 0
vt 0 0
vt 0 0
vt 0 0
vt 0 0
vt 0 0
vt 0 0
vt 0 0
vt 0 0
vt 0 0
vt 0 0
vt 0 0
vt 0 0
vt 0 0
vt 0 0
vt 0 0
vt 0 0
vt 0 0
vt 0 0
vt 0 0
vt 0 0
vt 0 0
vt 0 0
vt 0 0
vt 0 0
vt 0 0
vt 0 0
vt 0 0
vt 0 0
vt 0 0
vt 0 0
vt 0 0
vt 0 0
vt 0 0
vt 0 0
vt 0 0
vt 0 0
vt 0 0
vt 0 0
vt 0 0
vt 0 0
vt 0 0
vt 0 0
vt 0 0
vt 0 0
vt 0 0
vt 0 0
vt 0 0
vt 0 0
vt 0 0
vt 0 0
vt 0 0
vt 0 0
vt 0 0
vt 0 0
vt 0 0
vt 0 0
vt 0 0
vt 0 0
vt 0 0
vt 0 0
vt 0 0
vt 0 0
vt 0 0
vt 0 0
vt 0 0
vt 0 0
vt 0 0
vt 0 0
vt 0 0
vt 0 0
vt 0 0
vt 0 0
vt 0 0
vt 0 0
vt 0 0
vt 0 0
vt 0 0
vt 0 0
vt 0 0
vt 0 0
vt 0 0
vt 0 0
vt 0 0
vt 0 0
vt 0 0
vt 0 0
vt 0 0
vt 0 0
vt 0 0
vt 0 0
vt 0 0
vt 0 0
vt 0 0
vt 0 0
vt 0 0
vt 0 0
vt 0 0
vt 0 0
vt 0 0
vt 0 0
vt 0 0
vt 0 0
vt 0 0
vt 0 0
vt 0 0
vt 0 0
vt 0 0
vt 0 0
vt 0 0
vt 0 0
vt 0 0
vt 0 0
vt 0 0
vt 0 0
vt 0 0
vt 0 0
vt 0 0
vt 0 0
vt 0 0
vt 0 0
vt 0 0
vt 0 0
vt 0 0
vt 0 0
vt 0 0
vt 0 0
vt 0 0
vt 0 0
vt 0 0
vt 0 0
vt 0 0
vt 0 0
vt 0 0
vt 0 0
vt 0 0
vt 0 0
vt 0 0
vt 0 0
vt 0 0
vt 0 0
vt 0 0
vt 0 0
vt 0 0
vt 0 0
vt 0 0
vt 0 0
vt 0 0
vt 0 0
vt 0 0
vt 0 0
vt 0 0
vt 0 0
vt 0 0
vt 0 0
vt 0 0
vt 0 0
vt 0 0
vt 0 0
vt 0 0
vt 0 0
vt 0 0
vt 0 0
vt 0 0
vt 0 0
vt 0 0
vt 0 0
vt 0 0
vt 0 0
vt 0 0
vt 0 0
vt 0 0
vt 0 0
vt 0 0
vt 0 0
vt 0 0
vt 0 0
vt 0 0
vt 0 0
vt 0 0
vt 0 0
vt 0 0
vt 0 0
vt 0 0
vt 0 0
vt 0 0
vt 0 0
vt 0 0
vt 0 0
vt 0 0
vt 0 0
vt 0 0
vt 0 0
vt 0 0
vt 0 0
vt 0 0
vt 0 0
vt 0 0
vt 0 0
vt 0 0
vt 0 0
vt 0 0
vt 0 0
vt 0 0
vt 0 0
vt 0 0
vt 0 0
vt 0 0
vt 0 0
vt 0 0
vt 0 0
vt 0 0
vt 0 0
vt 0 0
vt 0 0
vt 0 0
vt 0 0
vt 0 0
vt 0 0
vt 0 0
vt 0 0
vt 0 0
vt 0 0
vt 0 0
vt 0 0
vt 0 0
vt 0 0
vt 0 0
vt 0 0
vt 0 0
vt 0 0
vt 0 0
vt 0 0
vt 0 0
vt 0 0
vt 0 0
vt 0 0
vt 0 0
vt 0 0
vt 0 0
vt 0 0
vt 0 0
vt 0 0
vt 0 0
vt 0 0
vt 0 0
vt 0 0
vt 0 0
vt 0 0
vt 0 0
vt 0 0
vt 0 0
vt 0 0
vt 0 0
vt 0 0
vt 0 0
vt 0 0
vt 0 0
vt 0 0
vt 0 0
vt 0 0
vt 0 0
vt 0 0
vt 0 0
vt 0 0
vt 0 0
vt 0 0
vt 0 0
vt 0 0
vt 0 0
vt 0 0
vt 0 0
vt 0 0
vt 0 0
vt 0 0
vt 0 0
vt 0 0
vt 0 0
vt 0 0
vt 0 0
vt 0 0
vt 0 0
vt 0 0
vt 0 0
vt 0 0
vt 0 0
vt 0 0
vt 0 0
vt 0 0
vt 0 0
vt 0 0
vt 0 0
vt 0 0
vt 0 0
vt 0 0
vt 0 0
vt 0 0
vt 0 0
vt 0 0
vt 0 0
vt 0 0
vt 0 0
vt 0 0
vt 0 0
vt 0 0
vt 0 0
vt 0 0
vt 0 0
vt 0 0
vt 0 0
vt 0 0
vt 0 0
vt 0 0
vt 0 0
vt 0 0
vt 0 0
vt 0 0
vt 0 0
vt 0 0
vt 0 0
vt 0 0
vt 0 0
vt 0 0
vt 0 0
vt 0 0
vt 0 0
vt 0 0
vt 0 0
vt 0 0
vt 0 0
vt 0 0
vt 0 0
vt 0 0
vt 0 0
vt 0 0
vt 0 0
vt 0 0
vt 0 0
vt 0 0
vt 0 0
vt 0 0
vt 0 0
vt 0 0
vt 0 0
vt 0 0
vt 0 0
vt 0 0
vt 0 0
vt 0 0
vt 0 0
vt 0 0
vt 0 0
vt 0 0
vt 0 0
vt 0 0
vt 0 0
vt 0 0
vt 0 0
vt 0 0
vt 0 0
vt 0 0
vt 0 0
vt 0 0
vt 0 0
vt 0 0
vt 0 0
vt 0 0
vt 0 0
vt 0 0
vt 0 0
vt 0 0
vt 0 0
vt 0 0
vt 0 0
vt 0 0
vt 0 0
vt 0 0
vt 0 0
vt 0 0
vt 0 0
vt 0 0
vt 0 0
vt 0 0
vt 0 0
vt 0 0
vt 0 0
vt 0 0
vt 0 0
vt 0 0
vt 0 0
vt 0 0
vt 0 0
vt 0 0
vt 0 0
vt 0 0
vt 0 0
vt 0 0
vt 0 0
vt 0 0
vt 0 0
vt 0 0
vt 0 0
vt 0 0
vt 0 0
vt 0 0
vt 0 0
vt 0 0
vt 0 0
vt 0 0
vt 0 0
vt 0 0
vt 0 0
vt 0 0
vt 0 0
vt 0 0
vt 0 0
vt 0 0
vt 0 0
vt 0 0
vt 0 0
vt 0 0
vt 0 0
vt 0 0
vt 0 0
vt 0 0
vt 0 0
vt 0 0
vt 0 0
vt 0 0
vt 0 0
vt 0 0
vt 0 0
vt 0 0
vt 0 0
vt 0 0
vt 0 0
vt 0 0
vt 0 0
vt 0 0
vt 0 0
vt 0 0
vt 0 0
vt 0 0
vt 0 0
vt 0 0
vt 0 0
vt 0 0
vt 0 0
vt 0 0
vt 0 0
vt 0 0
vt 0 0
vt 0 0
vt 0 0
vt 0 0
vt 0 0
vt 0 0
vt 0 0
vt 0 0
vt 0 0
vt 0 0
vt 0 0
vt 0 0
vt 0 0
vt 0 0
vt 0 0
vt 0 0
vt 0 0
vt 0 0
vt 0 0
vt 0 0
vt 0 0
vt 0 0
vt 0 0
vt 0 0
vt 0 0
vt 0 0
vt 0 0
vt 0 0
vt 0 0
vt 0 0
vt 0 0
vt 0 0
vt 0 0
vt 0 0
vt 0 0
vt 0 0
vt 0 0
vt 0 0
vt 0 0
vt 0 0
vt 0 0
vt 0 0
vt 0 0
vt 0 0
vt 0 0
vt 0 0
vt 0 0
vt 0 0
vt 0 0
vt 0 0
vt 0 0
vt 0 0
vt 0 0
vt 0 0
vt 0 0
vt 0 0
vt 0 0
vt 0 0
vt 0 0
vt 0 0
vt 0 0
vt 0 0
vt 0 0
vt 0 0
vt 0 0
vt 0 0
vt 0 0
vt 0 0
vt 0 0
vt 0 0
vt 0 0
vt 0 0
vt 0 0
vt 0 0
vt 0 0
vt 0 0
vt 0 0
vt 0 0
vt 0 0
vt 0 0
vt 0 0
vt 0 0
vt 0 0
vt 0 0
vt 0 0
vt 0 0
vt 0 0
vt 0 0
vt 0 0
vt 0 0
vt 0 0
vt 0 0
vt 0 0
vt 0 0
vt 0 0
vt 0 0
vt 0 0
vt 0 0
vt 0 0
vt 0 0
vt 0 0
vt 0 0
vt 0 0
vt 0 0
vt 0 0
vt 0 0
vt 0 0
vt 0 0
vt 0 0
vt 0 0
vt 0 0
vt 0 0
vt 0 0
vt 0 0
vt 0 0
vt 0 0
vt 0 0
vt 0 0
vt 0 0
vt 0 0
vt 0 0
vt 0 0
vt 0 0
vt 0 0
vt 0 0
vt 0 0
vt 0 0
vt 0 0
vt 0 0
vt 0 0
vt 0 0
vt 0 0
vt 0 0
vt 0 0
vt 0 0
vt 0 0
vt 0 0
vt 0 0
vt 0 0
vt 0 0
vt 0 0
vt 0 0
vt 0 0
vt 0 0
vt 0 0
vt 0 0
vt 0 0
vt 0 0
vt 0 0
vt 0 0
vt 0 0
vt 0 0
vt 0 0
vt 0 0
vt 0 0
vt 0 0
vt 0 0
vt 0 0
vt 0 0
vt 0 0
vt 0 0
vt 0 0
vt 0 0
vt 0 0
vt 0 0
vt 0 0
vt 0 0
vt 0 0
vt 0 0
vt 0 0
vt 0 0
vt 0 0
vt 0 0
vt 0 0
vt 0 0
vt 0 0
vt 0 0
vt 0 0
vt 0 0
vt 0 0
vt 0 0
vt 0 0
vt 0 0
vt 0 0
vt 0 0
vt 0 0
vt 0 0
vt 0 0
vt 0 0
vt 0 0
vt 0 0
vt 0 0
vt 0 0
vt 0 0
vt 0 0
vt 0 0
vt 0 0
vt 0 0
vt 0 0
vt 0 0
vt 0 0
vt 0 0
vt 0 0
vt 0 0
vt 0 0
vt 0 0
vt 0 0
vt 0 0
vt 0 0
vt 0 0
vt 0 0
vt 0 0
vt 0 0
vt 0 0
vt 0 0
vt 0 0
vt 0 0
vt 0 0
vt 0 0
vt 0 0
vt 0 0
vt 0 0
vt 0 0
vt 0 0
vt 0 0
vt 0 0
vt 0 0
vt 0 0
vt 0 0
vt 0 0
vt 0 0
vt 0 0
vt 0 0
vt 0 0
vt 0 0
vt 0 0
vt 0 0
vt 0 0
vt 0 0
vt 0 0
vt 0 0
vt 0 0
vt 0 0
vt 0 0
vt 0 0
vt 0 0
vt 0 0
vt 0 0
vt 0 0
vt 0 0
vt 0 0
vt 0 0
vt 0 0
vt 0 0
vt 0 0
vt 0 0
vt 0 0
vt 0 0
vt 0 0
vt 0 0
vt 0 0
vt 0 0
vt 0 0
vt 0 0
vt 0 0
vt 0 0
vt 0 0
vt 0 0
vt 0 0
vt 0 0
vt 0 0
vt 0 0
vt 0 0
vt 0 0
vt 0 0
vt 0 0
vt 0 0
vt 0 0
vt 0 0
vt 0 0
vt 0 0
vt 0 0
vt 0 0
vt 0 0
vt 0 0
vt 0 0
vt 0 0
vt 0 0
vt 0 0
vt 0 0
vt 0 0
vt 0 0
vt 0 0
vt 0 0
vt 0 0
vt 0 0
vt 0 0
vt 0 0
vt 0 0
vt 0 0
vt 0 0
vt 0 0
vt 0 0
vt 0 0
vt 0 0
vt 0 0
vt 0 0
vt 0 0
vt 0 0
vt 0 0
vt 0 0
vt 0 0
vt 0 0
vt 0 0
vt 0 0
vt 0 0
vt 0 0
vt 0 0
vt 0 0
vt 0 0
vt 0 0
vt 0 0
vt 0 0
vt 0 0
vt 0 0
vt 0 0
vt 0 0
vt 0 0
vt 0 0
vt 0 0
vt 0 0
vt 0 0
vt 0 0
vt 0 0
vt 0 0
vt 0 0
vt 0 0
vt 0 0
vt 0 0
vt 0 0
vt 0 0
vt 0 0
vt 0 0
vt 0 0
vt 0 0
vt 0 0
vt 0 0
vt 0 0
vt 0 0
vt 0 0
vt 0 0
vt 0 0
vt 0 0
vt 0 0
vt 0 0
vt 0 0
vt 0 0
vt 0 0
vt 0 0
vt 0 0
vt 0 0
vt 0 0
vt 0 0
vt 0 0
vt 0 0
vt 0 0
vt 0 0
vt 0 0
vt 0 0
vt 0 0
vt 0 0
vt 0 0
vt 0 0
vt 0 0
vt 0 0
vt 0 0
vt 0 0
vt 0 0
vt 0 0
vt 0 0
vt 0 0
vt 0 0
vt 0 0
vt 0 0
vt 0 0
vt 0 0
vt 0 0
vt 0 0
vt 0 0
vt 0 0
vt 0 0
vt 0 0
vt 0 0
vt 0 0
vt 0 0
vt 0 0
vt 0 0
vt 0 0
vt 0 0
vt 0 0
vt 0 0
vt 0 0
vt 0 0
vt 0 0
vt 0 0
vt 0 0
vt 0 0
vt 0 0
vt 0 0
vt 0 0
vt 0 0
vt 0 0
vt 0 0
vt 0 0
vt 0 0
vt 0 0
vt 0 0
vt 0 0
vt 0 0
vt 0 0
vt 0 0
vt 0 0
vt 0 0
vt 0 0
vt 0 0
vt 0 0
vt 0 0
vt 0 0
vt 0 0
vt 0 0
vt 0 0
vt 0 0
vt 0 0
vt 0 0
vt 0 0
vt 0 0
vt 0 0
vt 0 0
vt 0 0
vt 0 0
vt 0 0
vt 0 0
vt 0 0
vt 0 0
vt 0 0
vt 0 0
vt 0 0
vt 0 0
vt 0 0
vt 0 0
vt 0 0
vt 0 0
vt 0 0
vt 0 0
vt 0 0
vt 0 0
vt 0 0
vt 0 0
vt 0 0
vt 0 0
vt 0 0
vt 0 0
vt 0 0
vt 0 0
vt 0 0
vt 0 0
vt 0 0
vt 0 0
vt 0 0
vt 0 0
vt 0 0
vt 0 0
vt 0 0
vt 0 0
vt 0 0
vt 0 0
vt 0 0
vt 0 0
vt 0 0
vt 0 0
vt 0 0
vt 0 0
vt 0 0
vt 0 0
vt 0 0
vt 0 0
vt 0 0
vt 0 0
vt 0 0
vt 0 0
vt 0 0
vt 0 0
vt 0 0
vt 0 0
vt 0 0
vt 0 0
vt 0 0
vt 0 0
vt 0 0
vt 0 0
vt 0 0
vt 0 0
vt 0 0
vt 0 0
vt 0 0
vt 0 0
vt 0 0
vt 0 0
vt 0 0
vt 0 0
vt 0 0
vt 0 0
vt 0 0
vt 0 0
vt 0 0
vt 0 0
vt 0 0
vt 0 0
vt 0 0
vt 0 0
vt 0 0
vt 0 0
vt 0 0
vt 0 0
vt 0 0
vt 0 0
vt 0 0
vt 0 0
vt 0 0
vt 0 0
vt 0 0
vt 0 0
vt 0 0
vt 0 0
vt 0 0
vt 0 0
vt 0 0
vt 0 0
vt 0 0
vt 0 0
vt 0 0
vt 0 0
vt 0 0
vt 0 0
vt 0 0
vt 0 0
vt 0 0
vt 0 0
vt 0 0
vt 0 0
vt 0 0
vt 0 0
vt 0 0
vt 0 0
vt 0 0
vt 0 0
vt 0 0
vt 0 0
vt 0 0
vt 0 0
vt 0 0
vt 0 0
vt 0 0
vt 0 0
vt 0 0
vt 0 0
vt 0 0
vt 0 0
vt 0 0
vt 0 0
vt 0 0
vt 0 0
vt 0 0
vt 0 0
vt 0 0
vt 0 0
vt 0 0
vt 0 0
vt 0 0
vt 0 0
vt 0 0
vt 0 0
vt 0 0
vt 0 0
vt 0 0
vt 0 0
vt 0 0
vt 0 0
vt 0 0
vt 0 0
vt 0 0
vt 0 0
vt 0 0
vt 0 0
vt 0 0
vt 0 0
vt 0 0
vt 0 0
vt 0 0
vt 0 0
vt 0 0
vt 0 0
vt 0 0
vt 0 0
vt 0 0
vt 0 0
vt 0 0
vt 0 0
vt 0 0
vt 0 0
vt 0 0
vt 0 0
vt 0 0
vt 0 0
vt 0 0
vt 0 0
vt 0 0
vt 0 0
vt 0 0
vt 0 0
vt 0 0
vt 0 0
vt 0 0
vt 0 0
vt 0 0
vt 0 0
vt 0 0
vt 0 0
vt 0 0
vt 0 0
vt 0 0
vt 0 0
vt 0 0
vt 0 0
vt 0 0
vt 0 0
vt 0 0
vt 0 0
vt 0 0
vt 0 0
vt 0 0
vt 0 0
vt 0 0
vt 0 0
vt 0 0
vt 0 0
vt 0 0
vt 0 0
vt 0 0
vt 0 0
vt 0 0
vt 0 0
vt 0 0
vt 0 0
vt 0 0
vt 0 0
vt 0 0
vt 0 0
vt 0 0
vt 0 0
vt 0 0
vt 0 0
vt 0 0
vt 0 0
vt 0 0
vt 0 0
vt 0 0
vt 0 0
vt 0 0
vt 0 0
vt 0 0
vt 0 0
vt 0 0
vt 0 0
vt 0 0
vt 0 0
vt 0 0
vt 0 0
vt 0 0
vt 0 0
vt 0 0
vt 0 0
vt 0 0
vt 0 0
vt 0 0
vt 0 0
vt 0 0
vt 0 0
vt 0 0
vt 0 0
vt 0 0
vt 0 0
vt 0 0
vt 0 0
vt 0 0
vt 0 0
vt 0 0
vt 0 0
vt 0 0
vt 0 0
vt 0 0
vt 0 0
vt 0 0
vt 0 0
vt 0 0
vt 0 0
vt 0 0
vt 0 0
vt 0 0
vt 0 0
vt 0 0
vt 0 0
vt 0 0
vt 0 0
vt 0 0
vt 0 0
vt 0 0
vt 0 0
vt 0 0
vt 0 0
vt 0 0
vt 0 0
vt 0 0
vt 0 0
vt 0 0
vt 0 0
vt 0 0
vt 0 0
vt 0 0
vt 0 0
vt 0 0
vt 0 0
vt 0 0
vt 0 0
vt 0 0
vt 0 0
vt 0 0
vt 0 0
vt 0 0
vt 0 0
vt 0 0
vt 0 0
vt 0 0
vt 0 0
vt 0 0
vt 0 0
vt 0 0
vt 0 0
vt 0 0
vt 0 0
vt 0 0
vt 0 0
vt 0 0
vt 0 0
vt 0 0
vt 0 0
vt 0 0
vt 0 0
vt 0 0
vt 0 0
vt 0 0
vt 0 0
vt 0 0
vt 0 0
vt 0 0
vt 0 0
vt 0 0
vt 0 0
vt 0 0
vt 0 0
vt 0 0
vt 0 0
vt 0 0
vt 0 0
vt 0 0
vt 0 0
vt 0 0
vt 0 0
vt 0 0
vt 0 0
vt 0 0
vt 0 0
vt 0 0
vt 0 0
vt 0 0
vt 0 0
vt 0 0
vt 0 0
vt 0 0
vt 0 0
vt 0 0
vt 0 0
vt 0 0
vt 0 0
vt 0 0
vt 0 0
vt 0 0
vt 0 0
vt 0 0
vt 0 0
vt 0 0
vt 0 0
vt 0 0
vt 0 0
vt 0 0
vt 0 0
vt 0 0
vt 0 0
vt 0 0
vt 0 0
vt 0 0
vt 0 0
vt 0 0
vt 0 0
vt 0 0
vt 0 0
vt 0 0
vt 0 0
vt 0 0
vt 0 0
vt 0 0
vt 0 0
vt 0 0
vt 0 0
vt 0 0
vt 0 0
vt 0 0
vt 0 0
vt 0 0
vt 0 0
vt 0 0
vt 0 0
vt 0 0
vt 0 0
vt 0 0
vt 0 0
vt 0 0
vt 0 0
vt 0 0
vt 0 0
vt 0 0
vt 0 0
vt 0 0
vt 0 0
vt 0 0
vt 0 0
vt 0 0
vt 0 0
vt 0 0
vt 0 0
vt 0 0
vt 0 0
vt 0 0
vt 0 0
vt 0 0
vt 0 0
vt 0 0
vt 0 0
vt 0 0
vt 0 0
vt 0 0
vt 0 0
vt 0 0
vt 0 0
vt 0 0
vt 0 0
vt 0 0
vt 0 0
vt 0 0
vt 0 0
vt 0 0
vt 0 0
vt 0 0
vt 0 0
vt 0 0
vt 0 0
vt 0 0
vt 0 0
vt 0 0
vt 0 0
vt 0 0
vt 0 0
vt 0 0
vt 0 0
vt 0 0
vt 0 0
vt 0 0
vt 0 0
vt 0 0
vt 0 0
vt 0 0
vt 0 0
vt 0 0
vt 0 0
vt 0 0
vt 0 0
vt 0 0
vt 0 0
vt 0 0
vt 0 0
vt 0 0
vt 0 0
vt 0 0
vt 0 0
vt 0 0
vt 0 0
vt 0 0
vt 0 0
vt 0 0
vt 0 0
vt 0 0
vt 0 0
vt 0 0
vt 0 0
vt 0 0
vt 0 0
vt 0 0
vt 0 0
vt 0 0
vt 0 0
vt 0 0
vt 0 0
vt 0 0
vt 0 0
vt 0 0
vt 0 0
vt 0 0
vt 0 0
vt 0 0
vt 0 0
vt 0 0
vt 0 0
vt 0 0
vt 0 0
vt 0 0
vt 0 0
vt 0 0
vt 0 0
vt 0 0
vt 0 0
vt 0 0
vt 0 0
vt 0 0
vt 0 0
vt 0 0
vt 0 0
vt 0 0
vt 0 0
vt 0 0
vt 0 0
vt 0 0
vt 0 0
vt 0 0
vt 0 0
vt 0 0
vt 0 0
vt 0 0
vt 0 0
vt 0 0
vt 0 0
vt 0 0
vt 0 0
vt 0 0
vt 0 0
vt 0 0
vt 0 0
vt 0 0
vt 0 0
vt 0 0
vt 0 0
vt 0 0
vt 0 0
vt 0 0
vt 0 0
vt 0 0
vt 0 0
vt 0 0
vt 0 0
vt 0 0
vt 0 0
vt 0 0
vt 0 0
vt 0 0
vt 0 0
vt 0 0
vt 0 0
vt 0 0
vt 0 0
vt 0 0
vt 0 0
vt 0 0
vt 0 0
vt 0 0
vt 0 0
vt 0 0
vt 0 0
vt 0 0
vt 0 0
vt 0 0
vt 0 0
vt 0 0
vt 0 0
vt 0 0
vt 0 0
vt 0 0
vt 0 0
vt 0 0
vt 0 0
vt 0 0
vt 0 0
vt 0 0
vt 0 0
vt 0 0
vt 0 0
vt 0 0
vt 0 0
vt 0 0
vt 0 0
vt 0 0
vt 0 0
vt 0 0
vt 0 0
vt 0 0
vt 0 0
vt 0 0
vt 0 0
vt 0 0
vt 0 0
vt 0 0
vt 0 0
vt 0 0
vt 0 0
vt 0 0
vt 0 0
vt 0 0
vt 0 0
vt 0 0
vt 0 0
vt 0 0
vt 0 0
vt 0 0
vt 0 0
vt 0 0
vt 0 0
vt 0 0
vt 0 0
vt 0 0
vt 0 0
vt 0 0
vt 0 0
vt 0 0
vt 0 0
vt 0 0
vt 0 0
vt 0 0
vt 0 0
vt 0 0
vt 0 0
vt 0 0
vt 0 0
vt 0 0
vt 0 0
vt 0 0
vt 0 0
vt 0 0
vt 0 0
vt 0 0
vt 0 0
vt 0 0
vt 0 0
vt 0 0
vt 0 0
vt 0 0
vt 0 0
vt 0 0
vt 0 0
vt 0 0
vt 0 0
vt 0 0
vt 0 0
vt 0 0
vt 0 0
vt 0 0
vt 0 0
vt 0 0
vt 0 0
vt 0 0
vt 0 0
vt 0 0
vt 0 0
vt 0 0
vt 0 0
vt 0 0
vt 0 0
vt 0 0
vt 0 0
vt 0 0
vt 0 0
vt 0 0
vt 0 0
vt 0 0
vt 0 0
vt 0 0
vt 0 0
vt 0 0
vt 0 0
vt 0 0
vt 0 0
vt 0 0
vt 0 0
vt 0 0
vt 0 0
vt 0 0
vt 0 0
vt 0 0
vt 0 0
vt 0 0
vt 0 0
vt 0 0
vt 0 0
vt 0 0
vt 0 0
vt 0 0
vt 0 0
vt 0 0
vt 0 0
vt 0 0
vt 0 0
vt 0 0
vt 0 0
vt 0 0
vt 0 0
vt 0 0
vt 0 0
vt 0 0
vt 0 0
vt 0 0
vt 0 0
vt 0 0
vt 0 0
vt 0 0
vt 0 0
vt 0 0
vt 0 0
vt 0 0
vt 0 0
vt 0 0
vt 0 0
vt 0 0
vt 0 0
vt 0 0
vt 0 0
vt 0 0
vt 0 0
vt 0 0
vt 0 0
vt 0 0
vt 0 0
vt 0 0
vt 0 0
vt 0 0
vt 0 0
vt 0 0
vt 0 0
vt 0 0
vt 0 0
vt 0 0
vt 0 0
vt 0 0
vt 0 0
vt 0 0
vt 0 0
vt 0 0
vt 0 0
vt 0 0
vt 0 0
vt 0 0
vt 0 0
vt 0 0
vt 0 0
vt 0 0
vt 0 0
vt 0 0
vt 0 0
vt 0 0
vt 0 0
vt 0 0
vt 0 0
vt 0 0
vt 0 0
vt 0 0
vt 0 0
vt 0 0
vt 0 0
vt 0 0
vt 0 0
vt 0 0
vt 0 0
vt 0 0
vt 0 0
vt 0 0
vt 0 0
vt 0 0
vt 0 0
vt 0 0
vt 0 0
vt 0 0
vt 0 0
vt 0 0
vt 0 0
vt 0 0
vt 0 0
vt 0 0
vt 0 0
vt 0 0
vt 0 0
vt 0 0
vt 0 0
vt 0 0
vt 0 0
vt 0 0
vt 0 0
vt 0 0
vt 0 0
vt 0 0
vt 0 0
vt 0 0
vt 0 0
vt 0 0
vt 0 0
vt 0 0
vt 0 0
vt 0 0
vt 0 0
vt 0 0
vt 0 0
vt 0 0
vt 0 0
vt 0 0
vt 0 0
vt 0 0
vt 0 0
vt 0 0
vt 0 0
vt 0 0
vt 0 0
vt 0 0
vt 0 0
vt 0 0
vt 0 0
vt 0 0
vt 0 0
vt 0 0
vt 0 0
vt 0 0
vt 0 0
vt 0 0
vt 0 0
vt 0 0
vt 0 0
vt 0 0
vt 0 0
vt 0 0
vt 0 0
vt 0 0
vt 0 0
vt 0 0
vt 0 0
vt 0 0
vt 0 0
vt 0 0
vt 0 0
vt 0 0
vt 0 0
vt 0 0
vt 0 0
vt 0 0
vt 0 0
vt 0 0
vt 0 0
vt 0 0
vt 0 0
vt 0 0
vt 0 0
vt 0 0
vt 0 0
vt 0 0
vt 0 0
vt 0 0
vt 0 0
vt 0 0
vt 0 0
vt 0 0
vt 0 0
vt 0 0
vt 0 0
vt 0 0
vt 0 0
vt 0 0
vt 0 0
vt 0 0
vt 0 0
vt 0 0
vt 0 0
vt 0 0
vt 0 0
vt 0 0
vt 0 0
vt 0 0
vt 0 0
vt 0 0
vt 0 0
vt 0 0
vt 0 0
vt 0 0
vt 0 0
vt 0 0
vt 0 0
vt 0 0
vt 0 0
vt 0 0
vt 0 0
vt 0 0
vt 0 0
vt 0 0
vt 0 0
vt 0 0
vt 0 0
vt 0 0
vt 0 0
vt 0 0
vt 0 0
vt 0 0
vt 0 0
vt 0 0
vt 0 0
vt 0 0
vt 0 0
vt 0 0
vt 0 0
vt 0 0
vt 0 0
vt 0 0
vt 0 0
vt 0 0
vt 0 0
vt 0 0
vt 0 0
vt 0 0
vt 0 0
vt 0 0
vt 0 0
vt 0 0
vt 0 0
vt 0 0
vt 0 0
vt 0 0
vt 0 0
vt 0 0
vt 0 0
vt 0 0
vt 0 0
vt 0 0
vt 0 0
vt 0 0
vt 0 0
vt 0 0
vt 0 0
vt 0 0
vt 0 0
vt 0 0
vt 0 0
vt 0 0
vt 0 0
vt 0 0
vt 0 0
vt 0 0
vt 0 0
vt 0 0
vt 0 0
vt 0 0
vt 0 0
vt 0 0
vt 0 0
vt 0 0
vt 0 0
vt 0 0
vt 0 0
vt 0 0
vt 0 0
vt 0 0
vt 0 0
vt 0 0
vt 0 0
vt 0 0
vt 0 0
vt 0 0
vt 0 0
vt 0 0
vt 0 0
vt 0 0
vt 0 0
vt 0 0
vt 0 0
vt 0 0
vt 0 0
vt 0 0
vt 0 0
vt 0 0
vt 0 0
vt 0 0
vt 0 0
vt 0 0
vt 0 0
vt 0 0
vt 0 0
vt 0 0
vt 0 0
vt 0 0
vt 0 0
vt 0 0
vt 0 0
vt 0 0
vt 0 0
vt 0 0
vt 0 0
vt 0 0
vt 0 0
vt 0 0
vt 0 0
vt 0 0
vt 0 0
vt 0 0
vt 0 0
vt 0 0
vt 0 0
vt 0 0
vt 0 0
vt 0 0
vt 0 0
vt 0 0
vt 0 0
vt 0 0
vt 0 0
vt 0 0
vt 0 0
vt 0 0
vt 0 0
vt 0 0
vt 0 0
vt 0 0
vt 0 0
vt 0 0
vt 0 0
vt 0 0
vt 0 0
vt 0 0
vt 0 0
vt 0 0
vt 0 0
vt 0 0
vt 0 0
vt 0 0
vt 0 0
vt 0 0
vt 0 0
vt 0 0
vt 0 0
vt 0 0
vt 0 0
vt 0 0
vt 0 0
vt 0 0
vt 0 0
vt 0 0
vt 0 0
vt 0 0
vt 0 0
vt 0 0
vt 0 0
vt 0 0
vt 0 0
vt 0 0
vt 0 0
vt 0 0
vt 0 0
vt 0 0
vt 0 0
vt 0 0
vt 0 0
vt 0 0
vt 0 0
vt 0 0
vt 0 0
vt 0 0
vt 0 0
vt 0 0
vt 0 0
vt 0 0
vt 0 0
vt 0 0
vt 0 0
vt 0 0
vt 0 0
vt 0 0
vt 0 0
vt 0 0
vt 0 0
vt 0 0
vt 0 0
vt 0 0
vt 0 0
vt 0 0
vt 0 0
vt 0 0
vt 0 0
vt 0 0
vt 0 0
vt 0 0
vt 0 0
vt 0 0
vt 0 0
vt 0 0
vt 0 0
vt 0 0
vt 0 0
vt 0 0
vt 0 0
vt 0 0
vt 0 0
vt 0 0
vt 0 0
vt 0 0
vt 0 0
vt 0 0
vt 0 0
vt 0 0
vt 0 0
vt 0 0
vt 0 0
vt 0 0
vt 0 0
vt 0 0
vt 0 0
vt 0 0
vt 0 0
vt 0 0
vt 0 0
vt 0 0
vt 0 0
vt 0 0
vt 0 0
vt 0 0
vt 0 0
vt 0 0
vt 0 0
vt 0 0
vt 0 0
vt 0 0
vt 0 0
vt 0 0
vt 0 0
vt 0 0
vt 0 0
vt 0 0
vt 0 0
vt 0 0
vt 0 0
vt 0 0
vt 0 0
vt 0 0
vt 0 0
vt 0 0
vt 0 0
vt 0 0
vt 0 0
vt 0 0
vt 0 0
vt 0 0
vt 0 0
vt 0 0
vt 0 0
vt 0 0
vt 0 0
vt 0 0
vt 0 0
vt 0 0
vt 0 0
vt 0 0
vt 0 0
vt 0 0
vt 0 0
vt 0 0
vt 0 0
vt 0 0
vt 0 0
vt 0 0
vt 0 0
vt 0 0
vt 0 0
vt 0 0
vt 0 0
vt 0 0
vt 0 0
vt 0 0
vt 0 0
vt 0 0
vt 0 0
vt 0 0
vt 0 0
vt 0 0
vt 0 0
vt 0 0
vt 0 0
vt 0 0
vt 0 0
vt 0 0
vt 0 0
vt 0 0
vt 0 0
vt 0 0
vt 0 0
vt 0 0
vt 0 0
vt 0 0
vt 0 0
vt 0 0
vt 0 0
vt 0 0
vt 0 0
vt 0 0
vt 0 0
vt 0 0
vt 0 0
vt 0 0
vt 0 0
vt 0 0
vt 0 0
vt 0 0
vt 0 0
vt 0 0
vt 0 0
vt 0 0
vt 0 0
vt 0 0
vt 0 0
vt 0 0
vt 0 0
vt 0 0
vt 0 0
vt 0 0
vt 0 0
vt 0 0
vt 0 0
vt 0 0
vt 0 0
vt 0 0
vt 0 0
vt 0 0
vt 0 0
vt 0 0
vt 0 0
vt 0 0
vt 0 0
vt 0 0
vt 0 0
vt 0 0
vt 0 0
vt 0 0
vt 0 0
vt 0 0
vt 0 0
vt 0 0
vt 0 0
vt 0 0
vt 0 0
vt 0 0
vt 0 0
vt 0 0
vt 0 0
vt 0 0
vt 0 0
vt 0 0
vt 0 0
vt 0 0
vt 0 0
vt 0 0
vt 0 0
vt 0 0
vt 0 0
vt 0 0
vt 0 0
vt 0 0
vt 0 0
vt 0 0
vt 0 0
vt 0 0
vt 0 0
vt 0 0
vt 0 0
vt 0 0
vt 0 0
vt 0 0
vt 0 0
vt 0 0
vt 0 0
vt 0 0
vt 0 0
vt 0 0
vt 0 0
vt 0 0
vt 0 0
vt 0 0
vt 0 0
vt 0 0
vt 0 0
vt 0 0
vt 0 0
vt 0 0
vt 0 0
vt 0 0
vt 0 0
vt 0 0
vt 0 0
vt 0 0
vt 0 0
vt 0 0
vt 0 0
vt 0 0
vt 0 0
vt 0 0
vt 0 0
vt 0 0
vt 0 0
vt 0 0
vt 0 0
vt 0 0
vt 0 0
vt 0 0
vt 0 0
vt 0 0
vt 0 0
vt 0 0
vt 0 0
vt 0 0
vt 0 0
vt 0 0
vt 0 0
vt 0 0
vt 0 0
vt 0 0
vt 0 0
vt 0 0
vt 0 0
vt 0 0
vt 0 0
vt 0 0
vt 0 0
vt 0 0
vt 0 0
vt 0 0
vt 0 0
vt 0 0
vt 0 0
vt 0 0
vt 0 0
vt 0 0
vt 0 0
vt 0 0
vt 0 0
vt 0 0
vt 0 0
vt 0 0
vt 0 0
vt 0 0
vt 0 0
vt 0 0
vt 0 0
vt 0 0
vt 0 0
vt 0 0
vt 0 0
vt 0 0
vt 0 0
vt 0 0
vt 0 0
vt 0 0
vt 0 0
vt 0 0
vt 0 0
vt 0 0
vt 0 0
vt 0 0
vt 0 0
vt 0 0
vt 0 0
vt 0 0
vt 0 0
vt 0 0
vt 0 0
vt 0 0
vt 0 0
vt 0 0
vt 0 0
vt 0 0
vt 0 0
vt 0 0
vt 0 0
vt 0 0
vt 0 0
vt 0 0
vt 0 0
vt 0 0
vt 0 0
vt 0 0
vt 0 0
vt 0 0
vt 0 0
vt 0 0
vt 0 0
vt 0 0
vt 0 0
vt 0 0
vt 0 0
vt 0 0
vt 0 0
vt 0 0
vt 0 0
vt 0 0
vt 0 0
vt 0 0
vt 0 0
vt 0 0
vt 0 0
vt 0 0
vt 0 0
vt 0 0
vt 0 0
vt 0 0
vt 0 0
vt 0 0
vt 0 0
vt 0 0
vt 0 0
vt 0 0
vt 0 0
vt 0 0
vt 0 0
vt 0 0
vt 0 0
vt 0 0
vt 0 0
vt 0 0
vt 0 0
vt 0 0
vt 0 0
vt 0 0
vt 0 0
vt 0 0
vt 0 0
vt 0 0
vt 0 0
vt 0 0
vt 0 0
vt 0 0
vt 0 0
vt 0 0
vt 0 0
vt 0 0
vt 0 0
vt 0 0
vt 0 0
vt 0 0
vt 0 0
vt 0 0
vt 0 0
vt 0 0
vt 0 0
vt 0 0
vt 0 0
vt 0 0
vt 0 0
vt 0 0
vt 0 0
vt 0 0
vt 0 0
vt 0 0
vt 0 0
vt 0 0
vt 0 0
vt 0 0
vt 0 0
vt 0 0
vt 0 0
vt 0 0
vt 0 0
vt 0 0
vt 0 0
vt 0 0
vt 0 0
vt 0 0
vt 0 0
vt 0 0
vt 0 0
vt 0 0
vt 0 0
vt 0 0
vt 0 0
vt 0 0
vt 0 0
vt 0 0
vt 0 0
vt 0 0
vt 0 0
vt 0 0
vt 0 0
vt 0 0
vt 0 0
vt 0 0
vt 0 0
vt 0 0
vt 0 0
vt 0 0
vt 0 0
vt 0 0
vt 0 0
vt 0 0
vt 0 0
vt 0 0
vt 0 0
vt 0 0
vt 0 0
vt 0 0
vt 0 0
vt 0 0
vt 0 0
vt 0 0
vt 0 0
vt 0 0
vt 0 0
vt 0 0
vt 0 0
vt 0 0
vt 0 0
vt 0 0
vt 0 0
vt 0 0
vt 0 0
vt 0 0
vt 0 0
vt 0 0
vt 0 0
vt 0 0
vt 0 0
vt 0 0
vt 0 0
vt 0 0
vt 0 0
vt 0 0
vt 0 0
vt 0 0
vt 0 0
vt 0 0
vt 0 0
vt 0 0
vt 0 0
vt 0 0
vt 0 0
vt 0 0
vt 0 0
vt 0 0
vt 0 0
vt 0 0
vt 0 0
vt 0 0
vt 0 0
vt 0 0
vt 0 0
vt 0 0
vt 0 0
vt 0 0
vt 0 0
vt 0 0
vt 0 0
vt 0 0
vt 0 0
vt 0 0
vt 0 0
vt 0 0
vt 0 0
vt 0 0
vt 0 0
vt 0 0
vt 0 0
vt 0 0
vt 0 0
vt 0 0
vt 0 0
vt 0 0
vt 0 0
vt 0 0
vt 0 0
vt 0 0
vt 0 0
vt 0 0
vt 0 0
vt 0 0
vt 0 0
vt 0 0
vt 0 0
vt 0 0
vt 0 0
vt 0 0
vt 0 0
vt 0 0
vt 0 0
vt 0 0
vt 0 0
vt 0 0
vt 0 0
vt 0 0
vt 0 0
vt 0 0
vt 0 0
vt 0 0
vt 0 0
vt 0 0
vt 0 0
vt 0 0
vt 0 0
vt 0 0
vt 0 0
vt 0 0
vt 0 0
vt 0 0
vt 0 0
vt 0 0
vt 0 0
vt 0 0
vt 0 0
vt 0 0
vt 0 0
vt 0 0
vt 0 0
vt 0 0
vt 0 0
vt 0 0
vt 0 0
vt 0 0
vt 0 0
vt 0 0
vt 0 0
vt 0 0
vt 0 0
vt 0 0
vt 0 0
vt 0 0
vt 0 0
vt 0 0
vt 0 0
vt 0 0
vt 0 0
vt 0 0
vt 0 0
vt 0 0
vt 0 0
vt 0 0
vt 0 0
vt 0 0
vt 0 0
vt 0 0
vt 0 0
vt 0 0
vt 0 0
vt 0 0
vt 0 0
vt 0 0
vt 0 0
vt 0 0
vt 0 0
vt 0 0
vt 0 0
vt 0 0
vt 0 0
vt 0 0
vt 0 0
vt 0 0
vt 0 0
vt 0 0
vt 0 0
vt 0 0
vt 0 0
vt 0 0
vt 0 0
vt 0 0
vt 0 0
vt 0 0
vt 0 0
vt 0 0
vt 0 0
vt 0 0
vt 0 0
vt 0 0
vt 0 0
vt 0 0
vt 0 0
vt 0 0
vt 0 0
vt 0 0
vt 0 0
vt 0 0
vt 0 0
vt 0 0
vt 0 0
vt 0 0
vt 0 0
vt 0 0
vt 0 0
vt 0 0
vt 0 0
vt 0 0
vt 0 0
vt 0 0
vt 0 0
vt 0 0
vt 0 0
vt 0 0
vt 0 0
vt 0 0
vt 0 0
vt 0 0
vt 0 0
vt 0 0
vt 0 0
vt 0 0
vt 0 0
vt 0 0
vt 0 0
vt 0 0
vt 0 0
vt 0 0
vt 0 0
vt 0 0
vt 0 0
vt 0 0
vt 0 0
vt 0 0
vt 0 0
vt 0 0
vt 0 0
vt 0 0
vt 0 0
vt 0 0
vt 0 0
vt 0 0
vt 0 0
vt 0 0
vt 0 0
vt 0 0
vt 0 0
vt 0 0
vt 0 0
vt 0 0
vt 0 0
vt 0 0
vt 0 0
vt 0 0
vt 0 0
vt 0 0
vt 0 0
vt 0 0
vt 0 0
vt 0 0
vt 0 0
vt 0 0
vt 0 0
vt 0 0
vt 0 0
vt 0 0
vt 0 0
vt 0 0
vt 0 0
vt 0 0
vt 0 0
vt 0 0
vt 0 0
vt 0 0
vt 0 0
vt 0 0
vt 0 0
vt 0 0
vt 0 0
vt 0 0
vt 0 0
vt 0 0
vt 0 0
vt 0 0
vt 0 0
vt 0 0
vt 0 0
vt 0 0
vt 0 0
vt 0 0
vt 0 0
vt 0 0
vt 0 0
vt 0 0
vt 0 0
vt 0 0
vt 0 0
vt 0 0
vt 0 0
vt 0 0
vt 0 0
vt 0 0
vt 0 0
vt 0 0
vt 0 0
vt 0 0
vt 0 0
vt 0 0
vt 0 0
vt 0 0
vt 0 0
vt 0 0
vt 0 0
vt 0 0
vt 0 0
vt 0 0
vt 0 0
vt 0 0
vt 0 0
vt 0 0
vt 0 0
vt 0 0
vt 0 0
vt 0 0
vt 0 0
vt 0 0
vt 0 0
vt 0 0
vt 0 0
vt 0 0
vt 0 0
vt 0 0
vt 0 0
vt 0 0
vt 0 0
vt 0 0
vt 0 0
vt 0 0
vt 0 0
vt 0 0
vt 0 0
vt 0 0
vt 0 0
vt 0 0
vt 0 0
vt 0 0
vt 0 0
vt 0 0
vt 0 0
vt 0 0
vt 0 0
vt 0 0
vt 0 0
vt 0 0
vt 0 0
vt 0 0
vt 0 0
vt 0 0
vt 0 0
vt 0 0
vt 0 0
vt 0 0
vt 0 0
vt 0 0
vt 0 0
vt 0 0
vt 0 0
vt 0 0
vt 0 0
vt 0 0
vt 0 0
vt 0 0
vt 0 0
vt 0 0
vt 0 0
vt 0 0
vt 0 0
vt 0 0
vt 0 0
vt 0 0
vt 0 0
vt 0 0
vt 0 0
vt 0 0
vt 0 0
vt 0 0
vt 0 0
vt 0 0
vt 0 0
vt 0 0
vt 0 0
vt 0 0
vt 0 0
vt 0 0
vt 0 0
vt 0 0
vt 0 0
vt 0 0
vt 0 0
vt 0 0
vt 0 0
vt 0 0
vt 0 0
vt 0 0
vt 0 0
vt 0 0
vt 0 0
vt 0 0
vt 0 0
vt 0 0
vt 0 0
vt 0 0
vt 0 0
vt 0 0
vt 0 0
vt 0 0
vt 0 0
vt 0 0
vt 0 0
vt 0 0
vt 0 0
vt 0 0
vt 0 0
vt 0 0
vt 0 0
vt 0 0
vt 0 0
vt 0 0
vt 0 0
vt 0 0
vt 0 0
vt 0 0
vt 0 0
vt 0 0
vt 0 0
vt 0 0
vt 0 0
vt 0 0
vt 0 0
vt 0 0
vt 0 0
vt 0 0
vt 0 0
vt 0 0
vt 0 0
vt 0 0
vt 0 0
vt 0 0
vt 0 0
vt 0 0
vt 0 0
vt 0 0
vt 0 0
vt 0 0
vt 0 0
vt 0 0
vt 0 0
vt 0 0
vt 0 0
vt 0 0
vt 0 0
vt 0 0
vt 0 0
vt 0 0
vt 0 0
vt 0 0
vt 0 0
vt 0 0
vt 0 0
vt 0 0
vt 0 0
vt 0 0
vt 0 0
vt 0 0
vt 0 0
vt 0 0
vt 0 0
vt 0 0
vt 0 0
vt 0 0
vt 0 0
vt 0 0
vt 0 0
vt 0 0
vt 0 0
vt 0 0
vt 0 0
vt 0 0
vt 0 0
vt 0 0
vt 0 0
vt 0 0
vt 0 0
vt 0 0
vt 0 0
vt 0 0
vt 0 0
vt 0 0
vt 0 0
vt 0 0
vt 0 0
vt 0 0
vt 0 0
vt 0 0
vt 0 0
vt 0 0
vt 0 0
vt 0 0
vt 0 0
vt 0 0
vt 0 0
vt 0 0
vt 0 0
vt 0 0
vt 0 0
vt 0 0
vt 0 0
vt 0 0
vt 0 0
vt 0 0
vt 0 0
vt 0 0
vt 0 0
vt 0 0
vt 0 0
vt 0 0
vt 0 0
vt 0 0
vt 0 0
vt 0 0
vt 0 0
vt 0 0
vt 0 0
vt 0 0
vt 0 0
vt 0 0
vt 0 0
vt 0 0
vt 0 0
vt 0 0
vt 0 0
vt 0 0
vt 0 0
vt 0 0
vt 0 0
vt 0 0
vt 0 0
vt 0 0
vt 0 0
vt 0 0
vt 0 0
vt 0 0
vt 0 0
vt 0 0
vt 0 0
vt 0 0
vt 0 0
vt 0 0
vt 0 0
vt 0 0
vt 0 0
vt 0 0
vt 0 0
vt 0 0
vt 0 0
vt 0 0
vt 0 0
vt 0 0
vt 0 0
vt 0 0
vt 0 0
vt 0 0
vt 0 0
vt 0 0
vt 0 0
vt 0 0
vt 0 0
vt 0 0
vt 0 0
vt 0 0
vt 0 0
vt 0 0
vt 0 0
vt 0 0
vt 0 0
vt 0 0
vt 0 0
vt 0 0
vt 0 0
vt 0 0
vt 0 0
vt 0 0
vt 0 0
vt 0 0
vt 0 0
vt 0 0
vt 0 0
vt 0 0
vt 0 0
vt 0 0
vt 0 0
vt 0 0
vt 0 0
vt 0 0
vt 0 0
vt 0 0
vt 0 0
vt 0 0
vt 0 0
vt 0 0
vt 0 0
vt 0 0
vt 0 0
vt 0 0
vt 0 0
vt 0 0
vt 0 0
vt 0 0
vt 0 0
vt 0 0
vt 0 0
vt 0 0
vt 0 0
vt 0 0
vt 0 0
vt 0 0
vt 0 0
vt 0 0
vt 0 0
vt 0 0
vt 0 0
vt 0 0
vt 0 0
vt 0 0
vt 0 0
vt 0 0
vt 0 0
vt 0 0
vt 0 0
vt 0 0
vt 0 0
vt 0 0
vt 0 0
vt 0 0
vt 0 0
vt 0 0
vt 0 0
vt 0 0
vt 0 0
vt 0 0
vt 0 0
vt 0 0
vt 0 0
vt 0 0
vt 0 0
vt 0 0
vt 0 0
vt 0 0
vt 0 0
vt 0 0
vt 0 0
vt 0 0
vt 0 0
vt 0 0
vt 0 0
vt 0 0
vt 0 0
vt 0 0
vt 0 0
vt 0 0
vt 0 0
vt 0 0
vt 0 0
vt 0 0
vt 0 0
vt 0 0
vt 0 0
vt 0 0
vt 0 0
vt 0 0
vt 0 0
vt 0 0
vt 0 0
vt 0 0
vt 0 0
vt 0 0
vt 0 0
vt 0 0
vt 0 0
vt 0 0
vt 0 0
vt 0 0
vt 0 0
vt 0 0
vt 0 0
vt 0 0
vt 0 0
vt 0 0
vt 0 0
vt 0 0
vt 0 0
vt 0 0
vt 0 0
vt 0 0
vt 0 0
vt 0 0
vt 0 0
vt 0 0
vt 0 0
vt 0 0
vt 0 0
vt 0 0
vt 0 0
vt 0 0
vt 0 0
vt 0 0
vt 0 0
vt 0 0
vt 0 0
vt 0 0
vt 0 0
vt 0 0
vt 0 0
vt 0 0
vt 0 0
vt 0 0
vt 0 0
vt 0 0
vt 0 0
vt 0 0
vt 0 0
vt 0 0
vt 0 0
vt 0 0
vt 0 0
vt 0 0
vt 0 0
vt 0 0
vt 0 0
vt 0 0
vt 0 0
vt 0 0
vt 0 0
vt 0 0
vt 0 0
vt 0 0
vt 0 0
vt 0 0
vt 0 0
vt 0 0
vt 0 0
vt 0 0
vt 0 0
vt 0 0
vt 0 0
vt 0 0
vt 0 0
vt 0 0
vt 0 0
vt 0 0
vt 0 0
vt 0 0
vt 0 0
vt 0 0
vt 0 0
vt 0 0
vt 0 0
vt 0 0
vt 0 0
vt 0 0
vt 0 0
vt 0 0
vt 0 0
vt 0 0
vt 0 0
vt 0 0
vt 0 0
vt 0 0
vt 0 0
vt 0 0
vt 0 0
vt 0 0
vt 0 0
vt 0 0
vt 0 0
vt 0 0
vt 0 0
vt 0 0
vt 0 0
vt 0 0
vt 0 0
vt 0 0
vt 0 0
vt 0 0
vt 0 0
vt 0 0
vt 0 0
vt 0 0
vt 0 0
vt 0 0
vt 0 0
vt 0 0
vt 0 0
vt 0 0
vt 0 0
vt 0 0
vt 0 0
vt 0 0
vt 0 0
vt 0 0
vt 0 0
vt 0 0
vt 0 0
vt 0 0
vt 0 0
vt 0 0
vt 0 0
vt 0 0
vt 0 0
vt 0 0
vt 0 0
vt 0 0
vt 0 0
vt 0 0
vt 0 0
vt 0 0
vt 0 0
vt 0 0
vt 0 0
vt 0 0
vt 0 0
vt 0 0
vt 0 0
vt 0 0
vt 0 0
vt 0 0
vt 0 0
vt 0 0
vt 0 0
vt 0 0
vt 0 0
vt 0 0
vt 0 0
vt 0 0
vt 0 0
vt 0 0
vt 0 0
vt 0 0
vt 0 0
vt 0 0
vt 0 0
vt 0 0
vt 0 0
vt 0 0
vt 0 0
vt 0 0
vt 0 0
vt 0 0
vt 0 0
vt 0 0
vt 0 0
vt 0 0
vt 0 0
vt 0 0
vt 0 0
vt 0 0
vt 0 0
vt 0 0
vt 0 0
vt 0 0
vt 0 0
vt 0 0
vt 0 0
vt 0 0
vt 0 0
vt 0 0
vt 0 0
vt 0 0
vt 0 0
vt 0 0
vt 0 0
vt 0 0
vt 0 0
vt 0 0
vt 0 0
vt 0 0
vt 0 0
vt 0 0
vt 0 0
vt 0 0
vt 0 0
vt 0 0
vt 0 0
vt 0 0
vt 0 0
vt 0 0
vt 0 0
vt 0 0
vt 0 0
vt 0 0
vt 0 0
vt 0 0
vt 0 0
vt 0 0
vt 0 0
vt 0 0
vt 0 0
vt 0 0
vt 0 0
vt 0 0
vt 0 0
vt 0 0
vt 0 0
vt 0 0
vt 0 0
vt 0 0
vt 0 0
vt 0 0
vt 0 0
vt 0 0
vt 0 0
vt 0 0
vt 0 0
vt 0 0
vt 0 0
vt 0 0
vt 0 0
vt 0 0
vt 0 0
vt 0 0
vt 0 0
vt 0 0
vt 0 0
vt 0 0
vt 0 0
vt 0 0
vt 0 0
vt 0 0
vt 0 0
vt 0 0
vt 0 0
vt 0 0
vt 0 0
vt 0 0
vt 0 0
vt 0 0
vt 0 0
vt 0 0
vt 0 0
vt 0 0
vt 0 0
vt 0 0
vt 0 0
vt 0 0
vt 0 0
vt 0 0
vt 0 0
vt 0 0
vt 0 0
vt 0 0
vt 0 0
vt 0 0
vt 0 0
vt 0 0
vt 0 0
vt 0 0
vt 0 0
vt 0 0
vt 0 0
vt 0 0
vt 0 0
vt 0 0
vt 0 0
vt 0 0
vt 0 0
vt 0 0
vt 0 0
vt 0 0
vt 0 0
vt 0 0
vt 0 0
vt 0 0
vt 0 0
vt 0 0
vt 0 0
vt 0 0
vt 0 0
vt 0 0
vt 0 0
vt 0 0
vt 0 0
vt 0 0
vt 0 0
vt 0 0
vt 0 0
vt 0 0
vt 0 0
vt 0 0
vt 0 0
vt 0 0
vt 0 0
vt 0 0
vt 0 0
vt 0 0
vt 0 0
vt 0 0
vt 0 0
vt 0 0
vt 0 0
vt 0 0
vt 0 0
vt 0 0
vt 0 0
vt 0 0
vt 0 0
vt 0 0
vt 0 0
vt 0 0
vt 0 0
vt 0 0
vt 0 0
vt 0 0
vt 0 0
vt 0 0
vt 0 0
vt 0 0
vt 0 0
vt 0 0
vt 0 0
vt 0 0
vt 0 0
vt 0 0
vt 0 0
vt 0 0
vt 0 0
vt 0 0
vt 0 0
vt 0 0
vt 0 0
vt 0 0
vt 0 0
vt 0 0
vt 0 0
vt 0 0
vt 0 0
vt 0 0
vt 0 0
vt 0 0
vt 0 0
vt 0 0
vt 0 0
vt 0 0
vt 0 0
vt 0 0
vt 0 0
vt 0 0
vt 0 0
vt 0 0
vt 0 0
vt 0 0
vt 0 0
vt 0 0
vt 0 0
vt 0 0
vt 0 0
vt 0 0
vt 0 0
vt 0 0
vt 0 0
vt 0 0
vt 0 0
vt 0 0
vt 0 0
vt 0 0
vt 0 0
vt 0 0
vt 0 0
vt 0 0
vt 0 0
vt 0 0
vt 0 0
vt 0 0
vt 0 0
vt 0 0
vt 0 0
vt 0 0
vt 0 0
vt 0 0
vt 0 0
vt 0 0
vt 0 0
vt 0 0
vt 0 0
vt 0 0
vt 0 0
vt 0 0
vt 0 0
vt 0 0
vt 0 0
vt 0 0
vt 0 0
vt 0 0
vt 0 0
vt 0 0
vt 0 0
vt 0 0
vt 0 0
vt 0 0
vt 0 0
vt 0 0
vt 0 0
vt 0 0
vt 0 0
vt 0 0
vt 0 0
vt 0 0
vt 0 0
vt 0 0
vt 0 0
vt 0 0
vt 0 0
vt 0 0
vt 0 0
vt 0 0
vt 0 0
vt 0 0
vt 0 0
vt 0 0
vt 0 0
vt 0 0
vt 0 0
vt 0 0
vt 0 0
vt 0 0
vt 0 0
vt 0 0
vt 0 0
vt 0 0
vt 0 0
vt 0 0
vt 0 0
vt 0 0
vt 0 0
vt 0 0
vt 0 0
vt 0 0
vt 0 0
vt 0 0
vt 0 0
vt 0 0
vt 0 0
vt 0 0
vt 0 0
vt 0 0
vt 0 0
vt 0 0
vt 0 0
vt 0 0
vt 0 0
vt 0 0
vt 0 0
vt 0 0
vt 0 0
vt 0 0
vt 0 0
vt 0 0
vt 0 0
vt 0 0
vt 0 0
vt 0 0
vt 0 0
vt 0 0
vt 0 0
vt 0 0
vt 0 0
vt 0 0
vt 0 0
vt 0 0
vt 0 0
vt 0 0
vt 0 0
vt 0 0
vt 0 0
vt 0 0
vt 0 0
vt 0 0
vt 0 0
vt 0 0
vt 0 0
vt 0 0
vt 0 0
vt 0 0
vt 0 0
vt 0 0
vt 0 0
vt 0 0
vt 0 0
vt 0 0
vt 0 0
vt 0 0
vt 0 0
vt 0 0
vt 0 0
vt 0 0
vt 0 0
vt 0 0
vt 0 0
vt 0 0
vt 0 0
vt 0 0
vt 0 0
vt 0 0
vt 0 0
vt 0 0
vt 0 0
vt 0 0
vt 0 0
vt 0 0
vt 0 0
vt 0 0
vt 0 0
vt 0 0
vt 0 0
vt 0 0
vt 0 0
vt 0 0
vt 0 0
vt 0 0
vt 0 0
vt 0 0
vt 0 0
vt 0 0
vt 0 0
vt 0 0
vt 0 0
vt 0 0
vt 0 0
vt 0 0
vt 0 0
vt 0 0
vt 0 0
vt 0 0
vt 0 0
vt 0 0
vt 0 0
vt 0 0
vt 0 0
vt 0 0
vt 0 0
vt 0 0
vt 0 0
vt 0 0
vt 0 0
vt 0 0
vt 0 0
vt 0 0
vt 0 0
vt 0 0
vt 0 0
vt 0 0
vt 0 0
vt 0 0
vt 0 0
vt 0 0
vt 0 0
vt 0 0
vt 0 0
vt 0 0
vt 0 0
vt 0 0
vt 0 0
vt 0 0
vt 0 0
vt 0 0
vt 0 0
vt 0 0
vt 0 0
vt 0 0
vt 0 0
vt 0 0
vt 0 0
vt 0 0
vt 0 0
vt 0 0
vt 0 0
vt 0 0
vt 0 0
vt 0 0
vt 0 0
vt 0 0
vt 0 0
vt 0 0
vt 0 0
vt 0 0
vt 0 0
vt 0 0
vt 0 0
vt 0 0
vt 0 0
vt 0 0
vt 0 0
vt 0 0
vt 0 0
vt 0 0
vt 0 0
vt 0 0
vt 0 0
vt 0 0
vt 0 0
vt 0 0
vt 0 0
vt 0 0
vt 0 0
vt 0 0
vt 0 0
vt 0 0
vt 0 0
vt 0 0
vt 0 0
vt 0 0
vt 0 0
vt 0 0
vt 0 0
vt 0 0
vt 0 0
vt 0 0
vt 0 0
vt 0 0
vt 0 0
vt 0 0
vt 0 0
vt 0 0
vt 0 0
vt 0 0
vt 0 0
vt 0 0
vt 0 0
vt 0 0
vt 0 0
vt 0 0
vt 0 0
vt 0 0
vt 0 0
vt 0 0
vt 0 0
vt 0 0
vt 0 0
vt 0 0
vt 0 0
vt 0 0
vt 0 0
vt 0 0
vt 0 0
vt 0 0
vt 0 0
vt 0 0
vt 0 0
vt 0 0
vt 0 0
vt 0 0
vt 0 0
vt 0 0
vt 0 0
vt 0 0
vt 0 0
vt 0 0
vt 0 0
vt 0 0
vt 0 0
vt 0 0
vt 0 0
vt 0 0
vt 0 0
vt 0 0
vt 0 0
vt 0 0
vt 0 0
vt 0 0
vt 0 0
vt 0 0
vt 0 0
vt 0 0
vt 0 0
vt 0 0
vt 0 0
vt 0 0
vt 0 0
vt 0 0
vt 0 0
vt 0 0
vt 0 0
vt 0 0
vt 0 0
vt 0 0
vt 0 0
vt 0 0
vt 0 0
vt 0 0
vt 0 0
vt 0 0
vt 0 0
vt 0 0
vt 0 0
vt 0 0
vt 0 0
vt 0 0
vt 0 0
vt 0 0
vt 0 0
vt 0 0
vt 0 0
vt 0 0
vt 0 0
vt 0 0
vt 0 0
vt 0 0
vt 0 0
vt 0 0
vt 0 0
vt 0 0
vt 0 0
vt 0 0
vt 0 0
vt 0 0
vt 0 0
vt 0 0
vt 0 0
vt 0 0
vt 0 0
vt 0 0
vt 0 0
vt 0 0
vt 0 0
vt 0 0
vt 0 0
vt 0 0
vt 0 0
vt 0 0
vt 0 0
vt 0 0
vt 0 0
vt 0 0
vt 0 0
vt 0 0
vt 0 0
vt 0 0
vt 0 0
vt 0 0
vt 0 0
vt 0 0
vt 0 0
vt 0 0
vt 0 0
vt 0 0
vt 0 0
vt 0 0
vt 0 0
vt 0 0
vt 0 0
vt 0 0
vt 0 0
vt 0 0
vt 0 0
vt 0 0
vt 0 0
vt 0 0
vt 0 0
vt 0 0
vt 0 0
vt 0 0
vt 0 0
vt 0 0
vt 0 0
vt 0 0
vt 0 0
vt 0 0
vt 0 0
vt 0 0
vt 0 0
vt 0 0
vt 0 0
vt 0 0
vt 0 0
vt 0 0
vt 0 0
vt 0 0
vt 0 0
vt 0 0
vt 0 0
vt 0 0
vt 0 0
vt 0 0
vt 0 0
vt 0 0
vt 0 0
vt 0 0
vt 0 0
vt 0 0
vt 0 0
vt 0 0
vt 0 0
vt 0 0
vt 0 0
vt 0 0
vt 0 0
vt 0 0
vt 0 0
vt 0 0
vt 0 0
vt 0 0
vt 0 0
vt 0 0
vt 0 0
vt 0 0
vt 0 0
vt 0 0
vt 0 0
vt 0 0
vt 0 0
vt 0 0
vt 0 0
vt 0 0
vt 0 0
vt 0 0
vt 0 0
vt 0 0
vt 0 0
vt 0 0
vt 0 0
vt 0 0
vt 0 0
vt 0 0
vt 0 0
vt 0 0
vt 0 0
vt 0 0
vt 0 0
vt 0 0
vt 0 0
vt 0 0
vt 0 0
vt 0 0
vt 0 0
vt 0 0
vt 0 0
vt 0 0
vt 0 0
vt 0 0
vt 0 0
vt 0 0
vt 0 0
vt 0 0
vt 0 0
vt 0 0
vt 0 0
vt 0 0
vt 0 0
vt 0 0
vt 0 0
vt 0 0
vt 0 0
vt 0 0
vt 0 0
vt 0 0
vt 0 0
vt 0 0
vt 0 0
vt 0 0
vt 0 0
vt 0 0
vt 0 0
vt 0 0
vt 0 0
vt 0 0
vt 0 0
vt 0 0
vt 0 0
vt 0 0
vt 0 0
vt 0 0
vt 0 0
vt 0 0
vt 0 0
vt 0 0
vt 0 0
vt 0 0
vt 0 0
vt 0 0
vt 0 0
vt 0 0
vt 0 0
vt 0 0
vt 0 0
vt 0 0
vt 0 0
vt 0 0
vt 0 0
vt 0 0
vt 0 0
vt 0 0
vt 0 0
vt 0 0
vt 0 0
vt 0 0
vt 0 0
vt 0 0
vt 0 0
vt 0 0
vt 0 0
vt 0 0
vt 0 0
vt 0 0
vt 0 0
vt 0 0
vt 0 0
vt 0 0
vt 0 0
vt 0 0
vt 0 0
vt 0 0
vt 0 0
vt 0 0
vt 0 0
vt 0 0
vt 0 0
vt 0 0
vt 0 0
vt 0 0
vt 0 0
vt 0 0
vt 0 0
vt 0 0
vt 0 0
vt 0 0
vt 0 0
vt 0 0
vt 0 0
vt 0 0
vt 0 0
vt 0 0
vt 0 0
vt 0 0
vt 0 0
vt 0 0
vt 0 0
vt 0 0
vt 0 0
vt 0 0
vt 0 0
vt 0 0
vt 0 0
vt 0 0
vt 0 0
vt 0 0
vt 0 0
vt 0 0
vt 0 0
vt 0 0
vt 0 0
vt 0 0
vt 0 0
vt 0 0
vt 0 0
vt 0 0
vt 0 0
vt 0 0
vt 0 0
vt 0 0
vt 0 0
vt 0 0
vt 0 0
vt 0 0
vt 0 0
vt 0 0
vt 0 0
vt 0 0
vt 0 0
vt 0 0
vt 0 0
vt 0 0
vt 0 0
vt 0 0
vt 0 0
vt 0 0
vt 0 0
vt 0 0
vt 0 0
vt 0 0
vt 0 0
vt 0 0
vt 0 0
vt 0 0
vt 0 0
vt 0 0
vt 0 0
vt 0 0
vt 0 0
vt 0 0
vt 0 0
vt 0 0
vt 0 0
vt 0 0
vt 0 0
vt 0 0
vt 0 0
vt 0 0
vt 0 0
vt 0 0
vt 0 0
vt 0 0
vt 0 0
vt 0 0
vt 0 0
vt 0 0
vt 0 0
vt 0 0
vt 0 0
vt 0 0
vt 0 0
vt 0 0
vt 0 0
vt 0 0
vt 0 0
vt 0 0
vt 0 0
vt 0 0
vt 0 0
vt 0 0
vt 0 0
vt 0 0
vt 0 0
vt 0 0
vt 0 0
vt 0 0
vt 0 0
vt 0 0
vt 0 0
vt 0 0
vt 0 0
vt 0 0
vt 0 0
vt 0 0
vt 0 0
vt 0 0
vt 0 0
vt 0 0
vt 0 0
vt 0 0
vt 0 0
vt 0 0
vt 0 0
vt 0 0
vt 0 0
vt 0 0
vt 0 0
vt 0 0
vt 0 0
vt 0 0
vt 0 0
vt 0 0
vt 0 0
vt 0 0
vt 0 0
vt 0 0
vt 0 0
vt 0 0
vt 0 0
vt 0 0
vt 0 0
vt 0 0
vt 0 0
vt 0 0
vt 0 0
vt 0 0
vt 0 0
vt 0 0
vt 0 0
vt 0 0
vt 0 0
vt 0 0
vt 0 0
vt 0 0
vt 0 0
vt 0 0
vt 0 0
vt 0 0
vt 0 0
vt 0 0
vt 0 0
vt 0 0
vt 0 0
vt 0 0
vt 0 0
vt 0 0
vt 0 0
vt 0 0
vt 0 0
vt 0 0
vt 0 0
vt 0 0
vt 0 0
vt 0 0
vt 0 0
vt 0 0
vt 0 0
vt 0 0
vt 0 0
vt 0 0
vt 0 0
vt 0 0
vt 0 0
vt 0 0
vt 0 0
vt 0 0
vt 0 0
vt 0 0
vt 0 0
vt 0 0
vt 0 0
vt 0 0
vt 0 0
vt 0 0
vt 0 0
vt 0 0
vt 0 0
vt 0 0
vt 0 0
vt 0 0
vt 0 0
vt 0 0
vt 0 0
vt 0 0
vt 0 0
vt 0 0
vt 0 0
vt 0 0
vt 0 0
vt 0 0
vt 0 0
vt 0 0
vt 0 0
vt 0 0
vt 0 0
vt 0 0
vt 0 0
vt 0 0
vt 0 0
vt 0 0
vt 0 0
vt 0 0
vt 0 0
vt 0 0
vt 0 0
vt 0 0
vt 0 0
vt 0 0
vt 0 0
vt 0 0
vt 0 0
vt 0 0
vt 0 0
vt 0 0
vt 0 0
vt 0 0
vt 0 0
vt 0 0
vt 0 0
vt 0 0
vt 0 0
vt 0 0
vt 0 0
vt 0 0
vt 0 0
vt 0 0
vt 0 0
vt 0 0
vt 0 0
vt 0 0
vt 0 0
vt 0 0
vt 0 0
vt 0 0
vt 0 0
vt 0 0
vt 0 0
vt 0 0
vt 0 0
vt 0 0
vt 0 0
vt 0 0
vt 0 0
vt 0 0
vt 0 0
vt 0 0
vt 0 0
vt 0 0
vt 0 0
vt 0 0
vt 0 0
vt 0 0
vt 0 0
vt 0 0
vt 0 0
vt 0 0
vt 0 0
vt 0 0
vt 0 0
vt 0 0
vt 0 0
vt 0 0
vt 0 0
vt 0 0
vt 0 0
vt 0 0
vt 0 0
vt 0 0
vt 0 0
vt 0 0
vt 0 0
vt 0 0
vt 0 0
vt 0 0
vt 0 0
vt 0 0
vt 0 0
vt 0 0
vt 0 0
vt 0 0
vt 0 0
vt 0 0
vt 0 0
vt 0 0
vt 0 0
vt 0 0
vt 0 0
vt 0 0
vt 0 0
vt 0 0
vt 0 0
vt 0 0
vt 0 0
vt 0 0
vt 0 0
vt 0 0
vt 0 0
vt 0 0
vt 0 0
vt 0 0
vt 0 0
vt 0 0
vt 0 0
vt 0 0
vt 0 0
vt 0 0
vt 0 0
vt 0 0
vt 0 0
vt 0 0
vt 0 0
vt 0 0
vt 0 0
vt 0 0
vt 0 0
vt 0 0
vt 0 0
vt 0 0
vt 0 0
vt 0 0
vt 0 0
vt 0 0
vt 0 0
vt 0 0
vt 0 0
vt 0 0
vt 0 0
vt 0 0
vt 0 0
vt 0 0
vt 0 0
vt 0 0
vt 0 0
vt 0 0
vt 0 0
vt 0 0
vt 0 0
vt 0 0
vt 0 0
vt 0 0
vt 0 0
vt 0 0
vt 0 0
vt 0 0
vt 0 0
vt 0 0
vt 0 0
vt 0 0
vt 0 0
vt 0 0
vt 0 0
vt 0 0
vt 0 0
vt 0 0
vt 0 0
vt 0 0
vt 0 0
vt 0 0
vt 0 0
vt 0 0
vt 0 0
vt 0 0
vt 0 0
vt 0 0
vt 0 0
vt 0 0
vt 0 0
vt 0 0
vt 0 0
vt 0 0
vt 0 0
vt 0 0
vt 0 0
vt 0 0
vt 0 0
vt 0 0
vt 0 0
vt 0 0
vt 0 0
vt 0 0
vt 0 0
vt 0 0
vt 0 0
vt 0 0
vt 0 0
vt 0 0
vt 0 0
vt 0 0
vt 0 0
vt 0 0
vt 0 0
vt 0 0
vt 0 0
vt 0 0
vt 0 0
vt 0 0
vt 0 0
vt 0 0
vt 0 0
vt 0 0
vt 0 0
vt 0 0
vt 0 0
vt 0 0
vt 0 0
vt 0 0
vt 0 0
vt 0 0
vt 0 0
vt 0 0
vt 0 0
vt 0 0
vt 0 0
vt 0 0
vt 0 0
vt 0 0
vt 0 0
vt 0 0
vt 0 0
vt 0 0
vt 0 0
vt 0 0
vt 0 0
vt 0 0
vt 0 0
vt 0 0
vt 0 0
vt 0 0
vt 0 0
vt 0 0
vt 0 0
vt 0 0
vt 0 0
vt 0 0
vt 0 0
vt 0 0
vt 0 0
vt 0 0
vt 0 0
vt 0 0
vt 0 0
vt 0 0
vt 0 0
vt 0 0
vt 0 0
vt 0 0
vt 0 0
vt 0 0
vt 0 0
vt 0 0
vt 0 0
vt 0 0
vt 0 0
vt 0 0
vt 0 0
vt 0 0
vt 0 0
vt 0 0
vt 0 0
vt 0 0
vt 0 0
vt 0 0
vt 0 0
vt 0 0
vt 0 0
vt 0 0
vt 0 0
vt 0 0
vt 0 0
vt 0 0
vt 0 0
vt 0 0
vt 0 0
vt 0 0
vt 0 0
vt 0 0
vt 0 0
vt 0 0
vt 0 0
vt 0 0
vt 0 0
vt 0 0
vt 0 0
vt 0 0
vt 0 0
vt 0 0
vt 0 0
vt 0 0
vt 0 0
vt 0 0
vt 0 0
vt 0 0
vt 0 0
vt 0 0
vt 0 0
vt 0 0
vt 0 0
vt 0 0
vt 0 0
vt 0 0
vt 0 0
vt 0 0
vt 0 0
vt 0 0
vt 0 0
vt 0 0
vt 0 0
vt 0 0
vt 0 0
vt 0 0
vt 0 0
vt 0 0
vt 0 0
vt 0 0
vt 0 0
vt 0 0
vt 0 0
vt 0 0
vt 0 0
vt 0 0
vt 0 0
vt 0 0
vt 0 0
vt 0 0
vt 0 0
vt 0 0
vt 0 0
vt 0 0
vt 0 0
vt 0 0
vt 0 0
vt 0 0
vt 0 0
vt 0 0
vt 0 0
vt 0 0
vt 0 0
vt 0 0
vt 0 0
vt 0 0
vt 0 0
vt 0 0
vt 0 0
vt 0 0
vt 0 0
vt 0 0
vt 0 0
vt 0 0
vt 0 0
vt 0 0
vt 0 0
vt 0 0
vt 0 0
vt 0 0
vt 0 0
vt 0 0
vt 0 0
vt 0 0
vt 0 0
vt 0 0
vt 0 0
vt 0 0
vt 0 0
vt 0 0
vt 0 0
vt 0 0
vt 0 0
vt 0 0
vt 0 0
vt 0 0
vt 0 0
vt 0 0
vt 0 0
vt 0 0
vt 0 0
vt 0 0
vt 0 0
vt 0 0
vt 0 0
vt 0 0
vt 0 0
vt 0 0
vt 0 0
vt 0 0
vt 0 0
vt 0 0
vt 0 0
vt 0 0
vt 0 0
vt 0 0
vt 0 0
vt 0 0
vt 0 0
vt 0 0
vt 0 0
vt 0 0
vt 0 0
vt 0 0
vt 0 0
vt 0 0
vt 0 0
vt 0 0
vt 0 0
vt 0 0
vt 0 0
vt 0 0
vt 0 0
vt 0 0
vt 0 0
vt 0 0
vt 0 0
vt 0 0
vt 0 0
vt 0 0
vt 0 0
vt 0 0
vt 0 0
vt 0 0
vt 0 0
vt 0 0
vt 0 0
vt 0 0
vt 0 0
vt 0 0
vt 0 0
vt 0 0
vt 0 0
vt 0 0
vt 0 0
vt 0 0
vt 0 0
vt 0 0
vt 0 0
vt 0 0
vt 0 0
vt 0 0
vt 0 0
vt 0 0
vt 0 0
vt 0 0
vt 0 0
vt 0 0
vt 0 0
vt 0 0
vt 0 0
vt 0 0
vt 0 0
vt 0 0
vt 0 0
vt 0 0
vt 0 0
vt 0 0
vt 0 0
vt 0 0
vt 0 0
vt 0 0
vt 0 0
vt 0 0
vt 0 0
vt 0 0
vt 0 0
vt 0 0
vt 0 0
vt 0 0
vt 0 0
vt 0 0
vt 0 0
vt 0 0
vt 0 0
vt 0 0
vt 0 0
vt 0 0
vt 0 0
vt 0 0
vt 0 0
vt 0 0
vt 0 0
vt 0 0
vt 0 0
vt 0 0
vt 0 0
vt 0 0
vt 0 0
vt 0 0
vt 0 0
vt 0 0
vt 0 0
vt 0 0
vt 0 0
vt 0 0
vt 0 0
vt 0 0
vt 0 0
vt 0 0
vt 0 0
vt 0 0
vt 0 0
vt 0 0
vt 0 0
vt 0 0
vt 0 0
vt 0 0
vt 0 0
vt 0 0
vt 0 0
vt 0 0
vt 0 0
vt 0 0
vt 0 0
vt 0 0
vt 0 0
vt 0 0
vt 0 0
vt 0 0
vt 0 0
vt 0 0
vt 0 0
vt 0 0
vt 0 0
vt 0 0
vt 0 0
vt 0 0
vt 0 0
vt 0 0
vt 0 0
vt 0 0
vt 0 0
vt 0 0
vt 0 0
vt 0 0
vt 0 0
vt 0 0
vt 0 0
vt 0 0
vt 0 0
vt 0 0
vt 0 0
vt 0 0
vt 0 0
vt 0 0
vt 0 0
vt 0 0
vt 0 0
vt 0 0
vt 0 0
vt 0 0
vt 0 0
vt 0 0
vt 0 0
vt 0 0
vt 0 0
vt 0 0
vt 0 0
vt 0 0
vt 0 0
vt 0 0
vt 0 0
vt 0 0
vt 0 0
vt 0 0
vt 0 0
vt 0 0
vt 0 0
vt 0 0
vt 0 0
vt 0 0
vt 0 0
vt 0 0
vt 0 0
vt 0 0
vt 0 0
vt 0 0
vt 0 0
vt 0 0
vt 0 0
vt 0 0
vt 0 0
vt 0 0
vt 0 0
vt 0 0
vt 0 0
vt 0 0
vt 0 0
vt 0 0
vt 0 0
vt 0 0
vt 0 0
vt 0 0
vt 0 0
vt 0 0
vt 0 0
vt 0 0
vt 0 0
vt 0 0
vt 0 0
vt 0 0
vt 0 0
vt 0 0
vt 0 0
vt 0 0
vt 0 0
vt 0 0
vt 0 0
vt 0 0
vt 0 0
vt 0 0
vt 0 0
vt 0 0
vt 0 0
vt 0 0
vt 0 0
vt 0 0
vt 0 0
vt 0 0
vt 0 0
vt 0 0
vt 0 0
vt 0 0
vt 0 0
vt 0 0
vt 0 0
vt 0 0
vt 0 0
vt 0 0
vt 0 0
vt 0 0
vt 0 0
vt 0 0
vt 0 0
vt 0 0
vt 0 0
vt 0 0
vt 0 0
vt 0 0
vt 0 0
vt 0 0
vt 0 0
vt 0 0
vt 0 0
vt 0 0
vt 0 0
vt 0 0
vt 0 0
vt 0 0
vt 0 0
vt 0 0
vt 0 0
vt 0 0
vt 0 0
vt 0 0
vt 0 0
vt 0 0
vt 0 0
vt 0 0
vt 0 0
vt 0 0
vt 0 0
vt 0 0
vt 0 0
vt 0 0
vt 0 0
vt 0 0
vt 0 0
vt 0 0
vt 0 0
vt 0 0
vt 0 0
vt 0 0
vt 0 0
vt 0 0
vt 0 0
vt 0 0
vt 0 0
vt 0 0
vt 0 0
vt 0 0
vt 0 0
vt 0 0
vt 0 0
vt 0 0
vt 0 0
vt 0 0
vt 0 0
vt 0 0
vt 0 0
vt 0 0
vt 0 0
vt 0 0
vt 0 0
vt 0 0
vt 0 0
vt 0 0
vt 0 0
vt 0 0
vt 0 0
vt 0 0
vt 0 0
vt 0 0
vt 0 0
vt 0 0
vt 0 0
vt 0 0
vt 0 0
vt 0 0
vt 0 0
vt 0 0
vt 0 0
vt 0 0
vt 0 0
vt 0 0
vt 0 0
vt 0 0
vt 0 0
vt 0 0
vt 0 0
vt 0 0
vt 0 0
vt 0 0
vt 0 0
vt 0 0
vt 0 0
vt 0 0
vt 0 0
vt 0 0
vt 0 0
vt 0 0
vt 0 0
vt 0 0
vt 0 0
vt 0 0
vt 0 0
vt 0 0
vt 0 0
vt 0 0
vt 0 0
vt 0 0
vt 0 0
vt 0 0
vt 0 0
vt 0 0
vt 0 0
vt 0 0
vt 0 0
vt 0 0
vt 0 0
vt 0 0
vt 0 0
vt 0 0
vt 0 0
vt 0 0
vt 0 0
vt 0 0
vt 0 0
vt 0 0
vt 0 0
vt 0 0
vt 0 0
vt 0 0
vt 0 0
vt 0 0
vt 0 0
vt 0 0
vt 0 0
vt 0 0
vt 0 0
vt 0 0
vt 0 0
vt 0 0
vt 0 0
vt 0 0
vt 0 0
vt 0 0
vt 0 0
vt 0 0
vt 0 0
vt 0 0
vt 0 0
vt 0 0
vt 0 0
vt 0 0
vt 0 0
vt 0 0
vt 0 0
vt 0 0
vt 0 0
vt 0 0
vt 0 0
vt 0 0
vt 0 0
vt 0 0
vt 0 0
vt 0 0
vt 0 0
vt 0 0
vt 0 0
vt 0 0
vt 0 0
vt 0 0
vt 0 0
vt 0 0
vt 0 0
vt 0 0
vt 0 0
vt 0 0
vt 0 0
vt 0 0
vt 0 0
vt 0 0
vt 0 0
vt 0 0
vt 0 0
vt 0 0
vt 0 0
vt 0 0
vt 0 0
vt 0 0
vt 0 0
vt 0 0
vt 0 0
vt 0 0
vt 0 0
vt 0 0
vt 0 0
vt 0 0
vt 0 0
vt 0 0
vt 0 0
vt 0 0
vt 0 0
vt 0 0
vt 0 0
vt 0 0
vt 0 0
vt 0 0
vt 0 0
vt 0 0
vt 0 0
vt 0 0
vt 0 0
vt 0 0
vt 0 0
vt 0 0
vt 0 0
vt 0 0
vt 0 0
vt 0 0
vt 0 0
vt 0 0
vt 0 0
vt 0 0
vt 0 0
vt 0 0
vt 0 0
vt 0 0
vt 0 0
vt 0 0
vt 0 0
vt 0 0
vt 0 0
vt 0 0
vt 0 0
vt 0 0
vt 0 0
vt 0 0
vt 0 0
vt 0 0
vt 0 0
vt 0 0
vt 0 0
vt 0 0
vt 0 0
vt 0 0
vt 0 0
vt 0 0
vt 0 0
vt 0 0
vt 0 0
vt 0 0
vt 0 0
vt 0 0
vt 0 0
vt 0 0
vt 0 0
vt 0 0
vt 0 0
vt 0 0
vt 0 0
vt 0 0
vt 0 0
vt 0 0
vt 0 0
vt 0 0
vt 0 0
vt 0 0
vt 0 0
vt 0 0
vt 0 0
vt 0 0
vt 0 0
vt 0 0
vt 0 0
vt 0 0
vt 0 0
vt 0 0
vt 0 0
vt 0 0
vt 0 0
vt 0 0
vt 0 0
vt 0 0
vt 0 0
vt 0 0
vt 0 0
vt 0 0
vt 0 0
vt 0 0
vt 0 0
vt 0 0
vt 0 0
vt 0 0
vt 0 0
vt 0 0
vt 0 0
vt 0 0
vt 0 0
vt 0 0
vt 0 0
vt 0 0
vt 0 0
vt 0 0
vt 0 0
vt 0 0
vt 0 0
vt 0 0
vt 0 0
vt 0 0
vt 0 0
vt 0 0
vt 0 0
vt 0 0
vt 0 0
vt 0 0
vt 0 0
vt 0 0
vt 0 0
vt 0 0
vt 0 0
vt 0 0
vt 0 0
vt 0 0
vt 0 0
vt 0 0
vt 0 0
vt 0 0
vt 0 0
vt 0 0
vt 0 0
vt 0 0
vt 0 0
vt 0 0
vt 0 0
vt 0 0
vt 0 0
vt 0 0
vt 0 0
vt 0 0
vt 0 0
vt 0 0
vt 0 0
vt 0 0
vt 0 0
vt 0 0
vt 0 0
vt 0 0
vt 0 0
vt 0 0
vt 0 0
vt 0 0
vt 0 0
vt 0 0
vt 0 0
vt 0 0
vt 0 0
vt 0 0
vt 0 0
vt 0 0
vt 0 0
vt 0 0
vt 0 0
vt 0 0
vt 0 0
vt 0 0
vt 0 0
vt 0 0
vt 0 0
vt 0 0
vt 0 0
vt 0 0
vt 0 0
vt 0 0
vt 0 0
vt 0 0
vt 0 0
vt 0 0
vt 0 0
vt 0 0
vt 0 0
vt 0 0
vt 0 0
vt 0 0
vt 0 0
vt 0 0
vt 0 0
vt 0 0
vt 0 0
vt 0 0
vt 0 0
vt 0 0
vt 0 0
vt 0 0
vt 0 0
vt 0 0
vt 0 0
vt 0 0
vt 0 0
vt 0 0
vt 0 0
vt 0 0
vt 0 0
vt 0 0
vt 0 0
vt 0 0
vt 0 0
vt 0 0
vt 0 0
vt 0 0
vt 0 0
vt 0 0
vt 0 0
vt 0 0
vt 0 0
vt 0 0
vt 0 0
vt 0 0
vt 0 0
vt 0 0
vt 0 0
vt 0 0
vt 0 0
vt 0 0
vt 0 0
vt 0 0
vt 0 0
vt 0 0
vt 0 0
vt 0 0
vt 0 0
vt 0 0
vt 0 0
vt 0 0
vt 0 0
vt 0 0
vt 0 0
vt 0 0
vt 0 0
vt 0 0
vt 0 0
vt 0 0
vt 0 0
vt 0 0
vt 0 0
vt 0 0
vt 0 0
vt 0 0
vt 0 0
vt 0 0
vt 0 0
vt 0 0
vt 0 0
vt 0 0
vt 0 0
vt 0 0
vt 0 0
vt 0 0
vt 0 0
vt 0 0
vt 0 0
vt 0 0
vt 0 0
vt 0 0
vt 0 0
vt 0 0
vt 0 0
vt 0 0
vt 0 0
vt 0 0
vt 0 0
vt 0 0
vt 0 0
vt 0 0
vt 0 0
vt 0 0
vt 0 0
vt 0 0
vt 0 0
vt 0 0
vt 0 0
vt 0 0
vt 0 0
vt 0 0
vt 0 0
vt 0 0
vt 0 0
vt 0 0
vt 0 0
vt 0 0
vt 0 0
vt 0 0
vt 0 0
vt 0 0
vt 0 0
vt 0 0
vt 0 0
vt 0 0
vt 0 0
vt 0 0
vt 0 0
vt 0 0
vt 0 0
vt 0 0
vt 0 0
vt 0 0
vt 0 0
vt 0 0
vt 0 0
vt 0 0
vt 0 0
vt 0 0
vt 0 0
vt 0 0
vt 0 0
vt 0 0
vt 0 0
vt 0 0
vt 0 0
vt 0 0
vt 0 0
vt 0 0
vt 0 0
vt 0 0
vt 0 0
vt 0 0
vt 0 0
vt 0 0
vt 0 0
vt 0 0
vt 0 0
vt 0 0
vt 0 0
vt 0 0
vt 0 0
vt 0 0
vt 0 0
vt 0 0
vt 0 0
vt 0 0
vt 0 0
vt 0 0
vt 0 0
vt 0 0
vt 0 0
vt 0 0
vt 0 0
vt 0 0
vt 0 0
vt 0 0
vt 0 0
vt 0 0
vt 0 0
vt 0 0
vt 0 0
vt 0 0
vt 0 0
vt 0 0
vt 0 0
vt 0 0
vt 0 0
vt 0 0
vt 0 0
vt 0 0
vt 0 0
vt 0 0
vt 0 0
vt 0 0
vt 0 0
vt 0 0
vt 0 0
vt 0 0
vt 0 0
vt 0 0
vt 0 0
vt 0 0
vt 0 0
vt 0 0
vt 0 0
vt 0 0
vt 0 0
vt 0 0
vt 0 0
vt 0 0
vt 0 0
vt 0 0
vt 0 0
vt 0 0
vt 0 0
vt 0 0
vt 0 0
vt 0 0
vt 0 0
vt 0 0
vt 0 0
vt 0 0
vt 0 0
vt 0 0
vt 0 0
vt 0 0
vt 0 0
vt 0 0
vt 0 0
vt 0 0
vt 0 0
vt 0 0
vt 0 0
vt 0 0
vt 0 0
vt 0 0
vt 0 0
vt 0 0
vt 0 0
vt 0 0
vt 0 0
vt 0 0
vt 0 0
vt 0 0
vt 0 0
vt 0 0
vt 0 0
vt 0 0
vt 0 0
vt 0 0
vt 0 0
vt 0 0
vt 0 0
vt 0 0
vt 0 0
vt 0 0
vt 0 0
vt 0 0
vt 0 0
vt 0 0
vt 0 0
vt 0 0
vt 0 0
vt 0 0
vt 0 0
vt 0 0
vt 0 0
vt 0 0
vt 0 0
vt 0 0
vt 0 0
vt 0 0
vt 0 0
vt 0 0
vt 0 0
vt 0 0
vt 0 0
vt 0 0
vt 0 0
vt 0 0
vt 0 0
vt 0 0
vt 0 0
vt 0 0
vt 0 0
vt 0 0
vt 0 0
vt 0 0
vt 0 0
vt 0 0
vt 0 0
vt 0 0
vt 0 0
vt 0 0
vt 0 0
vt 0 0
vt 0 0
vt 0 0
vt 0 0
vt 0 0
vt 0 0
vt 0 0
vt 0 0
vt 0 0
vt 0 0
vt 0 0
vt 0 0
vt 0 0
vt 0 0
vt 0 0
vt 0 0
vt 0 0
vt 0 0
vt 0 0
vt 0 0
vt 0 0
vt 0 0
vt 0 0
vt 0 0
vt 0 0
vt 0 0
vt 0 0
vt 0 0
vt 0 0
vt 0 0
vt 0 0
vt 0 0
vt 0 0
vt 0 0
vt 0 0
vt 0 0
vt 0 0
vt 0 0
vt 0 0
vt 0 0
vt 0 0
vt 0 0
vt 0 0
vt 0 0
vt 0 0
vt 0 0
vt 0 0
vt 0 0
vt 0 0
vt 0 0
vt 0 0
vt 0 0
vt 0 0
vt 0 0
vt 0 0
vt 0 0
vt 0 0
vt 0 0
vt 0 0
vt 0 0
vt 0 0
vt 0 0
vt 0 0
vt 0 0
vt 0 0
vt 0 0
vt 0 0
vt 0 0
vt 0 0
vt 0 0
vt 0 0
vt 0 0
vt 0 0
vt 0 0
vt 0 0
vt 0 0
vt 0 0
vt 0 0
vt 0 0
vt 0 0
vt 0 0
vt 0 0
vt 0 0
vt 0 0
vt 0 0
vt 0 0
vt 0 0
vt 0 0
vt 0 0
vt 0 0
vt 0 0
vt 0 0
vt 0 0
vt 0 0
vt 0 0
vt 0 0
vt 0 0
vt 0 0
vt 0 0
vt 0 0
vt 0 0
vt 0 0
vt 0 0
vt 0 0
vt 0 0
vt 0 0
vt 0 0
vt 0 0
vt 0 0
vt 0 0
vt 0 0
vt 0 0
vt 0 0
vt 0 0
vt 0 0
vt 0 0
vt 0 0
vt 0 0
vt 0 0
vt 0 0
vt 0 0
vt 0 0
vt 0 0
vt 0 0
vt 0 0
vt 0 0
vt 0 0
vt 0 0
vt 0 0
vt 0 0
vt 0 0
vt 0 0
vt 0 0
vt 0 0
vt 0 0
vt 0 0
vt 0 0
vt 0 0
vt 0 0
vt 0 0
vt 0 0
vt 0 0
vt 0 0
vt 0 0
vt 0 0
vt 0 0
vt 0 0
vt 0 0
vt 0 0
vt 0 0
vt 0 0
vt 0 0
vt 0 0
vt 0 0
vt 0 0
vt 0 0
vt 0 0
vt 0 0
vt 0 0
vt 0 0
vt 0 0
vt 0 0
vt 0 0
vt 0 0
vt 0 0
vt 0 0
vt 0 0
vt 0 0
vt 0 0
vt 0 0
vt 0 0
vt 0 0
vt 0 0
vt 0 0
vt 0 0
vt 0 0
vt 0 0
vt 0 0
vt 0 0
vt 0 0
vt 0 0
vt 0 0
vt 0 0
vt 0 0
vt 0 0
vt 0 0
vt 0 0
vt 0 0
vt 0 0
vt 0 0
vt 0 0
vt 0 0
vt 0 0
vt 0 0
vt 0 0
vt 0 0
vt 0 0
vt 0 0
vt 0 0
vt 0 0
vt 0 0
vt 0 0
vt 0 0
vt 0 0
vt 0 0
vt 0 0
vt 0 0
vt 0 0
vt 0 0
vt 0 0
vt 0 0
vt 0 0
vt 0 0
vt 0 0
vt 0 0
vt 0 0
vt 0 0
vt 0 0
vt 0 0
vt 0 0
vt 0 0
vt 0 0
vt 0 0
vt 0 0
vt 0 0
vt 0 0
vt 0 0
vt 0 0
vt 0 0
vt 0 0
vt 0 0
vt 0 0
vt 0 0
vt 0 0
vt 0 0
vt 0 0
vt 0 0
vt 0 0
vt 0 0
vt 0 0
vt 0 0
vt 0 0
vt 0 0
vt 0 0
vt 0 0
vt 0 0
vt 0 0
vt 0 0
vt 0 0
vt 0 0
vt 0 0
vt 0 0
vt 0 0
vt 0 0
vt 0 0
vt 0 0
vt 0 0
vt 0 0
vt 0 0
vt 0 0
vt 0 0
vt 0 0
vt 0 0
vt 0 0
vt 0 0
vt 0 0
vt 0 0
vt 0 0
vt 0 0
vt 0 0
vt 0 0
vt 0 0
vt 0 0
vt 0 0
vt 0 0
vt 0 0
vt 0 0
vt 0 0
vt 0 0
vt 0 0
vt 0 0
vt 0 0
vt 0 0
vt 0 0
vt 0 0
vt 0 0
vt 0 0
vt 0 0
vt 0 0
vt 0 0
vt 0 0
vt 0 0
vt 0 0
vt 0 0
vt 0 0
vt 0 0
vt 0 0
vt 0 0
vt 0 0
vt 0 0
vt 0 0
vt 0 0
vt 0 0
vt 0 0
vt 0 0
vt 0 0
vt 0 0
vt 0 0
vt 0 0
vt 0 0
vt 0 0
vt 0 0
vt 0 0
vt 0 0
vt 0 0
vt 0 0
vt 0 0
vt 0 0
vt 0 0
vt 0 0
vt 0 0
vt 0 0
vt 0 0
vt 0 0
vt 0 0
vt 0 0
vt 0 0
vt 0 0
vt 0 0
vt 0 0
vt 0 0
vt 0 0
vt 0 0
vt 0 0
vt 0 0
vt 0 0
vt 0 0
vt 0 0
vt 0 0
vt 0 0
vt 0 0
vt 0 0
vt 0 0
vt 0 0
vt 0 0
vt 0 0
vt 0 0
vt 0 0
vt 0 0
vt 0 0
vt 0 0
vt 0 0
vt 0 0
vt 0 0
vt 0 0
vt 0 0
vt 0 0
vt 0 0
vt 0 0
vt 0 0
vt 0 0
vt 0 0
vt 0 0
vt 0 0
vt 0 0
vt 0 0
vt 0 0
vt 0 0
vt 0 0
vt 0 0
vt 0 0
vt 0 0
vt 0 0
vt 0 0
vt 0 0
vt 0 0
vt 0 0
vt 0 0
vt 0 0
vt 0 0
vt 0 0
vt 0 0
vt 0 0
vt 0 0
vt 0 0
vt 0 0
vt 0 0
vt 0 0
vt 0 0
vt 0 0
vt 0 0
vt 0 0
vt 0 0
vt 0 0
vt 0 0
vt 0 0
vt 0 0
vt 0 0
vt 0 0
vt 0 0
vt 0 0
vt 0 0
vt 0 0
vt 0 0
vt 0 0
vt 0 0
vt 0 0
vt 0 0
vt 0 0
vt 0 0
vt 0 0
vt 0 0
vt 0 0
vt 0 0
vt 0 0
vt 0 0
vt 0 0
vt 0 0
vt 0 0
vt 0 0
vt 0 0
vt 0 0
vt 0 0
vt 0 0
vt 0 0
vt 0 0
vt 0 0
vt 0 0
vt 0 0
vt 0 0
vt 0 0
vt 0 0
vt 0 0
vt 0 0
vt 0 0
vt 0 0
vt 0 0
vt 0 0
vt 0 0
vt 0 0
vt 0 0
vt 0 0
vt 0 0
vt 0 0
vt 0 0
vt 0 0
vt 0 0
vt 0 0
vt 0 0
vt 0 0
vt 0 0
vt 0 0
vt 0 0
vt 0 0
vt 0 0
vt 0 0
vt 0 0
vt 0 0
vt 0 0
vt 0 0
vt 0 0
vt 0 0
vt 0 0
vt 0 0
vt 0 0
vt 0 0
vt 0 0
vt 0 0
vt 0 0
vt 0 0
vt 0 0
vt 0 0
vt 0 0
vt 0 0
vt 0 0
vt 0 0
vt 0 0
vt 0 0
vt 0 0
vt 0 0
vt 0 0
vt 0 0
vt 0 0
vt 0 0
vt 0 0
vt 0 0
vt 0 0
vt 0 0
vt 0 0
vt 0 0
vt 0 0
vt 0 0
vt 0 0
vt 0 0
vt 0 0
vt 0 0
vt 0 0
vt 0 0
vt 0 0
vt 0 0
vt 0 0
vt 0 0
vt 0 0
vt 0 0
vt 0 0
vt 0 0
vt 0 0
vt 0 0
vt 0 0
vt 0 0
vt 0 0
vt 0 0
vt 0 0
vt 0 0
vt 0 0
vt 0 0
vt 0 0
vt 0 0
vt 0 0
vt 0 0
vt 0 0
vt 0 0
vt 0 0
vt 0 0
vt 0 0
vt 0 0
vt 0 0
vt 0 0
vt 0 0
vt 0 0
vt 0 0
vt 0 0
vt 0 0
vt 0 0
vt 0 0
vt 0 0
vt 0 0
vt 0 0
vt 0 0
vt 0 0
vt 0 0
vt 0 0
vt 0 0
vt 0 0
vt 0 0
vt 0 0
vt 0 0
vt 0 0
vt 0 0
vt 0 0
vt 0 0
vt 0 0
vt 0 0
vt 0 0
vt 0 0
vt 0 0
vt 0 0
vt 0 0
vt 0 0
vt 0 0
vt 0 0
vt 0 0
vt 0 0
vt 0 0
vt 0 0
vt 0 0
vt 0 0
vt 0 0
vt 0 0
vt 0 0
vt 0 0
vt 0 0
vt 0 0
vt 0 0
vt 0 0
vt 0 0
vt 0 0
vt 0 0
vt 0 0
vt 0 0
vt 0 0
vt 0 0
vt 0 0
vt 0 0
vt 0 0
vt 0 0
vt 0 0
vt 0 0
vt 0 0
vt 0 0
vt 0 0
vt 0 0
vt 0 0
vt 0 0
vt 0 0
vt 0 0
vt 0 0
vt 0 0
vt 0 0
vt 0 0
vt 0 0
vt 0 0
vt 0 0
vt 0 0
vt 0 0
vt 0 0
vt 0 0
vt 0 0
vt 0 0
vt 0 0
vt 0 0
vt 0 0
vt 0 0
vt 0 0
vt 0 0
vt 0 0
vt 0 0
vt 0 0
vt 0 0
vt 0 0
vt 0 0
vt 0 0
vt 0 0
vt 0 0
vt 0 0
vt 0 0
vt 0 0
vt 0 0
vt 0 0
vt 0 0
vt 0 0
vt 0 0
vt 0 0
vt 0 0
vt 0 0
vt 0 0
vt 0 0
vt 0 0
vt 0 0
vt 0 0
vt 0 0
vt 0 0
vt 0 0
vt 0 0
vt 0 0
vt 0 0
vt 0 0
vt 0 0
vt 0 0
vt 0 0
vt 0 0
vt 0 0
vt 0 0
vt 0 0
vt 0 0
vt 0 0
vt 0 0
vt 0 0
vt 0 0
vt 0 0
vt 0 0
vt 0 0
vt 0 0
vt 0 0
vt 0 0
vt 0 0
vt 0 0
vt 0 0
vt 0 0
vt 0 0
vt 0 0
vt 0 0
vt 0 0
vt 0 0
vt 0 0
vt 0 0
vt 0 0
vt 0 0
vt 0 0
vt 0 0
vt 0 0
vt 0 0
vt 0 0
vt 0 0
vt 0 0
vt 0 0
vt 0 0
vt 0 0
vt 0 0
vt 0 0
vt 0 0
vt 0 0
vt 0 0
vt 0 0
vt 0 0
vt 0 0
vt 0 0
vt 0 0
vt 0 0
vt 0 0
vt 0 0
vt 0 0
vt 0 0
vt 0 0
vt 0 0
vt 0 0
vt 0 0
vt 0 0
vt 0 0
vt 0 0
vt 0 0
vt 0 0
vt 0 0
vt 0 0
vt 0 0
vt 0 0
vt 0 0
vt 0 0
vt 0 0
vt 0 0
vt 0 0
vt 0 0
vt 0 0
vt 0 0
vt 0 0
vt 0 0
vt 0 0
vt 0 0
vt 0 0
vt 0 0
vt 0 0
vt 0 0
vt 0 0
vt 0 0
vt 0 0
vt 0 0
vt 0 0
vt 0 0
vt 0 0
vt 0 0
vt 0 0
vt 0 0
vt 0 0
vt 0 0
vt 0 0
vt 0 0
vt 0 0
vt 0 0
vt 0 0
vt 0 0
vt 0 0
vt 0 0
vt 0 0
vt 0 0
vt 0 0
vt 0 0
vt 0 0
vt 0 0
vt 0 0
vt 0 0
vt 0 0
vt 0 0
vt 0 0
vt 0 0
vt 0 0
vt 0 0
vt 0 0
vt 0 0
vt 0 0
vt 0 0
vt 0 0
vt 0 0
vt 0 0
vt 0 0
vt 0 0
vt 0 0
vt 0 0
vt 0 0
vt 0 0
vt 0 0
vt 0 0
vt 0 0
vt 0 0
vt 0 0
vt 0 0
vt 0 0
vt 0 0
vt 0 0
vt 0 0
vt 0 0
vt 0 0
vt 0 0
vt 0 0
vt 0 0
vt 0 0
vt 0 0
vt 0 0
vt 0 0
vt 0 0
vt 0 0
vt 0 0
vt 0 0
vt 0 0
vt 0 0
vt 0 0
vt 0 0
vt 0 0
vt 0 0
vt 0 0
vt 0 0
vt 0 0
vt 0 0
vt 0 0
vt 0 0
vt 0 0
vt 0 0
vt 0 0
vt 0 0
vt 0 0
vt 0 0
vt 0 0
vt 0 0
vt 0 0
vt 0 0
vt 0 0
vt 0 0
vt 0 0
vt 0 0
vt 0 0
vt 0 0
vt 0 0
vt 0 0
vt 0 0
vt 0 0
vt 0 0
vt 0 0
vt 0 0
vt 0 0
vt 0 0
vt 0 0
vt 0 0
vt 0 0
vt 0 0
vt 0 0
vt 0 0
vt 0 0
vt 0 0
vt 0 0
vt 0 0
vt 0 0
vt 0 0
vt 0 0
vt 0 0
vt 0 0
vt 0 0
vt 0 0
vt 0 0
vt 0 0
vt 0 0
vt 0 0
vt 0 0
vt 0 0
vt 0 0
vt 0 0
vt 0 0
vt 0 0
vt 0 0
vt 0 0
vt 0 0
vt 0 0
vt 0 0
vt 0 0
vt 0 0
vt 0 0
vt 0 0
vt 0 0
vt 0 0
vt 0 0
vt 0 0
vt 0 0
vt 0 0
vt 0 0
vt 0 0
vt 0 0
vt 0 0
vt 0 0
vt 0 0
vt 0 0
vt 0 0
vt 0 0
vt 0 0
vt 0 0
vt 0 0
vt 0 0
vt 0 0
vt 0 0
vt 0 0
vt 0 0
vt 0 0
vt 0 0
vt 0 0
vt 0 0
vt 0 0
vt 0 0
vt 0 0
vt 0 0
vt 0 0
vt 0 0
vt 0 0
vt 0 0
vt 0 0
vt 0 0
vt 0 0
vt 0 0
vt 0 0
vt 0 0
vt 0 0
vt 0 0
vt 0 0
vt 0 0
vt 0 0
vt 0 0
vt 0 0
vt 0 0
vt 0 0
vt 0 0
vt 0 0
vt 0 0
vt 0 0
vt 0 0
vt 0 0
vt 0 0
vt 0 0
vt 0 0
vt 0 0
vt 0 0
vt 0 0
vt 0 0
vt 0 0
vt 0 0
vt 0 0
vt 0 0
vt 0 0
vt 0 0
vt 0 0
vt 0 0
vt 0 0
vt 0 0
vt 0 0
vt 0 0
vt 0 0
vt 0 0
vt 0 0
vt 0 0
vt 0 0
vt 0 0
vt 0 0
vt 0 0
vt 0 0
vt 0 0
vt 0 0
vt 0 0
vt 0 0
vt 0 0
vt 0 0
vt 0 0
vt 0 0
vt 0 0
vt 0 0
vt 0 0
vt 0 0
vt 0 0
vt 0 0
vt 0 0
vt 0 0
vt 0 0
vt 0 0
vt 0 0
vt 0 0
vt 0 0
vt 0 0
vt 0 0
vt 0 0
vt 0 0
vt 0 0
vt 0 0
vt 0 0
vt 0 0
vt 0 0
vt 0 0
vt 0 0
vt 0 0
vt 0 0
vt 0 0
vt 0 0
vt 0 0
vt 0 0
vt 0 0
vt 0 0
vt 0 0
vt 0 0
vt 0 0
vt 0 0
vt 0 0
vt 0 0
vt 0 0
vt 0 0
vt 0 0
vt 0 0
vt 0 0
vt 0 0
vt 0 0
vt 0 0
vt 0 0
vt 0 0
vt 0 0
vt 0 0
vt 0 0
vt 0 0
vt 0 0
vt 0 0
vt 0 0
vt 0 0
vt 0 0
vt 0 0
vt 0 0
vt 0 0
vt 0 0
vt 0 0
vt 0 0
vt 0 0
vt 0 0
vt 0 0
vt 0 0
vt 0 0
vt 0 0
vt 0 0
vt 0 0
vt 0 0
vt 0 0
vt 0 0
vt 0 0
vt 0 0
vt 0 0
vt 0 0
vt 0 0
vt 0 0
vt 0 0
vt 0 0
vt 0 0
vt 0 0
vt 0 0
vt 0 0
vt 0 0
vt 0 0
vt 0 0
vt 0 0
vt 0 0
vt 0 0
vt 0 0
vt 0 0
vt 0 0
vt 0 0
vt 0 0
vt 0 0
vt 0 0
vt 0 0
vt 0 0
vt 0 0
vt 0 0
vt 0 0
vt 0 0
vt 0 0
vt 0 0
vt 0 0
vt 0 0
vt 0 0
vt 0 0
vt 0 0
vt 0 0
vt 0 0
vt 0 0
vt 0 0
vt 0 0
vt 0 0
vt 0 0
vt 0 0
vt 0 0
vt 0 0
vt 0 0
vt 0 0
vt 0 0
vt 0 0
vt 0 0
vt 0 0
vt 0 0
vt 0 0
vt 0 0
vt 0 0
vt 0 0
vt 0 0
vt 0 0
vt 0 0
vt 0 0
vt 0 0
vt 0 0
vt 0 0
vt 0 0
vt 0 0
vt 0 0
vt 0 0
vt 0 0
vt 0 0
vt 0 0
vt 0 0
vt 0 0
vt 0 0
vt 0 0
vt 0 0
vt 0 0
vt 0 0
vt 0 0
vt 0 0
vt 0 0
vt 0 0
vt 0 0
vt 0 0
vt 0 0
vt 0 0
vt 0 0
vt 0 0
vt 0 0
vt 0 0
vt 0 0
vt 0 0
vt 0 0
vt 0 0
vt 0 0
vt 0 0
vt 0 0
vt 0 0
vt 0 0
vt 0 0
vt 0 0
vt 0 0
vt 0 0
vt 0 0
vt 0 0
vt 0 0
vt 0 0
vt 0 0
vt 0 0
vt 0 0
vt 0 0
vt 0 0
vt 0 0
vt 0 0
vt 0 0
vt 0 0
vt 0 0
vt 0 0
vt 0 0
vt 0 0
vt 0 0
vt 0 0
vt 0 0
vt 0 0
vt 0 0
vt 0 0
vt 0 0
vt 0 0
vt 0 0
vt 0 0
vt 0 0
vt 0 0
vt 0 0
vt 0 0
vt 0 0
vt 0 0
vt 0 0
vt 0 0
vt 0 0
vt 0 0
vt 0 0
vt 0 0
vt 0 0
vt 0 0
vt 0 0
vt 0 0
vt 0 0
vt 0 0
vt 0 0
vt 0 0
vt 0 0
vt 0 0
vt 0 0
vt 0 0
vt 0 0
vt 0 0
vt 0 0
vt 0 0
vt 0 0
vt 0 0
vt 0 0
vt 0 0
vt 0 0
vt 0 0
vt 0 0
vt 0 0
vt 0 0
vt 0 0
vt 0 0
vt 0 0
vt 0 0
vt 0 0
vt 0 0
vt 0 0
vt 0 0
vt 0 0
vt 0 0
vt 0 0
vt 0 0
vt 0 0
vt 0 0
vt 0 0
vt 0 0
vt 0 0
vt 0 0
vt 0 0
vt 0 0
vt 0 0
vt 0 0
vt 0 0
vt 0 0
vt 0 0
vt 0 0
vt 0 0
vt 0 0
vt 0 0
vt 0 0
vt 0 0
vt 0 0
vt 0 0
vt 0 0
vt 0 0
vt 0 0
vt 0 0
vt 0 0
vt 0 0
vt 0 0
vt 0 0
vt 0 0
vt 0 0
vt 0 0
vt 0 0
vt 0 0
vt 0 0
vt 0 0
vt 0 0
vt 0 0
vt 0 0
vt 0 0
vt 0 0
vt 0 0
vt 0 0
vt 0 0
vt 0 0
vt 0 0
vt 0 0
vt 0 0
vt 0 0
vt 0 0
vt 0 0
vt 0 0
vt 0 0
vt 0 0
vt 0 0
vt 0 0
vt 0 0
vt 0 0
vt 0 0
vt 0 0
vt 0 0
vt 0 0
vt 0 0
vt 0 0
vt 0 0
vt 0 0
vt 0 0
vt 0 0
vt 0 0
vt 0 0
vt 0 0
vt 0 0
vt 0 0
vt 0 0
vt 0 0
vt 0 0
vt 0 0
vt 0 0
vt 0 0
vt 0 0
vt 0 0
vt 0 0
vt 0 0
vt 0 0
vt 0 0
vt 0 0
vt 0 0
vt 0 0
vt 0 0
vt 0 0
vt 0 0
vt 0 0
vt 0 0
vt 0 0
vt 0 0
vt 0 0
vt 0 0
vt 0 0
vt 0 0
vt 0 0
vt 0 0
vt 0 0
vt 0 0
vt 0 0
vt 0 0
vt 0 0
vt 0 0
vt 0 0
vt 0 0
vt 0 0
vt 0 0
vt 0 0
vt 0 0
vt 0 0
vt 0 0
vt 0 0
vt 0 0
vt 0 0
vt 0 0
vt 0 0
vt 0 0
vt 0 0
vt 0 0
vt 0 0
vt 0 0
vt 0 0
vt 0 0
vt 0 0
vt 0 0
vt 0 0
vt 0 0
vt 0 0
vt 0 0
vt 0 0
vt 0 0
vt 0 0
vt 0 0
vt 0 0
vt 0 0
vt 0 0
vt 0 0
vt 0 0
vt 0 0
vt 0 0
vt 0 0
vt 0 0
vt 0 0
vt 0 0
vt 0 0
vt 0 0
vt 0 0
vt 0 0
vt 0 0
vt 0 0
vt 0 0
vt 0 0
vt 0 0
vt 0 0
vt 0 0
vt 0 0
vt 0 0
vt 0 0
vt 0 0
vt 0 0
vt 0 0
vt 0 0
vt 0 0
vt 0 0
vt 0 0
vt 0 0
vt 0 0
vt 0 0
vt 0 0
vt 0 0
vt 0 0
vt 0 0
vt 0 0
vt 0 0
vt 0 0
vt 0 0
vt 0 0
vt 0 0
vt 0 0
vt 0 0
vt 0 0
vt 0 0
vt 0 0
vt 0 0
vt 0 0
vt 0 0
vt 0 0
vt 0 0
vt 0 0
vt 0 0
vt 0 0
vt 0 0
vt 0 0
vt 0 0
vt 0 0
vt 0 0
vt 0 0
vt 0 0
vt 0 0
vt 0 0
vt 0 0
vt 0 0
vt 0 0
vt 0 0
vt 0 0
vt 0 0
vt 0 0
vt 0 0
vt 0 0
vt 0 0
vt 0 0
vt 0 0
vt 0 0
vt 0 0
vt 0 0
vt 0 0
vt 0 0
vt 0 0
vt 0 0
vt 0 0
vt 0 0
vt 0 0
vt 0 0
vt 0 0
vt 0 0
vt 0 0
vt 0 0
vt 0 0
vt 0 0
vt 0 0
vt 0 0
vt 0 0
vt 0 0
vt 0 0
vt 0 0
vt 0 0
vt 0 0
vt 0 0
vt 0 0
vt 0 0
vt 0 0
vt 0 0
vt 0 0
vt 0 0
vt 0 0
vt 0 0
vt 0 0
vt 0 0
vt 0 0
vt 0 0
vt 0 0
vt 0 0
vt 0 0
vt 0 0
vt 0 0
vt 0 0
vt 0 0
vt 0 0
vt 0 0
vt 0 0
vt 0 0
vt 0 0
vt 0 0
vt 0 0
vt 0 0
vt 0 0
vt 0 0
vt 0 0
vt 0 0
vt 0 0
vt 0 0
vt 0 0
vt 0 0
vt 0 0
vt 0 0
vt 0 0
vt 0 0
vt 0 0
vt 0 0
vt 0 0
vt 0 0
vt 0 0
vt 0 0
vt 0 0
vt 0 0
vt 0 0
vt 0 0
vt 0 0
vt 0 0
vt 0 0
vt 0 0
vt 0 0
vt 0 0
vt 0 0
vt 0 0
vt 0 0
vt 0 0
vt 0 0
vt 0 0
vt 0 0
vt 0 0
vt 0 0
vt 0 0
vt 0 0
vt 0 0
vt 0 0
vt 0 0
vt 0 0
vt 0 0
vt 0 0
vt 0 0
vt 0 0
vt 0 0
vt 0 0
vt 0 0
vt 0 0
vt 0 0
vt 0 0
vt 0 0
vt 0 0
vt 0 0
vt 0 0
vt 0 0
vt 0 0
vt 0 0
vt 0 0
vt 0 0
vt 0 0
vt 0 0
vt 0 0
vt 0 0
vt 0 0
vt 0 0
vt 0 0
vt 0 0
vt 0 0
vt 0 0
vt 0 0
vt 0 0
vt 0 0
vt 0 0
vt 0 0
vt 0 0
vt 0 0
vt 0 0
vt 0 0
vt 0 0
vt 0 0
vt 0 0
vt 0 0
vt 0 0
vt 0 0
vt 0 0
vt 0 0
vt 0 0
vt 0 0
vt 0 0
vt 0 0
vt 0 0
vt 0 0
vt 0 0
vt 0 0
vt 0 0
vt 0 0
vt 0 0
vt 0 0
vt 0 0
vt 0 0
vt 0 0
vt 0 0
vt 0 0
vt 0 0
vt 0 0
vt 0 0
vt 0 0
vt 0 0
vt 0 0
vt 0 0
vt 0 0
vt 0 0
vt 0 0
vt 0 0
vt 0 0
vt 0 0
vt 0 0
vt 0 0
vt 0 0
vt 0 0
vt 0 0
vt 0 0
vt 0 0
vt 0 0
vt 0 0
vt 0 0
vt 0 0
vt 0 0
vt 0 0
vt 0 0
vt 0 0
vt 0 0
vt 0 0
vt 0 0
vt 0 0
vt 0 0
vt 0 0
vt 0 0
vt 0 0
vt 0 0
vt 0 0
vt 0 0
vt 0 0
vt 0 0
vt 0 0
vt 0 0
vt 0 0
vt 0 0
vt 0 0
vt 0 0
vt 0 0
vt 0 0
vt 0 0
vt 0 0
vt 0 0
vt 0 0
vt 0 0
vt 0 0
vt 0 0
vt 0 0
vt 0 0
vt 0 0
vt 0 0
vt 0 0
vt 0 0
vt 0 0
vt 0 0
vt 0 0
vt 0 0
vt 0 0
vt 0 0
vt 0 0
vt 0 0
vt 0 0
vt 0 0
vt 0 0
vt 0 0
vt 0 0
vt 0 0
vt 0 0
vt 0 0
vt 0 0
vt 0 0
vt 0 0
vt 0 0
vt 0 0
vt 0 0
vt 0 0
vt 0 0
vt 0 0
vt 0 0
vt 0 0
vt 0 0
vt 0 0
vt 0 0
vt 0 0
vt 0 0
vt 0 0
vt 0 0
vt 0 0
vt 0 0
vt 0 0
vt 0 0
vt 0 0
vt 0 0
vt 0 0
vt 0 0
vt 0 0
vt 0 0
vt 0 0
vt 0 0
vt 0 0
vt 0 0
vt 0 0
vt 0 0
vt 0 0
vt 0 0
vt 0 0
vt 0 0
vt 0 0
vt 0 0
vt 0 0
vt 0 0
vt 0 0
vt 0 0
vt 0 0
vt 0 0
vt 0 0
vt 0 0
vt 0 0
vt 0 0
vt 0 0
vt 0 0
vt 0 0
vt 0 0
vt 0 0
vt 0 0
vt 0 0
vt 0 0
vt 0 0
vt 0 0
vt 0 0
vt 0 0
vt 0 0
vt 0 0
vt 0 0
vt 0 0
vt 0 0
vt 0 0
vt 0 0
vt 0 0
vt 0 0
vt 0 0
vt 0 0
vt 0 0
vt 0 0
vt 0 0
vt 0 0
vt 0 0
vt 0 0
vt 0 0
vt 0 0
vt 0 0
vt 0 0
vt 0 0
vt 0 0
vt 0 0
vt 0 0
vt 0 0
vt 0 0
vt 0 0
vt 0 0
vt 0 0
vt 0 0
vt 0 0
vt 0 0
vt 0 0
vt 0 0
vt 0 0
vt 0 0
vt 0 0
vt 0 0
vt 0 0
vt 0 0
vt 0 0
vt 0 0
vt 0 0
vt 0 0
vt 0 0
vt 0 0
vt 0 0
vt 0 0
vt 0 0
vt 0 0
vt 0 0
vt 0 0
vt 0 0
vt 0 0
vt 0 0
vt 0 0
vt 0 0
vt 0 0
vt 0 0
vt 0 0
vt 0 0
vt 0 0
vt 0 0
vt 0 0
vt 0 0
vt 0 0
vt 0 0
vt 0 0
vt 0 0
vt 0 0
vt 0 0
vt 0 0
vt 0 0
vt 0 0
vt 0 0
vt 0 0
vt 0 0
vt 0 0
vt 0 0
vt 0 0
vt 0 0
vt 0 0
vt 0 0
vt 0 0
vt 0 0
vt 0 0
vt 0 0
vt 0 0
vt 0 0
vt 0 0
vt 0 0
vt 0 0
vt 0 0
vt 0 0
vt 0 0
vt 0 0
vt 0 0
vt 0 0
vt 0 0
vt 0 0
vt 0 0
vt 0 0
vt 0 0
vt 0 0
vt 0 0
vt 0 0
vt 0 0
vt 0 0
vt 0 0
vt 0 0
vt 0 0
vt 0 0
vt 0 0
vt 0 0
vt 0 0
vt 0 0
vt 0 0
vt 0 0
vt 0 0
vt 0 0
vt 0 0
vt 0 0
vt 0 0
vt 0 0
vt 0 0
vt 0 0
vt 0 0
vt 0 0
vt 0 0
vt 0 0
vt 0 0
vt 0 0
vt 0 0
vt 0 0
vt 0 0
vt 0 0
vt 0 0
vt 0 0
vt 0 0
vt 0 0
vt 0 0
vt 0 0
vt 0 0
vt 0 0
vt 0 0
vt 0 0
vt 0 0
vt 0 0
vt 0 0
vt 0 0
vt 0 0
vt 0 0
vt 0 0
vt 0 0
vt 0 0
vt 0 0
vt 0 0
vt 0 0
vt 0 0
vt 0 0
vt 0 0
vt 0 0
vt 0 0
vt 0 0
vt 0 0
vt 0 0
vt 0 0
vt 0 0
vt 0 0
vt 0 0
vt 0 0
vt 0 0
vt 0 0
vt 0 0
vt 0 0
vt 0 0
vt 0 0
vt 0 0
vt 0 0
vt 0 0
vt 0 0
vt 0 0
vt 0 0
vt 0 0
vt 0 0
vt 0 0
vt 0 0
vt 0 0
vt 0 0
vt 0 0
vt 0 0
vt 0 0
vt 0 0
vt 0 0
vt 0 0
vt 0 0
vt 0 0
vt 0 0
vt 0 0
vt 0 0
vt 0 0
vt 0 0
vt 0 0
vt 0 0
vt 0 0
vt 0 0
vt 0 0
vt 0 0
vt 0 0
vt 0 0
vt 0 0
vt 0 0
vt 0 0
vt 0 0
vt 0 0
vt 0 0
vt 0 0
vt 0 0
vt 0 0
vt 0 0
vt 0 0
vt 0 0
vt 0 0
vt 0 0
vt 0 0
vt 0 0
vt 0 0
vt 0 0
vt 0 0
vt 0 0
vt 0 0
vt 0 0
vt 0 0
vt 0 0
vt 0 0
vt 0 0
vt 0 0
vt 0 0
vt 0 0
vt 0 0
vt 0 0
vt 0 0
vt 0 0
vt 0 0
vt 0 0
vt 0 0
vt 0 0
vt 0 0
vt 0 0
vt 0 0
vt 0 0
vt 0 0
vt 0 0
vt 0 0
vt 0 0
vt 0 0
vt 0 0
vt 0 0
vt 0 0
vt 0 0
vt 0 0
vt 0 0
vt 0 0
vt 0 0
vt 0 0
vt 0 0
vt 0 0
vt 0 0
vt 0 0
vt 0 0
vt 0 0
vt 0 0
vt 0 0
vt 0 0
vt 0 0
vn -0.123700359 -0.696711904 -0.706605083
vn -0.114742132 -0.695903743 -0.708909178
vn -0.0971198927 -0.700125832 -0.707383592
vn -0.0748978347 -0.7034529 -0.706784502
vn -0.0660689051 -0.702022102 -0.709083823
vn -0.0480933664 -0.705169242 -0.707406085
vn -0.0255946532 -0.706987541 -0.706762712
vn -0.0169993555 -0.704906068 -0.70909693
vn 0.00125224498 -0.706761151 -0.707451134
vn 0.0237395332 -0.706990229 -0.706824767
vn 0.0321604354 -0.704363775 -0.709110272
vn 0.0504859446 -0.704996257 -0.707411795
vn 0.0729887981 -0.703715061 -0.706723248
vn 0.0811155293 -0.700458053 -0.709068958
vn 0.0995904935 -0.699796121 -0.707366329
vn 0.122002215 -0.69694509 -0.706670362
vn 0.12977304 -0.693151258 -0.709013604
vn 0.148111044 -0.691234284 -0.707289391
vn 0.170319186 -0.686819678 -0.706590479
vn 0.177804008 -0.682463468 -0.708963574
vn 0.196023484 -0.679189044 -0.707302648
vn 0.21768053 -0.673187559 -0.706706231
vn 0.225026036 -0.668267651 -0.709070963
vn 0.242930098 -0.663695272 -0.70745569
vn 0.264088559 -0.656250029 -0.706819024
vn 0.271141504 -0.650841008 -0.709146153
vn 0.288554684 -0.645209884 -0.707418123
vn 0.309296917 -0.636334085 -0.706692542
vn 0.316069009 -0.630249146 -0.709144834
vn 0.332992228 -0.623336974 -0.707507733
vn 0.57185436 -0.416596746 -0.706703433
vn 0.575219179 -0.40797994 -0.708995955
vn 0.586595115 -0.394106922 -0.707520958
vn 0.624103023 -0.332926606 -0.706862993
vn 0.626301954 -0.324100201 -0.70901687
vn 0.63574063 -0.308685656 -0.707493475
vn 0.645843869 -0.288590255 -0.706824845
vn 0.647096198 -0.279855065 -0.709188024
vn 0.655688951 -0.263582591 -0.707528244
vn 0.664356976 -0.242813323 -0.706874457
vn 0.665088925 -0.233739724 -0.709240766
vn 0.672465585 -0.217044997 -0.707588514
vn 0.691910703 -0.147996147 -0.706651767
vn 0.691500944 -0.138973903 -0.708881301
vn 0.696322855 -0.121548339 -0.707361635
vn 0.700417338 -0.0994304341 -0.706773756
vn 0.699255033 -0.0907444859 -0.709089442
vn 0.703062102 -0.0726396053 -0.707408771
vn 0.705735037 -0.0502183034 -0.706693837
vn 0.704033746 -0.0426448741 -0.708884969
vn 0.70683487 -0.0238157945 -0.706977563
vn -0.19356854 -0.679617815 -0.707566849
vn -0.219468414 -0.672498581 -0.70680922
vn -0.210522645 -0.67285172 -0.709190227
vn -0.240570647 -0.664556496 -0.707453481
vn -0.265914401 -0.655541099 -0.70679233
vn -0.25701899 -0.65658422 -0.709110993
vn -0.286329929 -0.646223972 -0.707396458
vn -0.310933158 -0.635494799 -0.706729744
vn -0.302136248 -0.63713504 -0.709064615
vn -0.330751634 -0.624684823 -0.707369938
vn -0.354621169 -0.612269755 -0.706660862
vn -0.346003739 -0.614424881 -0.709058162
vn -0.373532457 -0.600075385 -0.707377577
vn -0.396398811 -0.586003779 -0.706730185
vn -0.3881148 -0.588717087 -0.709069174
vn -0.414469854 -0.572563313 -0.707379667
vn -0.436328677 -0.556902942 -0.706736442
vn -0.428206148 -0.560249927 -0.709055367
vn -0.453444117 -0.542217247 -0.707381715
vn -0.474067932 -0.525165385 -0.706725487
vn -0.466198876 -0.52906199 -0.709050082
vn -0.49009864 -0.509347066 -0.707367577
vn -0.509587947 -0.490825508 -0.70668978
vn -0.501983231 -0.495250111 -0.709041722
vn -0.524519657 -0.473843195 -0.707355466
vn -0.542586792 -0.454063585 -0.706700668
vn -0.535308791 -0.459030192 -0.709038632
vn -0.556262435 -0.436169685 -0.707338752
vn -0.572962934 -0.415196295 -0.706629686
vn -0.566042439 -0.420570981 -0.709024687
vn -0.585330475 -0.396303676 -0.707341241
vn -0.600548648 -0.374032661 -0.70671132
vn -0.594053794 -0.379940742 -0.709045219
vn -0.611561033 -0.354429472 -0.707370378
vn -0.625060258 -0.331437258 -0.706717071
vn -0.619058016 -0.337637933 -0.709061209
vn -0.634730588 -0.310940599 -0.70741291
vn -0.646641559 -0.286837044 -0.706809171
vn -0.641006319 -0.293648676 -0.709141279
vn -0.65479197 -0.26586584 -0.707504651
vn -0.664987829 -0.241052637 -0.706883876
vn -0.659872197 -0.248309956 -0.709162076
vn -0.671820983 -0.219575639 -0.707420035
vn -0.680427807 -0.194086212 -0.706645981
vn -0.675700746 -0.201727695 -0.709037685
vn -0.685590165 -0.172237192 -0.707319218
vn -0.692255867 -0.146244201 -0.706678462
vn -0.688159114 -0.153978781 -0.70903284
vn -0.695869941 -0.123928621 -0.707394319
vn -0.70066874 -0.0974427817 -0.706801402
vn -0.697172107 -0.105595738 -0.709084334
vn -0.702821596 -0.0750663699 -0.707394405
vn -0.705857169 -0.0484982961 -0.706691992
vn -0.70289535 -0.0568910581 -0.709014482
vn -0.706404911 -0.025918554 -0.707333253
vn -0.707355938 0.000971326111 -0.706856869
vn -0.705190606 -0.0083264735 -0.708968885
vn -0.706530864 0.0233103948 -0.707298214
vn -0.70556429 0.0505275598 -0.706842273
vn -0.704151319 0.0402053174 -0.70891075
vn -0.703138984 0.0724041885 -0.707356489
vn -0.700255453 0.0995481385 -0.706917583
vn -0.699632786 0.0890655472 -0.708929681
vn -0.696382181 0.121325034 -0.707341568
vn -0.691686547 0.148248965 -0.706818198
vn -0.691809376 0.137607698 -0.708846887
vn -0.686323492 0.169660784 -0.707230714
vn -0.679750876 0.196036701 -0.706759053
vn -0.680553307 0.185482559 -0.708832432
vn -0.672699062 0.21703801 -0.707368698
vn -0.664113148 0.242999674 -0.707039522
vn -0.665804374 0.232443701 -0.708995389
vn -0.655855387 0.263360989 -0.707456501
vn -0.645691084 0.288688356 -0.706924365
vn -0.648008386 0.278283796 -0.708973385
vn -0.635928552 0.308577379 -0.70737181
vn -0.623973143 0.333152628 -0.706871165
vn -0.62699188 0.322939909 -0.708936526
vn -0.612888513 0.352138041 -0.707365868
vn -0.599836079 0.375713216 -0.706424984
vn -0.604512144 0.364489435 -0.70831668
vn -0.572737338 0.415053369 -0.706896486
vn -0.556779673 0.436293386 -0.706855344
vn -0.560346841 0.428599089 -0.708741306
vn -0.542391095 0.453388997 -0.70728376
vn -0.524968586 0.474082192 -0.706862121
vn -0.530133119 0.46520742 -0.708901215
vn -0.509476823 0.489960743 -0.707369661
vn -0.490439952 0.509644926 -0.706916333
vn -0.496501707 0.500900619 -0.708932032
vn -0.47406219 0.524351494 -0.707333408
vn -0.453858281 0.542576486 -0.706840447
vn -0.460436894 0.534288064 -0.708896418
vn -0.436327948 0.556131819 -0.70734385
vn -0.414811278 0.57297831 -0.706843307
vn -0.421953702 0.565164439 -0.708903541
vn -0.396533571 0.585205528 -0.707315783
vn -0.373802735 0.600488577 -0.706883996
vn -0.381469561 0.593239103 -0.708906441
vn -0.354666447 0.611381183 -0.707407068
vn -0.33167298 0.625200718 -0.706482198
vn -0.341356592 0.61780414 -0.708373998
vn -0.288404291 0.645748687 -0.706987693
vn -0.263999964 0.656110037 -0.706982064
vn -0.271062342 0.651179546 -0.708865576
vn -0.243109459 0.663711393 -0.707378949
vn -0.21738307 0.673115296 -0.706866607
vn -0.226480567 0.667938154 -0.708918313
vn -0.196242684 0.679145842 -0.707283348
vn -0.170173218 0.686672947 -0.706768236
vn -0.179496246 0.682153709 -0.708835252
vn -0.148361722 0.691195413 -0.70727484
vn -0.121726008 0.696845003 -0.706816681
vn -0.131492318 0.69295592 -0.708887765
vn -0.0998168526 0.699786315 -0.707344124
vn -0.0727497015 0.703579472 -0.706882881
vn -0.0828524937 0.700416114 -0.708909537
vn -0.0507730173 0.705065849 -0.707321885
vn -0.0234826139 0.706929525 -0.706894061
vn -0.0338915809 0.704496978 -0.708897291
vn -0.00145439592 0.706832455 -0.707379506
vn 0.0258351097 0.706822748 -0.706918771
vn 0.0153551735 0.705132708 -0.70890908
vn 0.0478441942 0.705253427 -0.707339053
vn 0.0750091643 0.703326436 -0.706898542
vn 0.0643445228 0.702366563 -0.708901258
vn 0.0969106317 0.700193276 -0.707345535
vn 0.123987012 0.696489097 -0.706774475
vn 0.11344203 0.696108905 -0.70891699
vn 0.145594356 0.69172524 -0.707331941
vn 0.17204342 0.686640827 -0.706346541
vn 0.159995965 0.687566725 -0.708274869
vn 0.21773454 0.672949475 -0.706916313
vn 0.242883855 0.664207246 -0.706990925
vn 0.234374577 0.665327039 -0.708807794
vn 0.263477448 0.655890413 -0.707380661
vn 0.288680541 0.645663532 -0.70695272
vn 0.278194339 0.648281636 -0.708758654
vn 0.4715284 0.526312875 -0.707570297
vn 0.492108756 0.507980161 -0.706954828
vn 0.482713469 0.514324344 -0.708842842
vn 0.671592222 0.219966844 -0.707515706
vn 0.680379626 0.193859634 -0.706754559
vn 0.675328254 0.204082578 -0.708718597
vn -0.800224798 0.599699987 0.000446396278
vn -0.812839124 0.582484703 -0.00203210202
vn -0.791747946 0.610845699 0.00164967593
vn -0.812839124 0.582484703 -0.00203210202
vn -0.809733387 0.58679795 -9.20549714e-05
vn -0.814817883 0.579716666 0.000636132882
vn -0.582160781 0.813071206 -0.00200988333
vn -0.588029035 0.808839808 -0.00013718095
vn -0.600109746 0.799917565 0.000426572886
vn -0.588029035 0.808839808 -0.00013718095
vn -0.582160781 0.813071206 -0.00200988333
vn -0.579538816 0.814944378 0.000648294278
vn 0.800327671 -0.599562714 0.000414087589
vn 0.812573833 -0.582854974 -0.00196072362
vn 0.791605619 -0.611030242 0.00160884141
vn 0.935568449 -0.353145211 0.00037030375
vn 0.940597169 -0.339522389 0.00122995848
vn 0.939693102 -0.342018816 -5.70896924e-05
vn 0.812573833 -0.582854974 -0.00196072362
vn 0.809389698 -0.58727192 -9.4121226e-05
vn 0.815176605 -0.579212248 0.000523874827
vn -0.321893878 0.946775756 -3.22880716e-08
vn -0.327528386 0.944841144 0.000607107299
vn -0.309025624 0.951053705 0.000120729721
vn 0.613973424 -0.612605974 -0.497745472
vn 0.61274578 -0.613460142 -0.498206045
vn 0.612338037 -0.612366409 -0.500049508
vn 0.345387761 -0.938460064 5.24598588e-05
vn 0.354497422 -0.935056897 0.000419698934
vn 0.342313397 -0.939585832 -4.17084361e-05
vn -0.599736883 -0.800197262 0.00011172979
vn -0.587823318 -0.808989328 0.000121786773
vn -0.611200289 -0.791475853 0.000426669587
vn 0.782570537 0.622561928 1.91217622e-06
vn 0.76676038 0.64193294 0.000786868011
vn 0.753832865 0.657065322 0.00108338029
vn 0.943121807 -0.332445538 0.00110493486
vn 0.946710238 -0.322086516 3.13763815e-05
vn 0.951017559 -0.309136868 -4.92918025e-06
vn 0.588132972 -0.808763377 0.0011867188
vn 0.613806001 -0.789456893 7.93615899e-05
vn 0.616301163 -0.787510553 7.28376089e-05
vn 0.500213165 -0.865901919 0.000810281461
vn 0.527734067 -0.849409622 0.000218972735
vn 0.531013353 -0.847363147 -0.000718925474
vn -0.621761331 -0.783206772 -1.56645622e-05
vn -0.626172093 -0.779684875 -7.84359688e-05
vn -0.611200289 -0.791475853 0.000426669587
vn -0.952159309 -0.305602111 1.54537396e-05
vn -0.946829053 -0.321737071 -4.4519939e-05
vn -0.951053165 -0.309027272 0.000152405244
vn -0.309107899 -0.951026974 2.55514023e-05
vn -0.332327889 -0.943163297 0.00108100563
vn -0.322215467 -0.946666358 2.11870828e-05
vn 0.827830129 0.560978825 -0.000186093005
vn 0.818679665 0.574250442 0.000190231128
vn 0.814097486 0.58072801 0.000512150013
vn -0.358137722 -0.933668542 0.000651930393
vn -0.339402737 -0.940640276 0.00128562214
vn -0.344292431 -0.938858009 -0.00289156309
vn -0.559504269 -0.828827439 0.000221947178
vn -0.555502826 -0.831514647 5.18520495e-05
vn -0.529955781 -0.848025045 0.000626787399
vn -0.766269904 -0.642516707 0.00164764686
vn -0.756121051 -0.654430698 -0.00119060815
vn -0.742948663 -0.669346647 0.00153314685
vn -0.829001033 -0.559246317 0.000919031878
vn -0.810269332 -0.58605751 0.000451504506
vn -0.808551225 -0.58842578 0.000134036605
vn 0.932209606 0.361918746 -0.000268015602
vn 0.941361015 0.337401005 3.34636681e-05
vn 0.934515036 0.355923226 0.000552378697
vn 0.790901206 0.611943739 0.00037787358
vn 0.780105792 0.625647622 -8.07835772e-05
vn 0.782570537 0.622561928 1.91217622e-06
vn 0.780105792 0.625647622 -8.07835772e-05
vn 0.76676038 0.64193294 0.000786868011
vn 0.782570537 0.622561928 1.91217622e-06
vn 0.600125767 0.799905647 0.0001372817
vn 0.586060002 0.81026723 0.000830783529
vn 0.588935553 0.808179437 -0.000954824382
vn -0.935525118 0.35325998 0.000374941504
vn -0.94118408 0.337892524 0.00108180006
vn -0.939651373 0.342133442 -6.49583778e-05
vn 0.765896116 0.642962374 0.0015891727
vn 0.750694613 0.660648917 -0.00077890248
vn 0.743166205 0.669105348 0.00142324482
vn 0.847958242 0.530061826 0.00113139124
vn 0.832275316 0.554362466 -0.000235957788
vn 0.82850265 0.559985138 5.65813936e-05
vn 0.94259363 0.333939819 0.00120268471
vn 0.937705593 0.347425944 0.00185348004
vn 0.927148472 0.374694024 -0.000314698937
vn 0.927148472 0.374694024 -0.000314698937
vn 0.937705593 0.347425944 0.00185348004
vn 0.925590343 0.37852675 0.000127578868
vn 0.939637826 0.342170651 2.73510792e-05
vn 0.94259363 0.333939819 0.00120268471
vn 0.927148472 0.374694024 -0.000314698937
vn -0.943604564 0.331073156 0.000996202437
vn -0.951034136 0.309085859 6.85579324e-05
vn -0.94118408 0.337892524 0.00108180006
vn 0.572699569 0.819765302 0.000230153755
vn 0.559320181 0.828951581 0.000459279278
vn 0.556922663 0.830564303 0.000293138751
vn -0.668946298 0.743309228 0.00149750645
vn -0.680983415 0.732297411 -0.00144591809
vn -0.694819753 0.719182258 0.00154621423
vn -0.586131622 0.810214684 -0.00137393523
vn -0.600313632 0.799764651 0.000212994742
vn -0.615938873 0.787793003 0.00122003915
vn -0.497777797 0.867296767 -0.0036854351
vn -0.520579808 0.853811372 0.0016744189
vn -0.530503638 0.847682606 0.00029867626
vn 0.322139522 -0.946692202 -5.24316114e-05
vn 0.32450482 -0.945883981 0.000341622214
vn 0.308993174 -0.951064238 0.000185283837
vn -0.612128362 -0.612237797 0.500463533
vn -0.611627874 -0.611733196 0.501690982
vn -0.612574964 -0.612527697 0.499561542
vn -0.941903953 0.335882218 -0.000282485621
vn -0.941499633 0.337013626 -0.000507298615
vn -0.940363986 0.340169394 -0.00059720605
vn -0.726581055 -0.687080344 0.000756709967
vn -0.724362996 -0.689418761 -0.00014865827
vn -0.712531169 -0.701640446 0.000133984362
vn -0.172367468 -0.686110972 -0.70678228
vn -0.162528558 -0.686254679 -0.708970369
vn -0.14581109 -0.691905055 -0.707111392
vn 0.352735161 -0.6132434 -0.706760524
vn 0.360187425 -0.606284055 -0.709002583
vn 0.375712709 -0.598824527 -0.707282932
vn 0.394600111 -0.587155606 -0.706780763
vn 0.401940667 -0.579653492 -0.708833922
vn 0.41667397 -0.571120636 -0.707251032
vn 0.434553662 -0.55822463 -0.706787363
vn 0.441391939 -0.550222188 -0.708822051
vn 0.455509657 -0.54064446 -0.707258454
vn 0.47242391 -0.526577531 -0.706775604
vn 0.478652033 -0.518123868 -0.708829943
vn 0.492014906 -0.507638415 -0.70726556
vn 0.508000254 -0.492338806 -0.706780194
vn 0.513654749 -0.48344747 -0.708828147
vn 0.526354902 -0.471970672 -0.707244089
vn 0.541106405 -0.455721172 -0.706768754
vn 0.546016212 -0.446621802 -0.708798463
vn 0.557946164 -0.434341459 -0.707137593
vn 0.599308905 -0.375907598 -0.706768926
vn 0.602569478 -0.366449813 -0.708960195
vn 0.61291261 -0.352433064 -0.70719804
vn 0.679696552 -0.196160001 -0.706777087
vn 0.680241063 -0.186186631 -0.708947554
vn 0.686390278 -0.169945254 -0.707097587
vn 0.321502489 0.628093803 -0.708614369
vn 0.30860204 0.636201333 -0.707115722
vn 0.333350045 0.623523557 -0.707174746
vn 0.364255189 0.604246079 -0.708664118
vn 0.352055645 0.612997184 -0.707312714
vn 0.3759751 0.598893997 -0.707084652
vn 0.405531846 0.577348621 -0.708669522
vn 0.393935189 0.586998962 -0.707281617
vn 0.416897844 0.571171793 -0.707077768
vn 0.444997545 0.547287914 -0.708839279
vn 0.433953572 0.558074996 -0.70727406
vn 0.455722918 0.540710795 -0.707070335
vn 0.516915179 0.480263689 -0.708622245
vn 0.507659033 0.492192164 -0.707127414
vn 0.526504186 0.472030217 -0.707093216
vn 0.548905219 0.443248561 -0.708684537
vn 0.540391278 0.455733548 -0.707307712
vn 0.558156518 0.43399512 -0.707184231
vn 0.578474217 0.403940584 -0.708660416
vn 0.570888698 0.416906595 -0.707301199
vn 0.58701646 0.394175646 -0.70713311
vn 0.604647282 0.364297184 -0.708300237
vn 0.598606819 0.375976917 -0.707326823
vn 0.613409882 0.353042189 -0.706462688
vn 0.640977603 0.295215271 -0.708516518
vn 0.635500736 0.310945604 -0.70671893
vn 0.646582692 0.286336107 -0.707066091
vn 0.659083779 0.251302568 -0.70884102
vn 0.654890648 0.26625013 -0.707268766
vn 0.664934342 0.24033484 -0.707178538
vn 0.687837712 0.157468049 -0.708578221
vn 0.685848457 0.172472845 -0.707011324
vn 0.691947343 0.145568461 -0.707120003
vn 0.697039424 0.110899173 -0.708404838
vn 0.695823119 0.124469829 -0.707345353
vn 0.700831286 0.0973320145 -0.706655494
vn 0.7052122 0.0351588745 -0.708124005
vn 0.705726723 0.0502575249 -0.706699352
vn 0.70719877 0.0236643282 -0.706618638
vn 0.612045727 0.612256847 0.500541288
vn 0.612560723 0.612810645 0.499231884
vn 0.611776883 0.611874635 0.50133669
vn -0.780948828 -0.62458218 0.00400360912
vn -0.81176094 -0.583986743 -0.00191329088
vn -0.791261758 -0.611475441 0.00161699676
vn 0.611989578 -0.611800393 0.501167672
vn 0.612203056 -0.611927385 0.500751729
vn 0.612173624 -0.612124152 0.500547177
vn 0.946745569 0.32198265 1.64814172e-05
vn 0.944354224 0.32892942 0.000732562204
vn 0.951062754 0.308997765 0.000140071185
vn -0.544530091 0.838741298 0.000124566082
vn -0.56510677 0.825017781 -2.265407e-06
vn -0.548278623 0.836295594 -0.000481424789
vn 0.331006621 0.943628383 -0.000302240635
vn 0.325667914 0.945484209 -0.000144936579
vn 0.322295539 0.9466391 8.96823875e-06
vn 0 0 -1
vn 0 0 -1
vn 0 0 -1
vn -0.666205709 -0.665640776 -0.336292001
vn -0.644681008 -0.644394608 -0.411268753
vn -0.639136866 -0.639272943 -0.427591125
vn -0.675107675 -0.675442892 -0.296658941
vn -0.644681008 -0.644394608 -0.411268753
vn -0.666205709 -0.665640776 -0.336292001
vn 0.613018263 0.6131997 -0.498191467
vn 0.612102409 0.612102111 -0.50066121
vn 0.611863996 0.611763324 -0.501366219
vn -0.612525398 -0.612467164 -0.499696518
vn -0.612112299 -0.611984746 -0.500792576
vn -0.613339421 -0.613202747 -0.497792271
vn -0.684994819 -0.728547754 0.000518159244
vn -0.67055439 -0.741860021 0.000720531611
vn -0.65425665 -0.756272504 -0.000369082413
vn 0.636115683 0.636268152 0.436485597
vn 0.646596229 0.64775852 0.402892314
vn 0.671742089 0.669607587 0.31684104
vn -0.661951071 0.663576729 0.348549429
vn -0.6314587 0.632466197 0.448604971
vn -0.682687367 0.681286598 0.264171401
vn -0.701772093 0.701801478 0.122436169
vn -0.687029481 0.687454462 0.235365366
vn -0.701509358 0.700916411 0.128844112
vn -0.624234866 0.625428986 -0.468155333
vn -0.656399741 0.65847124 -0.368177954
vn -0.679527309 0.677942362 -0.28042252
vn 0.651219519 -0.651663693 0.388905604
vn 0.636153769 -0.636231076 0.436484136
vn 0.665439488 -0.664896967 0.339267314
vn -0.81176094 -0.583986743 -0.00191329088
vn -0.780948828 -0.62458218 0.00400360912
vn -0.769255826 -0.638926156 0.0043407274
vn -0.612157244 0.612211186 -0.500460759
vn -0.612819846 0.612843866 -0.498872962
vn -0.612612546 0.612630487 -0.499389381
vn -0.679527309 0.677942362 -0.28042252
vn -0.645456979 0.644631633 -0.409677124
vn -0.624234866 0.625428986 -0.468155333
vn -0.6314587 0.632466197 0.448604971
vn -0.651242136 0.650404154 0.390970736
vn -0.682687367 0.681286598 0.264171401
vn 0.00566729895 0.00108086677 0.999983357
vn 0.183126262 -0.0010110621 0.983088882
vn 0.00663622517 -0.00024972923 0.999977949
vn -0.685881075 0.686380025 -0.241763546
vn -0.701680371 0.701530346 -0.124498317
vn -0.700642552 0.700044538 -0.137977024
vn -0.612674845 0.612635029 0.499307375
vn -0.611981806 0.611943003 0.501003024
vn -0.612566349 0.612755117 0.499293135
vn -0.632524978 0.774538828 -0.00132557403
vn -0.657332578 0.753598904 0.00160463894
vn -0.6692856 0.74300242 0.00204685914
vn 0.669241701 -0.669134651 -0.323070215
vn 0.639385655 -0.639440253 -0.426968554
vn 0.667024719 -0.666925776 -0.332096422
vn 0.806628 0.591059395 0.000248708824
vn 0.81007911 0.58632029 0.00059420791
vn 0.799698471 0.600401818 0.000106964391
vn -0.939563697 -0.342374088 -0.000205702353
vn -0.938640353 -0.3448975 5.23321427e-05
vn -0.934861866 -0.355011354 0.000478345944
vn -0.799970286 -0.600039495 0.000382559644
vn -0.81176094 -0.583986743 -0.00191329088
vn -0.810346371 -0.585950498 0.000879436738
vn -0.656412836 -0.754401023 0.00113347405
vn -0.642344041 -0.766415994 0.000810589097
vn -0.621761331 -0.783206772 -1.56645622e-05
vn 0.611568473 0.791190694 0.00113505875
vn 0.588935553 0.808179437 -0.000954824382
vn 0.624553157 0.780975536 0.00325056382
vn 0.561391617 -0.827550269 -7.12290088e-05
vn 0.567893166 -0.823102262 0.000133444661
vn 0.555169869 -0.831736965 0.000191227427
vn 0.588023547 -0.808843797 -0.000139343524
vn 0.599937441 -0.800046804 0.000421532257
vn 0.581418156 -0.813604414 -0.000886070542
vn 0.700837141 -0.713321096 0.000561923958
vn 0.694905749 -0.719100824 6.27281326e-05
vn 0.712625416 -0.701544734 -5.97562988e-05
vn 0.351229736 0.936289274 0.00026162889
vn 0.338079929 0.941116691 0.00115576969
vn 0.342149981 0.939645349 -8.84208291e-05
vn -0.830277123 -0.557350561 -0.000500268639
vn -0.819816123 -0.572626777 0.000312806955
vn -0.814935285 -0.579551489 0.00074325894
vn 0.354289427 0.935135802 -0.000183877775
vn 0.33305071 0.942908916 3.31371605e-05
vn 0.337141766 0.94145383 -0.000340614888
vn -0.343594205 0.93911657 -0.00175775838
vn -0.335709193 0.941965188 0.00096029849
vn -0.34663834 0.937998858 5.87413176e-05
vn -0.612726405 0.61261715 -0.499266041
vn -0.612745384 0.612856487 -0.498948915
vn -0.613725107 0.6138045 -0.49657379
vn -0.800224798 0.599699987 0.000446396278
vn -0.809733387 0.58679795 -9.20549714e-05
vn -0.812839124 0.582484703 -0.00203210202
vn -0.600109746 0.799917565 0.000426572886
vn -0.611315491 0.791385176 0.00169516262
vn -0.582160781 0.813071206 -0.00200988333
vn 0.809389698 -0.58727192 -9.4121226e-05
vn 0.812573833 -0.582854974 -0.00196072362
vn 0.800327671 -0.599562714 0.000414087589
vn -0.327528386 0.944841144 0.000607107299
vn -0.335709193 0.941965188 0.00096029849
vn -0.309025624 0.951053705 0.000120729721
vn -0.335709193 0.941965188 0.00096029849
vn -0.343594205 0.93911657 -0.00175775838
vn -0.309025624 0.951053705 0.000120729721
vn -0.305585392 0.952164675 -6.8006213e-06
vn -0.321893878 0.946775756 -3.22880716e-08
vn -0.309025624 0.951053705 0.000120729721
vn -0.325487451 0.945546349 -0.000148834494
vn -0.33112328 0.943587447 -0.000319628033
vn -0.321893878 0.946775756 -3.22880716e-08
vn -0.338189431 0.941077969 -0.000405895766
vn -0.33390076 0.942608147 -0.000404944452
vn -0.329931857 0.94400472 -0.000241091636
vn 0.614152839 -0.614542951 -0.495129529
vn 0.611983757 -0.612129013 -0.500773354
vn 0.612338037 -0.612366409 -0.500049508
vn 0.611983757 -0.612129013 -0.500773354
vn 0.612283587 -0.612656295 -0.499761015
vn 0.612338037 -0.612366409 -0.500049508
vn 0.612283587 -0.612656295 -0.499761015
vn 0.612435663 -0.612513805 -0.499749334
vn 0.612338037 -0.612366409 -0.500049508
vn 0.612435663 -0.612513805 -0.499749334
vn 0.612961609 -0.612945516 -0.498573825
vn 0.612437814 -0.612360686 -0.49993431
vn 0.612338037 -0.612366409 -0.500049508
vn 0.612435663 -0.612513805 -0.499749334
vn 0.612186939 -0.612238139 -0.500391459
vn 0.612961609 -0.612945516 -0.498573825
vn 0.612138293 -0.612084351 -0.50063905
vn 0.612571965 -0.612417052 -0.499700852
vn 0.612138293 -0.612084351 -0.50063905
vn 0.612191188 -0.61215173 -0.500491967
vn 0.612447937 -0.612352928 -0.499931411
vn 0.612191188 -0.61215173 -0.500491967
vn 0.612254187 -0.612192317 -0.500365244
vn 0.612431196 -0.612423567 -0.499865387
vn 0.612254187 -0.612192317 -0.500365244
vn 0.613727039 -0.613585895 -0.496841495
vn 0.614066079 -0.613965049 -0.495953393
vn 0.614066079 -0.613965049 -0.495953393
vn 0.613727039 -0.613585895 -0.496841495
vn 0.643231715 -0.643284703 -0.415256248
vn 0.613727039 -0.613585895 -0.496841495
vn 0.639385655 -0.639440253 -0.426968554
vn 0.643231715 -0.643284703 -0.415256248
vn 0.614066079 -0.613965049 -0.495953393
vn 0.611835093 -0.611807019 -0.501348173
vn 0.612254187 -0.612192317 -0.500365244
vn 0.612254187 -0.612192317 -0.500365244
vn 0.611835093 -0.611807019 -0.501348173
vn 0.612431196 -0.612423567 -0.499865387
vn 0.612431196 -0.612423567 -0.499865387
vn 0.612447937 -0.612352928 -0.499931411
vn 0.612191188 -0.61215173 -0.500491967
vn 0.612447937 -0.612352928 -0.499931411
vn 0.612571965 -0.612417052 -0.499700852
vn 0.612138293 -0.612084351 -0.50063905
vn 0.612571965 -0.612417052 -0.499700852
vn 0.612437814 -0.612360686 -0.49993431
vn 0.612961609 -0.612945516 -0.498573825
vn 0.612437814 -0.612360686 -0.49993431
vn 0.612186939 -0.612238139 -0.500391459
vn 0.612435663 -0.612513805 -0.499749334
vn 0.612186939 -0.612238139 -0.500391459
vn 0.611944463 -0.611955967 -0.501032802
vn 0.612338037 -0.612366409 -0.500049508
vn 0.611944463 -0.611955967 -0.501032802
vn 0.61076505 -0.611966441 -0.502457091
vn 0.612338037 -0.612366409 -0.500049508
vn 0.61076505 -0.611966441 -0.502457091
vn 0.613973424 -0.612605974 -0.497745472
vn 0.612338037 -0.612366409 -0.500049508
vn 0.342313397 -0.939585832 -4.17084361e-05
vn 0.332994153 -0.942928585 0.000760094648
vn 0.345387761 -0.938460064 5.24598588e-05
vn -0.584949011 -0.81106972 0.000750903208
vn -0.587823318 -0.808989328 0.000121786773
vn -0.599736883 -0.800197262 0.00011172979
vn -0.587823318 -0.808989328 0.000121786773
vn -0.621761331 -0.783206772 -1.56645622e-05
vn -0.611200289 -0.791475853 0.000426669587
vn 0.942135672 -0.335231536 -0.000439340269
vn 0.942775957 -0.333426651 -0.000404461138
vn 0.942771625 -0.333438907 -0.000397582514
vn 0.942135672 -0.335231536 -0.000439340269
vn 0.938743051 -0.344617872 8.68077982e-05
vn 0.944275905 -0.329154926 -0.000226181725
vn 0.951017559 -0.309136868 -4.92918025e-06
vn 0.939693102 -0.342018816 -5.70896924e-05
vn 0.940597169 -0.339522389 0.00122995848
vn 0.951017559 -0.309136868 -4.92918025e-06
vn 0.940597169 -0.339522389 0.00122995848
vn 0.942221672 -0.334987174 0.00138344201
vn 0.942771625 -0.333438907 -0.000397582514
vn 0.94507872 -0.326842721 -0.000221463369
vn 0.946710238 -0.322086516 3.13763815e-05
vn 0.951017559 -0.309136868 -4.92918025e-06
vn 0.942221672 -0.334987174 0.00138344201
vn 0.943121807 -0.332445538 0.00110493486
vn 0.496634803 -0.867959128 -0.000908039147
vn 0.464088651 -0.885788206 0.000988934077
vn 0.480730357 -0.876868431 0.000279818023
vn 0.496634803 -0.867959128 -0.000908039147
vn 0.480730357 -0.876868431 0.000279818023
vn 0.499552057 -0.866283802 0.0003424727
vn -0.947709166 -0.319135226 -0.000211903554
vn -0.942378959 -0.334546067 0.000908732959
vn -0.951053165 -0.309027272 0.000152405244
vn -0.942378959 -0.334546067 0.000908732959
vn -0.939563697 -0.342374088 -0.000205702353
vn -0.951053165 -0.309027272 0.000152405244
vn -0.946829053 -0.321737071 -4.4519939e-05
vn -0.947709166 -0.319135226 -0.000211903554
vn -0.951053165 -0.309027272 0.000152405244
vn -0.335605565 -0.942002485 -0.000472617078
vn -0.334652308 -0.942341576 -0.000432102654
vn -0.335580696 -0.942011351 -0.000460032109
vn -0.335605565 -0.942002485 -0.000472617078
vn -0.34513906 -0.938551555 8.82217583e-05
vn -0.32946468 -0.944167869 -0.000245657812
vn -0.309107899 -0.951026974 2.55514023e-05
vn -0.344292431 -0.938858009 -0.00289156309
vn -0.339402737 -0.940640276 0.00128562214
vn -0.309107899 -0.951026974 2.55514023e-05
vn -0.339402737 -0.940640276 0.00128562214
vn -0.330295117 -0.943877283 0.000899798473
vn -0.335580696 -0.942011351 -0.000460032109
vn -0.328110637 -0.944639272 -0.000236331443
vn -0.322215467 -0.946666358 2.11870828e-05
vn -0.309107899 -0.951026974 2.55514023e-05
vn -0.330295117 -0.943877283 0.000899798473
vn -0.332327889 -0.943163297 0.00108100563
vn 0.81007911 0.58632029 0.00059420791
vn 0.806628 0.591059395 0.000248708824
vn 0.827830129 0.560978825 -0.000186093005
vn 0.827830129 0.560978825 -0.000186093005
vn 0.831513675 0.555504244 0.000206179765
vn 0.822369913 0.568953184 2.40230431e-05
vn 0.827830129 0.560978825 -0.000186093005
vn 0.822369913 0.568953184 2.40230431e-05
vn 0.818679665 0.574250442 0.000190231128
vn 0.814097486 0.58072801 0.000512150013
vn 0.81007911 0.58632029 0.00059420791
vn 0.827830129 0.560978825 -0.000186093005
vn -0.83154568 -0.55545634 0.000192556437
vn -0.830277123 -0.557350561 -0.000500268639
vn -0.847829962 -0.530266561 -0.00131545548
vn -0.522687207 -0.852524536 2.58117739e-06
vn -0.523385939 -0.852095719 0.000210140176
vn -0.504934506 -0.863157657 -5.93876339e-05
vn -0.946605339 0.322394683 2.30459107e-05
vn -0.952286609 0.305205199 1.86888466e-05
vn -0.951034136 0.309085859 6.85579324e-05
vn -0.951034136 0.309085859 6.85579324e-05
vn -0.939651373 0.342133442 -6.49583778e-05
vn -0.94118408 0.337892524 0.00108180006
vn -0.943604564 0.331073156 0.000996202437
vn -0.946605339 0.322394683 2.30459107e-05
vn -0.951034136 0.309085859 6.85579324e-05
vn 0.556922663 0.830564303 0.000293138751
vn 0.588935553 0.808179437 -0.000954824382
vn 0.586060002 0.81026723 0.000830783529
vn 0.556922663 0.830564303 0.000293138751
vn 0.586060002 0.81026723 0.000830783529
vn 0.579262669 0.815140658 0.000683601009
vn 0.556922663 0.830564303 0.000293138751
vn 0.579262669 0.815140658 0.000683601009
vn 0.572784724 0.819705787 0.000287006377
vn 0.556922663 0.830564303 0.000293138751
vn 0.572784724 0.819705787 0.000287006377
vn 0.568702345 0.82254339 0.000115428216
vn 0.556922663 0.830564303 0.000293138751
vn 0.568702345 0.82254339 0.000115428216
vn 0.572699569 0.819765302 0.000230153755
vn 0.32450482 -0.945883981 0.000341622214
vn 0.332994153 -0.942928585 0.000760094648
vn 0.308993174 -0.951064238 0.000185283837
vn 0.332994153 -0.942928585 0.000760094648
vn 0.342313397 -0.939585832 -4.17084361e-05
vn 0.308993174 -0.951064238 0.000185283837
vn 0.305622384 -0.952152802 9.14223757e-06
vn 0.322139522 -0.946692202 -5.24316114e-05
vn 0.308993174 -0.951064238 0.000185283837
vn 0.330010726 -0.943977132 -0.000309152863
vn 0.338421102 -0.940994609 -0.00055128766
vn 0.322139522 -0.946692202 -5.24316114e-05
vn 0.33839416 -0.941004382 -0.000381577376
vn 0.337972103 -0.941155967 -0.000550661933
vn 0.329468571 -0.94416652 -0.000210446766
vn -0.612273415 -0.612340888 0.500159876
vn -0.612509934 -0.612459449 0.499724928
vn -0.612512284 -0.612643593 0.499496276
vn -0.612509934 -0.612459449 0.499724928
vn -0.61247297 -0.612431962 0.499803916
vn -0.611336103 -0.611473373 0.5023629
vn -0.611336103 -0.611473373 0.5023629
vn -0.61247297 -0.612431962 0.499803916
vn -0.613203847 -0.613253438 0.497896839
vn -0.61247297 -0.612431962 0.499803916
vn -0.612488949 -0.612505102 0.499694694
vn -0.613203847 -0.613253438 0.497896839
vn -0.612488949 -0.612505102 0.499694694
vn -0.612280608 -0.61232251 0.50017357
vn -0.612059399 -0.612089023 0.500729787
vn -0.613203847 -0.613253438 0.497896839
vn -0.612488949 -0.612505102 0.499694694
vn -0.612059399 -0.612089023 0.500729787
vn -0.612280608 -0.61232251 0.50017357
vn -0.612390688 -0.612443318 0.499890815
vn -0.612419962 -0.612367927 0.499947309
vn -0.612390688 -0.612443318 0.499890815
vn -0.61530975 -0.615588103 0.492387245
vn -0.613143823 -0.612809262 0.498517262
vn -0.613143823 -0.612809262 0.498517262
vn -0.61530975 -0.615588103 0.492387245
vn -0.656650251 -0.657185143 0.370024506
vn -0.656650251 -0.657185143 0.370024506
vn -0.647450696 -0.646888803 0.402917451
vn -0.613143823 -0.612809262 0.498517262
vn -0.613143823 -0.612809262 0.498517262
vn -0.612419962 -0.612367927 0.499947309
vn -0.612390688 -0.612443318 0.499890815
vn -0.612419962 -0.612367927 0.499947309
vn -0.612059399 -0.612089023 0.500729787
vn -0.612280608 -0.61232251 0.50017357
vn -0.611336103 -0.611473373 0.5023629
vn -0.612512284 -0.612643593 0.499496276
vn -0.612509934 -0.612459449 0.499724928
vn -0.612512284 -0.612643593 0.499496276
vn -0.613474389 -0.613259693 0.497555749
vn -0.612128362 -0.612237797 0.500463533
vn -0.613474389 -0.613259693 0.497555749
vn -0.611627874 -0.611733196 0.501690982
vn -0.612128362 -0.612237797 0.500463533
vn -0.611627874 -0.611733196 0.501690982
vn -0.612287541 -0.612347981 0.500133899
vn -0.612574964 -0.612527697 0.499561542
vn -0.612574964 -0.612527697 0.499561542
vn -0.612694469 -0.611946371 0.50012711
vn -0.611943546 -0.611594442 0.501475158
vn -0.611943546 -0.611594442 0.501475158
vn -0.612128362 -0.612237797 0.500463533
vn -0.612574964 -0.612527697 0.499561542
vn -0.612128362 -0.612237797 0.500463533
vn -0.612273415 -0.612340888 0.500159876
vn -0.612512284 -0.612643593 0.499496276
vn -0.941903953 0.335882218 -0.000282485621
vn -0.94240171 0.334483207 2.43454216e-05
vn -0.944708586 0.327911058 -0.00016175694
vn 0.000923014234 0.000122656134 0.999999567
vn 0.000942404226 0.00016150749 0.999999543
vn 0.0685415992 0.0161743383 0.997517138
vn 0.000942404226 0.00016150749 0.999999543
vn 0.000946270136 0.000200297816 0.999999532
vn 0.0685415992 0.0161743383 0.997517138
vn 0.000946270136 0.000200297816 0.999999532
vn 0.000933847926 0.000236138253 0.999999536
vn 0.0685415992 0.0161743383 0.997517138
vn 0.000933847926 0.000236138253 0.999999536
vn 0.0009085889 0.000266436553 0.999999552
vn 0.0685415992 0.0161743383 0.997517138
vn 0.0009085889 0.000266436553 0.999999552
vn 0.000543291259 0.000337221971 0.999999796
vn 0.0685415992 0.0161743383 0.997517138
vn 0.000543291259 0.000337221971 0.999999796
vn 0.000300175426 0.000107096051 0.999999949
vn 0.0640905151 0.0341306975 0.997360267
vn 0.0685415992 0.0161743383 0.997517138
vn 0.000543291259 0.000337221971 0.999999796
vn 0.0640905151 0.0341306975 0.997360267
vn 0.000300175426 0.000107096051 0.999999949
vn 0.000302596223 0.00012081457 0.999999947
vn 0.0640905151 0.0341306975 0.997360267
vn 0.000302596223 0.00012081457 0.999999947
vn 0.000299606503 0.000133247668 0.999999946
vn 0.0640905151 0.0341306975 0.997360267
vn 0.000299606503 0.000133247668 0.999999946
vn 0.000290049067 0.000143563754 0.999999948
vn 0.0640905151 0.0341306975 0.997360267
vn 0.000290049067 0.000143563754 0.999999948
vn 0.00253574264 0.000240357703 0.999996756
vn 0.0640905151 0.0341306975 0.997360267
vn 0.00328678294 0.00189442668 0.999992804
vn 0.00319782068 0.00201095225 0.999992865
vn 0.096626882 0.065115539 0.993188407
vn 0.00319782068 0.00201095225 0.999992865
vn 0.00306846903 0.00209572238 0.999993096
vn 0.096626882 0.065115539 0.993188407
vn 0.00306846903 0.00209572238 0.999993096
vn 0.00184162822 0.00197064888 0.999996362
vn 0.096626882 0.065115539 0.993188407
vn 0.00139943668 0.00108310597 0.999998434
vn 0.00137381326 0.00114886848 0.999998396
vn 0.0901220905 0.0854677127 0.99225666
vn 0.00137381326 0.00114886848 0.999998396
vn 0.00132892456 0.00120097155 0.999998396
vn 0.0901220905 0.0854677127 0.99225666
vn 0.00132892456 0.00120097155 0.999998396
vn 0.00126991197 0.00123669007 0.999998429
vn 0.0901220905 0.0854677127 0.99225666
vn 0.00126991197 0.00123669007 0.999998429
vn 0.00119675899 0.00125550671 0.999998496
vn 0.0901220905 0.0854677127 0.99225666
vn 0.00125356933 0.00131807785 0.999998346
vn 0.00123913343 0.00146510278 0.999998159
vn 0.0584475667 0.0994974103 0.993319761
vn 0.00123913343 0.00146510278 0.999998159
vn 0.00119675156 0.00152736117 0.999998117
vn 0.0584475667 0.0994974103 0.993319761
vn 0.00119675156 0.00152736117 0.999998117
vn 0.00113968325 0.00157346594 0.999998113
vn 0.0584475667 0.0994974103 0.993319761
vn 0.00113968325 0.00157346594 0.999998113
vn 0.00107117096 0.0016015564 0.999998144
vn 0.0584475667 0.0994974103 0.993319761
vn 0.00107117096 0.0016015564 0.999998144
vn 0.000784660308 0.00148601195 0.999998588
vn 0.0584475667 0.0994974103 0.993319761
vn 0.000751843913 0.00129910478 0.999998874
vn 0.000701876013 0.0013253569 0.999998875
vn 0.043556158 0.107918524 0.993205142
vn 0.000701876013 0.0013253569 0.999998875
vn 0.000646551876 0.00133776835 0.999998896
vn 0.043556158 0.107918524 0.993205142
vn 0.000188885049 0.00103668331 0.999999445
vn 0.000231032171 0.000566265774 0.999999813
vn 0.0121591309 0.0681317713 0.997602234
vn 0.000231032171 0.000566265774 0.999999813
vn 0.000210873256 0.000578868604 0.99999981
vn 0.0121591309 0.0681317713 0.997602234
vn 0.000210873256 0.000578868604 0.99999981
vn 0.000190839472 0.000586163281 0.99999981
vn 0.0121591309 0.0681317713 0.997602234
vn 0.000190839472 0.000586163281 0.99999981
vn 0.000168363514 0.000587935648 0.999999813
vn 0.0121591309 0.0681317713 0.997602234
vn 0.000168363514 0.000587935648 0.999999813
vn 0.000461337354 0.000941622233 0.99999945
vn 0.0121591309 0.0681317713 0.997602234
vn 0.000282701564 0.0013251515 0.999999082
vn 0.000234476852 0.00133567382 0.99999908
vn 0.00841694817 0.113436191 0.99350963
vn 0.000234476852 0.00133567382 0.99999908
vn 0.000184986403 0.00133484542 0.999999092
vn 0.00841694817 0.113436191 0.99350963
vn 0.000184986403 0.00133484542 0.999999092
vn 0.000174618581 0.00138263911 0.999999029
vn 0.00841694817 0.113436191 0.99350963
vn 0.00010203652 0.00143754743 0.999998962
vn 4.92531779e-05 0.00144162511 0.99999896
vn -0.0101174475 0.10332835 0.994595842
vn 4.92531779e-05 0.00144162511 0.99999896
vn -3.40805915e-06 0.00143441355 0.999998971
vn -0.0101174475 0.10332835 0.994595842
vn -3.40805915e-06 0.00143441355 0.999998971
vn -5.53176765e-05 0.0014164385 0.999998995
vn -0.0101174475 0.10332835 0.994595842
vn -5.53176765e-05 0.0014164385 0.999998995
vn -0.000350927187 0.000839371769 0.999999586
vn -0.0101174475 0.10332835 0.994595842
vn -4.20956484e-05 0.000408933808 0.999999916
vn -5.69929019e-05 0.000409663324 0.999999914
vn -0.0200287671 0.0656738159 0.997640115
vn -5.69929019e-05 0.000409663324 0.999999914
vn -7.16673148e-05 0.000407467324 0.999999914
vn -0.0200287671 0.0656738159 0.997640115
vn -7.16673148e-05 0.000407467324 0.999999914
vn -8.74293379e-05 0.000402381372 0.999999915
vn -0.0200287671 0.0656738159 0.997640115
vn -8.74293379e-05 0.000402381372 0.999999915
vn 5.1167732e-05 0.000969806924 0.999999528
vn -0.0200287671 0.0656738159 0.997640115
vn -0.000371314287 0.00129981034 0.999999086
vn -0.000417991097 0.00128473316 0.999999087
vn -0.045880396 0.119201698 0.99180943
vn -0.000417991097 0.00128473316 0.999999087
vn -0.000463723261 0.00126138321 0.999999097
vn -0.045880396 0.119201698 0.99180943
vn -0.000510256915 0.00118220284 0.999999171
vn -0.000504416821 0.00113840913 0.999999225
vn -0.0579793427 0.0944369021 0.993841067
vn -0.000504416821 0.00113840913 0.999999225
vn -0.000546534893 0.00112243206 0.999999221
vn -0.0579793427 0.0944369021 0.993841067
vn -0.000546534893 0.00112243206 0.999999221
vn -0.000586155079 0.00109953358 0.999999224
vn -0.0579793427 0.0944369021 0.993841067
vn -0.000586155079 0.00109953358 0.999999224
vn -0.000621504971 0.00107024588 0.999999234
vn -0.0579793427 0.0944369021 0.993841067
vn -0.000621504971 0.00107024588 0.999999234
vn -0.000639201615 0.000800950404 0.999999475
vn -0.0579793427 0.0944369021 0.993841067
vn -0.000472893968 0.000702045059 0.999999642
vn -0.000497955654 0.000684844155 0.999999642
vn -0.0757742651 0.0957656251 0.992515595
vn -0.000497955654 0.000684844155 0.999999642
vn -0.000521031791 0.000663694461 0.999999644
vn -0.0757742651 0.0957656251 0.992515595
vn -0.000540352546 0.000642718983 0.999999647
vn -0.00056156932 0.000626472663 0.999999646
vn -0.0912192785 0.0760272686 0.992924417
vn -0.00056156932 0.000626472663 0.999999646
vn -0.00058714475 0.000608466275 0.999999643
vn -0.0912192785 0.0760272686 0.992924417
vn -0.00058714475 0.000608466275 0.999999643
vn -0.000608657043 0.000586993026 0.999999642
vn -0.0912192785 0.0760272686 0.992924417
vn -0.000608657043 0.000586993026 0.999999642
vn -0.000627041854 0.000562323608 0.999999645
vn -0.0912192785 0.0760272686 0.992924417
vn -0.000939527759 0.00136404531 0.999998628
vn -0.00179639113 0.00140603285 0.999997398
vn -0.14354019 0.0891624924 0.985619736
vn -0.00179639113 0.00140603285 0.999997398
vn -0.00184811212 0.00134199417 0.999997392
vn -0.14354019 0.0891624924 0.985619736
vn -0.00184811212 0.00134199417 0.999997392
vn -0.00188967301 0.00127097708 0.999997407
vn -0.14354019 0.0891624924 0.985619736
vn -0.00188967301 0.00127097708 0.999997407
vn -0.001921542 0.00119377736 0.999997441
vn -0.14354019 0.0891624924 0.985619736
vn -0.001921542 0.00119377736 0.999997441
vn -0.00142392874 0.000204473511 0.999998965
vn -0.14354019 0.0891624924 0.985619736
vn -0.000434371813 0.000232272533 0.999999879
vn -0.000444434613 0.00021733367 0.999999878
vn -0.00124345914 -0.000691749372 0.999998988
vn -0.000444434613 0.00021733367 0.999999878
vn -0.000452004083 0.000201167861 0.999999878
vn -0.00124345914 -0.000691749372 0.999998988
vn -0.000452004083 0.000201167861 0.999999878
vn -0.000457418181 0.000184072519 0.999999878
vn -0.00124345914 -0.000691749372 0.999998988
vn -0.000457418181 0.000184072519 0.999999878
vn -0.000460368583 0.000166233168 0.99999988
vn -0.00124345914 -0.000691749372 0.999998988
vn -0.000460368583 0.000166233168 0.99999988
vn -0.000460710376 0.000147903682 0.999999883
vn -0.00124345914 -0.000691749372 0.999998988
vn -0.000387039175 5.37128644e-05 0.999999924
vn -0.00028559729 7.24779614e-05 0.999999957
vn -0.0716397176 0.00937358582 0.997386528
vn -0.00028559729 7.24779614e-05 0.999999957
vn -0.000291901354 6.29048891e-05 0.999999955
vn -0.0716397176 0.00937358582 0.997386528
vn -0.000291901354 6.29048891e-05 0.999999955
vn -0.000295831099 5.27841738e-05 0.999999955
vn -0.0716397176 0.00937358582 0.997386528
vn -0.000295831099 5.27841738e-05 0.999999955
vn -0.000299091601 4.22744021e-05 0.999999954
vn -0.0716397176 0.00937358582 0.997386528
vn -0.000299091601 4.22744021e-05 0.999999954
vn -0.000300541874 3.14849099e-05 0.999999954
vn -0.0716397176 0.00937358582 0.997386528
vn -0.000300541874 3.14849099e-05 0.999999954
vn -0.000300584638 2.05556725e-05 0.999999955
vn -0.0716397176 0.00937358582 0.997386528
vn -0.000300584638 2.05556725e-05 0.999999955
vn -0.00029855804 9.67803604e-06 0.999999955
vn -0.0716397176 0.00937358582 0.997386528
vn -0.000702642442 0.000249076581 0.999999722
vn -0.00113185434 -3.6158507e-05 0.999999359
vn -0.111663977 -0.0132467721 0.993657727
vn -0.00113185434 -3.6158507e-05 0.999999359
vn -0.00114008021 -7.73765306e-05 0.999999347
vn -0.111663977 -0.0132467721 0.993657727
vn -0.00114008021 -7.73765306e-05 0.999999347
vn -0.00114194264 -0.000118944299 0.999999341
vn -0.111663977 -0.0132467721 0.993657727
vn -0.00114194264 -0.000118944299 0.999999341
vn -0.00113824061 -0.00016016595 0.999999339
vn -0.111663977 -0.0132467721 0.993657727
vn -0.00113824061 -0.00016016595 0.999999339
vn -0.00112935917 -0.000200507568 0.999999342
vn -0.111663977 -0.0132467721 0.993657727
vn -0.00112935917 -0.000200507568 0.999999342
vn -0.00111433578 -0.000239553266 0.99999935
vn -0.111663977 -0.0132467721 0.993657727
vn -0.00111433578 -0.000239553266 0.99999935
vn -0.00101996886 -0.000298418358 0.999999435
vn -0.111663977 -0.0132467721 0.993657727
vn -0.000959542502 -0.000273520849 0.999999502
vn -0.000952808163 -0.000309065995 0.999999498
vn -0.115943958 -0.0330913042 0.992704369
vn -0.000952808163 -0.000309065995 0.999999498
vn -0.000940962788 -0.000343112354 0.999999498
vn -0.115943958 -0.0330913042 0.992704369
vn -0.000940962788 -0.000343112354 0.999999498
vn -0.000924584611 -0.000375233786 0.999999502
vn -0.115943958 -0.0330913042 0.992704369
vn -0.000744353913 -0.000430420822 0.99999963
vn -0.000628249542 -0.000304107727 0.999999756
vn -0.0959220873 -0.0429634402 0.994461209
vn -0.000628249542 -0.000304107727 0.999999756
vn -0.000621873181 -0.00032927407 0.999999752
vn -0.0959220873 -0.0429634402 0.994461209
vn -0.000621873181 -0.00032927407 0.999999752
vn -0.000612841504 -0.000352887753 0.99999975
vn -0.0959220873 -0.0429634402 0.994461209
vn -0.000612841504 -0.000352887753 0.99999975
vn -0.000600152991 -0.000374821796 0.99999975
vn -0.0959220873 -0.0429634402 0.994461209
vn -0.000600152991 -0.000374821796 0.99999975
vn -0.000582843548 -0.000394691127 0.999999752
vn -0.0959220873 -0.0429634402 0.994461209
vn -0.000582843548 -0.000394691127 0.999999752
vn -0.000564154758 -0.000412153252 0.999999756
vn -0.0959220873 -0.0429634402 0.994461209
vn -0.000564154758 -0.000412153252 0.999999756
vn -0.00072354743 -0.000448712439 0.999999638
vn -0.0959220873 -0.0429634402 0.994461209
vn -0.000772874476 -0.000644970355 0.999999493
vn -0.000755315327 -0.000678072949 0.999999485
vn -0.0920025905 -0.0780132753 0.992698067
vn -0.000755315327 -0.000678072949 0.999999485
vn -0.000732953207 -0.000707824377 0.999999481
vn -0.0920025905 -0.0780132753 0.992698067
vn -0.000732953207 -0.000707824377 0.999999481
vn -0.000707443757 -0.000733730745 0.999999481
vn -0.0920025905 -0.0780132753 0.992698067
vn -0.000707443757 -0.000733730745 0.999999481
vn -0.000676661046 -0.000755468517 0.999999486
vn -0.0920025905 -0.0780132753 0.992698067
vn -0.000676661046 -0.000755468517 0.999999486
vn -0.000643953895 -0.000772775827 0.999999494
vn -0.0920025905 -0.0780132753 0.992698067
vn -0.000643953895 -0.000772775827 0.999999494
vn -0.000577916805 -0.000773755551 0.999999534
vn -0.0920025905 -0.0780132753 0.992698067
vn -0.000552710575 -0.000754422654 0.999999563
vn -0.00053020871 -0.000780996542 0.999999554
vn -0.0653169311 -0.0900026792 0.993797372
vn -0.00053020871 -0.000780996542 0.999999554
vn -0.000501553482 -0.000803362505 0.999999552
vn -0.0653169311 -0.0900026792 0.993797372
vn -0.000501553482 -0.000803362505 0.999999552
vn -0.000472780156 -0.000820977927 0.999999551
vn -0.0653169311 -0.0900026792 0.993797372
vn -0.000472780156 -0.000820977927 0.999999551
vn -0.000442957578 -0.000833497001 0.999999555
vn -0.0653169311 -0.0900026792 0.993797372
vn -0.000442957578 -0.000833497001 0.999999555
vn -0.000407936533 -0.000840907717 0.999999563
vn -0.0653169311 -0.0900026792 0.993797372
vn -0.000407936533 -0.000840907717 0.999999563
vn -0.000573197056 -0.000988514456 0.999999347
vn -0.0653169311 -0.0900026792 0.993797372
vn -0.00050748529 -0.00124656827 0.999999094
vn -0.000465718668 -0.00127406543 0.99999908
vn -0.0496695121 -0.109301814 0.992766867
vn -0.000465718668 -0.00127406543 0.99999908
vn -0.000419713922 -0.0012935622 0.999999075
vn -0.0496695121 -0.109301814 0.992766867
vn -0.000419713922 -0.0012935622 0.999999075
vn -0.000371421765 -0.0013046234 0.99999908
vn -0.0496695121 -0.109301814 0.992766867
vn -0.000414446209 -0.00138994204 0.999998948
vn -0.000334759911 -0.00154779816 0.999998746
vn -0.0286064354 -0.118295469 0.992566297
vn -0.000334759911 -0.00154779816 0.999998746
vn -0.000281658061 -0.00157520122 0.99999872
vn -0.0286064354 -0.118295469 0.992566297
vn -0.000281658061 -0.00157520122 0.99999872
vn -0.00022499757 -0.00159188805 0.999998708
vn -0.0286064354 -0.118295469 0.992566297
vn -0.00022499757 -0.00159188805 0.999998708
vn -0.000165084264 -0.00159733793 0.999998711
vn -0.0286064354 -0.118295469 0.992566297
vn -0.000165084264 -0.00159733793 0.999998711
vn -0.000106207457 -0.00159152128 0.999998728
vn -0.0286064354 -0.118295469 0.992566297
vn -0.000106207457 -0.00159152128 0.999998728
vn -4.80959466e-05 -0.00157488605 0.999998759
vn -0.0286064354 -0.118295469 0.992566297
vn -4.80959466e-05 -0.00157488605 0.999998759
vn -2.62612979e-08 -0.00156284082 0.999998779
vn -0.0286064354 -0.118295469 0.992566297
vn 4.80275526e-05 -0.00157523448 0.999998758
vn 0.000105708231 -0.00159068296 0.999998729
vn 0.00326124344 -0.124434278 0.992222493
vn 0.000105708231 -0.00159068296 0.999998729
vn 0.000167395691 -0.00159360764 0.999998716
vn 0.00326124344 -0.124434278 0.992222493
vn 0.000167395691 -0.00159360764 0.999998716
vn 0.000226580429 -0.0015836369 0.99999872
vn 0.00326124344 -0.124434278 0.992222493
vn 0.000226580429 -0.0015836369 0.99999872
vn 0.000280236998 -0.00156108173 0.999998742
vn 0.00326124344 -0.124434278 0.992222493
vn 0.000280236998 -0.00156108173 0.999998742
vn 0.000217418955 -0.00184984678 0.999998265
vn 0.00326124344 -0.124434278 0.992222493
vn 0.000522326084 -0.00213106274 0.999997593
vn 0.000607510898 -0.0021365473 0.999997533
vn 0.0248460884 -0.109104061 0.993719767
vn 0.000607510898 -0.0021365473 0.999997533
vn 0.000689394216 -0.00212263888 0.99999751
vn 0.0248460884 -0.109104061 0.993719767
vn 0.000689394216 -0.00212263888 0.99999751
vn 0.000765264708 -0.00208936439 0.999997524
vn 0.0248460884 -0.109104061 0.993719767
vn 0.000898416812 -0.00172311781 0.999998112
vn 0.000633791503 -0.00144215989 0.999998759
vn 0.0462580805 -0.139551341 0.989133769
vn 0.000633791503 -0.00144215989 0.999998759
vn 0.000694765446 -0.00143498328 0.999998729
vn 0.0462580805 -0.139551341 0.989133769
vn 0.000694765446 -0.00143498328 0.999998729
vn 0.000751805049 -0.00141310603 0.999998719
vn 0.0462580805 -0.139551341 0.989133769
vn 0.000751805049 -0.00141310603 0.999998719
vn 0.000800053973 -0.00137709646 0.999998732
vn 0.0462580805 -0.139551341 0.989133769
vn 0.000800053973 -0.00137709646 0.999998732
vn 0.000849207332 -0.00186219274 0.999997906
vn 0.0462580805 -0.139551341 0.989133769
vn 0.00140086491 -0.00208830647 0.999996838
vn 0.00148608865 -0.00204631481 0.999996802
vn 0.0632148786 -0.10534206 0.992424773
vn 0.00148608865 -0.00204631481 0.999996802
vn 0.0015560783 -0.0019814111 0.999996826
vn 0.0632148786 -0.10534206 0.992424773
vn 0.0015560783 -0.0019814111 0.999996826
vn 0.00160635763 -0.00189645218 0.999996912
vn 0.0632148786 -0.10534206 0.992424773
vn 0.00160635763 -0.00189645218 0.999996912
vn 0.0016386442 -0.00179570197 0.999997045
vn 0.0632148786 -0.10534206 0.992424773
vn 0.0016386442 -0.00179570197 0.999997045
vn 0.00128964899 -0.000461371362 0.999999062
vn 0.0632148786 -0.10534206 0.992424773
vn 0.00128964899 -0.000461371362 0.999999062
vn 0 0 1
vn 0.0171726203 -0.015915996 0.999725854
vn 0 0 1
vn 0 0 1
vn 0.0171726203 -0.015915996 0.999725854
vn 0 0 1
vn 0 0 1
vn 0.0171726203 -0.015915996 0.999725854
vn 0 0 1
vn 0 0 1
vn 0.0171726203 -0.015915996 0.999725854
vn 0 0 1
vn -2.11142066e-07 0 1
vn 0.0171726203 -0.015915996 0.999725854
vn -2.11142066e-07 0 1
vn -8.70612098e-08 0 1
vn 0.0171726203 -0.015915996 0.999725854
vn -8.70612098e-08 0 1
vn 0.000905712688 -0.00136596787 0.999998657
vn 0.0171726203 -0.015915996 0.999725854
vn 0.000905712688 -0.00136596787 0.999998657
vn 0.00243713126 -0.00142766594 0.999996011
vn 0.109686715 -0.0583905864 0.992249648
vn 0.00243713126 -0.00142766594 0.999996011
vn 0.00253857771 -0.00136165464 0.999995851
vn 0.109686715 -0.0583905864 0.992249648
vn 0.00253857771 -0.00136165464 0.999995851
vn 0.00260818662 -0.00127198829 0.99999579
vn 0.109686715 -0.0583905864 0.992249648
vn 0.00260818662 -0.00127198829 0.99999579
vn 0.00263724108 -0.00116332948 0.999995846
vn 0.109686715 -0.0583905864 0.992249648
vn 0.0024559755 -0.000822673587 0.999996646
vn 0.00216274574 -0.000798116109 0.999997343
vn 0.114715909 -0.0412069391 0.992543323
vn 0.00216274574 -0.000798116109 0.999997343
vn 0.00221622984 -0.00072213126 0.999997283
vn 0.114715909 -0.0412069391 0.992543323
vn 0.00221622984 -0.00072213126 0.999997283
vn 0.00223306005 -0.000633583571 0.999997306
vn 0.114715909 -0.0412069391 0.992543323
vn 0.00223306005 -0.000633583571 0.999997306
vn 0.00221571657 -0.000538589096 0.9999974
vn 0.114715909 -0.0412069391 0.992543323
vn 0.0029823546 -0.00108005169 0.99999497
vn 0.00390890302 -0.000706854419 0.99999211
vn 0.116651165 -0.0139119208 0.993075508
vn 0.00390890302 -0.000706854419 0.99999211
vn 0.00397530193 -0.000561644374 0.999991941
vn 0.116651165 -0.0139119208 0.993075508
vn 0.00397530193 -0.000561644374 0.999991941
vn 0.00397598418 -0.000405367057 0.999992014
vn 0.116651165 -0.0139119208 0.993075508
vn 0.00128964899 -0.000461371362 0.999999062
vn 0.0171726203 -0.015915996 0.999725854
vn 0.0632148786 -0.10534206 0.992424773
vn 0.000889956506 8.5253003e-05 0.9999996
vn 0.000923014234 0.000122656134 0.999999567
vn 0.0685415992 0.0161743383 0.997517138
vn 0.000804285906 1.90355308e-05 0.999999676
vn 0.000847093119 5.04729795e-05 0.99999964
vn 0.0685415992 0.0161743383 0.997517138
vn 0.000847093119 5.04729795e-05 0.99999964
vn 0.000889956506 8.5253003e-05 0.9999996
vn 0.0685415992 0.0161743383 0.997517138
vn 0.0685415992 0.0161743383 0.997517138
vn 0.00566729895 0.00108086677 0.999983357
vn 0.000804285906 1.90355308e-05 0.999999676
vn 0.000905712688 -0.00136596787 0.999998657
vn 0.109686715 -0.0583905864 0.992249648
vn 0.0171726203 -0.015915996 0.999725854
vn 0.657914765 0.753089794 0.00198112896
vn 0.627294743 0.778779596 -0.00190929831
vn 0.672589477 0.740013774 0.00173470144
vn 0.612261587 0.612336033 0.500180299
vn 0.612381832 0.612454848 0.499887539
vn 0.611863983 0.611865175 0.501241932
vn 0.612381832 0.612454848 0.499887539
vn 0.612539945 0.612670479 0.499429373
vn 0.612812991 0.612861152 0.498860147
vn 0.612261587 0.612336033 0.500180299
vn 0.611776883 0.611874635 0.50133669
vn 0.612560723 0.612810645 0.499231884
vn 0.612539945 0.612670479 0.499429373
vn 0.646596229 0.64775852 0.402892314
vn 0.636115683 0.636268152 0.436485597
vn 0.636115683 0.636268152 0.436485597
vn 0.612785102 0.612885953 0.498863936
vn 0.612539945 0.612670479 0.499429373
vn 0.612785102 0.612885953 0.498863936
vn 0.612812991 0.612861152 0.498860147
vn 0.612539945 0.612670479 0.499429373
vn 0.612812991 0.612861152 0.498860147
vn 0.611863983 0.611865175 0.501241932
vn 0.612381832 0.612454848 0.499887539
vn 0.611863983 0.611865175 0.501241932
vn 0.611776883 0.611874635 0.50133669
vn 0.612261587 0.612336033 0.500180299
vn 0.611776883 0.611874635 0.50133669
vn 0.613926181 0.613811442 0.496316589
vn 0.612045727 0.612256847 0.500541288
vn 0.613926181 0.613811442 0.496316589
vn 0.61153452 0.611654623 0.501900541
vn 0.612045727 0.612256847 0.500541288
vn 0.61153452 0.611654623 0.501900541
vn 0.612057932 0.612136014 0.500674135
vn 0.612045727 0.612256847 0.500541288
vn 0.612057932 0.612136014 0.500674135
vn 0.612790617 0.612780543 0.498986639
vn 0.612055562 0.612126372 0.50068882
vn 0.612790617 0.612780543 0.498986639
vn 0.608464157 0.610441898 0.507081905
vn 0.611903136 0.612013464 0.501013045
vn 0.611903136 0.612013464 0.501013045
vn 0.612012792 0.612397063 0.500410011
vn 0.61225621 0.612068872 0.500513765
vn 0.612012792 0.612397063 0.500410011
vn 0.609882907 0.608675197 0.507501078
vn 0.61225621 0.612068872 0.500513765
vn 0.61225621 0.612068872 0.500513765
vn 0.612055562 0.612126372 0.50068882
vn 0.612790617 0.612780543 0.498986639
vn 0.611903136 0.612013464 0.501013045
vn 0.61225621 0.612068872 0.500513765
vn 0.612790617 0.612780543 0.498986639
vn 0.612055562 0.612126372 0.50068882
vn 0.612045727 0.612256847 0.500541288
vn 0.612057932 0.612136014 0.500674135
vn 0.612702345 -0.612736379 0.499149243
vn 0.612583086 -0.612701938 0.499337859
vn 0.612825531 -0.612792689 0.498928841
vn 0.612583086 -0.612701938 0.499337859
vn 0.612195568 -0.612145917 0.500493719
vn 0.612680931 -0.612662215 0.49926655
vn 0.612195568 -0.612145917 0.500493719
vn 0.612476709 -0.612493577 0.499723824
vn 0.612047358 -0.611947521 0.500917422
vn 0.612476709 -0.612493577 0.499723824
vn 0.612255991 -0.612242282 0.500301898
vn 0.61237718 -0.612377538 0.499987941
vn 0.61237718 -0.612377538 0.499987941
vn 0.612255991 -0.612242282 0.500301898
vn 0.61345791 -0.613359622 0.497452878
vn 0.612255991 -0.612242282 0.500301898
vn 0.613157698 -0.613030859 0.498227662
vn 0.61345791 -0.613359622 0.497452878
vn 0.613157698 -0.613030859 0.498227662
vn 0.636153769 -0.636231076 0.436484136
vn 0.651219519 -0.651663693 0.388905604
vn 0.61345791 -0.613359622 0.497452878
vn 0.613157698 -0.613030859 0.498227662
vn 0.651219519 -0.651663693 0.388905604
vn 0.61237718 -0.612377538 0.499987941
vn 0.612047358 -0.611947521 0.500917422
vn 0.612476709 -0.612493577 0.499723824
vn 0.612047358 -0.611947521 0.500917422
vn 0.612680931 -0.612662215 0.49926655
vn 0.612195568 -0.612145917 0.500493719
vn 0.612680931 -0.612662215 0.49926655
vn 0.612825531 -0.612792689 0.498928841
vn 0.612583086 -0.612701938 0.499337859
vn 0.612825531 -0.612792689 0.498928841
vn 0.611664178 -0.61156291 0.501854302
vn 0.612702345 -0.612736379 0.499149243
vn 0.611664178 -0.61156291 0.501854302
vn 0.614915408 -0.621166445 0.485830515
vn 0.612500745 -0.612543124 0.499633625
vn 0.612702345 -0.612736379 0.499149243
vn 0.611664178 -0.61156291 0.501854302
vn 0.612275378 -0.612051265 0.500511849
vn 0.612500745 -0.612543124 0.499633625
vn 0.611989578 -0.611800393 0.501167672
vn 0.612173624 -0.612124152 0.500547177
vn 0.611989578 -0.611800393 0.501167672
vn 0.613956755 -0.61505199 0.49474049
vn 0.612203056 -0.611927385 0.500751729
vn 0.612203056 -0.611927385 0.500751729
vn 0.614544205 -0.614486389 0.494713956
vn 0.612173624 -0.612124152 0.500547177
vn 0.612173624 -0.612124152 0.500547177
vn 0.609676276 -0.609208737 0.507109015
vn 0.612354027 -0.612234878 0.500190963
vn 0.612354027 -0.612234878 0.500190963
vn 0.612275378 -0.612051265 0.500511849
vn 0.612500745 -0.612543124 0.499633625
vn 0.612354027 -0.612234878 0.500190963
vn 0.612500745 -0.612543124 0.499633625
vn 0.612173624 -0.612124152 0.500547177
vn 0.612275378 -0.612051265 0.500511849
vn 0.611664178 -0.61156291 0.501854302
vn 0.612500745 -0.612543124 0.499633625
vn 0.944354224 0.32892942 0.000732562204
vn 0.94259363 0.333939819 0.00120268471
vn 0.951062754 0.308997765 0.000140071185
vn 0.94259363 0.333939819 0.00120268471
vn 0.939637826 0.342170651 2.73510792e-05
vn 0.951062754 0.308997765 0.000140071185
vn 0.952263419 0.305277547 1.0954105e-06
vn 0.946745569 0.32198265 1.64814172e-05
vn 0.951062754 0.308997765 0.000140071185
vn 0.944895132 0.327373112 -0.000188991017
vn 0.943446988 0.331523267 -0.000321802478
vn 0.946745569 0.32198265 1.64814172e-05
vn 0.940021095 0.34111607 -0.000408651277
vn 0.942336825 0.334665674 -0.000442237345
vn 0.943999877 0.329945749 -0.000185025086
vn -0.573435889 0.819250326 0.000430470293
vn -0.579538816 0.814944378 0.000648294278
vn -0.548278623 0.836295594 -0.000481424789
vn -0.579538816 0.814944378 0.000648294278
vn -0.582160781 0.813071206 -0.00200988333
vn -0.548278623 0.836295594 -0.000481424789
vn -0.56724744 0.823547408 9.31615779e-05
vn -0.573435889 0.819250326 0.000430470293
vn -0.548278623 0.836295594 -0.000481424789
vn -0.56510677 0.825017781 -2.265407e-06
vn -0.56724744 0.823547408 9.31615779e-05
vn -0.548278623 0.836295594 -0.000481424789
vn 0.852825248 -0.522194102 -0.00155455193
vn 0.851675084 -0.524070138 0.000206898823
vn 0.8748895 -0.484320704 0.00134852984
vn 0.342149981 0.939645349 -8.84208291e-05
vn 0.338079929 0.941116691 0.00115576969
vn 0.30909916 0.951029813 5.7148713e-05
vn 0.338079929 0.941116691 0.00115576969
vn 0.328563667 0.944481571 0.000692113782
vn 0.30909916 0.951029813 5.7148713e-05
vn 0.328563667 0.944481571 0.000692113782
vn 0.322295539 0.9466391 8.96823875e-06
vn 0.30909916 0.951029813 5.7148713e-05
vn 0.337141766 0.94145383 -0.000340614888
vn 0.332893744 0.942964273 -0.000368294173
vn 0.331006621 0.943628383 -0.000302240635
vn 0.831513675 0.555504244 0.000206179765
vn 0.827830129 0.560978825 -0.000186093005
vn 0.847538592 0.530733706 0.000262326852
vn 0.828897477 -0.559400519 0.000181377358
vn 0.830691927 -0.556732292 0.000279078782
vn 0.84796305 -0.530055055 0.000551242391
vn -0.83482311 0.55051826 0.000143606023
vn -0.812839124 0.582484703 -0.00203210202
vn -0.814817883 0.579716666 0.000636132882
vn -0.83482311 0.55051826 0.000143606023
vn -0.814817883 0.579716666 0.000636132882
vn -0.819716754 0.572768988 0.000361138199
vn -0.83482311 0.55051826 0.000143606023
vn -0.819716754 0.572768988 0.000361138199
vn -0.824055351 0.566509291 4.10667697e-05
vn -0.83482311 0.55051826 0.000143606023
vn -0.824055351 0.566509291 4.10667697e-05
vn -0.824489339 0.565877486 1.22154504e-05
vn -0.824489339 0.565877486 1.22154504e-05
vn -0.834181012 0.551490725 0.0001362599
vn -0.83482311 0.55051826 0.000143606023
vn 0 0 -1
vn 0 0 -1
vn 0 0 -1
vn 0 0 -1
vn 0 0 -1
vn 0 0 -1
vn 0 0 -1
vn 0 0 -1
vn 0 0 -1
vn 0 0 -1
vn 0 0 -1
vn 0 0 -1
vn 0 0 -1
vn 0 0 -1
vn 0 0 -1
vn 0 0 -1
vn 0 0 -1
vn 0 0 -1
vn 0 0 -1
vn 0 0 -1
vn 0 0 -1
vn 0 0 -1
vn 0 0 -1
vn 0 0 -1
vn 0 0 -1
vn 0 0 -1
vn 0 0 -1
vn 0 0 -1
vn 0 0 -1
vn 0 0 -1
vn 0 0 -1
vn 0 0 -1
vn 0 0 -1
vn 0 0 -1
vn 0 0 -1
vn 0 0 -1
vn 0 0 -1
vn 0 0 -1
vn 0 0 -1
vn 0 0 -1
vn 0 0 -1
vn 0 0 -1
vn 0 0 -1
vn 0 0 -1
vn 0 0 -1
vn 0 0 -1
vn 0 0 -1
vn 0 0 -1
vn 0 0 -1
vn 0 0 -1
vn 0 0 -1
vn 0 0 -1
vn 0 0 -1
vn 0 0 -1
vn 0 0 -1
vn 0 0 -1
vn 0 0 -1
vn 0 0 -1
vn 0 0 -1
vn 0 0 -1
vn 0 0 -1
vn 0 0 -1
vn 0 0 -1
vn 0 0 -1
vn 0 0 -1
vn 0 0 -1
vn 0 0 -1
vn 0 0 -1
vn 0 0 -1
vn 0 0 -1
vn 0 0 -1
vn 0 0 -1
vn 0 0 -1
vn 0 0 -1
vn 0 0 -1
vn 0 0 -1
vn 0 0 -1
vn 0 0 -1
vn 0 0 -1
vn 0 0 -1
vn 0 0 -1
vn 0 0 -1
vn 0 0 -1
vn 0 0 -1
vn 0 0 -1
vn 0 0 -1
vn 0 0 -1
vn 0 0 -1
vn 0 0 -1
vn 0 0 -1
vn 0 0 -1
vn 0 0 -1
vn 0 0 -1
vn 0 0 -1
vn 0 0 -1
vn 0 0 -1
vn 0 0 -1
vn 0 0 -1
vn 0 0 -1
vn 0 0 -1
vn 0 0 -1
vn 0 0 -1
vn 0 0 -1
vn 0 0 -1
vn 0 0 -1
vn 0 0 -1
vn 0 0 -1
vn 0 0 -1
vn 0 0 -1
vn 0 0 -1
vn 0 0 -1
vn 0 0 -1
vn 0 0 -1
vn 0 0 -1
vn 0 0 -1
vn 0 0 -1
vn 0 0 -1
vn 0 0 -1
vn 0 0 -1
vn 0 0 -1
vn 0 0 -1
vn 0 0 -1
vn 0 0 -1
vn 0 0 -1
vn 0 0 -1
vn 0 0 -1
vn 0 0 -1
vn 0 0 -1
vn 0 0 -1
vn 0 0 -1
vn 0 0 -1
vn 0 0 -1
vn 0 0 -1
vn 0 0 -1
vn 0 0 -1
vn 0 0 -1
vn 0 0 -1
vn 0 0 -1
vn 0 0 -1
vn 0 0 -1
vn 0 0 -1
vn 0 0 -1
vn 0 0 -1
vn 0 0 -1
vn 0 0 -1
vn 0 0 -1
vn 0 0 -1
vn 0 0 -1
vn 0 0 -1
vn 0 0 -1
vn 0 0 -1
vn 0 0 -1
vn 0 0 -1
vn 0 0 -1
vn 0 0 -1
vn 0 0 -1
vn 0 0 -1
vn 0 0 -1
vn 0 0 -1
vn 0 0 -1
vn 0 0 -1
vn 0 0 -1
vn 0 0 -1
vn 0 0 -1
vn 0 0 -1
vn 0 0 -1
vn 0 0 -1
vn 0 0 -1
vn 0 0 -1
vn 0 0 -1
vn 0 0 -1
vn 0 0 -1
vn 0 0 -1
vn 0 0 -1
vn 0 0 -1
vn 0 0 -1
vn 0 0 -1
vn 0 0 -1
vn 0 0 -1
vn 0 0 -1
vn 0 0 -1
vn 0 0 -1
vn 0 0 -1
vn 0 0 -1
vn 0 0 -1
vn 0 0 -1
vn 0 0 -1
vn 0 0 -1
vn 0 0 -1
vn 0 0 -1
vn 0 0 -1
vn 0 0 -1
vn 0 0 -1
vn 0 0 -1
vn 0 0 -1
vn 0 0 -1
vn 0 0 -1
vn 0 0 -1
vn 0 0 -1
vn 0 0 -1
vn 0 0 -1
vn 0 0 -1
vn 0 0 -1
vn 0 0 -1
vn 0 0 -1
vn 0 0 -1
vn 0 0 -1
vn 0 0 -1
vn 0 0 -1
vn 0 0 -1
vn 0 0 -1
vn 0 0 -1
vn 0 0 -1
vn 0 0 -1
vn 0 0 -1
vn 0 0 -1
vn 0 0 -1
vn 0 0 -1
vn 0 0 -1
vn 0 0 -1
vn 0 0 -1
vn 0 0 -1
vn 0 0 -1
vn 0 0 -1
vn 0 0 -1
vn 0 0 -1
vn 0 0 -1
vn 0 0 -1
vn 0 0 -1
vn 0 0 -1
vn 0 0 -1
vn 0 0 -1
vn 0 0 -1
vn 0 0 -1
vn 0 0 -1
vn 0 0 -1
vn 0 0 -1
vn 0 0 -1
vn 0 0 -1
vn 0 0 -1
vn 0 0 -1
vn 0 0 -1
vn 0 0 -1
vn 0 0 -1
vn 0 0 -1
vn 0 0 -1
vn 0 0 -1
vn 0 0 -1
vn 0 0 -1
vn 0 0 -1
vn 0 0 -1
vn 0 0 -1
vn 0 0 -1
vn 0 0 -1
vn 0 0 -1
vn 0 0 -1
vn 0 0 -1
vn 0 0 -1
vn 0 0 -1
vn 0 0 -1
vn 0 0 -1
vn 0 0 -1
vn 0 0 -1
vn 0 0 -1
vn 0.612641984 0.612670892 -0.499303693
vn 0.611903019 0.611957558 -0.501081473
vn 0.612523685 0.612563918 -0.499580004
vn 0.611903019 0.611957558 -0.501081473
vn 0.612494741 0.612457666 -0.499745735
vn 0.612660132 0.612614832 -0.499350208
vn 0.612494741 0.612457666 -0.499745735
vn 0.612507011 0.612382199 -0.499823173
vn 0.612273044 0.612290329 -0.500222222
vn 0.612507011 0.612382199 -0.499823173
vn 0.612771497 0.612833844 -0.498944659
vn 0.612191966 0.612227789 -0.500397973
vn 0.612494741 0.612457666 -0.499745735
vn 0.612273044 0.612290329 -0.500222222
vn 0.612660132 0.612614832 -0.499350208
vn 0.612771497 0.612833844 -0.498944659
vn 0.612102409 0.612102111 -0.50066121
vn 0.613018263 0.6131997 -0.498191467
vn 0.612102409 0.612102111 -0.50066121
vn 0.614979049 0.621030648 -0.485923557
vn 0.611863996 0.611763324 -0.501366219
vn 0.612771497 0.612833844 -0.498944659
vn 0.613018263 0.6131997 -0.498191467
vn 0.612191966 0.612227789 -0.500397973
vn 0.611863996 0.611763324 -0.501366219
vn 0.615814967 0.617097123 -0.489860253
vn 0.611885491 0.611496929 -0.50166488
vn 0.611885491 0.611496929 -0.50166488
vn 0.612287479 0.612381058 -0.500093474
vn 0.611863996 0.611763324 -0.501366219
vn 0.612287479 0.612381058 -0.500093474
vn 0.612176695 0.611977616 -0.50072257
vn 0.611863996 0.611763324 -0.501366219
vn 0.612176695 0.611977616 -0.50072257
vn 0.607920251 0.610335431 -0.507861821
vn 0.613018263 0.6131997 -0.498191467
vn 0.611863996 0.611763324 -0.501366219
vn 0.612176695 0.611977616 -0.50072257
vn 0.613018263 0.6131997 -0.498191467
vn 0.612191966 0.612227789 -0.500397973
vn 0.612273044 0.612290329 -0.500222222
vn 0.612507011 0.612382199 -0.499823173
vn 0.612660132 0.612614832 -0.499350208
vn 0.612523685 0.612563918 -0.499580004
vn 0.611903019 0.611957558 -0.501081473
vn 0.612523685 0.612563918 -0.499580004
vn 0.612188377 0.612196901 -0.500440152
vn 0.612641984 0.612670892 -0.499303693
vn 0.612188377 0.612196901 -0.500440152
vn 0.614032003 0.614057454 -0.495881178
vn 0.612169287 0.612234554 -0.50041744
vn 0.614032003 0.614057454 -0.495881178
vn 0.654329091 0.654081851 -0.379513336
vn 0.648235035 0.648720634 -0.39868895
vn 0.612188377 0.612196901 -0.500440152
vn 0.612169287 0.612234554 -0.50041744
vn 0.612641984 0.612670892 -0.499303693
vn 0.648235035 0.648720634 -0.39868895
vn 0.614536319 0.614583526 -0.494603076
vn 0.614032003 0.614057454 -0.495881178
vn 0.614536319 0.614583526 -0.494603076
vn 0.612169287 0.612234554 -0.50041744
vn 0.614032003 0.614057454 -0.495881178
vn -0.611750129 -0.611721698 -0.501555923
vn -0.612171852 -0.612195992 -0.500461478
vn -0.61181652 -0.611753279 -0.501436408
vn -0.612171852 -0.612195992 -0.500461478
vn -0.612574108 -0.612582035 -0.499495959
vn -0.61181652 -0.611753279 -0.501436408
vn -0.61181652 -0.611753279 -0.501436408
vn -0.612574108 -0.612582035 -0.499495959
vn -0.612658342 -0.612589439 -0.499383555
vn -0.612574108 -0.612582035 -0.499495959
vn -0.612256526 -0.611953138 -0.500654875
vn -0.613395218 -0.61352766 -0.49732295
vn -0.612256526 -0.611953138 -0.500654875
vn -0.613905758 -0.613461823 -0.496773905
vn -0.613395218 -0.61352766 -0.49732295
vn -0.613905758 -0.613461823 -0.496773905
vn -0.612365647 -0.612362786 -0.500020133
vn -0.613395218 -0.61352766 -0.49732295
vn -0.612365647 -0.612362786 -0.500020133
vn -0.615223064 -0.614558293 -0.493779998
vn -0.612043973 -0.61197656 -0.50088608
vn -0.613395218 -0.61352766 -0.49732295
vn -0.612365647 -0.612362786 -0.500020133
vn -0.612043973 -0.61197656 -0.50088608
vn -0.612043973 -0.61197656 -0.50088608
vn -0.609022516 -0.610317963 -0.506560519
vn -0.613395218 -0.61352766 -0.49732295
vn -0.613395218 -0.61352766 -0.49732295
vn -0.612658342 -0.612589439 -0.499383555
vn -0.612574108 -0.612582035 -0.499495959
vn -0.61181652 -0.611753279 -0.501436408
vn -0.61254179 -0.612510676 -0.499623086
vn -0.611750129 -0.611721698 -0.501555923
vn -0.611750129 -0.611721698 -0.501555923
vn -0.61254179 -0.612510676 -0.499623086
vn -0.613323253 -0.613284868 -0.497711018
vn -0.61254179 -0.612510676 -0.499623086
vn -0.611687431 -0.611624548 -0.501750834
vn -0.613323253 -0.613284868 -0.497711018
vn -0.611687431 -0.611624548 -0.501750834
vn -0.613339421 -0.613202747 -0.497792271
vn -0.612112299 -0.611984746 -0.500792576
vn -0.613323253 -0.613284868 -0.497711018
vn -0.611687431 -0.611624548 -0.501750834
vn -0.612112299 -0.611984746 -0.500792576
vn -0.613339421 -0.613202747 -0.497792271
vn -0.612089743 -0.612121036 -0.500653557
vn -0.612525398 -0.612467164 -0.499696518
vn -0.612089743 -0.612121036 -0.500653557
vn -0.613118866 -0.612944105 -0.498382164
vn -0.612890211 -0.612751928 -0.498899452
vn -0.612890211 -0.612751928 -0.498899452
vn -0.613118866 -0.612944105 -0.498382164
vn -0.644681008 -0.644394608 -0.411268753
vn -0.613118866 -0.612944105 -0.498382164
vn -0.639136866 -0.639272943 -0.427591125
vn -0.644681008 -0.644394608 -0.411268753
vn -0.612890211 -0.612751928 -0.498899452
vn -0.612525398 -0.612467164 -0.499696518
vn -0.612089743 -0.612121036 -0.500653557
vn -0.753548002 0.657391579 0.00131197
vn -0.772284895 0.635275865 -0.00078444995
vn -0.743390581 0.66885664 0.00111299104
vn -0.612819846 0.612843866 -0.498872962
vn -0.612247329 0.612235527 -0.500320766
vn -0.612612546 0.612630487 -0.499389381
vn -0.612247329 0.612235527 -0.500320766
vn -0.612342796 0.61241301 -0.499986606
vn -0.612368843 0.612345061 -0.500037926
vn -0.612342796 0.61241301 -0.499986606
vn -0.612255083 0.612211929 -0.500340152
vn -0.612272745 0.612295216 -0.500216608
vn -0.612255083 0.612211929 -0.500340152
vn -0.612249705 0.612179073 -0.500386931
vn -0.612006324 0.612012344 -0.500888362
vn -0.612249705 0.612179073 -0.500386931
vn -0.612519707 0.612477567 -0.499690743
vn -0.612006324 0.612012344 -0.500888362
vn -0.612519707 0.612477567 -0.499690743
vn -0.612399353 0.612359597 -0.499982756
vn -0.612145769 0.612083243 -0.500631262
vn -0.612399353 0.612359597 -0.499982756
vn -0.612292771 0.612261896 -0.500232879
vn -0.612145769 0.612083243 -0.500631262
vn -0.612292771 0.612261896 -0.500232879
vn -0.612905195 0.612926235 -0.498666875
vn -0.612145769 0.612083243 -0.500631262
vn -0.612905195 0.612926235 -0.498666875
vn -0.612745384 0.612856487 -0.498948915
vn -0.612145769 0.612083243 -0.500631262
vn -0.612745384 0.612856487 -0.498948915
vn -0.612726405 0.61261715 -0.499266041
vn -0.612145769 0.612083243 -0.500631262
vn -0.612145769 0.612083243 -0.500631262
vn -0.612006324 0.612012344 -0.500888362
vn -0.612519707 0.612477567 -0.499690743
vn -0.612006324 0.612012344 -0.500888362
vn -0.612272745 0.612295216 -0.500216608
vn -0.612255083 0.612211929 -0.500340152
vn -0.612272745 0.612295216 -0.500216608
vn -0.612368843 0.612345061 -0.500037926
vn -0.612342796 0.61241301 -0.499986606
vn -0.612368843 0.612345061 -0.500037926
vn -0.612612546 0.612630487 -0.499389381
vn -0.612247329 0.612235527 -0.500320766
vn -0.612612546 0.612630487 -0.499389381
vn -0.612253185 0.612224634 -0.500326928
vn -0.612157244 0.612211186 -0.500460759
vn -0.613638109 0.613759702 -0.49673665
vn -0.612253185 0.612224634 -0.500326928
vn -0.624234866 0.625428986 -0.468155333
vn -0.624234866 0.625428986 -0.468155333
vn -0.645456979 0.644631633 -0.409677124
vn -0.613638109 0.613759702 -0.49673665
vn -0.613638109 0.613759702 -0.49673665
vn -0.612157244 0.612211186 -0.500460759
vn -0.612253185 0.612224634 -0.500326928
vn 0.0685415992 0.0161743383 0.997517138
vn 0.183126262 -0.0010110621 0.983088882
vn 0.00566729895 0.00108086677 0.999983357
vn 0.183126262 -0.0010110621 0.983088882
vn 0.0052479233 -0.00110694433 0.999985617
vn 0.00663622517 -0.00024972923 0.999977949
vn -0.556847793 -0.830614541 0.000140907413
vn -0.587823318 -0.808989328 0.000121786773
vn -0.584949011 -0.81106972 0.000750903208
vn -0.556847793 -0.830614541 0.000140907413
vn -0.584949011 -0.81106972 0.000750903208
vn -0.579807161 -0.814753411 0.00073217484
vn -0.556847793 -0.830614541 0.000140907413
vn -0.579807161 -0.814753411 0.00073217484
vn -0.573799512 -0.818995719 0.000362458527
vn -0.556847793 -0.830614541 0.000140907413
vn -0.573799512 -0.818995719 0.000362458527
vn -0.565770981 -0.824562427 3.00256905e-05
vn -0.556847793 -0.830614541 0.000140907413
vn -0.565770981 -0.824562427 3.00256905e-05
vn -0.564255 -0.825600566 -2.23504176e-05
vn -0.611511675 0.611764816 0.501794063
vn -0.612566349 0.612755117 0.499293135
vn -0.611981806 0.611943003 0.501003024
vn -0.612566349 0.612755117 0.499293135
vn -0.612171676 0.612288143 0.500348947
vn -0.612674845 0.612635029 0.499307375
vn -0.611981806 0.611943003 0.501003024
vn -0.612674845 0.612635029 0.499307375
vn -0.610694543 0.611175791 0.50350405
vn -0.612171676 0.612288143 0.500348947
vn -0.612582918 0.612591918 0.499473032
vn -0.612685314 0.612843206 0.499038987
vn -0.612582918 0.612591918 0.499473032
vn -0.612261231 0.612313504 0.500208314
vn -0.612517253 0.612558559 0.499594462
vn -0.612261231 0.612313504 0.500208314
vn -0.612178045 0.612224835 0.500418618
vn -0.612517253 0.612558559 0.499594462
vn -0.612178045 0.612224835 0.500418618
vn -0.612477168 0.612476035 0.49974476
vn -0.612072586 0.612084507 0.500719189
vn -0.612517253 0.612558559 0.499594462
vn -0.612178045 0.612224835 0.500418618
vn -0.612072586 0.612084507 0.500719189
vn -0.612477168 0.612476035 0.49974476
vn -0.61227688 0.612314729 0.500187659
vn -0.612541952 0.612566926 0.49955392
vn -0.61227688 0.612314729 0.500187659
vn -0.61426294 0.6145373 0.494999946
vn -0.61220949 0.612241736 0.500359468
vn -0.61220949 0.612241736 0.500359468
vn -0.61426294 0.6145373 0.494999946
vn -0.6314587 0.632466197 0.448604971
vn -0.61426294 0.6145373 0.494999946
vn -0.651242136 0.650404154 0.390970736
vn -0.6314587 0.632466197 0.448604971
vn -0.61220949 0.612241736 0.500359468
vn -0.612541952 0.612566926 0.49955392
vn -0.61227688 0.612314729 0.500187659
vn -0.612541952 0.612566926 0.49955392
vn -0.612072586 0.612084507 0.500719189
vn -0.612477168 0.612476035 0.49974476
vn -0.612517253 0.612558559 0.499594462
vn -0.612685314 0.612843206 0.499038987
vn -0.612582918 0.612591918 0.499473032
vn -0.612685314 0.612843206 0.499038987
vn -0.611601727 0.611570613 0.501921022
vn -0.612171676 0.612288143 0.500348947
vn -0.611601727 0.611570613 0.501921022
vn -0.612674845 0.612635029 0.499307375
vn -0.612171676 0.612288143 0.500348947
vn -0.611981806 0.611943003 0.501003024
vn -0.614088153 0.613854324 0.496063111
vn -0.613357361 0.613226946 0.497740355
vn -0.611511675 0.611764816 0.501794063
vn -0.613357361 0.613226946 0.497740355
vn -0.610876235 0.611430797 0.502973762
vn -0.611981806 0.611943003 0.501003024
vn -0.613357361 0.613226946 0.497740355
vn -0.611511675 0.611764816 0.501794063
vn 0.669241701 -0.669134651 -0.323070215
vn 0.643231715 -0.643284703 -0.415256248
vn 0.639385655 -0.639440253 -0.426968554
vn 0.799698471 0.600401818 0.000106964391
vn 0.790901206 0.611943739 0.00037787358
vn 0.806628 0.591059395 0.000248708824
vn 0.790901206 0.611943739 0.00037787358
vn 0.782570537 0.622561928 1.91217622e-06
vn 0.806628 0.591059395 0.000248708824
vn -0.624357788 0.781127651 0.00411645768
vn -0.582160781 0.813071206 -0.00200988333
vn -0.611315491 0.791385176 0.00169516262
vn 0.52203039 0.852926813 -0.000352744405
vn 0.522498211 0.852640246 0.000479615546
vn 0.490044765 0.871696816 0.000888947965
vn 0.831513127 -0.55550507 0.000191634104
vn 0.812573833 -0.582854974 -0.00196072362
vn 0.815176605 -0.579212248 0.000523874827
vn 0.831513127 -0.55550507 0.000191634104
vn 0.815176605 -0.579212248 0.000523874827
vn 0.819717277 -0.572768263 0.000319843991
vn 0.831513127 -0.55550507 0.000191634104
vn 0.819717277 -0.572768263 0.000319843991
vn 0.824330925 -0.566108226 4.01911456e-05
vn 0.831513127 -0.55550507 0.000191634104
vn 0.824330925 -0.566108226 4.01911456e-05
vn 0.825595948 -0.564261757 -2.24293117e-05
vn 0.825595948 -0.564261757 -2.24293117e-05
vn 0.832068276 -0.554673202 0.000153614734
vn 0.831513127 -0.55550507 0.000191634104
vn 0.588935553 0.808179437 -0.000954824382
vn 0.639477056 0.768803098 0.00330018173
vn 0.624553157 0.780975536 0.00325056382
vn -0.939563697 -0.342374088 -0.000205702353
vn -0.942378959 -0.334546067 0.000908732959
vn -0.938640353 -0.3448975 5.23321427e-05
vn -0.799970286 -0.600039495 0.000382559644
vn -0.791261758 -0.611475441 0.00161699676
vn -0.81176094 -0.583986743 -0.00191329088
vn -0.642344041 -0.766415994 0.000810589097
vn -0.626172093 -0.779684875 -7.84359688e-05
vn -0.621761331 -0.783206772 -1.56645622e-05
vn 0.600125767 0.799905647 0.0001372817
vn 0.588935553 0.808179437 -0.000954824382
vn 0.611568473 0.791190694 0.00113505875
vn 0.573832932 -0.818972293 0.000385800699
vn 0.579879677 -0.81470194 0.000555695302
vn 0.555169869 -0.831736965 0.000191227427
vn 0.579879677 -0.81470194 0.000555695302
vn 0.581418156 -0.813604414 -0.000886070542
vn 0.555169869 -0.831736965 0.000191227427
vn 0.553145205 -0.833084844 0.000154829534
vn 0.561391617 -0.827550269 -7.12290088e-05
vn 0.555169869 -0.831736965 0.000191227427
vn 0.567893166 -0.823102262 0.000133444661
vn 0.573832932 -0.818972293 0.000385800699
vn 0.555169869 -0.831736965 0.000191227427
vn 0.599937441 -0.800046804 0.000421532257
vn 0.611336653 -0.791368788 0.0017143353
vn 0.581418156 -0.813604414 -0.000886070542
vn 0.581418156 -0.813604414 -0.000886070542
vn 0.579879677 -0.81470194 0.000555695302
vn 0.588023547 -0.808843797 -0.000139343524
vn -0.81176094 -0.583986743 -0.00191329088
vn -0.830277123 -0.557350561 -0.000500268639
vn -0.810346371 -0.585950498 0.000879436738
vn -0.830277123 -0.557350561 -0.000500268639
vn -0.83154568 -0.55545634 0.000192556437
vn -0.821172808 -0.570679569 0.000220378011
vn -0.830277123 -0.557350561 -0.000500268639
vn -0.821172808 -0.570679569 0.000220378011
vn -0.819816123 -0.572626777 0.000312806955
vn -0.814935285 -0.579551489 0.00074325894
vn -0.810346371 -0.585950498 0.000879436738
vn -0.830277123 -0.557350561 -0.000500268639
vn -0.395369774 0.918520584 0.00163654357
vn -0.407089457 0.913388285 0.000119667512
vn -0.37278955 0.927912206 -0.00262468021
vn -0.34663834 0.937998858 5.87413176e-05
vn -0.360447787 0.932778757 0.00108803946
vn -0.343594205 0.93911657 -0.00175775838
vn 0.781443355 -0.623963414 0.00399260874
vn 0.791605619 -0.611030242 0.00160884141
vn 0.812573833 -0.582854974 -0.00196072362
vn 0.581418156 -0.813604414 -0.000886070542
vn 0.611336653 -0.791368788 0.0017143353
vn 0.624248931 -0.78122158 0.00247308522
vn -0.781475484 0.623922991 0.00402101532
vn -0.791747946 0.610845699 0.00164967593
vn -0.812839124 0.582484703 -0.00203210202
vn -0.849839767 -0.527040934 0.00047339913
vn -0.83154568 -0.55545634 0.000192556437
vn -0.847829962 -0.530266561 -0.00131545548
vn -0.329931857 0.94400472 -0.000241091636
vn -0.331472595 0.943464846 4.58331437e-05
vn -0.338189431 0.941077969 -0.000405895766
vn -0.943599441 -0.331089152 -0.000260006763
vn -0.9429153 -0.333032631 5.99176952e-05
vn -0.94019175 -0.340645345 -0.000470682312
vn 0.935206922 -0.35410161 -0.000248696198
vn 0.938588911 -0.345036765 -0.000698423111
vn 0.938110412 -0.346336119 -0.00038340827
vn -0.942587738 -0.333958359 -0.000413504955
vn -0.94019175 -0.340645345 -0.000470682312
vn -0.944172152 -0.329452389 -0.000265631262
vn 0.33346711 -0.942761733 4.99112405e-05
vn 0.355308313 -0.934749156 -0.000135670121
vn 0.33839416 -0.941004382 -0.000381577376
vn -0.94240171 0.334483207 2.43454216e-05
vn -0.935931491 0.352182108 -8.06526554e-05
vn -0.9357907 0.352556043 4.238756e-05
vn 0.329468571 -0.94416652 -0.000210446766
vn 0.33346711 -0.942761733 4.99112405e-05
vn 0.33839416 -0.941004382 -0.000381577376
vn 0.943999877 0.329945749 -0.000185025086
vn 0.941361015 0.337401005 3.34636681e-05
vn 0.940021095 0.34111607 -0.000408651277
vn 0.952361288 -0.304972094 1.09168043e-05
vn 0.946710238 -0.322086516 3.13763815e-05
vn 0.94507872 -0.326842721 -0.000221463369
vn -0.853389245 0.521274198 -8.81615032e-05
vn -0.870368939 0.492400099 0.000227889696
vn -0.85873974 0.512411956 -0.000216654707
vn -0.497611872 -0.867399796 -0.000135787775
vn -0.474917472 -0.880030335 6.41259322e-05
vn -0.482836472 -0.875710523 -0.000147430135
vn 0.843656112 0.536883765 0.000432957511
vn 0.831513675 0.555504244 0.000206179765
vn 0.847538592 0.530733706 0.000262326852
vn -0.945774928 -0.324822679 -0.000111142256
vn -0.944172152 -0.329452389 -0.000265631262
vn -0.946829053 -0.321737071 -4.4519939e-05
vn 0.88014321 0.474707923 0.000563208761
vn 0.86506297 0.501663099 0.000438611818
vn 0.867813912 0.496889215 -0.000348545394
vn 0.33305071 0.942908916 3.31371605e-05
vn 0.329251017 0.944242407 -0.000211306074
vn 0.337141766 0.94145383 -0.000340614888
vn -0.331472595 0.943464846 4.58331437e-05
vn -0.343650181 0.939097733 1.02464989e-05
vn -0.338189431 0.941077969 -0.000405895766
vn -0.943705567 0.330786478 -0.000328676437
vn -0.940363986 0.340169394 -0.00059720605
vn -0.941499633 0.337013626 -0.000507298615
vn -0.305269667 -0.952265945 3.78124638e-06
vn -0.322215467 -0.946666358 2.11870828e-05
vn -0.328110637 -0.944639272 -0.000236331443
vn -0.353665014 -0.935372107 -0.000282225011
vn -0.34878207 -0.937203666 -0.000596186276
vn -0.354257949 -0.935147663 -0.000392211319
vn -0.345805275 0.938306299 -1.3505673e-05
vn -0.360213034 0.932870029 -0.000280292839
vn -0.343650181 0.939097733 1.02464989e-05
vn 0.914156352 -0.405359823 0.00125599114
vn 0.890095741 -0.455766544 -0.00253559564
vn 0.909452735 -0.415800186 0.00243458485
vn -0.353665014 -0.935372107 -0.000282225011
vn -0.34513906 -0.938551555 8.82217583e-05
vn -0.335605565 -0.942002485 -0.000472617078
vn -0.9429153 -0.333032631 5.99176952e-05
vn -0.935302611 -0.353848843 -0.000148269027
vn -0.94019175 -0.340645345 -0.000470682312
vn 0.935206922 -0.35410161 -0.000248696198
vn 0.938743051 -0.344617872 8.68077982e-05
vn 0.942135672 -0.335231536 -0.000439340269
vn -0.478178472 0.878262402 0.000708525885
vn -0.507423634 0.861696712 0.000179409222
vn -0.507537757 0.861628728 -0.00116679392
vn -0.871923971 -0.489639093 0.00146505073
vn -0.849839767 -0.527040934 0.00047339913
vn -0.847829962 -0.530266561 -0.00131545548
vn 0.404966219 0.914331638 0.000131174378
vn 0.374762375 0.927120776 0.000478111979
vn 0.396208719 0.918160346 -0.000479443476
vn 0.656651182 -0.75419442 4.36706458e-05
vn 0.604291639 -0.79676321 4.10610097e-05
vn 0.60381429 -0.797125023 3.95954839e-05
vn -0.952159309 -0.305602111 1.54537396e-05
vn -0.945774928 -0.324822679 -0.000111142256
vn -0.946829053 -0.321737071 -4.4519939e-05
vn 0.932209606 0.361918746 -0.000268015602
vn 0.940021095 0.34111607 -0.000408651277
vn 0.941361015 0.337401005 3.34636681e-05
vn -0.941903953 0.335882218 -0.000282485621
vn -0.944708586 0.327911058 -0.00016175694
vn -0.941499633 0.337013626 -0.000507298615
vn -0.751840364 0.659345167 -0.000132748994
vn -0.793378593 0.608728484 -0.00020334663
vn -0.74404077 0.668134197 -0.000163632892
vn 0.354289427 0.935135802 -0.000183877775
vn 0.351893977 0.936039786 0.000384324771
vn 0.33305071 0.942908916 3.31371605e-05
vn 0.738450441 0.674307739 -0.000142315907
vn 0.727297118 0.686322442 0.000638115678
vn 0.756106615 0.65444845 -0.000111260604
vn -0.305585392 0.952164675 -6.8006213e-06
vn -0.325487451 0.945546349 -0.000148834494
vn -0.321893878 0.946775756 -3.22880716e-08
vn -0.338189431 0.941077969 -0.000405895766
vn -0.33112328 0.943587447 -0.000319628033
vn -0.33390076 0.942608147 -0.000404944452
vn 0.942135672 -0.335231536 -0.000439340269
vn 0.944275905 -0.329154926 -0.000226181725
vn 0.942775957 -0.333426651 -0.000404461138
vn 0.942771625 -0.333438907 -0.000397582514
vn 0.942775957 -0.333426651 -0.000404461138
vn 0.94507872 -0.326842721 -0.000221463369
vn -0.335605565 -0.942002485 -0.000472617078
vn -0.32946468 -0.944167869 -0.000245657812
vn -0.334652308 -0.942341576 -0.000432102654
vn -0.335580696 -0.942011351 -0.000460032109
vn -0.334652308 -0.942341576 -0.000432102654
vn -0.328110637 -0.944639272 -0.000236331443
vn -0.946605339 0.322394683 2.30459107e-05
vn -0.943705567 0.330786478 -0.000328676437
vn -0.952286609 0.305205199 1.86888466e-05
vn 0.305622384 -0.952152802 9.14223757e-06
vn 0.330010726 -0.943977132 -0.000309152863
vn 0.322139522 -0.946692202 -5.24316114e-05
vn 0.957256222 -0.289241291 -2.96862953e-05
vn 0.950339847 -0.311214028 -6.80212101e-05
vn 0.945224204 -0.32642182 -6.76642715e-06
vn 0.330010726 -0.943977132 -0.000309152863
vn 0.337972103 -0.941155967 -0.000550661933
vn 0.338421102 -0.940994609 -0.00055128766
vn 0.33839416 -0.941004382 -0.000381577376
vn 0.338421102 -0.940994609 -0.00055128766
vn 0.337972103 -0.941155967 -0.000550661933
vn 0.952263419 0.305277547 1.0954105e-06
vn 0.944895132 0.327373112 -0.000188991017
vn 0.946745569 0.32198265 1.64814172e-05
vn 0.940021095 0.34111607 -0.000408651277
vn 0.942639194 0.333813109 -0.000397198814
vn 0.942336825 0.334665674 -0.000442237345
vn 0.942639194 0.333813109 -0.000397198814
vn 0.943446988 0.331523267 -0.000321802478
vn 0.943030878 0.332705024 -0.000359273604
vn 0.337141766 0.94145383 -0.000340614888
vn 0.329251017 0.944242407 -0.000211306074
vn 0.332893744 0.942964273 -0.000368294173
vn -0.772284895 0.635275865 -0.00078444995
vn -0.76968379 0.638415655 0.00350921486
vn -0.795883391 0.60543255 -0.00458867972
vn -0.704139289 -0.704810616 -0.0861966233
vn -0.689135251 -0.688604769 -0.225645914
vn -0.704516475 -0.704242174 -0.0877467772
vn 0.288554684 -0.645209884 -0.707418123
vn 0.316069009 -0.630249146 -0.709144834
vn 0.309296917 -0.636334085 -0.706692542
vn 0.872010127 -0.489480057 -0.00275893654
vn 0.909452735 -0.415800186 0.00243458485
vn 0.890095741 -0.455766544 -0.00253559564
vn 0.912438106 0.40921316 0.00113709843
vn 0.927148472 0.374694024 -0.000314698937
vn 0.925590343 0.37852675 0.000127578868
vn 0.0901220905 0.0854677127 0.99225666
vn 0.00125356933 0.00131807785 0.999998346
vn 0.0584475667 0.0994974103 0.993319761
vn 0.0029823546 -0.00108005169 0.99999497
vn 0.114715909 -0.0412069391 0.992543323
vn 0.00221571657 -0.000538589096 0.9999974
vn 0.763338912 -0.645997693 0.000828482023
vn 0.743117469 -0.669159374 0.00146922123
vn 0.739410516 -0.673254845 -5.08708179e-05
vn 0.939693102 -0.342018816 -5.70896924e-05
vn 0.928133863 -0.372246004 0.000666869875
vn 0.935568449 -0.353145211 0.00037030375
vn 0.000849207332 -0.00186219274 0.999997906
vn 0.0632148786 -0.10534206 0.992424773
vn 0.0462580805 -0.139551341 0.989133769
vn 0.342149981 0.939645349 -8.84208291e-05
vn 0.374381159 0.927274535 0.000828074242
vn 0.351229736 0.936289274 0.00026162889
vn 0.50114572 0.865362226 0.00108868617
vn 0.469450419 0.882958779 -0.000312904569
vn 0.50006046 0.865990436 -0.000317029843
vn -0.702821596 -0.0750663699 -0.707394405
vn -0.697172107 -0.105595738 -0.709084334
vn -0.70066874 -0.0974427817 -0.706801402
vn 0.000174618581 0.00138263911 0.999999029
vn -0.0101174475 0.10332835 0.994595842
vn 0.00841694817 0.113436191 0.99350963
vn -0.000350927187 0.000839371769 0.999999586
vn -0.0200287671 0.0656738159 0.997640115
vn -0.0101174475 0.10332835 0.994595842
vn -0.827858873 0.560934986 0.00127582989
vn -0.848040675 0.529931053 -0.000303378262
vn -0.829078852 0.559131621 -0.000295438338
vn -0.638559699 0.769563616 0.00365402387
vn -0.632524978 0.774538828 -0.00132557403
vn -0.605543341 0.795799408 -0.00453490597
vn -0.701509358 0.700916411 0.128844112
vn -0.661951071 0.663576729 0.348549429
vn -0.682687367 0.681286598 0.264171401
vn 0.570236148 -0.821480813 -9.02989126e-05
vn 0.588132972 -0.808763377 0.0011867188
vn 0.557670832 -0.830061615 -0.000979154837
vn 0.351242576 -0.936284254 0.000670034445
vn 0.396318542 -0.918112606 -0.000925022963
vn 0.355308313 -0.934749156 -0.000135670121
vn 0.043556158 0.107918524 0.993205142
vn 0.000188885049 0.00103668331 0.999999445
vn 0.0121591309 0.0681317713 0.997602234
vn 0.648235035 0.648720634 -0.39868895
vn 0.688399673 0.6878196 -0.230239198
vn 0.680512615 0.681212374 -0.26991162
vn -0.395369774 0.918520584 0.00163654357
vn -0.343594205 0.93911657 -0.00175775838
vn -0.360447787 0.932778757 0.00108803946
vn 0.395470781 0.586205576 0.707082658
vn 0.374698187 0.599668078 0.707106403
vn 0.395471344 0.586219086 0.707071142
vn -0.00124345914 -0.000691749372 0.999998988
vn -0.000387039175 5.37128644e-05 0.999999924
vn -0.0716397176 0.00937358582 0.997386528
vn -0.556847793 -0.830614541 0.000140907413
vn -0.523385939 -0.852095719 0.000210140176
vn -0.522687207 -0.852524536 2.58117739e-06
vn 0.30860204 0.636201333 -0.707115722
vn 0.278194339 0.648281636 -0.708758654
vn 0.288680541 0.645663532 -0.70695272
vn 0.7004615 0.700974577 0.134120579
vn 0.707393176 0.706789441 -0.00660155757
vn 0.704665068 0.703912023 0.089190841
vn 0.705183736 -0.705667309 -0.0689169608
vn 0.689147495 -0.688701056 -0.225314416
vn 0.691626142 -0.69176812 -0.207629833
vn -0.686323492 0.169660784 -0.707230714
vn -0.691809376 0.137607698 -0.708846887
vn -0.691686547 0.148248965 -0.706818198
vn 1 1.83827318e-08 0
vn 0.999389711 0.0349314495 0
vn 1 2.66845301e-08 0
vn 0.309093648 0.951031607 0
vn 0.27570047 0.961243596 0
vn 0.309093388 0.951031691 0
vn -0.913580417 0.406658113 0
vn -0.927187466 0.374597654 0
vn -0.913579648 0.406659841 0
vn -0.951030913 0.309095782 0
vn -0.961243927 0.275699317 0
vn -0.951030913 0.309095782 0
vn 0.00253574264 0.000240357703 0.999996756
vn 0.096626882 0.065115539 0.993188407
vn 0.0640905151 0.0341306975 0.997360267
vn -0.28750884 0.645749915 0.707351195
vn -0.309891861 0.6356202 0.707074251
vn -0.309890527 0.635603404 0.707089934
vn -0.939651373 0.342133442 -6.49583778e-05
vn -0.92708986 0.37483808 0.000897111886
vn -0.935525118 0.35325998 0.000374941504
vn -0.828992647 0.559259502 8.10242404e-06
vn -0.848090447 0.529851482 -2.04712177e-06
vn -0.848074726 0.529876645 0
vn 0.829013625 0.559228406 0
vn 0.809017331 0.587784789 0
vn 0.829013985 0.559227872 0
vn 0.848064736 0.529892633 0
vn 0.829013985 0.559227872 0
vn 0.848065121 0.529892017 0
vn -0.999389852 0.0349274137 0
vn -1 1.0377347e-08 0
vn -0.999389891 0.0349262917 0
vn 0.438358664 -0.898800134 0
vn 0.469516714 -0.882923584 0
vn 0.469516525 -0.882923684 0
vn -0.990273401 0.139135156 0
vn -0.994524655 0.104502208 0
vn -0.990273091 0.139137362 0
vn -0.994524766 0.104501149 0
vn -0.997567047 0.0697136108 0
vn -0.994524655 0.104502208 0
vn 0.882924799 -0.46951443 0
vn 0.898799924 -0.438359095 0
vn 0.898799772 -0.438359407 0
vn 0.766045924 0.642785844 0
vn 0.743117699 0.669160732 0
vn 0.766045655 0.642786166 0
vn -0.882923609 0.469516668 0
vn -0.898800695 0.438357514 0
vn -0.882924097 0.46951575 0
vn -0.680012701 0.194943442 0.706809579
vn -0.686274565 0.171163836 0.706915951
vn -0.679980163 0.19495167 0.706838612
vn 0.680013113 -0.194946347 0.706808381
vn 0.686276985 -0.17116383 0.706913604
vn 0.679980683 -0.194953811 0.706837522
vn -0.395469004 -0.586220777 0.707071049
vn -0.415666328 -0.572194598 0.706975845
vn -0.395468639 -0.586207012 0.707082665
vn 0.287505412 0.645724283 0.707375988
vn 0.264784438 0.655432612 0.707316968
vn 0.28750984 0.645750667 0.707350103
vn 0.664118565 -0.241778589 0.707452928
vn 0.672372817 -0.218472406 0.707237303
vn 0.664105487 -0.241784055 0.707463337
vn 0.672372963 0.218472251 0.707237212
vn 0.664118538 0.241778213 0.707453082
vn 0.664105764 0.241783705 0.707463196
vn -0.241781999 -0.664102744 0.707466614
vn -0.26478795 -0.655420978 0.707326433
vn -0.241778433 -0.664115088 0.707456245
vn -2.62612979e-08 -0.00156284082 0.999998779
vn 0.00326124344 -0.124434278 0.992222493
vn -0.0286064354 -0.118295469 0.992566297
vn -0.656399741 0.65847124 -0.368177954
vn -0.700642552 0.700044538 -0.137977024
vn -0.679527309 0.677942362 -0.28042252
vn 0.700084083 0.0983778759 0.707251066
vn 0.696521555 0.122842981 0.706942236
vn 0.700030477 0.0983562587 0.707307131
vn 0.21846642 -0.672442389 0.707173003
vn 0.194950691 -0.679980179 0.706838867
vn 0.194943583 -0.680012075 0.706810143
vn 0.218467374 0.672448471 0.707166925
vn 0.194955258 0.679989988 0.706828171
vn 0.218473605 0.67237391 0.707235893
vn -0.572193391 -0.415666198 0.706976899
vn -0.586217427 -0.395469413 0.707073597
vn -0.586204785 -0.395467193 0.70708532
vn 0.705410253 0.0493293151 0.707080613
vn 0.703200789 0.0738483414 0.707145722
vn 0.703171602 0.0738629528 0.70717322
vn -0.691830794 0.147047202 0.706928054
vn -0.696556062 0.122867895 0.706903906
vn -0.69652124 0.122843842 0.706942397
vn -0.473221622 -0.525559688 0.706999513
vn -0.491116657 -0.508596732 0.707201381
vn -0.49109227 -0.50858841 0.707224301
vn -0.287513497 -0.645757681 0.707342213
vn -0.309891706 -0.635622214 0.707072508
vn -0.287508751 -0.645730366 0.707369078
vn 2.84783475e-07 -0.707068723 0.707144838
vn -0.0246472829 -0.706476522 0.707307172
vn -0.0246580384 -0.706482089 0.707301236
vn 0.473245618 0.525580224 0.706968184
vn 0.454643234 0.541814761 0.706920288
vn 0.454663256 0.541847895 0.706882014
vn 0.395468657 -0.586205668 0.707083769
vn 0.374693346 -0.59965982 0.707115971
vn 0.374685723 -0.599674266 0.70710776
vn -0.454643286 0.541818388 0.706917475
vn -0.473249553 0.525584935 0.706962047
vn -0.45466285 0.541851927 0.706879185
vn 0.525561021 -0.473220038 0.706999582
vn 0.508597413 -0.491112331 0.707203896
vn 0.50859049 -0.491085441 0.707227547
vn 0.627294743 0.778779596 -0.00190929831
vn 0.639477056 0.768803098 0.00330018173
vn 0.588935553 0.808179437 -0.000954824382
vn 0.646596229 0.64775852 0.402892314
vn 0.694383575 0.692839337 0.194435347
vn 0.671742089 0.669607587 0.31684104
vn -0.563325697 0.826234034 0.0012166153
vn -0.530503638 0.847682606 0.00029867626
vn -0.520579808 0.853811372 0.0016744189
vn -0.147045628 0.69183355 0.706925683
vn -0.171166478 0.68627911 0.7069109
vn -0.147045748 0.691833206 0.706925996
vn 0.682511377 0.683402049 0.259113605
vn 0.704665068 0.703912023 0.089190841
vn 0.694383575 0.692839337 0.194435347
vn 0.147046182 -0.691831594 0.706927483
vn 0.171165335 -0.686272929 0.706917177
vn 0.147047751 -0.691834953 0.706923869
vn -0.241782727 0.66410566 0.707463628
vn -0.264790324 0.655422622 0.707324021
vn -0.26478589 0.655434558 0.707314621
vn 0.679979341 0.19495407 0.706838742
vn 0.672447829 0.218465065 0.707168249
vn 0.672372963 0.218472251 0.707237212
vn -0.0493278267 0.705417317 0.70707367
vn -0.0738486564 0.703202835 0.707143655
vn -0.073863198 0.703173681 0.707171126
vn 0.557154165 -0.435336162 0.707150382
vn 0.57217813 -0.415669266 0.706987446
vn 0.55716145 -0.435338526 0.707143187
vn -0.073863198 0.703173681 0.707171126
vn -0.0983757616 0.700082075 0.707253348
vn -0.0983536308 0.700028174 0.707309776
vn -0.147047017 -0.691835301 0.706923681
vn -0.171164648 -0.686270836 0.706919375
vn -0.1711695 -0.686254542 0.706934018
vn -0.672443469 0.218467123 0.707171759
vn -0.679980163 0.19495167 0.706838612
vn -0.672368339 0.218474445 0.70724093
vn -0.491116657 -0.508596732 0.707201381
vn -0.508587623 -0.491082157 0.707231889
vn -0.49109227 -0.50858841 0.707224301
vn 0.623936344 -0.331894153 0.707495378
vn 0.635600044 -0.309890932 0.707092777
vn 0.623932722 -0.331900419 0.707495633
vn 0.599673628 -0.374684005 0.707109211
vn 0.612463118 -0.35353163 0.707039119
vn 0.599657806 -0.374693973 0.707117347
vn 0.951031956 -0.309092573 0
vn 0.961243664 -0.275700234 0
vn 0.961243121 -0.275702127 0
vn 0.406657964 -0.913580484 0
vn 0.438358785 -0.898800076 0
vn 0.438358664 -0.898800134 0
vn 0.52989102 -0.848065744 0
vn 0.559227049 -0.82901454 0
vn 0.559227365 -0.829014327 0
vn 0.866058164 0.499943253 0
vn 0.848065121 0.529892017 0
vn 0.866057791 0.499943899 0
vn -0.0697125571 -0.99756712 0
vn -0.0349286118 -0.99938981 0
vn -0.0349286788 -0.999389808 0
vn 0.0697122754 0.99756714 0
vn 0.0349285337 0.999389813 0
vn 0.0697123231 0.997567137 0
vn -0.0349286118 0.99938981 0
vn -0.0697125571 0.99756712 0
vn -0.0349286788 0.999389808 0
vn -0.951030782 -0.309096185 0
vn -0.939678696 -0.3420584 0
vn -0.939678648 -0.342058532 0
vn -0.984819006 -0.173584344 0
vn -0.978147931 -0.207910137 0
vn -0.978148112 -0.207909286 0
vn 0.40665743 0.913580721 0
vn 0.37459455 0.92718872 0
vn 0.406657527 0.913580678 0
vn 0.469516504 0.882923696 0
vn 0.438358952 0.898799994 0
vn 0.469515891 0.882924022 0
vn 0.499943899 0.866057791 0
vn 0.469515891 0.882924022 0
vn 0.499943621 0.866057952 0
vn 0.994524566 -0.104503054 0
vn 0.99756719 -0.069711552 0
vn 0.997567109 -0.0697127235 0
vn 0.587785417 0.809016875 0
vn 0.559227365 0.829014327 0
vn 0.587785831 0.809016574 0
vn 0.587786448 -0.809016125 0
vn 0.615635841 -0.788030781 0
vn 0.61563524 -0.78803125 0
vn -0.86605854 0.499942603 0
vn -0.882924097 0.46951575 0
vn -0.866058711 0.499942305 0
vn -0.829014632 0.559226912 0
vn -0.848064894 0.529892381 0
vn -0.829015021 0.559226337 0
vn -0.809016903 0.587785378 0
vn -0.829015021 0.559226337 0
vn -0.809016476 0.587785966 0
vn -0.374595596 -0.927188298 0
vn -0.342058788 -0.939678555 0
vn -0.342058859 -0.939678528 0
vn 0.173583576 -0.984819142 0
vn 0.207910123 -0.978147934 0
vn 0.207910096 -0.97814794 0
vn -0.76604614 0.642785587 0
vn -0.7880307 0.615635944 0
vn -0.766046386 0.642785295 0
vn -0.984819034 0.173584189 0
vn -0.990273091 0.139137362 0
vn -0.984819006 0.173584344 0
vn -0.499944088 0.866057682 0
vn -0.529890742 0.848065918 0
vn -0.499944178 0.86605763 0
vn -0.529891653 -0.848065349 0
vn -0.499943717 -0.866057896 0
vn -0.499943579 -0.866057976 0
vn -0.173584716 0.984818941 0
vn -0.207908565 0.978148265 0
vn -0.17358459 0.984818963 0
vn -0.104503613 0.994524507 0
vn -0.139135186 0.990273397 0
vn -0.104503731 0.994524494 0
vn -0.694678313 0.719320542 0
vn -0.719319722 0.694679161 0
vn -0.694678283 0.719320571 0
vn -0.642785552 0.76604617 0
vn -0.669161203 0.743117275 0
vn -0.642785909 0.766045871 0
vn -0.374594847 0.9271886 0
vn -0.406658356 0.913580309 0
vn -0.374595124 0.927188488 0
vn -0.342061324 0.939677631 0
vn -0.374595124 0.927188488 0
vn -0.342061312 0.939677636 0
vn 0.978148442 0.207907732 0
vn 0.970284263 0.241967867 0
vn 0.978148647 0.207906767 0
vn 0.743117699 0.669160732 0
vn 0.719320015 0.694678858 0
vn 0.743117699 0.669160732 0
vn 0.913580624 -0.406657649 0
vn 0.927187989 -0.374596361 0
vn 0.927188188 -0.374595868 0
vn 0.275699955 -0.961243744 0
vn 0.309093415 -0.951031682 0
vn 0.309093675 -0.951031598 0
vn 0.309093675 -0.951031598 0
vn 0.34205979 -0.93967819 0
vn 0.342059718 -0.939678216 0
vn 0.866058244 -0.499943115 0
vn 0.882925374 -0.469513348 0
vn 0.882924799 -0.46951443 0
vn -0.406658381 -0.913580298 0
vn -0.374595448 -0.927188358 0
vn -0.374595596 -0.927188298 0
vn 0.809017303 0.587784828 0
vn 0.788030546 0.615636142 0
vn 0.809017331 0.587784789 0
vn 0.642786067 0.766045738 0
vn 0.615634609 0.788031743 0
vn 0.642786265 0.766045571 0
vn -0.96124395 0.275699235 0
vn -0.97028512 0.24196443 0
vn -0.961243927 0.275699317 0
vn 0.559227365 -0.829014327 0
vn 0.58778642 -0.809016146 0
vn 0.587786448 -0.809016125 0
vn -0.469515301 0.882924335 0
vn -0.499944178 0.86605763 0
vn -0.469515137 0.882924423 0
vn 0.559227365 0.829014327 0
vn 0.52989116 0.848065657 0
vn 0.559227365 0.829014327 0
vn 0.241965931 0.970284746 0
vn 0.207908608 0.978148256 0
vn 0.241965875 0.97028476 0
vn 0.927187769 0.374596905 0
vn 0.913580373 0.406658212 0
vn 0.927188018 0.374596289 0
vn 0.0349285672 0.999389811 0
vn 9.48784695e-09 1 0
vn 0.0349285337 0.999389813 0
vn 0.898800123 0.438358688 0
vn 0.882924911 0.469514219 0
vn 0.898800099 0.438358737 0
vn -0.342058859 -0.939678528 0
vn -0.309094105 -0.951031458 0
vn -0.309094463 -0.951031342 0
vn 0.970284284 0.241967783 0
vn 0.961243165 0.275701973 0
vn 0.970284263 0.241967867 0
vn 0.84806484 -0.529892467 0
vn 0.866058765 -0.499942212 0
vn 0.866058244 -0.499943115 0
vn -0.743116398 0.669162177 0
vn -0.766046386 0.642785295 0
vn -0.743116229 0.669162365 0
vn -0.978147934 0.207910125 0
vn -0.984819006 0.173584344 0
vn -0.978148163 0.207909048 0
vn -0.848064482 0.529893041 0
vn -0.866058711 0.499942305 0
vn -0.848064894 0.529892381 0
vn 0.342059718 -0.939678216 0
vn 0.374594827 -0.927188609 0
vn 0.37459455 -0.92718872 0
vn 0.669161519 -0.743116991 0
vn 0.694678039 -0.719320806 0
vn 0.694677737 -0.719321098 0
vn 0.939677712 0.342061101 0
vn 0.927188018 0.374596289 0
vn 0.939678383 0.342059259 0
vn 0.469516525 -0.882923684 0
vn 0.499943899 -0.866057791 0
vn 0.49994339 -0.866058085 0
vn 0.990273498 -0.139134461 0
vn 0.99452457 -0.104503009 0
vn 0.994524566 -0.104503054 0
vn -0.406657773 0.913580569 0
vn -0.438358544 0.898800193 0
vn -0.406658356 0.913580309 0
vn -0.92718826 0.374595689 0
vn -0.939678703 0.342058381 0
vn -0.927187466 0.374597654 0
vn -0.469514971 -0.882924511 0
vn -0.438359119 -0.898799912 0
vn -0.438359599 -0.898799679 0
vn -0.788030626 0.615636039 0
vn -0.809016476 0.587785966 0
vn -0.7880307 0.615635944 0
vn -0.615633839 0.788032345 0
vn -0.642785909 0.766045871 0
vn -0.615633744 0.788032419 0
vn 0.275700667 0.96124354 0
vn 0.241965875 0.97028476 0
vn 0.27570047 0.961243596 0
vn -0.719319927 0.69467895 0
vn -0.743116229 0.669162365 0
vn -0.719319722 0.694679161 0
vn -0.241965805 0.970284777 0
vn -0.275700415 0.961243612 0
vn -0.241965791 0.970284781 0
vn -0.139135127 0.990273405 0
vn -0.17358459 0.984818963 0
vn -0.139135186 0.990273397 0
vn -0.207908722 0.978148232 0
vn -0.241965791 0.970284781 0
vn -0.207908565 0.978148265 0
vn -0.642786522 -0.766045355 0
vn -0.615635174 -0.788031302 0
vn -0.615634374 -0.788031926 0
vn -0.829015039 -0.559226309 0
vn -0.809016924 -0.587785349 0
vn -0.809016671 -0.587785697 0
vn 0.207908779 0.97814822 0
vn 0.173584932 0.984818903 0
vn 0.207908608 0.978148256 0
vn 0.984819036 0.173584175 0
vn 0.978148647 0.207906767 0
vn 0.984818994 0.173584416 0
vn -0.694597667 -0.695405132 -0.184243815
vn -0.666205709 -0.665640776 -0.336292001
vn -0.689135251 -0.688604769 -0.225645914
vn 0.47321863 -0.525554787 0.707005158
vn 0.491116627 -0.508597091 0.707201144
vn 0.473242349 -0.525576513 0.706973131
vn 0.612416956 -0.353529289 0.707080274
vn 0.623932722 -0.331900419 0.707495633
vn 0.612463118 -0.35353163 0.707039119
vn -0.635581161 -0.309974772 0.707073001
vn -0.645747835 -0.287510273 0.707352513
vn -0.645722868 -0.287506641 0.70737678
vn 0.64572351 -0.287505234 0.707376766
vn 0.655434473 -0.264787274 0.707314181
vn 0.645748011 -0.287509736 0.70735257
vn -0.58620793 0.395467015 0.707082812
vn -0.599668863 0.374696346 0.707106713
vn -0.58622198 0.395469776 0.707069619
vn -0.0246584518 0.706488344 0.707294974
vn -0.0493278267 0.705417317 0.70707367
vn -0.0246480629 0.706480564 0.707303108
vn -0.664117975 0.241779142 0.707453293
vn -0.672368339 0.218474445 0.70724093
vn -0.664105641 0.241783361 0.70746343
vn -0.754189118 -0.656655536 0.00151056979
vn -0.757159578 -0.653229941 -0.000132334649
vn -0.787954111 -0.615724638 -0.00338954114
vn -0.309889504 -0.635603861 0.707089971
vn -0.331893101 -0.623933879 0.707498045
vn -0.309891706 -0.635622214 0.707072508
vn 0.0738489567 -0.703194929 0.707151485
vn 0.0493269382 -0.705413528 0.707077511
vn 0.0493377209 -0.705455937 0.707034447
vn 0.454640618 -0.541809166 0.706926259
vn 0.473242349 -0.525576513 0.706973131
vn 0.454659015 -0.541840196 0.706890643
vn 0.890278184 -0.455417108 -0.000111873686
vn 0.8896463 -0.456650261 1.16254633e-05
vn 0.895092102 -0.445881294 -1.91037355e-05
vn 0.691831151 -0.147045235 0.706928113
vn 0.686276985 -0.17116383 0.706913604
vn 0.686263738 -0.171168267 0.70692539
vn -0.655424353 0.264791606 0.707321938
vn -0.664105641 0.241783361 0.70746343
vn -0.655435205 0.264787019 0.707313598
vn 0.0983758771 0.700083115 0.707252302
vn 0.0738633363 0.703175676 0.707169128
vn 0.0983538793 0.700029385 0.707308543
vn -0.525587029 0.473248726 0.706961044
vn -0.541814455 0.454643525 0.706920337
vn -0.541846251 0.454663525 0.706883101
vn -0.76968379 0.638415655 0.00350921486
vn -0.812839124 0.582484703 -0.00203210202
vn -0.795883391 0.60543255 -0.00458867972
vn 0.435332693 0.557148288 0.707157148
vn 0.41566879 0.572176999 0.706988641
vn 0.435333638 0.557155965 0.707150517
vn 0.264788978 0.655421894 0.7073252
vn 0.241783809 0.664108822 0.70746029
vn 0.264784438 0.655432612 0.707316968
vn 0.58621728 0.395470437 0.707073146
vn 0.572196378 0.415663997 0.706975775
vn 0.572179228 0.415669449 0.70698645
vn 0.024647294 -0.706475627 0.707308065
vn 2.84783475e-07 -0.707068723 0.707144838
vn 0.0246579259 -0.706483314 0.707300017
vn -0.26478589 0.655434558 0.707314621
vn -0.287504521 0.645723038 0.707377486
vn -0.28750884 0.645749915 0.707351195
vn 0.541813434 -0.454644293 0.706920625
vn 0.55716145 -0.435338526 0.707143187
vn 0.541844298 -0.454665176 0.706883537
vn -0.454642246 -0.541811573 0.706923368
vn -0.473245452 -0.52558155 0.706967309
vn -0.473221622 -0.525559688 0.706999513
vn 0.63561914 -0.30989142 0.707075397
vn 0.645748011 -0.287509736 0.70735257
vn 0.635600044 -0.309890932 0.707092777
vn 0.557153343 0.435338348 0.707149684
vn 0.541815649 0.454647193 0.706917062
vn 0.541847878 0.454668874 0.706878415
vn 0.703171602 0.0738629528 0.70717322
vn 0.700084083 0.0983778759 0.707251066
vn 0.700030477 0.0983562587 0.707307131
vn 0.435339179 -0.557155425 0.707147532
vn 0.415668237 -0.572178626 0.706987649
vn 0.415665258 -0.572194781 0.706976326
vn -0.586204785 -0.395467193 0.70708532
vn -0.599668739 -0.374699144 0.707105335
vn -0.599683604 -0.374689473 0.707097853
vn 0.287508174 -0.645728025 0.70737145
vn 0.264785681 -0.655436764 0.707312654
vn 0.264789271 -0.655423848 0.707323279
vn 0.541813434 -0.454644293 0.706920625
vn 0.525582462 -0.473246005 0.706966261
vn 0.525561021 -0.473220038 0.706999582
vn 0.331895364 0.62393978 0.707491779
vn 0.309889916 0.635601408 0.707091995
vn 0.331900039 0.62393649 0.707492488
vn 0.655436039 0.264786869 0.707312882
vn 0.645722339 0.28750429 0.707378219
vn 0.645746947 0.287508875 0.707353891
vn -0.645721669 0.287505833 0.707378203
vn -0.655435205 0.264787019 0.707313598
vn -0.645746832 0.287509414 0.707353777
vn 0.788030253 0.615636517 0
vn 0.766045655 0.642786166 0
vn 0.788030546 0.615636142 0
vn -0.275700541 0.961243576 0
vn -0.30909423 0.951031417 0
vn -0.275700415 0.961243612 0
vn -0.615634374 -0.788031926 0
vn -0.58778587 -0.809016545 0
vn -0.587785803 -0.809016594 0
vn -0.669160636 0.743117785 0
vn -0.694678283 0.719320571 0
vn -0.669161203 0.743117275 0
vn 0.970284407 -0.241967292 0
vn 0.978148346 -0.207908184 0
vn 0.978148508 -0.207907421 0
vn 0.139135186 0.990273397 0
vn 0.10450368 0.9945245 0
vn 0.139135186 0.990273397 0
vn 0.374594601 0.9271887 0
vn 0.34206135 0.939677622 0
vn 0.37459455 0.92718872 0
vn 0.104503665 0.994524501 0
vn 0.0697123231 0.997567137 0
vn 0.10450368 0.9945245 0
vn 0.173585087 0.984818876 0
vn 0.139135186 0.990273397 0
vn 0.173584932 0.984818903 0
vn -0.89880059 -0.43835773 0
vn -0.882924097 -0.46951575 0
vn -0.882924197 -0.469515561 0
vn -0.719321039 -0.694677798 0
vn -0.694677706 -0.719321127 0
vn -0.694677767 -0.719321069 0
vn 0.766045272 -0.642786622 0
vn 0.788030069 -0.615636751 0
vn 0.7880307 -0.615635944 0
vn 0.61563524 -0.78803125 0
vn 0.642786394 -0.766045463 0
vn 0.642786265 -0.766045571 0
vn 0.809017877 -0.587784038 0
vn 0.829013625 -0.559228406 0
vn 0.829013985 -0.559227872 0
vn 0.7880307 -0.615635944 0
vn 0.809017632 -0.587784374 0
vn 0.809017877 -0.587784038 0
vn 0.829013985 -0.559227872 0
vn 0.848064341 -0.529893266 0
vn 0.84806484 -0.529892467 0
vn 0.24196725 -0.970284417 0
vn 0.275700096 -0.961243703 0
vn 0.275699955 -0.961243744 0
vn 0.207910096 -0.97814794 0
vn 0.241967404 -0.970284379 0
vn 0.24196725 -0.970284417 0
vn -0.438358304 0.89880031 0
vn -0.469515137 0.882924423 0
vn -0.438358544 0.898800193 0
vn 0.104503694 -0.994524498 0
vn 0.139135186 -0.990273397 0
vn 0.139135186 -0.990273397 0
vn 0.0697123199 -0.997567137 0
vn 0.104503656 -0.994524502 0
vn 0.104503694 -0.994524498 0
vn 0.529891567 0.848065403 0
vn 0.499943621 0.866057952 0
vn 0.52989116 0.848065657 0
vn 9.19135168e-09 -1 0
vn 0.0349285634 -0.999389812 0
vn 0.0349285337 -0.999389813 0
vn -0.104503731 -0.994524494 0
vn -0.0697123973 -0.997567131 0
vn -0.0697125571 -0.99756712 0
vn -0.139135179 -0.990273398 0
vn -0.104503606 -0.994524508 0
vn -0.104503731 -0.994524494 0
vn -0.173583475 -0.98481916 0
vn -0.139135127 -0.990273405 0
vn -0.139135179 -0.990273398 0
vn -0.241966913 -0.970284501 0
vn -0.207909797 -0.978148003 0
vn -0.207909797 -0.978148003 0
vn -1 1.0377347e-08 0
vn -0.999389852 -0.0349274005 0
vn -0.999389892 -0.0349262694 0
vn -0.275700624 -0.961243552 0
vn -0.241967039 -0.97028447 0
vn -0.241966913 -0.970284501 0
vn -0.309094463 -0.951031342 0
vn -0.275700624 -0.961243552 0
vn -0.275700624 -0.961243552 0
vn 0.694677585 0.719321244 0
vn 0.669162957 0.743115695 0
vn 0.694677251 0.719321567 0
vn 0.994524549 0.104503215 0
vn 0.990273507 0.139134403 0
vn 0.994524536 0.104503333 0
vn 0.37459455 -0.92718872 0
vn 0.406658113 -0.913580417 0
vn 0.406657964 -0.913580484 0
vn -0.559228091 -0.829013837 0
vn -0.529891626 -0.848065366 0
vn -0.529891653 -0.848065349 0
vn -0.587785803 -0.809016594 0
vn -0.559227899 -0.829013967 0
vn -0.559228091 -0.829013837 0
vn -0.669160327 -0.743118064 0
vn -0.642786464 -0.766045405 0
vn -0.642786522 -0.766045355 0
vn -0.694677767 -0.719321069 0
vn -0.669159481 -0.743118826 0
vn -0.669160327 -0.743118064 0
vn -0.743115751 -0.669162895 0
vn -0.719321303 -0.694677524 0
vn -0.719321039 -0.694677798 0
vn -0.766046415 -0.64278526 0
vn -0.743115778 -0.669162865 0
vn -0.743115751 -0.669162895 0
vn -0.788030935 -0.615635643 0
vn -0.766045924 -0.642785844 0
vn -0.766046415 -0.64278526 0
vn -0.809016671 -0.587785697 0
vn -0.788030436 -0.615636282 0
vn -0.788030935 -0.615635643 0
vn -0.0349286788 -0.999389808 0
vn 5.84095581e-08 -1 0
vn 9.19135168e-09 -1 0
vn -0.848064894 -0.529892381 0
vn -0.829014632 -0.559226912 0
vn -0.829015039 -0.559226309 0
vn -0.86605843 -0.499942792 0
vn -0.848064368 -0.529893223 0
vn -0.848064894 -0.529892381 0
vn -0.882924197 -0.469515561 0
vn -0.866058405 -0.499942837 0
vn -0.86605843 -0.499942792 0
vn -0.913579875 -0.406659332 0
vn -0.898800894 -0.438357107 0
vn -0.89880059 -0.43835773 0
vn -0.927187466 -0.374597654 0
vn -0.913580667 -0.406657552 0
vn -0.913579875 -0.406659332 0
vn -0.939678648 -0.342058532 0
vn -0.927188339 -0.374595494 0
vn -0.927187466 -0.374597654 0
vn -0.961244018 -0.275698999 0
vn -0.951030765 -0.309096238 0
vn -0.951030782 -0.309096185 0
vn -0.978148112 -0.207909286 0
vn -0.970284498 -0.241966927 0
vn -0.970285019 -0.241964837 0
vn -0.58778558 0.809016756 0
vn -0.615633744 0.788032419 0
vn -0.587785831 0.809016574 0
vn 0.990273535 0.139134198 0
vn 0.984818994 0.173584416 0
vn 0.990273507 0.139134403 0
vn 0.642786265 -0.766045571 0
vn 0.669161045 -0.743117418 0
vn 0.669161519 -0.743116991 0
vn 0.997567187 0.0697116039 0
vn 0.994524536 0.104503333 0
vn 0.99756711 0.0697127087 0
vn 0.999389712 0.0349314012 0
vn 0.99756711 0.0697127087 0
vn 0.999389711 0.0349314495 0
vn 0.999389711 -0.0349314421 0
vn 1 1.83827318e-08 0
vn 1 2.66845301e-08 0
vn 0.997567109 -0.0697127235 0
vn 0.999389712 -0.0349314007 0
vn 0.999389711 -0.0349314421 0
vn 0.984818994 -0.173584416 0
vn 0.990273511 -0.139134374 0
vn 0.990273498 -0.139134461 0
vn 0.978148508 -0.207907421 0
vn 0.984819036 -0.173584175 0
vn 0.984818994 -0.173584416 0
vn 0.961243121 -0.275702127 0
vn 0.97028441 -0.241967278 0
vn 0.970284407 -0.241967292 0
vn 0.34206135 0.939677622 0
vn 0.309093388 0.951031691 0
vn 0.34206135 0.939677622 0
vn 0.939678199 -0.342059764 0
vn 0.951031982 -0.309092492 0
vn 0.951031956 -0.309092573 0
vn 0.927188188 -0.374595868 0
vn 0.939677593 -0.342061429 0
vn 0.939678199 -0.342059764 0
vn 5.81130628e-08 1 0
vn -0.0349286788 0.999389808 0
vn 9.48784695e-09 1 0
vn 0.898799772 -0.438359407 0
vn 0.913580646 -0.406657599 0
vn 0.913580624 -0.406657649 0
vn -0.990273118 -0.13913717 0
vn -0.984819034 -0.173584189 0
vn -0.984819006 -0.173584344 0
vn -0.997567053 -0.0697135219 0
vn -0.994524751 -0.104501289 0
vn -0.994524647 -0.104502282 0
vn -0.499943579 -0.866057976 0
vn -0.469514738 -0.882924635 0
vn -0.469514971 -0.882924511 0
vn 0.615634506 0.788031823 0
vn 0.587785831 0.809016574 0
vn 0.615634609 0.788031743 0
vn -0.438359599 -0.898799679 0
vn -0.406658066 -0.913580438 0
vn -0.406658381 -0.913580298 0
vn -0.309094365 0.951031374 0
vn -0.342061312 0.939677636 0
vn -0.30909423 0.951031417 0
vn 0.438359192 0.898799877 0
vn 0.406657527 0.913580678 0
vn 0.438358952 0.898799994 0
vn -0.970284617 0.24196645 0
vn -0.978148163 0.207909048 0
vn -0.97028512 0.24196443 0
vn 0.669162707 0.74311592 0
vn 0.642786265 0.766045571 0
vn 0.669162957 0.743115695 0
vn 0.882925149 0.469513772 0
vn 0.866057791 0.499943899 0
vn 0.882924911 0.469514219 0
vn -0.0697123973 0.997567131 0
vn -0.104503731 0.994524494 0
vn -0.0697125571 0.99756712 0
vn -0.559229037 0.829013199 0
vn -0.587785831 0.809016574 0
vn -0.559228803 0.829013357 0
vn -0.997566969 0.069714723 0
vn -0.999389891 0.0349262917 0
vn -0.997567047 0.0697136108 0
vn 0.0349285337 -0.999389813 0
vn 0.0697122754 -0.99756714 0
vn 0.0697123199 -0.997567137 0
vn -0.898800894 0.438357107 0
vn -0.913579648 0.406659841 0
vn -0.898800695 0.438357514 0
vn 0.139135186 -0.990273397 0
vn 0.173583591 -0.984819139 0
vn 0.173583576 -0.984819142 0
vn 0.49994339 -0.866058085 0
vn 0.529891315 -0.84806556 0
vn 0.52989102 -0.848065744 0
vn 0.961243788 0.275699801 0
vn 0.951032099 0.309092133 0
vn 0.961243165 0.275701973 0
vn 0.694677737 -0.719321098 0
vn 0.719320425 -0.694678434 0
vn 0.719320366 -0.694678494 0
vn 0.951032116 0.309092079 0
vn 0.939678383 0.342059259 0
vn 0.951032099 0.309092133 0
vn 0.719320074 0.694678798 0
vn 0.694677251 0.719321567 0
vn 0.719320015 0.694678858 0
vn 0.147045975 0.691834115 0.706925058
vn 0.122867825 0.696557299 0.706902699
vn 0.12284418 0.69652103 0.706942545
vn 0.00184162822 0.00197064888 0.999996362
vn 0.0901220905 0.0854677127 0.99225666
vn 0.096626882 0.065115539 0.993188407
vn -0.218472061 0.672369175 0.707240872
vn -0.24177852 0.664117685 0.707453778
vn -0.241782727 0.66410566 0.707463628
vn -0.0983758297 -0.700084526 0.707250912
vn -0.122845203 -0.696522892 0.706940533
vn -0.12286925 -0.696557565 0.70690219
vn -0.664118107 -0.241779266 0.707453127
vn -0.67236854 -0.218474526 0.707240715
vn -0.672443707 -0.218467167 0.70717152
vn 0.599658939 0.374692274 0.707117287
vn 0.586202509 0.395467584 0.707086988
vn 0.58621728 0.395470437 0.707073146
vn -0.612442393 -0.35354222 0.707051776
vn -0.624315121 -0.331997621 0.707112586
vn -0.612456952 -0.353552744 0.707033903
vn 0.171165735 0.686275602 0.706914485
vn 0.147045753 0.69183429 0.706924934
vn 0.147045975 0.691834115 0.706925058
vn 0.353527558 0.612407295 0.707089507
vn 0.331900039 0.62393649 0.707492488
vn 0.353528865 0.612455202 0.707047358
vn -0.700085115 -0.0983746953 0.707250487
vn -0.703171119 -0.0738653289 0.707173452
vn -0.703201218 -0.0738504288 0.707145078
vn -0.50859906 0.491114067 0.707201505
vn -0.525564849 0.473223865 0.706994175
vn -0.525587029 0.473248726 0.706961044
vn -0.374694829 -0.599662073 0.707113275
vn -0.395468639 -0.586207012 0.707082665
vn -0.374687009 -0.599676121 0.707105505
vn -0.194950725 -0.679980023 0.706839008
vn -0.218466187 -0.67244206 0.707173388
vn -0.194943525 -0.680011961 0.706810268
vn 0.454643234 0.541814761 0.706920288
vn 0.435333638 0.557155965 0.707150517
vn 0.454663256 0.541847895 0.706882014
vn -0.473225457 0.525561704 0.706995447
vn -0.491115177 0.508598472 0.707201158
vn -0.473249553 0.525584935 0.706962047
vn -0.073862862 -0.703165032 0.707179762
vn -0.0983758297 -0.700084526 0.707250912
vn -0.0738486643 -0.703194018 0.707152422
vn 0.707059394 -1.71826319e-09 0.707154165
vn 0.706473349 -0.0246462449 0.707310377
vn 0.706481128 -0.0246567697 0.707302241
vn -0.703201218 -0.0738504288 0.707145078
vn -0.705417009 -0.0493280835 0.707073959
vn -0.705459538 -0.0493380019 0.707030835
vn -0.605385418 0.795932466 6.80404405e-05
vn -0.628530238 0.77778515 3.22590445e-05
vn -0.636393531 0.77136455 6.80107679e-05
vn -0.705417009 -0.0493280835 0.707073959
vn -0.70648433 -0.0246595335 0.707298946
vn -0.705459538 -0.0493380019 0.707030835
vn 0.331894531 -0.623936025 0.707495482
vn 0.309891214 -0.635606569 0.707086788
vn 0.309893782 -0.635625471 0.70706867
vn 0.098376132 -0.700084146 0.707251247
vn 0.0738632951 -0.703165876 0.707178878
vn 0.0738489567 -0.703194929 0.707151485
vn -0.12286925 -0.696557565 0.70690219
vn -0.14704858 -0.691838812 0.70691992
vn -0.147047017 -0.691835301 0.706923681
vn 0.700084777 -0.0983778124 0.707250388
vn 0.70317118 -0.0738630206 0.707173632
vn 0.700031069 -0.0983563551 0.707306532
vn 0.635598996 0.309890856 0.707093752
vn 0.623938746 0.33189455 0.707493074
vn 0.623935416 0.331900664 0.707493142
vn 0.0738486927 0.703204626 0.70714187
vn 0.049327615 0.705418279 0.707072725
vn 0.0738633363 0.703175676 0.707169128
vn 0.707059394 -1.71826319e-09 0.707154165
vn 0.706473647 0.0246462375 0.707310079
vn 0.707102728 5.88303805e-10 0.707110834
vn 0.525564285 0.473221873 0.706995927
vn 0.508600591 0.491116641 0.707198617
vn 0.525586451 0.47324755 0.706962261
vn 0.415665258 -0.572194781 0.706976326
vn 0.39546876 -0.586219516 0.70707223
vn 0.395468657 -0.586205668 0.707083769
vn -0.700084724 0.0983747148 0.707250871
vn -0.703171332 0.0738652518 0.707173248
vn -0.700031196 0.0983519669 0.707307016
vn -0.331898217 0.623934157 0.7074954
vn -0.353527699 0.612405785 0.707090744
vn -0.353529029 0.612454522 0.707047866
vn -0.435336764 -0.557158524 0.707146577
vn -0.454642246 -0.541811573 0.706923368
vn -0.435337332 -0.557151054 0.707152112
vn -0.612441058 0.353542086 0.707053
vn -0.624315832 0.331996787 0.70711235
vn -0.624299679 0.331986028 0.707131662
vn 0.655423928 -0.264791246 0.707322466
vn 0.664105487 -0.241784055 0.707463337
vn 0.655434473 -0.264787274 0.707314181
vn -0.703201367 0.0738504245 0.70714493
vn -0.705417248 0.0493280761 0.707073721
vn -0.703171332 0.0738652518 0.707173248
vn 0.241778853 -0.664115197 0.707456
vn 0.218473263 -0.672368251 0.70724138
vn 0.21846642 -0.672442389 0.707173003
vn 0.309893782 -0.635625471 0.70706867
vn 0.287512704 -0.645754361 0.707345566
vn 0.287508174 -0.645728025 0.70737145
vn -0.218472648 -0.672366822 0.707242928
vn -0.241778433 -0.664115088 0.707456245
vn -0.218466187 -0.67244206 0.707173388
vn -0.691831392 -0.147048097 0.706927282
vn -0.696557154 -0.122867776 0.706902851
vn -0.691829955 -0.14704744 0.706928825
vn -0.309890527 0.635603404 0.707089934
vn -0.331893602 0.623937207 0.707494875
vn -0.331898217 0.623934157 0.7074954
vn 0.696556292 0.122865964 0.706904016
vn 0.691831396 0.147046337 0.706927644
vn 0.696521555 0.122842981 0.706942236
vn 0.454640618 -0.541809166 0.706926259
vn 0.435338681 -0.557162529 0.707142241
vn 0.435339179 -0.557155425 0.707147532
vn -0.171166478 0.68627911 0.7069109
vn -0.194947615 0.680022656 0.70679885
vn -0.19495488 0.679990618 0.70682767
vn 0.12284418 0.69652103 0.706942545
vn 0.0983758771 0.700083115 0.707252302
vn 0.0983538793 0.700029385 0.707308543
vn 0.856212967 0.516623016 -0.000122551369
vn 0.856877578 0.515519948 -1.7326879e-05
vn 0.851143186 0.524933579 -0.000122573635
vn -0.264784148 -0.655434527 0.707315302
vn -0.287508751 -0.645730366 0.707369078
vn -0.26478795 -0.655420978 0.707326433
vn -0.6800138 -0.194943405 0.706808532
vn -0.68627636 -0.171163748 0.706914231
vn -0.68626299 -0.171168438 0.706926074
vn -0.331898268 -0.62393158 0.707497649
vn -0.353529663 -0.612415256 0.707081559
vn -0.331893101 -0.623933879 0.707498045
vn 0.508592435 0.491089531 0.707223308
vn 0.491115508 0.508597789 0.707201418
vn 0.508600591 0.491116641 0.707198617
vn -0.705417248 0.0493280761 0.707073721
vn -0.706486299 0.0246594777 0.707296981
vn -0.706478138 0.0246486521 0.70730551
vn -0.435332848 0.557157235 0.707150003
vn -0.454643286 0.541818388 0.706917475
vn -0.45466285 0.541851927 0.706879185
vn -0.374694942 0.599666653 0.70710933
vn -0.395468334 0.586204006 0.707085328
vn -0.395470341 0.586218581 0.707072121
vn 0.832437751 -0.554118572 1.16086566e-05
vn 0.825468283 -0.564448504 1.41768358e-05
vn 0.838842135 -0.544374752 -2.91622048e-05
vn -0.19495488 0.679990618 0.70682767
vn -0.218465851 0.672444527 0.707171147
vn -0.218472061 0.672369175 0.707240872
vn -0.645722868 -0.287506641 0.70737678
vn -0.655434499 -0.264786992 0.707314263
vn -0.655423916 -0.264791772 0.70732228
vn 0.049327615 0.705418279 0.707072725
vn 0.0246583802 0.706488375 0.707294945
vn 0.0246480387 0.706479968 0.707303704
vn 0.241780013 0.664122065 0.707449156
vn 0.218473605 0.67237391 0.707235893
vn 0.241783809 0.664108822 0.70746029
vn -0.635579942 0.309975027 0.707073985
vn -0.645746832 0.287509414 0.707353777
vn -0.635606516 0.309976304 0.707049537
vn 0.645746947 0.287508875 0.707353891
vn 0.635617267 0.309891378 0.707077098
vn 0.635598996 0.309890856 0.707093752
vn 0.0493269382 -0.705413528 0.707077511
vn 0.0246579259 -0.706483314 0.707300017
vn 0.0493377209 -0.705455937 0.707034447
vn -0.35490309 0.934902995 0.000432230984
vn -0.396326813 0.918109007 -0.000952887298
vn -0.360213034 0.932870029 -0.000280292839
vn -0.638559699 0.769563616 0.00365402387
vn -0.582160781 0.813071206 -0.00200988333
vn -0.624357788 0.781127651 0.00411645768
vn 0.194947845 0.680020831 0.706800543
vn 0.171165735 0.686275602 0.706914485
vn 0.194955258 0.679989988 0.706828171
vn -0.655423916 -0.264791772 0.70732228
vn -0.664105557 -0.241783478 0.707463468
vn -0.664118107 -0.241779266 0.707453127
vn 0.706481515 0.0246567651 0.707301854
vn 0.705410253 0.0493293151 0.707080613
vn 0.706473647 0.0246462375 0.707310079
vn 0.686273357 0.171164309 0.706917009
vn 0.680011103 0.194946813 0.706810186
vn 0.679979341 0.19495407 0.706838742
vn -0.415671439 0.572177292 0.706986846
vn -0.435332332 0.557148879 0.707156904
vn -0.435332848 0.557157235 0.707150003
vn 0.541815649 0.454647193 0.706917062
vn 0.525586451 0.47324755 0.706962261
vn 0.541847878 0.454668874 0.706878415
vn 0.491115508 0.508597789 0.707201418
vn 0.473221778 0.525557246 0.707001223
vn 0.473245618 0.525580224 0.706968184
vn 0.664105764 0.241783705 0.707463196
vn 0.655425193 0.264790625 0.707321526
vn 0.655436039 0.264786869 0.707312882
vn 0.586201915 -0.395468032 0.707087229
vn 0.599657806 -0.374693973 0.707117347
vn 0.586215922 -0.395470715 0.707074117
vn -2.99650144e-07 0.707065832 0.707147728
vn -0.0246480629 0.706480564 0.707303108
vn -3.58865356e-07 0.707108808 0.707104755
vn 0.441846682 0.89709058 3.15355307e-05
vn 0.402788754 0.915292969 1.06595705e-07
vn 0.402956318 0.915219212 -8.04464854e-07
vn -0.0983757616 0.700082075 0.707253348
vn -0.122843996 0.696520746 0.706942857
vn -0.0983536308 0.700028174 0.707309776
vn 0.264789271 -0.655423848 0.707323279
vn 0.241783137 -0.664103773 0.70746526
vn 0.241778853 -0.664115197 0.707456
vn 0.194943583 -0.680012075 0.706810143
vn 0.171165335 -0.686272929 0.706917177
vn 0.171170611 -0.686257915 0.706930475
vn 0.572193752 -0.415664173 0.706977797
vn 0.586215922 -0.395470715 0.707074117
vn 0.57217813 -0.415669266 0.706987446
vn -0.845710246 -0.53364237 2.03908101e-05
vn -0.831322577 -0.555790223 2.0922923e-05
vn -0.825480816 -0.564430175 2.6432186e-05
vn -0.50859906 0.491114067 0.707201505
vn -0.491088385 0.508590335 0.707225614
vn -0.50859022 0.491087554 0.707226274
vn -0.378852138 0.925456652 0.00102116756
vn -0.43685831 0.899529424 -0.00127760002
vn -0.396326813 0.918109007 -0.000952887298
vn 0.275608173 0.961270063 4.89037377e-06
vn 0.241996902 0.970277022 -9.55478706e-07
vn 0.242007758 0.970274314 0
vn -0.525583009 -0.473248524 0.706964168
vn -0.541812216 -0.45464144 0.706923393
vn -0.525561583 -0.473223191 0.706997054
vn -0.122867749 0.696556886 0.70690312
vn -0.147045748 0.691833206 0.706925996
vn -0.122843996 0.696520746 0.706942857
vn -0.707063358 -5.90186017e-09 0.707150202
vn -0.706478138 0.0246486521 0.70730551
vn -0.706486299 0.0246594777 0.707296981
vn -0.541812216 -0.45464144 0.706923393
vn -0.557161229 -0.435338093 0.707143627
vn -0.557154075 -0.435336602 0.707150181
vn -0.69652124 0.122843842 0.706942397
vn -0.700084724 0.0983747148 0.707250871
vn -0.700031196 0.0983519669 0.707307016
vn 0.122845562 -0.696523972 0.706939407
vn 0.098376132 -0.700084146 0.707251247
vn 0.122869322 -0.696557649 0.706902095
vn -0.686274565 0.171163836 0.706915951
vn -0.691829577 0.147046733 0.706929342
vn -0.691830794 0.147047202 0.706928054
vn -0.624315121 -0.331997621 0.707112586
vn -0.635606967 -0.309976112 0.707049216
vn -0.635581161 -0.309974772 0.707073001
vn 0.309891279 0.635618202 0.707076302
vn 0.28750984 0.645750667 0.707350103
vn 0.309889916 0.635601408 0.707091995
vn 0.572179228 0.415669449 0.70698645
vn 0.557146356 0.435335506 0.707156938
vn 0.557153343 0.435338348 0.707149684
vn 0.691829992 0.147044795 0.706929339
vn 0.686273357 0.171164309 0.706917009
vn 0.691831396 0.147046337 0.706927644
vn -0.881086309 -0.472954165 0.00112847893
vn -0.898809737 -0.438338492 -0.000650017251
vn -0.897633005 -0.440742219 0.00113335828
vn 0.405955367 -0.913891544 0.00157663747
vn 0.468301309 -0.883567063 -0.00176913459
vn 0.437101917 -0.899410282 -0.00174913073
vn 0.623935416 0.331900664 0.707493142
vn 0.6124127 0.353529071 0.70708407
vn 0.612459874 0.35353087 0.707042309
vn 0.612459874 0.35353087 0.707042309
vn 0.599672489 0.37468269 0.707110873
vn 0.599658939 0.374692274 0.707117287
vn 0.702233934 -0.701882386 0.119283774
vn 0.681529849 -0.681946545 0.26545428
vn 0.689016504 -0.688360316 0.226751699
vn -0.706476169 -0.0246487173 0.707307475
vn -0.707063358 -5.90186017e-09 0.707150202
vn -0.70648433 -0.0246595335 0.707298946
vn -0.207909797 -0.978148003 0
vn -0.173583446 -0.984819165 0
vn -0.173583475 -0.98481916 0
vn 0.672447821 -0.218465111 0.707168243
vn 0.679980683 -0.194953811 0.706837522
vn 0.672372817 -0.218472406 0.707237303
vn -0.557154075 -0.435336602 0.707150181
vn -0.572177574 -0.415671188 0.706986766
vn -0.572193391 -0.415666198 0.706976899
vn -0.672443707 -0.218467167 0.70717152
vn -0.679980839 -0.194951837 0.706837916
vn -0.6800138 -0.194943405 0.706808532
vn -0.171164648 -0.686270836 0.706919375
vn -0.194943525 -0.680011961 0.706810268
vn -0.1711695 -0.686254542 0.706934018
vn -0.0920025905 -0.0780132753 0.992698067
vn -0.00072354743 -0.000448712439 0.999999638
vn -0.000772874476 -0.000644970355 0.999999493
vn -0.410348872 -0.911928616 -5.3318808e-05
vn -0.381540934 -0.924351942 5.36365014e-05
vn -0.376763106 -0.926309647 1.55175876e-05
vn -0.0493276555 -0.705414458 0.707076534
vn -0.0738486643 -0.703194018 0.707152422
vn -0.0493384629 -0.705456001 0.707034332
vn -0.0246580384 -0.706482089 0.707301236
vn -0.0493276555 -0.705414458 0.707076534
vn -0.0493384629 -0.705456001 0.707034332
vn -0.701626824 -0.702097999 0.121565623
vn -0.679132987 -0.678662826 0.279633965
vn -0.686206981 -0.686807915 0.239613996
vn 0.52203039 0.852926813 -0.000352744405
vn 0.466916779 0.884300488 0.00116978833
vn 0.485733104 0.874106793 -0.000815362524
vn -0.479066494 0.877776151 0.00207929105
vn -0.438795133 0.898586419 -0.00113090112
vn -0.440013259 0.897990941 0.000775259919
vn -0.529955781 -0.848025045 0.000626787399
vn -0.519012995 -0.854763519 0.00219943773
vn -0.498097482 -0.867114616 -0.00333765411
vn 0.374689466 0.599680672 0.707100343
vn 0.353528865 0.612455202 0.707047358
vn 0.374698187 0.599668078 0.707106403
vn 0.696556589 -0.122865994 0.706903717
vn 0.691832253 -0.147047074 0.706926652
vn 0.691831151 -0.147045235 0.706928113
vn -0.395470341 0.586218581 0.707072121
vn -0.415668491 0.572193705 0.706975296
vn -0.415671439 0.572177292 0.706986846
vn 0.507659033 0.492192164 -0.707127414
vn 0.482713469 0.514324344 -0.708842842
vn 0.492108756 0.507980161 -0.706954828
vn -0.706404911 -0.025918554 -0.707333253
vn -0.70289535 -0.0568910581 -0.709014482
vn -0.705857169 -0.0484982961 -0.706691992
vn -0.0757742651 0.0957656251 0.992515595
vn -0.000540352546 0.000642718983 0.999999647
vn -0.0912192785 0.0760272686 0.992924417
vn 0.0248460884 -0.109104061 0.993719767
vn 0.000898416812 -0.00172311781 0.999998112
vn 0.0462580805 -0.139551341 0.989133769
vn 0.671592222 0.219966844 -0.707515706
vn 0.659083779 0.251302568 -0.70884102
vn 0.664934342 0.24033484 -0.707178538
vn -0.482836472 -0.875710523 -0.000147430135
vn -0.445890023 -0.895087747 0.000114903439
vn -0.444487253 -0.895785171 -0.000100442269
vn 0.667024719 -0.666925776 -0.332096422
vn 0.689147495 -0.688701056 -0.225314416
vn 0.669241701 -0.669134651 -0.323070215
vn 0.680512615 0.681212374 -0.26991162
vn 0.70327042 0.702699467 -0.107815465
vn 0.700010865 0.700283675 -0.139955574
vn 0.86506297 0.501663099 0.000438611818
vn 0.847538592 0.530733706 0.000262326852
vn 0.867813912 0.496889215 -0.000348545394
vn -0.541814455 0.454643525 0.706920337
vn -0.557152286 0.435338121 0.707150656
vn -0.541846251 0.454663525 0.706883101
vn -0.55714556 0.435336251 0.707157106
vn -0.572179746 0.41567088 0.706985189
vn -0.557152286 0.435338121 0.707150656
vn -0.912373024 -0.40935833 0.00110598574
vn -0.927219482 -0.374517638 -0.000755701017
vn -0.925905803 -0.377752832 0.00111446283
vn -0.72858221 0.684958345 -0.00017185179
vn -0.713344049 0.700813663 0.00069102128
vn -0.713290955 0.700868035 -0.000103740644
vn 0.513654749 -0.48344747 -0.708828147
vn 0.492014906 -0.507638415 -0.70726556
vn 0.478652033 -0.518123868 -0.708829943
vn -0.115943958 -0.0330913042 0.992704369
vn -0.000744353913 -0.000430420822 0.99999963
vn -0.0959220873 -0.0429634402 0.994461209
vn 0 0 -1
vn 0 0 -1
vn 0 0 -1
vn -0.507537757 0.861628728 -0.00116679392
vn -0.447389221 0.894338679 0.00110124786
vn -0.478178472 0.878262402 0.000708525885
vn -0.520579808 0.853811372 0.0016744189
vn -0.470602845 0.882338712 -0.00337026249
vn -0.479066494 0.877776151 0.00207929105
vn -0.860030941 -0.510241777 0.000330683213
vn -0.847951727 -0.530072104 0.00119715419
vn -0.8667339 -0.498770023 -0.000900564182
vn -0.91247604 0.409130083 -0.00022831189
vn -0.927265349 0.374404789 0.000160114069
vn -0.926273632 0.376851554 -0.000256144584
vn 0.4715284 0.526312875 -0.707570297
vn 0.444997545 0.547287914 -0.708839279
vn 0.455722918 0.540710795 -0.707070335
vn 0.485733104 0.874106793 -0.000815362524
vn 0.436764497 0.899575687 0.000597868623
vn 0.444628225 0.895715149 -0.000336851164
vn 0.641160341 -0.767405894 0.0012690067
vn 0.635286178 -0.772276062 -0.00107498415
vn 0.606919183 -0.794761299 -0.00189286083
vn 0.00125224498 -0.706761151 -0.707451134
vn 0.0321604354 -0.704363775 -0.709110272
vn 0.0237395332 -0.706990229 -0.706824767
vn 0.700084777 -0.0983778124 0.707250388
vn 0.696521518 -0.122843064 0.706942258
vn 0.696556589 -0.122865994 0.706903717
vn 0.743117699 -0.669160732 0
vn 0.766045301 -0.642786587 0
vn 0.766045272 -0.642786622 0
vn 0.342313397 -0.939585832 -4.17084361e-05
vn 0.376418095 -0.926449372 0.000989928792
vn 0.374594398 -0.927188594 -0.000589443208
vn -0.612888513 0.352138041 -0.707365868
vn -0.62699188 0.322939909 -0.708936526
vn -0.623973143 0.333152628 -0.706871165
vn -0.0971198927 -0.700125832 -0.707383592
vn -0.0660689051 -0.702022102 -0.709083823
vn -0.0748978347 -0.7034529 -0.706784502
vn -0.784343111 -0.620327225 0.000134420143
vn -0.766269904 -0.642516707 0.00164764686
vn -0.788659982 -0.614829594 -6.32694348e-05
vn -0.6692856 0.74300242 0.00204685914
vn -0.655820807 0.754915619 -0.00121549591
vn -0.632524978 0.774538828 -0.00132557403
vn 0.3852024 -0.922832114 -2.01619728e-05
vn 0.379210026 -0.925310627 2.55874823e-05
vn 0.405352901 -0.914160267 -0.000176689579
vn -0.834487494 0.551026878 -3.7464193e-05
vn -0.838698504 0.544596015 -5.71870303e-06
vn -0.833656282 0.552283626 8.51187422e-06
vn 0.0969106317 0.700193276 -0.707345535
vn 0.0643445228 0.702366563 -0.708901258
vn 0.0750091643 0.703326436 -0.706898542
vn -0.288404291 0.645748687 -0.706987693
vn -0.308167399 0.635105434 -0.708289448
vn -0.310010186 0.635539871 -0.707094589
vn 0.496634803 -0.867959128 -0.000908039147
vn 0.437358236 -0.899286102 0.00150987601
vn 0.464088651 -0.885788206 0.000988934077
vn 0.0248460884 -0.109104061 0.993719767
vn 0.000217418955 -0.00184984678 0.999998265
vn 0.000522326084 -0.00213106274 0.999997593
vn 0.109686715 -0.0583905864 0.992249648
vn 0.0024559755 -0.000822673587 0.999996646
vn 0.114715909 -0.0412069391 0.992543323
vn 0.890095741 -0.455766544 -0.00253559564
vn 0.92009258 -0.391700211 0.000767292461
vn 0.90619157 -0.422865708 -0.00119641545
vn 0.925449709 0.378868507 0.00122087536
vn 0.899501793 0.436914977 -0.00135160004
vn 0.917500793 0.397732854 -0.000933704257
vn -0.14581109 -0.691905055 -0.707111392
vn -0.114742132 -0.695903743 -0.708909178
vn -0.123700359 -0.696711904 -0.706605083
vn 0.000461337354 0.000941622233 0.99999945
vn 0.00841694817 0.113436191 0.99350963
vn 0.0121591309 0.0681317713 0.997602234
vn -0.308167399 0.635105434 -0.708289448
vn -0.33167298 0.625200718 -0.706482198
vn -0.310010186 0.635539871 -0.707094589
vn -0.00622928533 -0.999980598 1.17055846e-05
vn -0.0902083568 -0.995922898 -0.000185531472
vn -0.0902195307 -0.995921885 -0.000185497083
vn -0.447223466 -0.894422255 2.18040832e-05
vn -0.391838968 -0.920033813 7.60966723e-05
vn -0.44430047 -0.895877833 9.09923524e-06
vn -0.999055289 0.0434561493 -0.000304912486
vn -0.994409941 0.105588193 -5.07775887e-05
vn -0.996433006 0.0843875224 -0.000102768519
vn -0.700270507 0.713877592 1.25754347e-05
vn -0.713344049 0.700813663 0.00069102128
vn -0.682516412 0.730870264 -6.69780509e-05
vn -0.444487253 -0.895785171 -0.000100442269
vn -0.412608723 -0.910908357 7.96030688e-05
vn -0.410348872 -0.911928616 -5.3318808e-05
vn -0.489983852 -0.871716245 0.00515877575
vn -0.437952691 -0.898977803 -0.00602908191
vn -0.46929014 -0.883026903 -0.00550031246
vn -0.440013259 0.897990941 0.000775259919
vn -0.407089457 0.913388285 0.000119667512
vn -0.395369774 0.918520584 0.00163654357
vn -0.913833802 -0.406086 0.00139372366
vn -0.8838163 -0.467831016 -0.00169963191
vn -0.902312844 -0.431079878 -0.00129259568
vn 0.438823673 0.898572689 0.000951873843
vn 0.406722277 0.913551806 -0.000293882796
vn 0.438319973 0.898818954 -0.000299568137
vn 0.897647349 0.440713062 0.00111111746
vn 0.913552779 0.406719722 -0.000623026875
vn 0.912438106 0.40921316 0.00113709843
vn -0.624315832 0.331996787 0.70711235
vn -0.635606516 0.309976304 0.707049537
vn -0.624299679 0.331986028 0.707131662
vn 0.353529224 -0.61241384 0.707083005
vn 0.331899116 -0.623931846 0.707497016
vn 0.331894531 -0.623936025 0.707495482
vn 0.780855645 0.624711493 0.000107873966
vn 0.743482137 0.668755792 5.38845251e-05
vn 0.735834898 0.677160979 0.000107045424
vn 0.290000845 -0.957026386 8.23855849e-05
vn 0.248870416 -0.968536791 6.26798128e-07
vn 0.30827313 -0.951297891 2.62694449e-05
vn 0.561171903 0.827698191 0.00134188138
vn 0.529953534 0.848026625 -0.000308449697
vn 0.5591445 0.829070155 -0.000325194707
vn -0.979681209 -0.200561035 -9.06495839e-06
vn -0.989125273 -0.147075469 2.79577069e-06
vn -0.989722297 -0.14300271 -1.39326855e-05
vn 0.736263082 -0.676695393 -0.000138288317
vn 0.791511881 -0.611153772 -0.000102053809
vn 0.732127986 -0.681167086 -0.000109856748
vn -0.292304058 -0.956325435 1.43531874e-05
vn -0.264772537 -0.964310895 2.09730754e-05
vn -0.299226859 -0.954181997 5.38012698e-05
vn 0.791193601 0.611565766 8.02060364e-06
vn 0.790228293 0.612812568 3.70942246e-05
vn 0.780855645 0.624711493 0.000107873966
vn -0.961946715 -0.273237106 2.959907e-05
vn -0.970284776 -0.241965805 4.81177384e-05
vn -0.970730905 -0.24016975 2.04920659e-05
vn 0.808164887 -0.588956291 -5.75639528e-05
vn 0.825468283 -0.564448504 1.41768358e-05
vn 0.81883424 -0.574030038 5.48503154e-05
vn 0.998211328 -0.0597841407 -2.60708567e-05
vn 0.999999523 0.000976311683 -2.5904892e-05
vn 0.999031818 -0.0439934039 -7.84047035e-05
vn -0.901516436 -0.43274486 3.30301845e-05
vn -0.886707976 -0.462329932 6.56928625e-06
vn -0.884366536 -0.466793132 3.70592471e-05
vn 0.537740525 -0.843110378 -0.000136191214
vn 0.544580083 -0.838708849 -1.91354541e-06
vn 0.553937638 -0.832558161 -3.58616212e-05
vn 0.706481128 -0.0246567697 0.707302241
vn 0.705410074 -0.0493293151 0.707080792
vn 0.705451194 -0.0493402596 0.707039003
vn -0.376370998 0.926469033 5.79713454e-05
vn -0.400296374 0.916385733 4.08371945e-05
vn -0.409200182 0.912444631 7.75913705e-05
vn -0.831164075 0.556027202 -0.000174808277
vn -0.838698504 0.544596015 -5.71870303e-06
vn -0.837982296 0.54569739 -0.000171716412
vn -0.572197494 0.415665535 0.706973967
vn -0.58622198 0.395469776 0.707069619
vn -0.572179746 0.41567088 0.706985189
vn -0.696522123 -0.122843706 0.706941551
vn -0.700085115 -0.0983746953 0.707250487
vn -0.696557154 -0.122867776 0.706902851
vn -0.353529029 0.612454522 0.707047866
vn -0.374685575 0.5996785 0.707104247
vn -0.374694942 0.599666653 0.70710933
vn -0.999974693 0.00711431422 2.69895235e-05
vn -0.998780028 0.0493807167 -3.68451407e-05
vn -0.997293219 0.073527101 -2.22611048e-06
vn 0.961275519 -0.275589139 5.93003206e-05
vn 0.952361288 -0.304972094 1.09168043e-05
vn 0.962017253 -0.272988652 2.21739596e-05
vn -0.376763106 -0.926309647 1.55175876e-05
vn -0.354257949 -0.935147663 -0.000392211319
vn -0.34878207 -0.937203666 -0.000596186276
vn -0.344292431 -0.938858009 -0.00289156309
vn -0.398125717 -0.917323074 0.00378030128
vn -0.358137722 -0.933668542 0.000651930393
vn 0.0246480387 0.706479968 0.707303704
vn -2.99650144e-07 0.707065832 0.707147728
vn -3.58865356e-07 0.707108808 0.707104755
vn 0.557946164 -0.434341459 -0.707137593
vn 0.575219179 -0.40797994 -0.708995955
vn 0.57185436 -0.416596746 -0.706703433
vn 0.624248931 -0.78122158 0.00247308522
vn 0.606919183 -0.794761299 -0.00189286083
vn 0.581418156 -0.813604414 -0.000886070542
vn -0.945151682 0.326631744 4.2585855e-05
vn -0.930662032 0.365880011 1.43786291e-05
vn -0.9473925 0.320074133 3.33978852e-05
vn 0.499552057 -0.866283802 0.0003424727
vn 0.525351732 -0.850885021 0.000487975017
vn 0.496634803 -0.867959128 -0.000908039147
vn -0.0998168526 0.699786315 -0.707344124
vn -0.131492318 0.69295592 -0.708887765
vn -0.121726008 0.696845003 -0.706816681
vn -0.000939527759 0.00136404531 0.999998628
vn -0.0912192785 0.0760272686 0.992924417
vn -0.000627041854 0.000562323608 0.999999645
vn 0.635286178 -0.772276062 -0.00107498415
vn 0.673929736 -0.738793953 0.00148504701
vn 0.667961327 -0.744195843 -0.000461604133
vn 0.705040616 -0.709166926 2.24225418e-05
vn 0.707043448 -0.707170108 -3.68210156e-05
vn 0.702125362 -0.71205335 4.04616871e-05
vn 0.769411489 -0.638742961 0.00365925345
vn 0.812573833 -0.582854974 -0.00196072362
vn 0.795612557 -0.605789053 -0.00450351918
vn 0.689016504 -0.688360316 0.226751699
vn 0.651219519 -0.651663693 0.388905604
vn 0.665439488 -0.664896967 0.339267314
vn -0.686206981 -0.686807915 0.239613996
vn -0.647450696 -0.646888803 0.402917451
vn -0.656650251 -0.657185143 0.370024506
vn -0.75556241 -0.65507667 7.35299713e-06
vn -0.736421558 -0.67652294 5.3270976e-06
vn -0.759443265 -0.650573536 2.795976e-05
vn 0.311008094 0.950407263 -1.64576449e-05
vn 0.298648553 0.95436316 1.45779767e-05
vn 0.279499058 0.960145965 5.52736682e-05
vn -0.192993506 0.981200034 2.17628693e-05
vn -0.154620674 0.987973908 6.43715162e-05
vn -0.145716814 0.989326341 3.62931672e-05
vn -0.763427155 0.645893469 0.000777780096
vn -0.78805616 0.615603241 -0.000371282235
vn -0.766528463 0.642210225 0.000378365122
vn -0.243109459 0.663711393 -0.707378949
vn -0.271062342 0.651179546 -0.708865576
vn -0.263999964 0.656110037 -0.706982064
vn -0.68627636 -0.171163748 0.706914231
vn -0.691829955 -0.14704744 0.706928825
vn -0.68626299 -0.171168438 0.706926074
vn -0.415669126 -0.572177844 0.70698776
vn -0.435337332 -0.557151054 0.707152112
vn -0.415666328 -0.572194598 0.706975845
vn 0.242930098 -0.663695272 -0.70745569
vn 0.271141504 -0.650841008 -0.709146153
vn 0.264088559 -0.656250029 -0.706819024
vn 0.415666266 0.572194196 0.706976207
vn 0.395471344 0.586219086 0.707071142
vn 0.41566879 0.572176999 0.706988641
vn 0.147047751 -0.691834953 0.706923869
vn 0.122869322 -0.696557649 0.706902095
vn 0.147046182 -0.691831594 0.706927483
vn -0.599683604 -0.374689473 0.707097853
vn -0.612442393 -0.35354222 0.707051776
vn -0.612456952 -0.353552744 0.707033903
vn 0.860379044 0.509654608 0.00028645126
vn 0.882774681 0.469794794 -0.00130921889
vn 0.880877018 0.473343492 0.00127174938
vn 0.763338912 -0.645997693 0.000828482023
vn 0.788046028 -0.615616222 -0.000353310734
vn 0.766566917 -0.642164278 0.000449205653
vn 0.447179265 -0.894442275 0.00192920878
vn 0.407050608 -0.913404885 -0.00114842361
vn 0.409858931 -0.912148332 0.00103737295
vn -0.286329929 -0.646223972 -0.707396458
vn -0.25701899 -0.65658422 -0.709110993
vn -0.265914401 -0.655541099 -0.70679233
vn -0.305585392 0.952164675 -6.8006213e-06
vn -0.275598831 0.961272741 4.39365406e-05
vn -0.273164424 0.961967358 8.58308712e-06
vn 0.59033348 0.807158078 0.00148978264
vn 0.5591445 0.829070155 -0.000325194707
vn 0.587847688 0.808971555 -0.000344942428
vn -0.93669199 -0.350154121 0.000455280674
vn -0.920371874 -0.391043567 -0.000735959026
vn -0.935302611 -0.353848843 -0.000148269027
vn 0.680241063 -0.186186631 -0.708947554
vn 0.672465585 -0.217044997 -0.707588514
vn 0.665088925 -0.233739724 -0.709240766
vn -0.339029659 -0.940775685 2.00292463e-05
vn -0.353649477 -0.935378023 4.06965751e-05
vn -0.339025242 -0.940777277 2.00043349e-05
vn -0.231640857 -0.972801374 1.56827243e-05
vn -0.257766649 -0.966207201 -1.84463435e-05
vn -0.225249446 -0.974301128 4.41355054e-06
vn -0.0480933664 -0.705169242 -0.707406085
vn -0.0169993555 -0.704906068 -0.70909693
vn -0.0255946532 -0.706987541 -0.706762712
vn 0.669130685 0.743144753 5.65133052e-05
vn 0.642623718 0.766181881 0.000286377441
vn 0.669072986 0.743196249 0.000821468479
vn 0.989379211 -0.145357398 6.75072067e-05
vn 0.980921959 -0.194401927 2.82319589e-05
vn 0.975466397 -0.220148376 4.89023491e-06
vn 0.263477448 0.655890413 -0.707380661
vn 0.234374577 0.665327039 -0.708807794
vn 0.242883855 0.664207246 -0.706990925
vn -0.74404077 0.668134197 -0.000163632892
vn -0.743065902 0.66921825 1.12346462e-05
vn -0.751840364 0.659345167 -0.000132748994
vn 0.774365116 -0.632737687 -0.00129889346
vn 0.769411489 -0.638742961 0.00365925345
vn 0.795612557 -0.605789053 -0.00450351918
vn 0.485235676 -0.874382409 0.0013192908
vn 0.500213165 -0.865901919 0.000810281461
vn 0.467790031 -0.883837091 -0.00211739328
vn -0.85873974 0.512411956 -0.000216654707
vn -0.884924286 0.465734331 0.000735512629
vn -0.877467713 0.479635396 -0.000547399138
vn -0.00142392874 0.000204473511 0.999998965
vn -0.00124345914 -0.000691749372 0.999998988
vn -0.14354019 0.0891624924 0.985619736
vn 0.694905749 -0.719100824 6.27281326e-05
vn 0.667961327 -0.744195843 -0.000461604133
vn 0.673929736 -0.738793953 0.00148504701
vn 0.540391278 0.455733548 -0.707307712
vn 0.516915179 0.480263689 -0.708622245
vn 0.526504186 0.472030217 -0.707093216
vn 0.703062102 -0.0726396053 -0.707408771
vn 0.704033746 -0.0426448741 -0.708884969
vn 0.705735037 -0.0502183034 -0.706693837
vn 0.945224204 -0.32642182 -6.76642715e-06
vn 0.938486861 -0.345314945 1.02013354e-05
vn 0.938487666 -0.345312758 1.02254876e-05
vn 0.84796305 -0.530055055 0.000551242391
vn 0.854996894 -0.518629953 0.00181186671
vn 0.867123323 -0.498082618 -0.00329366799
vn 0.874966817 -0.484173486 0.00301751058
vn 0.898296069 -0.439385986 -0.00203165471
vn 0.88280576 -0.469715802 -0.00458856437
vn 0.654890648 0.26625013 -0.707268766
vn 0.640977603 0.295215271 -0.708516518
vn 0.646582692 0.286336107 -0.707066091
vn -0.694819753 0.719182258 0.00154621423
vn -0.713349773 0.700807765 -0.000760206322
vn -0.719415673 0.69457824 0.00146881306
vn -0.600313632 0.799764651 0.000212994742
vn -0.559916566 0.828547254 -0.00169888549
vn -0.563325697 0.826234034 0.0012166153
vn 0.623661229 0.330867206 -0.708218585
vn 0.613409882 0.353042189 -0.706462688
vn 0.624268778 0.332018678 -0.707143614
vn -0.952159309 -0.305602111 1.54537396e-05
vn -0.961275188 -0.275590291 6.4154037e-05
vn -0.961946715 -0.273237106 2.959907e-05
vn 0.351893977 0.936039786 0.000384324771
vn 0.396208719 0.918160346 -0.000479443476
vn 0.374762375 0.927120776 0.000478111979
vn 0.373954673 -0.927445697 0.00154327888
vn 0.437101917 -0.899410282 -0.00174913073
vn 0.396318542 -0.918112606 -0.000925022963
vn -0.0757742651 0.0957656251 0.992515595
vn -0.000639201615 0.000800950404 0.999999475
vn -0.000472893968 0.000702045059 0.999999642
vn 0.522498211 0.852640246 0.000479615546
vn 0.556922663 0.830564303 0.000293138751
vn 0.559320181 0.828951581 0.000459279278
vn 0.700831286 0.0973320145 -0.706655494
vn 0.702160541 0.072565921 -0.708311204
vn 0.697039424 0.110899173 -0.708404838
vn 0.406862183 0.913489133 0.000876606238
vn 0.374540955 0.927210331 -0.000272832724
vn 0.406722277 0.913551806 -0.000293882796
vn 0.880877018 0.473343492 0.00127174938
vn 0.898786684 0.438385675 -0.00070382697
vn 0.897647349 0.440713062 0.00111111746
vn -0.999055462 0.043452163 -0.000304883118
vn -0.994347014 0.106178742 -0.000300558761
vn -0.994348244 0.106167221 -0.000300557503
vn -0.529890838 0.848065858 0
vn -0.559228803 0.829013357 0
vn -0.529890742 0.848065918 0
vn -0.000573197056 -0.000988514456 0.999999347
vn -0.0496695121 -0.109301814 0.992766867
vn -0.0653169311 -0.0900026792 0.993797372
vn -0.860030941 -0.510241777 0.000330683213
vn -0.882656752 -0.470015913 -0.00144874817
vn -0.881086309 -0.472954165 0.00112847893
vn -0.939563697 -0.342374088 -0.000205702353
vn -0.925905803 -0.377752832 0.00111446283
vn -0.927219482 -0.374517638 -0.000755701017
vn -0.787954111 -0.615724638 -0.00338954114
vn -0.769255826 -0.638926156 0.0043407274
vn -0.754189118 -0.656655536 0.00151056979
vn 0.116651165 -0.0139119208 0.993075508
vn 0.0052479233 -0.00110694433 0.999985617
vn 0.183126262 -0.0010110621 0.983088882
vn 0.831513127 -0.55550507 0.000191634104
vn 0.851675084 -0.524070138 0.000206898823
vn 0.852825248 -0.522194102 -0.00155455193
vn -0.898465746 0.439042357 0.00105401959
vn -0.913581461 0.406655593 -0.000377945149
vn -0.898829203 0.438298991 -0.0002396968
vn 0.401940667 -0.579653492 -0.708833922
vn 0.375712709 -0.598824527 -0.707282932
vn 0.360187425 -0.606284055 -0.709002583
vn 0.994518058 -0.10456496 2.6316761e-05
vn 0.990479752 -0.13765849 1.13233107e-05
vn 0.994630819 -0.103486881 9.96440581e-06
vn 0.477804019 0.878466457 6.06272822e-05
vn 0.458773253 0.888553376 -7.55300728e-07
vn 0.441846682 0.89709058 3.15355307e-05
vn 0.206363655 0.978475366 1.80699287e-05
vn 0.173579808 0.984819805 4.05041673e-05
vn 0.207954014 0.978138603 4.24294875e-05
vn -0.985046974 -0.172285977 1.62009972e-05
vn -0.990264957 -0.139195234 3.17867636e-05
vn -0.990404014 -0.138202347 1.67473217e-05
vn 0.984800906 0.173687002 1.41074274e-05
vn 0.990286116 0.139044628 -1.40442012e-06
vn 0.984768365 0.173871408 1.89449765e-06
vn -0.312713112 0.949847624 1.24816386e-05
vn -0.343954207 0.938986424 4.59764398e-06
vn -0.345705592 0.938343031 1.0956717e-05
vn -0.65479197 -0.26586584 -0.707504651
vn -0.641006319 -0.293648676 -0.709141279
vn -0.646641559 -0.286837044 -0.706809171
vn -0.994514098 -0.104602625 -1.07324073e-05
vn -0.990262048 -0.139215934 3.36448335e-06
vn -0.994533828 -0.104414872 2.98534516e-06
vn -0.240570647 -0.664556496 -0.707453481
vn -0.210522645 -0.67285172 -0.709190227
vn -0.219468414 -0.672498581 -0.70680922
vn -0.65644535 -0.75437358 6.05790543e-05
vn -0.703164569 -0.711027137 -1.03112187e-05
vn -0.647502362 -0.762063443 7.23431923e-07
vn -0.453444117 -0.542217247 -0.707381715
vn -0.428206148 -0.560249927 -0.709055367
vn -0.436328677 -0.556902942 -0.706736442
vn -0.712531169 -0.701640446 0.000133984362
vn -0.691733045 -0.722153109 0.000529585975
vn -0.726581055 -0.687080344 0.000756709967
vn 0.570888698 0.416906595 -0.707301199
vn 0.548905219 0.443248561 -0.708684537
vn 0.558156518 0.43399512 -0.707184231
vn -0.0507730173 0.705065849 -0.707321885
vn -0.0828524937 0.700416114 -0.708909537
vn -0.0727497015 0.703579472 -0.706882881
vn -0.58970921 -0.807614787 0.00118440248
vn -0.559504269 -0.828827439 0.000221947178
vn -0.58779857 -0.809007251 -0.000329597315
vn 0.743342969 -0.6689075 0.00199669779
vn 0.774365116 -0.632737687 -0.00129889346
vn 0.754946607 -0.655785226 -0.00116509914
vn -0.785734772 0.618561625 0.00154410873
vn -0.808982133 0.587833166 -0.000277613144
vn -0.78805616 0.615603241 -0.000371282235
vn 0.409858931 -0.912148332 0.00103737295
vn 0.374594398 -0.927188594 -0.000589443208
vn 0.376418095 -0.926449372 0.000989928792
vn 0.043556158 0.107918524 0.993205142
vn 0.000784660308 0.00148601195 0.999998588
vn 0.000751843913 0.00129910478 0.999998874
vn 0.202034887 -0.979378325 2.02180305e-05
vn 0.248870416 -0.968536791 6.26798128e-07
vn 0.240356583 -0.970684661 4.31688547e-05
vn 0.642689879 0.766125972 0.000845324882
vn 0.61539858 0.788216047 -0.000223047535
vn 0.642623718 0.766181881 0.000286377441
vn 0.915268069 -0.402845206 0.000319723973
vn 0.927245514 -0.374453938 7.50011181e-05
vn 0.913420653 -0.4070168 -0.000187519348
vn -0.045880396 0.119201698 0.99180943
vn -0.000510256915 0.00118220284 0.999999171
vn -0.0579793427 0.0944369021 0.993841067
vn -0.406231272 -0.913743477 -0.00700082475
vn -0.462889564 -0.886395301 0.00605154433
vn -0.435678602 -0.900076035 0.00687649243
vn -0.299226859 -0.954181997 5.38012698e-05
vn -0.339025242 -0.940777277 2.00043349e-05
vn -0.292304058 -0.956325435 1.43531874e-05
vn -0.584419541 0.396108414 -0.708203307
vn -0.599836079 0.375713216 -0.706424984
vn -0.586257764 0.395407086 -0.70707501
vn 0.618302319 0.785938902 0.00151142312
vn 0.587847688 0.808971555 -0.000344942428
vn 0.61539858 0.788216047 -0.000223047535
vn 0.97028648 0.241958974 4.54870092e-05
vn 0.962019303 0.272981429 1.13259245e-05
vn 0.961278481 0.275578809 4.93853353e-05
vn 0.275593227 -0.961274347 5.17157434e-05
vn 0.305622384 -0.952152802 9.14223757e-06
vn 0.308993174 -0.951064238 0.000185283837
vn -0.743065902 0.66921825 1.12346462e-05
vn -0.744093165 0.668075846 -0.000159015061
vn -0.740026862 0.67257729 -0.000178634968
vn -0.273164424 0.961967358 8.58308712e-06
vn -0.241964514 0.970285098 4.46202385e-05
vn -0.239536564 0.970887344 8.9358553e-06
vn 0.173579292 -0.984819896 3.13018247e-05
vn 0.206598492 -0.978425809 1.59982502e-05
vn 0.207953265 -0.978138762 3.63877246e-05
vn -0.977905983 0.209045171 -6.82320893e-05
vn -0.977000741 0.213235906 8.53866733e-07
vn -0.978628399 0.205636696 -7.3225565e-05
vn 0.273497245 0.961872786 2.63130906e-05
vn 0.241964472 0.970285109 4.86914173e-05
vn 0.275603722 0.961271338 5.69533073e-05
vn -0.542391095 0.453388997 -0.70728376
vn -0.560346841 0.428599089 -0.708741306
vn -0.556779673 0.436293386 -0.706855344
vn 0.897175126 0.441674974 -0.00010182544
vn 0.923882839 0.382675438 -9.21196476e-05
vn 0.895962527 0.444129641 -0.000109094645
vn -0.27306092 -0.961996743 1.99169846e-05
vn -0.241962817 -0.970285521 4.95470697e-05
vn -0.275594644 -0.961273941 5.59291059e-05
vn 0.699315123 -0.699636452 0.146516873
vn 0.707278712 -0.706887408 0.00818629334
vn 0.706128287 -0.706606674 0.0457148881
vn 0.712625416 -0.701544734 -5.97562988e-05
vn 0.730712229 -0.682685608 -1.53912114e-05
vn 0.700837141 -0.713321096 0.000561923958
vn -0.599681299 0.374687064 0.707101085
vn -0.612441058 0.353542086 0.707053
vn -0.599668863 0.374696346 0.707106713
vn 0.703200342 -0.0738483148 0.70714617
vn 0.705410074 -0.0493293151 0.707080792
vn 0.70317118 -0.0738630206 0.707173632
vn 0.706128287 -0.706606674 0.0457148881
vn 0.703060759 -0.702479554 -0.110580498
vn 0.705183736 -0.705667309 -0.0689169608
vn -0.414469854 -0.572563313 -0.707379667
vn -0.3881148 -0.588717087 -0.709069174
vn -0.396398811 -0.586003779 -0.706730185
vn 0.655688951 -0.263582591 -0.707528244
vn 0.665088925 -0.233739724 -0.709240766
vn 0.664356976 -0.242813323 -0.706874457
vn -0.615938873 0.787793003 0.00122003915
vn -0.642323652 0.766432737 -0.00108911955
vn -0.642609085 0.766192813 0.00146183259
vn 0.777135873 0.629331906 -0.0010896776
vn 0.765896116 0.642962374 0.0015891727
vn 0.788187075 0.615433862 0.00151539336
vn -0.684703789 0.728821122 0.00070193127
vn -0.682516412 0.730870264 -6.69780509e-05
vn -0.655820807 0.754915619 -0.00121549591
vn 0.484726038 0.874666029 -8.25165401e-05
vn 0.509773084 0.8603089 1.90014492e-05
vn 0.507870859 0.861433218 2.27366766e-05
vn -0.707077268 0.707128111 -0.00340164594
vn -0.701680371 0.701530346 -0.124498317
vn -0.707049394 0.707163119 -0.00121556122
vn 0.743166205 0.669105348 0.00142324482
vn 0.726363279 0.687310672 -0.000653626489
vn 0.719329751 0.694667257 0.00145299099
vn -0.707077268 0.707128111 -0.00340164594
vn -0.701772093 0.701801478 0.122436169
vn -0.701509358 0.700916411 0.128844112
vn -0.509476823 0.489960743 -0.707369661
vn -0.530133119 0.46520742 -0.708901215
vn -0.524968586 0.474082192 -0.706862121
vn -0.49009864 -0.509347066 -0.707367577
vn -0.466198876 -0.52906199 -0.709050082
vn -0.474067932 -0.525165385 -0.706725487
vn -0.0653169311 -0.0900026792 0.993797372
vn -0.000577916805 -0.000773755551 0.999999534
vn -0.000552710575 -0.000754422654 0.999999563
vn 0.91059021 0.413309356 0.000920217171
vn 0.884904489 0.465771341 -0.00105048838
vn 0.899501793 0.436914977 -0.00135160004
vn -0.989722297 -0.14300271 -1.39326855e-05
vn -0.993647688 -0.112535641 4.07101479e-05
vn -0.993647613 -0.112536301 4.07357793e-05
vn -0.642323652 0.766432737 -0.00108911955
vn -0.668946298 0.743309228 0.00149750645
vn -0.642609085 0.766192813 0.00146183259
vn -0.847829962 -0.530266561 -0.00131545548
vn -0.884293142 -0.466928247 0.00191066975
vn -0.871923971 -0.489639093 0.00146505073
vn 0.719492688 0.694499983 -0.000214729346
vn 0.700297093 0.713851308 0.000539621669
vn 0.727297118 0.686322442 0.000638115678
vn -0.897633005 -0.440742219 0.00113335828
vn -0.913568195 -0.406684993 -0.000685118485
vn -0.912373024 -0.40935833 0.00110598574
vn 0.685848457 0.172472845 -0.707011324
vn 0.675328254 0.204082578 -0.708718597
vn 0.680379626 0.193859634 -0.706754559
vn 0.696322855 -0.121548339 -0.707361635
vn 0.699255033 -0.0907444859 -0.709089442
vn 0.700417338 -0.0994304341 -0.706773756
vn -0.882950983 0.469464283 0.000921400926
vn -0.898829203 0.438298991 -0.0002396968
vn -0.882963272 0.469442023 -0.000216781038
vn -0.672903161 -0.739730576 -0.000106122611
vn -0.694605204 -0.719389768 0.00140440971
vn -0.698821225 -0.715296366 -5.99014948e-05
vn -0.742948663 -0.669346647 0.00153314685
vn -0.725632555 -0.688081986 -0.000759456488
vn -0.719321591 -0.694675607 0.00149992093
vn 0.352055645 0.612997184 -0.707312714
vn 0.321502489 0.628093803 -0.708614369
vn 0.333350045 0.623523557 -0.707174746
vn -0.684994819 -0.728547754 0.000518159244
vn -0.691733045 -0.722153109 0.000529585975
vn -0.700755564 -0.713401405 -0.000273018417
vn 0.686390278 -0.169945254 -0.707097587
vn 0.691500944 -0.138973903 -0.708881301
vn 0.691910703 -0.147996147 -0.706651767
vn 0.785798735 -0.61848039 0.00153481333
vn 0.808993398 -0.587817668 -0.000268374948
vn 0.788046028 -0.615616222 -0.000353310734
vn 0.860379044 0.509654608 0.00028645126
vn 0.847958242 0.530061826 0.00113139124
vn 0.86662946 0.498952024 -0.000506524892
vn -0.877467713 0.479635396 -0.000547399138
vn -0.899715701 0.436476191 0.000439525339
vn -0.895781067 0.444495363 -0.000390004989
vn -0.19356854 -0.679617815 -0.707566849
vn -0.162528558 -0.686254679 -0.708970369
vn -0.172367468 -0.686110972 -0.70678228
vn -0.46929014 -0.883026903 -0.00550031246
vn -0.519012995 -0.854763519 0.00219943773
vn -0.489983852 -0.871716245 0.00515877575
vn -0.045880396 0.119201698 0.99180943
vn 5.1167732e-05 0.000969806924 0.999999528
vn -0.000371314287 0.00129981034 0.999999086
vn -0.00145439592 0.706832455 -0.707379506
vn -0.0338915809 0.704496978 -0.708897291
vn -0.0234826139 0.706929525 -0.706894061
vn 0.360187425 -0.606284055 -0.709002583
vn 0.332992228 -0.623336974 -0.707507733
vn 0.316069009 -0.630249146 -0.709144834
vn -0.144548629 -0.989497689 -0.000132877762
vn -0.106804041 -0.994280089 3.61670554e-05
vn -0.132112818 -0.991234674 -0.000154500538
vn -0.0496695121 -0.109301814 0.992766867
vn -0.000414446209 -0.00138994204 0.999998948
vn -0.0286064354 -0.118295469 0.992566297
vn 0.965158655 -0.261665378 -2.70129535e-05
vn 0.975466397 -0.220148376 4.89023491e-06
vn 0.980921959 -0.194401927 2.82319589e-05
vn 0.649100158 -0.760702936 -0.000168160921
vn 0.668863452 -0.743383441 0.00165609649
vn 0.641875816 -0.766808585 -0.000176463032
vn -0.695869941 -0.123928621 -0.707394319
vn -0.688159114 -0.153978781 -0.70903284
vn -0.692255867 -0.146244201 -0.706678462
vn 0.531194674 0.84724901 0.00115472576
vn 0.50006046 0.865990436 -0.000317029843
vn 0.529953534 0.848026625 -0.000308449697
vn 0.990268914 0.139167081 2.64518577e-05
vn 0.985104191 0.171958519 7.20225026e-06
vn 0.984822618 0.173563851 3.13695014e-05
vn 0.981832782 0.189748217 -3.88251359e-05
vn 0.969047984 0.246872445 -1.64637257e-06
vn 0.982930019 0.183979827 -2.55943636e-05
vn -0.763427155 0.645893469 0.000777780096
vn -0.743156976 0.669115728 0.00136083121
vn -0.739431272 0.673232033 -0.000152154335
vn 0.851143186 0.524933579 -0.000122573635
vn 0.824795866 0.565430598 -0.000137117884
vn 0.856212967 0.516623016 -0.000122551369
vn -0.913225831 0.407452763 0.000909484517
vn -0.927181477 0.374612329 -0.000334932962
vn -0.913581461 0.406655593 -0.000377945149
vn 0.21773454 0.672949475 -0.706916313
vn 0.196103666 0.678283227 -0.708149148
vn 0.194898482 0.67985104 -0.706977471
vn -0.9357907 0.352556043 4.238756e-05
vn -0.926273632 0.376851554 -0.000256144584
vn -0.927265349 0.374404789 0.000160114069
vn -0.865664718 -0.500620423 -0.00194606743
vn -0.899074459 -0.437792671 0.00164145446
vn -0.884293142 -0.466928247 0.00191066975
vn 0.672589477 0.740013774 0.00173470144
vn 0.667171965 0.744903636 -0.000376907678
vn 0.689620936 0.724170528 0.000101053122
vn -0.706834125 -0.707272338 0.0123028205
vn -0.697988823 -0.697500721 0.162186149
vn -0.701626824 -0.702097999 0.121565623
vn -0.784343111 -0.620327225 0.000134420143
vn -0.808551225 -0.58842578 0.000134036605
vn -0.810269332 -0.58605751 0.000451504506
vn -0.497611872 -0.867399796 -0.000135787775
vn -0.522687207 -0.852524536 2.58117739e-06
vn -0.504934506 -0.863157657 -5.93876339e-05
vn -0.83532895 -0.549750039 -0.000663589347
vn -0.829001033 -0.559246317 0.000919031878
vn -0.847951727 -0.530072104 0.00119715419
vn 0.70683487 -0.0238157945 -0.706977563
vn 0.70575665 -0.00183164138 -0.708451972
vn 0.706893271 0.000110780239 -0.707320219
vn 0.932791216 -0.360416763 0.000550925838
vn 0.90619157 -0.422865708 -0.00119641545
vn 0.92009258 -0.391700211 0.000767292461
vn -0.847279303 0.531146403 0.00113181222
vn -0.86596906 0.500097512 -0.000255016086
vn -0.848040675 0.529931053 -0.000303378262
vn -0.464511046 0.885567325 2.83937594e-05
vn -0.441478306 0.89727192 8.41266072e-05
vn -0.430861883 0.902417883 5.67375782e-05
vn -0.952286609 0.305205199 1.86888466e-05
vn -0.961276488 0.275585758 6.54854782e-05
vn -0.951034136 0.309085859 6.85579324e-05
vn 0.240104411 0.970747069 2.06834869e-05
vn 0.207954014 0.978138603 4.24294875e-05
vn 0.241964472 0.970285109 4.86914173e-05
vn 0.984820138 -0.173577921 3.93514424e-05
vn 0.978592165 -0.205809073 1.46332524e-05
vn 0.985138041 -0.17176449 1.29052057e-05
vn 0.30827313 -0.951297891 2.62694449e-05
vn 0.352407748 -0.935846552 0.000100204239
vn 0.290000845 -0.957026386 8.23855849e-05
vn -0.602959939 -0.797771464 5.28928474e-05
vn -0.647502362 -0.762063443 7.23431923e-07
vn -0.597297486 -0.80201977 2.98452213e-05
vn 0.0526093295 0.99861517 3.10726371e-06
vn 0.0836185167 0.996497839 1.72039823e-05
vn 0.0889243246 0.996038385 -1.28554866e-05
vn -0.696382181 0.121325034 -0.707341568
vn -0.699632786 0.0890655472 -0.708929681
vn -0.700255453 0.0995481385 -0.706917583
vn 0.695281491 -0.718736157 0.00140913387
vn 0.684419112 -0.729088264 -0.000884386092
vn 0.702483267 -0.711699992 0.00061683913
vn -0.64588651 -0.763432955 0.000860021431
vn -0.615590452 -0.788066147 -0.000379810516
vn -0.642236763 -0.766506247 0.000337554837
vn 0.998211328 -0.0597841407 -2.60708567e-05
vn 0.993236883 -0.116105525 -2.67450191e-05
vn 0.989379211 -0.145357398 6.75072067e-05
vn 0.852825248 -0.522194102 -0.00155455193
vn 0.893587596 -0.448881749 0.00252672194
vn 0.872010127 -0.489480057 -0.00275893654
vn -0.739431272 0.673232033 -0.000152154335
vn -0.719415673 0.69457824 0.00146881306
vn -0.713349773 0.700807765 -0.000760206322
vn 1 3.93144944e-07 9.72961243e-06
vn 0.999394873 -0.034783428 -7.12135289e-06
vn 1 7.85825978e-06 0
vn -0.10341567 -0.994638225 7.88344021e-06
vn -0.0696629146 -0.997570588 1.53540643e-05
vn -0.104553369 -0.994519277 2.52544189e-05
vn 0.104647316 -0.994509396 -7.90025477e-06
vn 0.139214813 -0.990262206 5.96673723e-06
vn 0.10442144 -0.994533138 9.94148334e-06
vn -0.438316543 0.898820676 1.06847653e-05
vn -0.469603114 0.882877633 -7.91705757e-06
vn -0.469515043 0.882924473 0
vn -0.69447971 -0.719512288 -7.95355693e-06
vn -0.669078338 -0.743191885 6.35062122e-06
vn -0.694623883 -0.719373103 6.2580311e-06
vn 0.788005258 0.615668509 3.60522718e-07
vn 0.808953619 0.587872471 -6.93120622e-06
vn 0.788032866 0.615633172 2.32812606e-06
vn -0.529717764 -0.848173974 -7.77272669e-06
vn -0.500057821 -0.865992018 5.52294983e-06
vn -0.529876939 -0.848074542 5.39953308e-06
vn -0.913489324 -0.406862698 3.25523744e-08
vn -0.898769925 -0.438420599 1.36800592e-05
vn -0.913542739 -0.406742748 1.03554638e-05
vn -0.275606033 0.961270677 7.51851611e-06
vn -0.242280158 0.970206331 -6.68905807e-06
vn -0.275796979 0.96121591 -6.64297429e-06
vn -0.341844558 -0.93975651 -4.14913255e-06
vn -0.308875791 -0.951102384 1.02155153e-05
vn -0.342039776 -0.939685475 1.05042895e-05
vn -0.990263009 0.139209095 1.42967314e-05
vn -0.984831413 0.173513942 7.49440487e-07
vn -0.990299228 0.138951213 -5.8494452e-06
vn 0.997563791 -0.0697601744 1.16478033e-05
vn 0.994552343 -0.104238365 -1.27163999e-06
vn 0.997580337 -0.0695231771 -7.02621846e-06
vn -0.374630155 0.927174335 1.26272171e-05
vn -0.342228252 0.939616849 -2.20344748e-06
vn -0.374797055 0.92710688 -1.23070348e-06
vn 0.342027038 -0.939690111 8.74383202e-06
vn 0.309066373 -0.951040471 -6.41080963e-06
vn 0.342226922 -0.939617334 -6.28938595e-06
vn -0.913549947 0.40672656 1.64302118e-05
vn -0.898852222 0.438251849 2.80405764e-06
vn -0.913650098 0.406501536 -2.79617148e-06
vn -0.672699062 0.21703801 -0.707368698
vn -0.680553307 0.185482559 -0.708832432
vn -0.679750876 0.196036701 -0.706759053
vn -0.719204688 -0.694798256 -7.87744336e-06
vn -0.694623883 -0.719373103 6.2580311e-06
vn -0.719371463 -0.694625581 1.07680175e-05
vn -0.104423895 0.99453288 1.39810526e-05
vn -0.0699614985 0.997549692 1.62908626e-07
vn -0.104647609 0.994509365 -3.81877918e-06
vn -0.90003622 0.435815098 -6.309669e-05
vn -0.870243764 0.492621293 -0.000232174595
vn -0.870241777 0.492624802 -0.000232202021
vn -0.743070278 -0.66921339 -1.75985468e-06
vn -0.719371463 -0.694625581 1.07680175e-05
vn -0.743194514 -0.669075418 1.12064498e-05
vn -0.642702357 -0.766115971 -6.07869337e-06
vn -0.615650873 -0.788019037 6.76465449e-06
vn -0.642839446 -0.766000944 6.7883531e-06
vn -0.787896 -0.615808325 -8.2194822e-06
vn -0.766002847 -0.642837178 5.93660672e-06
vn -0.788019719 -0.61565 5.81034876e-06
vn 0.406729756 0.913548524 1.00383276e-05
vn 0.438232106 0.898861848 -6.6045056e-06
vn 0.406508285 0.913647095 -8.86940545e-06
vn 0.990286116 0.139044628 -1.40442012e-06
vn 0.994533617 0.10441688 1.24181928e-05
vn 0.994534841 0.104405223 0
vn 0.82898354 -0.559273001 1.59105656e-05
vn 0.809132992 -0.587625562 -1.97488043e-06
vn 0.829109233 -0.559086648 2.09555761e-07
vn -0.0346828238 -0.99939837 -6.69011725e-06
vn -4.7231124e-06 -1 6.90164916e-06
vn -0.0349435991 -0.999389286 1.35276286e-05
vn 0.642825481 -0.766012664 1.81404788e-06
vn 0.615723144 -0.787962569 -4.02000485e-06
vn 0.642902316 -0.765948178 -3.971953e-06
vn 0.438318939 -0.898819508 1.43267525e-05
vn 0.406908934 -0.913468729 6.11943911e-07
vn 0.438498247 -0.898732044 -1.22536522e-06
vn -0.96127165 0.27560264 1.40880321e-05
vn -0.9511606 0.308696475 2.22558268e-07
vn -0.961346572 0.275341185 -7.01180492e-06
vn 0.441391939 -0.550222188 -0.708822051
vn 0.41667397 -0.571120636 -0.707251032
vn 0.401940667 -0.579653492 -0.708833922
vn -0.529877893 0.848073946 5.91469725e-06
vn -0.500228595 0.865893384 -8.01829101e-06
vn -0.530029714 0.847979069 -7.91203457e-06
vn 0.145594356 0.69172524 -0.707331941
vn 0.11344203 0.696108905 -0.70891699
vn 0.123987012 0.696489097 -0.706774475
vn 0.342026959 0.93969014 5.74834047e-06
vn 0.374435071 0.927253136 -9.02867677e-06
vn 0.341878571 0.939744137 -6.56447962e-06
vn 0.242011476 -0.970273387 4.36333836e-06
vn 0.208074421 -0.978112997 -8.76872129e-06
vn 0.242119184 -0.970246516 -4.3724711e-06
vn 0.559274495 -0.828982533 7.2354751e-06
vn 0.529891063 -0.848065717 2.49303907e-06
vn 0.559319691 -0.828952039 1.55361913e-06
vn -0.0697576814 0.997563966 1.46724243e-05
vn -0.0350574814 0.999385298 -5.45783905e-07
vn -0.0699614985 0.997549692 1.62908626e-07
vn 4.98876989e-06 1 7.319617e-06
vn 0.0347016052 0.999397718 -7.09551312e-06
vn -0.000198081932 0.99999998 -7.07953891e-06
vn -0.499904883 -0.866080313 -8.3392312e-06
vn -0.46951881 -0.882922469 6.81168284e-06
vn -0.500057821 -0.865992018 5.52294983e-06
vn 0.0699399783 -0.997551201 -2.50786115e-06
vn 0.10442144 -0.994533138 9.94148334e-06
vn 0.0697589988 -0.997563874 1.03015131e-05
vn -0.587763212 0.809033007 6.68998816e-06
vn -0.559430236 0.82887744 -7.97197837e-06
vn -0.587867544 0.8089572 -3.54634417e-06
vn -0.30888775 0.951098501 7.48905767e-06
vn -0.275796979 0.96121591 -6.64297429e-06
vn -0.309011428 0.951058325 -2.72723604e-06
vn 0.913549914 -0.406726635 1.02483684e-05
vn 0.898900898 -0.438152001 -2.44126599e-06
vn 0.913601435 -0.406610893 3.41316891e-08
vn -0.669077834 0.743192338 9.44051892e-06
vn -0.643005325 0.765861706 -5.32050455e-06
vn -0.669229321 0.743055931 -5.11033425e-06
vn -0.0349572857 0.999388807 7.32081021e-06
vn -0.000198081932 0.99999998 -7.07953891e-06
vn -0.0350574814 0.999385298 -5.45783905e-07
vn -0.970272379 0.242015515 7.53065583e-06
vn -0.961346572 0.275341185 -7.01180492e-06
vn -0.970323001 0.241812476 -6.98105469e-06
vn -0.984795843 0.173715706 1.50335314e-05
vn -0.978170972 0.207801708 -4.26356168e-09
vn -0.984831413 0.173513942 7.49440487e-07
vn 0.939691114 -0.342024284 1.40428299e-05
vn 0.927247918 -0.374447992 7.76564699e-07
vn 0.939758914 -0.341837949 -1.10659177e-06
vn -0.703138984 0.0724041885 -0.707356489
vn -0.704151319 0.0402053174 -0.70891075
vn -0.70556429 0.0505275598 -0.706842273
vn -0.139018012 -0.990289853 -9.79239016e-06
vn -0.104411679 -0.994534163 4.96923772e-06
vn -0.139222399 -0.990261139 4.7155345e-06
vn 0.308886809 -0.951098806 8.32556406e-06
vn 0.275780322 -0.961220689 -4.16163997e-06
vn 0.309066373 -0.951040471 -6.41080963e-06
vn -0.103437125 0.994635994 5.720296e-06
vn -0.0696210277 0.997573512 1.43353011e-05
vn -0.0690577038 0.997612667 5.06389057e-06
vn 0.74318011 -0.669091416 8.58664242e-06
vn 0.719371698 -0.694625338 3.09564925e-06
vn 0.743280068 -0.668980374 -7.17214178e-07
vn 0.984796511 -0.173711923 8.68313316e-06
vn 0.978190196 -0.207711193 -4.54921298e-06
vn 0.984829196 -0.173526527 -4.33923427e-06
vn 0.308886279 0.951098978 4.79428475e-06
vn 0.341878571 0.939744137 -6.56447962e-06
vn 0.308731722 0.951149159 -6.64974587e-06
vn -0.808879879 -0.587973929 -8.1092327e-06
vn -0.788019719 -0.61565 5.81034876e-06
vn -0.809031353 -0.587765488 1.21497339e-05
vn -0.978095088 -0.208158592 -6.64029749e-06
vn -0.970274755 -0.242005991 6.25311264e-06
vn -0.978147619 -0.207911607 1.33693309e-05
vn 0.393935189 0.586998962 -0.707281617
vn 0.364255189 0.604246079 -0.708664118
vn 0.3759751 0.598893997 -0.707084652
vn -0.559070323 -0.829120241 -7.66374216e-06
vn -0.529876939 -0.848074542 5.39953308e-06
vn -0.559258625 -0.828993239 9.94054309e-06
vn -0.406550705 -0.91362822 -8.62279557e-06
vn -0.374620862 -0.927178089 5.66113761e-06
vn -0.406739237 -0.913544303 5.50050257e-06
vn 0.882927277 -0.469509769 1.2262734e-05
vn 0.866014532 -0.50001883 -1.62832462e-06
vn 0.883018663 -0.469337875 -2.8337831e-06
vn 0.788007563 -0.615665559 7.89962433e-07
vn 0.766036678 -0.642796864 -7.334766e-07
vn 0.788058828 -0.615599938 -4.07284511e-06
vn 0.76601574 0.642821815 1.00740048e-05
vn 0.788032866 0.615633172 2.32812606e-06
vn 0.765885073 0.642977491 -3.08887305e-06
vn -0.438127583 -0.898912799 -8.4789973e-06
vn -0.406739237 -0.913544303 5.50050257e-06
vn -0.438305713 -0.898825958 6.90125364e-06
vn 0.978146154 0.207918499 1.01844918e-05
vn 0.984768365 0.173871408 1.89449765e-06
vn 0.978108925 0.208093563 -1.19716165e-05
vn 0.669089566 0.743181776 1.39262931e-05
vn 0.694462997 0.719528419 -8.95075459e-06
vn 0.668845688 0.743401268 -9.26103942e-06
vn -0.535603035 -0.844469886 5.28294538e-06
vn -0.505870996 -0.862609144 6.15857059e-06
vn -0.506611335 -0.86217455 9.18096772e-06
vn -0.20777358 -0.978176947 2.43554745e-06
vn -0.173695995 -0.98479932 1.54572007e-05
vn -0.207913944 -0.978147122 1.22014241e-05
vn 0.838842135 -0.544374752 -2.91622048e-05
vn 0.863518094 -0.504317841 -0.000128979829
vn 0.832437751 -0.554118572 1.16086566e-05
vn 0.997560524 0.0698068861 -8.8105386e-06
vn 0.999388698 0.0349604042 -1.15993226e-06
vn 0.999392915 0.0348396521 -9.05186688e-06
vn -0.939690746 0.342025293 1.2417137e-05
vn -0.927254808 0.37443093 -2.28703246e-06
vn -0.939747483 0.341869373 -4.9463476e-07
vn -0.865962492 -0.50010895 -9.28608629e-06
vn -0.848075577 -0.529875284 4.0041455e-06
vn -0.866057924 -0.499943669 3.72992505e-06
vn -0.438316543 0.898820676 1.06847653e-05
vn -0.406884632 0.913479554 -7.31459958e-07
vn -0.438439383 0.898760762 0
vn -0.500059371 0.865991123 5.79746398e-06
vn -0.469603114 0.882877633 -7.91705757e-06
vn -0.500228595 0.865893384 -8.01829101e-06
vn 0.961267782 0.27561613 4.13555139e-06
vn 0.970269087 0.242028714 -1.38907226e-05
vn 0.961220263 0.27578181 -9.38858464e-06
vn 0.999392915 0.0348396521 -9.05186688e-06
vn 1 3.93144944e-07 9.72961243e-06
vn 1 7.85825978e-06 0
vn 0.173697322 0.984799086 1.3501517e-05
vn 0.207715283 0.978189328 -2.93091284e-07
vn 0.173502979 0.984833344 -2.45462521e-06
vn 0.0350817415 -0.999384446 -2.88157049e-06
vn 0.0697589988 -0.997563874 1.03015131e-05
vn 0.0349569716 -0.999388818 6.90214073e-06
vn -0.694625035 0.71937199 9.24792878e-06
vn -0.669229321 0.743055931 -5.11033425e-06
vn -0.694710787 0.719289179 6.82064392e-08
vn 0.951103316 0.308872923 1.37712729e-05
vn 0.961220263 0.27578181 -9.38858464e-06
vn 0.95102805 0.309104592 -2.75821185e-06
vn -0.668960421 -0.743298026 -6.11597514e-06
vn -0.642839446 -0.766000944 6.7883531e-06
vn -0.669078338 -0.743191885 6.35062122e-06
vn 0.000187395195 -0.999999982 -6.67528127e-06
vn 0.0349569716 -0.999388818 6.90214073e-06
vn -4.7231124e-06 -1 6.90164916e-06
vn 0.139225437 0.990260712 1.39276334e-05
vn 0.173502979 0.984833344 -2.45462521e-06
vn 0.139006883 0.990291415 -1.87737214e-06
vn 0.0691350299 0.997607311 8.49286938e-06
vn 0.0349076858 0.999390541 9.19082012e-06
vn 0.069710799 0.997567243 1.89613803e-05
vn 0.990262483 -0.139212837 8.48726934e-06
vn 0.984829196 -0.173526527 -4.33923427e-06
vn 0.990280717 -0.139083077 -1.79222792e-06
vn -0.828992647 0.559259502 8.10242404e-06
vn -0.809125622 0.58763571 -2.59512451e-06
vn -0.829052303 0.559171063 0
vn -0.86605026 0.499956945 1.29887142e-05
vn -0.848090447 0.529851482 -2.04712177e-06
vn -0.86615475 0.499775898 -1.49707072e-06
vn -0.207892493 0.978151681 1.51481109e-05
vn -0.17385635 0.984771024 2.72867484e-07
vn -0.208092915 0.978109063 1.04612018e-06
vn -0.882926162 0.469511866 1.24560009e-05
vn -0.86615475 0.499775898 -1.49707072e-06
vn -0.882993582 0.469385059 1.84145393e-06
vn -0.139208634 0.990263074 1.1482933e-05
vn -0.104647609 0.994509365 -3.81877918e-06
vn -0.139420373 0.990233285 -3.43184473e-06
vn 0.91354059 0.406747575 1.94185902e-05
vn 0.927164376 0.3746548 9.11213011e-06
vn 0.913527435 0.40677712 6.71016875e-06
vn -0.242066193 -0.970259738 1.28349368e-05
vn -0.207913944 -0.978147122 1.22014241e-05
vn -0.241999904 -0.970276273 5.41916266e-06
vn -0.765997868 0.642843112 1.00436061e-05
vn -0.743359995 0.66889156 -3.95872582e-06
vn -0.766124323 0.6426924 -3.65110016e-06
vn -0.242016525 0.970272128 1.43914886e-05
vn -0.208092915 0.978109063 1.04612018e-06
vn -0.242280158 0.970206331 -6.68905807e-06
vn -0.99754463 -0.0700336385 -1.03688142e-05
vn -0.994533828 -0.104414872 2.98534516e-06
vn -0.997562795 -0.0697744285 1.00532382e-05
vn -0.173381349 -0.984854765 -9.55606669e-06
vn -0.139222399 -0.990261139 4.7155345e-06
vn -0.173695995 -0.98479932 1.54572007e-05
vn 0.978151272 -0.207894419 9.9775229e-06
vn 0.970290339 -0.241943502 -4.00479429e-06
vn 0.978190196 -0.207711193 -4.54921298e-06
vn -0.719367774 0.694629402 1.5832037e-05
vn -0.694710787 0.719289179 6.82064392e-08
vn -0.719519139 0.694472612 8.65596065e-07
vn -0.374495325 -0.927228802 -4.45548628e-06
vn -0.342039776 -0.939685475 1.05042895e-05
vn -0.374620862 -0.927178089 5.66113761e-06
vn -0.642841264 0.765999418 1.13892799e-05
vn -0.615814149 0.787891448 -3.13074338e-06
vn -0.643005325 0.765861706 -5.32050455e-06
vn -0.559259872 0.828992398 6.61246054e-06
vn -0.530029714 0.847979069 -7.91203457e-06
vn -0.559430236 0.82887744 -7.97197837e-06
vn 0.469505485 -0.882929555 1.69284702e-05
vn 0.438498247 -0.898732044 -1.22536522e-06
vn 0.469685649 -0.882833728 2.81510509e-06
vn -0.848036787 -0.529937362 -1.48045608e-06
vn -0.828995042 -0.559255953 1.26979747e-05
vn -0.848075577 -0.529875284 4.0041455e-06
vn 0.103643032 0.994614559 1.45726747e-05
vn 0.069710799 0.997567243 1.89613803e-05
vn 0.104585412 0.994515908 2.91479377e-05
vn 0.694611935 -0.71938464 -2.48930643e-06
vn 0.66915129 -0.743126202 -7.34768539e-06
vn 0.694630524 -0.719366691 -2.29277777e-06
vn 0.139408812 -0.990234913 -7.99229021e-06
vn 0.17370967 -0.984796908 6.07461905e-06
vn 0.139214813 -0.990262206 5.96673723e-06
vn -0.469330154 -0.883022767 -8.41008789e-06
vn -0.438305713 -0.898825958 6.90125364e-06
vn -0.46951881 -0.882922469 6.81168284e-06
vn -0.9975635 0.0697643397 8.71845457e-06
vn -0.994554626 0.104216582 -5.69490514e-06
vn -0.997572147 0.0696405933 -6.01655486e-07
vn -0.994533171 0.104421123 8.85560976e-06
vn -0.990299228 0.138951213 -5.8494452e-06
vn -0.994554626 0.104216582 -5.69490514e-06
vn 0.0696637047 -0.997570533 1.28924805e-05
vn 0.103850236 -0.994592946 9.13823152e-06
vn 0.104553899 -0.994519221 2.10032701e-05
vn -0.898758904 0.438443192 1.73754018e-05
vn -0.882993582 0.469385059 1.84145393e-06
vn -0.898852222 0.438251849 2.80405764e-06
vn -0.88278592 -0.4697755 -9.0260019e-06
vn -0.866057924 -0.499943669 3.72992505e-06
vn -0.882921054 -0.469521471 1.30059718e-05
vn -0.927173482 0.374632264 1.29071785e-05
vn -0.913650098 0.406501536 -2.79617148e-06
vn -0.927254808 0.37443093 -2.28703246e-06
vn -0.978150598 0.207897587 7.51718556e-06
vn -0.970323001 0.241812476 -6.98105469e-06
vn -0.978170972 0.207801708 -4.26356168e-09
vn -0.788019719 0.61565 9.75164042e-06
vn -0.766124323 0.6426924 -3.65110016e-06
vn -0.788119966 0.615521665 -2.87220221e-06
vn -0.00101996886 -0.000298418358 0.999999435
vn -0.115943958 -0.0330913042 0.992704369
vn -0.111663977 -0.0132467721 0.993657727
vn -0.0695872185 -0.997575871 1.08407191e-06
vn -0.0349435991 -0.999389286 1.35276286e-05
vn -0.069775011 -0.997562754 1.42449915e-05
vn 0.374628344 -0.927175066 8.64087471e-06
vn 0.342226922 -0.939617334 -6.28938595e-06
vn 0.374731457 -0.927133396 -1.36526838e-07
vn -0.342022908 0.939691614 1.31317186e-05
vn -0.309011428 0.951058325 -2.72723604e-06
vn -0.342228252 0.939616849 -2.20344748e-06
vn 0.951097819 -0.308889847 1.66919405e-05
vn 0.939758914 -0.341837949 -1.10659177e-06
vn 0.951154731 -0.308714557 3.84740209e-06
vn -0.999999967 -0.000256362727 -4.13285636e-06
vn -0.999389255 -0.0349444718 1.03514433e-05
vn -1 -7.69336566e-06 1.48216077e-05
vn 0.898821903 -0.438314027 1.06267227e-05
vn 0.883018663 -0.469337875 -2.8337831e-06
vn 0.898900898 -0.438152001 -2.44126599e-06
vn -0.961234722 -0.275731407 -3.31621563e-06
vn -0.951102172 -0.308876446 1.14906403e-05
vn -0.961267459 -0.275617256 6.28236361e-06
vn 0.997563072 -0.0697704559 2.06437273e-05
vn 0.994630819 -0.103486881 9.96440581e-06
vn 0.997618863 -0.0689681402 8.38108197e-06
vn -0.173713395 0.984796251 1.11143186e-05
vn -0.139420373 0.990233285 -3.43184473e-06
vn -0.17385635 0.984771024 2.72867484e-07
vn 0.0349447248 0.999389247 1.18393675e-05
vn 0.0695716255 0.997576959 -1.96040072e-06
vn 0.0347016052 0.999397718 -7.09551312e-06
vn -0.635928552 0.308577379 -0.70737181
vn -0.648008386 0.278283796 -0.708973385
vn -0.645691084 0.288688356 -0.706924365
vn 0.196023484 -0.679189044 -0.707302648
vn 0.225026036 -0.668267651 -0.709070963
vn 0.21768053 -0.673187559 -0.706706231
vn 0.804910575 0.593396109 -0.000154732358
vn 0.82850265 0.559985138 5.65813936e-05
vn 0.832275316 0.554362466 -0.000235957788
vn 0.719062523 -0.694944874 0.000842079481
vn 0.702483267 -0.711699992 0.00061683913
vn 0.714266126 -0.699873512 0.000984252321
vn 0.207910957 0.978147757 1.41472703e-05
vn 0.241996902 0.970277022 -9.55478706e-07
vn 0.207715283 0.978189328 -2.93091284e-07
vn 0.173893657 -0.984764437 -8.5520449e-06
vn 0.207897813 -0.97815055 4.13305362e-06
vn 0.17370967 -0.984796908 6.07461905e-06
vn -0.999388431 0.0349680495 1.55526328e-05
vn -0.997572147 0.0696405933 -6.01655486e-07
vn -0.999396355 0.0347408216 1.48655805e-07
vn -0.99938208 -0.0351490975 -3.81830887e-06
vn -0.997562795 -0.0697744285 1.00532382e-05
vn -0.999389255 -0.0349444718 1.03514433e-05
vn -0.0689446306 -0.997620488 4.45416192e-06
vn -0.0348883315 -0.999391217 6.73184298e-06
vn -0.0696629146 -0.997570588 1.53540643e-05
vn -0.615554629 -0.78809422 -3.05146272e-06
vn -0.587764389 -0.809032152 1.02913047e-05
vn -0.615650873 -0.788019037 6.76465449e-06
vn 0.500075396 -0.86598187 5.94454418e-06
vn 0.469685649 -0.882833728 2.81510509e-06
vn 0.500155544 -0.865935582 -2.61936599e-06
vn -0.997607261 -0.0691357533 9.38812599e-06
vn -0.999390644 -0.0349047252 1.58902055e-05
vn -0.999404831 -0.034496128 1.03025912e-05
vn 0.809038949 -0.587755033 1.03345848e-05
vn 0.788058828 -0.615599938 -4.07284511e-06
vn 0.809132992 -0.587625562 -1.97488043e-06
vn -0.951097508 0.308890807 1.47879621e-05
vn -0.939747483 0.341869373 -4.9463476e-07
vn -0.9511606 0.308696475 2.22558268e-07
vn -0.828888325 -0.559414108 -9.17062184e-07
vn -0.809031353 -0.587765488 1.21497339e-05
vn -0.828995042 -0.559255953 1.26979747e-05
vn 0.669092888 -0.743178785 1.8938539e-07
vn 0.642902316 -0.765948178 -3.971953e-06
vn 0.66915129 -0.743126202 -7.34768539e-06
vn -0.92710681 -0.37479723 -3.05749363e-06
vn -0.913542739 -0.406742748 1.03554638e-05
vn -0.927179182 -0.374618158 1.07070287e-05
vn -0.743194312 0.669075641 1.5052998e-05
vn -0.719519139 0.694472612 8.65596065e-07
vn -0.743359995 0.66889156 -3.95872582e-06
vn 0.615664995 -0.788008004 3.13539237e-06
vn 0.587867572 -0.808957179 -2.1748163e-06
vn 0.615723144 -0.787962569 -4.02000485e-06
vn -0.524519657 -0.473843195 -0.707355466
vn -0.501983231 -0.495250111 -0.709041722
vn -0.509587947 -0.490825508 -0.70668978
vn -0.585330475 -0.396303676 -0.707341241
vn -0.566042439 -0.420570981 -0.709024687
vn -0.572962934 -0.415196295 -0.706629686
vn -0.196242684 0.679145842 -0.707283348
vn -0.226480567 0.667938154 -0.708918313
vn -0.21738307 0.673115296 -0.706866607
vn -0.994596691 0.103814362 1.30439546e-05
vn -0.997571644 0.0696477921 1.38136075e-05
vn -0.994519622 0.10455009 2.52129386e-05
vn 0.997571551 0.0696491201 1.42010408e-05
vn 0.994639535 0.103403071 6.19176047e-06
vn 0.994521058 0.104536425 2.33581386e-05
vn 0.61291261 -0.352433064 -0.70719804
vn 0.626301954 -0.324100201 -0.70901687
vn 0.624103023 -0.332926606 -0.706862993
vn 0.848083297 0.529862927 4.10594238e-06
vn 0.866050766 0.499956068 -9.62406881e-06
vn 0.848033466 0.529942677 -8.31528247e-07
vn -0.474845535 0.880069153 5.55604465e-05
vn -0.516496386 0.856289369 1.2354292e-05
vn -0.520378252 0.853935871 4.88826719e-05
vn 0.559279333 0.828979269 7.09704376e-06
vn 0.587747403 0.809044492 -4.73093514e-07
vn 0.559129521 0.829080321 -4.15783495e-06
vn 0.828981525 0.559275989 6.18639528e-06
vn 0.848033466 0.529942677 -8.31528247e-07
vn 0.828919758 0.559367531 -4.07148759e-06
vn -0.644991487 0.764189755 -1.75049762e-05
vn -0.702795671 0.711391733 -0.000216215365
vn -0.644990326 0.764190735 -1.74835896e-05
vn -0.785367588 -0.619029685 3.11301566e-06
vn -0.759443265 -0.650573536 2.795976e-05
vn -0.783652401 -0.621199577 7.02572809e-07
vn -0.275616823 -0.961267583 9.57487912e-06
vn -0.242066193 -0.970259738 1.28349368e-05
vn -0.241999904 -0.970276273 5.41916266e-06
vn 0.275605796 -0.961270745 8.52276567e-06
vn 0.242119184 -0.970246516 -4.3724711e-06
vn 0.275780322 -0.961220689 -4.16163997e-06
vn -0.587615723 -0.809140138 -2.68661913e-06
vn -0.559258625 -0.828993239 9.94054309e-06
vn -0.587764389 -0.809032152 1.02913047e-05
vn 0.999389133 -0.0349479735 1.08986189e-05
vn 0.997618863 -0.0689681402 8.38108197e-06
vn 0.999403445 -0.0345362861 3.93792139e-06
vn 0.848084358 -0.529861229 3.17424007e-06
vn 0.829109233 -0.559086648 2.09555761e-07
vn 0.848108621 -0.529822392 -1.20725152e-06
vn -0.915655622 -0.401963655 3.56977438e-05
vn -0.905355644 -0.424654162 2.41021756e-05
vn -0.901516436 -0.43274486 3.30301845e-05
vn 0.469503931 0.882930382 1.38288248e-05
vn 0.500044178 0.865999896 1.50849272e-06
vn 0.469458258 0.882954667 2.80598133e-07
vn 0.970269087 0.242028714 -1.38907226e-05
vn 0.978146154 0.207918499 1.01844918e-05
vn 0.978108925 0.208093563 -1.19716165e-05
vn 0.104553899 -0.994519221 2.10032701e-05
vn 0.138292821 -0.990391385 1.23871643e-05
vn 0.139192943 -0.99026528 2.6797229e-05
vn 0.649100158 -0.760702936 -0.000168160921
vn 0.616301163 -0.787510553 7.28376089e-05
vn 0.613806001 -0.789456893 7.93615899e-05
vn -0.171745748 0.985141309 7.16396946e-06
vn -0.139192605 0.990265327 2.97576795e-05
vn -0.13769715 0.990474379 7.87878281e-06
vn 0.137961195 0.990437635 1.85369374e-05
vn 0.104585412 0.994515908 2.91479377e-05
vn 0.139175282 0.990267762 3.72274411e-05
vn 0.604291639 -0.79676321 4.10610097e-05
vn 0.544580083 -0.838708849 -1.91354541e-06
vn 0.60381429 -0.797125023 3.95954839e-05
vn -0.240367402 0.970681983 2.01363986e-05
vn -0.201794223 0.97942794 4.99193487e-05
vn -0.192993506 0.981200034 2.17628693e-05
vn 0.712772742 -0.70139505 -4.76775068e-05
vn 0.732127986 -0.681167086 -0.000109856748
vn 0.707043448 -0.707170108 -3.68210156e-05
vn -0.970682427 0.240365606 2.76259683e-05
vn -0.978138119 0.207956291 4.77922163e-05
vn -0.970284944 0.241965131 5.203551e-05
vn 0.620428407 0.784263088 1.89947375e-05
vn 0.651621678 0.758544122 6.16797968e-05
vn 0.654008889 0.756486861 4.49980778e-05
vn 0.809042838 0.58774968 2.68444078e-06
vn 0.828919758 0.559367531 -4.07148759e-06
vn 0.808953619 0.587872471 -6.93120622e-06
vn -0.994617289 -0.103616834 1.49763619e-05
vn -0.997570324 -0.0696666945 1.84337505e-05
vn -0.997607261 -0.0691357533 9.38812599e-06
vn 0.753832865 0.657065322 0.00108338029
vn 0.756106615 0.65444845 -0.000111260604
vn 0.782570537 0.622561928 1.91217622e-06
vn 0.990270301 -0.139157212 3.36399186e-05
vn 0.985138041 -0.17176449 1.29052057e-05
vn 0.990479752 -0.13765849 1.13233107e-05
vn -0.83482311 0.55051826 0.000143606023
vn -0.853389245 0.521274198 -8.81615032e-05
vn -0.85873974 0.512411956 -0.000216654707
vn -0.984767597 -0.173875761 1.46970817e-06
vn -0.978147619 -0.207911607 1.33693309e-05
vn -0.984799818 -0.173693172 1.40993682e-05
vn 0.374625737 0.92717612 5.57130934e-06
vn 0.406508285 0.913647095 -8.86940545e-06
vn 0.374435071 0.927253136 -9.02867677e-06
vn -0.308684777 -0.951164396 -5.45360144e-06
vn -0.275616823 -0.961267583 9.57487912e-06
vn -0.308875791 -0.951102384 1.02155153e-05
vn -0.898688462 -0.43858756 7.20465183e-07
vn -0.882921054 -0.469521471 1.30059718e-05
vn -0.898769925 -0.438420599 1.36800592e-05
vn 0.927183579 0.374607275 1.07891368e-05
vn 0.939687938 0.34203301 4.23322367e-06
vn 0.927164376 0.3746548 9.11213011e-06
vn 0.602569478 -0.366449813 -0.708960195
vn 0.586595115 -0.394106922 -0.707520958
vn 0.575219179 -0.40797994 -0.708995955
vn -0.0346032968 -0.999401127 2.08224236e-06
vn 8.93036997e-07 -1 2.33502396e-06
vn -0.0348883315 -0.999391217 6.73184298e-06
vn -0.436327948 0.556131819 -0.70734385
vn -0.460436894 0.534288064 -0.708896418
vn -0.453858281 0.542576486 -0.706840447
vn 0.689620936 0.724170528 0.000101053122
vn 0.700297093 0.713851308 0.000539621669
vn 0.702430601 0.711752231 -0.00011727181
vn 0.912497432 -0.40908243 4.43989652e-05
vn 0.8896463 -0.456650261 1.16254633e-05
vn 0.917425951 -0.397906551 2.08284278e-05
vn 0.998556931 0.0537033874 2.872067e-05
vn 0.99245456 0.122612987 -3.08725513e-05
vn 0.992730252 0.120360485 -7.59453809e-06
vn 0.603768059 0.79716004 -4.56939858e-05
vn 0.526619647 0.850101013 -0.000123843516
vn 0.606596051 0.795010207 -4.05048012e-05
vn 0.494526802 0.869162379 2.73453879e-05
vn 0.507870859 0.861433218 2.27366766e-05
vn 0.509773084 0.8603089 1.90014492e-05
vn -0.939622338 -0.342213182 -3.42479869e-06
vn -0.927179182 -0.374618158 1.07070287e-05
vn -0.939685384 -0.342040025 1.10954622e-05
vn 0.867813912 0.496889215 -0.000348545394
vn 0.894733178 0.446600491 0.000735699413
vn 0.88014321 0.474707923 0.000563208761
vn 0.743174291 0.66909788 2.22777651e-06
vn 0.765885073 0.642977491 -3.08887305e-06
vn 0.743084681 0.669197397 -9.5371873e-06
vn -0.837982296 0.54569739 -0.000171716412
vn -0.870243764 0.492621293 -0.000232174595
vn -0.831164075 0.556027202 -0.000174808277
vn 0.635500736 0.310945604 -0.70671893
vn 0.623661229 0.330867206 -0.708218585
vn 0.624268778 0.332018678 -0.707143614
vn -0.619153795 -0.785267648 0.00181643513
vn -0.58779857 -0.809007251 -0.000329597315
vn -0.615590452 -0.788066147 -0.000379810516
vn -0.704139289 -0.704810616 -0.0861966233
vn -0.7065641 -0.70619926 0.0452744756
vn -0.706834125 -0.707272338 0.0123028205
vn 0.739410516 -0.673254845 -5.08708179e-05
vn 0.719062523 -0.694944874 0.000842079481
vn 0.714266126 -0.699873512 0.000984252321
vn -0.64588651 -0.763432955 0.000860021431
vn -0.669105799 -0.743165998 0.00131501601
vn -0.672903161 -0.739730576 -0.000106122611
vn 0.555169869 -0.831736965 0.000191227427
vn 0.52907095 -0.848577462 0.000469609667
vn 0.553145205 -0.833084844 0.000154829534
vn 0.859853314 0.510541109 -0.000232368036
vn 0.897175126 0.441674974 -0.00010182544
vn 0.895962527 0.444129641 -0.000109094645
vn 0.0504859446 -0.704996257 -0.707411795
vn 0.0811155293 -0.700458053 -0.709068958
vn 0.0729887981 -0.703715061 -0.706723248
vn 0.433953572 0.558074996 -0.70727406
vn 0.405531846 0.577348621 -0.708669522
vn 0.416897844 0.571171793 -0.707077768
vn 0.700010865 0.700283675 -0.139955574
vn 0.707393176 0.706789441 -0.00660155757
vn 0.706999224 0.707213801 0.000858029634
vn 0.669130685 0.743144753 5.65133052e-05
vn 0.694426628 0.719562563 0.00117316161
vn 0.699085304 0.71503813 -0.000459470006
vn 0.807687156 -0.589609959 0.00124692529
vn 0.828897477 -0.559400519 0.000181377358
vn 0.808993398 -0.587817668 -0.000268374948
vn -0.73901847 -0.673685161 -7.16836468e-05
vn -0.726581055 -0.687080344 0.000756709967
vn -0.757159578 -0.653229941 -0.000132334649
vn -0.698821225 -0.715296366 -5.99014948e-05
vn -0.719321591 -0.694675607 0.00149992093
vn -0.725632555 -0.688081986 -0.000759456488
vn 0.485235676 -0.874382409 0.0013192908
vn 0.438997883 -0.898484385 -0.00258235231
vn 0.447179265 -0.894442275 0.00192920878
vn -0.743390581 0.66885664 0.00111299104
vn -0.744314346 0.66782943 7.75738417e-05
vn -0.72858221 0.684958345 -0.00017185179
vn -0.706530864 0.0233103948 -0.707298214
vn -0.705190606 -0.0083264735 -0.708968885
vn -0.707355938 0.000971326111 -0.706856869
vn 0.598606819 0.375976917 -0.707326823
vn 0.578474217 0.403940584 -0.708660416
vn 0.58701646 0.394175646 -0.70713311
vn 0.0478441942 0.705253427 -0.707339053
vn 0.0153551735 0.705132708 -0.70890908
vn 0.0258351097 0.706822748 -0.706918771
vn 0.705726723 0.0502575249 -0.706699352
vn 0.702160541 0.072565921 -0.708311204
vn 0.703002995 0.0739461499 -0.70733214
vn 0.852986555 0.521932852 -0.000189728566
vn 0.85986205 0.510526396 -0.000232386756
vn 0.859853314 0.510541109 -0.000232368036
vn 0.50230138 -0.864692603 -0.000163029496
vn 0.423026097 -0.906117466 -0.00024253608
vn 0.502292584 -0.864697712 -0.000162999658
vn -0.685590165 -0.172237192 -0.707319218
vn -0.675700746 -0.201727695 -0.709037685
vn -0.680427807 -0.194086212 -0.706645981
vn 0.148111044 -0.691234284 -0.707289391
vn 0.177804008 -0.682463468 -0.708963574
vn 0.170319186 -0.686819678 -0.706590479
vn -0.655855387 0.263360989 -0.707456501
vn -0.665804374 0.232443701 -0.708995389
vn -0.664113148 0.242999674 -0.707039522
vn 0.0995904935 -0.699796121 -0.707366329
vn 0.12977304 -0.693151258 -0.709013604
vn 0.122002215 -0.69694509 -0.706670362
vn -0.927712904 -0.373292798 0.00112033552
vn -0.902312844 -0.431079878 -0.00129259568
vn -0.920371874 -0.391043567 -0.000735959026
vn -0.148361722 0.691195413 -0.70727484
vn -0.179496246 0.682153709 -0.708835252
vn -0.170173218 0.686672947 -0.706768236
vn 0.46996964 0.882682048 0.00096905728
vn 0.438319973 0.898818954 -0.000299568137
vn 0.469450419 0.882958779 -0.000312904569
vn 0.695823119 0.124469829 -0.707345353
vn 0.687837712 0.157468049 -0.708578221
vn 0.691947343 0.145568461 -0.707120003
vn 0.478652033 -0.518123868 -0.708829943
vn 0.455509657 -0.54064446 -0.707258454
vn 0.441391939 -0.550222188 -0.708822051
vn -0.895781067 0.444495363 -0.000390004989
vn -0.914198011 0.405267729 0.000255354106
vn -0.91247604 0.409130083 -0.00022831189
vn 0.63574063 -0.308685656 -0.707493475
vn 0.647096198 -0.279855065 -0.709188024
vn 0.645843869 -0.288590255 -0.706824845
vn -0.373532457 -0.600075385 -0.707377577
vn -0.346003739 -0.614424881 -0.709058162
vn -0.354621169 -0.612269755 -0.706660862
vn -0.611561033 -0.354429472 -0.707370378
vn -0.594053794 -0.379940742 -0.709045219
vn -0.600548648 -0.374032661 -0.70671132
vn 0.934515036 0.355923226 0.000552378697
vn 0.917500793 0.397732854 -0.000933704257
vn 0.932209606 0.361918746 -0.000268015602
vn -0.807460484 0.589920042 0.00138278107
vn -0.829078852 0.559131621 -0.000295438338
vn -0.808982133 0.587833166 -0.000277613144
vn -0.671820983 -0.219575639 -0.707420035
vn -0.659872197 -0.248309956 -0.709162076
vn -0.664987829 -0.241052637 -0.706883876
vn -0.354666447 0.611381183 -0.707407068
vn -0.381469561 0.593239103 -0.708906441
vn -0.373802735 0.600488577 -0.706883996
vn -0.47406219 0.524351494 -0.707333408
vn -0.496501707 0.500900619 -0.708932032
vn -0.490439952 0.509644926 -0.706916333
vn -0.556262435 -0.436169685 -0.707338752
vn -0.535308791 -0.459030192 -0.709038632
vn -0.542586792 -0.454063585 -0.706700668
vn -0.0716397176 0.00937358582 0.997386528
vn -0.000702642442 0.000249076581 0.999999722
vn -0.111663977 -0.0132467721 0.993657727
vn 0.896400349 -0.443243542 0.00125593185
vn 0.913420653 -0.4070168 -0.000187519348
vn 0.898296069 -0.439385986 -0.00203165471
vn 0.546016212 -0.446621802 -0.708798463
vn 0.526354902 -0.471970672 -0.707244089
vn 0.513654749 -0.48344747 -0.708828147
vn -0.572737338 0.415053369 -0.706896486
vn -0.584419541 0.396108414 -0.708203307
vn -0.586257764 0.395407086 -0.70707501
vn 0.719329751 0.694667257 0.00145299099
vn 0.699085304 0.71503813 -0.000459470006
vn 0.694426628 0.719562563 0.00117316161
vn 0.70719877 0.0236643282 -0.706618638
vn 0.70575665 -0.00183164138 -0.708451972
vn 0.7052122 0.0351588745 -0.708124005
vn -0.353531318 -0.61246381 0.707038675
vn -0.374687009 -0.599676121 0.707105505
vn -0.353529663 -0.612415256 0.707081559
vn -0.966197446 -0.257803206 5.71061291e-05
vn -0.979681209 -0.200561035 -9.06495839e-06
vn -0.964243687 -0.265017192 3.34101145e-05
vn -0.865639984 0.500665962 0.00100621278
vn -0.882963272 0.469442023 -0.000216781038
vn -0.86596906 0.500097512 -0.000255016086
vn -0.809033427 0.587762634 8.36940553e-06
vn -0.788119966 0.615521665 -2.87220221e-06
vn -0.809125622 0.58763571 -2.59512451e-06
vn 0.999388813 -0.034957122 5.05156685e-06
vn 0.997580337 -0.0695231771 -7.02621846e-06
vn 0.999394873 -0.034783428 -7.12135289e-06
vn -0.76593262 -0.642920852 -2.21220671e-06
vn -0.743194514 -0.669075418 1.12064498e-05
vn -0.766002847 -0.642837178 5.93660672e-06
vn 0.500081478 0.865978357 2.11021301e-06
vn 0.529786286 0.848131176 -6.04393105e-06
vn 0.500044178 0.865999896 1.50849272e-06
vn 0.994532954 -0.104423189 1.21536297e-05
vn 0.990280717 -0.139083077 -1.79222792e-06
vn 0.994552343 -0.104238365 -1.27163999e-06
vn -0.913334406 0.40721034 4.0668713e-05
vn -0.900542033 0.434768952 7.19261478e-05
vn -0.896503007 0.443037647 3.54812536e-05
vn 0.198524505 -0.980095924 1.35469864e-05
vn 0.150925796 -0.988545092 6.8421561e-05
vn 0.153862379 -0.988092286 5.5791536e-05
vn 0.970284353 -0.241967502 5.17550439e-05
vn 0.962017253 -0.272988652 2.21739596e-05
vn 0.970853541 -0.239673533 1.88468154e-05
vn -0.104351905 -0.994540437 3.52183734e-07
vn -0.069775011 -0.997562754 1.42449915e-05
vn -0.104411679 -0.994534163 4.96923772e-06
vn -0.990256556 -0.139254995 7.2644635e-07
vn -0.984799818 -0.173693172 1.40993682e-05
vn -0.990262048 -0.139215934 3.36448335e-06
vn -0.0690577038 0.997612667 5.06389057e-06
vn -0.0348598679 0.99939221 7.88331682e-06
vn -0.034650263 0.999399499 4.47860801e-06
vn 1 -4.93657808e-06 4.85706414e-06
vn 0.999403445 -0.0345362861 3.93792139e-06
vn 0.999999999 -3.65038431e-05 1.61144021e-06
vn 0.913580373 0.406658212 0
vn 0.898800099 0.438358737 0
vn 0.913580373 0.406658212 0
vn 0.719320366 -0.694678494 0
vn 0.743117501 -0.669160952 0
vn 0.743117699 -0.669160732 0
vn -0.939678676 0.342058453 0
vn -0.951030913 0.309095782 0
vn -0.939678703 0.342058381 0
vn -0.994524647 -0.104502282 0
vn -0.990273409 -0.1391351 0
vn -0.990273118 -0.13913717 0
vn 0.0348876485 -0.999391241 4.42720185e-06
vn 0.0692661172 -0.997598218 4.74193706e-06
vn 0.0696637047 -0.997570533 1.28924805e-05
vn 0.0346039707 0.999401103 3.93121655e-06
vn 2.92678505e-05 1 5.40304381e-06
vn 0.0349076858 0.999390541 9.19082012e-06
vn 0.927172871 -0.374633778 1.47690794e-05
vn 0.913601435 -0.406610893 3.41316891e-08
vn 0.927247918 -0.374447992 7.76564699e-07
vn -0.970231708 -0.242178514 -6.65584732e-06
vn -0.961267459 -0.275617256 6.28236361e-06
vn -0.970274755 -0.242005991 6.25311264e-06
vn 0.69461706 0.719379691 8.05184604e-06
vn 0.719372049 0.694624975 -7.93968245e-06
vn 0.694462997 0.719528419 -8.95075459e-06
vn -0.330751634 -0.624684823 -0.707369938
vn -0.302136248 -0.63713504 -0.709064615
vn -0.310933158 -0.635494799 -0.706729744
vn 0.438232106 0.898861848 -6.6045056e-06
vn 0.469503931 0.882930382 1.38288248e-05
vn 0.469458258 0.882954667 2.80598133e-07
vn 0.882924748 0.469514524 2.04646356e-05
vn 0.898773841 0.438412572 -3.22392493e-06
vn 0.882894812 0.469570815 0
vn 0.570236148 -0.821480813 -9.02989126e-05
vn 0.531013353 -0.847363147 -0.000718925474
vn 0.527734067 -0.849409622 0.000218972735
vn -0.413927118 0.910309391 0.00107442257
vn -0.470254591 0.882529894 -0.00126693287
vn -0.43685831 0.899529424 -0.00127760002
vn 0.865980642 -0.500077521 1.2618338e-06
vn 0.848108621 -0.529822392 -1.20725152e-06
vn 0.866014532 -0.50001883 -1.62832462e-06
vn -0.999404831 -0.034496128 1.03025912e-05
vn -1 -3.59349451e-06 1.48180907e-05
vn -0.999999944 0.000335037195 9.57310422e-06
vn -0.396533571 0.585205528 -0.707315783
vn -0.421953702 0.565164439 -0.708903541
vn -0.414811278 0.57297831 -0.706843307
vn -0.634730588 -0.310940599 -0.70741291
vn -0.619058016 -0.337637933 -0.709061209
vn -0.625060258 -0.331437258 -0.706717071
vn 0.587748474 -0.809043714 7.36874343e-06
vn 0.559319691 -0.828952039 1.55361913e-06
vn 0.587867572 -0.808957179 -2.1748163e-06
vn 0.898773841 0.438412572 -3.22392493e-06
vn 0.91354059 0.406747575 1.94185902e-05
vn 0.913527435 0.40677712 6.71016875e-06
vn 0.196103666 0.678283227 -0.708149148
vn 0.17204342 0.686640827 -0.706346541
vn 0.194898482 0.67985104 -0.706977471
vn -0.985034467 0.17235747 2.60267807e-05
vn -0.990265591 0.139190725 3.69481984e-05
vn -0.984820193 0.173577608 4.42554267e-05
vn 0.961274377 -0.275593129 6.17069458e-06
vn 0.951154731 -0.308714557 3.84740209e-06
vn 0.961291532 -0.275533283 -4.1287091e-07
vn 0.406725952 -0.913550218 1.50586323e-05
vn 0.374731457 -0.927133396 -1.36526838e-07
vn 0.406908934 -0.913468729 6.11943911e-07
vn 0.275608173 0.961270063 4.89037377e-06
vn 0.308731722 0.951149159 -6.64974587e-06
vn 0.275547592 0.961287431 0
vn 0.994533617 0.10441688 1.24181928e-05
vn 0.997560524 0.0698068861 -8.8105386e-06
vn 0.994534841 0.104405223 0
vn 0.0697751667 0.997562743 1.23185814e-05
vn 0.104202549 0.994556096 -2.45670351e-06
vn 0.0695716255 0.997576959 -1.96040072e-06
vn -0.990404014 -0.138202347 1.67473217e-05
vn -0.994519479 -0.104551443 2.94287931e-05
vn -0.994617289 -0.103616834 1.49763619e-05
vn -0.851208102 -0.524828322 1.47795756e-05
vn -0.864598554 -0.502463271 3.68722059e-05
vn -0.862613643 -0.505863324 1.52801936e-05
vn 0.016283575 -0.999867414 2.06717208e-05
vn 0.080292368 -0.996771355 3.80564932e-05
vn 0.0155434927 -0.999879192 2.33383728e-05
vn 0.804910575 0.593396109 -0.000154732358
vn 0.788187075 0.615433862 0.00151539336
vn 0.809663413 0.586894451 -0.000248357886
vn 0.729070492 -0.684438295 0.00066236023
vn 0.754946607 -0.655785226 -0.00116509914
vn 0.730712229 -0.682685608 -1.53912114e-05
vn 0.88280576 -0.469715802 -0.00458856437
vn 0.854996894 -0.518629953 0.00181186671
vn 0.874966817 -0.484173486 0.00301751058
vn 0.923003476 -0.384791605 -6.97451236e-05
vn 0.938110412 -0.346336119 -0.00038340827
vn 0.934778812 -0.355230124 -0.000363840781
vn 0.374685723 -0.599674266 0.70710776
vn 0.353530319 -0.612460914 0.707041684
vn 0.353529224 -0.61241384 0.707083005
vn -0.239536564 0.970887344 8.9358553e-06
vn -0.207953872 0.978138633 3.91291763e-05
vn -0.205834129 0.978586895 7.26670655e-06
vn -0.548278623 0.836295594 -0.000481424789
vn -0.507423634 0.861696712 0.000179409222
vn -0.544530091 0.838741298 0.000124566082
vn -0.615647726 0.788021496 1.17868175e-05
vn -0.587867544 0.8089572 -3.54634417e-06
vn -0.615814149 0.787891448 -3.13074338e-06
vn -0.997293219 0.073527101 -2.22611048e-06
vn -0.996433006 0.0843875224 -0.000102768519
vn -0.994409941 0.105588193 -5.07775887e-05
vn -0.656412836 -0.754401023 0.00113347405
vn -0.65425665 -0.756272504 -0.000369082413
vn -0.67055439 -0.741860021 0.000720531611
vn -0.505870996 -0.862609144 6.15857059e-06
vn -0.476304109 -0.879280613 1.20883512e-05
vn -0.506611335 -0.86217455 9.18096772e-06
vn 0.615669477 0.788004502 -4.4043808e-06
vn 0.642744645 0.766080492 -1.27173443e-05
vn 0.615628652 0.788036397 -5.64799568e-06
vn -0.999389285 0.0349436326 8.24964076e-06
vn -0.997571644 0.0696477921 1.38136075e-05
vn -0.997583477 0.0694780998 9.6772989e-06
vn -0.970285019 -0.241964837 0
vn -0.961243966 -0.27569918 0
vn -0.961244018 -0.275698999 0
vn -0.435678602 -0.900076035 0.00687649243
vn -0.374417227 -0.927232339 -0.00720626127
vn -0.406231272 -0.913743477 -0.00700082475
vn -0.137668267 -0.990478394 1.15147768e-05
vn -0.104553369 -0.994519277 2.52544189e-05
vn -0.139191434 -0.990265491 3.43341963e-05
vn -0.56528151 -0.824898063 6.82066319e-06
vn -0.597297486 -0.80201977 2.98452213e-05
vn -0.565123083 -0.825006607 6.09762312e-06
vn 0.938486861 -0.345314945 1.02013354e-05
vn 0.932134157 -0.36211312 3.51076489e-05
vn 0.938487666 -0.345312758 1.02254876e-05
vn -0.406729197 0.913548773 1.11724378e-05
vn -0.374797055 0.92710688 -1.23070348e-06
vn -0.406884632 0.913479554 -7.31459958e-07
vn 0.50230138 -0.864692603 -0.000163029496
vn 0.527922788 -0.849292364 -0.00010098836
vn 0.537740525 -0.843110378 -0.000136191214
vn 0.935206922 -0.35410161 -0.000248696198
vn 0.942135672 -0.335231536 -0.000439340269
vn 0.938588911 -0.345036765 -0.000698423111
vn -0.36988519 -0.929077465 9.94893009e-05
vn -0.394862165 -0.918740368 8.88184927e-05
vn -0.35187469 -0.936047105 0.000141268658
vn -0.990430699 0.138010977 1.81808516e-05
vn -0.994519622 0.10455009 2.52129386e-05
vn -0.990265591 0.139190725 3.69481984e-05
vn -0.565123083 -0.825006607 6.09762312e-06
vn -0.535603035 -0.844469886 5.28294538e-06
vn -0.56528151 -0.824898063 6.82066319e-06
vn 0.444628225 0.895715149 -0.000336851164
vn 0.404966219 0.914331638 0.000131174378
vn 0.396208719 0.918160346 -0.000479443476
vn 1 -4.93657808e-06 4.85706414e-06
vn 0.999397853 0.0346977256 3.84372507e-06
vn 0.999391689 0.0348748102 6.68746785e-06
vn 0.719387245 0.694609236 -7.94933034e-06
vn 0.743084681 0.669197397 -9.5371873e-06
vn 0.719372049 0.694624975 -7.93968245e-06
vn -0.942587738 -0.333958359 -0.000413504955
vn -0.943599441 -0.331089152 -0.000260006763
vn -0.94019175 -0.340645345 -0.000470682312
vn -0.999999944 0.000335037195 9.57310422e-06
vn -0.999391658 0.0348756829 9.42603567e-06
vn -0.999389285 0.0349436326 8.24964076e-06
vn -9.78311255e-06 -1 2.07803373e-06
vn 0.0348876485 -0.999391241 4.42720185e-06
vn 8.93036997e-07 -1 2.33502396e-06
vn 0.17221504 0.985059379 1.92544551e-05
vn 0.139175282 0.990267762 3.72274411e-05
vn 0.173579808 0.984819805 4.05041673e-05
vn 0.33346711 -0.942761733 4.99112405e-05
vn 0.351242576 -0.936284254 0.000670034445
vn 0.355308313 -0.934749156 -0.000135670121
vn -0.94240171 0.334483207 2.43454216e-05
vn -0.941903953 0.335882218 -0.000282485621
vn -0.935931491 0.352182108 -8.06526554e-05
vn 0.938110412 -0.346336119 -0.00038340827
vn 0.938588911 -0.345036765 -0.000698423111
vn 0.934778812 -0.355230124 -0.000363840781
vn 0.71938139 -0.694615301 2.86894601e-06
vn 0.694630524 -0.719366691 -2.29277777e-06
vn 0.719371698 -0.694625338 3.09564925e-06
vn -0.145716814 0.989326341 3.62931672e-05
vn -0.103788346 0.994599403 7.605843e-05
vn -0.100411062 0.994946036 5.89026334e-05
vn -0.978472882 -0.206375434 1.92996793e-05
vn -0.984820341 -0.173576768 3.60589829e-05
vn -0.985046974 -0.172285977 1.62009972e-05
vn 0.999391689 0.0348748102 6.68746785e-06
vn 0.997615637 0.0690147878 3.28741749e-06
vn 0.997571551 0.0696491201 1.42010408e-05
vn 0.952361288 -0.304972094 1.09168043e-05
vn 0.951017559 -0.309136868 -4.92918025e-06
vn 0.946710238 -0.322086516 3.13763815e-05
vn 0.939683652 0.342044784 4.81360048e-06
vn 0.95102805 0.309104592 -2.75821185e-06
vn 0.939687938 0.34203301 4.23322367e-06
vn -0.945774928 -0.324822679 -0.000111142256
vn -0.942587738 -0.333958359 -0.000413504955
vn -0.944172152 -0.329452389 -0.000265631262
vn 0.104406193 0.994534739 1.33703779e-05
vn 0.139006883 0.990291415 -1.87737214e-06
vn 0.104202549 0.994556096 -2.45670351e-06
vn -0.997019235 -0.077153385 2.38812737e-05
vn -0.999242271 -0.0389215024 3.09110336e-05
vn -0.996957774 -0.0779435408 1.84754407e-05
vn -0.706540579 -0.70767253 2.6287227e-05
vn -0.732372129 -0.680904593 -1.51525666e-05
vn -0.703164569 -0.711027137 -1.03112187e-05
vn -0.999396355 0.0347408216 1.48655805e-07
vn -1 -7.69336566e-06 1.48216077e-05
vn -0.999388431 0.0349680495 1.55526328e-05
vn -0.999242271 -0.0389215024 3.09110336e-05
vn -0.999990656 0.00432263181 4.52730316e-05
vn -0.999974693 0.00711431422 2.69895235e-05
vn 0.17902162 0.98384514 2.63795018e-05
vn 0.229485918 0.973311979 6.61950484e-05
vn 0.236608423 0.971605091 3.60372261e-05
vn -0.331472595 0.943464846 4.58331437e-05
vn -0.345805275 0.938306299 -1.3505673e-05
vn -0.343650181 0.939097733 1.02464989e-05
vn -0.943705567 0.330786478 -0.000328676437
vn -0.946605339 0.322394683 2.30459107e-05
vn -0.940363986 0.340169394 -0.00059720605
vn 0.52985684 0.8480871 1.26163907e-06
vn 0.559129521 0.829080321 -4.15783495e-06
vn 0.529786286 0.848131176 -6.04393105e-06
vn -0.305269667 -0.952265945 3.78124638e-06
vn -0.309107899 -0.951026974 2.55514023e-05
vn -0.322215467 -0.946666358 2.11870828e-05
vn -0.825480816 -0.564430175 2.6432186e-05
vn -0.806311455 -0.591491198 -1.50658519e-06
vn -0.804669951 -0.593722384 -3.90640877e-06
vn -0.353665014 -0.935372107 -0.000282225011
vn -0.335605565 -0.942002485 -0.000472617078
vn -0.34878207 -0.937203666 -0.000596186276
vn -0.034650263 0.999399499 4.47860801e-06
vn 2.92678505e-05 1 5.40304381e-06
vn 1.60639374e-05 1 1.86054558e-06
vn -0.345805275 0.938306299 -1.3505673e-05
vn -0.35490309 0.934902995 0.000432230984
vn -0.360213034 0.932870029 -0.000280292839
vn 0.139192943 -0.99026528 2.6797229e-05
vn 0.172429497 -0.985021862 1.4240321e-05
vn 0.173579292 -0.984819896 3.13018247e-05
vn 0.58774696 0.809044814 1.1811056e-06
vn 0.615628652 0.788036397 -5.64799568e-06
vn 0.587747403 0.809044492 -4.73093514e-07
vn 0.529861384 -0.848084261 3.17169357e-06
vn 0.500155544 -0.865935582 -2.61936599e-06
vn 0.529891063 -0.848065717 2.49303907e-06
vn 0.766014268 -0.642823569 3.18151088e-06
vn 0.743280068 -0.668980374 -7.17214178e-07
vn 0.766036678 -0.642796864 -7.334766e-07
vn 0.305765084 0.952106986 1.10526541e-05
vn 0.30909916 0.951029813 5.7148713e-05
vn 0.322295539 0.9466391 8.96823875e-06
vn -0.9429153 -0.333032631 5.99176952e-05
vn -0.93669199 -0.350154121 0.000455280674
vn -0.935302611 -0.353848843 -0.000148269027
vn -0.951039879 -0.309068193 -2.90406219e-06
vn -0.939685384 -0.342040025 1.10954622e-05
vn -0.951102172 -0.308876446 1.14906403e-05
vn 0.970270998 -0.242021056 7.93217458e-07
vn 0.961291532 -0.275533283 -4.1287091e-07
vn 0.970290339 -0.241943502 -4.00479429e-06
vn -0.554791904 -0.831989134 0.000154710528
vn -0.556847793 -0.830614541 0.000140907413
vn -0.564255 -0.825600566 -2.23504176e-05
vn 0.866050766 0.499956068 -9.62406881e-06
vn 0.882924748 0.469514524 2.04646356e-05
vn 0.882894812 0.469570815 0
vn -0.961865883 0.27352152 3.55996388e-05
vn -0.970284944 0.241965131 5.203551e-05
vn -0.961276488 0.275585758 6.54854782e-05
vn 0.6873058 0.72636818 6.34725213e-05
vn 0.654008889 0.756486861 4.49980778e-05
vn 0.651621678 0.758544122 6.16797968e-05
vn -0.305269667 -0.952265945 3.78124638e-06
vn -0.275594644 -0.961273941 5.59291059e-05
vn -0.309107899 -0.951026974 2.55514023e-05
vn -0.367331165 0.930090219 2.11764393e-05
vn -0.345705592 0.938343031 1.0956717e-05
vn -0.343954207 0.938986424 4.59764398e-06
vn 0.978143873 0.207929224 4.07234148e-05
vn 0.970875656 0.239583933 1.07525036e-05
vn 0.97028648 0.241958974 4.54870092e-05
vn 0.336854451 0.941556731 -2.51980795e-05
vn 0.369936535 0.929057026 3.89429998e-05
vn 0.369932587 0.929058599 3.89045557e-05
vn 0.796914423 0.604092213 -2.86575874e-05
vn 0.824795866 0.565430598 -0.000137117884
vn 0.824804569 0.565417902 -0.000137079016
vn -0.864598554 -0.502463271 3.68722059e-05
vn -0.886707976 -0.462329932 6.56928625e-06
vn -0.862613643 -0.505863324 1.52801936e-05
vn -0.100411062 0.994946036 5.89026334e-05
vn -0.0541053465 0.998535231 6.39845865e-05
vn -0.0385686061 0.999255954 6.66009242e-06
vn -0.597275209 0.802036361 3.23449246e-05
vn -0.569967673 0.821667114 6.95297405e-05
vn -0.566152409 0.824300582 3.27469071e-05
vn -0.942264339 -0.334869997 2.62619185e-05
vn -0.953597138 -0.301085535 1.26258511e-05
vn -0.942595357 -0.333937107 2.98205067e-05
vn 0.324065882 0.946034515 -2.84255537e-05
vn 0.336857663 0.941555582 -2.51244354e-05
vn 0.336854451 0.941556731 -2.51980795e-05
vn 0.937848536 0.347044844 -1.36038793e-05
vn 0.924932939 0.380130308 -8.48668826e-05
vn 0.937849793 0.347041448 -1.35810965e-05
vn -0.00804197763 0.999967663 -1.626125e-05
vn -0.0202040528 0.999795877 2.39950556e-05
vn 0.00937655724 0.999956039 1.84031845e-05
vn 0.174562641 0.98464607 3.84489122e-05
vn 0.1271234 0.991886909 3.16304543e-06
vn 0.123675653 0.992322696 1.36005358e-05
vn -0.804669951 -0.593722384 -3.90640877e-06
vn -0.785367588 -0.619029685 3.11301566e-06
vn -0.783652401 -0.621199577 7.02572809e-07
vn -0.628530238 0.77778515 3.22590445e-05
vn -0.644990326 0.764190735 -1.74835896e-05
vn -0.636393531 0.77136455 6.80107679e-05
vn -0.520378252 0.853935871 4.88826719e-05
vn -0.566152409 0.824300582 3.27469071e-05
vn -0.569967673 0.821667114 6.95297405e-05
vn 0.0839669699 -0.996468538 2.28202551e-05
vn 0.150925796 -0.988545092 6.8421561e-05
vn 0.080292368 -0.996771355 3.80564932e-05
vn 0.279499058 0.960145965 5.52736682e-05
vn 0.236608423 0.971605091 3.60372261e-05
vn 0.229485918 0.973311979 6.61950484e-05
vn 0.660436248 -0.750882121 5.08157627e-05
vn 0.705040616 -0.709166926 2.24225418e-05
vn 0.702125362 -0.71205335 4.04616871e-05
vn -0.239753784 -0.970833725 1.72245201e-05
vn -0.207956038 -0.978138172 4.63277776e-05
vn -0.241962817 -0.970285521 4.95470697e-05
vn -0.225249446 -0.974301128 4.41355054e-06
vn -0.198257629 -0.980149943 2.93049021e-05
vn -0.231640857 -0.972801374 1.56827243e-05
vn -0.996957774 -0.0779435408 1.84754407e-05
vn -0.993647688 -0.112535641 4.07101479e-05
vn -0.997019235 -0.077153385 2.38812737e-05
vn -0.508594233 -0.491109659 0.707208039
vn -0.525561583 -0.473223191 0.706997054
vn -0.508587623 -0.491082157 0.707231889
vn -0.0385686061 0.999255954 6.66009242e-06
vn -0.0541053465 0.998535231 6.39845865e-05
vn -0.0202040528 0.999795877 2.39950556e-05
vn 0.422970896 -0.906143255 -0.000149669001
vn 0.405352901 -0.914160267 -0.000176689579
vn 0.423026097 -0.906117466 -0.00024253608
vn -0.964243687 -0.265017192 3.34101145e-05
vn -0.953297641 -0.30203246 9.04362301e-06
vn -0.966197446 -0.257803206 5.71061291e-05
vn -0.928181863 -0.372126898 3.23816631e-05
vn -0.915655622 -0.401963655 3.56977438e-05
vn -0.929583319 -0.36861206 5.22744638e-05
vn 0.939845396 0.341600103 3.4384355e-05
vn 0.937849793 0.347041448 -1.35810965e-05
vn 0.939848516 0.341591519 3.4358772e-05
vn -0.978428127 0.206587509 2.64892097e-05
vn -0.984820193 0.173577608 4.42554267e-05
vn -0.978138119 0.207956291 4.77922163e-05
vn -0.970730905 -0.24016975 2.04920659e-05
vn -0.978137396 -0.207959689 4.26103236e-05
vn -0.978472882 -0.206375434 1.92996793e-05
vn 0.642820716 0.766016662 -3.70960834e-06
vn 0.668845688 0.743401268 -9.26103942e-06
vn 0.642744645 0.766080492 -1.27173443e-05
vn 0.998556931 0.0537033874 2.872067e-05
vn 0.99999952 0.000979657806 -2.58941924e-05
vn 0.998667454 0.0516073207 2.08471678e-05
vn -0.13769715 0.990474379 7.87878281e-06
vn -0.104532228 0.994521499 2.26370417e-05
vn -0.103437125 0.994635994 5.720296e-06
vn -0.243204388 0.969975064 2.96667625e-05
vn -0.275535896 0.961290783 8.00226145e-06
vn -0.278325757 0.960486737 1.75669496e-05
vn -0.0902083568 -0.995922898 -0.000185531472
vn -0.132112818 -0.991234674 -0.000154500538
vn -0.0902195307 -0.995921885 -0.000185497083
vn -0.00623016819 -0.999980592 1.16776321e-05
vn 0.016283575 -0.999867414 2.06717208e-05
vn 0.0155434927 -0.999879192 2.33383728e-05
vn 0.207953265 -0.978138762 3.63877246e-05
vn 0.240366041 -0.97068232 1.85345743e-05
vn 0.24196349 -0.970285354 4.34301545e-05
vn 0.863518094 -0.504317841 -0.000128979829
vn 0.885632331 -0.464387086 -8.76866975e-05
vn 0.890278184 -0.455417108 -0.000111873686
vn -0.957732467 0.287660428 1.347049e-05
vn -0.967849671 0.25152935 4.61595999e-06
vn -0.967836084 0.251581624 4.22871083e-06
vn 0.852996857 0.521916014 -0.000189770225
vn 0.856877578 0.515519948 -1.7326879e-05
vn 0.861886566 0.507101121 -1.76552822e-05
vn -0.957748364 0.287607494 1.38543193e-05
vn -0.945151682 0.326631744 4.2585855e-05
vn -0.9473925 0.320074133 3.33978852e-05
vn 0.97813915 -0.207951439 4.64733997e-05
vn 0.970853541 -0.239673533 1.88468154e-05
vn 0.978592165 -0.205809073 1.46332524e-05
vn -0.430861883 0.902417883 5.67375782e-05
vn -0.409200182 0.912444631 7.75913705e-05
vn -0.400296374 0.916385733 4.08371945e-05
vn -0.967849671 0.25152935 4.61595999e-06
vn -0.976247851 0.216656716 5.85297724e-06
vn -0.967836084 0.251581624 4.22871083e-06
vn 0.50859049 -0.491085441 0.707227547
vn 0.491116627 -0.508597091 0.707201144
vn 0.491092214 -0.508589098 0.707223845
vn -0.915630752 0.402020303 5.61443736e-05
vn -0.930662032 0.365880011 1.43786291e-05
vn -0.93018572 0.367089259 3.91006925e-05
vn 0.00937655724 0.999956039 1.84031845e-05
vn 0.00937461467 0.999956057 1.83897407e-05
vn -0.00804197763 0.999967663 -1.626125e-05
vn -0.157113253 -0.987580591 4.0685896e-05
vn -0.126328415 -0.991988471 6.7269091e-05
vn -0.164088761 -0.986445577 5.03305471e-05
vn -0.740026862 0.67257729 -0.000178634968
vn -0.702795671 0.711391733 -0.000216215365
vn -0.702800738 0.711386727 -0.000216258686
vn 0.994521058 0.104536425 2.33581386e-05
vn 0.990450529 0.137868594 6.5839006e-06
vn 0.990268914 0.139167081 2.64518577e-05
vn 0.00937461467 0.999956057 1.83897407e-05
vn 0.047302127 0.998880627 3.31324955e-05
vn 0.0526093295 0.99861517 3.10726371e-06
vn -0.929583319 -0.36861206 5.22744638e-05
vn -0.942595357 -0.333937107 2.98205067e-05
vn -0.928181863 -0.372126898 3.23816631e-05
vn -0.978628399 0.205636696 -7.3225565e-05
vn -0.994347014 0.106178742 -0.000300558761
vn -0.977905983 0.209045171 -6.82320893e-05
vn 0.953357287 0.301844134 3.98761091e-05
vn 0.96690558 0.255134474 -1.40911187e-05
vn 0.951194098 0.30859324 2.6845011e-05
vn 0.0889243246 0.996038385 -1.28554866e-05
vn 0.123675653 0.992322696 1.36005358e-05
vn 0.1271234 0.991886909 3.16304543e-06
vn -0.205834129 0.978586895 7.26670655e-06
vn -0.173578351 0.984820062 3.49610016e-05
vn -0.171745748 0.985141309 7.16396946e-06
vn -0.171648173 -0.985158314 1.40443625e-05
vn -0.139191434 -0.990265491 3.43341963e-05
vn -0.173578394 -0.984820054 4.3262003e-05
vn 0.808167021 -0.588953362 -5.75621002e-05
vn 0.791511881 -0.611153772 -0.000102053809
vn 0.795230837 -0.60630677 -0.000130455543
vn 0.926909385 -0.375285208 6.51002628e-05
vn 0.917425951 -0.397906551 2.08284278e-05
vn 0.932134157 -0.36211312 3.51076489e-05
vn 0.620428407 0.784263088 1.89947375e-05
vn 0.606596051 0.795010207 -4.05048012e-05
vn 0.623223209 0.782044008 2.40613176e-05
vn -0.310939527 0.950429698 6.11922509e-06
vn -0.278325757 0.960486737 1.75669496e-05
vn -0.275535896 0.961290783 8.00226145e-06
vn -0.37169667 -0.928354235 -1.60050008e-06
vn -0.35187469 -0.936047105 0.000141268658
vn -0.353649477 -0.935378023 4.06965751e-05
vn -0.904004712 0.42752249 -2.66586291e-05
vn -0.896503007 0.443037647 3.54812536e-05
vn -0.900542033 0.434768952 7.19261478e-05
vn 0.24196349 -0.970285354 4.34301545e-05
vn 0.273760915 -0.961797775 2.50894009e-05
vn 0.275593227 -0.961274347 5.17157434e-05
vn -0.44430047 -0.895877833 9.09923524e-06
vn -0.475538365 -0.879694983 9.10285765e-06
vn -0.447223466 -0.894422255 2.18040832e-05
vn -0.20596355 -0.978559664 1.67537545e-05
vn -0.173578394 -0.984820054 4.3262003e-05
vn -0.207956038 -0.978138172 4.63277776e-05
vn -0.164088761 -0.986445577 5.03305471e-05
vn -0.191820041 -0.981430116 1.80386851e-05
vn -0.157113253 -0.987580591 4.0685896e-05
vn 0.961278481 0.275578809 4.93853353e-05
vn 0.952263419 0.305277547 1.0954105e-06
vn 0.951062754 0.308997765 0.000140071185
vn -0.832690671 0.553738425 -5.5069374e-05
vn -0.793378593 0.608728484 -0.00020334663
vn -0.793384312 0.60872103 -0.000203324146
vn 0.305765084 0.952106986 1.10526541e-05
vn 0.275603722 0.961271338 5.69533073e-05
vn 0.30909916 0.951029813 5.7148713e-05
vn 0.735834898 0.677160979 0.000107045424
vn 0.693624209 0.720337044 2.77132844e-05
vn 0.6873058 0.72636818 6.34725213e-05
vn 0.951194098 0.30859324 2.6845011e-05
vn 0.939848516 0.341591519 3.4358772e-05
vn 0.953357287 0.301844134 3.98761091e-05
vn 0.982930019 0.183979827 -2.55943636e-05
vn 0.99245456 0.122612987 -3.08725513e-05
vn 0.981832782 0.189748217 -3.88251359e-05
vn 0.984822618 0.173563851 3.13695014e-05
vn 0.978588202 0.205827915 8.76625689e-06
vn 0.978143873 0.207929224 4.07234148e-05
vn 0.486645961 0.87359928 -8.6304927e-05
vn 0.526619647 0.850101013 -0.000123843516
vn 0.526603249 0.850111171 -0.000123883124
vn 0.402788754 0.915292969 1.06595705e-07
vn 0.369936535 0.929057026 3.89429998e-05
vn 0.402956318 0.915219212 -8.04464854e-07
vn -0.999389892 -0.0349262694 0
vn -0.997566978 -0.0697145969 0
vn -0.997567053 -0.0697135219 0
vn 0.656651182 -0.75419442 4.36706458e-05
vn 0.660436248 -0.750882121 5.08157627e-05
vn 0.604291639 -0.79676321 4.10610097e-05
vn -0.751840364 0.659345167 -0.000132748994
vn -0.793384312 0.60872103 -0.000203324146
vn -0.793378593 0.608728484 -0.00020334663
vn 0.738450441 0.674307739 -0.000142315907
vn 0.719492688 0.694499983 -0.000214729346
vn 0.727297118 0.686322442 0.000638115678
vn 0.957256222 -0.289241291 -2.96862953e-05
vn 0.965158655 -0.261665378 -2.70129535e-05
vn 0.950339847 -0.311214028 -6.80212101e-05
vn -0.772284895 0.635275865 -0.00078444995
vn -0.753548002 0.657391579 0.00131197
vn -0.76968379 0.638415655 0.00350921486
vn -0.704139289 -0.704810616 -0.0861966233
vn -0.694597667 -0.695405132 -0.184243815
vn -0.689135251 -0.688604769 -0.225645914
vn 0.288554684 -0.645209884 -0.707418123
vn 0.271141504 -0.650841008 -0.709146153
vn 0.316069009 -0.630249146 -0.709144834
vn 0.872010127 -0.489480057 -0.00275893654
vn 0.893587596 -0.448881749 0.00252672194
vn 0.909452735 -0.415800186 0.00243458485
vn 0.912438106 0.40921316 0.00113709843
vn 0.913552779 0.406719722 -0.000623026875
vn 0.927148472 0.374694024 -0.000314698937
vn 0.0901220905 0.0854677127 0.99225666
vn 0.00119675899 0.00125550671 0.999998496
vn 0.00125356933 0.00131807785 0.999998346
vn 0.0029823546 -0.00108005169 0.99999497
vn 0.116651165 -0.0139119208 0.993075508
vn 0.114715909 -0.0412069391 0.992543323
vn 0.763338912 -0.645997693 0.000828482023
vn 0.766566917 -0.642164278 0.000449205653
vn 0.743117469 -0.669159374 0.00146922123
vn 0.939693102 -0.342018816 -5.70896924e-05
vn 0.927245514 -0.374453938 7.50011181e-05
vn 0.928133863 -0.372246004 0.000666869875
vn 0.000849207332 -0.00186219274 0.999997906
vn 0.00140086491 -0.00208830647 0.999996838
vn 0.0632148786 -0.10534206 0.992424773
vn 0.342149981 0.939645349 -8.84208291e-05
vn 0.374540955 0.927210331 -0.000272832724
vn 0.374381159 0.927274535 0.000828074242
vn 0.50114572 0.865362226 0.00108868617
vn 0.46996964 0.882682048 0.00096905728
vn 0.469450419 0.882958779 -0.000312904569
vn -0.702821596 -0.0750663699 -0.707394405
vn -0.70289535 -0.0568910581 -0.709014482
vn -0.697172107 -0.105595738 -0.709084334
vn 0.000174618581 0.00138263911 0.999999029
vn 0.00010203652 0.00143754743 0.999998962
vn -0.0101174475 0.10332835 0.994595842
vn -0.000350927187 0.000839371769 0.999999586
vn -4.20956484e-05 0.000408933808 0.999999916
vn -0.0200287671 0.0656738159 0.997640115
vn -0.827858873 0.560934986 0.00127582989
vn -0.847279303 0.531146403 0.00113181222
vn -0.848040675 0.529931053 -0.000303378262
vn -0.638559699 0.769563616 0.00365402387
vn -0.657332578 0.753598904 0.00160463894
vn -0.632524978 0.774538828 -0.00132557403
vn -0.701509358 0.700916411 0.128844112
vn -0.687029481 0.687454462 0.235365366
vn -0.661951071 0.663576729 0.348549429
vn 0.570236148 -0.821480813 -9.02989126e-05
vn 0.613806001 -0.789456893 7.93615899e-05
vn 0.588132972 -0.808763377 0.0011867188
vn 0.351242576 -0.936284254 0.000670034445
vn 0.373954673 -0.927445697 0.00154327888
vn 0.396318542 -0.918112606 -0.000925022963
vn 0.043556158 0.107918524 0.993205142
vn 0.000646551876 0.00133776835 0.999998896
vn 0.000188885049 0.00103668331 0.999999445
vn 0.648235035 0.648720634 -0.39868895
vn 0.654329091 0.654081851 -0.379513336
vn 0.688399673 0.6878196 -0.230239198
vn -0.395369774 0.918520584 0.00163654357
vn -0.37278955 0.927912206 -0.00262468021
vn -0.343594205 0.93911657 -0.00175775838
vn 0.395470781 0.586205576 0.707082658
vn 0.374689466 0.599680672 0.707100343
vn 0.374698187 0.599668078 0.707106403
vn -0.00124345914 -0.000691749372 0.999998988
vn -0.000460710376 0.000147903682 0.999999883
vn -0.000387039175 5.37128644e-05 0.999999924
vn -0.556847793 -0.830614541 0.000140907413
vn -0.554791904 -0.831989134 0.000154710528
vn -0.523385939 -0.852095719 0.000210140176
vn 0.30860204 0.636201333 -0.707115722
vn 0.321502489 0.628093803 -0.708614369
vn 0.278194339 0.648281636 -0.708758654
vn 0.7004615 0.700974577 0.134120579
vn 0.706999224 0.707213801 0.000858029634
vn 0.707393176 0.706789441 -0.00660155757
vn 0.705183736 -0.705667309 -0.0689169608
vn 0.703060759 -0.702479554 -0.110580498
vn 0.689147495 -0.688701056 -0.225314416
vn -0.686323492 0.169660784 -0.707230714
vn -0.680553307 0.185482559 -0.708832432
vn -0.691809376 0.137607698 -0.708846887
vn 1 1.83827318e-08 0
vn 0.999389712 0.0349314012 0
vn 0.999389711 0.0349314495 0
vn 0.309093648 0.951031607 0
vn 0.275700667 0.96124354 0
vn 0.27570047 0.961243596 0
vn -0.913580417 0.406658113 0
vn -0.92718826 0.374595689 0
vn -0.927187466 0.374597654 0
vn -0.951030913 0.309095782 0
vn -0.96124395 0.275699235 0
vn -0.961243927 0.275699317 0
vn 0.00253574264 0.000240357703 0.999996756
vn 0.00328678294 0.00189442668 0.999992804
vn 0.096626882 0.065115539 0.993188407
vn -0.28750884 0.645749915 0.707351195
vn -0.287504521 0.645723038 0.707377486
vn -0.309891861 0.6356202 0.707074251
vn -0.939651373 0.342133442 -6.49583778e-05
vn -0.927181477 0.374612329 -0.000334932962
vn -0.92708986 0.37483808 0.000897111886
vn -0.828992647 0.559259502 8.10242404e-06
vn -0.829052303 0.559171063 0
vn -0.848090447 0.529851482 -2.04712177e-06
vn 0.829013625 0.559228406 0
vn 0.809017303 0.587784828 0
vn 0.809017331 0.587784789 0
vn 0.848064736 0.529892633 0
vn 0.829013625 0.559228406 0
vn 0.829013985 0.559227872 0
vn -0.999389852 0.0349274137 0
vn -1 0 0
vn -1 1.0377347e-08 0
vn 0.438358664 -0.898800134 0
vn 0.438358785 -0.898800076 0
vn 0.469516714 -0.882923584 0
vn -0.990273401 0.139135156 0
vn -0.994524766 0.104501149 0
vn -0.994524655 0.104502208 0
vn -0.994524766 0.104501149 0
vn -0.997566969 0.069714723 0
vn -0.997567047 0.0697136108 0
vn 0.882924799 -0.46951443 0
vn 0.882925374 -0.469513348 0
vn 0.898799924 -0.438359095 0
vn 0.766045924 0.642785844 0
vn 0.743117699 0.669160732 0
vn 0.743117699 0.669160732 0
vn -0.882923609 0.469516668 0
vn -0.898800894 0.438357107 0
vn -0.898800695 0.438357514 0
vn -0.680012701 0.194943442 0.706809579
vn -0.686260887 0.171168821 0.706928023
vn -0.686274565 0.171163836 0.706915951
vn 0.680013113 -0.194946347 0.706808381
vn 0.686263738 -0.171168267 0.70692539
vn 0.686276985 -0.17116383 0.706913604
vn -0.395469004 -0.586220777 0.707071049
vn -0.415669126 -0.572177844 0.70698776
vn -0.415666328 -0.572194598 0.706975845
vn 0.287505412 0.645724283 0.707375988
vn 0.264788978 0.655421894 0.7073252
vn 0.264784438 0.655432612 0.707316968
vn 0.664118565 -0.241778589 0.707452928
vn 0.672447821 -0.218465111 0.707168243
vn 0.672372817 -0.218472406 0.707237303
vn 0.672372963 0.218472251 0.707237212
vn 0.672447829 0.218465065 0.707168249
vn 0.664118538 0.241778213 0.707453082
vn -0.241781999 -0.664102744 0.707466614
vn -0.264784148 -0.655434527 0.707315302
vn -0.26478795 -0.655420978 0.707326433
vn -2.62612979e-08 -0.00156284082 0.999998779
vn 4.80275526e-05 -0.00157523448 0.999998758
vn 0.00326124344 -0.124434278 0.992222493
vn -0.656399741 0.65847124 -0.368177954
vn -0.685881075 0.686380025 -0.241763546
vn -0.700642552 0.700044538 -0.137977024
vn 0.700084083 0.0983778759 0.707251066
vn 0.696556292 0.122865964 0.706904016
vn 0.696521555 0.122842981 0.706942236
vn 0.21846642 -0.672442389 0.707173003
vn 0.218473263 -0.672368251 0.70724138
vn 0.194950691 -0.679980179 0.706838867
vn 0.218467374 0.672448471 0.707166925
vn 0.194947845 0.680020831 0.706800543
vn 0.194955258 0.679989988 0.706828171
vn -0.572193391 -0.415666198 0.706976899
vn -0.572177574 -0.415671188 0.706986766
vn -0.586217427 -0.395469413 0.707073597
vn 0.705410253 0.0493293151 0.707080613
vn 0.705451343 0.0493402616 0.707038854
vn 0.703200789 0.0738483414 0.707145722
vn -0.691830794 0.147047202 0.706928054
vn -0.691829577 0.147046733 0.706929342
vn -0.696556062 0.122867895 0.706903906
vn -0.473221622 -0.525559688 0.706999513
vn -0.473245452 -0.52558155 0.706967309
vn -0.491116657 -0.508596732 0.707201381
vn -0.287513497 -0.645757681 0.707342213
vn -0.309889504 -0.635603861 0.707089971
vn -0.309891706 -0.635622214 0.707072508
vn 2.84783475e-07 -0.707068723 0.707144838
vn 3.59453613e-07 -0.707114619 0.707098943
vn -0.0246472829 -0.706476522 0.707307172
vn 0.473245618 0.525580224 0.706968184
vn 0.473221778 0.525557246 0.707001223
vn 0.454643234 0.541814761 0.706920288
vn 0.395468657 -0.586205668 0.707083769
vn 0.39546876 -0.586219516 0.70707223
vn 0.374693346 -0.59965982 0.707115971
vn -0.454643286 0.541818388 0.706917475
vn -0.473225457 0.525561704 0.706995447
vn -0.473249553 0.525584935 0.706962047
vn 0.525561021 -0.473220038 0.706999582
vn 0.525582462 -0.473246005 0.706966261
vn 0.508597413 -0.491112331 0.707203896
vn 0.627294743 0.778779596 -0.00190929831
vn 0.657914765 0.753089794 0.00198112896
vn 0.639477056 0.768803098 0.00330018173
vn 0.646596229 0.64775852 0.402892314
vn 0.682511377 0.683402049 0.259113605
vn 0.694383575 0.692839337 0.194435347
vn -0.563325697 0.826234034 0.0012166153
vn -0.559916566 0.828547254 -0.00169888549
vn -0.530503638 0.847682606 0.00029867626
vn -0.147045628 0.69183355 0.706925683
vn -0.171172105 0.686265262 0.706922981
vn -0.171166478 0.68627911 0.7069109
vn 0.682511377 0.683402049 0.259113605
vn 0.7004615 0.700974577 0.134120579
vn 0.704665068 0.703912023 0.089190841
vn 0.147046182 -0.691831594 0.706927483
vn 0.171170611 -0.686257915 0.706930475
vn 0.171165335 -0.686272929 0.706917177
vn -0.241782727 0.66410566 0.707463628
vn -0.24177852 0.664117685 0.707453778
vn -0.264790324 0.655422622 0.707324021
vn 0.679979341 0.19495407 0.706838742
vn 0.680011103 0.194946813 0.706810186
vn 0.672447829 0.218465065 0.707168249
vn -0.0493278267 0.705417317 0.70707367
vn -0.0493382376 0.705458605 0.70703175
vn -0.0738486564 0.703202835 0.707143655
vn 0.557154165 -0.435336162 0.707150382
vn 0.572193752 -0.415664173 0.706977797
vn 0.57217813 -0.415669266 0.706987446
vn -0.073863198 0.703173681 0.707171126
vn -0.0738486564 0.703202835 0.707143655
vn -0.0983757616 0.700082075 0.707253348
vn -0.147047017 -0.691835301 0.706923681
vn -0.14704858 -0.691838812 0.70691992
vn -0.171164648 -0.686270836 0.706919375
vn -0.672443469 0.218467123 0.707171759
vn -0.680012701 0.194943442 0.706809579
vn -0.679980163 0.19495167 0.706838612
vn -0.491116657 -0.508596732 0.707201381
vn -0.508594233 -0.491109659 0.707208039
vn -0.508587623 -0.491082157 0.707231889
vn 0.623936344 -0.331894153 0.707495378
vn 0.63561914 -0.30989142 0.707075397
vn 0.635600044 -0.309890932 0.707092777
vn 0.599673628 -0.374684005 0.707109211
vn 0.612416956 -0.353529289 0.707080274
vn 0.612463118 -0.35353163 0.707039119
vn 0.951031956 -0.309092573 0
vn 0.951031982 -0.309092492 0
vn 0.961243664 -0.275700234 0
vn 0.406657964 -0.913580484 0
vn 0.406658113 -0.913580417 0
vn 0.438358785 -0.898800076 0
vn 0.52989102 -0.848065744 0
vn 0.529891315 -0.84806556 0
vn 0.559227049 -0.82901454 0
vn 0.866058164 0.499943253 0
vn 0.848064736 0.529892633 0
vn 0.848065121 0.529892017 0
vn -0.0697125571 -0.99756712 0
vn -0.0697123973 -0.997567131 0
vn -0.0349286118 -0.99938981 0
vn 0.0697122754 0.99756714 0
vn 0.0349285672 0.999389811 0
vn 0.0349285337 0.999389813 0
vn -0.0349286118 0.99938981 0
vn -0.0697123973 0.997567131 0
vn -0.0697125571 0.99756712 0
vn -0.951030782 -0.309096185 0
vn -0.951030765 -0.309096238 0
vn -0.939678696 -0.3420584 0
vn -0.984819006 -0.173584344 0
vn -0.984819034 -0.173584189 0
vn -0.978147931 -0.207910137 0
vn 0.40665743 0.913580721 0
vn 0.374594601 0.9271887 0
vn 0.37459455 0.92718872 0
vn 0.469516504 0.882923696 0
vn 0.438359192 0.898799877 0
vn 0.438358952 0.898799994 0
vn 0.499943899 0.866057791 0
vn 0.469516504 0.882923696 0
vn 0.469515891 0.882924022 0
vn 0.994524566 -0.104503054 0
vn 0.99452457 -0.104503009 0
vn 0.99756719 -0.069711552 0
vn 0.587785417 0.809016875 0
vn 0.559227365 0.829014327 0
vn 0.559227365 0.829014327 0
vn 0.587786448 -0.809016125 0
vn 0.58778642 -0.809016146 0
vn 0.615635841 -0.788030781 0
vn -0.86605854 0.499942603 0
vn -0.882923609 0.469516668 0
vn -0.882924097 0.46951575 0
vn -0.829014632 0.559226912 0
vn -0.848064482 0.529893041 0
vn -0.848064894 0.529892381 0
vn -0.809016903 0.587785378 0
vn -0.829014632 0.559226912 0
vn -0.829015021 0.559226337 0
vn -0.374595596 -0.927188298 0
vn -0.374595448 -0.927188358 0
vn -0.342058788 -0.939678555 0
vn 0.173583576 -0.984819142 0
vn 0.173583591 -0.984819139 0
vn 0.207910123 -0.978147934 0
vn -0.76604614 0.642785587 0
vn -0.788030626 0.615636039 0
vn -0.7880307 0.615635944 0
vn -0.984819034 0.173584189 0
vn -0.990273401 0.139135156 0
vn -0.990273091 0.139137362 0
vn -0.499944088 0.866057682 0
vn -0.529890838 0.848065858 0
vn -0.529890742 0.848065918 0
vn -0.529891653 -0.848065349 0
vn -0.529891626 -0.848065366 0
vn -0.499943717 -0.866057896 0
vn -0.173584716 0.984818941 0
vn -0.207908722 0.978148232 0
vn -0.207908565 0.978148265 0
vn -0.104503613 0.994524507 0
vn -0.139135127 0.990273405 0
vn -0.139135186 0.990273397 0
vn -0.694678313 0.719320542 0
vn -0.719319927 0.69467895 0
vn -0.719319722 0.694679161 0
vn -0.642785552 0.76604617 0
vn -0.669160636 0.743117785 0
vn -0.669161203 0.743117275 0
vn -0.374594847 0.9271886 0
vn -0.406657773 0.913580569 0
vn -0.406658356 0.913580309 0
vn -0.342061324 0.939677631 0
vn -0.374594847 0.9271886 0
vn -0.374595124 0.927188488 0
vn 0.978148442 0.207907732 0
vn 0.970284284 0.241967783 0
vn 0.970284263 0.241967867 0
vn 0.743117699 0.669160732 0
vn 0.719320074 0.694678798 0
vn 0.719320015 0.694678858 0
vn 0.913580624 -0.406657649 0
vn 0.913580646 -0.406657599 0
vn 0.927187989 -0.374596361 0
vn 0.275699955 -0.961243744 0
vn 0.275700096 -0.961243703 0
vn 0.309093415 -0.951031682 0
vn 0.309093675 -0.951031598 0
vn 0.309093415 -0.951031682 0
vn 0.34205979 -0.93967819 0
vn 0.866058244 -0.499943115 0
vn 0.866058765 -0.499942212 0
vn 0.882925374 -0.469513348 0
vn -0.406658381 -0.913580298 0
vn -0.406658066 -0.913580438 0
vn -0.374595448 -0.927188358 0
vn 0.809017303 0.587784828 0
vn 0.788030253 0.615636517 0
vn 0.788030546 0.615636142 0
vn 0.642786067 0.766045738 0
vn 0.615634506 0.788031823 0
vn 0.615634609 0.788031743 0
vn -0.96124395 0.275699235 0
vn -0.970284617 0.24196645 0
vn -0.97028512 0.24196443 0
vn 0.559227365 -0.829014327 0
vn 0.559227049 -0.82901454 0
vn 0.58778642 -0.809016146 0
vn -0.469515301 0.882924335 0
vn -0.499944088 0.866057682 0
vn -0.499944178 0.86605763 0
vn 0.559227365 0.829014327 0
vn 0.529891567 0.848065403 0
vn 0.52989116 0.848065657 0
vn 0.241965931 0.970284746 0
vn 0.207908779 0.97814822 0
vn 0.207908608 0.978148256 0
vn 0.927187769 0.374596905 0
vn 0.913580373 0.406658212 0
vn 0.913580373 0.406658212 0
vn 0.0349285672 0.999389811 0
vn 5.81130628e-08 1 0
vn 9.48784695e-09 1 0
vn 0.898800123 0.438358688 0
vn 0.882925149 0.469513772 0
vn 0.882924911 0.469514219 0
vn -0.342058859 -0.939678528 0
vn -0.342058788 -0.939678555 0
vn -0.309094105 -0.951031458 0
vn 0.970284284 0.241967783 0
vn 0.961243788 0.275699801 0
vn 0.961243165 0.275701973 0
vn 0.84806484 -0.529892467 0
vn 0.848064341 -0.529893266 0
vn 0.866058765 -0.499942212 0
vn -0.743116398 0.669162177 0
vn -0.76604614 0.642785587 0
vn -0.766046386 0.642785295 0
vn -0.978147934 0.207910125 0
vn -0.984819034 0.173584189 0
vn -0.984819006 0.173584344 0
vn -0.848064482 0.529893041 0
vn -0.86605854 0.499942603 0
vn -0.866058711 0.499942305 0
vn 0.342059718 -0.939678216 0
vn 0.34205979 -0.93967819 0
vn 0.374594827 -0.927188609 0
vn 0.669161519 -0.743116991 0
vn 0.669161045 -0.743117418 0
vn 0.694678039 -0.719320806 0
vn 0.939677712 0.342061101 0
vn 0.927187769 0.374596905 0
vn 0.927188018 0.374596289 0
vn 0.469516525 -0.882923684 0
vn 0.469516714 -0.882923584 0
vn 0.499943899 -0.866057791 0
vn 0.990273498 -0.139134461 0
vn 0.990273511 -0.139134374 0
vn 0.99452457 -0.104503009 0
vn -0.406657773 0.913580569 0
vn -0.438358304 0.89880031 0
vn -0.438358544 0.898800193 0
vn -0.92718826 0.374595689 0
vn -0.939678676 0.342058453 0
vn -0.939678703 0.342058381 0
vn -0.469514971 -0.882924511 0
vn -0.469514738 -0.882924635 0
vn -0.438359119 -0.898799912 0
vn -0.788030626 0.615636039 0
vn -0.809016903 0.587785378 0
vn -0.809016476 0.587785966 0
vn -0.615633839 0.788032345 0
vn -0.642785552 0.76604617 0
vn -0.642785909 0.766045871 0
vn 0.275700667 0.96124354 0
vn 0.241965931 0.970284746 0
vn 0.241965875 0.97028476 0
vn -0.719319927 0.69467895 0
vn -0.743116398 0.669162177 0
vn -0.743116229 0.669162365 0
vn -0.241965805 0.970284777 0
vn -0.275700541 0.961243576 0
vn -0.275700415 0.961243612 0
vn -0.139135127 0.990273405 0
vn -0.173584716 0.984818941 0
vn -0.17358459 0.984818963 0
vn -0.207908722 0.978148232 0
vn -0.241965805 0.970284777 0
vn -0.241965791 0.970284781 0
vn -0.642786522 -0.766045355 0
vn -0.642786464 -0.766045405 0
vn -0.615635174 -0.788031302 0
vn -0.829015039 -0.559226309 0
vn -0.829014632 -0.559226912 0
vn -0.809016924 -0.587785349 0
vn 0.207908779 0.97814822 0
vn 0.173585087 0.984818876 0
vn 0.173584932 0.984818903 0
vn 0.984819036 0.173584175 0
vn 0.978148442 0.207907732 0
vn 0.978148647 0.207906767 0
vn -0.694597667 -0.695405132 -0.184243815
vn -0.675107675 -0.675442892 -0.296658941
vn -0.666205709 -0.665640776 -0.336292001
vn 0.47321863 -0.525554787 0.707005158
vn 0.491092214 -0.508589098 0.707223845
vn 0.491116627 -0.508597091 0.707201144
vn 0.612416956 -0.353529289 0.707080274
vn 0.623936344 -0.331894153 0.707495378
vn 0.623932722 -0.331900419 0.707495633
vn -0.635581161 -0.309974772 0.707073001
vn -0.635606967 -0.309976112 0.707049216
vn -0.645747835 -0.287510273 0.707352513
vn 0.64572351 -0.287505234 0.707376766
vn 0.655423928 -0.264791246 0.707322466
vn 0.655434473 -0.264787274 0.707314181
vn -0.58620793 0.395467015 0.707082812
vn -0.599681299 0.374687064 0.707101085
vn -0.599668863 0.374696346 0.707106713
vn -0.0246584518 0.706488344 0.707294974
vn -0.0493382376 0.705458605 0.70703175
vn -0.0493278267 0.705417317 0.70707367
vn -0.664117975 0.241779142 0.707453293
vn -0.672443469 0.218467123 0.707171759
vn -0.672368339 0.218474445 0.70724093
vn -0.754189118 -0.656655536 0.00151056979
vn -0.73901847 -0.673685161 -7.16836468e-05
vn -0.757159578 -0.653229941 -0.000132334649
vn -0.309889504 -0.635603861 0.707089971
vn -0.331898268 -0.62393158 0.707497649
vn -0.331893101 -0.623933879 0.707498045
vn 0.0738489567 -0.703194929 0.707151485
vn 0.0738632951 -0.703165876 0.707178878
vn 0.0493269382 -0.705413528 0.707077511
vn 0.454640618 -0.541809166 0.706926259
vn 0.47321863 -0.525554787 0.707005158
vn 0.473242349 -0.525576513 0.706973131
vn 0.890278184 -0.455417108 -0.000111873686
vn 0.885632331 -0.464387086 -8.76866975e-05
vn 0.8896463 -0.456650261 1.16254633e-05
vn 0.691831151 -0.147045235 0.706928113
vn 0.691832253 -0.147047074 0.706926652
vn 0.686276985 -0.17116383 0.706913604
vn -0.655424353 0.264791606 0.707321938
vn -0.664117975 0.241779142 0.707453293
vn -0.664105641 0.241783361 0.70746343
vn 0.0983758771 0.700083115 0.707252302
vn 0.0738486927 0.703204626 0.70714187
vn 0.0738633363 0.703175676 0.707169128
vn -0.525587029 0.473248726 0.706961044
vn -0.525564849 0.473223865 0.706994175
vn -0.541814455 0.454643525 0.706920337
vn -0.76968379 0.638415655 0.00350921486
vn -0.781475484 0.623922991 0.00402101532
vn -0.812839124 0.582484703 -0.00203210202
vn 0.435332693 0.557148288 0.707157148
vn 0.415666266 0.572194196 0.706976207
vn 0.41566879 0.572176999 0.706988641
vn 0.264788978 0.655421894 0.7073252
vn 0.241780013 0.664122065 0.707449156
vn 0.241783809 0.664108822 0.70746029
vn 0.58621728 0.395470437 0.707073146
vn 0.586202509 0.395467584 0.707086988
vn 0.572196378 0.415663997 0.706975775
vn 0.024647294 -0.706475627 0.707308065
vn 3.59453613e-07 -0.707114619 0.707098943
vn 2.84783475e-07 -0.707068723 0.707144838
vn -0.26478589 0.655434558 0.707314621
vn -0.264790324 0.655422622 0.707324021
vn -0.287504521 0.645723038 0.707377486
vn 0.541813434 -0.454644293 0.706920625
vn 0.557154165 -0.435336162 0.707150382
vn 0.55716145 -0.435338526 0.707143187
vn -0.454642246 -0.541811573 0.706923368
vn -0.454660635 -0.541843248 0.706887262
vn -0.473245452 -0.52558155 0.706967309
vn 0.63561914 -0.30989142 0.707075397
vn 0.64572351 -0.287505234 0.707376766
vn 0.645748011 -0.287509736 0.70735257
vn 0.557153343 0.435338348 0.707149684
vn 0.557146356 0.435335506 0.707156938
vn 0.541815649 0.454647193 0.706917062
vn 0.703171602 0.0738629528 0.70717322
vn 0.703200789 0.0738483414 0.707145722
vn 0.700084083 0.0983778759 0.707251066
vn 0.435339179 -0.557155425 0.707147532
vn 0.435338681 -0.557162529 0.707142241
vn 0.415668237 -0.572178626 0.706987649
vn -0.586204785 -0.395467193 0.70708532
vn -0.586217427 -0.395469413 0.707073597
vn -0.599668739 -0.374699144 0.707105335
vn 0.287508174 -0.645728025 0.70737145
vn 0.287512704 -0.645754361 0.707345566
vn 0.264785681 -0.655436764 0.707312654
vn 0.541813434 -0.454644293 0.706920625
vn 0.541844298 -0.454665176 0.706883537
vn 0.525582462 -0.473246005 0.706966261
vn 0.331895364 0.62393978 0.707491779
vn 0.309891279 0.635618202 0.707076302
vn 0.309889916 0.635601408 0.707091995
vn 0.655436039 0.264786869 0.707312882
vn 0.655425193 0.264790625 0.707321526
vn 0.645722339 0.28750429 0.707378219
vn -0.645721669 0.287505833 0.707378203
vn -0.655424353 0.264791606 0.707321938
vn -0.655435205 0.264787019 0.707313598
vn 0.788030253 0.615636517 0
vn 0.766045924 0.642785844 0
vn 0.766045655 0.642786166 0
vn -0.275700541 0.961243576 0
vn -0.309094365 0.951031374 0
vn -0.30909423 0.951031417 0
vn -0.615634374 -0.788031926 0
vn -0.615635174 -0.788031302 0
vn -0.58778587 -0.809016545 0
vn -0.669160636 0.743117785 0
vn -0.694678313 0.719320542 0
vn -0.694678283 0.719320571 0
vn 0.970284407 -0.241967292 0
vn 0.97028441 -0.241967278 0
vn 0.978148346 -0.207908184 0
vn 0.139135186 0.990273397 0
vn 0.104503665 0.994524501 0
vn 0.10450368 0.9945245 0
vn 0.374594601 0.9271887 0
vn 0.34206135 0.939677622 0
vn 0.34206135 0.939677622 0
vn 0.104503665 0.994524501 0
vn 0.0697122754 0.99756714 0
vn 0.0697123231 0.997567137 0
vn 0.173585087 0.984818876 0
vn 0.139135186 0.990273397 0
vn 0.139135186 0.990273397 0
vn -0.89880059 -0.43835773 0
vn -0.898800894 -0.438357107 0
vn -0.882924097 -0.46951575 0
vn -0.719321039 -0.694677798 0
vn -0.719321303 -0.694677524 0
vn -0.694677706 -0.719321127 0
vn 0.766045272 -0.642786622 0
vn 0.766045301 -0.642786587 0
vn 0.788030069 -0.615636751 0
vn 0.61563524 -0.78803125 0
vn 0.615635841 -0.788030781 0
vn 0.642786394 -0.766045463 0
vn 0.809017877 -0.587784038 0
vn 0.809017632 -0.587784374 0
vn 0.829013625 -0.559228406 0
vn 0.7880307 -0.615635944 0
vn 0.788030069 -0.615636751 0
vn 0.809017632 -0.587784374 0
vn 0.829013985 -0.559227872 0
vn 0.829013625 -0.559228406 0
vn 0.848064341 -0.529893266 0
vn 0.24196725 -0.970284417 0
vn 0.241967404 -0.970284379 0
vn 0.275700096 -0.961243703 0
vn 0.207910096 -0.97814794 0
vn 0.207910123 -0.978147934 0
vn 0.241967404 -0.970284379 0
vn -0.438358304 0.89880031 0
vn -0.469515301 0.882924335 0
vn -0.469515137 0.882924423 0
vn 0.104503694 -0.994524498 0
vn 0.104503656 -0.994524502 0
vn 0.139135186 -0.990273397 0
vn 0.0697123199 -0.997567137 0
vn 0.0697122754 -0.99756714 0
vn 0.104503656 -0.994524502 0
vn 0.529891567 0.848065403 0
vn 0.499943899 0.866057791 0
vn 0.499943621 0.866057952 0
vn 9.19135168e-09 -1 0
vn 5.84095581e-08 -1 0
vn 0.0349285634 -0.999389812 0
vn -0.104503731 -0.994524494 0
vn -0.104503606 -0.994524508 0
vn -0.0697123973 -0.997567131 0
vn -0.139135179 -0.990273398 0
vn -0.139135127 -0.990273405 0
vn -0.104503606 -0.994524508 0
vn -0.173583475 -0.98481916 0
vn -0.173583446 -0.984819165 0
vn -0.139135127 -0.990273405 0
vn -0.241966913 -0.970284501 0
vn -0.241967039 -0.97028447 0
vn -0.207909797 -0.978148003 0
vn -1 1.0377347e-08 0
vn -1 0 0
vn -0.999389852 -0.0349274005 0
vn -0.275700624 -0.961243552 0
vn -0.275700624 -0.961243552 0
vn -0.241967039 -0.97028447 0
vn -0.309094463 -0.951031342 0
vn -0.309094105 -0.951031458 0
vn -0.275700624 -0.961243552 0
vn 0.694677585 0.719321244 0
vn 0.669162707 0.74311592 0
vn 0.669162957 0.743115695 0
vn 0.994524549 0.104503215 0
vn 0.990273535 0.139134198 0
vn 0.990273507 0.139134403 0
vn 0.37459455 -0.92718872 0
vn 0.374594827 -0.927188609 0
vn 0.406658113 -0.913580417 0
vn -0.559228091 -0.829013837 0
vn -0.559227899 -0.829013967 0
vn -0.529891626 -0.848065366 0
vn -0.587785803 -0.809016594 0
vn -0.58778587 -0.809016545 0
vn -0.559227899 -0.829013967 0
vn -0.669160327 -0.743118064 0
vn -0.669159481 -0.743118826 0
vn -0.642786464 -0.766045405 0
vn -0.694677767 -0.719321069 0
vn -0.694677706 -0.719321127 0
vn -0.669159481 -0.743118826 0
vn -0.743115751 -0.669162895 0
vn -0.743115778 -0.669162865 0
vn -0.719321303 -0.694677524 0
vn -0.766046415 -0.64278526 0
vn -0.766045924 -0.642785844 0
vn -0.743115778 -0.669162865 0
vn -0.788030935 -0.615635643 0
vn -0.788030436 -0.615636282 0
vn -0.766045924 -0.642785844 0
vn -0.809016671 -0.587785697 0
vn -0.809016924 -0.587785349 0
vn -0.788030436 -0.615636282 0
vn -0.0349286788 -0.999389808 0
vn -0.0349286118 -0.99938981 0
vn 5.84095581e-08 -1 0
vn -0.848064894 -0.529892381 0
vn -0.848064368 -0.529893223 0
vn -0.829014632 -0.559226912 0
vn -0.86605843 -0.499942792 0
vn -0.866058405 -0.499942837 0
vn -0.848064368 -0.529893223 0
vn -0.882924197 -0.469515561 0
vn -0.882924097 -0.46951575 0
vn -0.866058405 -0.499942837 0
vn -0.913579875 -0.406659332 0
vn -0.913580667 -0.406657552 0
vn -0.898800894 -0.438357107 0
vn -0.927187466 -0.374597654 0
vn -0.927188339 -0.374595494 0
vn -0.913580667 -0.406657552 0
vn -0.939678648 -0.342058532 0
vn -0.939678696 -0.3420584 0
vn -0.927188339 -0.374595494 0
vn -0.961244018 -0.275698999 0
vn -0.961243966 -0.27569918 0
vn -0.951030765 -0.309096238 0
vn -0.978148112 -0.207909286 0
vn -0.978147931 -0.207910137 0
vn -0.970284498 -0.241966927 0
vn -0.58778558 0.809016756 0
vn -0.615633839 0.788032345 0
vn -0.615633744 0.788032419 0
vn 0.990273535 0.139134198 0
vn 0.984819036 0.173584175 0
vn 0.984818994 0.173584416 0
vn 0.642786265 -0.766045571 0
vn 0.642786394 -0.766045463 0
vn 0.669161045 -0.743117418 0
vn 0.997567187 0.0697116039 0
vn 0.994524549 0.104503215 0
vn 0.994524536 0.104503333 0
vn 0.999389712 0.0349314012 0
vn 0.997567187 0.0697116039 0
vn 0.99756711 0.0697127087 0
vn 0.999389711 -0.0349314421 0
vn 0.999389712 -0.0349314007 0
vn 1 1.83827318e-08 0
vn 0.997567109 -0.0697127235 0
vn 0.99756719 -0.069711552 0
vn 0.999389712 -0.0349314007 0
vn 0.984818994 -0.173584416 0
vn 0.984819036 -0.173584175 0
vn 0.990273511 -0.139134374 0
vn 0.978148508 -0.207907421 0
vn 0.978148346 -0.207908184 0
vn 0.984819036 -0.173584175 0
vn 0.961243121 -0.275702127 0
vn 0.961243664 -0.275700234 0
vn 0.97028441 -0.241967278 0
vn 0.34206135 0.939677622 0
vn 0.309093648 0.951031607 0
vn 0.309093388 0.951031691 0
vn 0.939678199 -0.342059764 0
vn 0.939677593 -0.342061429 0
vn 0.951031982 -0.309092492 0
vn 0.927188188 -0.374595868 0
vn 0.927187989 -0.374596361 0
vn 0.939677593 -0.342061429 0
vn 5.81130628e-08 1 0
vn -0.0349286118 0.99938981 0
vn -0.0349286788 0.999389808 0
vn 0.898799772 -0.438359407 0
vn 0.898799924 -0.438359095 0
vn 0.913580646 -0.406657599 0
vn -0.990273118 -0.13913717 0
vn -0.990273409 -0.1391351 0
vn -0.984819034 -0.173584189 0
vn -0.997567053 -0.0697135219 0
vn -0.997566978 -0.0697145969 0
vn -0.994524751 -0.104501289 0
vn -0.499943579 -0.866057976 0
vn -0.499943717 -0.866057896 0
vn -0.469514738 -0.882924635 0
vn 0.615634506 0.788031823 0
vn 0.587785417 0.809016875 0
vn 0.587785831 0.809016574 0
vn -0.438359599 -0.898799679 0
vn -0.438359119 -0.898799912 0
vn -0.406658066 -0.913580438 0
vn -0.309094365 0.951031374 0
vn -0.342061324 0.939677631 0
vn -0.342061312 0.939677636 0
vn 0.438359192 0.898799877 0
vn 0.40665743 0.913580721 0
vn 0.406657527 0.913580678 0
vn -0.970284617 0.24196645 0
vn -0.978147934 0.207910125 0
vn -0.978148163 0.207909048 0
vn 0.669162707 0.74311592 0
vn 0.642786067 0.766045738 0
vn 0.642786265 0.766045571 0
vn 0.882925149 0.469513772 0
vn 0.866058164 0.499943253 0
vn 0.866057791 0.499943899 0
vn -0.0697123973 0.997567131 0
vn -0.104503613 0.994524507 0
vn -0.104503731 0.994524494 0
vn -0.559229037 0.829013199 0
vn -0.58778558 0.809016756 0
vn -0.587785831 0.809016574 0
vn -0.997566969 0.069714723 0
vn -0.999389852 0.0349274137 0
vn -0.999389891 0.0349262917 0
vn 0.0349285337 -0.999389813 0
vn 0.0349285634 -0.999389812 0
vn 0.0697122754 -0.99756714 0
vn -0.898800894 0.438357107 0
vn -0.913580417 0.406658113 0
vn -0.913579648 0.406659841 0
vn 0.139135186 -0.990273397 0
vn 0.139135186 -0.990273397 0
vn 0.173583591 -0.984819139 0
vn 0.49994339 -0.866058085 0
vn 0.499943899 -0.866057791 0
vn 0.529891315 -0.84806556 0
vn 0.961243788 0.275699801 0
vn 0.951032116 0.309092079 0
vn 0.951032099 0.309092133 0
vn 0.694677737 -0.719321098 0
vn 0.694678039 -0.719320806 0
vn 0.719320425 -0.694678434 0
vn 0.951032116 0.309092079 0
vn 0.939677712 0.342061101 0
vn 0.939678383 0.342059259 0
vn 0.719320074 0.694678798 0
vn 0.694677585 0.719321244 0
vn 0.694677251 0.719321567 0
vn 0.147045975 0.691834115 0.706925058
vn 0.147045753 0.69183429 0.706924934
vn 0.122867825 0.696557299 0.706902699
vn 0.00184162822 0.00197064888 0.999996362
vn 0.00139943668 0.00108310597 0.999998434
vn 0.0901220905 0.0854677127 0.99225666
vn -0.218472061 0.672369175 0.707240872
vn -0.218465851 0.672444527 0.707171147
vn -0.24177852 0.664117685 0.707453778
vn -0.0983758297 -0.700084526 0.707250912
vn -0.0983529172 -0.700032358 0.707305734
vn -0.122845203 -0.696522892 0.706940533
vn -0.664118107 -0.241779266 0.707453127
vn -0.664105557 -0.241783478 0.707463468
vn -0.67236854 -0.218474526 0.707240715
vn 0.599658939 0.374692274 0.707117287
vn 0.599672489 0.37468269 0.707110873
vn 0.586202509 0.395467584 0.707086988
vn -0.612442393 -0.35354222 0.707051776
vn -0.624298678 -0.331987135 0.707132026
vn -0.624315121 -0.331997621 0.707112586
vn 0.171165735 0.686275602 0.706914485
vn 0.17117128 0.686261069 0.706927251
vn 0.147045753 0.69183429 0.706924934
vn 0.353527558 0.612407295 0.707089507
vn 0.331895364 0.62393978 0.707491779
vn 0.331900039 0.62393649 0.707492488
vn -0.700085115 -0.0983746953 0.707250487
vn -0.700031336 -0.0983521039 0.707306858
vn -0.703171119 -0.0738653289 0.707173452
vn -0.50859906 0.491114067 0.707201505
vn -0.50859022 0.491087554 0.707226274
vn -0.525564849 0.473223865 0.706994175
vn -0.374694829 -0.599662073 0.707113275
vn -0.395469004 -0.586220777 0.707071049
vn -0.395468639 -0.586207012 0.707082665
vn -0.194950725 -0.679980023 0.706839008
vn -0.218472648 -0.672366822 0.707242928
vn -0.218466187 -0.67244206 0.707173388
vn 0.454643234 0.541814761 0.706920288
vn 0.435332693 0.557148288 0.707157148
vn 0.435333638 0.557155965 0.707150517
vn -0.473225457 0.525561704 0.706995447
vn -0.491088385 0.508590335 0.707225614
vn -0.491115177 0.508598472 0.707201158
vn -0.073862862 -0.703165032 0.707179762
vn -0.0983529172 -0.700032358 0.707305734
vn -0.0983758297 -0.700084526 0.707250912
vn 0.707059394 -1.71826319e-09 0.707154165
vn 0.707102728 5.88303805e-10 0.707110834
vn 0.706473349 -0.0246462449 0.707310377
vn -0.703201218 -0.0738504288 0.707145078
vn -0.703171119 -0.0738653289 0.707173452
vn -0.705417009 -0.0493280835 0.707073959
vn -0.605385418 0.795932466 6.80404405e-05
vn -0.597275209 0.802036361 3.23449246e-05
vn -0.628530238 0.77778515 3.22590445e-05
vn -0.705417009 -0.0493280835 0.707073959
vn -0.706476169 -0.0246487173 0.707307475
vn -0.70648433 -0.0246595335 0.707298946
vn 0.331894531 -0.623936025 0.707495482
vn 0.331899116 -0.623931846 0.707497016
vn 0.309891214 -0.635606569 0.707086788
vn 0.098376132 -0.700084146 0.707251247
vn 0.0983533046 -0.700031822 0.707306211
vn 0.0738632951 -0.703165876 0.707178878
vn -0.12286925 -0.696557565 0.70690219
vn -0.122845203 -0.696522892 0.706940533
vn -0.14704858 -0.691838812 0.70691992
vn 0.700084777 -0.0983778124 0.707250388
vn 0.703200342 -0.0738483148 0.70714617
vn 0.70317118 -0.0738630206 0.707173632
vn 0.635598996 0.309890856 0.707093752
vn 0.635617267 0.309891378 0.707077098
vn 0.623938746 0.33189455 0.707493074
vn 0.0738486927 0.703204626 0.70714187
vn 0.0493380523 0.705459804 0.707030566
vn 0.049327615 0.705418279 0.707072725
vn 0.707059394 -1.71826319e-09 0.707154165
vn 0.706481515 0.0246567651 0.707301854
vn 0.706473647 0.0246462375 0.707310079
vn 0.525564285 0.473221873 0.706995927
vn 0.508592435 0.491089531 0.707223308
vn 0.508600591 0.491116641 0.707198617
vn 0.415665258 -0.572194781 0.706976326
vn 0.415668237 -0.572178626 0.706987649
vn 0.39546876 -0.586219516 0.70707223
vn -0.700084724 0.0983747148 0.707250871
vn -0.703201367 0.0738504245 0.70714493
vn -0.703171332 0.0738652518 0.707173248
vn -0.331898217 0.623934157 0.7074954
vn -0.331893602 0.623937207 0.707494875
vn -0.353527699 0.612405785 0.707090744
vn -0.435336764 -0.557158524 0.707146577
vn -0.454660635 -0.541843248 0.706887262
vn -0.454642246 -0.541811573 0.706923368
vn -0.612441058 0.353542086 0.707053
vn -0.612454963 0.353553481 0.707035257
vn -0.624315832 0.331996787 0.70711235
vn 0.655423928 -0.264791246 0.707322466
vn 0.664118565 -0.241778589 0.707452928
vn 0.664105487 -0.241784055 0.707463337
vn -0.703201367 0.0738504245 0.70714493
vn -0.705459478 0.0493379982 0.707030895
vn -0.705417248 0.0493280761 0.707073721
vn 0.241778853 -0.664115197 0.707456
vn 0.241783137 -0.664103773 0.70746526
vn 0.218473263 -0.672368251 0.70724138
vn 0.309893782 -0.635625471 0.70706867
vn 0.309891214 -0.635606569 0.707086788
vn 0.287512704 -0.645754361 0.707345566
vn -0.218472648 -0.672366822 0.707242928
vn -0.241781999 -0.664102744 0.707466614
vn -0.241778433 -0.664115088 0.707456245
vn -0.691831392 -0.147048097 0.706927282
vn -0.696522123 -0.122843706 0.706941551
vn -0.696557154 -0.122867776 0.706902851
vn -0.309890527 0.635603404 0.707089934
vn -0.309891861 0.6356202 0.707074251
vn -0.331893602 0.623937207 0.707494875
vn 0.696556292 0.122865964 0.706904016
vn 0.691829992 0.147044795 0.706929339
vn 0.691831396 0.147046337 0.706927644
vn 0.454640618 -0.541809166 0.706926259
vn 0.454659015 -0.541840196 0.706890643
vn 0.435338681 -0.557162529 0.707142241
vn -0.171166478 0.68627911 0.7069109
vn -0.171172105 0.686265262 0.706922981
vn -0.194947615 0.680022656 0.70679885
vn 0.12284418 0.69652103 0.706942545
vn 0.122867825 0.696557299 0.706902699
vn 0.0983758771 0.700083115 0.707252302
vn 0.856212967 0.516623016 -0.000122551369
vn 0.861886566 0.507101121 -1.76552822e-05
vn 0.856877578 0.515519948 -1.7326879e-05
vn -0.264784148 -0.655434527 0.707315302
vn -0.287513497 -0.645757681 0.707342213
vn -0.287508751 -0.645730366 0.707369078
vn -0.6800138 -0.194943405 0.706808532
vn -0.679980839 -0.194951837 0.706837916
vn -0.68627636 -0.171163748 0.706914231
vn -0.331898268 -0.62393158 0.707497649
vn -0.353531318 -0.61246381 0.707038675
vn -0.353529663 -0.612415256 0.707081559
vn 0.508592435 0.491089531 0.707223308
vn 0.49108976 0.50858894 0.707225662
vn 0.491115508 0.508597789 0.707201418
vn -0.705417248 0.0493280761 0.707073721
vn -0.705459478 0.0493379982 0.707030895
vn -0.706486299 0.0246594777 0.707296981
vn -0.435332848 0.557157235 0.707150003
vn -0.435332332 0.557148879 0.707156904
vn -0.454643286 0.541818388 0.706917475
vn -0.374694942 0.599666653 0.70710933
vn -0.374685575 0.5996785 0.707104247
vn -0.395468334 0.586204006 0.707085328
vn 0.832437751 -0.554118572 1.16086566e-05
vn 0.81883424 -0.574030038 5.48503154e-05
vn 0.825468283 -0.564448504 1.41768358e-05
vn -0.19495488 0.679990618 0.70682767
vn -0.194947615 0.680022656 0.70679885
vn -0.218465851 0.672444527 0.707171147
vn -0.645722868 -0.287506641 0.70737678
vn -0.645747835 -0.287510273 0.707352513
vn -0.655434499 -0.264786992 0.707314263
vn 0.049327615 0.705418279 0.707072725
vn 0.0493380523 0.705459804 0.707030566
vn 0.0246583802 0.706488375 0.707294945
vn 0.241780013 0.664122065 0.707449156
vn 0.218467374 0.672448471 0.707166925
vn 0.218473605 0.67237391 0.707235893
vn -0.635579942 0.309975027 0.707073985
vn -0.645721669 0.287505833 0.707378203
vn -0.645746832 0.287509414 0.707353777
vn 0.645746947 0.287508875 0.707353891
vn 0.645722339 0.28750429 0.707378219
vn 0.635617267 0.309891378 0.707077098
vn 0.0493269382 -0.705413528 0.707077511
vn 0.024647294 -0.706475627 0.707308065
vn 0.0246579259 -0.706483314 0.707300017
vn -0.35490309 0.934902995 0.000432230984
vn -0.378852138 0.925456652 0.00102116756
vn -0.396326813 0.918109007 -0.000952887298
vn -0.638559699 0.769563616 0.00365402387
vn -0.605543341 0.795799408 -0.00453490597
vn -0.582160781 0.813071206 -0.00200988333
vn 0.194947845 0.680020831 0.706800543
vn 0.17117128 0.686261069 0.706927251
vn 0.171165735 0.686275602 0.706914485
vn -0.655423916 -0.264791772 0.70732228
vn -0.655434499 -0.264786992 0.707314263
vn -0.664105557 -0.241783478 0.707463468
vn 0.706481515 0.0246567651 0.707301854
vn 0.705451343 0.0493402616 0.707038854
vn 0.705410253 0.0493293151 0.707080613
vn 0.686273357 0.171164309 0.706917009
vn 0.686259593 0.171169019 0.706929231
vn 0.680011103 0.194946813 0.706810186
vn -0.415671439 0.572177292 0.706986846
vn -0.415668491 0.572193705 0.706975296
vn -0.435332332 0.557148879 0.707156904
vn 0.541815649 0.454647193 0.706917062
vn 0.525564285 0.473221873 0.706995927
vn 0.525586451 0.47324755 0.706962261
vn 0.491115508 0.508597789 0.707201418
vn 0.49108976 0.50858894 0.707225662
vn 0.473221778 0.525557246 0.707001223
vn 0.664105764 0.241783705 0.707463196
vn 0.664118538 0.241778213 0.707453082
vn 0.655425193 0.264790625 0.707321526
vn 0.586201915 -0.395468032 0.707087229
vn 0.599673628 -0.374684005 0.707109211
vn 0.599657806 -0.374693973 0.707117347
vn -2.99650144e-07 0.707065832 0.707147728
vn -0.0246584518 0.706488344 0.707294974
vn -0.0246480629 0.706480564 0.707303108
vn 0.441846682 0.89709058 3.15355307e-05
vn 0.458773253 0.888553376 -7.55300728e-07
vn 0.402788754 0.915292969 1.06595705e-07
vn -0.0983757616 0.700082075 0.707253348
vn -0.122867749 0.696556886 0.70690312
vn -0.122843996 0.696520746 0.706942857
vn 0.264789271 -0.655423848 0.707323279
vn 0.264785681 -0.655436764 0.707312654
vn 0.241783137 -0.664103773 0.70746526
vn 0.194943583 -0.680012075 0.706810143
vn 0.194950691 -0.679980179 0.706838867
vn 0.171165335 -0.686272929 0.706917177
vn 0.572193752 -0.415664173 0.706977797
vn 0.586201915 -0.395468032 0.707087229
vn 0.586215922 -0.395470715 0.707074117
vn -0.845710246 -0.53364237 2.03908101e-05
vn -0.851208102 -0.524828322 1.47795756e-05
vn -0.831322577 -0.555790223 2.0922923e-05
vn -0.50859906 0.491114067 0.707201505
vn -0.491115177 0.508598472 0.707201158
vn -0.491088385 0.508590335 0.707225614
vn -0.378852138 0.925456652 0.00102116756
vn -0.413927118 0.910309391 0.00107442257
vn -0.43685831 0.899529424 -0.00127760002
vn 0.275608173 0.961270063 4.89037377e-06
vn 0.275547592 0.961287431 0
vn 0.241996902 0.970277022 -9.55478706e-07
vn -0.525583009 -0.473248524 0.706964168
vn -0.541842467 -0.454660838 0.70688773
vn -0.541812216 -0.45464144 0.706923393
vn -0.122867749 0.696556886 0.70690312
vn -0.147045628 0.69183355 0.706925683
vn -0.147045748 0.691833206 0.706925996
vn -0.707063358 -5.90186017e-09 0.707150202
vn -0.707106781 -1.17660761e-09 0.707106781
vn -0.706478138 0.0246486521 0.70730551
vn -0.541812216 -0.45464144 0.706923393
vn -0.541842467 -0.454660838 0.70688773
vn -0.557161229 -0.435338093 0.707143627
vn -0.69652124 0.122843842 0.706942397
vn -0.696556062 0.122867895 0.706903906
vn -0.700084724 0.0983747148 0.707250871
vn 0.122845562 -0.696523972 0.706939407
vn 0.0983533046 -0.700031822 0.707306211
vn 0.098376132 -0.700084146 0.707251247
vn -0.686274565 0.171163836 0.706915951
vn -0.686260887 0.171168821 0.706928023
vn -0.691829577 0.147046733 0.706929342
vn -0.624315121 -0.331997621 0.707112586
vn -0.624298678 -0.331987135 0.707132026
vn -0.635606967 -0.309976112 0.707049216
vn 0.309891279 0.635618202 0.707076302
vn 0.287505412 0.645724283 0.707375988
vn 0.28750984 0.645750667 0.707350103
vn 0.572179228 0.415669449 0.70698645
vn 0.572196378 0.415663997 0.706975775
vn 0.557146356 0.435335506 0.707156938
vn 0.691829992 0.147044795 0.706929339
vn 0.686259593 0.171169019 0.706929231
vn 0.686273357 0.171164309 0.706917009
vn -0.881086309 -0.472954165 0.00112847893
vn -0.882656752 -0.470015913 -0.00144874817
vn -0.898809737 -0.438338492 -0.000650017251
vn 0.405955367 -0.913891544 0.00157663747
vn 0.437358236 -0.899286102 0.00150987601
vn 0.468301309 -0.883567063 -0.00176913459
vn 0.623935416 0.331900664 0.707493142
vn 0.623938746 0.33189455 0.707493074
vn 0.6124127 0.353529071 0.70708407
vn 0.612459874 0.35353087 0.707042309
vn 0.6124127 0.353529071 0.70708407
vn 0.599672489 0.37468269 0.707110873
vn 0.702233934 -0.701882386 0.119283774
vn 0.699315123 -0.699636452 0.146516873
vn 0.681529849 -0.681946545 0.26545428
vn -0.706476169 -0.0246487173 0.707307475
vn -0.707106781 -1.17660761e-09 0.707106781
vn -0.707063358 -5.90186017e-09 0.707150202
vn -0.207909797 -0.978148003 0
vn -0.207909797 -0.978148003 0
vn -0.173583446 -0.984819165 0
vn 0.672447821 -0.218465111 0.707168243
vn 0.680013113 -0.194946347 0.706808381
vn 0.679980683 -0.194953811 0.706837522
vn -0.557154075 -0.435336602 0.707150181
vn -0.557161229 -0.435338093 0.707143627
vn -0.572177574 -0.415671188 0.706986766
vn -0.672443707 -0.218467167 0.70717152
vn -0.67236854 -0.218474526 0.707240715
vn -0.679980839 -0.194951837 0.706837916
vn -0.171164648 -0.686270836 0.706919375
vn -0.194950725 -0.679980023 0.706839008
vn -0.194943525 -0.680011961 0.706810268
vn -0.0920025905 -0.0780132753 0.992698067
vn -0.0959220873 -0.0429634402 0.994461209
vn -0.00072354743 -0.000448712439 0.999999638
vn -0.410348872 -0.911928616 -5.3318808e-05
vn -0.412608723 -0.910908357 7.96030688e-05
vn -0.381540934 -0.924351942 5.36365014e-05
vn -0.0493276555 -0.705414458 0.707076534
vn -0.073862862 -0.703165032 0.707179762
vn -0.0738486643 -0.703194018 0.707152422
vn -0.0246580384 -0.706482089 0.707301236
vn -0.0246472829 -0.706476522 0.707307172
vn -0.0493276555 -0.705414458 0.707076534
vn -0.701626824 -0.702097999 0.121565623
vn -0.697988823 -0.697500721 0.162186149
vn -0.679132987 -0.678662826 0.279633965
vn 0.52203039 0.852926813 -0.000352744405
vn 0.490044765 0.871696816 0.000888947965
vn 0.466916779 0.884300488 0.00116978833
vn -0.479066494 0.877776151 0.00207929105
vn -0.470602845 0.882338712 -0.00337026249
vn -0.438795133 0.898586419 -0.00113090112
vn -0.529955781 -0.848025045 0.000626787399
vn -0.555502826 -0.831514647 5.18520495e-05
vn -0.519012995 -0.854763519 0.00219943773
vn 0.374689466 0.599680672 0.707100343
vn 0.353527558 0.612407295 0.707089507
vn 0.353528865 0.612455202 0.707047358
vn 0.696556589 -0.122865994 0.706903717
vn 0.696521518 -0.122843064 0.706942258
vn 0.691832253 -0.147047074 0.706926652
vn -0.395470341 0.586218581 0.707072121
vn -0.395468334 0.586204006 0.707085328
vn -0.415668491 0.572193705 0.706975296
vn 0.507659033 0.492192164 -0.707127414
vn 0.516915179 0.480263689 -0.708622245
vn 0.482713469 0.514324344 -0.708842842
vn -0.706404911 -0.025918554 -0.707333253
vn -0.705190606 -0.0083264735 -0.708968885
vn -0.70289535 -0.0568910581 -0.709014482
vn -0.0757742651 0.0957656251 0.992515595
vn -0.000521031791 0.000663694461 0.999999644
vn -0.000540352546 0.000642718983 0.999999647
vn 0.0248460884 -0.109104061 0.993719767
vn 0.000765264708 -0.00208936439 0.999997524
vn 0.000898416812 -0.00172311781 0.999998112
vn 0.671592222 0.219966844 -0.707515706
vn 0.675328254 0.204082578 -0.708718597
vn 0.659083779 0.251302568 -0.70884102
vn -0.482836472 -0.875710523 -0.000147430135
vn -0.474917472 -0.880030335 6.41259322e-05
vn -0.445890023 -0.895087747 0.000114903439
vn 0.667024719 -0.666925776 -0.332096422
vn 0.691626142 -0.69176812 -0.207629833
vn 0.689147495 -0.688701056 -0.225314416
vn 0.680512615 0.681212374 -0.26991162
vn 0.688399673 0.6878196 -0.230239198
vn 0.70327042 0.702699467 -0.107815465
vn 0.86506297 0.501663099 0.000438611818
vn 0.843656112 0.536883765 0.000432957511
vn 0.847538592 0.530733706 0.000262326852
vn -0.541814455 0.454643525 0.706920337
vn -0.55714556 0.435336251 0.707157106
vn -0.557152286 0.435338121 0.707150656
vn -0.55714556 0.435336251 0.707157106
vn -0.572197494 0.415665535 0.706973967
vn -0.572179746 0.41567088 0.706985189
vn -0.912373024 -0.40935833 0.00110598574
vn -0.913568195 -0.406684993 -0.000685118485
vn -0.927219482 -0.374517638 -0.000755701017
vn -0.72858221 0.684958345 -0.00017185179
vn -0.744314346 0.66782943 7.75738417e-05
vn -0.713344049 0.700813663 0.00069102128
vn 0.513654749 -0.48344747 -0.708828147
vn 0.508000254 -0.492338806 -0.706780194
vn 0.492014906 -0.507638415 -0.70726556
vn -0.115943958 -0.0330913042 0.992704369
vn -0.000924584611 -0.000375233786 0.999999502
vn -0.000744353913 -0.000430420822 0.99999963
vn 0 0 -1
vn 0 0 -1
vn 0 0 -1
vn -0.507537757 0.861628728 -0.00116679392
vn -0.470254591 0.882529894 -0.00126693287
vn -0.447389221 0.894338679 0.00110124786
vn -0.520579808 0.853811372 0.0016744189
vn -0.497777797 0.867296767 -0.0036854351
vn -0.470602845 0.882338712 -0.00337026249
vn -0.860030941 -0.510241777 0.000330683213
vn -0.83532895 -0.549750039 -0.000663589347
vn -0.847951727 -0.530072104 0.00119715419
vn -0.91247604 0.409130083 -0.00022831189
vn -0.914198011 0.405267729 0.000255354106
vn -0.927265349 0.374404789 0.000160114069
vn 0.4715284 0.526312875 -0.707570297
vn 0.482713469 0.514324344 -0.708842842
vn 0.444997545 0.547287914 -0.708839279
vn 0.485733104 0.874106793 -0.000815362524
vn 0.466916779 0.884300488 0.00116978833
vn 0.436764497 0.899575687 0.000597868623
vn 0.641160341 -0.767405894 0.0012690067
vn 0.658260076 -0.752789104 0.00149544415
vn 0.635286178 -0.772276062 -0.00107498415
vn 0.00125224498 -0.706761151 -0.707451134
vn -0.0169993555 -0.704906068 -0.70909693
vn 0.0321604354 -0.704363775 -0.709110272
vn 0.700084777 -0.0983778124 0.707250388
vn 0.700031069 -0.0983563551 0.707306532
vn 0.696521518 -0.122843064 0.706942258
vn 0.743117699 -0.669160732 0
vn 0.743117501 -0.669160952 0
vn 0.766045301 -0.642786587 0
vn 0.342313397 -0.939585832 -4.17084361e-05
vn 0.354497422 -0.935056897 0.000419698934
vn 0.376418095 -0.926449372 0.000989928792
vn -0.612888513 0.352138041 -0.707365868
vn -0.604512144 0.364489435 -0.70831668
vn -0.62699188 0.322939909 -0.708936526
vn -0.0971198927 -0.700125832 -0.707383592
vn -0.114742132 -0.695903743 -0.708909178
vn -0.0660689051 -0.702022102 -0.709083823
vn -0.784343111 -0.620327225 0.000134420143
vn -0.756121051 -0.654430698 -0.00119060815
vn -0.766269904 -0.642516707 0.00164764686
vn -0.6692856 0.74300242 0.00204685914
vn -0.684703789 0.728821122 0.00070193127
vn -0.655820807 0.754915619 -0.00121549591
vn 0.3852024 -0.922832114 -2.01619728e-05
vn 0.352407748 -0.935846552 0.000100204239
vn 0.379210026 -0.925310627 2.55874823e-05
vn -0.834487494 0.551026878 -3.7464193e-05
vn -0.832690671 0.553738425 -5.5069374e-05
vn -0.838698504 0.544596015 -5.71870303e-06
vn 0.0969106317 0.700193276 -0.707345535
vn 0.11344203 0.696108905 -0.70891699
vn 0.0643445228 0.702366563 -0.708901258
vn -0.288404291 0.645748687 -0.706987693
vn -0.271062342 0.651179546 -0.708865576
vn -0.308167399 0.635105434 -0.708289448
vn 0.496634803 -0.867959128 -0.000908039147
vn 0.468301309 -0.883567063 -0.00176913459
vn 0.437358236 -0.899286102 0.00150987601
vn 0.0248460884 -0.109104061 0.993719767
vn 0.00326124344 -0.124434278 0.992222493
vn 0.000217418955 -0.00184984678 0.999998265
vn 0.109686715 -0.0583905864 0.992249648
vn 0.00263724108 -0.00116332948 0.999995846
vn 0.0024559755 -0.000822673587 0.999996646
vn 0.890095741 -0.455766544 -0.00253559564
vn 0.914156352 -0.405359823 0.00125599114
vn 0.92009258 -0.391700211 0.000767292461
vn 0.925449709 0.378868507 0.00122087536
vn 0.91059021 0.413309356 0.000920217171
vn 0.899501793 0.436914977 -0.00135160004
vn -0.14581109 -0.691905055 -0.707111392
vn -0.162528558 -0.686254679 -0.708970369
vn -0.114742132 -0.695903743 -0.708909178
vn 0.000461337354 0.000941622233 0.99999945
vn 0.000282701564 0.0013251515 0.999999082
vn 0.00841694817 0.113436191 0.99350963
vn -0.308167399 0.635105434 -0.708289448
vn -0.341356592 0.61780414 -0.708373998
vn -0.33167298 0.625200718 -0.706482198
vn -0.00622928533 -0.999980598 1.17055846e-05
vn -0.00623016819 -0.999980592 1.16776321e-05
vn -0.0902083568 -0.995922898 -0.000185531472
vn -0.447223466 -0.894422255 2.18040832e-05
vn -0.394862165 -0.918740368 8.88184927e-05
vn -0.391838968 -0.920033813 7.60966723e-05
vn -0.999055289 0.0434561493 -0.000304912486
vn -0.999055462 0.043452163 -0.000304883118
vn -0.994409941 0.105588193 -5.07775887e-05
vn -0.700270507 0.713877592 1.25754347e-05
vn -0.713290955 0.700868035 -0.000103740644
vn -0.713344049 0.700813663 0.00069102128
vn -0.444487253 -0.895785171 -0.000100442269
vn -0.445890023 -0.895087747 0.000114903439
vn -0.412608723 -0.910908357 7.96030688e-05
vn -0.489983852 -0.871716245 0.00515877575
vn -0.462889564 -0.886395301 0.00605154433
vn -0.437952691 -0.898977803 -0.00602908191
vn -0.440013259 0.897990941 0.000775259919
vn -0.438795133 0.898586419 -0.00113090112
vn -0.407089457 0.913388285 0.000119667512
vn -0.913833802 -0.406086 0.00139372366
vn -0.899074459 -0.437792671 0.00164145446
vn -0.8838163 -0.467831016 -0.00169963191
vn 0.438823673 0.898572689 0.000951873843
vn 0.406862183 0.913489133 0.000876606238
vn 0.406722277 0.913551806 -0.000293882796
vn 0.897647349 0.440713062 0.00111111746
vn 0.898786684 0.438385675 -0.00070382697
vn 0.913552779 0.406719722 -0.000623026875
vn -0.624315832 0.331996787 0.70711235
vn -0.635579942 0.309975027 0.707073985
vn -0.635606516 0.309976304 0.707049537
vn 0.353529224 -0.61241384 0.707083005
vn 0.353530319 -0.612460914 0.707041684
vn 0.331899116 -0.623931846 0.707497016
vn 0.780855645 0.624711493 0.000107873966
vn 0.790228293 0.612812568 3.70942246e-05
vn 0.743482137 0.668755792 5.38845251e-05
vn 0.290000845 -0.957026386 8.23855849e-05
vn 0.240356583 -0.970684661 4.31688547e-05
vn 0.248870416 -0.968536791 6.26798128e-07
vn 0.561171903 0.827698191 0.00134188138
vn 0.531194674 0.84724901 0.00115472576
vn 0.529953534 0.848026625 -0.000308449697
vn -0.979681209 -0.200561035 -9.06495839e-06
vn -0.980344324 -0.197294211 3.17602653e-05
vn -0.989125273 -0.147075469 2.79577069e-06
vn 0.736263082 -0.676695393 -0.000138288317
vn 0.795230837 -0.60630677 -0.000130455543
vn 0.791511881 -0.611153772 -0.000102053809
vn -0.292304058 -0.956325435 1.43531874e-05
vn -0.257766649 -0.966207201 -1.84463435e-05
vn -0.264772537 -0.964310895 2.09730754e-05
vn 0.791193601 0.611565766 8.02060364e-06
vn 0.796914423 0.604092213 -2.86575874e-05
vn 0.790228293 0.612812568 3.70942246e-05
vn -0.961946715 -0.273237106 2.959907e-05
vn -0.961275188 -0.275590291 6.4154037e-05
vn -0.970284776 -0.241965805 4.81177384e-05
vn 0.808164887 -0.588956291 -5.75639528e-05
vn 0.808167021 -0.588953362 -5.75621002e-05
vn 0.825468283 -0.564448504 1.41768358e-05
vn 0.998211328 -0.0597841407 -2.60708567e-05
vn 0.99999952 0.000979657806 -2.58941924e-05
vn 0.999999523 0.000976311683 -2.5904892e-05
vn -0.901516436 -0.43274486 3.30301845e-05
vn -0.905355644 -0.424654162 2.41021756e-05
vn -0.886707976 -0.462329932 6.56928625e-06
vn 0.537740525 -0.843110378 -0.000136191214
vn 0.527922788 -0.849292364 -0.00010098836
vn 0.544580083 -0.838708849 -1.91354541e-06
vn 0.706481128 -0.0246567697 0.707302241
vn 0.706473349 -0.0246462449 0.707310377
vn 0.705410074 -0.0493293151 0.707080792
vn -0.376370998 0.926469033 5.79713454e-05
vn -0.367331165 0.930090219 2.11764393e-05
vn -0.400296374 0.916385733 4.08371945e-05
vn -0.831164075 0.556027202 -0.000174808277
vn -0.833656282 0.552283626 8.51187422e-06
vn -0.838698504 0.544596015 -5.71870303e-06
vn -0.572197494 0.415665535 0.706973967
vn -0.58620793 0.395467015 0.707082812
vn -0.58622198 0.395469776 0.707069619
vn -0.696522123 -0.122843706 0.706941551
vn -0.700031336 -0.0983521039 0.707306858
vn -0.700085115 -0.0983746953 0.707250487
vn -0.353529029 0.612454522 0.707047866
vn -0.353527699 0.612405785 0.707090744
vn -0.374685575 0.5996785 0.707104247
vn -0.999974693 0.00711431422 2.69895235e-05
vn -0.999990656 0.00432263181 4.52730316e-05
vn -0.998780028 0.0493807167 -3.68451407e-05
vn 0.961275519 -0.275589139 5.93003206e-05
vn 0.951017559 -0.309136868 -4.92918025e-06
vn 0.952361288 -0.304972094 1.09168043e-05
vn -0.376763106 -0.926309647 1.55175876e-05
vn -0.381540934 -0.924351942 5.36365014e-05
vn -0.354257949 -0.935147663 -0.000392211319
vn -0.344292431 -0.938858009 -0.00289156309
vn -0.374417227 -0.927232339 -0.00720626127
vn -0.398125717 -0.917323074 0.00378030128
vn 0.0246480387 0.706479968 0.707303704
vn 0.0246583802 0.706488375 0.707294945
vn -2.99650144e-07 0.707065832 0.707147728
vn 0.557946164 -0.434341459 -0.707137593
vn 0.546016212 -0.446621802 -0.708798463
vn 0.575219179 -0.40797994 -0.708995955
vn 0.624248931 -0.78122158 0.00247308522
vn 0.641160341 -0.767405894 0.0012690067
vn 0.606919183 -0.794761299 -0.00189286083
vn -0.945151682 0.326631744 4.2585855e-05
vn -0.93018572 0.367089259 3.91006925e-05
vn -0.930662032 0.365880011 1.43786291e-05
vn 0.499552057 -0.866283802 0.0003424727
vn 0.52907095 -0.848577462 0.000469609667
vn 0.525351732 -0.850885021 0.000487975017
vn -0.0998168526 0.699786315 -0.707344124
vn -0.0828524937 0.700416114 -0.708909537
vn -0.131492318 0.69295592 -0.708887765
vn -0.000939527759 0.00136404531 0.999998628
vn -0.14354019 0.0891624924 0.985619736
vn -0.0912192785 0.0760272686 0.992924417
vn 0.635286178 -0.772276062 -0.00107498415
vn 0.658260076 -0.752789104 0.00149544415
vn 0.673929736 -0.738793953 0.00148504701
vn 0.705040616 -0.709166926 2.24225418e-05
vn 0.712772742 -0.70139505 -4.76775068e-05
vn 0.707043448 -0.707170108 -3.68210156e-05
vn 0.769411489 -0.638742961 0.00365925345
vn 0.781443355 -0.623963414 0.00399260874
vn 0.812573833 -0.582854974 -0.00196072362
vn 0.689016504 -0.688360316 0.226751699
vn 0.681529849 -0.681946545 0.26545428
vn 0.651219519 -0.651663693 0.388905604
vn -0.686206981 -0.686807915 0.239613996
vn -0.679132987 -0.678662826 0.279633965
vn -0.647450696 -0.646888803 0.402917451
vn -0.75556241 -0.65507667 7.35299713e-06
vn -0.732372129 -0.680904593 -1.51525666e-05
vn -0.736421558 -0.67652294 5.3270976e-06
vn 0.311008094 0.950407263 -1.64576449e-05
vn 0.324065882 0.946034515 -2.84255537e-05
vn 0.298648553 0.95436316 1.45779767e-05
vn -0.192993506 0.981200034 2.17628693e-05
vn -0.201794223 0.97942794 4.99193487e-05
vn -0.154620674 0.987973908 6.43715162e-05
vn -0.763427155 0.645893469 0.000777780096
vn -0.785734772 0.618561625 0.00154410873
vn -0.78805616 0.615603241 -0.000371282235
vn -0.243109459 0.663711393 -0.707378949
vn -0.226480567 0.667938154 -0.708918313
vn -0.271062342 0.651179546 -0.708865576
vn -0.68627636 -0.171163748 0.706914231
vn -0.691831392 -0.147048097 0.706927282
vn -0.691829955 -0.14704744 0.706928825
vn -0.415669126 -0.572177844 0.70698776
vn -0.435336764 -0.557158524 0.707146577
vn -0.435337332 -0.557151054 0.707152112
vn 0.242930098 -0.663695272 -0.70745569
vn 0.225026036 -0.668267651 -0.709070963
vn 0.271141504 -0.650841008 -0.709146153
vn 0.415666266 0.572194196 0.706976207
vn 0.395470781 0.586205576 0.707082658
vn 0.395471344 0.586219086 0.707071142
vn 0.147047751 -0.691834953 0.706923869
vn 0.122845562 -0.696523972 0.706939407
vn 0.122869322 -0.696557649 0.706902095
vn -0.599683604 -0.374689473 0.707097853
vn -0.599668739 -0.374699144 0.707105335
vn -0.612442393 -0.35354222 0.707051776
vn 0.860379044 0.509654608 0.00028645126
vn 0.86662946 0.498952024 -0.000506524892
vn 0.882774681 0.469794794 -0.00130921889
vn 0.763338912 -0.645997693 0.000828482023
vn 0.785798735 -0.61848039 0.00153481333
vn 0.788046028 -0.615616222 -0.000353310734
vn 0.447179265 -0.894442275 0.00192920878
vn 0.438997883 -0.898484385 -0.00258235231
vn 0.407050608 -0.913404885 -0.00114842361
vn -0.286329929 -0.646223972 -0.707396458
vn -0.302136248 -0.63713504 -0.709064615
vn -0.25701899 -0.65658422 -0.709110993
vn -0.305585392 0.952164675 -6.8006213e-06
vn -0.309025624 0.951053705 0.000120729721
vn -0.275598831 0.961272741 4.39365406e-05
vn 0.59033348 0.807158078 0.00148978264
vn 0.561171903 0.827698191 0.00134188138
vn 0.5591445 0.829070155 -0.000325194707
vn -0.93669199 -0.350154121 0.000455280674
vn -0.927712904 -0.373292798 0.00112033552
vn -0.920371874 -0.391043567 -0.000735959026
vn 0.680241063 -0.186186631 -0.708947554
vn 0.679696552 -0.196160001 -0.706777087
vn 0.672465585 -0.217044997 -0.707588514
vn -0.339029659 -0.940775685 2.00292463e-05
vn -0.37169667 -0.928354235 -1.60050008e-06
vn -0.353649477 -0.935378023 4.06965751e-05
vn -0.231640857 -0.972801374 1.56827243e-05
vn -0.264772537 -0.964310895 2.09730754e-05
vn -0.257766649 -0.966207201 -1.84463435e-05
vn -0.0480933664 -0.705169242 -0.707406085
vn -0.0660689051 -0.702022102 -0.709083823
vn -0.0169993555 -0.704906068 -0.70909693
vn 0.669130685 0.743144753 5.65133052e-05
vn 0.642689879 0.766125972 0.000845324882
vn 0.642623718 0.766181881 0.000286377441
vn 0.989379211 -0.145357398 6.75072067e-05
vn 0.993236883 -0.116105525 -2.67450191e-05
vn 0.980921959 -0.194401927 2.82319589e-05
vn 0.263477448 0.655890413 -0.707380661
vn 0.278194339 0.648281636 -0.708758654
vn 0.234374577 0.665327039 -0.708807794
vn -0.74404077 0.668134197 -0.000163632892
vn -0.739218745 0.673465401 -1.24759032e-07
vn -0.743065902 0.66921825 1.12346462e-05
vn 0.774365116 -0.632737687 -0.00129889346
vn 0.753678644 -0.657241194 0.00158573901
vn 0.769411489 -0.638742961 0.00365925345
vn 0.485235676 -0.874382409 0.0013192908
vn 0.527734067 -0.849409622 0.000218972735
vn 0.500213165 -0.865901919 0.000810281461
vn -0.85873974 0.512411956 -0.000216654707
vn -0.870368939 0.492400099 0.000227889696
vn -0.884924286 0.465734331 0.000735512629
vn -0.00142392874 0.000204473511 0.999998965
vn -0.000434371813 0.000232272533 0.999999879
vn -0.00124345914 -0.000691749372 0.999998988
vn 0.694905749 -0.719100824 6.27281326e-05
vn 0.700837141 -0.713321096 0.000561923958
vn 0.667961327 -0.744195843 -0.000461604133
vn 0.540391278 0.455733548 -0.707307712
vn 0.548905219 0.443248561 -0.708684537
vn 0.516915179 0.480263689 -0.708622245
vn 0.703062102 -0.0726396053 -0.707408771
vn 0.699255033 -0.0907444859 -0.709089442
vn 0.704033746 -0.0426448741 -0.708884969
vn 0.945224204 -0.32642182 -6.76642715e-06
vn 0.950339847 -0.311214028 -6.80212101e-05
vn 0.938486861 -0.345314945 1.02013354e-05
vn 0.84796305 -0.530055055 0.000551242391
vn 0.830691927 -0.556732292 0.000279078782
vn 0.854996894 -0.518629953 0.00181186671
vn 0.874966817 -0.484173486 0.00301751058
vn 0.896400349 -0.443243542 0.00125593185
vn 0.898296069 -0.439385986 -0.00203165471
vn 0.654890648 0.26625013 -0.707268766
vn 0.659083779 0.251302568 -0.70884102
vn 0.640977603 0.295215271 -0.708516518
vn -0.694819753 0.719182258 0.00154621423
vn -0.680983415 0.732297411 -0.00144591809
vn -0.713349773 0.700807765 -0.000760206322
vn -0.600313632 0.799764651 0.000212994742
vn -0.586131622 0.810214684 -0.00137393523
vn -0.559916566 0.828547254 -0.00169888549
vn 0.623661229 0.330867206 -0.708218585
vn 0.604647282 0.364297184 -0.708300237
vn 0.613409882 0.353042189 -0.706462688
vn -0.952159309 -0.305602111 1.54537396e-05
vn -0.951053165 -0.309027272 0.000152405244
vn -0.961275188 -0.275590291 6.4154037e-05
vn 0.351893977 0.936039786 0.000384324771
vn 0.354289427 0.935135802 -0.000183877775
vn 0.396208719 0.918160346 -0.000479443476
vn 0.373954673 -0.927445697 0.00154327888
vn 0.405955367 -0.913891544 0.00157663747
vn 0.437101917 -0.899410282 -0.00174913073
vn -0.0757742651 0.0957656251 0.992515595
vn -0.0579793427 0.0944369021 0.993841067
vn -0.000639201615 0.000800950404 0.999999475
vn 0.522498211 0.852640246 0.000479615546
vn 0.52203039 0.852926813 -0.000352744405
vn 0.556922663 0.830564303 0.000293138751
vn 0.700831286 0.0973320145 -0.706655494
vn 0.703002995 0.0739461499 -0.70733214
vn 0.702160541 0.072565921 -0.708311204
vn 0.406862183 0.913489133 0.000876606238
vn 0.374381159 0.927274535 0.000828074242
vn 0.374540955 0.927210331 -0.000272832724
vn 0.880877018 0.473343492 0.00127174938
vn 0.882774681 0.469794794 -0.00130921889
vn 0.898786684 0.438385675 -0.00070382697
vn -0.999055462 0.043452163 -0.000304883118
vn -0.999055289 0.0434561493 -0.000304912486
vn -0.994347014 0.106178742 -0.000300558761
vn -0.529890838 0.848065858 0
vn -0.559229037 0.829013199 0
vn -0.559228803 0.829013357 0
vn -0.000573197056 -0.000988514456 0.999999347
vn -0.00050748529 -0.00124656827 0.999999094
vn -0.0496695121 -0.109301814 0.992766867
vn -0.860030941 -0.510241777 0.000330683213
vn -0.8667339 -0.498770023 -0.000900564182
vn -0.882656752 -0.470015913 -0.00144874817
vn -0.939563697 -0.342374088 -0.000205702353
vn -0.934861866 -0.355011354 0.000478345944
vn -0.925905803 -0.377752832 0.00111446283
vn -0.787954111 -0.615724638 -0.00338954114
vn -0.81176094 -0.583986743 -0.00191329088
vn -0.769255826 -0.638926156 0.0043407274
vn 0.116651165 -0.0139119208 0.993075508
vn 0.00397598418 -0.000405367057 0.999992014
vn 0.0052479233 -0.00110694433 0.999985617
vn 0.831513127 -0.55550507 0.000191634104
vn 0.832068276 -0.554673202 0.000153614734
vn 0.851675084 -0.524070138 0.000206898823
vn -0.898465746 0.439042357 0.00105401959
vn -0.913225831 0.407452763 0.000909484517
vn -0.913581461 0.406655593 -0.000377945149
vn 0.401940667 -0.579653492 -0.708833922
vn 0.394600111 -0.587155606 -0.706780763
vn 0.375712709 -0.598824527 -0.707282932
vn 0.994518058 -0.10456496 2.6316761e-05
vn 0.990270301 -0.139157212 3.36399186e-05
vn 0.990479752 -0.13765849 1.13233107e-05
vn 0.477804019 0.878466457 6.06272822e-05
vn 0.494526802 0.869162379 2.73453879e-05
vn 0.458773253 0.888553376 -7.55300728e-07
vn 0.206363655 0.978475366 1.80699287e-05
vn 0.17221504 0.985059379 1.92544551e-05
vn 0.173579808 0.984819805 4.05041673e-05
vn -0.985046974 -0.172285977 1.62009972e-05
vn -0.984820341 -0.173576768 3.60589829e-05
vn -0.990264957 -0.139195234 3.17867636e-05
vn 0.984800906 0.173687002 1.41074274e-05
vn 0.990260336 0.13922811 -1.26479101e-06
vn 0.990286116 0.139044628 -1.40442012e-06
vn -0.312713112 0.949847624 1.24816386e-05
vn -0.310939527 0.950429698 6.11922509e-06
vn -0.343954207 0.938986424 4.59764398e-06
vn -0.65479197 -0.26586584 -0.707504651
vn -0.659872197 -0.248309956 -0.709162076
vn -0.641006319 -0.293648676 -0.709141279
vn -0.994514098 -0.104602625 -1.07324073e-05
vn -0.990256556 -0.139254995 7.2644635e-07
vn -0.990262048 -0.139215934 3.36448335e-06
vn -0.240570647 -0.664556496 -0.707453481
vn -0.25701899 -0.65658422 -0.709110993
vn -0.210522645 -0.67285172 -0.709190227
vn -0.65644535 -0.75437358 6.05790543e-05
vn -0.706540579 -0.70767253 2.6287227e-05
vn -0.703164569 -0.711027137 -1.03112187e-05
vn -0.453444117 -0.542217247 -0.707381715
vn -0.466198876 -0.52906199 -0.709050082
vn -0.428206148 -0.560249927 -0.709055367
vn -0.712531169 -0.701640446 0.000133984362
vn -0.700755564 -0.713401405 -0.000273018417
vn -0.691733045 -0.722153109 0.000529585975
vn 0.570888698 0.416906595 -0.707301199
vn 0.578474217 0.403940584 -0.708660416
vn 0.548905219 0.443248561 -0.708684537
vn -0.0507730173 0.705065849 -0.707321885
vn -0.0338915809 0.704496978 -0.708897291
vn -0.0828524937 0.700416114 -0.708909537
vn -0.58970921 -0.807614787 0.00118440248
vn -0.555502826 -0.831514647 5.18520495e-05
vn -0.559504269 -0.828827439 0.000221947178
vn 0.743342969 -0.6689075 0.00199669779
vn 0.753678644 -0.657241194 0.00158573901
vn 0.774365116 -0.632737687 -0.00129889346
vn -0.785734772 0.618561625 0.00154410873
vn -0.807460484 0.589920042 0.00138278107
vn -0.808982133 0.587833166 -0.000277613144
vn 0.409858931 -0.912148332 0.00103737295
vn 0.407050608 -0.913404885 -0.00114842361
vn 0.374594398 -0.927188594 -0.000589443208
vn 0.043556158 0.107918524 0.993205142
vn 0.0584475667 0.0994974103 0.993319761
vn 0.000784660308 0.00148601195 0.999998588
vn 0.202034887 -0.979378325 2.02180305e-05
vn 0.198524505 -0.980095924 1.35469864e-05
vn 0.248870416 -0.968536791 6.26798128e-07
vn 0.642689879 0.766125972 0.000845324882
vn 0.618302319 0.785938902 0.00151142312
vn 0.61539858 0.788216047 -0.000223047535
vn 0.915268069 -0.402845206 0.000319723973
vn 0.928133863 -0.372246004 0.000666869875
vn 0.927245514 -0.374453938 7.50011181e-05
vn -0.045880396 0.119201698 0.99180943
vn -0.000463723261 0.00126138321 0.999999097
vn -0.000510256915 0.00118220284 0.999999171
vn -0.406231272 -0.913743477 -0.00700082475
vn -0.437952691 -0.898977803 -0.00602908191
vn -0.462889564 -0.886395301 0.00605154433
vn -0.299226859 -0.954181997 5.38012698e-05
vn -0.339029659 -0.940775685 2.00292463e-05
vn -0.339025242 -0.940777277 2.00043349e-05
vn -0.584419541 0.396108414 -0.708203307
vn -0.604512144 0.364489435 -0.70831668
vn -0.599836079 0.375713216 -0.706424984
vn 0.618302319 0.785938902 0.00151142312
vn 0.59033348 0.807158078 0.00148978264
vn 0.587847688 0.808971555 -0.000344942428
vn 0.97028648 0.241958974 4.54870092e-05
vn 0.970875656 0.239583933 1.07525036e-05
vn 0.962019303 0.272981429 1.13259245e-05
vn 0.275593227 -0.961274347 5.17157434e-05
vn 0.273760915 -0.961797775 2.50894009e-05
vn 0.305622384 -0.952152802 9.14223757e-06
vn -0.743065902 0.66921825 1.12346462e-05
vn -0.739218745 0.673465401 -1.24759032e-07
vn -0.744093165 0.668075846 -0.000159015061
vn -0.273164424 0.961967358 8.58308712e-06
vn -0.275598831 0.961272741 4.39365406e-05
vn -0.241964514 0.970285098 4.46202385e-05
vn 0.173579292 -0.984819896 3.13018247e-05
vn 0.172429497 -0.985021862 1.4240321e-05
vn 0.206598492 -0.978425809 1.59982502e-05
vn -0.977905983 0.209045171 -6.82320893e-05
vn -0.976247851 0.216656716 5.85297724e-06
vn -0.977000741 0.213235906 8.53866733e-07
vn 0.273497245 0.961872786 2.63130906e-05
vn 0.240104411 0.970747069 2.06834869e-05
vn 0.241964472 0.970285109 4.86914173e-05
vn -0.542391095 0.453388997 -0.70728376
vn -0.530133119 0.46520742 -0.708901215
vn -0.560346841 0.428599089 -0.708741306
vn 0.897175126 0.441674974 -0.00010182544
vn 0.924932939 0.380130308 -8.48668826e-05
vn 0.923882839 0.382675438 -9.21196476e-05
vn -0.27306092 -0.961996743 1.99169846e-05
vn -0.239753784 -0.970833725 1.72245201e-05
vn -0.241962817 -0.970285521 4.95470697e-05
vn 0.699315123 -0.699636452 0.146516873
vn 0.702233934 -0.701882386 0.119283774
vn 0.707278712 -0.706887408 0.00818629334
vn 0.712625416 -0.701544734 -5.97562988e-05
vn 0.729070492 -0.684438295 0.00066236023
vn 0.730712229 -0.682685608 -1.53912114e-05
vn -0.599681299 0.374687064 0.707101085
vn -0.612454963 0.353553481 0.707035257
vn -0.612441058 0.353542086 0.707053
vn 0.703200342 -0.0738483148 0.70714617
vn 0.705451194 -0.0493402596 0.707039003
vn 0.705410074 -0.0493293151 0.707080792
vn 0.706128287 -0.706606674 0.0457148881
vn 0.707278712 -0.706887408 0.00818629334
vn 0.703060759 -0.702479554 -0.110580498
vn -0.414469854 -0.572563313 -0.707379667
vn -0.428206148 -0.560249927 -0.709055367
vn -0.3881148 -0.588717087 -0.709069174
vn 0.655688951 -0.263582591 -0.707528244
vn 0.647096198 -0.279855065 -0.709188024
vn 0.665088925 -0.233739724 -0.709240766
vn -0.615938873 0.787793003 0.00122003915
vn -0.600313632 0.799764651 0.000212994742
vn -0.642323652 0.766432737 -0.00108911955
vn 0.777135873 0.629331906 -0.0010896776
vn 0.750694613 0.660648917 -0.00077890248
vn 0.765896116 0.642962374 0.0015891727
vn -0.684703789 0.728821122 0.00070193127
vn -0.700270507 0.713877592 1.25754347e-05
vn -0.682516412 0.730870264 -6.69780509e-05
vn 0.484726038 0.874666029 -8.25165401e-05
vn 0.486645961 0.87359928 -8.6304927e-05
vn 0.509773084 0.8603089 1.90014492e-05
vn -0.707077268 0.707128111 -0.00340164594
vn -0.700642552 0.700044538 -0.137977024
vn -0.701680371 0.701530346 -0.124498317
vn 0.743166205 0.669105348 0.00142324482
vn 0.750694613 0.660648917 -0.00077890248
vn 0.726363279 0.687310672 -0.000653626489
vn -0.707077268 0.707128111 -0.00340164594
vn -0.707049394 0.707163119 -0.00121556122
vn -0.701772093 0.701801478 0.122436169
vn -0.509476823 0.489960743 -0.707369661
vn -0.496501707 0.500900619 -0.708932032
vn -0.530133119 0.46520742 -0.708901215
vn -0.49009864 -0.509347066 -0.707367577
vn -0.501983231 -0.495250111 -0.709041722
vn -0.466198876 -0.52906199 -0.709050082
vn -0.0653169311 -0.0900026792 0.993797372
vn -0.0920025905 -0.0780132753 0.992698067
vn -0.000577916805 -0.000773755551 0.999999534
vn 0.91059021 0.413309356 0.000920217171
vn 0.894733178 0.446600491 0.000735699413
vn 0.884904489 0.465771341 -0.00105048838
vn -0.989722297 -0.14300271 -1.39326855e-05
vn -0.989125273 -0.147075469 2.79577069e-06
vn -0.993647688 -0.112535641 4.07101479e-05
vn -0.642323652 0.766432737 -0.00108911955
vn -0.680983415 0.732297411 -0.00144591809
vn -0.668946298 0.743309228 0.00149750645
vn -0.847829962 -0.530266561 -0.00131545548
vn -0.865664718 -0.500620423 -0.00194606743
vn -0.884293142 -0.466928247 0.00191066975
vn 0.719492688 0.694499983 -0.000214729346
vn 0.702430601 0.711752231 -0.00011727181
vn 0.700297093 0.713851308 0.000539621669
vn -0.897633005 -0.440742219 0.00113335828
vn -0.898809737 -0.438338492 -0.000650017251
vn -0.913568195 -0.406684993 -0.000685118485
vn 0.685848457 0.172472845 -0.707011324
vn 0.687837712 0.157468049 -0.708578221
vn 0.675328254 0.204082578 -0.708718597
vn 0.696322855 -0.121548339 -0.707361635
vn 0.691500944 -0.138973903 -0.708881301
vn 0.699255033 -0.0907444859 -0.709089442
vn -0.882950983 0.469464283 0.000921400926
vn -0.898465746 0.439042357 0.00105401959
vn -0.898829203 0.438298991 -0.0002396968
vn -0.672903161 -0.739730576 -0.000106122611
vn -0.669105799 -0.743165998 0.00131501601
vn -0.694605204 -0.719389768 0.00140440971
vn -0.742948663 -0.669346647 0.00153314685
vn -0.756121051 -0.654430698 -0.00119060815
vn -0.725632555 -0.688081986 -0.000759456488
vn 0.352055645 0.612997184 -0.707312714
vn 0.364255189 0.604246079 -0.708664118
vn 0.321502489 0.628093803 -0.708614369
vn -0.684994819 -0.728547754 0.000518159244
vn -0.65425665 -0.756272504 -0.000369082413
vn -0.691733045 -0.722153109 0.000529585975
vn 0.686390278 -0.169945254 -0.707097587
vn 0.680241063 -0.186186631 -0.708947554
vn 0.691500944 -0.138973903 -0.708881301
vn 0.785798735 -0.61848039 0.00153481333
vn 0.807687156 -0.589609959 0.00124692529
vn 0.808993398 -0.587817668 -0.000268374948
vn 0.860379044 0.509654608 0.00028645126
vn 0.832275316 0.554362466 -0.000235957788
vn 0.847958242 0.530061826 0.00113139124
vn -0.877467713 0.479635396 -0.000547399138
vn -0.884924286 0.465734331 0.000735512629
vn -0.899715701 0.436476191 0.000439525339
vn -0.19356854 -0.679617815 -0.707566849
vn -0.210522645 -0.67285172 -0.709190227
vn -0.162528558 -0.686254679 -0.708970369
vn -0.46929014 -0.883026903 -0.00550031246
vn -0.498097482 -0.867114616 -0.00333765411
vn -0.519012995 -0.854763519 0.00219943773
vn -0.045880396 0.119201698 0.99180943
vn -0.0200287671 0.0656738159 0.997640115
vn 5.1167732e-05 0.000969806924 0.999999528
vn -0.00145439592 0.706832455 -0.707379506
vn 0.0153551735 0.705132708 -0.70890908
vn -0.0338915809 0.704496978 -0.708897291
vn 0.360187425 -0.606284055 -0.709002583
vn 0.352735161 -0.6132434 -0.706760524
vn 0.332992228 -0.623336974 -0.707507733
vn -0.144548629 -0.989497689 -0.000132877762
vn -0.126328415 -0.991988471 6.7269091e-05
vn -0.106804041 -0.994280089 3.61670554e-05
vn -0.0496695121 -0.109301814 0.992766867
vn -0.000371421765 -0.0013046234 0.99999908
vn -0.000414446209 -0.00138994204 0.999998948
vn 0.965158655 -0.261665378 -2.70129535e-05
vn 0.957256222 -0.289241291 -2.96862953e-05
vn 0.975466397 -0.220148376 4.89023491e-06
vn 0.649100158 -0.760702936 -0.000168160921
vn 0.684419112 -0.729088264 -0.000884386092
vn 0.668863452 -0.743383441 0.00165609649
vn -0.695869941 -0.123928621 -0.707394319
vn -0.697172107 -0.105595738 -0.709084334
vn -0.688159114 -0.153978781 -0.70903284
vn 0.531194674 0.84724901 0.00115472576
vn 0.50114572 0.865362226 0.00108868617
vn 0.50006046 0.865990436 -0.000317029843
vn 0.990268914 0.139167081 2.64518577e-05
vn 0.990450529 0.137868594 6.5839006e-06
vn 0.985104191 0.171958519 7.20225026e-06
vn 0.981832782 0.189748217 -3.88251359e-05
vn 0.96690558 0.255134474 -1.40911187e-05
vn 0.969047984 0.246872445 -1.64637257e-06
vn -0.763427155 0.645893469 0.000777780096
vn -0.766528463 0.642210225 0.000378365122
vn -0.743156976 0.669115728 0.00136083121
vn 0.851143186 0.524933579 -0.000122573635
vn 0.824804569 0.565417902 -0.000137079016
vn 0.824795866 0.565430598 -0.000137117884
vn -0.913225831 0.407452763 0.000909484517
vn -0.92708986 0.37483808 0.000897111886
vn -0.927181477 0.374612329 -0.000334932962
vn 0.21773454 0.672949475 -0.706916313
vn 0.234374577 0.665327039 -0.708807794
vn 0.196103666 0.678283227 -0.708149148
vn -0.9357907 0.352556043 4.238756e-05
vn -0.935931491 0.352182108 -8.06526554e-05
vn -0.926273632 0.376851554 -0.000256144584
vn -0.865664718 -0.500620423 -0.00194606743
vn -0.8838163 -0.467831016 -0.00169963191
vn -0.899074459 -0.437792671 0.00164145446
vn 0.672589477 0.740013774 0.00173470144
vn 0.627294743 0.778779596 -0.00190929831
vn 0.667171965 0.744903636 -0.000376907678
vn -0.706834125 -0.707272338 0.0123028205
vn -0.7065641 -0.70619926 0.0452744756
vn -0.697988823 -0.697500721 0.162186149
vn -0.784343111 -0.620327225 0.000134420143
vn -0.788659982 -0.614829594 -6.32694348e-05
vn -0.808551225 -0.58842578 0.000134036605
vn -0.497611872 -0.867399796 -0.000135787775
vn -0.482836472 -0.875710523 -0.000147430135
vn -0.522687207 -0.852524536 2.58117739e-06
vn -0.83532895 -0.549750039 -0.000663589347
vn -0.810269332 -0.58605751 0.000451504506
vn -0.829001033 -0.559246317 0.000919031878
vn 0.70683487 -0.0238157945 -0.706977563
vn 0.704033746 -0.0426448741 -0.708884969
vn 0.70575665 -0.00183164138 -0.708451972
vn 0.932791216 -0.360416763 0.000550925838
vn 0.923003476 -0.384791605 -6.97451236e-05
vn 0.90619157 -0.422865708 -0.00119641545
vn -0.847279303 0.531146403 0.00113181222
vn -0.865639984 0.500665962 0.00100621278
vn -0.86596906 0.500097512 -0.000255016086
vn -0.464511046 0.885567325 2.83937594e-05
vn -0.474845535 0.880069153 5.55604465e-05
vn -0.441478306 0.89727192 8.41266072e-05
vn -0.952286609 0.305205199 1.86888466e-05
vn -0.961865883 0.27352152 3.55996388e-05
vn -0.961276488 0.275585758 6.54854782e-05
vn 0.240104411 0.970747069 2.06834869e-05
vn 0.206363655 0.978475366 1.80699287e-05
vn 0.207954014 0.978138603 4.24294875e-05
vn 0.984820138 -0.173577921 3.93514424e-05
vn 0.97813915 -0.207951439 4.64733997e-05
vn 0.978592165 -0.205809073 1.46332524e-05
vn 0.30827313 -0.951297891 2.62694449e-05
vn 0.379210026 -0.925310627 2.55874823e-05
vn 0.352407748 -0.935846552 0.000100204239
vn -0.602959939 -0.797771464 5.28928474e-05
vn -0.65644535 -0.75437358 6.05790543e-05
vn -0.647502362 -0.762063443 7.23431923e-07
vn 0.0526093295 0.99861517 3.10726371e-06
vn 0.047302127 0.998880627 3.31324955e-05
vn 0.0836185167 0.996497839 1.72039823e-05
vn -0.696382181 0.121325034 -0.707341568
vn -0.691809376 0.137607698 -0.708846887
vn -0.699632786 0.0890655472 -0.708929681
vn 0.695281491 -0.718736157 0.00140913387
vn 0.668863452 -0.743383441 0.00165609649
vn 0.684419112 -0.729088264 -0.000884386092
vn -0.64588651 -0.763432955 0.000860021431
vn -0.619153795 -0.785267648 0.00181643513
vn -0.615590452 -0.788066147 -0.000379810516
vn 0.998211328 -0.0597841407 -2.60708567e-05
vn 0.999031818 -0.0439934039 -7.84047035e-05
vn 0.993236883 -0.116105525 -2.67450191e-05
vn 0.852825248 -0.522194102 -0.00155455193
vn 0.8748895 -0.484320704 0.00134852984
vn 0.893587596 -0.448881749 0.00252672194
vn -0.739431272 0.673232033 -0.000152154335
vn -0.743156976 0.669115728 0.00136083121
vn -0.719415673 0.69457824 0.00146881306
vn 1 3.93144944e-07 9.72961243e-06
vn 0.999388813 -0.034957122 5.05156685e-06
vn 0.999394873 -0.034783428 -7.12135289e-06
vn -0.10341567 -0.994638225 7.88344021e-06
vn -0.0689446306 -0.997620488 4.45416192e-06
vn -0.0696629146 -0.997570588 1.53540643e-05
vn 0.104647316 -0.994509396 -7.90025477e-06
vn 0.139408812 -0.990234913 -7.99229021e-06
vn 0.139214813 -0.990262206 5.96673723e-06
vn -0.438316543 0.898820676 1.06847653e-05
vn -0.438439383 0.898760762 0
vn -0.469603114 0.882877633 -7.91705757e-06
vn -0.69447971 -0.719512288 -7.95355693e-06
vn -0.668960421 -0.743298026 -6.11597514e-06
vn -0.669078338 -0.743191885 6.35062122e-06
vn 0.788005258 0.615668509 3.60522718e-07
vn 0.809042838 0.58774968 2.68444078e-06
vn 0.808953619 0.587872471 -6.93120622e-06
vn -0.529717764 -0.848173974 -7.77272669e-06
vn -0.499904883 -0.866080313 -8.3392312e-06
vn -0.500057821 -0.865992018 5.52294983e-06
vn -0.913489324 -0.406862698 3.25523744e-08
vn -0.898688462 -0.43858756 7.20465183e-07
vn -0.898769925 -0.438420599 1.36800592e-05
vn -0.275606033 0.961270677 7.51851611e-06
vn -0.242016525 0.970272128 1.43914886e-05
vn -0.242280158 0.970206331 -6.68905807e-06
vn -0.341844558 -0.93975651 -4.14913255e-06
vn -0.308684777 -0.951164396 -5.45360144e-06
vn -0.308875791 -0.951102384 1.02155153e-05
vn -0.990263009 0.139209095 1.42967314e-05
vn -0.984795843 0.173715706 1.50335314e-05
vn -0.984831413 0.173513942 7.49440487e-07
vn 0.997563791 -0.0697601744 1.16478033e-05
vn 0.994532954 -0.104423189 1.21536297e-05
vn 0.994552343 -0.104238365 -1.27163999e-06
vn -0.374630155 0.927174335 1.26272171e-05
vn -0.342022908 0.939691614 1.31317186e-05
vn -0.342228252 0.939616849 -2.20344748e-06
vn 0.342027038 -0.939690111 8.74383202e-06
vn 0.308886809 -0.951098806 8.32556406e-06
vn 0.309066373 -0.951040471 -6.41080963e-06
vn -0.913549947 0.40672656 1.64302118e-05
vn -0.898758904 0.438443192 1.73754018e-05
vn -0.898852222 0.438251849 2.80405764e-06
vn -0.672699062 0.21703801 -0.707368698
vn -0.665804374 0.232443701 -0.708995389
vn -0.680553307 0.185482559 -0.708832432
vn -0.719204688 -0.694798256 -7.87744336e-06
vn -0.69447971 -0.719512288 -7.95355693e-06
vn -0.694623883 -0.719373103 6.2580311e-06
vn -0.104423895 0.99453288 1.39810526e-05
vn -0.0697576814 0.997563966 1.46724243e-05
vn -0.0699614985 0.997549692 1.62908626e-07
vn -0.90003622 0.435815098 -6.309669e-05
vn -0.904004712 0.42752249 -2.66586291e-05
vn -0.870243764 0.492621293 -0.000232174595
vn -0.743070278 -0.66921339 -1.75985468e-06
vn -0.719204688 -0.694798256 -7.87744336e-06
vn -0.719371463 -0.694625581 1.07680175e-05
vn -0.642702357 -0.766115971 -6.07869337e-06
vn -0.615554629 -0.78809422 -3.05146272e-06
vn -0.615650873 -0.788019037 6.76465449e-06
vn -0.787896 -0.615808325 -8.2194822e-06
vn -0.76593262 -0.642920852 -2.21220671e-06
vn -0.766002847 -0.642837178 5.93660672e-06
vn 0.406729756 0.913548524 1.00383276e-05
vn 0.438318484 0.89881973 7.50579908e-06
vn 0.438232106 0.898861848 -6.6045056e-06
vn 0.990286116 0.139044628 -1.40442012e-06
vn 0.990260336 0.13922811 -1.26479101e-06
vn 0.994533617 0.10441688 1.24181928e-05
vn 0.82898354 -0.559273001 1.59105656e-05
vn 0.809038949 -0.587755033 1.03345848e-05
vn 0.809132992 -0.587625562 -1.97488043e-06
vn -0.0346828238 -0.99939837 -6.69011725e-06
vn 0.000187395195 -0.999999982 -6.67528127e-06
vn -4.7231124e-06 -1 6.90164916e-06
vn 0.642825481 -0.766012664 1.81404788e-06
vn 0.615664995 -0.788008004 3.13539237e-06
vn 0.615723144 -0.787962569 -4.02000485e-06
vn 0.438318939 -0.898819508 1.43267525e-05
vn 0.406725952 -0.913550218 1.50586323e-05
vn 0.406908934 -0.913468729 6.11943911e-07
vn -0.96127165 0.27560264 1.40880321e-05
vn -0.951097508 0.308890807 1.47879621e-05
vn -0.9511606 0.308696475 2.22558268e-07
vn 0.441391939 -0.550222188 -0.708822051
vn 0.434553662 -0.55822463 -0.706787363
vn 0.41667397 -0.571120636 -0.707251032
vn -0.529877893 0.848073946 5.91469725e-06
vn -0.500059371 0.865991123 5.79746398e-06
vn -0.500228595 0.865893384 -8.01829101e-06
vn 0.145594356 0.69172524 -0.707331941
vn 0.159995965 0.687566725 -0.708274869
vn 0.11344203 0.696108905 -0.70891699
vn 0.342026959 0.93969014 5.74834047e-06
vn 0.374625737 0.92717612 5.57130934e-06
vn 0.374435071 0.927253136 -9.02867677e-06
vn 0.242011476 -0.970273387 4.36333836e-06
vn 0.207897813 -0.97815055 4.13305362e-06
vn 0.208074421 -0.978112997 -8.76872129e-06
vn 0.559274495 -0.828982533 7.2354751e-06
vn 0.529861384 -0.848084261 3.17169357e-06
vn 0.529891063 -0.848065717 2.49303907e-06
vn -0.0697576814 0.997563966 1.46724243e-05
vn -0.0349572857 0.999388807 7.32081021e-06
vn -0.0350574814 0.999385298 -5.45783905e-07
vn 4.98876989e-06 1 7.319617e-06
vn 0.0349447248 0.999389247 1.18393675e-05
vn 0.0347016052 0.999397718 -7.09551312e-06
vn -0.499904883 -0.866080313 -8.3392312e-06
vn -0.469330154 -0.883022767 -8.41008789e-06
vn -0.46951881 -0.882922469 6.81168284e-06
vn 0.0699399783 -0.997551201 -2.50786115e-06
vn 0.104647316 -0.994509396 -7.90025477e-06
vn 0.10442144 -0.994533138 9.94148334e-06
vn -0.587763212 0.809033007 6.68998816e-06
vn -0.559259872 0.828992398 6.61246054e-06
vn -0.559430236 0.82887744 -7.97197837e-06
vn -0.30888775 0.951098501 7.48905767e-06
vn -0.275606033 0.961270677 7.51851611e-06
vn -0.275796979 0.96121591 -6.64297429e-06
vn 0.913549914 -0.406726635 1.02483684e-05
vn 0.898821903 -0.438314027 1.06267227e-05
vn 0.898900898 -0.438152001 -2.44126599e-06
vn -0.669077834 0.743192338 9.44051892e-06
vn -0.642841264 0.765999418 1.13892799e-05
vn -0.643005325 0.765861706 -5.32050455e-06
vn -0.0349572857 0.999388807 7.32081021e-06
vn 4.98876989e-06 1 7.319617e-06
vn -0.000198081932 0.99999998 -7.07953891e-06
vn -0.970272379 0.242015515 7.53065583e-06
vn -0.96127165 0.27560264 1.40880321e-05
vn -0.961346572 0.275341185 -7.01180492e-06
vn -0.984795843 0.173715706 1.50335314e-05
vn -0.978150598 0.207897587 7.51718556e-06
vn -0.978170972 0.207801708 -4.26356168e-09
vn 0.939691114 -0.342024284 1.40428299e-05
vn 0.927172871 -0.374633778 1.47690794e-05
vn 0.927247918 -0.374447992 7.76564699e-07
vn -0.703138984 0.0724041885 -0.707356489
vn -0.699632786 0.0890655472 -0.708929681
vn -0.704151319 0.0402053174 -0.70891075
vn -0.139018012 -0.990289853 -9.79239016e-06
vn -0.104351905 -0.994540437 3.52183734e-07
vn -0.104411679 -0.994534163 4.96923772e-06
vn 0.308886809 -0.951098806 8.32556406e-06
vn 0.275605796 -0.961270745 8.52276567e-06
vn 0.275780322 -0.961220689 -4.16163997e-06
vn -0.103437125 0.994635994 5.720296e-06
vn -0.104532228 0.994521499 2.26370417e-05
vn -0.0696210277 0.997573512 1.43353011e-05
vn 0.74318011 -0.669091416 8.58664242e-06
vn 0.71938139 -0.694615301 2.86894601e-06
vn 0.719371698 -0.694625338 3.09564925e-06
vn 0.984796511 -0.173711923 8.68313316e-06
vn 0.978151272 -0.207894419 9.9775229e-06
vn 0.978190196 -0.207711193 -4.54921298e-06
vn 0.308886279 0.951098978 4.79428475e-06
vn 0.342026959 0.93969014 5.74834047e-06
vn 0.341878571 0.939744137 -6.56447962e-06
vn -0.808879879 -0.587973929 -8.1092327e-06
vn -0.787896 -0.615808325 -8.2194822e-06
vn -0.788019719 -0.61565 5.81034876e-06
vn -0.978095088 -0.208158592 -6.64029749e-06
vn -0.970231708 -0.242178514 -6.65584732e-06
vn -0.970274755 -0.242005991 6.25311264e-06
vn 0.393935189 0.586998962 -0.707281617
vn 0.405531846 0.577348621 -0.708669522
vn 0.364255189 0.604246079 -0.708664118
vn -0.559070323 -0.829120241 -7.66374216e-06
vn -0.529717764 -0.848173974 -7.77272669e-06
vn -0.529876939 -0.848074542 5.39953308e-06
vn -0.406550705 -0.91362822 -8.62279557e-06
vn -0.374495325 -0.927228802 -4.45548628e-06
vn -0.374620862 -0.927178089 5.66113761e-06
vn 0.882927277 -0.469509769 1.2262734e-05
vn 0.865980642 -0.500077521 1.2618338e-06
vn 0.866014532 -0.50001883 -1.62832462e-06
vn 0.788007563 -0.615665559 7.89962433e-07
vn 0.766014268 -0.642823569 3.18151088e-06
vn 0.766036678 -0.642796864 -7.334766e-07
vn 0.76601574 0.642821815 1.00740048e-05
vn 0.788005258 0.615668509 3.60522718e-07
vn 0.788032866 0.615633172 2.32812606e-06
vn -0.438127583 -0.898912799 -8.4789973e-06
vn -0.406550705 -0.91362822 -8.62279557e-06
vn -0.406739237 -0.913544303 5.50050257e-06
vn 0.978146154 0.207918499 1.01844918e-05
vn 0.984800906 0.173687002 1.41074274e-05
vn 0.984768365 0.173871408 1.89449765e-06
vn 0.669089566 0.743181776 1.39262931e-05
vn 0.69461706 0.719379691 8.05184604e-06
vn 0.694462997 0.719528419 -8.95075459e-06
vn -0.535603035 -0.844469886 5.28294538e-06
vn -0.535434464 -0.844576778 4.54338157e-06
vn -0.505870996 -0.862609144 6.15857059e-06
vn -0.20777358 -0.978176947 2.43554745e-06
vn -0.173381349 -0.984854765 -9.55606669e-06
vn -0.173695995 -0.98479932 1.54572007e-05
vn 0.838842135 -0.544374752 -2.91622048e-05
vn 0.863517166 -0.50431943 -0.000128974411
vn 0.863518094 -0.504317841 -0.000128979829
vn 0.997560524 0.0698068861 -8.8105386e-06
vn 0.997563631 0.0697624705 3.37630904e-07
vn 0.999388698 0.0349604042 -1.15993226e-06
vn -0.939690746 0.342025293 1.2417137e-05
vn -0.927173482 0.374632264 1.29071785e-05
vn -0.927254808 0.37443093 -2.28703246e-06
vn -0.865962492 -0.50010895 -9.28608629e-06
vn -0.848036787 -0.529937362 -1.48045608e-06
vn -0.848075577 -0.529875284 4.0041455e-06
vn -0.438316543 0.898820676 1.06847653e-05
vn -0.406729197 0.913548773 1.11724378e-05
vn -0.406884632 0.913479554 -7.31459958e-07
vn -0.500059371 0.865991123 5.79746398e-06
vn -0.469515043 0.882924473 0
vn -0.469603114 0.882877633 -7.91705757e-06
vn 0.961267782 0.27561613 4.13555139e-06
vn 0.970276469 0.241999118 -6.28721913e-06
vn 0.970269087 0.242028714 -1.38907226e-05
vn 0.999392915 0.0348396521 -9.05186688e-06
vn 0.999388698 0.0349604042 -1.15993226e-06
vn 1 3.93144944e-07 9.72961243e-06
vn 0.173697322 0.984799086 1.3501517e-05
vn 0.207910957 0.978147757 1.41472703e-05
vn 0.207715283 0.978189328 -2.93091284e-07
vn 0.0350817415 -0.999384446 -2.88157049e-06
vn 0.0699399783 -0.997551201 -2.50786115e-06
vn 0.0697589988 -0.997563874 1.03015131e-05
vn -0.694625035 0.71937199 9.24792878e-06
vn -0.669077834 0.743192338 9.44051892e-06
vn -0.669229321 0.743055931 -5.11033425e-06
vn 0.951103316 0.308872923 1.37712729e-05
vn 0.961267782 0.27561613 4.13555139e-06
vn 0.961220263 0.27578181 -9.38858464e-06
vn -0.668960421 -0.743298026 -6.11597514e-06
vn -0.642702357 -0.766115971 -6.07869337e-06
vn -0.642839446 -0.766000944 6.7883531e-06
vn 0.000187395195 -0.999999982 -6.67528127e-06
vn 0.0350817415 -0.999384446 -2.88157049e-06
vn 0.0349569716 -0.999388818 6.90214073e-06
vn 0.139225437 0.990260712 1.39276334e-05
vn 0.173697322 0.984799086 1.3501517e-05
vn 0.173502979 0.984833344 -2.45462521e-06
vn 0.0691350299 0.997607311 8.49286938e-06
vn 0.0346039707 0.999401103 3.93121655e-06
vn 0.0349076858 0.999390541 9.19082012e-06
vn 0.990262483 -0.139212837 8.48726934e-06
vn 0.984796511 -0.173711923 8.68313316e-06
vn 0.984829196 -0.173526527 -4.33923427e-06
vn -0.828992647 0.559259502 8.10242404e-06
vn -0.809033427 0.587762634 8.36940553e-06
vn -0.809125622 0.58763571 -2.59512451e-06
vn -0.86605026 0.499956945 1.29887142e-05
vn -0.848074726 0.529876645 0
vn -0.848090447 0.529851482 -2.04712177e-06
vn -0.207892493 0.978151681 1.51481109e-05
vn -0.173713395 0.984796251 1.11143186e-05
vn -0.17385635 0.984771024 2.72867484e-07
vn -0.882926162 0.469511866 1.24560009e-05
vn -0.86605026 0.499956945 1.29887142e-05
vn -0.86615475 0.499775898 -1.49707072e-06
vn -0.139208634 0.990263074 1.1482933e-05
vn -0.104423895 0.99453288 1.39810526e-05
vn -0.104647609 0.994509365 -3.81877918e-06
vn 0.91354059 0.406747575 1.94185902e-05
vn 0.927183579 0.374607275 1.07891368e-05
vn 0.927164376 0.3746548 9.11213011e-06
vn -0.242066193 -0.970259738 1.28349368e-05
vn -0.20777358 -0.978176947 2.43554745e-06
vn -0.207913944 -0.978147122 1.22014241e-05
vn -0.765997868 0.642843112 1.00436061e-05
vn -0.743194312 0.669075641 1.5052998e-05
vn -0.743359995 0.66889156 -3.95872582e-06
vn -0.242016525 0.970272128 1.43914886e-05
vn -0.207892493 0.978151681 1.51481109e-05
vn -0.208092915 0.978109063 1.04612018e-06
vn -0.99754463 -0.0700336385 -1.03688142e-05
vn -0.994514098 -0.104602625 -1.07324073e-05
vn -0.994533828 -0.104414872 2.98534516e-06
vn -0.173381349 -0.984854765 -9.55606669e-06
vn -0.139018012 -0.990289853 -9.79239016e-06
vn -0.139222399 -0.990261139 4.7155345e-06
vn 0.978151272 -0.207894419 9.9775229e-06
vn 0.970270998 -0.242021056 7.93217458e-07
vn 0.970290339 -0.241943502 -4.00479429e-06
vn -0.719367774 0.694629402 1.5832037e-05
vn -0.694625035 0.71937199 9.24792878e-06
vn -0.694710787 0.719289179 6.82064392e-08
vn -0.374495325 -0.927228802 -4.45548628e-06
vn -0.341844558 -0.93975651 -4.14913255e-06
vn -0.342039776 -0.939685475 1.05042895e-05
vn -0.642841264 0.765999418 1.13892799e-05
vn -0.615647726 0.788021496 1.17868175e-05
vn -0.615814149 0.787891448 -3.13074338e-06
vn -0.559259872 0.828992398 6.61246054e-06
vn -0.529877893 0.848073946 5.91469725e-06
vn -0.530029714 0.847979069 -7.91203457e-06
vn 0.469505485 -0.882929555 1.69284702e-05
vn 0.438318939 -0.898819508 1.43267525e-05
vn 0.438498247 -0.898732044 -1.22536522e-06
vn -0.848036787 -0.529937362 -1.48045608e-06
vn -0.828888325 -0.559414108 -9.17062184e-07
vn -0.828995042 -0.559255953 1.26979747e-05
vn 0.103643032 0.994614559 1.45726747e-05
vn 0.0691350299 0.997607311 8.49286938e-06
vn 0.069710799 0.997567243 1.89613803e-05
vn 0.694611935 -0.71938464 -2.48930643e-06
vn 0.669092888 -0.743178785 1.8938539e-07
vn 0.66915129 -0.743126202 -7.34768539e-06
vn 0.139408812 -0.990234913 -7.99229021e-06
vn 0.173893657 -0.984764437 -8.5520449e-06
vn 0.17370967 -0.984796908 6.07461905e-06
vn -0.469330154 -0.883022767 -8.41008789e-06
vn -0.438127583 -0.898912799 -8.4789973e-06
vn -0.438305713 -0.898825958 6.90125364e-06
vn -0.9975635 0.0697643397 8.71845457e-06
vn -0.994533171 0.104421123 8.85560976e-06
vn -0.994554626 0.104216582 -5.69490514e-06
vn -0.994533171 0.104421123 8.85560976e-06
vn -0.990263009 0.139209095 1.42967314e-05
vn -0.990299228 0.138951213 -5.8494452e-06
vn 0.0696637047 -0.997570533 1.28924805e-05
vn 0.0692661172 -0.997598218 4.74193706e-06
vn 0.103850236 -0.994592946 9.13823152e-06
vn -0.898758904 0.438443192 1.73754018e-05
vn -0.882926162 0.469511866 1.24560009e-05
vn -0.882993582 0.469385059 1.84145393e-06
vn -0.88278592 -0.4697755 -9.0260019e-06
vn -0.865962492 -0.50010895 -9.28608629e-06
vn -0.866057924 -0.499943669 3.72992505e-06
vn -0.927173482 0.374632264 1.29071785e-05
vn -0.913549947 0.40672656 1.64302118e-05
vn -0.913650098 0.406501536 -2.79617148e-06
vn -0.978150598 0.207897587 7.51718556e-06
vn -0.970272379 0.242015515 7.53065583e-06
vn -0.970323001 0.241812476 -6.98105469e-06
vn -0.788019719 0.61565 9.75164042e-06
vn -0.765997868 0.642843112 1.00436061e-05
vn -0.766124323 0.6426924 -3.65110016e-06
vn -0.00101996886 -0.000298418358 0.999999435
vn -0.000959542502 -0.000273520849 0.999999502
vn -0.115943958 -0.0330913042 0.992704369
vn -0.0695872185 -0.997575871 1.08407191e-06
vn -0.0346828238 -0.99939837 -6.69011725e-06
vn -0.0349435991 -0.999389286 1.35276286e-05
vn 0.374628344 -0.927175066 8.64087471e-06
vn 0.342027038 -0.939690111 8.74383202e-06
vn 0.342226922 -0.939617334 -6.28938595e-06
vn -0.342022908 0.939691614 1.31317186e-05
vn -0.30888775 0.951098501 7.48905767e-06
vn -0.309011428 0.951058325 -2.72723604e-06
vn 0.951097819 -0.308889847 1.66919405e-05
vn 0.939691114 -0.342024284 1.40428299e-05
vn 0.939758914 -0.341837949 -1.10659177e-06
vn -0.999999967 -0.000256362727 -4.13285636e-06
vn -0.99938208 -0.0351490975 -3.81830887e-06
vn -0.999389255 -0.0349444718 1.03514433e-05
vn 0.898821903 -0.438314027 1.06267227e-05
vn 0.882927277 -0.469509769 1.2262734e-05
vn 0.883018663 -0.469337875 -2.8337831e-06
vn -0.961234722 -0.275731407 -3.31621563e-06
vn -0.951039879 -0.309068193 -2.90406219e-06
vn -0.951102172 -0.308876446 1.14906403e-05
vn 0.997563072 -0.0697704559 2.06437273e-05
vn 0.994518058 -0.10456496 2.6316761e-05
vn 0.994630819 -0.103486881 9.96440581e-06
vn -0.173713395 0.984796251 1.11143186e-05
vn -0.139208634 0.990263074 1.1482933e-05
vn -0.139420373 0.990233285 -3.43184473e-06
vn 0.0349447248 0.999389247 1.18393675e-05
vn 0.0697751667 0.997562743 1.23185814e-05
vn 0.0695716255 0.997576959 -1.96040072e-06
vn -0.635928552 0.308577379 -0.70737181
vn -0.62699188 0.322939909 -0.708936526
vn -0.648008386 0.278283796 -0.708973385
vn 0.196023484 -0.679189044 -0.707302648
vn 0.177804008 -0.682463468 -0.708963574
vn 0.225026036 -0.668267651 -0.709070963
vn 0.804910575 0.593396109 -0.000154732358
vn 0.809663413 0.586894451 -0.000248357886
vn 0.82850265 0.559985138 5.65813936e-05
vn 0.719062523 -0.694944874 0.000842079481
vn 0.695281491 -0.718736157 0.00140913387
vn 0.702483267 -0.711699992 0.00061683913
vn 0.207910957 0.978147757 1.41472703e-05
vn 0.242007758 0.970274314 0
vn 0.241996902 0.970277022 -9.55478706e-07
vn 0.173893657 -0.984764437 -8.5520449e-06
vn 0.208074421 -0.978112997 -8.76872129e-06
vn 0.207897813 -0.97815055 4.13305362e-06
vn -0.999388431 0.0349680495 1.55526328e-05
vn -0.9975635 0.0697643397 8.71845457e-06
vn -0.997572147 0.0696405933 -6.01655486e-07
vn -0.99938208 -0.0351490975 -3.81830887e-06
vn -0.99754463 -0.0700336385 -1.03688142e-05
vn -0.997562795 -0.0697744285 1.00532382e-05
vn -0.0689446306 -0.997620488 4.45416192e-06
vn -0.0346032968 -0.999401127 2.08224236e-06
vn -0.0348883315 -0.999391217 6.73184298e-06
vn -0.615554629 -0.78809422 -3.05146272e-06
vn -0.587615723 -0.809140138 -2.68661913e-06
vn -0.587764389 -0.809032152 1.02913047e-05
vn 0.500075396 -0.86598187 5.94454418e-06
vn 0.469505485 -0.882929555 1.69284702e-05
vn 0.469685649 -0.882833728 2.81510509e-06
vn -0.997607261 -0.0691357533 9.38812599e-06
vn -0.997570324 -0.0696666945 1.84337505e-05
vn -0.999390644 -0.0349047252 1.58902055e-05
vn 0.809038949 -0.587755033 1.03345848e-05
vn 0.788007563 -0.615665559 7.89962433e-07
vn 0.788058828 -0.615599938 -4.07284511e-06
vn -0.951097508 0.308890807 1.47879621e-05
vn -0.939690746 0.342025293 1.2417137e-05
vn -0.939747483 0.341869373 -4.9463476e-07
vn -0.828888325 -0.559414108 -9.17062184e-07
vn -0.808879879 -0.587973929 -8.1092327e-06
vn -0.809031353 -0.587765488 1.21497339e-05
vn 0.669092888 -0.743178785 1.8938539e-07
vn 0.642825481 -0.766012664 1.81404788e-06
vn 0.642902316 -0.765948178 -3.971953e-06
vn -0.92710681 -0.37479723 -3.05749363e-06
vn -0.913489324 -0.406862698 3.25523744e-08
vn -0.913542739 -0.406742748 1.03554638e-05
vn -0.743194312 0.669075641 1.5052998e-05
vn -0.719367774 0.694629402 1.5832037e-05
vn -0.719519139 0.694472612 8.65596065e-07
vn 0.615664995 -0.788008004 3.13539237e-06
vn 0.587748474 -0.809043714 7.36874343e-06
vn 0.587867572 -0.808957179 -2.1748163e-06
vn -0.524519657 -0.473843195 -0.707355466
vn -0.535308791 -0.459030192 -0.709038632
vn -0.501983231 -0.495250111 -0.709041722
vn -0.585330475 -0.396303676 -0.707341241
vn -0.594053794 -0.379940742 -0.709045219
vn -0.566042439 -0.420570981 -0.709024687
vn -0.196242684 0.679145842 -0.707283348
vn -0.179496246 0.682153709 -0.708835252
vn -0.226480567 0.667938154 -0.708918313
vn -0.994596691 0.103814362 1.30439546e-05
vn -0.997583477 0.0694780998 9.6772989e-06
vn -0.997571644 0.0696477921 1.38136075e-05
vn 0.997571551 0.0696491201 1.42010408e-05
vn 0.997615637 0.0690147878 3.28741749e-06
vn 0.994639535 0.103403071 6.19176047e-06
vn 0.61291261 -0.352433064 -0.70719804
vn 0.602569478 -0.366449813 -0.708960195
vn 0.626301954 -0.324100201 -0.70901687
vn 0.848083297 0.529862927 4.10594238e-06
vn 0.865985448 0.500069198 -1.98740485e-06
vn 0.866050766 0.499956068 -9.62406881e-06
vn -0.474845535 0.880069153 5.55604465e-05
vn -0.464511046 0.885567325 2.83937594e-05
vn -0.516496386 0.856289369 1.2354292e-05
vn 0.559279333 0.828979269 7.09704376e-06
vn 0.58774696 0.809044814 1.1811056e-06
vn 0.587747403 0.809044492 -4.73093514e-07
vn 0.828981525 0.559275989 6.18639528e-06
vn 0.848083297 0.529862927 4.10594238e-06
vn 0.848033466 0.529942677 -8.31528247e-07
vn -0.644991487 0.764189755 -1.75049762e-05
vn -0.702800738 0.711386727 -0.000216258686
vn -0.702795671 0.711391733 -0.000216215365
vn -0.785367588 -0.619029685 3.11301566e-06
vn -0.75556241 -0.65507667 7.35299713e-06
vn -0.759443265 -0.650573536 2.795976e-05
vn -0.275616823 -0.961267583 9.57487912e-06
vn -0.275505406 -0.961299522 5.86876585e-06
vn -0.242066193 -0.970259738 1.28349368e-05
vn 0.275605796 -0.961270745 8.52276567e-06
vn 0.242011476 -0.970273387 4.36333836e-06
vn 0.242119184 -0.970246516 -4.3724711e-06
vn -0.587615723 -0.809140138 -2.68661913e-06
vn -0.559070323 -0.829120241 -7.66374216e-06
vn -0.559258625 -0.828993239 9.94054309e-06
vn 0.999389133 -0.0349479735 1.08986189e-05
vn 0.997563072 -0.0697704559 2.06437273e-05
vn 0.997618863 -0.0689681402 8.38108197e-06
vn 0.848084358 -0.529861229 3.17424007e-06
vn 0.82898354 -0.559273001 1.59105656e-05
vn 0.829109233 -0.559086648 2.09555761e-07
vn -0.915655622 -0.401963655 3.56977438e-05
vn -0.914126855 -0.405428282 1.58374657e-05
vn -0.905355644 -0.424654162 2.41021756e-05
vn 0.469503931 0.882930382 1.38288248e-05
vn 0.500081478 0.865978357 2.11021301e-06
vn 0.500044178 0.865999896 1.50849272e-06
vn 0.970269087 0.242028714 -1.38907226e-05
vn 0.970276469 0.241999118 -6.28721913e-06
vn 0.978146154 0.207918499 1.01844918e-05
vn 0.104553899 -0.994519221 2.10032701e-05
vn 0.103850236 -0.994592946 9.13823152e-06
vn 0.138292821 -0.990391385 1.23871643e-05
vn 0.649100158 -0.760702936 -0.000168160921
vn 0.641875816 -0.766808585 -0.000176463032
vn 0.616301163 -0.787510553 7.28376089e-05
vn -0.171745748 0.985141309 7.16396946e-06
vn -0.173578351 0.984820062 3.49610016e-05
vn -0.139192605 0.990265327 2.97576795e-05
vn 0.137961195 0.990437635 1.85369374e-05
vn 0.103643032 0.994614559 1.45726747e-05
vn 0.104585412 0.994515908 2.91479377e-05
vn 0.604291639 -0.79676321 4.10610097e-05
vn 0.553937638 -0.832558161 -3.58616212e-05
vn 0.544580083 -0.838708849 -1.91354541e-06
vn -0.240367402 0.970681983 2.01363986e-05
vn -0.243204388 0.969975064 2.96667625e-05
vn -0.201794223 0.97942794 4.99193487e-05
vn 0.712772742 -0.70139505 -4.76775068e-05
vn 0.736263082 -0.676695393 -0.000138288317
vn 0.732127986 -0.681167086 -0.000109856748
vn -0.970682427 0.240365606 2.76259683e-05
vn -0.978428127 0.206587509 2.64892097e-05
vn -0.978138119 0.207956291 4.77922163e-05
vn 0.620428407 0.784263088 1.89947375e-05
vn 0.623223209 0.782044008 2.40613176e-05
vn 0.651621678 0.758544122 6.16797968e-05
vn 0.809042838 0.58774968 2.68444078e-06
vn 0.828981525 0.559275989 6.18639528e-06
vn 0.828919758 0.559367531 -4.07148759e-06
vn -0.994617289 -0.103616834 1.49763619e-05
vn -0.994519479 -0.104551443 2.94287931e-05
vn -0.997570324 -0.0696666945 1.84337505e-05
vn 0.753832865 0.657065322 0.00108338029
vn 0.738450441 0.674307739 -0.000142315907
vn 0.756106615 0.65444845 -0.000111260604
vn 0.990270301 -0.139157212 3.36399186e-05
vn 0.984820138 -0.173577921 3.93514424e-05
vn 0.985138041 -0.17176449 1.29052057e-05
vn -0.83482311 0.55051826 0.000143606023
vn -0.834181012 0.551490725 0.0001362599
vn -0.853389245 0.521274198 -8.81615032e-05
vn -0.984767597 -0.173875761 1.46970817e-06
vn -0.978095088 -0.208158592 -6.64029749e-06
vn -0.978147619 -0.207911607 1.33693309e-05
vn 0.374625737 0.92717612 5.57130934e-06
vn 0.406729756 0.913548524 1.00383276e-05
vn 0.406508285 0.913647095 -8.86940545e-06
vn -0.308684777 -0.951164396 -5.45360144e-06
vn -0.275505406 -0.961299522 5.86876585e-06
vn -0.275616823 -0.961267583 9.57487912e-06
vn -0.898688462 -0.43858756 7.20465183e-07
vn -0.88278592 -0.4697755 -9.0260019e-06
vn -0.882921054 -0.469521471 1.30059718e-05
vn 0.927183579 0.374607275 1.07891368e-05
vn 0.939683652 0.342044784 4.81360048e-06
vn 0.939687938 0.34203301 4.23322367e-06
vn 0.602569478 -0.366449813 -0.708960195
vn 0.599308905 -0.375907598 -0.706768926
vn 0.586595115 -0.394106922 -0.707520958
vn -0.0346032968 -0.999401127 2.08224236e-06
vn -9.78311255e-06 -1 2.07803373e-06
vn 8.93036997e-07 -1 2.33502396e-06
vn -0.436327948 0.556131819 -0.70734385
vn -0.421953702 0.565164439 -0.708903541
vn -0.460436894 0.534288064 -0.708896418
vn 0.689620936 0.724170528 0.000101053122
vn 0.667171965 0.744903636 -0.000376907678
vn 0.700297093 0.713851308 0.000539621669
vn 0.912497432 -0.40908243 4.43989652e-05
vn 0.895092102 -0.445881294 -1.91037355e-05
vn 0.8896463 -0.456650261 1.16254633e-05
vn 0.998556931 0.0537033874 2.872067e-05
vn 0.998667454 0.0516073207 2.08471678e-05
vn 0.99245456 0.122612987 -3.08725513e-05
vn 0.603768059 0.79716004 -4.56939858e-05
vn 0.526603249 0.850111171 -0.000123883124
vn 0.526619647 0.850101013 -0.000123843516
vn 0.494526802 0.869162379 2.73453879e-05
vn 0.477804019 0.878466457 6.06272822e-05
vn 0.507870859 0.861433218 2.27366766e-05
vn -0.939622338 -0.342213182 -3.42479869e-06
vn -0.92710681 -0.37479723 -3.05749363e-06
vn -0.927179182 -0.374618158 1.07070287e-05
vn 0.867813912 0.496889215 -0.000348545394
vn 0.884904489 0.465771341 -0.00105048838
vn 0.894733178 0.446600491 0.000735699413
vn 0.743174291 0.66909788 2.22777651e-06
vn 0.76601574 0.642821815 1.00740048e-05
vn 0.765885073 0.642977491 -3.08887305e-06
vn -0.837982296 0.54569739 -0.000171716412
vn -0.870241777 0.492624802 -0.000232202021
vn -0.870243764 0.492621293 -0.000232174595
vn 0.635500736 0.310945604 -0.70671893
vn 0.640977603 0.295215271 -0.708516518
vn 0.623661229 0.330867206 -0.708218585
vn -0.619153795 -0.785267648 0.00181643513
vn -0.58970921 -0.807614787 0.00118440248
vn -0.58779857 -0.809007251 -0.000329597315
vn -0.704139289 -0.704810616 -0.0861966233
vn -0.704516475 -0.704242174 -0.0877467772
vn -0.7065641 -0.70619926 0.0452744756
vn 0.739410516 -0.673254845 -5.08708179e-05
vn 0.743117469 -0.669159374 0.00146922123
vn 0.719062523 -0.694944874 0.000842079481
vn -0.64588651 -0.763432955 0.000860021431
vn -0.642236763 -0.766506247 0.000337554837
vn -0.669105799 -0.743165998 0.00131501601
vn 0.555169869 -0.831736965 0.000191227427
vn 0.525351732 -0.850885021 0.000487975017
vn 0.52907095 -0.848577462 0.000469609667
vn 0.859853314 0.510541109 -0.000232368036
vn 0.85986205 0.510526396 -0.000232386756
vn 0.897175126 0.441674974 -0.00010182544
vn 0.0504859446 -0.704996257 -0.707411795
vn 0.0321604354 -0.704363775 -0.709110272
vn 0.0811155293 -0.700458053 -0.709068958
vn 0.433953572 0.558074996 -0.70727406
vn 0.444997545 0.547287914 -0.708839279
vn 0.405531846 0.577348621 -0.708669522
vn 0.700010865 0.700283675 -0.139955574
vn 0.70327042 0.702699467 -0.107815465
vn 0.707393176 0.706789441 -0.00660155757
vn 0.669130685 0.743144753 5.65133052e-05
vn 0.669072986 0.743196249 0.000821468479
vn 0.694426628 0.719562563 0.00117316161
vn 0.807687156 -0.589609959 0.00124692529
vn 0.830691927 -0.556732292 0.000279078782
vn 0.828897477 -0.559400519 0.000181377358
vn -0.73901847 -0.673685161 -7.16836468e-05
vn -0.724362996 -0.689418761 -0.00014865827
vn -0.726581055 -0.687080344 0.000756709967
vn -0.698821225 -0.715296366 -5.99014948e-05
vn -0.694605204 -0.719389768 0.00140440971
vn -0.719321591 -0.694675607 0.00149992093
vn 0.485235676 -0.874382409 0.0013192908
vn 0.467790031 -0.883837091 -0.00211739328
vn 0.438997883 -0.898484385 -0.00258235231
vn -0.743390581 0.66885664 0.00111299104
vn -0.772284895 0.635275865 -0.00078444995
vn -0.744314346 0.66782943 7.75738417e-05
vn -0.706530864 0.0233103948 -0.707298214
vn -0.704151319 0.0402053174 -0.70891075
vn -0.705190606 -0.0083264735 -0.708968885
vn 0.598606819 0.375976917 -0.707326823
vn 0.604647282 0.364297184 -0.708300237
vn 0.578474217 0.403940584 -0.708660416
vn 0.0478441942 0.705253427 -0.707339053
vn 0.0643445228 0.702366563 -0.708901258
vn 0.0153551735 0.705132708 -0.70890908
vn 0.705726723 0.0502575249 -0.706699352
vn 0.7052122 0.0351588745 -0.708124005
vn 0.702160541 0.072565921 -0.708311204
vn 0.852986555 0.521932852 -0.000189728566
vn 0.852996857 0.521916014 -0.000189770225
vn 0.85986205 0.510526396 -0.000232386756
vn 0.50230138 -0.864692603 -0.000163029496
vn 0.422970896 -0.906143255 -0.000149669001
vn 0.423026097 -0.906117466 -0.00024253608
vn -0.685590165 -0.172237192 -0.707319218
vn -0.688159114 -0.153978781 -0.70903284
vn -0.675700746 -0.201727695 -0.709037685
vn 0.148111044 -0.691234284 -0.707289391
vn 0.12977304 -0.693151258 -0.709013604
vn 0.177804008 -0.682463468 -0.708963574
vn -0.655855387 0.263360989 -0.707456501
vn -0.648008386 0.278283796 -0.708973385
vn -0.665804374 0.232443701 -0.708995389
vn 0.0995904935 -0.699796121 -0.707366329
vn 0.0811155293 -0.700458053 -0.709068958
vn 0.12977304 -0.693151258 -0.709013604
vn -0.927712904 -0.373292798 0.00112033552
vn -0.913833802 -0.406086 0.00139372366
vn -0.902312844 -0.431079878 -0.00129259568
vn -0.148361722 0.691195413 -0.70727484
vn -0.131492318 0.69295592 -0.708887765
vn -0.179496246 0.682153709 -0.708835252
vn 0.46996964 0.882682048 0.00096905728
vn 0.438823673 0.898572689 0.000951873843
vn 0.438319973 0.898818954 -0.000299568137
vn 0.695823119 0.124469829 -0.707345353
vn 0.697039424 0.110899173 -0.708404838
vn 0.687837712 0.157468049 -0.708578221
vn 0.478652033 -0.518123868 -0.708829943
vn 0.47242391 -0.526577531 -0.706775604
vn 0.455509657 -0.54064446 -0.707258454
vn -0.895781067 0.444495363 -0.000390004989
vn -0.899715701 0.436476191 0.000439525339
vn -0.914198011 0.405267729 0.000255354106
vn 0.63574063 -0.308685656 -0.707493475
vn 0.626301954 -0.324100201 -0.70901687
vn 0.647096198 -0.279855065 -0.709188024
vn -0.373532457 -0.600075385 -0.707377577
vn -0.3881148 -0.588717087 -0.709069174
vn -0.346003739 -0.614424881 -0.709058162
vn -0.611561033 -0.354429472 -0.707370378
vn -0.619058016 -0.337637933 -0.709061209
vn -0.594053794 -0.379940742 -0.709045219
vn 0.934515036 0.355923226 0.000552378697
vn 0.925449709 0.378868507 0.00122087536
vn 0.917500793 0.397732854 -0.000933704257
vn -0.807460484 0.589920042 0.00138278107
vn -0.827858873 0.560934986 0.00127582989
vn -0.829078852 0.559131621 -0.000295438338
vn -0.671820983 -0.219575639 -0.707420035
vn -0.675700746 -0.201727695 -0.709037685
vn -0.659872197 -0.248309956 -0.709162076
vn -0.354666447 0.611381183 -0.707407068
vn -0.341356592 0.61780414 -0.708373998
vn -0.381469561 0.593239103 -0.708906441
vn -0.47406219 0.524351494 -0.707333408
vn -0.460436894 0.534288064 -0.708896418
vn -0.496501707 0.500900619 -0.708932032
vn -0.556262435 -0.436169685 -0.707338752
vn -0.566042439 -0.420570981 -0.709024687
vn -0.535308791 -0.459030192 -0.709038632
vn -0.0716397176 0.00937358582 0.997386528
vn -0.00029855804 9.67803604e-06 0.999999955
vn -0.000702642442 0.000249076581 0.999999722
vn 0.896400349 -0.443243542 0.00125593185
vn 0.915268069 -0.402845206 0.000319723973
vn 0.913420653 -0.4070168 -0.000187519348
vn 0.546016212 -0.446621802 -0.708798463
vn 0.541106405 -0.455721172 -0.706768754
vn 0.526354902 -0.471970672 -0.707244089
vn -0.572737338 0.415053369 -0.706896486
vn -0.560346841 0.428599089 -0.708741306
vn -0.584419541 0.396108414 -0.708203307
vn 0.719329751 0.694667257 0.00145299099
vn 0.726363279 0.687310672 -0.000653626489
vn 0.699085304 0.71503813 -0.000459470006
vn 0.70719877 0.0236643282 -0.706618638
vn 0.706893271 0.000110780239 -0.707320219
vn 0.70575665 -0.00183164138 -0.708451972
vn -0.353531318 -0.61246381 0.707038675
vn -0.374694829 -0.599662073 0.707113275
vn -0.374687009 -0.599676121 0.707105505
vn -0.966197446 -0.257803206 5.71061291e-05
vn -0.980344324 -0.197294211 3.17602653e-05
vn -0.979681209 -0.200561035 -9.06495839e-06
vn -0.865639984 0.500665962 0.00100621278
vn -0.882950983 0.469464283 0.000921400926
vn -0.882963272 0.469442023 -0.000216781038
vn -0.809033427 0.587762634 8.36940553e-06
vn -0.788019719 0.61565 9.75164042e-06
vn -0.788119966 0.615521665 -2.87220221e-06
vn 0.999388813 -0.034957122 5.05156685e-06
vn 0.997563791 -0.0697601744 1.16478033e-05
vn 0.997580337 -0.0695231771 -7.02621846e-06
vn -0.76593262 -0.642920852 -2.21220671e-06
vn -0.743070278 -0.66921339 -1.75985468e-06
vn -0.743194514 -0.669075418 1.12064498e-05
vn 0.500081478 0.865978357 2.11021301e-06
vn 0.52985684 0.8480871 1.26163907e-06
vn 0.529786286 0.848131176 -6.04393105e-06
vn 0.994532954 -0.104423189 1.21536297e-05
vn 0.990262483 -0.139212837 8.48726934e-06
vn 0.990280717 -0.139083077 -1.79222792e-06
vn -0.913334406 0.40721034 4.0668713e-05
vn -0.915630752 0.402020303 5.61443736e-05
vn -0.900542033 0.434768952 7.19261478e-05
vn 0.198524505 -0.980095924 1.35469864e-05
vn 0.202034887 -0.979378325 2.02180305e-05
vn 0.150925796 -0.988545092 6.8421561e-05
vn 0.970284353 -0.241967502 5.17550439e-05
vn 0.961275519 -0.275589139 5.93003206e-05
vn 0.962017253 -0.272988652 2.21739596e-05
vn -0.104351905 -0.994540437 3.52183734e-07
vn -0.0695872185 -0.997575871 1.08407191e-06
vn -0.069775011 -0.997562754 1.42449915e-05
vn -0.990256556 -0.139254995 7.2644635e-07
vn -0.984767597 -0.173875761 1.46970817e-06
vn -0.984799818 -0.173693172 1.40993682e-05
vn -0.0690577038 0.997612667 5.06389057e-06
vn -0.0696210277 0.997573512 1.43353011e-05
vn -0.0348598679 0.99939221 7.88331682e-06
vn 1 -4.93657808e-06 4.85706414e-06
vn 0.999389133 -0.0349479735 1.08986189e-05
vn 0.999403445 -0.0345362861 3.93792139e-06
vn 0.913580373 0.406658212 0
vn 0.898800123 0.438358688 0
vn 0.898800099 0.438358737 0
vn 0.719320366 -0.694678494 0
vn 0.719320425 -0.694678434 0
vn 0.743117501 -0.669160952 0
vn -0.939678676 0.342058453 0
vn -0.951030913 0.309095782 0
vn -0.951030913 0.309095782 0
vn -0.994524647 -0.104502282 0
vn -0.994524751 -0.104501289 0
vn -0.990273409 -0.1391351 0
vn 0.0348876485 -0.999391241 4.42720185e-06
vn 0.0347291515 -0.999396761 4.36463807e-06
vn 0.0692661172 -0.997598218 4.74193706e-06
vn 0.0346039707 0.999401103 3.93121655e-06
vn 1.60639374e-05 1 1.86054558e-06
vn 2.92678505e-05 1 5.40304381e-06
vn 0.927172871 -0.374633778 1.47690794e-05
vn 0.913549914 -0.406726635 1.02483684e-05
vn 0.913601435 -0.406610893 3.41316891e-08
vn -0.970231708 -0.242178514 -6.65584732e-06
vn -0.961234722 -0.275731407 -3.31621563e-06
vn -0.961267459 -0.275617256 6.28236361e-06
vn 0.69461706 0.719379691 8.05184604e-06
vn 0.719387245 0.694609236 -7.94933034e-06
vn 0.719372049 0.694624975 -7.93968245e-06
vn -0.330751634 -0.624684823 -0.707369938
vn -0.346003739 -0.614424881 -0.709058162
vn -0.302136248 -0.63713504 -0.709064615
vn 0.438232106 0.898861848 -6.6045056e-06
vn 0.438318484 0.89881973 7.50579908e-06
vn 0.469503931 0.882930382 1.38288248e-05
vn 0.882924748 0.469514524 2.04646356e-05
vn 0.898828014 0.438301496 1.36827691e-05
vn 0.898773841 0.438412572 -3.22392493e-06
vn 0.570236148 -0.821480813 -9.02989126e-05
vn 0.557670832 -0.830061615 -0.000979154837
vn 0.531013353 -0.847363147 -0.000718925474
vn -0.413927118 0.910309391 0.00107442257
vn -0.447389221 0.894338679 0.00110124786
vn -0.470254591 0.882529894 -0.00126693287
vn 0.865980642 -0.500077521 1.2618338e-06
vn 0.848084358 -0.529861229 3.17424007e-06
vn 0.848108621 -0.529822392 -1.20725152e-06
vn -0.999404831 -0.034496128 1.03025912e-05
vn -0.999390644 -0.0349047252 1.58902055e-05
vn -1 -3.59349451e-06 1.48180907e-05
vn -0.396533571 0.585205528 -0.707315783
vn -0.381469561 0.593239103 -0.708906441
vn -0.421953702 0.565164439 -0.708903541
vn -0.634730588 -0.310940599 -0.70741291
vn -0.641006319 -0.293648676 -0.709141279
vn -0.619058016 -0.337637933 -0.709061209
vn 0.587748474 -0.809043714 7.36874343e-06
vn 0.559274495 -0.828982533 7.2354751e-06
vn 0.559319691 -0.828952039 1.55361913e-06
vn 0.898773841 0.438412572 -3.22392493e-06
vn 0.898828014 0.438301496 1.36827691e-05
vn 0.91354059 0.406747575 1.94185902e-05
vn 0.196103666 0.678283227 -0.708149148
vn 0.159995965 0.687566725 -0.708274869
vn 0.17204342 0.686640827 -0.706346541
vn -0.985034467 0.17235747 2.60267807e-05
vn -0.990430699 0.138010977 1.81808516e-05
vn -0.990265591 0.139190725 3.69481984e-05
vn 0.961274377 -0.275593129 6.17069458e-06
vn 0.951097819 -0.308889847 1.66919405e-05
vn 0.951154731 -0.308714557 3.84740209e-06
vn 0.406725952 -0.913550218 1.50586323e-05
vn 0.374628344 -0.927175066 8.64087471e-06
vn 0.374731457 -0.927133396 -1.36526838e-07
vn 0.275608173 0.961270063 4.89037377e-06
vn 0.308886279 0.951098978 4.79428475e-06
vn 0.308731722 0.951149159 -6.64974587e-06
vn 0.994533617 0.10441688 1.24181928e-05
vn 0.997563631 0.0697624705 3.37630904e-07
vn 0.997560524 0.0698068861 -8.8105386e-06
vn 0.0697751667 0.997562743 1.23185814e-05
vn 0.104406193 0.994534739 1.33703779e-05
vn 0.104202549 0.994556096 -2.45670351e-06
vn -0.990404014 -0.138202347 1.67473217e-05
vn -0.990264957 -0.139195234 3.17867636e-05
vn -0.994519479 -0.104551443 2.94287931e-05
vn -0.851208102 -0.524828322 1.47795756e-05
vn -0.845710246 -0.53364237 2.03908101e-05
vn -0.864598554 -0.502463271 3.68722059e-05
vn 0.016283575 -0.999867414 2.06717208e-05
vn 0.0839669699 -0.996468538 2.28202551e-05
vn 0.080292368 -0.996771355 3.80564932e-05
vn 0.804910575 0.593396109 -0.000154732358
vn 0.777135873 0.629331906 -0.0010896776
vn 0.788187075 0.615433862 0.00151539336
vn 0.729070492 -0.684438295 0.00066236023
vn 0.743342969 -0.6689075 0.00199669779
vn 0.754946607 -0.655785226 -0.00116509914
vn 0.88280576 -0.469715802 -0.00458856437
vn 0.867123323 -0.498082618 -0.00329366799
vn 0.854996894 -0.518629953 0.00181186671
vn 0.923003476 -0.384791605 -6.97451236e-05
vn 0.932791216 -0.360416763 0.000550925838
vn 0.938110412 -0.346336119 -0.00038340827
vn 0.374685723 -0.599674266 0.70710776
vn 0.374693346 -0.59965982 0.707115971
vn 0.353530319 -0.612460914 0.707041684
vn -0.239536564 0.970887344 8.9358553e-06
vn -0.241964514 0.970285098 4.46202385e-05
vn -0.207953872 0.978138633 3.91291763e-05
vn -0.548278623 0.836295594 -0.000481424789
vn -0.507537757 0.861628728 -0.00116679392
vn -0.507423634 0.861696712 0.000179409222
vn -0.615647726 0.788021496 1.17868175e-05
vn -0.587763212 0.809033007 6.68998816e-06
vn -0.587867544 0.8089572 -3.54634417e-06
vn -0.997293219 0.073527101 -2.22611048e-06
vn -0.998780028 0.0493807167 -3.68451407e-05
vn -0.996433006 0.0843875224 -0.000102768519
vn -0.656412836 -0.754401023 0.00113347405
vn -0.621761331 -0.783206772 -1.56645622e-05
vn -0.65425665 -0.756272504 -0.000369082413
vn -0.505870996 -0.862609144 6.15857059e-06
vn -0.475538365 -0.879694983 9.10285765e-06
vn -0.476304109 -0.879280613 1.20883512e-05
vn 0.615669477 0.788004502 -4.4043808e-06
vn 0.642820716 0.766016662 -3.70960834e-06
vn 0.642744645 0.766080492 -1.27173443e-05
vn -0.999389285 0.0349436326 8.24964076e-06
vn -0.999391658 0.0348756829 9.42603567e-06
vn -0.997571644 0.0696477921 1.38136075e-05
vn -0.970285019 -0.241964837 0
vn -0.970284498 -0.241966927 0
vn -0.961243966 -0.27569918 0
vn -0.435678602 -0.900076035 0.00687649243
vn -0.398125717 -0.917323074 0.00378030128
vn -0.374417227 -0.927232339 -0.00720626127
vn -0.137668267 -0.990478394 1.15147768e-05
vn -0.10341567 -0.994638225 7.88344021e-06
vn -0.104553369 -0.994519277 2.52544189e-05
vn -0.56528151 -0.824898063 6.82066319e-06
vn -0.602959939 -0.797771464 5.28928474e-05
vn -0.597297486 -0.80201977 2.98452213e-05
vn 0.938486861 -0.345314945 1.02013354e-05
vn 0.926909385 -0.375285208 6.51002628e-05
vn 0.932134157 -0.36211312 3.51076489e-05
vn -0.406729197 0.913548773 1.11724378e-05
vn -0.374630155 0.927174335 1.26272171e-05
vn -0.374797055 0.92710688 -1.23070348e-06
vn 0.50230138 -0.864692603 -0.000163029496
vn 0.502292584 -0.864697712 -0.000162999658
vn 0.527922788 -0.849292364 -0.00010098836
vn -0.36988519 -0.929077465 9.94893009e-05
vn -0.391838968 -0.920033813 7.60966723e-05
vn -0.394862165 -0.918740368 8.88184927e-05
vn -0.990430699 0.138010977 1.81808516e-05
vn -0.994596691 0.103814362 1.30439546e-05
vn -0.994519622 0.10455009 2.52129386e-05
vn -0.565123083 -0.825006607 6.09762312e-06
vn -0.535434464 -0.844576778 4.54338157e-06
vn -0.535603035 -0.844469886 5.28294538e-06
vn 0.444628225 0.895715149 -0.000336851164
vn 0.436764497 0.899575687 0.000597868623
vn 0.404966219 0.914331638 0.000131174378
vn 1 -4.93657808e-06 4.85706414e-06
vn 0.999999999 -3.65038431e-05 1.61144021e-06
vn 0.999397853 0.0346977256 3.84372507e-06
vn 0.719387245 0.694609236 -7.94933034e-06
vn 0.743174291 0.66909788 2.22777651e-06
vn 0.743084681 0.669197397 -9.5371873e-06
vn -0.999999944 0.000335037195 9.57310422e-06
vn -1 -3.59349451e-06 1.48180907e-05
vn -0.999391658 0.0348756829 9.42603567e-06
vn -9.78311255e-06 -1 2.07803373e-06
vn 0.0347291515 -0.999396761 4.36463807e-06
vn 0.0348876485 -0.999391241 4.42720185e-06
vn 0.17221504 0.985059379 1.92544551e-05
vn 0.137961195 0.990437635 1.85369374e-05
vn 0.139175282 0.990267762 3.72274411e-05
vn 0.71938139 -0.694615301 2.86894601e-06
vn 0.694611935 -0.71938464 -2.48930643e-06
vn 0.694630524 -0.719366691 -2.29277777e-06
vn -0.145716814 0.989326341 3.62931672e-05
vn -0.154620674 0.987973908 6.43715162e-05
vn -0.103788346 0.994599403 7.605843e-05
vn -0.978472882 -0.206375434 1.92996793e-05
vn -0.978137396 -0.207959689 4.26103236e-05
vn -0.984820341 -0.173576768 3.60589829e-05
vn 0.999391689 0.0348748102 6.68746785e-06
vn 0.999397853 0.0346977256 3.84372507e-06
vn 0.997615637 0.0690147878 3.28741749e-06
vn 0.939683652 0.342044784 4.81360048e-06
vn 0.951103316 0.308872923 1.37712729e-05
vn 0.95102805 0.309104592 -2.75821185e-06
vn 0.104406193 0.994534739 1.33703779e-05
vn 0.139225437 0.990260712 1.39276334e-05
vn 0.139006883 0.990291415 -1.87737214e-06
vn -0.997019235 -0.077153385 2.38812737e-05
vn -0.999272543 -0.0381363749 3.63302394e-05
vn -0.999242271 -0.0389215024 3.09110336e-05
vn -0.706540579 -0.70767253 2.6287227e-05
vn -0.736421558 -0.67652294 5.3270976e-06
vn -0.732372129 -0.680904593 -1.51525666e-05
vn -0.999396355 0.0347408216 1.48655805e-07
vn -0.999999967 -0.000256362727 -4.13285636e-06
vn -1 -7.69336566e-06 1.48216077e-05
vn -0.999242271 -0.0389215024 3.09110336e-05
vn -0.999272543 -0.0381363749 3.63302394e-05
vn -0.999990656 0.00432263181 4.52730316e-05
vn 0.17902162 0.98384514 2.63795018e-05
vn 0.174562641 0.98464607 3.84489122e-05
vn 0.229485918 0.973311979 6.61950484e-05
vn 0.52985684 0.8480871 1.26163907e-06
vn 0.559279333 0.828979269 7.09704376e-06
vn 0.559129521 0.829080321 -4.15783495e-06
vn -0.825480816 -0.564430175 2.6432186e-05
vn -0.831322577 -0.555790223 2.0922923e-05
vn -0.806311455 -0.591491198 -1.50658519e-06
vn -0.034650263 0.999399499 4.47860801e-06
vn -0.0348598679 0.99939221 7.88331682e-06
vn 2.92678505e-05 1 5.40304381e-06
vn 0.139192943 -0.99026528 2.6797229e-05
vn 0.138292821 -0.990391385 1.23871643e-05
vn 0.172429497 -0.985021862 1.4240321e-05
vn 0.58774696 0.809044814 1.1811056e-06
vn 0.615669477 0.788004502 -4.4043808e-06
vn 0.615628652 0.788036397 -5.64799568e-06
vn 0.529861384 -0.848084261 3.17169357e-06
vn 0.500075396 -0.86598187 5.94454418e-06
vn 0.500155544 -0.865935582 -2.61936599e-06
vn 0.766014268 -0.642823569 3.18151088e-06
vn 0.74318011 -0.669091416 8.58664242e-06
vn 0.743280068 -0.668980374 -7.17214178e-07
vn -0.951039879 -0.309068193 -2.90406219e-06
vn -0.939622338 -0.342213182 -3.42479869e-06
vn -0.939685384 -0.342040025 1.10954622e-05
vn 0.970270998 -0.242021056 7.93217458e-07
vn 0.961274377 -0.275593129 6.17069458e-06
vn 0.961291532 -0.275533283 -4.1287091e-07
vn 0.866050766 0.499956068 -9.62406881e-06
vn 0.865985448 0.500069198 -1.98740485e-06
vn 0.882924748 0.469514524 2.04646356e-05
vn -0.961865883 0.27352152 3.55996388e-05
vn -0.970682427 0.240365606 2.76259683e-05
vn -0.970284944 0.241965131 5.203551e-05
vn 0.6873058 0.72636818 6.34725213e-05
vn 0.693624209 0.720337044 2.77132844e-05
vn 0.654008889 0.756486861 4.49980778e-05
vn -0.305269667 -0.952265945 3.78124638e-06
vn -0.27306092 -0.961996743 1.99169846e-05
vn -0.275594644 -0.961273941 5.59291059e-05
vn -0.367331165 0.930090219 2.11764393e-05
vn -0.376370998 0.926469033 5.79713454e-05
vn -0.345705592 0.938343031 1.0956717e-05
vn 0.978143873 0.207929224 4.07234148e-05
vn 0.978588202 0.205827915 8.76625689e-06
vn 0.970875656 0.239583933 1.07525036e-05
vn 0.336854451 0.941556731 -2.51980795e-05
vn 0.336857663 0.941555582 -2.51244354e-05
vn 0.369936535 0.929057026 3.89429998e-05
vn 0.796914423 0.604092213 -2.86575874e-05
vn 0.791193601 0.611565766 8.02060364e-06
vn 0.824795866 0.565430598 -0.000137117884
vn -0.864598554 -0.502463271 3.68722059e-05
vn -0.884366536 -0.466793132 3.70592471e-05
vn -0.886707976 -0.462329932 6.56928625e-06
vn -0.100411062 0.994946036 5.89026334e-05
vn -0.103788346 0.994599403 7.605843e-05
vn -0.0541053465 0.998535231 6.39845865e-05
vn -0.597275209 0.802036361 3.23449246e-05
vn -0.605385418 0.795932466 6.80404405e-05
vn -0.569967673 0.821667114 6.95297405e-05
vn -0.942264339 -0.334869997 2.62619185e-05
vn -0.953297641 -0.30203246 9.04362301e-06
vn -0.953597138 -0.301085535 1.26258511e-05
vn 0.324065882 0.946034515 -2.84255537e-05
vn 0.311008094 0.950407263 -1.64576449e-05
vn 0.336857663 0.941555582 -2.51244354e-05
vn 0.937848536 0.347044844 -1.36038793e-05
vn 0.923882839 0.382675438 -9.21196476e-05
vn 0.924932939 0.380130308 -8.48668826e-05
vn -0.00804197763 0.999967663 -1.626125e-05
vn -0.0385686061 0.999255954 6.66009242e-06
vn -0.0202040528 0.999795877 2.39950556e-05
vn 0.174562641 0.98464607 3.84489122e-05
vn 0.17902162 0.98384514 2.63795018e-05
vn 0.1271234 0.991886909 3.16304543e-06
vn -0.804669951 -0.593722384 -3.90640877e-06
vn -0.806311455 -0.591491198 -1.50658519e-06
vn -0.785367588 -0.619029685 3.11301566e-06
vn -0.628530238 0.77778515 3.22590445e-05
vn -0.644991487 0.764189755 -1.75049762e-05
vn -0.644990326 0.764190735 -1.74835896e-05
vn -0.520378252 0.853935871 4.88826719e-05
vn -0.516496386 0.856289369 1.2354292e-05
vn -0.566152409 0.824300582 3.27469071e-05
vn 0.0839669699 -0.996468538 2.28202551e-05
vn 0.153862379 -0.988092286 5.5791536e-05
vn 0.150925796 -0.988545092 6.8421561e-05
vn 0.279499058 0.960145965 5.52736682e-05
vn 0.298648553 0.95436316 1.45779767e-05
vn 0.236608423 0.971605091 3.60372261e-05
vn 0.660436248 -0.750882121 5.08157627e-05
vn 0.656651182 -0.75419442 4.36706458e-05
vn 0.705040616 -0.709166926 2.24225418e-05
vn -0.239753784 -0.970833725 1.72245201e-05
vn -0.20596355 -0.978559664 1.67537545e-05
vn -0.207956038 -0.978138172 4.63277776e-05
vn -0.225249446 -0.974301128 4.41355054e-06
vn -0.191820041 -0.981430116 1.80386851e-05
vn -0.198257629 -0.980149943 2.93049021e-05
vn -0.996957774 -0.0779435408 1.84754407e-05
vn -0.993647613 -0.112536301 4.07357793e-05
vn -0.993647688 -0.112535641 4.07101479e-05
vn -0.508594233 -0.491109659 0.707208039
vn -0.525583009 -0.473248524 0.706964168
vn -0.525561583 -0.473223191 0.706997054
vn 0.422970896 -0.906143255 -0.000149669001
vn 0.3852024 -0.922832114 -2.01619728e-05
vn 0.405352901 -0.914160267 -0.000176689579
vn -0.964243687 -0.265017192 3.34101145e-05
vn -0.953597138 -0.301085535 1.26258511e-05
vn -0.953297641 -0.30203246 9.04362301e-06
vn -0.928181863 -0.372126898 3.23816631e-05
vn -0.914126855 -0.405428282 1.58374657e-05
vn -0.915655622 -0.401963655 3.56977438e-05
vn 0.939845396 0.341600103 3.4384355e-05
vn 0.937848536 0.347044844 -1.36038793e-05
vn 0.937849793 0.347041448 -1.35810965e-05
vn -0.978428127 0.206587509 2.64892097e-05
vn -0.985034467 0.17235747 2.60267807e-05
vn -0.984820193 0.173577608 4.42554267e-05
vn -0.970730905 -0.24016975 2.04920659e-05
vn -0.970284776 -0.241965805 4.81177384e-05
vn -0.978137396 -0.207959689 4.26103236e-05
vn 0.642820716 0.766016662 -3.70960834e-06
vn 0.669089566 0.743181776 1.39262931e-05
vn 0.668845688 0.743401268 -9.26103942e-06
vn 0.998556931 0.0537033874 2.872067e-05
vn 0.999999523 0.000976311683 -2.5904892e-05
vn 0.99999952 0.000979657806 -2.58941924e-05
vn -0.13769715 0.990474379 7.87878281e-06
vn -0.139192605 0.990265327 2.97576795e-05
vn -0.104532228 0.994521499 2.26370417e-05
vn -0.243204388 0.969975064 2.96667625e-05
vn -0.240367402 0.970681983 2.01363986e-05
vn -0.275535896 0.961290783 8.00226145e-06
vn -0.0902083568 -0.995922898 -0.000185531472
vn -0.144548629 -0.989497689 -0.000132877762
vn -0.132112818 -0.991234674 -0.000154500538
vn -0.00623016819 -0.999980592 1.16776321e-05
vn -0.00622928533 -0.999980598 1.17055846e-05
vn 0.016283575 -0.999867414 2.06717208e-05
vn 0.207953265 -0.978138762 3.63877246e-05
vn 0.206598492 -0.978425809 1.59982502e-05
vn 0.240366041 -0.97068232 1.85345743e-05
vn 0.863518094 -0.504317841 -0.000128979829
vn 0.863517166 -0.50431943 -0.000128974411
vn 0.885632331 -0.464387086 -8.76866975e-05
vn -0.957732467 0.287660428 1.347049e-05
vn -0.957748364 0.287607494 1.38543193e-05
vn -0.967849671 0.25152935 4.61595999e-06
vn 0.852996857 0.521916014 -0.000189770225
vn 0.852986555 0.521932852 -0.000189728566
vn 0.856877578 0.515519948 -1.7326879e-05
vn -0.957748364 0.287607494 1.38543193e-05
vn -0.957732467 0.287660428 1.347049e-05
vn -0.945151682 0.326631744 4.2585855e-05
vn 0.97813915 -0.207951439 4.64733997e-05
vn 0.970284353 -0.241967502 5.17550439e-05
vn 0.970853541 -0.239673533 1.88468154e-05
vn -0.430861883 0.902417883 5.67375782e-05
vn -0.441478306 0.89727192 8.41266072e-05
vn -0.409200182 0.912444631 7.75913705e-05
vn -0.967849671 0.25152935 4.61595999e-06
vn -0.977000741 0.213235906 8.53866733e-07
vn -0.976247851 0.216656716 5.85297724e-06
vn 0.50859049 -0.491085441 0.707227547
vn 0.508597413 -0.491112331 0.707203896
vn 0.491116627 -0.508597091 0.707201144
vn -0.915630752 0.402020303 5.61443736e-05
vn -0.913334406 0.40721034 4.0668713e-05
vn -0.930662032 0.365880011 1.43786291e-05
vn -0.157113253 -0.987580591 4.0685896e-05
vn -0.106804041 -0.994280089 3.61670554e-05
vn -0.126328415 -0.991988471 6.7269091e-05
vn -0.740026862 0.67257729 -0.000178634968
vn -0.744093165 0.668075846 -0.000159015061
vn -0.702795671 0.711391733 -0.000216215365
vn 0.994521058 0.104536425 2.33581386e-05
vn 0.994639535 0.103403071 6.19176047e-06
vn 0.990450529 0.137868594 6.5839006e-06
vn 0.00937461467 0.999956057 1.83897407e-05
vn 0.00937655724 0.999956039 1.84031845e-05
vn 0.047302127 0.998880627 3.31324955e-05
vn -0.929583319 -0.36861206 5.22744638e-05
vn -0.942264339 -0.334869997 2.62619185e-05
vn -0.942595357 -0.333937107 2.98205067e-05
vn -0.978628399 0.205636696 -7.3225565e-05
vn -0.994348244 0.106167221 -0.000300557503
vn -0.994347014 0.106178742 -0.000300558761
vn 0.953357287 0.301844134 3.98761091e-05
vn 0.969047984 0.246872445 -1.64637257e-06
vn 0.96690558 0.255134474 -1.40911187e-05
vn 0.0889243246 0.996038385 -1.28554866e-05
vn 0.0836185167 0.996497839 1.72039823e-05
vn 0.123675653 0.992322696 1.36005358e-05
vn -0.205834129 0.978586895 7.26670655e-06
vn -0.207953872 0.978138633 3.91291763e-05
vn -0.173578351 0.984820062 3.49610016e-05
vn -0.171648173 -0.985158314 1.40443625e-05
vn -0.137668267 -0.990478394 1.15147768e-05
vn -0.139191434 -0.990265491 3.43341963e-05
vn 0.808167021 -0.588953362 -5.75621002e-05
vn 0.808164887 -0.588956291 -5.75639528e-05
vn 0.791511881 -0.611153772 -0.000102053809
vn 0.926909385 -0.375285208 6.51002628e-05
vn 0.912497432 -0.40908243 4.43989652e-05
vn 0.917425951 -0.397906551 2.08284278e-05
vn 0.620428407 0.784263088 1.89947375e-05
vn 0.603768059 0.79716004 -4.56939858e-05
vn 0.606596051 0.795010207 -4.05048012e-05
vn -0.310939527 0.950429698 6.11922509e-06
vn -0.312713112 0.949847624 1.24816386e-05
vn -0.278325757 0.960486737 1.75669496e-05
vn -0.37169667 -0.928354235 -1.60050008e-06
vn -0.36988519 -0.929077465 9.94893009e-05
vn -0.35187469 -0.936047105 0.000141268658
vn -0.904004712 0.42752249 -2.66586291e-05
vn -0.90003622 0.435815098 -6.309669e-05
vn -0.896503007 0.443037647 3.54812536e-05
vn 0.24196349 -0.970285354 4.34301545e-05
vn 0.240366041 -0.97068232 1.85345743e-05
vn 0.273760915 -0.961797775 2.50894009e-05
vn -0.44430047 -0.895877833 9.09923524e-06
vn -0.476304109 -0.879280613 1.20883512e-05
vn -0.475538365 -0.879694983 9.10285765e-06
vn -0.20596355 -0.978559664 1.67537545e-05
vn -0.171648173 -0.985158314 1.40443625e-05
vn -0.173578394 -0.984820054 4.3262003e-05
vn -0.164088761 -0.986445577 5.03305471e-05
vn -0.198257629 -0.980149943 2.93049021e-05
vn -0.191820041 -0.981430116 1.80386851e-05
vn 0.961278481 0.275578809 4.93853353e-05
vn 0.962019303 0.272981429 1.13259245e-05
vn 0.952263419 0.305277547 1.0954105e-06
vn -0.832690671 0.553738425 -5.5069374e-05
vn -0.834487494 0.551026878 -3.7464193e-05
vn -0.793378593 0.608728484 -0.00020334663
vn 0.305765084 0.952106986 1.10526541e-05
vn 0.273497245 0.961872786 2.63130906e-05
vn 0.275603722 0.961271338 5.69533073e-05
vn 0.735834898 0.677160979 0.000107045424
vn 0.743482137 0.668755792 5.38845251e-05
vn 0.693624209 0.720337044 2.77132844e-05
vn 0.951194098 0.30859324 2.6845011e-05
vn 0.939845396 0.341600103 3.4384355e-05
vn 0.939848516 0.341591519 3.4358772e-05
vn 0.982930019 0.183979827 -2.55943636e-05
vn 0.992730252 0.120360485 -7.59453809e-06
vn 0.99245456 0.122612987 -3.08725513e-05
vn 0.984822618 0.173563851 3.13695014e-05
vn 0.985104191 0.171958519 7.20225026e-06
vn 0.978588202 0.205827915 8.76625689e-06
vn 0.486645961 0.87359928 -8.6304927e-05
vn 0.484726038 0.874666029 -8.25165401e-05
vn 0.526619647 0.850101013 -0.000123843516
vn 0.402788754 0.915292969 1.06595705e-07
vn 0.369932587 0.929058599 3.89045557e-05
vn 0.369936535 0.929057026 3.89429998e-05
vn -0.999389892 -0.0349262694 0
vn -0.999389852 -0.0349274005 0
vn -0.997566978 -0.0697145969 0
f 1961/1/1 2578/2/2 1960/3/3
f 9/4/4 1138/5/5 2224/6/6
f 1954/7/7 635/8/8 1953/9/9
f 1720/10/10 636/11/11 1719/12/12
f 2442/13/13 203/14/14 2441/15/15
f 2628/16/16 2330/17/17 3/18/18
f 2067/19/19 204/20/20 2068/21/21
f 765/22/22 205/23/23 2757/24/24
f 2825/25/25 2576/26/26 2335/27/27
f 1887/28/28 2577/29/29 1888/30/30
f 83/31/31 617/32/32 795/33/33
f 2108/34/34 755/35/35 2109/36/36
f 1907/37/37 770/38/38 1908/39/39
f 2488/40/40 206/41/41 96/42/42
f 101/43/43 2789/44/44 2697/45/45
f 2698/46/46 207/47/47 2032/48/48
f 2033/49/49 2828/50/50 1813/51/51
f 16/52/52 2250/53/53 655/54/54
f 2248/55/55 2249/56/56 656/57/57
f 1966/58/58 1967/59/59 777/60/60
f 2649/61/61 2260/62/62 2722/63/63
f 1971/64/64 1972/65/65 938/66/66
f 2270/67/67 29/68/68 2801/69/69
f 31/70/70 33/71/71 209/72/72
f 2082/73/73 2279/74/74 210/75/75
f 2280/76/76 39/77/77 211/78/78
f 41/79/79 1863/80/80 667/81/81
f 1864/82/82 43/83/83 787/84/84
f 2661/85/85 1867/86/86 2723/87/87
f 1868/88/88 47/89/89 943/90/90
f 49/91/91 2665/92/92 212/93/93
f 2462/94/94 2084/95/95 213/96/96
f 2085/97/97 2167/98/98 1146/99/99
f 2168/100/100 2174/101/101 2216/102/102
f 2175/103/103 2612/104/104 215/105/105
f 2713/106/106 2790/107/107 792/108/108
f 1875/109/109 1763/110/110 2726/111/111
f 1762/112/112 1988/113/113 217/114/114
f 199/115/115 2671/116/116 2526/117/117
f 749/118/118 2849/119/119 2527/120/120
f 194/121/121 2412/122/122 218/123/123
f 2708/124/124 191/125/125 2636/126/126
f 2786/127/127 188/128/128 681/129/129
f 2705/130/130 1120/131/131 794/132/132
f 183/133/133 2398/134/134 2766/135/135
f 2400/136/136 1919/137/137 2528/138/138
f 1821/139/139 1820/140/140 2529/141/141
f 1113/142/142 178/143/143 223/144/144
f 2699/145/145 176/146/146 689/147/147
f 174/148/148 172/149/149 690/150/150
f 170/151/151 2116/152/152 805/153/153
f 2028/154/154 165/155/155 2486/156/156
f 2372/157/157 162/158/158 1029/159/159
f 1909/160/160 808/161/161 2532/162/162
f 807/163/163 159/164/164 225/165/165
f 2769/166/166 799/167/167 696/168/168
f 2102/169/169 2010/170/170 697/171/171
f 1903/172/172 1902/173/173 2692/174/174
f 152/175/175 2355/176/176 227/177/177
f 1899/178/178 1898/179/179 2490/180/180
f 148/181/181 2831/182/182 2491/183/183
f 1780/184/184 1779/185/185 2254/186/186
f 2096/187/187 1890/188/188 2255/189/189
f 1769/190/190 1768/191/191 2693/192/192
f 2783/193/193 115/194/194 2735/195/195
f 2192/196/196 598/197/197 2429/198/198
f 598/199/199 2193/200/200 1881/201/201
f 2147/202/202 2404/203/203 235/204/204
f 2404/205/205 2147/206/206 2138/207/207
f 2694/208/208 2641/209/209 2376/210/210
f 1965/211/211 1964/212/212 263/213/213
f 2641/214/214 249/215/215 2114/216/216
f 602/217/217 2595/218/218 2720/219/219
f 2257/220/220 2256/221/221 2522/222/222
f 2586/223/223 260/224/224 2328/225/225
f 2039/226/226 2604/227/227 1921/228/228
f 2584/229/229 2824/230/230 2438/231/231
f 1174/232/232 2817/233/233 264/234/234
f 270/235/235 2506/236/236 2382/237/237
f 1854/238/238 595/239/239 717/240/240
f 1176/241/241 1920/242/242 1921/243/243
f 1331/244/244 2223/245/245 2691/246/246
f 1135/247/247 2496/248/248 2877/249/249
f 298/250/250 2180/251/251 2056/252/252
f 1203/253/253 572/254/254 281/255/255
f 285/256/256 776/257/257 284/258/258
f 2348/259/259 2524/260/260 2066/261/261
f 2008/262/262 1205/263/263 2007/264/264
f 1101/265/265 1252/266/266 1256/267/267
f 867/268/268 2795/269/269 2584/270/270
f 2795/271/271 2824/272/272 2584/273/273
f 2444/274/274 2218/275/275 1998/276/276
f 757/277/277 1736/278/278 317/279/279
f 2196/280/280 2417/281/281 2669/282/282
f 2800/283/283 930/284/284 868/285/285
f 314/286/286 1712/287/287 2094/288/288
f 2094/289/289 1712/290/290 1711/291/291
f 2095/292/292 314/293/293 2094/294/294
f 1737/295/295 2864/296/296 1736/297/297
f 2605/298/298 1293/299/299 1997/300/300
f 845/301/301 912/302/302 1164/303/303
f 2513/304/304 606/305/305 986/306/306
f 1870/307/307 1191/308/308 1869/309/309
f 2519/310/310 1169/311/311 640/312/312
f 2865/313/313 2134/314/314 278/315/315
f 2420/316/316 1346/317/317 566/318/318
f 2307/319/319 2124/320/320 2125/321/321
f 14/322/322 682/323/323 2235/324/324
f 1076/325/325 340/326/326 779/327/327
f 780/328/328 446/329/329 72/330/330
f 74/331/331 644/332/332 789/333/333
f 790/334/334 645/335/335 77/336/336
f 2354/337/337 710/338/338 80/339/339
f 81/340/340 618/341/341 2764/342/342
f 796/343/343 2609/344/344 87/345/345
f 98/346/346 917/347/347 99/348/348
f 699/349/349 143/350/350 2679/351/351
f 804/352/352 2826/353/353 2758/354/354
f 687/355/355 2676/356/356 138/357/357
f 686/358/358 136/359/359 2471/360/360
f 812/361/361 1990/362/362 1989/363/363
f 447/364/364 130/365/365 2323/366/366
f 1079/367/367 2049/368/368 2048/369/369
f 448/370/370 2411/371/371 125/372/372
f 612/373/373 122/374/374 2704/375/375
f 338/376/376 120/377/377 118/378/378
f 337/379/379 838/380/380 1117/381/381
f 449/382/382 2782/383/383 111/384/384
f 2479/385/385 2841/386/386 107/387/387
f 300/388/388 2822/389/389 2165/390/390
f 2117/391/391 276/392/392 245/393/393
f 1911/394/394 1983/395/395 1904/396/396
f 2009/397/397 2075/398/398 2482/399/399
f 1294/400/400 1979/401/401 2148/402/402
f 2589/403/403 1233/404/404 2186/405/405
f 2070/406/406 220/407/407 1705/408/408
f 2450/409/409 2495/410/410 2765/411/411
f 2493/412/412 2495/413/413 2450/414/414
f 1773/415/415 582/416/416 2863/417/417
f 2602/418/418 2876/419/419 1175/420/420
f 2743/421/421 2292/422/422 2760/423/423
f 2022/424/424 1197/425/425 2023/426/426
f 2593/427/427 1179/428/428 567/429/429
f 1185/430/430 2872/431/431 2384/432/432
f 2598/433/433 603/434/434 708/435/435
f 2536/436/436 2806/437/437 558/438/438
f 276/439/439 2117/440/440 2118/441/441
f 320/442/442 565/443/443 2143/444/444
f 708/445/445 1761/446/446 2598/447/447
f 1179/448/448 2418/449/449 567/450/450
f 354/451/451 450/452/452 2677/453/453
f 1193/454/454 1189/455/455 709/456/456
f 2657/457/457 2538/458/458 2868/459/459
f 2564/460/460 2752/461/461 237/462/462
f 1033/463/463 2090/464/464 1161/465/465
f 2467/466/466 2057/467/467 231/468/468
f 809/469/469 1025/470/470 294/471/471
f 1809/472/472 276/473/473 1808/474/474
f 735/475/475 736/476/476 1176/477/477
f 2632/478/478 1998/479/479 234/480/480
f 1715/481/481 1716/482/482 2571/483/483
f 2073/484/484 1789/485/485 2570/486/486
f 1052/487/487 2448/488/488 2449/489/489
f 2875/490/490 586/491/491 2507/492/492
f 275/493/493 243/494/494 244/495/495
f 2503/496/496 1262/497/497 2590/498/498
f 1865/499/499 2149/500/500 2150/501/501
f 2749/502/502 325/503/503 2466/504/504
f 2192/505/505 2193/506/506 598/507/507
f 235/508/508 236/509/509 2147/510/510
f 249/511/511 2641/512/512 2694/513/513
f 2595/514/514 2149/515/515 2720/516/516
f 2149/517/517 1865/518/518 2720/519/519
f 1246/520/520 602/521/521 2720/522/522
f 1248/523/523 2869/524/524 602/525/525
f 1192/526/526 1266/527/527 1265/528/528
f 2064/529/529 2065/530/530 2522/531/531
f 2065/532/532 1066/533/533 2522/534/534
f 1066/535/535 972/536/536 2522/537/537
f 972/538/538 2052/539/539 1970/540/540
f 2522/541/541 972/542/542 1969/543/543
f 2052/544/544 1932/545/545 2638/546/546
f 1932/547/547 1933/548/548 1830/549/549
f 1933/550/550 1098/551/551 1831/552/552
f 1098/553/553 2089/554/554 1084/555/555
f 1084/556/556 2089/557/557 1034/558/558
f 2089/559/559 2090/560/560 1034/561/561
f 1084/562/562 2133/563/563 1098/564/564
f 1098/565/565 2133/566/566 1831/567/567
f 1831/568/568 1830/569/569 1933/570/570
f 1830/571/571 2638/572/572 1932/573/573
f 2638/574/574 1970/575/575 2052/576/576
f 1970/577/577 1969/578/578 972/579/579
f 1969/580/580 554/581/581 2522/582/582
f 554/583/583 2648/584/584 2522/585/585
f 2648/586/586 2257/587/587 2522/588/588
f 2328/589/589 2867/590/590 2586/591/591
f 2135/592/592 2604/593/593 2039/594/594
f 2604/595/595 1176/596/596 1921/597/597
f 559/598/598 1253/599/599 2463/600/600
f 559/601/601 1255/602/602 1254/603/603
f 264/604/604 263/605/605 1964/606/606
f 264/607/607 1964/608/608 2587/609/609
f 2463/610/610 1247/611/611 2817/612/612
f 264/613/613 2587/614/614 1174/615/615
f 262/616/616 1370/617/617 1373/618/618
f 262/619/619 1373/620/620 1371/621/621
f 2634/622/622 297/623/623 2691/624/624
f 297/625/625 809/626/626 2691/627/627
f 2223/628/628 2634/629/629 2691/630/630
f 576/631/631 1343/632/632 575/633/633
f 576/634/634 1341/635/635 1342/636/636
f 1135/637/637 281/638/638 572/639/639
f 1135/640/640 572/641/641 573/642/642
f 575/643/643 1334/644/644 2877/645/645
f 1135/646/646 573/647/647 2496/648/648
f 2057/649/649 2467/650/650 298/651/651
f 298/652/652 2614/653/653 2179/654/654
f 298/655/655 2179/656/656 2180/657/657
f 2056/658/658 2057/659/659 298/660/660
f 1805/661/661 275/662/662 739/663/663
f 580/664/664 1378/665/665 1367/666/666
f 318/667/667 1320/668/668 2864/669/669
f 2864/670/670 317/671/671 1736/672/672
f 1737/673/673 318/674/674 2864/675/675
f 1997/676/676 1998/677/677 2218/678/678
f 1997/679/679 2218/680/680 2219/681/681
f 1997/682/682 2219/683/683 1839/684/684
f 1997/685/685 1839/686/686 1840/687/687
f 1997/688/688 1840/689/689 2605/690/690
f 1169/691/691 2867/692/692 640/693/693
f 2867/694/694 2328/695/695 640/696/696
f 1295/697/697 2519/698/698 640/699/699
f 1333/700/700 2793/701/701 2519/702/702
f 1039/703/703 1339/704/704 1340/705/705
f 1206/706/706 1202/707/707 2037/708/708
f 1202/709/709 2581/710/710 1752/711/711
f 1752/712/712 2581/713/713 1751/714/714
f 2581/715/715 2580/716/716 1751/717/717
f 2580/718/718 578/719/719 274/720/720
f 1751/721/721 2580/722/722 274/723/723
f 578/724/724 2161/725/725 2810/726/726
f 2161/727/727 2160/728/728 250/729/729
f 250/730/730 2160/731/731 1976/732/732
f 1976/733/733 273/734/734 250/735/735
f 250/736/736 2810/737/737 2161/738/738
f 2810/739/739 274/740/740 578/741/741
f 1752/742/742 2037/743/743 1202/744/744
f 2037/745/745 2038/746/746 2865/747/747
f 2038/748/748 2134/749/749 2865/750/750
f 2134/751/751 277/752/752 278/753/753
f 278/754/754 279/755/755 581/756/756
f 581/757/757 2865/758/758 278/759/759
f 2865/760/760 1206/761/761 2037/762/762
f 2420/763/763 1350/764/764 1348/765/765
f 357/766/766 2615/767/767 1912/768/768
f 2615/769/769 393/770/770 1912/771/771
f 393/772/772 2183/773/773 1912/774/774
f 2183/775/775 2322/776/776 1912/777/777
f 2322/778/778 1828/779/779 1912/780/780
f 1828/781/781 1829/782/782 395/783/783
f 1912/784/784 1828/785/785 395/786/786
f 1829/787/787 2787/788/788 395/789/789
f 2787/790/790 2050/791/791 395/792/792
f 2050/793/793 2051/794/794 395/795/795
f 2051/796/796 741/797/797 395/798/798
f 2664/799/799 2707/800/800 397/801/801
f 2707/802/802 1926/803/803 397/804/804
f 1926/805/805 1927/806/806 397/807/807
f 2512/808/808 407/809/809 459/810/810
f 407/811/811 2843/812/812 459/813/813
f 2843/814/814 2205/815/815 459/816/816
f 2205/817/817 409/818/818 459/819/819
f 410/820/820 2206/821/821 411/822/822
f 2206/823/823 1939/824/824 411/825/825
f 1939/826/826 1940/827/827 411/828/828
f 1940/829/829 2194/830/830 411/831/831
f 2194/832/832 638/833/833 411/834/834
f 1770/835/835 1771/836/836 414/837/837
f 1771/838/838 416/839/839 414/840/840
f 926/841/841 2827/842/842 417/843/843
f 2827/844/844 2852/845/845 417/846/846
f 2852/847/847 1695/848/848 417/849/849
f 1695/850/850 1696/851/851 417/852/852
f 1696/853/853 420/854/854 417/855/855
f 920/856/856 1995/857/857 419/858/858
f 1995/859/859 1996/860/860 419/861/861
f 1996/862/862 621/863/863 419/864/864
f 2611/865/865 422/866/866 423/867/867
f 422/868/868 1930/869/869 423/870/870
f 1930/871/871 1931/872/872 423/873/873
f 1931/874/874 1991/875/875 423/876/876
f 1134/877/877 2689/878/878 424/879/879
f 2689/880/880 1841/881/881 424/882/882
f 1841/883/883 1842/884/884 424/885/885
f 1842/886/886 426/887/887 424/888/888
f 1023/889/889 2103/890/890 427/891/891
f 2103/892/892 2104/893/893 427/894/894
f 2220/895/895 2357/896/896 458/897/897
f 2357/898/898 2358/899/899 458/900/900
f 2358/901/901 2011/902/902 458/903/903
f 2011/904/904 2012/905/905 458/906/906
f 2012/907/907 433/908/908 458/909/909
f 2100/910/910 2214/911/911 430/912/912
f 2214/913/913 436/914/914 430/915/915
f 897/916/916 438/917/917 437/918/918
f 438/919/919 2525/920/920 437/921/921
f 2525/922/922 2856/923/923 437/924/924
f 2856/925/925 659/926/926 437/927/927
f 660/928/928 1891/929/929 440/930/930
f 1891/931/931 1892/932/932 440/933/933
f 1892/934/934 2802/935/935 440/936/936
f 2802/937/937 2097/938/938 440/939/939
f 2097/940/940 2098/941/941 440/942/942
f 1815/943/943 1816/944/944 783/945/945
f 1816/946/946 444/947/947 783/948/948
f 444/949/949 1973/950/950 783/951/951
f 1973/952/952 1974/953/953 783/954/954
f 1974/955/955 2034/956/956 783/957/957
f 1162/958/958 2140/959/959 400/960/960
f 2140/961/961 2139/962/962 400/963/963
f 2139/964/964 737/965/965 400/966/966
f 737/967/967 2294/968/968 400/969/969
f 2294/970/970 403/971/971 400/972/972
f 403/973/973 1922/974/974 400/975/975
f 1922/976/976 1923/977/977 400/978/978
f 2040/979/979 2041/980/980 405/981/981
f 2041/982/982 728/983/983 405/984/984
f 728/985/985 1826/986/986 405/987/987
f 1826/988/988 1827/989/989 405/990/990
f 1827/991/991 1858/992/992 405/993/993
f 1858/994/994 359/995/995 405/996/996
f 359/997/997 360/998/998 405/999/999
f 2754/1000/1000 2792/1001/1001 358/1002/1002
f 2792/1003/1003 2054/1004/1004 358/1005/1005
f 2054/1006/1006 2055/1007/1007 358/1008/1008
f 1689/1009/1009 1690/1010/1010 363/1011/1011
f 1690/1012/1012 1759/1013/1013 363/1014/1014
f 1759/1015/1015 1872/1016/1016 363/1017/1017
f 1872/1018/1018 2518/1019/1019 363/1020/1020
f 2518/1021/1021 2234/1022/1022 363/1023/1023
f 2234/1024/1024 2233/1025/1025 363/1026/1026
f 2233/1027/1027 368/1028/1028 363/1029/1029
f 803/1030/1030 2364/1031/1031 366/1032/1032
f 2364/1033/1033 1955/1034/1034 366/1035/1035
f 1955/1036/1036 1956/1037/1037 366/1038/1038
f 1956/1039/1039 2558/1040/1040 366/1041/1041
f 2558/1042/1042 371/1043/1043 366/1044/1044
f 371/1045/1045 677/1046/1046 366/1047/1047
f 678/1048/1048 2445/1049/1049 457/1050/1050
f 2445/1051/1051 2446/1052/1052 457/1053/1053
f 2446/1054/1054 2481/1055/1055 457/1056/1056
f 2481/1057/1057 2101/1058/1058 457/1059/1059
f 2101/1060/1060 1717/1061/1061 457/1062/1062
f 1717/1063/1063 1718/1064/1064 457/1065/1065
f 1837/1066/1066 1838/1067/1067 456/1068/1068
f 1838/1069/1069 1895/1070/1070 456/1071/1071
f 1895/1072/1072 376/1073/1073 456/1074/1074
f 1107/1075/1075 1707/1076/1076 451/1077/1077
f 1707/1078/1078 1708/1079/1079 451/1080/1080
f 1708/1081/1081 2682/1082/1082 451/1083/1083
f 2682/1084/1084 2721/1085/1085 451/1086/1086
f 2721/1087/1087 378/1088/1088 451/1089/1089
f 378/1090/1090 2475/1091/1091 451/1092/1092
f 2475/1093/1093 2855/1094/1094 451/1095/1095
f 2277/1096/1096 2278/1097/1097 452/1098/1098
f 2278/1099/1099 1852/1100/1100 452/1101/1101
f 1852/1102/1102 1853/1103/1103 452/1104/1104
f 1853/1105/1105 381/1106/1106 452/1107/1107
f 381/1108/1108 382/1109/1109 452/1110/1110
f 2126/1111/1111 1734/1112/1112 453/1113/1113
f 1734/1114/1114 1735/1115/1115 453/1116/1116
f 1735/1117/1117 1810/1118/1118 453/1119/1119
f 963/1120/1120 1968/1121/1121 454/1122/1122
f 1968/1123/1123 2829/1124/1124 454/1125/1125
f 2829/1126/1126 2119/1127/1127 454/1128/1128
f 2119/1129/1129 1732/1130/1130 454/1131/1131
f 1732/1132/1132 1733/1133/1133 454/1134/1134
f 813/1135/1135 1848/1136/1136 455/1137/1137
f 1848/1138/1138 2533/1139/1139 455/1140/1140
f 2533/1141/1141 388/1142/1142 455/1143/1143
f 388/1144/1144 389/1145/1145 455/1146/1146
f 389/1147/1147 692/1148/1148 455/1149/1149
f 692/1150/1150 2245/1151/1151 342/1152/1152
f 2245/1153/1153 391/1154/1154 342/1155/1155
f 391/1156/1156 2733/1157/1157 342/1158/1158
f 2733/1159/1159 2485/1160/1160 342/1161/1161
f 2485/1162/1162 2484/1163/1163 342/1164/1164
f 2484/1165/1165 2508/1166/1166 342/1167/1167
f 2508/1168/1168 343/1169/1169 342/1170/1170
f 343/1171/1171 344/1172/1172 1122/1173/1173
f 344/1174/1174 345/1175/1175 1122/1176/1176
f 345/1177/1177 1856/1178/1178 1122/1179/1179
f 1856/1180/1180 1857/1181/1181 1122/1182/1182
f 2541/1183/1183 2542/1184/1184 346/1185/1185
f 2542/1186/1186 2565/1187/1187 346/1188/1188
f 2565/1189/1189 2623/1190/1190 346/1191/1191
f 2623/1192/1192 2624/1193/1193 346/1194/1194
f 2680/1195/1195 350/1196/1196 351/1197/1197
f 350/1198/1198 2437/1199/1199 351/1200/1200
f 2437/1201/1201 353/1202/1202 351/1203/1203
f 692/1204/1204 342/1205/1205 455/1206/1206
f 2552/1207/1207 357/1208/1208 1912/1209/1209
f 355/1210/1210 2797/1211/1211 1912/1212/1212
f 2797/1213/1213 2552/1214/1214 1912/1215/1215
f 1912/1216/1216 354/1217/1217 355/1218/1218
f 343/1219/1219 1122/1220/1220 342/1221/1221
f 2339/1222/1222 590/1223/1223 2338/1224/1224
f 1177/1225/1225 301/1226/1226 609/1227/1227
f 301/1228/1228 302/1229/1229 610/1230/1230
f 1177/1231/1231 2165/1232/1232 2822/1233/1233
f 302/1234/1234 1197/1235/1235 2022/1236/1236
f 2022/1237/1237 2562/1238/1238 302/1239/1239
f 2562/1240/1240 610/1241/1241 302/1242/1242
f 610/1243/1243 609/1244/1244 301/1245/1245
f 609/1246/1246 2165/1247/1247 1177/1248/1248
f 2165/1249/1249 2158/1250/1250 300/1251/1251
f 2158/1252/1252 2157/1253/1253 300/1254/1254
f 2157/1255/1255 607/1256/1256 300/1257/1257
f 607/1258/1258 1158/1259/1259 1071/1260/1260
f 1158/1261/1261 1159/1262/1262 1741/1263/1263
f 1741/1264/1264 1742/1265/1265 2550/1266/1266
f 1742/1267/1267 1817/1268/1268 2550/1269/1269
f 2550/1270/1270 1071/1271/1271 1158/1272/1272
f 1741/1273/1273 2550/1274/1274 1158/1275/1275
f 1071/1276/1276 300/1277/1277 607/1278/1278
f 2515/1279/1279 2516/1280/1280 2572/1281/1281
f 2516/1282/1282 556/1283/1283 2573/1284/1284
f 556/1285/1285 1951/1286/1286 2548/1287/1287
f 1951/1288/1288 1952/1289/1289 1053/1290/1290
f 1053/1291/1291 1952/1292/1292 2546/1293/1293
f 1952/1294/1294 2842/1295/1295 2546/1296/1296
f 2842/1297/1297 2806/1298/1298 2536/1299/1299
f 2546/1300/1300 2842/1301/1301 2536/1302/1302
f 1053/1303/1303 2548/1304/1304 1951/1305/1305
f 2548/1306/1306 2573/1307/1307 556/1308/1308
f 2573/1309/1309 2572/1310/1310 2516/1311/1311
f 2572/1312/1312 1128/1313/1313 2515/1314/1314
f 1128/1315/1315 1153/1316/1316 2093/1317/1317
f 2515/1318/1318 1128/1319/1319 254/1320/1320
f 2093/1321/1321 1911/1322/1322 1904/1323/1323
f 1911/1324/1324 1910/1325/1325 1983/1326/1326
f 1983/1327/1327 1928/1328/1328 1904/1329/1329
f 1904/1330/1330 1905/1331/1331 2083/1332/1332
f 2083/1333/1333 254/1334/1334 2093/1335/1335
f 2083/1336/1336 2093/1337/1337 1904/1338/1338
f 254/1339/1339 1128/1340/1340 2093/1341/1341
f 2075/1342/1342 314/1343/1343 2482/1344/1344
f 314/1345/1345 2095/1346/1346 2482/1347/1347
f 1212/1348/1348 2009/1349/1349 2482/1350/1350
f 1213/1351/1351 1948/1352/1352 2009/1353/1353
f 1102/1354/1354 1250/1355/1355 1251/1356/1356
f 2036/1357/1357 2138/1358/1358 2148/1359/1359
f 2138/1360/1360 2147/1361/1361 2148/1362/1362
f 1980/1363/1363 2036/1364/1364 2148/1365/1365
f 1979/1366/1366 1980/1367/1367 2148/1368/1368
f 555/1369/1369 1288/1370/1370 1289/1371/1371
f 2507/1372/1372 586/1373/1373 303/1374/1374
f 586/1375/1375 2185/1376/1376 303/1377/1377
f 2185/1378/1378 2186/1379/1379 303/1380/1380
f 2590/1381/1381 1261/1382/1382 2589/1383/1383
f 2614/1384/1384 298/1385/1385 608/1386/1386
f 1843/1387/1387 693/1388/1388 2078/1389/1389
f 1186/1390/1390 598/1391/1391 1881/1392/1392
f 1186/1393/1393 1881/1394/1394 1882/1395/1395
f 1186/1396/1396 1882/1397/1397 1906/1398/1398
f 1186/1399/1399 1906/1400/1400 1793/1401/1401
f 1793/1402/1402 1377/1403/1403 1186/1404/1404
f 1946/1405/1405 2006/1406/1406 2215/1407/1407
f 2215/1408/1408 214/1409/1409 1946/1410/1410
f 214/1411/1411 1785/1412/1412 220/1413/1413
f 1785/1414/1414 1786/1415/1415 220/1416/1416
f 1786/1417/1417 216/1418/1418 2763/1419/1419
f 220/1420/1420 1786/1421/1421 2763/1422/1422
f 2763/1423/1423 1015/1424/1424 2859/1425/1425
f 1015/1426/1426 1086/1427/1427 2859/1428/1428
f 2859/1429/1429 219/1430/1430 220/1431/1431
f 219/1432/1432 1791/1433/1433 220/1434/1434
f 1791/1435/1435 1792/1436/1436 220/1437/1437
f 220/1438/1438 221/1439/1439 222/1440/1440
f 222/1441/1441 1096/1442/1442 220/1443/1443
f 1096/1444/1444 2105/1445/1445 220/1446/1446
f 2105/1447/1447 1728/1448/1448 1845/1449/1449
f 1728/1450/1450 1729/1451/1451 1845/1452/1452
f 1729/1453/1453 1800/1454/1454 1845/1455/1455
f 1845/1456/1456 224/1457/1457 2487/1458/1458
f 2487/1459/1459 1121/1460/1460 1845/1461/1461
f 1121/1462/1462 2112/1463/1463 1845/1464/1464
f 2112/1465/1465 1730/1466/1466 1845/1467/1467
f 1730/1468/1468 1731/1469/1469 1845/1470/1470
f 1731/1471/1471 226/1472/1472 2835/1473/1473
f 226/1474/1474 2738/1475/1475 2835/1476/1476
f 2738/1477/1477 960/1478/1478 2835/1479/1479
f 960/1480/1480 1032/1481/1481 2835/1482/1482
f 2835/1483/1483 1155/1484/1484 229/1485/1485
f 229/1486/1486 1798/1487/1487 2835/1488/1488
f 1798/1489/1489 1799/1490/1490 2835/1491/1491
f 1799/1492/1492 1727/1493/1493 2835/1494/1494
f 1727/1495/1495 1726/1496/1496 811/1497/1497
f 811/1498/1498 2128/1499/1499 2001/1500/1500
f 2001/1501/1501 2002/1502/1502 1685/1503/1503
f 2002/1504/1504 2063/1505/1505 1685/1506/1506
f 1685/1507/1507 1686/1508/1508 1977/1509/1509
f 2001/1510/1510 1685/1511/1511 811/1512/1512
f 1977/1513/1513 230/1514/1514 1685/1515/1515
f 230/1516/1516 1914/1517/1517 2478/1518/1518
f 1914/1519/1519 1915/1520/1520 2478/1521/1521
f 2478/1522/1522 336/1523/1523 2854/1524/1524
f 1834/1525/1525 2854/1526/1526 990/1527/1527
f 2854/1528/1528 1074/1529/1529 2799/1530/1530
f 2478/1531/1531 2854/1532/1532 2329/1533/1533
f 2799/1534/1534 990/1535/1535 2854/1536/1536
f 990/1537/1537 1871/1538/1538 1834/1539/1539
f 1834/1540/1540 1775/1541/1541 1774/1542/1542
f 1774/1543/1543 339/1544/1544 1687/1545/1545
f 1687/1546/1546 1688/1547/1547 1738/1548/1548
f 1738/1549/1549 1700/1550/1550 1687/1551/1551
f 1700/1552/1552 1699/1553/1553 1687/1554/1554
f 1699/1555/1555 2732/1556/1556 2731/1557/1557
f 2731/1558/1558 1139/1559/1559 1699/1560/1560
f 1139/1561/1561 1129/1562/1562 1699/1563/1563
f 1129/1564/1564 1936/1565/1565 1935/1566/1566
f 1935/1567/1567 866/1568/1568 1129/1569/1569
f 866/1570/1570 2329/1571/1571 1129/1572/1572
f 2329/1573/1573 1698/1574/1574 2478/1575/1575
f 1698/1576/1576 1697/1577/1577 1705/1578/1578
f 1697/1579/1579 2579/1580/1580 1705/1581/1581
f 2579/1582/1582 1137/1583/1583 1705/1584/1584
f 1137/1585/1585 1725/1586/1586 1705/1587/1587
f 1705/1588/1588 1706/1589/1589 1776/1590/1590
f 1776/1591/1591 875/1592/1592 2761/1593/1593
f 2761/1594/1594 1008/1595/1595 2070/1596/1596
f 2070/1597/1597 2071/1598/1598 2631/1599/1599
f 2631/1600/1600 1781/1601/1601 1782/1602/1602
f 1782/1603/1603 879/1604/1604 1945/1605/1605
f 1945/1606/1606 1946/1607/1607 2070/1608/1608
f 220/1609/1609 1946/1610/1610 214/1611/1611
f 2763/1612/1612 2859/1613/1613 220/1614/1614
f 1727/1615/1615 811/1616/1616 2835/1617/1617
f 2835/1618/1618 811/1619/1619 1685/1620/1620
f 1685/1621/1621 230/1622/1622 2478/1623/1623
f 2854/1624/1624 1834/1625/1625 1774/1626/1626
f 2329/1627/1627 2854/1628/1628 1129/1629/1629
f 1774/1630/1630 1687/1631/1631 2854/1632/1632
f 1698/1633/1633 1705/1634/1634 2478/1635/1635
f 1705/1636/1636 1776/1637/1637 2070/1638/1638
f 1776/1639/1639 2761/1640/1640 2070/1641/1641
f 2070/1642/1642 2631/1643/1643 1782/1644/1644
f 1782/1645/1645 1945/1646/1646 2070/1647/1647
f 1946/1648/1648 220/1649/1649 2070/1650/1650
f 220/1651/1651 2105/1652/1652 1845/1653/1653
f 1731/1654/1654 2835/1655/1655 1845/1656/1656
f 1845/1657/1657 2835/1658/1658 2478/1659/1659
f 1687/1660/1660 1699/1661/1661 1129/1662/1662
f 2854/1663/1663 1687/1664/1664 1129/1665/1665
f 1685/1666/1666 2478/1667/1667 2835/1668/1668
f 2566/1669/1669 2844/1670/1670 2435/1671/1671
f 2844/1672/1672 583/1673/1673 2618/1674/1674
f 583/1675/1675 2156/1676/1676 2617/1677/1677
f 2156/1678/1678 2155/1679/1679 1883/1680/1680
f 583/1681/1681 2617/1682/1682 2618/1683/1683
f 2155/1684/1684 582/1685/1685 1773/1686/1686
f 582/1687/1687 1198/1688/1688 2863/1689/1689
f 2155/1690/1690 1773/1691/1691 1883/1692/1692
f 2863/1693/1693 1171/1694/1694 2414/1695/1695
f 2414/1696/1696 856/1697/1697 2863/1698/1698
f 856/1699/1699 1063/1700/1700 2863/1701/1701
f 1063/1702/1702 1772/1703/1703 1773/1704/1704
f 2863/1705/1705 1063/1706/1706 1773/1707/1707
f 1883/1708/1708 2617/1709/1709 2156/1710/1710
f 2618/1711/1711 2435/1712/1712 2844/1713/1713
f 2435/1714/1714 313/1715/1715 2566/1716/1716
f 313/1717/1717 661/1718/1718 2567/1719/1719
f 661/1720/1720 662/1721/1721 304/1722/1722
f 313/1723/1723 2567/1724/1724 2566/1725/1725
f 304/1726/1726 2874/1727/1727 661/1728/1728
f 2874/1729/1729 2567/1730/1730 661/1731/1731
f 570/1732/1732 2159/1733/1733 2164/1734/1734
f 2159/1735/1735 1941/1736/1736 2164/1737/1737
f 2164/1738/1738 1941/1739/1739 2163/1740/1740
f 1941/1741/1741 1822/1742/1742 2162/1743/1743
f 1822/1744/1744 1823/1745/1745 2162/1746/1746
f 1823/1747/1747 1959/1748/1748 2162/1749/1749
f 1959/1750/1750 1984/1751/1751 2523/1752/1752
f 2162/1753/1753 1959/1754/1754 2523/1755/1755
f 2523/1756/1756 591/1757/1757 2162/1758/1758
f 2162/1759/1759 2163/1760/1760 1941/1761/1761
f 2164/1762/1762 593/1763/1763 570/1764/1764
f 570/1765/1765 593/1766/1766 2337/1767/1767
f 593/1768/1768 2712/1769/1769 2337/1770/1770
f 2712/1771/1771 1175/1772/1772 2876/1773/1773
f 2337/1774/1774 2712/1775/1775 2876/1776/1776
f 1175/1777/1777 2363/1778/1778 2602/1779/1779
f 2363/1780/1780 2690/1781/1781 1199/1782/1782
f 1199/1783/1783 2690/1784/1784 2495/1785/1785
f 2690/1786/1786 2765/1787/1787 2495/1788/1788
f 1199/1789/1789 2602/1790/1790 2363/1791/1791
f 240/1792/1792 1184/1793/1793 2423/1794/1794
f 565/1795/1795 2142/1796/1796 2143/1797/1797
f 2142/1798/1798 2141/1799/1799 2873/1800/1800
f 2141/1801/1801 2545/1802/1802 2871/1803/1803
f 2545/1804/1804 564/1805/1805 1190/1806/1806
f 564/1807/1807 2816/1808/1808 1190/1809/1809
f 2816/1810/1810 563/1811/1811 2597/1812/1812
f 563/1813/1813 324/1814/1814 2597/1815/1815
f 324/1816/1816 2543/1817/1817 2597/1818/1818
f 2543/1819/1819 325/1820/1820 2597/1821/1821
f 325/1822/1822 2749/1823/1823 2597/1824/1824
f 2597/1825/1825 1190/1826/1826 2816/1827/1827
f 1190/1828/1828 2871/1829/1829 2545/1830/1830
f 2871/1831/1831 2873/1832/1832 2141/1833/1833
f 2873/1834/1834 2143/1835/1835 2142/1836/1836
f 2143/1837/1837 2144/1838/1838 320/1839/1839
f 1760/1840/1840 2144/1841/1841 2598/1842/1842
f 2598/1843/1843 1761/1844/1844 1760/1845/1845
f 1760/1846/1846 320/1847/1847 2144/1848/1848
f 1912/1849/1849 450/1850/1850 354/1851/1851
f 450/1852/1852 1141/1853/1853 2677/1854/1854
f 2603/1855/1855 2604/1856/1856 2135/1857/1857
f 2603/1858/1858 2135/1859/1859 2407/1860/1860
f 2603/1861/1861 2407/1862/1862 246/1863/1863
f 2603/1864/1864 246/1865/1865 2647/1866/1866
f 2603/1867/1867 2647/1868/1868 242/1869/1869
f 2153/1870/1870 2868/1871/1871 2538/1872/1872
f 2868/1873/1873 2870/1874/1874 2657/1875/1875
f 2538/1876/1876 2657/1877/1877 599/1878/1878
f 2870/1879/1879 2145/1880/1880 1188/1881/1881
f 2145/1882/1882 2146/1883/1883 2017/1884/1884
f 2146/1885/1885 2151/1886/1886 2017/1887/1887
f 2151/1888/1888 2152/1889/1889 1901/1890/1890
f 2017/1891/1891 2151/1892/1892 1901/1893/1893
f 2152/1894/1894 1181/1895/1895 1900/1896/1896
f 1181/1897/1897 569/1898/1898 600/1899/1899
f 600/1900/1900 569/1901/1901 1179/1902/1902
f 569/1903/1903 2418/1904/1904 1179/1905/1905
f 600/1906/1906 1900/1907/1907 1181/1908/1908
f 1900/1909/1909 1901/1910/1910 2152/1911/1911
f 2017/1912/1912 1188/1913/1913 2145/1914/1914
f 1188/1915/1915 252/1916/1916 2870/1917/1917
f 252/1918/1918 2657/1919/1919 2870/1920/1920
f 2538/1921/1921 2469/1922/1922 2468/1923/1923
f 2153/1924/1924 2468/1925/1925 2154/1926/1926
f 2538/1927/1927 2468/1928/1928 2153/1929/1929
f 1033/1930/1930 1034/1931/1931 2090/1932/1932
f 231/1933/1933 867/1934/1934 2467/1935/1935
f 867/1936/1936 2584/1937/1937 2467/1938/1938
f 2667/1939/1939 2147/1940/1940 236/1941/1941
f 1070/1942/1942 1291/1943/1943 1292/1944/1944
f 253/1945/1945 2641/1946/1946 2114/1947/1947
f 253/1948/1948 2114/1949/1949 1811/1950/1950
f 253/1951/1951 1811/1952/1952 1812/1953/1953
f 253/1954/1954 1812/1955/1955 2120/1956/1956
f 2120/1957/1957 1290/1958/1958 253/1959/1959
f 1998/1960/1960 2830/1961/1961 234/1962/1962
f 809/1963/1963 297/1964/1964 1025/1965/1965
f 1809/1966/1966 245/1967/1967 276/1968/1968
f 736/1969/1969 1920/1970/1970 1176/1971/1971
f 2444/1972/1972 1998/1973/1973 2632/1974/1974
f 2686/1975/1975 2072/1976/1976 2571/1977/1977
f 2072/1978/1978 2570/1979/1979 2571/1980/1980
f 1380/1981/1981 1715/1982/1982 2571/1983/1983
f 1716/1984/1984 2686/1985/1985 2571/1986/1986
f 1789/1987/1987 1790/1988/1988 2570/1989/1989
f 2570/1990/1990 2072/1991/1991 2073/1992/1992
f 276/1993/1993 275/1994/1994 1808/1995/1995
f 275/1996/1996 1805/1997/1997 1806/1998/1998
f 275/1999/1999 1806/2000/2000 243/2001/2001
f 244/2002/2002 1808/2003/2003 275/2004/2004
f 328/2005/2005 1010/2006/2006 1866/2007/2007
f 2150/2008/2008 604/2009/2009 1865/2010/2010
f 2375/2011/2011 2376/2012/2012 2641/2013/2013
f 2570/2014/2014 1790/2015/2015 2013/2016/2016
f 859/2017/2017 2429/2018/2018 598/2019/2019
f 1382/2020/2020 1805/2021/2021 739/2022/2022
f 1265/2023/2023 1264/2024/2024 1192/2025/2025
f 1349/2026/2026 1353/2027/2027 2780/2028/2028
f 1257/2029/2029 2807/2030/2030 1258/2031/2031
f 1347/2032/2032 2780/2033/2033 295/2034/2034
f 1338/2035/2035 1148/2036/2036 1039/2037/2037
f 1350/2038/2038 568/2039/2039 1351/2040/2040
f 1340/2041/2041 1338/2042/2042 1039/2043/2043
f 1251/2044/2044 1252/2045/2045 1102/2046/2046
f 1220/2047/2047 2817/2048/2048 1247/2049/2049
f 1376/2050/2050 1375/2051/2051 1187/2052/2052
f 1368/2053/2053 1369/2054/2054 579/2055/2055
f 1284/2056/2056 2614/2057/2057 608/2058/2058
f 1335/2059/2059 295/2060/2060 2223/2061/2061
f 1285/2062/2062 1283/2063/2063 613/2064/2064
f 1262/2065/2065 1260/2066/2066 2590/2067/2067
f 1264/2068/2068 601/2069/2069 1192/2070/2070
f 1336/2071/2071 566/2072/2072 1346/2073/2073
f 1302/2074/2074 2877/2075/2075 1334/2076/2076
f 1344/2077/2077 1045/2078/2078 1345/2079/2079
f 1268/2080/2080 2591/2081/2081 601/2082/2082
f 1272/2083/2083 1018/2084/2084 1279/2085/2085
f 1344/2086/2086 1341/2087/2087 576/2088/2088
f 1353/2089/2089 2779/2090/2090 2780/2091/2091
f 1257/2092/2092 1255/2093/2093 559/2094/2094
f 1287/2095/2095 1286/2096/2096 1092/2097/2097
f 1381/2098/2098 1382/2099/2099 739/2100/2100
f 1273/2101/2101 1275/2102/2102 2504/2103/2103
f 1463/2104/2104 1614/2105/2105 1464/2106/2106
f 1331/2107/2107 1335/2108/2108 2223/2109/2109
f 1101/2110/2110 1102/2111/2111 1252/2112/2112
f 2420/2113/2113 1348/2114/2114 1346/2115/2115
f 1476/2116/2116 1628/2117/2117 1651/2118/2118
f 2503/2119/2119 1263/2120/2120 1262/2121/2121
f 1886/2122/2122 719/2123/2123 2585/2124/2124
f 1246/2125/2125 1248/2126/2126 602/2127/2127
f 1192/2128/2128 2869/2129/2129 1266/2130/2130
f 559/2131/2131 1254/2132/2132 1253/2133/2133
f 2463/2134/2134 1253/2135/2135 1247/2136/2136
f 576/2137/2137 1342/2138/2138 1343/2139/2139
f 575/2140/2140 1343/2141/2141 1334/2142/2142
f 318/2143/2143 1336/2144/2144 1320/2145/2145
f 1295/2146/2146 1333/2147/2147 2519/2148/2148
f 1451/2149/2149 1610/2150/2150 1402/2151/2151
f 1333/2152/2152 1339/2153/2153 2793/2154/2154
f 1039/2155/2155 2793/2156/2156 1339/2157/2157
f 1212/2158/2158 1213/2159/2159 2009/2160/2160
f 1102/2161/2161 1947/2162/2162 1250/2163/2163
f 1947/2164/2164 1948/2165/2165 1249/2166/2166
f 2590/2167/2167 1260/2168/2168 1261/2169/2169
f 1184/2170/2170 241/2171/2171 597/2172/2172
f 282/2173/2173 2451/2174/2174 679/2175/2175
f 2335/2176/2176 2577/2177/2177 1887/2178/2178
f 2858/2179/2179 1279/2180/2180 1018/2181/2181
f 2211/2182/2182 2094/2183/2183 1711/2184/2184
f 459/2185/2185 410/2186/2186 411/2187/2187
f 2680/2188/2188 346/2189/2189 2624/2190/2190
f 701/2191/2191 2111/2192/2192 268/2193/2193
f 263/2194/2194 2535/2195/2195 1965/2196/2196
f 1733/2197/2197 455/2198/2198 454/2199/2199
f 2507/2200/2200 1195/2201/2201 2875/2202/2202
f 2777/2203/2203 851/2204/2204 2709/2205/2205
f 2175/2206/2206 2216/2207/2207 2174/2208/2208
f 621/2209/2209 423/2210/2210 419/2211/2211
f 1991/2212/2212 424/2213/2213 423/2214/2214
f 2544/2215/2215 905/2216/2216 2744/2217/2217
f 745/2218/2218 2564/2219/2219 727/2220/2220
f 2384/2221/2221 2593/2222/2222 567/2223/2223
f 2505/2224/2224 270/2225/2225 2838/2226/2226
f 1337/2227/2227 594/2228/2228 1148/2229/2229
f 414/2230/2230 926/2231/2231 417/2232/2232
f 304/2233/2233 2683/2234/2234 2184/2235/2235
f 328/2236/2236 1865/2237/2237 604/2238/2238
f 1833/2239/2239 882/2240/2240 2476/2241/2241
f 783/2242/2242 1162/2243/2243 400/2244/2244
f 2603/2245/2245 1378/2246/2246 580/2247/2247
f 143/2248/2248 2255/2249/2249 1890/2250/2250
f 589/2251/2251 1085/2252/2252 1013/2253/2253
f 2520/2254/2254 1168/2255/2255 258/2256/2256
f 749/2257/2257 2526/2258/2258 2671/2259/2259
f 2107/2260/2260 2334/2261/2261 2333/2262/2262
f 932/2263/2263 630/2264/2264 629/2265/2265
f 2703/2266/2266 966/2267/2267 2740/2268/2268
f 471/2269/2269 2860/2270/2270 1114/2271/2271
f 741/2272/2272 397/2273/2273 395/2274/2274
f 2178/2275/2275 168/2276/2276 2555/2277/2277
f 317/2278/2278 319/2279/2279 757/2280/2280
f 2300/2281/2281 2845/2282/2282 2301/2283/2283
f 2857/2284/2284 981/2285/2285 910/2286/2286
f 498/2287/2287 910/2288/2288 399/2289/2289
f 1749/2290/2290 404/2291/2291 976/2292/2292
f 385/2293/2293 2285/2294/2294 1157/2295/2295
f 836/2296/2296 2295/2297/2297 402/2298/2298
f 2130/2299/2299 906/2300/2300 2295/2301/2301
f 2656/2302/2302 515/2303/2303 832/2304/2304
f 944/2305/2305 1118/2306/2306 2814/2307/2307
f 2785/2308/2308 826/2309/2309 443/2310/2310
f 2607/2311/2311 2015/2312/2312 2016/2313/2313
f 2737/2314/2314 2561/2315/2315 698/2316/2316
f 2428/2317/2317 2839/2318/2318 2773/2319/2319
f 2798/2320/2320 2061/2321/2321 2062/2322/2322
f 2251/2323/2323 1803/2324/2324 1804/2325/2325
f 2077/2326/2326 119/2327/2327 2076/2328/2328
f 544/2329/2329 2113/2330/2330 2025/2331/2331
f 2855/2332/2332 452/2333/2333 451/2334/2334
f 603/2335/2335 709/2336/2336 708/2337/2337
f 1860/2338/2338 506/2339/2339 507/2340/2340
f 2717/2341/2341 525/2342/2342 2188/2343/2343
f 1836/2344/2344 1884/2345/2345 1885/2346/2346
f 2393/2347/2347 2319/2348/2348 2700/2349/2349
f 2531/2350/2350 1859/2351/2351 2530/2352/2352
f 2510/2353/2353 200/2354/2354 907/2355/2355
f 32/2356/2356 2087/2357/2357 34/2358/2358
f 543/2359/2359 2368/2360/2360 2367/2361/2361
f 2350/2362/2362 2756/2363/2363 2018/2364/2364
f 1713/2365/2365 2791/2366/2366 2554/2367/2367
f 71/2368/2368 520/2369/2369 70/2370/2370
f 2080/2371/2371 482/2372/2372 1166/2373/2373
f 1722/2374/2374 2837/2375/2375 1721/2376/2376
f 590/2377/2377 2830/2378/2378 1998/2379/2379
f 1197/2380/2380 315/2381/2381 2023/2382/2382
f 2596/2383/2383 1869/2384/2384 1191/2385/2385
f 2242/2386/2386 2433/2387/2387 2470/2388/2388
f 1173/2389/2389 1013/2390/2390 315/2391/2391
f 2/2392/2392 1116/2393/2393 1163/2394/2394
f 1694/2395/2395 166/2396/2396 1693/2397/2397
f 2231/2398/2398 2299/2399/2399 2077/2400/2400
f 2190/2401/2401 157/2402/2402 2620/2403/2403
f 2804/2404/2404 2269/2405/2405 2379/2406/2406
f 2620/2407/2407 2243/2408/2408 492/2409/2409
f 2021/2410/2410 1064/2411/2411 13/2412/2412
f 195/2413/2413 2016/2414/2414 2136/2415/2415
f 2087/2416/2416 828/2417/2417 34/2418/2418
f 2238/2419/2419 2026/2420/2420 516/2421/2421
f 2228/2422/2422 2079/2423/2423 2115/2424/2424
f 348/2425/2425 2646/2426/2426 652/2427/2427
f 1037/2428/2428 2283/2429/2429 385/2430/2430
f 700/2431/2431 2774/2432/2432 1807/2433/2433
f 499/2434/2434 399/2435/2435 398/2436/2436
f 2474/2437/2437 927/2438/2438 379/2439/2439
f 1000/2440/2440 2672/2441/2441 421/2442/2442
f 763/2443/2443 1062/2444/2444 991/2445/2445
f 362/2446/2446 842/2447/2447 1069/2448/2448
f 860/2449/2449 2035/2450/2450 2430/2451/2451
f 496/2452/2452 1073/2453/2453 1880/2454/2454
f 722/2455/2455 1879/2456/2456 766/2457/2457
f 778/2458/2458 766/2459/2459 415/2460/2460
f 2059/2461/2461 509/2462/2462 2060/2463/2463
f 1009/2464/2464 413/2465/2465 1005/2466/2466
f 893/2467/2467 821/2468/2468 387/2469/2469
f 476/2470/2470 443/2471/2471 442/2472/2472
f 2862/2473/2473 1082/2474/2474 441/2475/2475
f 479/2476/2476 441/2477/2477 936/2478/2478
f 375/2479/2479 1876/2480/2480 877/2481/2481
f 2500/2482/2482 2131/2483/2483 2501/2484/2484
f 848/2485/2485 871/2486/2486 1710/2487/2487
f 2745/2488/2488 402/2489/2489 2293/2490/2490
f 485/2491/2491 2099/2492/2492 1088/2493/2493
f 373/2494/2494 2517/2495/2495 374/2496/2496
f 491/2497/2497 883/2498/2498 800/2499/2499
f 637/2500/2500 425/2501/2501 2053/2502/2502
f 1055/2503/2503 1145/2504/2504 439/2505/2505
f 2575/2506/2506 2456/2507/2507 1851/2508/2508
f 626/2509/2509 431/2510/2510 429/2511/2511
f 627/2512/2512 429/2513/2513 428/2514/2514
f 2687/2515/2515 394/2516/2516 2182/2517/2517
f 880/2518/2518 408/2519/2519 1118/2520/2520
f 901/2521/2521 895/2522/2522 1046/2523/2523
f 384/2524/2524 1918/2525/2525 705/2526/2526
f 705/2527/2527 1862/2528/2528 819/2529/2529
f 2655/2530/2530 2027/2531/2531 2656/2532/2532
f 671/2533/2533 1765/2534/2534 375/2535/2535
f 1127/2536/2536 406/2537/2537 981/2538/2538
f 497/2539/2539 931/2540/2540 412/2541/2541
f 1091/2542/2542 445/2543/2543 2860/2544/2544
f 1807/2545/2545 2389/2546/2546 893/2547/2547
f 486/2548/2548 1088/2549/2549 1017/2550/2550
f 939/2551/2551 2195/2552/2552 413/2553/2553
f 771/2554/2554 1874/2555/2555 1873/2556/2556
f 1016/2557/2557 1057/2558/2558 396/2559/2559
f 1937/2560/2560 857/2561/2561 2672/2562/2562
f 501/2563/2563 2663/2564/2564 1133/2565/2565
f 877/2566/2566 1877/2567/2567 942/2568/2568
f 504/2569/2569 746/2570/2570 394/2571/2571
f 2509/2572/2572 1156/2573/2573 2655/2574/2574
f 480/2575/2575 1710/2576/2576 1709/2577/2577
f 469/2578/2578 2293/2579/2579 401/2580/2580
f 477/2581/2581 442/2582/2582 1082/2583/2583
f 819/2584/2584 1861/2585/2585 1913/2586/2586
f 2246/2587/2587 2121/2588/2588 2244/2589/2589
f 502/2590/2590 396/2591/2591 853/2592/2592
f 1157/2593/2593 2840/2594/2594 386/2595/2595
f 352/2596/2596 890/2597/2597 2059/2598/2598
f 487/2599/2599 432/2600/2600 431/2601/2601
f 473/2602/2602 1044/2603/2603 966/2604/2604
f 1090/2605/2605 542/2606/2606 670/2607/2607
f 744/2608/2608 936/2609/2609 871/2610/2610
f 483/2611/2611 1851/2612/2612 1850/2613/2613
f 869/2614/2614 1873/2615/2615 630/2616/2616
f 481/2617/2617 1709/2618/2618 1145/2619/2619
f 490/2620/2620 1958/2621/2621 1957/2622/2622
f 2851/2623/2623 800/2624/2624 425/2625/2625
f 993/2626/2626 1957/2627/2627 883/2628/2628
f 2559/2629/2629 1756/2630/2630 1723/2631/2631
f 365/2632/2632 534/2633/2633 367/2634/2634
f 649/2635/2635 995/2636/2636 1874/2637/2637
f 2730/2638/2638 2182/2639/2639 628/2640/2640
f 2494/2641/2641 2450/2642/2642 2451/2643/2643
f 2213/2644/2644 1160/2645/2645 1739/2646/2646
f 88/2647/2647 516/2648/2648 2079/2649/2649
f 45/2650/2650 1981/2651/2651 46/2652/2652
f 2734/2653/2653 1849/2654/2654 2453/2655/2655
f 185/2656/2656 2846/2657/2657 478/2658/2658
f 2635/2659/2659 2190/2660/2660 2191/2661/2661
f 2751/2662/2662 2136/2663/2663 2137/2664/2664
f 1916/2665/2665 2306/2666/2666 742/2667/2667
f 2181/2668/2668 2836/2669/2669 2368/2670/2670
f 1894/2671/2671 2092/2672/2672 2351/2673/2673
f 2212/2674/2674 1739/2675/2675 1740/2676/2676
f 1548/2677/2677 1407/2678/2678 1547/2679/2679
f 102/2680/2680 2561/2681/2681 100/2682/2682
f 2314/2683/2683 2137/2684/2684 2302/2685/2685
f 1944/2686/2686 1072/2687/2687 2091/2688/2688
f 2408/2689/2689 1747/2690/2690 2317/2691/2691
f 241/2692/2692 598/2693/2693 597/2694/2694
f 137/2695/2695 2003/2696/2696 2004/2697/2697
f 2625/2698/2698 2521/2699/2699 2061/2700/2700
f 1147/2701/2701 2170/2702/2702 2047/2703/2703
f 549/2704/2704 2350/2705/2705 2349/2706/2706
f 1693/2707/2707 2266/2708/2708 2178/2709/2709
f 82/2710/2710 2379/2711/2711 2497/2712/2712
f 30/2713/2713 2608/2714/2714 32/2715/2715
f 2239/2716/2716 2453/2717/2717 2026/2718/2718
f 2046/2719/2719 131/2720/2720 1897/2721/2721
f 2530/2722/2722 1860/2723/2723 507/2724/2724
f 2629/2725/2725 519/2726/2726 73/2727/2727
f 2700/2728/2728 2318/2729/2729 42/2730/2730
f 2199/2731/2731 524/2732/2732 2622/2733/2733
f 82/2734/2734 1036/2735/2735 1722/2736/2736
f 2201/2737/2737 1743/2738/2738 1744/2739/2739
f 1950/2740/2740 2747/2741/2741 1949/2742/2742
f 192/2743/2743 2302/2744/2744 474/2745/2745
f 1012/2746/2746 2814/2747/2747 406/2748/2748
f 489/2749/2749 1150/2750/2750 1958/2751/2751
f 1723/2752/2752 539/2753/2753 1724/2754/2754
f 2574/2755/2755 439/2756/2756 2456/2757/2757
f 349/2758/2758 1100/2759/2759 775/2760/2760
f 495/2761/2761 2610/2762/2762 1068/2763/2763
f 1075/2764/2764 418/2765/2765 1073/2766/2766
f 1999/2767/2767 421/2768/2768 2610/2769/2769
f 648/2770/2770 1068/2771/2771 995/2772/2772
f 620/2773/2773 1125/2774/2774 756/2775/2775
f 953/2776/2776 1167/2777/2777 1022/2778/2778
f 885/2779/2779 518/2780/2780 392/2781/2781
f 387/2782/2782 715/2783/2783 2534/2784/2784
f 975/2785/2785 704/2786/2786 341/2787/2787
f 392/2788/2788 815/2789/2789 975/2790/2790
f 341/2791/2791 517/2792/2792 2509/2793/2793
f 383/2794/2794 2539/2795/2795 384/2796/2796
f 2501/2797/2797 2540/2798/2798 383/2799/2799
f 1083/2800/2800 1017/2801/2801 432/2802/2802
f 827/2803/2803 1704/2804/2804 898/2805/2805
f 380/2806/2806 1703/2807/2807 827/2808/2808
f 2728/2809/2809 415/2810/2810 2195/2811/2811
f 1144/2812/2812 2551/2813/2813 716/2814/2814
f 870/2815/2815 2332/2816/2816 2474/2817/2817
f 377/2818/2818 2331/2819/2819 870/2820/2820
f 658/2821/2821 2621/2822/2822 377/2823/2823
f 2031/2824/2824 1140/2825/2825 657/2826/2826
f 404/2827/2827 526/2828/2828 1123/2829/2829
f 2030/2830/2830 1993/2831/2831 2031/2832/2832
f 942/2833/2833 1992/2834/2834 2030/2835/2835
f 669/2836/2836 2204/2837/2837 2203/2838/2838
f 1021/2839/2839 2553/2840/2840 356/2841/2841
f 1913/2842/2842 2284/2843/2843 1037/2844/2844
f 372/2845/2845 989/2846/2846 373/2847/2847
f 1724/2848/2848 540/2849/2849 372/2850/2850
f 370/2851/2851 1755/2852/2852 2559/2853/2853
f 1022/2854/2854 616/2855/2855 370/2856/2856
f 369/2857/2857 537/2858/2858 953/2859/2859
f 1797/2860/2860 1056/2861/2861 369/2862/2862
f 1796/2863/2863 1985/2864/2864 1797/2865/2865
f 367/2866/2866 2409/2867/2867 1796/2868/2868
f 379/2869/2869 548/2870/2870 1144/2871/2871
f 364/2872/2872 533/2873/2873 365/2874/2874
f 918/2875/2875 532/2876/2876 364/2877/2877
f 756/2878/2878 2320/2879/2879 918/2880/2880
f 619/2881/2881 1051/2882/2882 620/2883/2883
f 1136/2884/2884 983/2885/2885 619/2886/2886
f 1069/2887/2887 2403/2888/2888 1136/2889/2889
f 361/2890/2890 529/2891/2891 362/2892/2892
f 2430/2893/2893 2568/2894/2894 2431/2895/2895
f 484/2896/2896 1850/2897/2897 435/2898/2898
f 2767/2899/2899 628/2900/2900 2553/2901/2901
f 2534/2902/2902 714/2903/2903 2246/2904/2904
f 1097/2905/2905 356/2906/2906 1001/2907/2907
f 2106/2908/2908 1001/2909/2909 2334/2910/2910
f 768/2911/2911 2107/2912/2912 2333/2913/2913
f 2060/2914/2914 508/2915/2915 768/2916/2916
f 2436/2917/2917 510/2918/2918 352/2919/2919
f 775/2920/2920 2808/2921/2921 2436/2922/2922
f 652/2923/2923 512/2924/2924 349/2925/2925
f 1004/2926/2926 629/2927/2927 418/2928/2928
f 347/2929/2929 513/2930/2930 348/2931/2931
f 1046/2932/2932 810/2933/2933 347/2934/2934
f 494/2935/2935 991/2936/2936 857/2937/2937
f 832/2938/2938 514/2939/2939 901/2940/2940
f 852/2941/2941 1978/2942/2942 860/2943/2943
f 2658/2944/2944 908/2945/2945 729/2946/2946
f 374/2947/2947 541/2948/2948 1090/2949/2949
f 1080/2950/2950 1005/2951/2951 931/2952/2952
f 670/2953/2953 1764/2954/2954 671/2955/2955
f 488/2956/2956 428/2957/2957 1150/2958/2958
f 721/2959/2959 1880/2960/2960 1879/2961/2961
f 470/2962/2962 401/2963/2963 445/2964/2964
f 668/2965/2965 412/2966/2966 2204/2967/2967
f 500/2968/2968 398/2969/2969 2663/2970/2970
f 493/2971/2971 2053/2972/2972 1062/2973/2973
f 750/2974/2974 435/2975/2975 434/2976/2976
f 1178/2977/2977 976/2978/2978 906/2979/2979
f 716/2980/2980 550/2981/2981 380/2982/2982
f 2748/2983/2983 2740/2984/2984 826/2985/2985
f 898/2986/2986 2132/2987/2987 2500/2988/2988
f 386/2989/2989 2813/2990/2990 700/2991/2991
f 503/2992/2992 747/2993/2993 746/2994/2994
f 2244/2995/2995 1108/2996/2996 390/2997/2997
f 1149/2998/2998 853/2999/2999 747/3000/3000
f 788/3001/3001 2203/3002/3002 408/3003/3003
f 1702/3004/3004 1943/3005/3005 1701/3006/3006
f 1927/3007/3007 459/3008/3008 397/3009/3009
f 2673/3010/3010 2645/3011/3011 1694/3012/3012
f 2360/3013/3013 2198/3014/3014 2020/3015/3015
f 1824/3016/3016 2304/3017/3017 1825/3018/3018
f 2217/3019/3019 2169/3020/3020 1147/3021/3021
f 531/3022/3022 2702/3023/3023 2043/3024/3024
f 2678/3025/3025 149/3026/3026 1702/3027/3027
f 2058/3028/3028 1744/3029/3029 2681/3030/3030
f 2753/3031/3031 1924/3032/3032 2088/3033/3033
f 2440/3034/3034 2459/3035/3035 2408/3036/3036
f 2489/3037/3037 2773/3038/3038 2696/3039/3039
f 994/3040/3040 2024/3041/3041 15/3042/3042
f 2791/3043/3043 2004/3044/3044 2554/3045/3045
f 1745/3046/3046 2514/3047/3047 482/3048/3048
f 546/3049/3049 2360/3050/3050 793/3051/3051
f 2457/3052/3052 2643/3053/3053 2651/3054/3054
f 2088/3055/3055 837/3056/3056 1766/3057/3057
f 1596/3058/3058 1449/3059/3059 1597/3060/3060
f 837/3061/3061 1767/3062/3062 1766/3063/3063
f 2209/3064/3064 522/3065/3065 2200/3066/3066
f 1893/3067/3067 650/3068/3068 1894/3069/3069
f 2020/3070/3070 2197/3071/3071 2021/3072/3072
f 2739/3073/3073 1847/3074/3074 2771/3075/3075
f 2727/3076/3076 124/3077/3077 1788/3078/3078
f 2074/3079/3079 1938/3080/3080 1072/3081/3081
f 2457/3082/3082 1151/3083/3083 691/3084/3084
f 2425/3085/3085 2684/3086/3086 1896/3087/3087
f 73/3088/3088 968/3089/3089 71/3090/3090
f 1691/3091/3091 835/3092/3092 2701/3093/3093
f 2788/3094/3094 171/3095/3095 2772/3096/3096
f 751/3097/3097 30/3098/3098 28/3099/3099
f 2819/3100/3100 189/3101/3101 982/3102/3102
f 2253/3103/3103 1804/3104/3104 1849/3105/3105
f 1692/3106/3106 2129/3107/3107 835/3108/3108
f 2794/3109/3109 971/3110/3110 2717/3111/3111
f 2200/3112/3112 523/3113/3113 2199/3114/3114
f 924/3115/3115 2025/3116/3116 2024/3117/3117
f 527/3118/3118 1758/3119/3119 1757/3120/3120
f 2555/3121/3121 169/3122/3122 2788/3123/3123
f 2290/3124/3124 505/3125/3125 506/3126/3126
f 2212/3127/3127 2388/3128/3128 2629/3129/3129
f 2433/3130/3130 1963/3131/3131 2432/3132/3132
f 1701/3133/3133 1944/3134/3134 2091/3135/3135
f 1552/3136/3136 1408/3137/3137 1393/3138/3138
f 759/3139/3139 2367/3140/3140 2113/3141/3141
f 1929/3142/3142 1165/3143/3143 52/3144/3144
f 2549/3145/3145 2695/3146/3146 2836/3147/3147
f 2613/3148/3148 1714/3149/3149 2684/3150/3150
f 2129/3151/3151 1994/3152/3152 733/3153/3153
f 2173/3154/3154 2080/3155/3155 1166/3156/3156
f 892/3157/3157 175/3158/3158 1754/3159/3159
f 1551/3160/3160 1409/3161/3161 1390/3162/3162
f 2432/3163/3163 163/3164/3164 2673/3165/3165
f 46/3166/3166 530/3167/3167 48/3168/3168
f 1938/3169/3169 2725/3170/3170 929/3171/3171
f 1835/3172/3172 1885/3173/3173 2521/3174/3174
f 2315/3175/3175 474/3176/3176 475/3177/3177
f 1949/3178/3178 123/3179/3179 2727/3180/3180
f 2092/3181/3181 2349/3182/3182 2351/3183/3183
f 1267/3184/3184 2592/3185/3185 2591/3186/3186
f 745/3187/3187 2147/3188/3188 2667/3189/3189
f 1942/3190/3190 2678/3191/3191 1884/3192/3192
f 48/3193/3193 2305/3194/3194 1824/3195/3195
f 108/3196/3196 2531/3197/3197 1151/3198/3198
f 2232/3199/3199 116/3200/3200 2231/3201/3201
f 1753/3202/3202 2742/3203/3203 2173/3204/3204
f 131/3205/3205 1896/3206/3206 1897/3207/3207
f 1714/3208/3208 2177/3209/3209 1713/3210/3210
f 2076/3211/3211 121/3212/3212 1950/3213/3213
f 2227/3214/3214 2115/3215/3215 2268/3216/3216
f 2805/3217/3217 2191/3218/3218 2434/3219/3219
f 1568/3220/3220 1419/3221/3221 1569/3222/3222
f 2243/3223/3223 2821/3224/3224 492/3225/3225
f 2622/3226/3226 903/3227/3227 2794/3228/3228
f 2188/3229/3229 1116/3230/3230 2187/3231/3231
f 84/3232/3232 2268/3233/3233 2269/3234/3234
f 1657/3235/3235 1508/3236/3236 1655/3237/3237
f 2440/3238/3238 1746/3239/3239 2458/3240/3240
f 1274/3241/3241 316/3242/3242 2592/3243/3243
f 1007/3244/3244 147/3245/3245 666/3246/3246
f 1986/3247/3247 38/3248/3248 829/3249/3249
f 160/3250/3250 2470/3251/3251 2821/3252/3252
f 1878/3253/3253 733/3254/3254 1994/3255/3255
f 38/3256/3256 535/3257/3257 40/3258/3258
f 907/3259/3259 1691/3260/3260 2701/3261/3261
f 772/3262/3262 1893/3263/3263 2341/3264/3264
f 2015/3265/3265 2172/3266/3266 2510/3267/3267
f 2702/3268/3268 1982/3269/3269 45/3270/3270
f 144/3271/3271 2062/3272/3272 1743/3273/3273
f 2047/3274/3274 2606/3275/3275 2046/3276/3276
f 113/3277/3277 2232/3278/3278 505/3279/3279
f 858/3280/3280 2447/3281/3281 2362/3282/3282
f 1354/3283/3283 1172/3284/3284 2547/3285/3285
f 1788/3286/3286 126/3287/3287 1787/3288/3288
f 1787/3289/3289 2750/3290/3290 2217/3291/3291
f 560/3292/3292 2537/3293/3293 2464/3294/3294
f 2659/3295/3295 1878/3296/3296 1767/3297/3297
f 657/3298/3298 643/3299/3299 658/3300/3300
f 97/3301/3301 698/3302/3302 1803/3303/3303
f 40/3304/3304 2321/3305/3305 2393/3306/3306
f 1825/3307/3307 2303/3308/3308 1929/3309/3309
f 1064/3310/3310 15/3311/3311 13/3312/3312
f 366/3313/3313 368/3314/3314 803/3315/3315
f 280/3316/3316 1356/3317/3317 577/3318/3318
f 547/3319/3319 793/3320/3320 2019/3321/3321
f 2018/3322/3322 547/3323/3323 2019/3324/3324
f 2878/3325/3325 970/3326/3326 1975/3327/3327
f 1070/3328/3328 1282/3329/3329 2866/3330/3330
f 605/3331/3331 327/3332/3332 1182/3333/3333
f 284/3334/3334 2336/3335/3335 2755/3336/3336
f 1934/3337/3337 2681/3338/3338 882/3339/3339
f 2262/3340/3340 2560/3341/3341 102/3342/3342
f 1754/3343/3343 2653/3344/3344 1753/3345/3345
f 1990/3346/3346 2693/3347/3347 1768/3348/3348
f 2713/3349/3349 215/3350/3350 2612/3351/3351
f 430/3352/3352 897/3353/3353 437/3354/3354
f 453/3355/3355 963/3356/3356 454/3357/3357
f 2783/3358/3358 338/3359/3359 118/3360/3360
f 579/3361/3361 1358/3362/3362 2879/3363/3363
f 1161/3364/3364 1168/3365/3365 1033/3366/3366
f 2184/3367/3367 784/3368/3368 587/3369/3369
f 1283/3370/3370 608/3371/3371 613/3372/3372
f 1747/3373/3373 2316/3374/3374 2317/3375/3375
f 1748/3376/3376 2666/3377/3377 2316/3378/3378
f 801/3379/3379 293/3380/3380 802/3381/3381
f 2422/3382/3382 922/3383/3383 239/3384/3384
f 710/3385/3385 77/3386/3386 645/3387/3387
f 358/3388/3388 1689/3389/3389 363/3390/3390
f 2478/3391/3391 220/3392/3392 1845/3393/3393
f 1092/3394/3394 1280/3395/3395 1287/3396/3396
f 1191/3397/3397 1054/3398/3398 605/3399/3399
f 2711/3400/3400 290/3401/3401 2221/3402/3402
f 2421/3403/3403 1362/3404/3404 2419/3405/3405
f 1769/3406/3406 686/3407/3407 2471/3408/3408
f 2866/3409/3409 1277/3410/3410 2781/3411/3411
f 2014/3412/3412 958/3413/3413 1152/3414/3414
f 1953/3415/3415 636/3416/3416 1720/3417/3417
f 2739/3418/3418 511/3419/3419 2262/3420/3420
f 2247/3421/3421 964/3422/3422 885/3423/3423
f 2328/3424/3424 1170/3425/3425 259/3426/3426
f 2705/3427/3427 681/3428/3428 188/3429/3429
f 1960/3430/3430 1138/3431/3431 9/3432/3432
f 1204/3433/3433 2348/3434/3434 289/3435/3435
f 237/3436/3436 251/3437/3437 2564/3438/3438
f 1618/3439/3439 1469/3440/3440 1462/3441/3441
f 1654/3442/3442 1509/3443/3443 1656/3444/3444
f 1899/3445/3445 227/3446/3446 2355/3447/3447
f 2028/3448/3448 889/3449/3449 2029/3450/3450
f 262/3451/3451 1365/3452/3452 1370/3453/3453
f 453/3454/3454 382/3455/3455 2126/3456/3456
f 1122/3457/3457 2541/3458/3458 346/3459/3459
f 1018/3460/3460 1271/3461/3461 1019/3462/3462
f 1270/3463/3463 2563/3464/3464 1103/3465/3465
f 2235/3466/3466 2578/3467/3467 1961/3468/3468
f 420/3469/3469 419/3470/3470 417/3471/3471
f 889/3472/3472 2116/3473/3473 2029/3474/3474
f 1467/3475/3475 1617/3476/3476 1466/3477/3477
f 1495/3478/3478 1640/3479/3479 1641/3480/3480
f 1681/3481/3481 1532/3482/3482 1683/3483/3483
f 754/3484/3484 922/3485/3485 1043/3486/3486
f 2879/3487/3487 1357/3488/3488 280/3489/3489
f 1200/3490/3490 2715/3491/3491 2716/3492/3492
f 1182/3493/3493 1010/3494/3494 328/3495/3495
f 1361/3496/3496 2660/3497/3497 1038/3498/3498
f 584/3499/3499 980/3500/3500 306/3501/3501
f 312/3502/3502 2473/3503/3503 2211/3504/3504
f 189/3505/3505 475/3506/3506 982/3507/3507
f 2207/3508/3508 521/3509/3509 2209/3510/3510
f 1556/3511/3511 1411/3512/3512 1557/3513/3513
f 1620/3514/3514 1471/3515/3515 1470/3516/3516
f 1196/3517/3517 914/3518/3518 1132/3519/3519
f 1528/3520/3520 1674/3521/3521 1527/3522/3522
f 1396/3523/3523 1539/3524/3524 1540/3525/3525
f 1490/3526/3526 1634/3527/3527 1636/3528/3528
f 1555/3529/3529 1410/3530/3530 1556/3531/3531
f 1327/3532/3532 967/3533/3533 1318/3534/3534
f 1553/3535/3535 1409/3536/3536 1554/3537/3537
f 1452/3538/3538 1605/3539/3539 1603/3540/3540
f 1663/3541/3541 1512/3542/3542 1661/3543/3543
f 1616/3544/3544 1465/3545/3545 1615/3546/3546
f 2651/3547/3547 1846/3548/3548 2274/3549/3549
f 1590/3550/3550 1443/3551/3551 1591/3552/3552
f 1658/3553/3553 1509/3554/3554 1484/3555/3555
f 184/3556/3556 478/3557/3557 2666/3558/3558
f 1049/3559/3559 2753/3560/3560 1758/3561/3561
f 2772/3562/3562 173/3563/3563 892/3564/3564
f 1531/3565/3565 1682/3566/3566 1533/3567/3567
f 460/3568/3568 1220/3569/3569 1222/3570/3570
f 577/3571/3571 1345/3572/3572 1045/3573/3573
f 281/3574/3574 2601/3575/3575 1203/3576/3576
f 929/3577/3577 2805/3578/3578 2434/3579/3579
f 2764/3580/3580 617/3581/3581 83/3582/3582
f 2013/3583/3583 1152/3584/3584 2570/3585/3585
f 1668/3586/3586 1517/3587/3587 1520/3588/3588
f 1371/3589/3589 261/3590/3590 262/3591/3591
f 2769/3592/3592 225/3593/3593 159/3594/3594
f 660/3595/3595 437/3596/3596 659/3597/3597
f 958/3598/3598 2637/3599/3599 257/3600/3600
f 1412/3601/3601 1558/3602/3602 1559/3603/3603
f 1030/3604/3604 2641/3605/3605 685/3606/3606
f 2464/3607/3607 2536/3608/3608 558/3609/3609
f 1975/3610/3610 273/3611/3611 1976/3612/3612
f 1505/3613/3613 1649/3614/3614 1650/3615/3615
f 1572/3616/3616 1423/3617/3617 1573/3618/3618
f 1437/3619/3619 1584/3620/3620 1436/3621/3621
f 2815/3622/3622 2861/3623/3623 899/3624/3624
f 2372/3625/3625 2486/3626/3626 165/3627/3627
f 1165/3628/3628 1757/3629/3629 52/3630/3630
f 2427/3631/3631 28/3632/3632 2839/3633/3633
f 2757/3634/3634 2576/3635/3635 2825/3636/3636
f 1832/3637/3637 2476/3638/3638 2003/3639/3639
f 1163/3640/3640 2341/3641/3641 2/3642/3642
f 42/3643/3643 531/3644/3644 2043/3645/3645
f 310/3646/3646 311/3647/3647 631/3648/3648
f 701/3649/3649 2770/3650/3650 2110/3651/3651
f 996/3652/3652 2327/3653/3653 2834/3654/3654
f 1966/3655/3655 656/3656/3656 2249/3657/3657
f 1246/3658/3658 1050/3659/3659 1244/3660/3660
f 2600/3661/3661 1132/3662/3662 2325/3663/3663
f 1352/3664/3664 2811/3665/3665 2779/3666/3666
f 917/3667/3667 96/3668/3668 206/3669/3669
f 1637/3670/3670 1492/3671/3671 1491/3672/3672
f 1633/3673/3673 1486/3674/3674 1485/3675/3675
f 2224/3676/3676 635/3677/3677 1954/3678/3678
f 2416/3679/3679 2710/3680/3680 2823/3681/3681
f 1453/3682/3682 1609/3683/3683 1457/3684/3684
f 2096/3685/3685 2254/3686/3686 1779/3687/3687
f 1651/3688/3688 1504/3689/3689 1476/3690/3690
f 952/3691/3691 1030/3692/3692 685/3693/3693
f 271/3694/3694 1854/3695/3695 1855/3696/3696
f 1187/3697/3697 1366/3698/3698 1194/3699/3699
f 2098/3700/3700 783/3701/3701 440/3702/3702
f 2448/3703/3703 257/3704/3704 2637/3705/3705
f 130/3706/3706 812/3707/3707 1989/3708/3708
f 2032/3709/3709 2828/3710/3710 2033/3711/3711
f 1402/3712/3712 1542/3713/3713 1401/3714/3714
f 2078/3715/3715 266/3716/3716 1024/3717/3717
f 684/3718/3718 2640/3719/3719 265/3720/3720
f 120/3721/3721 612/3722/3722 2704/3723/3723
f 1164/3724/3724 2465/3725/3725 2778/3726/3726
f 606/3727/3727 2296/3728/3728 2596/3729/3729
f 611/3730/3730 125/3731/3731 2045/3732/3732
f 1331/3733/3733 822/3734/3734 1327/3735/3735
f 1263/3736/3736 2504/3737/3737 1275/3738/3738
f 1355/3739/3739 2547/3740/3740 594/3741/3741
f 430/3742/3742 433/3743/3743 2100/3744/3744
f 1291/3745/3745 1997/3746/3746 1293/3747/3747
f 111/3748/3748 941/3749/3749 449/3750/3750
f 585/3751/3751 305/3752/3752 980/3753/3753
f 631/3754/3754 767/3755/3755 312/3756/3756
f 1488/3757/3757 1635/3758/3758 1487/3759/3759
f 2736/3760/3760 434/3761/3761 2099/3762/3762
f 1718/3763/3763 456/3764/3764 457/3765/3765
f 2711/3766/3766 291/3767/3767 858/3768/3768
f 809/3769/3769 802/3770/3770 293/3771/3771
f 742/3772/3772 2118/3773/3773 1916/3774/3774
f 351/3775/3775 1141/3776/3776 450/3777/3777
f 253/3778/3778 1288/3779/3779 555/3780/3780
f 2377/3781/3781 2258/3782/3782 2259/3783/3783
f 446/3784/3784 779/3785/3785 340/3786/3786
f 1081/3787/3787 1221/3788/3788 1219/3789/3789
f 1567/3790/3790 1418/3791/3791 1568/3792/3792
f 1229/3793/3793 712/3794/3794 2652/3795/3795
f 1325/3796/3796 552/3797/3797 1322/3798/3798
f 112/3799/3799 2391/3800/3800 973/3801/3801
f 1588/3802/3802 1441/3803/3803 1589/3804/3804
f 49/3805/3805 943/3806/3806 47/3807/3807
f 622/3808/3808 57/3809/3809 1060/3810/3810
f 2248/3811/3811 655/3812/3812 2250/3813/3813
f 1647/3814/3814 1502/3815/3815 1501/3816/3816
f 31/3817/3817 2801/3818/3818 29/3819/3819
f 2125/3820/3820 2746/3821/3821 2307/3822/3822
f 2049/3823/3823 447/3824/3824 2323/3825/3825
f 2102/3826/3826 696/3827/3827 799/3828/3828
f 286/3829/3829 285/3830/3830 2719/3831/3831
f 248/3832/3832 952/3833/3833 255/3834/3834
f 2848/3835/3835 323/3836/3836 2861/3837/3837
f 2834/3838/3838 259/3839/3839 1170/3840/3840
f 414/3841/3841 638/3842/3842 1770/3843/3843
f 1622/3844/3844 1471/3845/3845 1621/3846/3846
f 307/3847/3847 2326/3848/3848 2710/3849/3849
f 562/3850/3850 2803/3851/3851 2639/3852/3852
f 427/3853/3853 2220/3854/3854 458/3855/3855
f 283/3856/3856 1201/3857/3857 571/3858/3858
f 1636/3859/3859 1491/3860/3860 1490/3861/3861
f 2729/3862/3862 1120/3863/3863 2784/3864/3864
f 2599/3865/3865 2325/3866/3866 2326/3867/3867
f 797/3868/3868 1211/3869/3869 2483/3870/3870
f 641/3871/3871 1295/3872/3872 640/3873/3873
f 1504/3874/3874 1599/3875/3875 1433/3876/3876
f 1244/3877/3877 2642/3878/3878 1245/3879/3879
f 2718/3880/3880 1298/3881/3881 329/3882/3882
f 1677/3883/3883 1525/3884/3884 1489/3885/3885
f 1231/3886/3886 854/3887/3887 2812/3888/3888
f 2400/3889/3889 2766/3890/3890 2398/3891/3891
f 1535/3892/3892 1383/3893/3893 1385/3894/3894
f 1303/3895/3895 334/3896/3896 335/3897/3897
f 997/3898/3898 561/3899/3899 998/3900/3900
f 2449/3901/3901 256/3902/3902 1052/3903/3903
f 186/3904/3904 2819/3905/3905 2846/3906/3906
f 2273/3907/3907 1846/3908/3908 1847/3909/3909
f 998/3910/3910 2588/3911/3911 2520/3912/3912
f 2270/3913/3913 938/3914/3914 1972/3915/3915
f 1908/3916/3916 206/3917/3917 2488/3918/3918
f 986/3919/3919 913/3920/3920 326/3921/3921
f 308/3922/3922 2196/3923/3923 639/3924/3924
f 238/3925/3925 1043/3926/3926 251/3927/3927
f 1565/3928/3928 1416/3929/3929 1566/3930/3930
f 2383/3931/3931 1189/3932/3932 2594/3933/3933
f 2669/3934/3934 2415/3935/3935 2668/3936/3936
f 2383/3937/3937 1185/3938/3938 2384/3939/3939
f 1821/3940/3940 2528/3941/3941 1919/3942/3942
f 2082/3943/3943 209/3944/3944 33/3945/3945
f 457/3946/3946 677/3947/3947 678/3948/3948
f 1269/3949/3949 2166/3950/3950 2563/3951/3951
f 1527/3952/3952 1679/3953/3953 1526/3954/3954
f 913/3955/3955 845/3956/3956 326/3957/3957
f 739/3958/3958 1374/3959/3959 1381/3960/3960
f 933/3961/3961 720/3962/3962 719/3963/3963
f 2362/3964/3964 292/3965/3965 801/3966/3966
f 838/3967/3967 2735/3968/3968 115/3969/3969
f 2697/3970/3970 207/3971/3971 2698/3972/3972
f 1180/3973/3973 2259/3974/3974 321/3975/3975
f 1026/3976/3976 873/3977/3977 287/3978/3978
f 2066/3979/3979 288/3980/3980 937/3981/3981
f 2826/3982/3982 699/3983/3983 2679/3984/3984
f 2743/3985/3985 2746/3986/3986 726/3987/3987
f 99/3988/3988 2789/3989/3989 101/3990/3990
f 2654/3991/3991 1844/3992/3992 2770/3993/3993
f 310/3994/3994 2800/3995/3995 1143/3996/3996
f 1194/3997/3997 1359/3998/3998 1183/3999/3999
f 16/4000/4000 682/4001/4001 14/4002/4002
f 2716/4003/4003 2336/4004/4004 1200/4005/4005
f 427/4006/4006 426/4007/4007 1023/4008/4008
f 1903/4009/4009 697/4010/4010 2010/4011/4011
f 340/4012/4012 1888/4013/4013 2577/4014/4014
f 1627/4015/4015 1479/4016/4016 1468/4017/4017
f 456/4018/4018 1107/4019/4019 451/4020/4020
f 1602/4021/4021 1457/4022/4022 1609/4023/4023
f 1067/4024/4024 1154/4025/4025 269/4026/4026
f 2168/4027/4027 1146/4028/4028 2167/4029/4029
f 969/4030/4030 2709/4031/4031 914/4032/4032
f 2345/4033/4033 1215/4034/4034 463/4035/4035
f 1450/4036/4036 1611/4037/4037 1601/4038/4038
f 2815/4039/4039 900/4040/4040 1047/4041/4041
f 1393/4042/4042 1538/4043/4043 1552/4044/4044
f 2378/4045/4045 702/4046/4046 2258/4047/4047
f 1780/4048/4048 228/4049/4049 2762/4050/4050
f 1351/4051/4051 2419/4052/4052 1362/4053/4053
f 738/4054/4054 1364/4055/4055 1374/4056/4056
f 2338/4057/4057 299/4058/4058 233/4059/4059
f 574/4060/4060 2222/4061/4061 2878/4062/4062
f 1204/4063/4063 2007/4064/4064 1205/4065/4065
f 1368/4066/4066 580/4067/4067 1367/4068/4068
f 592/4069/4069 2008/4070/4070 290/4071/4071
f 1813/4072/4072 208/4073/4073 1814/4074/4074
f 1259/4075/4075 1019/4076/4076 1271/4077/4077
f 1093/4078/4078 322/4079/4079 905/4080/4080
f 1445/4081/4081 1592/4082/4082 1444/4083/4083
f 1320/4084/4084 962/4085/4085 2864/4086/4086
f 1230/4087/4087 2652/4088/4088 854/4089/4089
f 820/4090/4090 1214/4091/4091 1210/4092/4092
f 1470/4093/4093 1619/4094/4094 1620/4095/4095
f 1646/4096/4096 1501/4097/4097 1500/4098/4098
f 1428/4099/4099 1577/4100/4100 1427/4101/4101
f 199/4102/4102 217/4103/4103 1988/4104/4104
f 959/4105/4105 1142/4106/4106 596/4107/4107
f 840/4108/4108 2759/4109/4109 2853/4110/4110
f 1452/4111/4111 1604/4112/4112 1453/4113/4113
f 555/4114/4114 1281/4115/4115 2858/4116/4116
f 1047/4117/4117 2778/4118/4118 2465/4119/4119
f 106/4120/4120 823/4121/4121 824/4122/4122
f 1307/4123/4123 663/4124/4124 331/4125/4125
f 4/4126/4126 786/4127/4127 940/4128/4128
f 2264/4129/4129 818/4130/4130 2265/4131/4131
f 35/4132/4132 2387/4133/4133 2499/4134/4134
f 614/4135/4135 1130/4136/4136 753/4137/4137
f 25/4138/4138 24/4139/4139 814/4140/4140
f 2308/4141/4141 2401/4142/4142 2402/4143/4143
f 1028/4144/4144 1802/4145/4145 957/4146/4146
f 18/4147/4147 955/4148/4148 1104/4149/4149
f 624/4150/4150 1987/4151/4151 1058/4152/4152
f 105/4153/4153 965/4154/4154 1109/4155/4155
f 2452/4156/4156 164/4157/4157 2373/4158/4158
f 63/4159/4159 2674/4160/4160 928/4161/4161
f 2313/4162/4162 984/4163/4163 2847/4164/4164
f 194/4165/4165 2527/4166/4166 2849/4167/4167
f 36/4168/4168 2499/4169/4169 1818/4170/4170
f 2230/4171/4171 798/4172/4172 2688/4173/4173
f 1483/4174/4174 1631/4175/4175 1482/4176/4176
f 37/4177/4177 1818/4178/4178 1819/4179/4179
f 2272/4180/4180 2385/4181/4181 2386/4182/4182
f 2287/4183/4183 2502/4184/4184 2392/4185/4185
f 1003/4186/4186 1889/4187/4187 935/4188/4188
f 2391/4189/4189 723/4190/4190 2390/4191/4191
f 85/4192/4192 2832/4193/4193 1794/4194/4194
f 1020/4195/4195 6/4196/4196 946/4197/4197
f 75/4198/4198 2477/4199/4199 1783/4200/4200
f 67/4201/4201 773/4202/4202 66/4203/4203
f 615/4204/4204 2413/4205/4205 1131/4206/4206
f 644/4207/4207 72/4208/4208 446/4209/4209
f 2275/4210/4210 2380/4211/4211 2381/4212/4212
f 148/4213/4213 2490/4214/4214 1898/4215/4215
f 654/4216/4216 1078/4217/4217 781/4218/4218
f 61/4219/4219 2627/4220/4220 1/4221/4221
f 2210/4222/4222 1777/4223/4223 1778/4224/4224
f 156/4225/4225 1087/4226/4226 798/4227/4227
f 155/4228/4228 154/4229/4229 950/4230/4230
f 703/4231/4231 1106/4232/4232 24/4233/4233
f 672/4234/4234 940/4235/4235 5/4236/4236
f 713/4237/4237 2122/4238/4238 2123/4239/4239
f 2644/4240/4240 957/4241/4241 2374/4242/4242
f 886/4243/4243 806/4244/4244 92/4245/4245
f 724/4246/4246 2776/4247/4247 2127/4248/4248
f 680/4249/4249 950/4250/4250 1087/4251/4251
f 2171/4252/4252 1131/4253/4253 2670/4254/4254
f 2426/4255/4255 197/4256/4256 1987/4257/4257
f 95/4258/4258 956/4259/4259 94/4260/4260
f 1762/4261/4261 2726/4262/4262 1763/4263/4263
f 11/4264/4264 2359/4265/4265 10/4266/4266
f 864/4267/4267 764/4268/4268 2674/4269/4269
f 1240/4270/4270 465/4271/4271 1237/4272/4272
f 675/4273/4273 79/4274/4274 2352/4275/4275
f 103/4276/4276 2492/4277/4277 816/4278/4278
f 874/4279/4279 781/4280/4280 782/4281/4281
f 730/4282/4282 2392/4283/4283 833/4284/4284
f 55/4285/4285 2850/4286/4286 54/4287/4287
f 2676/4288/4288 804/4289/4289 2758/4290/4290
f 1041/4291/4291 814/4292/4292 26/4293/4293
f 891/4294/4294 19/4295/4295 21/4296/4296
f 90/4297/4297 2768/4298/4298 89/4299/4299
f 1014/4300/4300 2353/4301/4301 949/4302/4302
f 2424/4303/4303 753/4304/4304 2324/4305/4305
f 1035/4306/4306 21/4307/4307 22/4308/4308
f 2288/4309/4309 973/4310/4310 2397/4311/4311
f 134/4312/4312 761/4313/4313 762/4314/4314
f 1644/4315/4315 1497/4316/4316 1643/4317/4317
f 12/4318/4318 951/4319/4319 1099/4320/4320
f 1390/4321/4321 1537/4322/4322 1551/4323/4323
f 1112/4324/4324 2281/4325/4325 2775/4326/4326
f 916/4327/4327 849/4328/4328 850/4329/4329
f 740/4330/4330 2042/4331/4331 1124/4332/4332
f 2264/4333/4333 961/4334/4334 1105/4335/4335
f 2267/4336/4336 818/4337/4337 2380/4338/4338
f 2291/4339/4339 2395/4340/4340 2396/4341/4341
f 2775/4342/4342 106/4343/4343 824/4344/4344
f 878/4345/4345 2685/4346/4346 150/4347/4347
f 673/4348/4348 5/4349/4349 791/4350/4350
f 725/4351/4351 2127/4352/4352 830/4353/4353
f 117/4354/4354 2396/4355/4355 978/4356/4356
f 2081/4357/4357 2386/4358/4358 2387/4359/4359
f 7/4360/4360 791/4361/4361 6/4362/4362
f 1011/4363/4363 150/4364/4364 945/4365/4365
f 1236/4366/4366 467/4367/4367 2650/4368/4368
f 896/4369/4369 816/4370/4370 817/4371/4371
f 2300/4372/4372 2399/4373/4373 979/4374/4374
f 187/4375/4375 2845/4376/4376 844/4377/4377
f 161/4378/4378 2833/4379/4379 1801/4380/4380
f 2461/4381/4381 844/4382/4382 2706/4383/4383
f 158/4384/4384 2688/4385/4385 954/4386/4386
f 911/4387/4387 2406/4388/4388 843/4389/4389
f 2236/4390/4390 1099/4391/4391 2365/4392/4392
f 731/4393/4393 974/4394/4394 181/4395/4395
f 888/4396/4396 1801/4397/4397 1802/4398/4398
f 59/4399/4399 1060/4400/4400 58/4401/4401
f 1027/4402/4402 10/4403/4403 951/4404/4404
f 2261/4405/4405 2371/4406/4406 2492/4407/4407
f 179/4408/4408 830/4409/4409 831/4410/4410
f 20/4411/4411 1104/4412/4412 19/4413/4413
f 1042/4414/4414 825/4415/4415 2776/4416/4416
f 2276/4417/4417 2381/4418/4418 2122/4419/4419
f 68/4420/4420 66/4421/4421 934/4422/4422
f 2818/4423/4423 834/4424/4424 2042/4425/4425
f 1239/4426/4426 2650/4427/4427 468/4428/4428
f 2443/4429/4429 1784/4430/4430 2480/4431/4431
f 876/4432/4432 785/4433/4433 786/4434/4434
f 23/4435/4435 22/4436/4436 1106/4437/4437
f 202/4438/4438 201/4439/4439 758/4440/4440
f 625/4441/4441 1058/4442/4442 201/4443/4443
f 633/4444/4444 1300/4445/4445 632/4446/4446
f 190/4447/4447 2706/4448/4448 984/4449/4449
f 44/4450/4450 1124/4451/4451 841/4452/4452
f 193/4453/4453 2847/4454/4454 849/4455/4455
f 198/4456/4456 2670/4457/4457 197/4458/4458
f 732/4459/4459 181/4460/4460 182/4461/4461
f 360/4462/4462 358/4463/4463 405/4464/4464
f 8/4465/4465 946/4466/4466 1095/4467/4467
f 646/4468/4468 928/4469/4469 64/4470/4470
f 695/4471/4471 2374/4472/4472 164/4473/4473
f 2252/4474/4474 94/4475/4475 2369/4476/4476
f 60/4477/4477 760/4478/4478 925/4479/4479
f 91/4480/4480 89/4481/4481 806/4482/4482
f 51/4483/4483 847/4484/4484 985/4485/4485
f 462/4486/4486 1219/4487/4487 1226/4488/4488
f 2241/4489/4489 954/4490/4490 2833/4491/4491
f 881/4492/4492 2356/4493/4493 154/4494/4494
f 2786/4495/4495 2636/4496/4496 191/4497/4497
f 2068/4498/4498 205/4499/4499 765/4500/4500
f 769/4501/4501 868/4502/4502 930/4503/4503
f 267/4504/4504 596/4505/4505 1006/4506/4506
f 2630/4507/4507 147/4508/4508 2685/4509/4509
f 664/4510/4510 2189/4511/4511 785/4512/4512
f 1065/4513/4513 758/4514/4514 923/4515/4515
f 861/4516/4516 58/4517/4517 760/4518/4518
f 1312/4519/4519 2626/4520/4520 663/4521/4521
f 2271/4522/4522 1110/4523/4523 2385/4524/4524
f 69/4525/4525 934/4526/4526 2000/4527/4527
f 1321/4528/4528 2582/4529/4529 1316/4530/4530
f 2226/4531/4531 949/4532/4532 2832/4533/4533
f 2820/4534/4534 850/4535/4535 2413/4536/4536
f 904/4537/4537 833/4538/4538 834/4539/4539
f 76/4540/4540 1783/4541/4541 1784/4542/4542
f 2309/4543/4543 2402/4544/4544 2511/4545/4545
f 180/4546/4546 831/4547/4547 974/4548/4548
f 665/4549/4549 2340/4550/4550 2477/4551/4551
f 2280/4552/4552 210/4553/4553 2279/4554/4554
f 1864/4555/4555 667/4556/4556 1863/4557/4557
f 1909/4558/4558 1029/4559/4559 162/4560/4560
f 1330/4561/4561 2557/4562/4562 706/4563/4563
f 2342/4564/4564 1208/4565/4565 2343/4566/4566
f 87/4567/4567 755/4568/4568 2108/4569/4569
f 915/4570/4570 2410/4571/4571 127/4572/4572
f 1593/4573/4573 1446/4574/4574 1594/4575/4575
f 865/4576/4576 2675/4577/4577 139/4578/4578
f 128/4579/4579 127/4580/4580 987/4581/4581
f 1431/4582/4582 1580/4583/4583 1598/4584/4584
f 1506/4585/4585 1650/4586/4586 1652/4587/4587
f 2366/4588/4588 2236/4589/4589 2365/4590/4590
f 62/4591/4591 1/4592/4592 764/4593/4593
f 27/4594/4594 26/4595/4595 1110/4596/4596
f 2346/4597/4597 1226/4598/4598 1224/4599/4599
f 86/4600/4600 1794/4601/4601 1795/4602/4602
f 1666/4603/4603 1513/4604/4604 1663/4605/4605
f 142/4606/4606 141/4607/4607 774/4608/4608
f 2395/4609/4609 2288/4610/4610 2397/4611/4611
f 632/4612/4612 1301/4613/4613 330/4614/4614
f 1067/4615/4615 2382/4616/4616 2506/4617/4617
f 1242/4618/4618 464/4619/4619 1241/4620/4620
f 1227/4621/4621 468/4622/4622 2809/4623/4623
f 1614/4624/4624 1465/4625/4625 1464/4626/4626
f 1438/4627/4627 1585/4628/4628 1437/4629/4629
f 1397/4630/4630 1540/4631/4631 1558/4632/4632
f 1326/4633/4633 2455/4634/4634 2454/4635/4635
f 1415/4636/4636 1562/4637/4637 1414/4638/4638
f 129/4639/4639 987/4640/4640 1130/4641/4641
f 1315/4642/4642 2583/4643/4643 1321/4644/4644
f 2438/4645/4645 2585/4646/4646 2584/4647/4647
f 2005/4648/4648 1210/4649/4649 1221/4650/4650
f 1186/4651/4651 1376/4652/4652 1187/4653/4653
f 56/4654/4654 54/4655/4655 752/4656/4656
f 145/4657/4657 935/4658/4658 1078/4659/4659
f 17/4660/4660 2366/4661/4661 955/4662/4662
f 909/4663/4663 841/4664/4664 2401/4665/4665
f 2298/4666/4666 2405/4667/4667 2406/4668/4668
f 2609/4669/4669 795/4670/4670 617/4671/4671
f 1311/4672/4672 1002/4673/4673 2626/4674/4674
f 2699/4675/4675 223/4676/4676 178/4677/4677
f 233/4678/4678 720/4679/4679 232/4680/4680
f 1546/4681/4681 1407/4682/4682 1406/4683/4683
f 1606/4684/4684 1456/4685/4685 1607/4686/4686
f 1400/4687/4687 1541/4688/4688 1564/4689/4689
f 1417/4690/4690 1566/4691/4691 1416/4692/4692
f 743/4693/4693 2511/4694/4694 846/4695/4695
f 613/4696/4696 1278/4697/4697 1285/4698/4698
f 132/4699/4699 2324/4700/4700 919/4701/4701
f 1484/4702/4702 1631/4703/4703 1658/4704/4704
f 122/4705/4705 611/4706/4706 2045/4707/4707
f 839/4708/4708 2719/4709/4709 2759/4710/4710
f 282/4711/4711 296/4712/4712 574/4713/4713
f 268/4714/4714 267/4715/4715 1006/4716/4716
f 840/4717/4717 872/4718/4718 1026/4719/4719
f 2571/4720/4720 1372/4721/4721 1380/4722/4722
f 1386/4723/4723 1535/4724/4724 1385/4725/4725
f 1719/4726/4726 203/4727/4727 2442/4728/4728
f 136/4729/4729 687/4730/4730 138/4731/4731
f 587/4732/4732 1085/4733/4733 588/4734/4734
f 2416/4735/4735 748/4736/4736 855/4737/4737
f 1040/4738/4738 1843/4739/4739 1844/4740/4740
f 1917/4741/4741 2307/4742/4742 2306/4743/4743
f 287/4744/4744 937/4745/4745 288/4746/4746
f 271/4747/4747 272/4748/4748 996/4749/4749
f 2423/4750/4750 921/4751/4751 2422/4752/4752
f 1875/4753/4753 792/4754/4754 2790/4755/4755
f 2411/4756/4756 1079/4757/4757 2048/4758/4758
f 152/4759/4759 2692/4760/4760 1902/4761/4761
f 2841/4762/4762 941/4763/4763 110/4764/4764
f 1387/4765/4765 1536/4766/4766 1386/4767/4767
f 1612/4768/4768 1461/4769/4769 1460/4770/4770
f 2085/4771/4771 213/4772/4772 2084/4773/4773
f 3/4774/4774 204/4775/4775 2067/4776/4776
f 2708/4777/4777 218/4778/4778 2412/4779/4779
f 2441/4780/4780 2330/4781/4781 2628/4782/4782
f 1363/4783/4783 1038/4784/4784 2811/4785/4785
f 807/4786/4786 2532/4787/4787 808/4788/4788
f 1119/4789/4789 306/4790/4790 851/4791/4791
f 2782/4792/4792 337/4793/4793 1117/4794/4794
f 645/4795/4795 789/4796/4796 644/4797/4797
f 1183/4798/4798 1360/4799/4799 2421/4800/4800
f 2109/4801/4801 770/4802/4802 1907/4803/4803
f 1971/4804/4804 2722/4805/4805 2260/4806/4806
f 2661/4807/4807 787/4808/4808 43/4809/4809
f 1256/4810/4810 1103/4811/4811 1101/4812/4812
f 1048/4813/4813 2744/4814/4814 323/4815/4815
f 2462/4816/4816 212/4817/4817 2665/4818/4818
f 170/4819/4819 690/4820/4820 172/4821/4821
f 1113/4822/4822 2529/4823/4823 1820/4824/4824
f 41/4825/4825 211/4826/4826 39/4827/4827
f 400/4828/4828 2040/4829/4829 405/4830/4830
f 862/4831/4831 2639/4832/4832 2640/4833/4833
f 618/4834/4834 80/4835/4835 710/4836/4836
f 183/4837/4837 2729/4838/4838 2784/4839/4839
f 2668/4840/4840 855/4841/4841 748/4842/4842
f 107/4843/4843 208/4844/4844 2479/4845/4845
f 1059/4846/4846 2696/4847/4847 2695/4848/4848
f 1673/4849/4849 1528/4850/4850 1523/4851/4851
f 1094/4852/4852 321/4853/4853 322/4854/4854
f 2460/4855/4855 182/4856/4856 2399/4857/4857
f 711/4858/4858 1109/4859/4859 823/4860/4860
f 2286/4861/4861 1819/4862/4862 2502/4863/4863
f 647/4864/4864 140/4865/4865 141/4866/4866
f 104/4867/4867 817/4868/4868 965/4869/4869
f 1515/4870/4870 1662/4871/4871 1514/4872/4872
f 1472/4873/4873 1623/4874/4874 1473/4875/4875
f 1077/4876/4876 1222/4877/4877 1216/4878/4878
f 2225/4879/4879 1095/4880/4880 2359/4881/4881
f 988/4882/4882 752/4883/4883 57/4884/4884
f 1237/4885/4885 466/4886/4886 1234/4887/4887
f 2347/4888/4888 1224/4889/4889 1209/4890/4890
f 948/4891/4891 1133/4892/4892 1057/4893/4893
f 390/4894/4894 2498/4895/4895 2247/4896/4896
f 472/4897/4897 1114/4898/4898 1044/4899/4899
f 729/4900/4900 977/4901/4901 852/4902/4902
f 863/4903/4903 1309/4904/4904 633/4905/4905
f 1235/4906/4906 1031/4907/4907 467/4908/4908
f 93/4909/4909 92/4910/4910 956/4911/4911
f 53/4912/4912 985/4913/4913 2850/4914/4914
f 133/4915/4915 1061/4916/4916 761/4917/4917
f 2649/4918/4918 777/4919/4919 1967/4920/4920
f 1889/4921/4921 142/4922/4922 774/4923/4923
f 2310/4924/4924 2044/4925/4925 1126/4926/4926
f 2505/4927/4927 717/4928/4928 595/4929/4929
f 1276/4930/4930 947/4931/4931 316/4932/4932
f 2240/4933/4933 1795/4934/4934 2768/4935/4935
f 1316/4936/4936 1089/4937/4937 1323/4938/4938
f 174/4939/4939 689/4940/4940 176/4941/4941
f 1868/4942/4942 2723/4943/4943 1867/4944/4944
f 2439/4945/4945 1778/4946/4946 2340/4947/4947
f 2044/4948/4948 911/4949/4949 843/4950/4950
f 228/4951/4951 2831/4952/4952 2762/4953/4953
f 1317/4954/4954 707/4955/4955 551/4956/4956
f 894/4957/4957 2369/4958/4958 2370/4959/4959
f 65/4960/4960 64/4961/4961 773/4962/4962
f 1007/4963/4963 782/4964/4964 146/4965/4965
f 723/4966/4966 1112/4967/4967 2390/4968/4968
f 2633/4969/4969 151/4970/4970 2356/4971/4971
f 1322/4972/4972 718/4973/4973 1315/4974/4974
f 1511/4975/4975 1659/4976/4976 1510/4977/4977
f 1475/4978/4978 1624/4979/4979 1625/4980/4980
f 769/4981/4981 639/4982/4982 309/4983/4983
f 247/4984/4984 255/4985/4985 256/4986/4986
f 265/4987/4987 266/4988/4988 684/4989/4989
f 1115/4990/4990 1258/4991/4991 557/4992/4992
f 70/4993/4993 1111/4994/4994 2207/4995/4995
f 1245/4996/4996 688/4997/4997 1243/4998/4998
f 2148/4999/4999 1286/5000/5000 1294/5001/5001
f 177/5002/5002 2123/5003/5003 825/5004/5004
f 1533/5005/5005 1683/5006/5006 1532/5007/5007
f 735/5008/5008 2760/5009/5009 2292/5010/5010
f 1497/5011/5011 1642/5012/5012 1643/5013/5013
f 2619/5014/5014 135/5015/5015 2472/5016/5016
f 1324/5017/5017 2557/5018/5018 1329/5019/5019
f 2431/5020/5020 528/5021/5021 361/5022/5022
f 571/5023/5023 2616/5024/5024 283/5025/5025
f 1308/5026/5026 331/5027/5027 332/5028/5028
f 1645/5029/5029 1500/5030/5030 1499/5031/5031
f 1542/5032/5032 1403/5033/5033 1401/5034/5034
f 167/5035/5035 2373/5036/5036 961/5037/5037
f 1612/5038/5038 1459/5039/5039 1616/5040/5040
f 1257/5041/5041 559/5042/5042 2807/5043/5043
f 1639/5044/5044 1494/5045/5045 1493/5046/5046
f 1314/5047/5047 706/5048/5048 707/5049/5049
f 1499/5050/5050 1644/5051/5051 1645/5052/5052
f 2781/5053/5053 1273/5054/5054 2504/5055/5055
f 2347/5056/5056 1207/5057/5057 2344/5058/5058
f 623/5059/5059 919/5060/5060 1061/5061/5061
f 1347/5062/5062 1349/5063/5063 2780/5064/5064
f 1323/5065/5065 2556/5066/5066 1324/5067/5067
f 1313/5068/5068 863/5069/5069 1002/5070/5070
f 1228/5071/5071 2809/5072/5072 712/5073/5073
f 1338/5074/5074 1337/5075/5075 1148/5076/5076
f 1350/5077/5077 2420/5078/5078 568/5079/5079
f 1258/5080/5080 2807/5081/5081 557/5082/5082
f 674/5083/5083 2480/5084/5084 79/5085/5085
f 1436/5086/5086 1583/5087/5087 1435/5088/5088
f 1319/5089/5089 553/5090/5090 1325/5091/5091
f 2344/5092/5092 1223/5093/5093 2342/5094/5094
f 1220/5095/5095 264/5096/5096 2817/5097/5097
f 2297/5098/5098 978/5099/5099 2405/5100/5100
f 1335/5101/5101 1347/5102/5102 295/5103/5103
f 676/5104/5104 945/5105/5105 151/5106/5106
f 1678/5107/5107 1530/5108/5108 1529/5109/5109
f 1648/5110/5110 1503/5111/5111 1502/5112/5112
f 923/5113/5113 925/5114/5114 1065/5115/5115
f 1530/5116/5116 1684/5117/5117 1531/5118/5118
f 1425/5119/5119 1574/5120/5120 1424/5121/5121
f 1264/5122/5122 1268/5123/5123 601/5124/5124
f 1336/5125/5125 318/5126/5126 566/5127/5127
f 999/5128/5128 139/5129/5129 140/5130/5130
f 1302/5131/5131 1135/5132/5132 2877/5133/5133
f 1655/5134/5134 1507/5135/5135 1653/5136/5136
f 1344/5137/5137 576/5138/5138 1045/5139/5139
f 1234/5140/5140 1031/5141/5141 1238/5142/5142
f 1268/5143/5143 1267/5144/5144 2591/5145/5145
f 330/5146/5146 1299/5147/5147 2718/5148/5148
f 634/5149/5149 2472/5150/5150 2675/5151/5151
f 2208/5152/5152 2000/5153/5153 1777/5154/5154
f 2724/5155/5155 2352/5156/5156 2353/5157/5157
f 1232/5158/5158 303/5159/5159 2186/5160/5160
f 1353/5161/5161 1352/5162/5162 2779/5163/5163
f 50/5164/5164 846/5165/5165 847/5166/5166
f 2263/5167/5167 2370/5168/5168 2371/5169/5169
f 1379/5170/5170 2603/5171/5171 242/5172/5172
f 2410/5173/5173 2310/5174/5174 1126/5175/5175
f 1332/5176/5176 2454/5177/5177 962/5178/5178
f 1560/5179/5179 1414/5180/5180 1562/5181/5181
f 1302/5182/5182 335/5183/5183 1135/5184/5184
f 1442/5185/5185 1589/5186/5186 1441/5187/5187
f 2361/5188/5188 1225/5189/5189 797/5190/5190
f 1421/5191/5191 1570/5192/5192 1420/5193/5193
f 1392/5194/5194 1538/5195/5195 1391/5196/5196
f 1659/5197/5197 1512/5198/5198 1510/5199/5199
f 1435/5200/5200 1582/5201/5201 1434/5202/5202
f 1448/5203/5203 1595/5204/5204 1447/5205/5205
f 1669/5206/5206 1522/5207/5207 1519/5208/5208
f 1422/5209/5209 1571/5210/5210 1421/5211/5211
f 1384/5212/5212 1534/5213/5213 1545/5214/5214
f 1430/5215/5215 1581/5216/5216 1579/5217/5217
f 1575/5218/5218 1426/5219/5219 1576/5220/5220
f 1653/5221/5221 1506/5222/5222 1652/5223/5223
f 1449/5224/5224 1598/5225/5225 1597/5226/5226
f 1594/5227/5227 1447/5228/5228 1595/5229/5229
f 1474/5230/5230 1623/5231/5231 1624/5232/5232
f 1573/5233/5233 1424/5234/5234 1574/5235/5235
f 1561/5236/5236 1412/5237/5237 1559/5238/5238
f 1305/5239/5239 333/5240/5240 334/5241/5241
f 1485/5242/5242 1632/5243/5243 1633/5244/5244
f 1529/5245/5245 1679/5246/5246 1678/5247/5247
f 2086/5248/5248 829/5249/5249 828/5250/5250
f 1434/5251/5251 1582/5252/5252 1581/5253/5253
f 1613/5254/5254 1462/5255/5255 1461/5256/5256
f 1523/5257/5257 1670/5258/5258 1673/5259/5259
f 1518/5260/5260 1666/5261/5261 1667/5262/5262
f 1405/5263/5263 1545/5264/5264 1544/5265/5265
f 1328/5266/5266 551/5267/5267 2455/5268/5268
f 1318/5269/5269 2741/5270/5270 1319/5271/5271
f 992/5272/5272 762/5273/5273 135/5274/5274
f 1606/5275/5275 1454/5276/5276 1455/5277/5277
f 1241/5278/5278 694/5279/5279 1240/5280/5280
f 1586/5281/5281 1439/5282/5282 1587/5283/5283
f 1617/5284/5284 1468/5285/5285 1466/5286/5286
f 1626/5287/5287 1475/5288/5288 1625/5289/5289
f 329/5290/5290 1297/5291/5291 642/5292/5292
f 1537/5293/5293 1388/5294/5294 1548/5295/5295
f 1671/5296/5296 1524/5297/5297 1672/5298/5298
f 1549/5299/5299 1408/5300/5300 1550/5301/5301
f 1521/5302/5302 1668/5303/5303 1520/5304/5304
f 461/5305/5305 1216/5306/5306 1214/5307/5307
f 1444/5308/5308 1591/5309/5309 1443/5310/5310
f 1524/5311/5311 1676/5312/5312 1672/5313/5313
f 1721/5314/5314 1160/5315/5315 78/5316/5316
f 1664/5317/5317 1517/5318/5318 1665/5319/5319
f 1579/5320/5320 1429/5321/5321 1430/5322/5322
f 1480/5323/5323 1629/5324/5324 1630/5325/5325
f 1433/5326/5326 1580/5327/5327 1432/5328/5328
f 2343/5329/5329 1217/5330/5330 2345/5331/5331
f 1429/5332/5332 1578/5333/5333 1428/5334/5334
f 1667/5335/5335 1519/5336/5336 1518/5337/5337
f 1489/5338/5338 1635/5339/5339 1677/5340/5340
f 1608/5341/5341 1458/5342/5342 1404/5343/5343
f 1427/5344/5344 1576/5345/5345 1426/5346/5346
f 1243/5347/5347 887/5348/5348 1242/5349/5349
f 1306/5350/5350 332/5351/5351 653/5352/5352
f 1395/5353/5353 1539/5354/5354 1394/5355/5355
f 1543/5356/5356 1406/5357/5357 1403/5358/5358
f 1415/5359/5359 1564/5360/5360 1563/5361/5361
f 1440/5362/5362 1587/5363/5363 1439/5364/5364
f 1638/5365/5365 1493/5366/5366 1492/5367/5367
f 1660/5368/5368 1514/5369/5369 1662/5370/5370
f 642/5371/5371 1296/5372/5372 641/5373/5373
f 1641/5374/5374 1496/5375/5375 1495/5376/5376
f 1304/5377/5377 653/5378/5378 333/5379/5379
f 1630/5380/5380 1481/5381/5381 1480/5382/5382
f 2483/5383/5383 1212/5384/5384 2482/5385/5385
f 1478/5386/5386 1628/5387/5387 1477/5388/5388
f 1232/5389/5389 2812/5390/5390 303/5391/5391
f 1557/5392/5392 1413/5393/5393 1560/5394/5394
f 1404/5395/5395 1544/5396/5396 1608/5397/5397
f 1601/5398/5398 1456/5399/5399 1450/5400/5400
f 463/5401/5401 1218/5402/5402 2361/5403/5403
f 1399/5404/5404 1541/5405/5405 1398/5406/5406
f 1419/5407/5407 1570/5408/5408 1569/5409/5409
f 1123/5410/5410 2394/5411/5411 2658/5412/5412
f 1463/5413/5413 1561/5414/5414 1614/5415/5415
f 1476/5416/5416 1477/5417/5417 1628/5418/5418
f 1886/5419/5419 933/5420/5420 719/5421/5421
f 1451/5422/5422 1602/5423/5423 1610/5424/5424
f 1184/5425/5425 240/5426/5426 241/5427/5427
f 282/5428/5428 2494/5429/5429 2451/5430/5430
f 2335/5431/5431 2576/5432/5432 2577/5433/5433
f 2858/5434/5434 1281/5435/5435 1279/5436/5436
f 2211/5437/5437 2473/5438/5438 2094/5439/5439
f 459/5440/5440 409/5441/5441 410/5442/5442
f 2680/5443/5443 351/5444/5444 346/5445/5445
f 701/5446/5446 2110/5447/5447 2111/5448/5448
f 263/5449/5449 2803/5450/5450 2535/5451/5451
f 1733/5452/5452 813/5453/5453 455/5454/5454
f 2507/5455/5455 305/5456/5456 1195/5457/5457
f 2777/5458/5458 1119/5459/5459 851/5460/5460
f 2175/5461/5461 215/5462/5462 2216/5463/5463
f 621/5464/5464 2611/5465/5465 423/5466/5466
f 1991/5467/5467 1134/5468/5468 424/5469/5469
f 2544/5470/5470 1093/5471/5471 905/5472/5472
f 745/5473/5473 2752/5474/5474 2564/5475/5475
f 2384/5476/5476 2872/5477/5477 2593/5478/5478
f 2505/5479/5479 2506/5480/5480 270/5481/5481
f 1337/5482/5482 1355/5483/5483 594/5484/5484
f 414/5485/5485 416/5486/5486 926/5487/5487
f 304/5488/5488 662/5489/5489 2683/5490/5490
f 328/5491/5491 1866/5492/5492 1865/5493/5493
f 1833/5494/5494 1934/5495/5495 882/5496/5496
f 783/5497/5497 2034/5498/5498 1162/5499/5499
f 2603/5500/5500 1379/5501/5501 1378/5502/5502
f 143/5503/5503 699/5504/5504 2255/5505/5505
f 589/5506/5506 588/5507/5507 1085/5508/5508
f 2520/5509/5509 2588/5510/5510 1168/5511/5511
f 749/5512/5512 2527/5513/5513 2526/5514/5514
f 2107/5515/5515 2106/5516/5516 2334/5517/5517
f 932/5518/5518 869/5519/5519 630/5520/5520
f 2703/5521/5521 473/5522/5522 966/5523/5523
f 471/5524/5524 1091/5525/5525 2860/5526/5526
f 741/5527/5527 2664/5528/5528 397/5529/5529
f 2178/5530/5530 2266/5531/5531 168/5532/5532
f 317/5533/5533 702/5534/5534 319/5535/5535
f 2300/5536/5536 979/5537/5537 2845/5538/5538
f 2857/5539/5539 1127/5540/5540 981/5541/5541
f 498/5542/5542 2857/5543/5543 910/5544/5544
f 1749/5545/5545 1750/5546/5546 404/5547/5547
f 385/5548/5548 2283/5549/5549 2285/5550/5550
f 836/5551/5551 2130/5552/5552 2295/5553/5553
f 2130/5554/5554 1178/5555/5555 906/5556/5556
f 2656/5557/5557 2027/5558/5558 515/5559/5559
f 944/5560/5560 880/5561/5561 1118/5562/5562
f 2785/5563/5563 2748/5564/5564 826/5565/5565
f 2607/5566/5566 196/5567/5567 2015/5568/5568
f 2737/5569/5569 100/5570/5570 2561/5571/5571
f 2428/5572/5572 2427/5573/5573 2839/5574/5574
f 2798/5575/5575 2625/5576/5576 2061/5577/5577
f 2251/5578/5578 97/5579/5579 1803/5580/5580
f 2077/5581/5581 2299/5582/5582 119/5583/5583
f 544/5584/5584 759/5585/5585 2113/5586/5586
f 2855/5587/5587 2277/5588/5588 452/5589/5589
f 603/5590/5590 1193/5591/5591 709/5592/5592
f 1860/5593/5593 2290/5594/5594 506/5595/5595
f 2717/5596/5596 971/5597/5597 525/5598/5598
f 1836/5599/5599 1942/5600/5600 1884/5601/5601
f 2393/5602/5602 2321/5603/5603 2319/5604/5604
f 2531/5605/5605 2282/5606/5606 1859/5607/5607
f 2510/5608/5608 2172/5609/5609 200/5610/5610
f 32/5611/5611 2608/5612/5612 2087/5613/5613
f 543/5614/5614 2181/5615/5615 2368/5616/5616
f 2350/5617/5617 2796/5618/5618 2756/5619/5619
f 1713/5620/5620 2177/5621/5621 2791/5622/5622
f 71/5623/5623 968/5624/5624 520/5625/5625
f 2080/5626/5626 1745/5627/5627 482/5628/5628
f 1722/5629/5629 1036/5630/5630 2837/5631/5631
f 590/5632/5632 2339/5633/5633 2830/5634/5634
f 1197/5635/5635 1173/5636/5636 315/5637/5637
f 2596/5638/5638 2296/5639/5639 1869/5640/5640
f 2242/5641/5641 1962/5642/5642 2433/5643/5643
f 1173/5644/5644 589/5645/5645 1013/5646/5646
f 2/5647/5647 2187/5648/5648 1116/5649/5649
f 1694/5650/5650 2645/5651/5651 166/5652/5652
f 2231/5653/5653 116/5654/5654 2299/5655/5655
f 2190/5656/5656 2229/5657/5657 157/5658/5658
f 2804/5659/5659 84/5660/5660 2269/5661/5661
f 2620/5662/5662 157/5663/5663 2243/5664/5664
f 2021/5665/5665 2197/5666/5666 1064/5667/5667
f 195/5668/5668 2607/5669/5669 2016/5670/5670
f 2087/5671/5671 2086/5672/5672 828/5673/5673
f 2238/5674/5674 2239/5675/5675 2026/5676/5676
f 2228/5677/5677 88/5678/5678 2079/5679/5679
f 348/5680/5680 513/5681/5681 2646/5682/5682
f 1037/5683/5683 2284/5684/5684 2283/5685/5685
f 700/5686/5686 2813/5687/5687 2774/5688/5688
f 499/5689/5689 498/5690/5690 399/5691/5691
f 2474/5692/5692 2332/5693/5693 927/5694/5694
f 1000/5695/5695 1937/5696/5696 2672/5697/5697
f 763/5698/5698 493/5699/5699 1062/5700/5700
f 362/5701/5701 529/5702/5702 842/5703/5703
f 860/5704/5704 1978/5705/5705 2035/5706/5706
f 496/5707/5707 1075/5708/5708 1073/5709/5709
f 722/5710/5710 721/5711/5711 1879/5712/5712
f 778/5713/5713 722/5714/5714 766/5715/5715
f 2059/5716/5716 890/5717/5717 509/5718/5718
f 1009/5719/5719 939/5720/5720 413/5721/5721
f 893/5722/5722 2389/5723/5723 821/5724/5724
f 476/5725/5725 2785/5726/5726 443/5727/5727
f 2862/5728/5728 477/5729/5729 1082/5730/5730
f 479/5731/5731 2862/5732/5732 441/5733/5733
f 375/5734/5734 1765/5735/5735 1876/5736/5736
f 2500/5737/5737 2132/5738/5738 2131/5739/5739
f 848/5740/5740 744/5741/5741 871/5742/5742
f 2745/5743/5743 836/5744/5744 402/5745/5745
f 485/5746/5746 2736/5747/5747 2099/5748/5748
f 373/5749/5749 989/5750/5750 2517/5751/5751
f 491/5752/5752 993/5753/5753 883/5754/5754
f 637/5755/5755 2851/5756/5756 425/5757/5757
f 1055/5758/5758 481/5759/5759 1145/5760/5760
f 2575/5761/5761 2574/5762/5762 2456/5763/5763
f 626/5764/5764 487/5765/5765 431/5766/5766
f 627/5767/5767 626/5768/5768 429/5769/5769
f 2687/5770/5770 504/5771/5771 394/5772/5772
f 880/5773/5773 788/5774/5774 408/5775/5775
f 901/5776/5776 514/5777/5777 895/5778/5778
f 384/5779/5779 2539/5780/5780 1918/5781/5781
f 705/5782/5782 1918/5783/5783 1862/5784/5784
f 2655/5785/5785 1156/5786/5786 2027/5787/5787
f 671/5788/5788 1764/5789/5789 1765/5790/5790
f 1127/5791/5791 1012/5792/5792 406/5793/5793
f 497/5794/5794 1080/5795/5795 931/5796/5796
f 1091/5797/5797 470/5798/5798 445/5799/5799
f 1807/5800/5800 2774/5801/5801 2389/5802/5802
f 486/5803/5803 485/5804/5804 1088/5805/5805
f 939/5806/5806 2728/5807/5807 2195/5808/5808
f 771/5809/5809 649/5810/5810 1874/5811/5811
f 1016/5812/5812 948/5813/5813 1057/5814/5814
f 1937/5815/5815 494/5816/5816 857/5817/5817
f 501/5818/5818 500/5819/5819 2663/5820/5820
f 877/5821/5821 1876/5822/5822 1877/5823/5823
f 504/5824/5824 503/5825/5825 746/5826/5826
f 2509/5827/5827 517/5828/5828 1156/5829/5829
f 480/5830/5830 848/5831/5831 1710/5832/5832
f 469/5833/5833 2745/5834/5834 2293/5835/5835
f 477/5836/5836 476/5837/5837 442/5838/5838
f 819/5839/5839 1862/5840/5840 1861/5841/5841
f 2246/5842/5842 714/5843/5843 2121/5844/5844
f 502/5845/5845 1016/5846/5846 396/5847/5847
f 1157/5848/5848 2285/5849/5849 2840/5850/5850
f 352/5851/5851 510/5852/5852 890/5853/5853
f 487/5854/5854 1083/5855/5855 432/5856/5856
f 473/5857/5857 472/5858/5858 1044/5859/5859
f 1090/5860/5860 541/5861/5861 542/5862/5862
f 744/5863/5863 479/5864/5864 936/5865/5865
f 483/5866/5866 2575/5867/5867 1851/5868/5868
f 869/5869/5869 771/5870/5870 1873/5871/5871
f 481/5872/5872 480/5873/5873 1709/5874/5874
f 490/5875/5875 489/5876/5876 1958/5877/5877
f 2851/5878/5878 491/5879/5879 800/5880/5880
f 993/5881/5881 490/5882/5882 1957/5883/5883
f 2559/5884/5884 1755/5885/5885 1756/5886/5886
f 365/5887/5887 533/5888/5888 534/5889/5889
f 649/5890/5890 648/5891/5891 995/5892/5892
f 2730/5893/5893 2687/5894/5894 2182/5895/5895
f 2494/5896/5896 2493/5897/5897 2450/5898/5898
f 2213/5899/5899 78/5900/5900 1160/5901/5901
f 88/5902/5902 2238/5903/5903 516/5904/5904
f 45/5905/5905 1982/5906/5906 1981/5907/5907
f 2734/5908/5908 2253/5909/5909 1849/5910/5910
f 185/5911/5911 186/5912/5912 2846/5913/5913
f 2635/5914/5914 2229/5915/5915 2190/5916/5916
f 2751/5917/5917 195/5918/5918 2136/5919/5919
f 1916/5920/5920 1917/5921/5921 2306/5922/5922
f 2181/5923/5923 2549/5924/5924 2836/5925/5925
f 1894/5926/5926 650/5927/5927 2092/5928/5928
f 2212/5929/5929 2213/5930/5930 1739/5931/5931
f 1548/5932/5932 1388/5933/5933 1407/5934/5934
f 102/5935/5935 2560/5936/5936 2561/5937/5937
f 2314/5938/5938 2751/5939/5939 2137/5940/5940
f 1944/5941/5941 2074/5942/5942 1072/5943/5943
f 2408/5944/5944 2459/5945/5945 1747/5946/5946
f 241/5947/5947 859/5948/5948 598/5949/5949
f 137/5950/5950 1832/5951/5951 2003/5952/5952
f 2625/5953/5953 1835/5954/5954 2521/5955/5955
f 1147/5956/5956 2169/5957/5957 2170/5958/5958
f 549/5959/5959 2796/5960/5960 2350/5961/5961
f 1693/5962/5962 166/5963/5963 2266/5964/5964
f 82/5965/5965 2804/5966/5966 2379/5967/5967
f 30/5968/5968 538/5969/5969 2608/5970/5970
f 2239/5971/5971 2734/5972/5972 2453/5973/5973
f 2046/5974/5974 2606/5975/5975 131/5976/5976
f 2530/5977/5977 1859/5978/5978 1860/5979/5979
f 2629/5980/5980 2388/5981/5981 519/5982/5982
f 2700/5983/5983 2319/5984/5984 2318/5985/5985
f 2199/5986/5986 523/5987/5987 524/5988/5988
f 82/5989/5989 2497/5990/5990 1036/5991/5991
f 2201/5992/5992 144/5993/5993 1743/5994/5994
f 1950/5995/5995 121/5996/5996 2747/5997/5997
f 192/5998/5998 2314/5999/5999 2302/6000/6000
f 1012/6001/6001 944/6002/6002 2814/6003/6003
f 489/6004/6004 488/6005/6005 1150/6006/6006
f 1723/6007/6007 1756/6008/6008 539/6009/6009
f 2574/6010/6010 1055/6011/6011 439/6012/6012
f 349/6013/6013 512/6014/6014 1100/6015/6015
f 495/6016/6016 1999/6017/6017 2610/6018/6018
f 1075/6019/6019 1004/6020/6020 418/6021/6021
f 1999/6022/6022 1000/6023/6023 421/6024/6024
f 648/6025/6025 495/6026/6026 1068/6027/6027
f 620/6028/6028 1051/6029/6029 1125/6030/6030
f 953/6031/6031 537/6032/6032 1167/6033/6033
f 885/6034/6034 964/6035/6035 518/6036/6036
f 387/6037/6037 821/6038/6038 715/6039/6039
f 975/6040/6040 815/6041/6041 704/6042/6042
f 392/6043/6043 518/6044/6044 815/6045/6045
f 341/6046/6046 704/6047/6047 517/6048/6048
f 383/6049/6049 2540/6050/6050 2539/6051/6051
f 2501/6052/6052 2131/6053/6053 2540/6054/6054
f 1083/6055/6055 486/6056/6056 1017/6057/6057
f 827/6058/6058 1703/6059/6059 1704/6060/6060
f 380/6061/6061 550/6062/6062 1703/6063/6063
f 2728/6064/6064 778/6065/6065 415/6066/6066
f 1144/6067/6067 548/6068/6068 2551/6069/6069
f 870/6070/6070 2331/6071/6071 2332/6072/6072
f 377/6073/6073 2621/6074/6074 2331/6075/6075
f 658/6076/6076 643/6077/6077 2621/6078/6078
f 2031/6079/6079 1993/6080/6080 1140/6081/6081
f 404/6082/6082 1750/6083/6083 526/6084/6084
f 2030/6085/6085 1992/6086/6086 1993/6087/6087
f 942/6088/6088 1877/6089/6089 1992/6090/6090
f 669/6091/6091 668/6092/6092 2204/6093/6093
f 1021/6094/6094 2767/6095/6095 2553/6096/6096
f 1913/6097/6097 1861/6098/6098 2284/6099/6099
f 372/6100/6100 540/6101/6101 989/6102/6102
f 1724/6103/6103 539/6104/6104 540/6105/6105
f 370/6106/6106 616/6107/6107 1755/6108/6108
f 1022/6109/6109 1167/6110/6110 616/6111/6111
f 369/6112/6112 1056/6113/6113 537/6114/6114
f 1797/6115/6115 1985/6116/6116 1056/6117/6117
f 1796/6118/6118 2409/6119/6119 1985/6120/6120
f 367/6121/6121 534/6122/6122 2409/6123/6123
f 379/6124/6124 927/6125/6125 548/6126/6126
f 364/6127/6127 532/6128/6128 533/6129/6129
f 918/6130/6130 2320/6131/6131 532/6132/6132
f 756/6133/6133 1125/6134/6134 2320/6135/6135
f 619/6136/6136 983/6137/6137 1051/6138/6138
f 1136/6139/6139 2403/6140/6140 983/6141/6141
f 1069/6142/6142 842/6143/6143 2403/6144/6144
f 361/6145/6145 528/6146/6146 529/6147/6147
f 2430/6148/6148 2035/6149/6149 2568/6150/6150
f 484/6151/6151 483/6152/6152 1850/6153/6153
f 2767/6154/6154 2730/6155/6155 628/6156/6156
f 2534/6157/6157 715/6158/6158 714/6159/6159
f 1097/6160/6160 1021/6161/6161 356/6162/6162
f 2106/6163/6163 1097/6164/6164 1001/6165/6165
f 768/6166/6166 508/6167/6167 2107/6168/6168
f 2060/6169/6169 509/6170/6170 508/6171/6171
f 2436/6172/6172 2808/6173/6173 510/6174/6174
f 775/6175/6175 1100/6176/6176 2808/6177/6177
f 652/6178/6178 2646/6179/6179 512/6180/6180
f 1004/6181/6181 932/6182/6182 629/6183/6183
f 347/6184/6184 810/6185/6185 513/6186/6186
f 1046/6187/6187 895/6188/6188 810/6189/6189
f 494/6190/6190 763/6191/6191 991/6192/6192
f 832/6193/6193 515/6194/6194 514/6195/6195
f 852/6196/6196 977/6197/6197 1978/6198/6198
f 2658/6199/6199 2394/6200/6200 908/6201/6201
f 374/6202/6202 2517/6203/6203 541/6204/6204
f 1080/6205/6205 1009/6206/6206 1005/6207/6207
f 670/6208/6208 542/6209/6209 1764/6210/6210
f 488/6211/6211 627/6212/6212 428/6213/6213
f 721/6214/6214 496/6215/6215 1880/6216/6216
f 470/6217/6217 469/6218/6218 401/6219/6219
f 668/6220/6220 497/6221/6221 412/6222/6222
f 500/6223/6223 499/6224/6224 398/6225/6225
f 493/6226/6226 637/6227/6227 2053/6228/6228
f 750/6229/6229 484/6230/6230 435/6231/6231
f 1178/6232/6232 1749/6233/6233 976/6234/6234
f 716/6235/6235 2551/6236/6236 550/6237/6237
f 2748/6238/6238 2703/6239/6239 2740/6240/6240
f 898/6241/6241 1704/6242/6242 2132/6243/6243
f 386/6244/6244 2840/6245/6245 2813/6246/6246
f 503/6247/6247 1149/6248/6248 747/6249/6249
f 2244/6250/6250 2121/6251/6251 1108/6252/6252
f 1149/6253/6253 502/6254/6254 853/6255/6255
f 788/6256/6256 669/6257/6257 2203/6258/6258
f 1702/6259/6259 149/6260/6260 1943/6261/6261
f 1927/6262/6262 2512/6263/6263 459/6264/6264
f 2673/6265/6265 163/6266/6266 2645/6267/6267
f 2360/6268/6268 545/6269/6269 2198/6270/6270
f 1824/6271/6271 2305/6272/6272 2304/6273/6273
f 2217/6274/6274 2750/6275/6275 2169/6276/6276
f 531/6277/6277 2569/6278/6278 2702/6279/6279
f 2678/6280/6280 2069/6281/6281 149/6282/6282
f 2058/6283/6283 2201/6284/6284 1744/6285/6285
f 2753/6286/6286 1925/6287/6287 1924/6288/6288
f 2440/6289/6289 2458/6290/6290 2459/6291/6291
f 2489/6292/6292 2428/6293/6293 2773/6294/6294
f 994/6295/6295 924/6296/6296 2024/6297/6297
f 2791/6298/6298 137/6299/6299 2004/6300/6300
f 1745/6301/6301 1746/6302/6302 2514/6303/6303
f 546/6304/6304 545/6305/6305 2360/6306/6306
f 2457/6307/6307 691/6308/6308 2643/6309/6309
f 2088/6310/6310 1924/6311/6311 837/6312/6312
f 1596/6313/6313 1448/6314/6314 1449/6315/6315
f 837/6316/6316 2659/6317/6317 1767/6318/6318
f 2209/6319/6319 521/6320/6320 522/6321/6321
f 1893/6322/6322 651/6323/6323 650/6324/6324
f 2020/6325/6325 2198/6326/6326 2197/6327/6327
f 2739/6328/6328 2273/6329/6329 1847/6330/6330
f 2727/6331/6331 123/6332/6332 124/6333/6333
f 2074/6334/6334 153/6335/6335 1938/6336/6336
f 2457/6337/6337 108/6338/6338 1151/6339/6339
f 2425/6340/6340 2613/6341/6341 2684/6342/6342
f 73/6343/6343 519/6344/6344 968/6345/6345
f 1691/6346/6346 1692/6347/6347 835/6348/6348
f 2788/6349/6349 169/6350/6350 171/6351/6351
f 751/6352/6352 538/6353/6353 30/6354/6354
f 2819/6355/6355 2662/6356/6356 189/6357/6357
f 2253/6358/6358 2251/6359/6359 1804/6360/6360
f 1692/6361/6361 2714/6362/6362 2129/6363/6363
f 2794/6364/6364 903/6365/6365 971/6366/6366
f 2200/6367/6367 522/6368/6368 523/6369/6369
f 924/6370/6370 544/6371/6371 2025/6372/6372
f 527/6373/6373 1049/6374/6374 1758/6375/6375
f 2555/6376/6376 168/6377/6377 169/6378/6378
f 2290/6379/6379 113/6380/6380 505/6381/6381
f 2212/6382/6382 1740/6383/6383 2388/6384/6384
f 2433/6385/6385 1962/6386/6386 1963/6387/6387
f 1701/6388/6388 1943/6389/6389 1944/6390/6390
f 1552/6391/6391 1550/6392/6392 1408/6393/6393
f 759/6394/6394 543/6395/6395 2367/6396/6396
f 1929/6397/6397 2303/6398/6398 1165/6399/6399
f 2549/6400/6400 1059/6401/6401 2695/6402/6402
f 2613/6403/6403 2176/6404/6404 1714/6405/6405
f 2129/6406/6406 2714/6407/6407 1994/6408/6408
f 2173/6409/6409 2742/6410/6410 2080/6411/6411
f 892/6412/6412 173/6413/6413 175/6414/6414
f 1551/6415/6415 1554/6416/6416 1409/6417/6417
f 2432/6418/6418 1963/6419/6419 163/6420/6420
f 46/6421/6421 1981/6422/6422 530/6423/6423
f 1938/6424/6424 153/6425/6425 2725/6426/6426
f 1835/6427/6427 1836/6428/6428 1885/6429/6429
f 2315/6430/6430 192/6431/6431 474/6432/6432
f 1949/6433/6433 2747/6434/6434 123/6435/6435
f 2092/6436/6436 549/6437/6437 2349/6438/6438
f 1267/6439/6439 1274/6440/6440 2592/6441/6441
f 745/6442/6442 727/6443/6443 2147/6444/6444
f 1942/6445/6445 2069/6446/6446 2678/6447/6447
f 48/6448/6448 530/6449/6449 2305/6450/6450
f 108/6451/6451 2282/6452/6452 2531/6453/6453
f 2232/6454/6454 114/6455/6455 116/6456/6456
f 1753/6457/6457 2653/6458/6458 2742/6459/6459
f 131/6460/6460 2425/6461/6461 1896/6462/6462
f 1714/6463/6463 2176/6464/6464 2177/6465/6465
f 2076/6466/6466 119/6467/6467 121/6468/6468
f 2227/6469/6469 2228/6470/6470 2115/6471/6471
f 2805/6472/6472 2635/6473/6473 2191/6474/6474
f 1568/6475/6475 1418/6476/6476 1419/6477/6477
f 2243/6478/6478 160/6479/6479 2821/6480/6480
f 2622/6481/6481 524/6482/6482 903/6483/6483
f 2188/6484/6484 525/6485/6485 1116/6486/6486
f 84/6487/6487 2227/6488/6488 2268/6489/6489
f 1657/6490/6490 1511/6491/6491 1508/6492/6492
f 2440/6493/6493 2514/6494/6494 1746/6495/6495
f 1274/6496/6496 1276/6497/6497 316/6498/6498
f 1007/6499/6499 146/6500/6500 147/6501/6501
f 1986/6502/6502 536/6503/6503 38/6504/6504
f 160/6505/6505 2242/6506/6506 2470/6507/6507
f 1878/6508/6508 734/6509/6509 733/6510/6510
f 38/6511/6511 536/6512/6512 535/6513/6513
f 907/6514/6514 200/6515/6515 1691/6516/6516
f 772/6517/6517 651/6518/6518 1893/6519/6519
f 2015/6520/6520 196/6521/6521 2172/6522/6522
f 2702/6523/6523 2569/6524/6524 1982/6525/6525
f 144/6526/6526 2798/6527/6527 2062/6528/6528
f 2047/6529/6529 2170/6530/6530 2606/6531/6531
f 113/6532/6532 114/6533/6533 2232/6534/6534
f 858/6535/6535 291/6536/6536 2447/6537/6537
f 1354/6538/6538 1365/6539/6539 1172/6540/6540
f 1788/6541/6541 124/6542/6542 126/6543/6543
f 1787/6544/6544 126/6545/6545 2750/6546/6546
f 560/6547/6547 997/6548/6548 2537/6549/6549
f 2659/6550/6550 734/6551/6551 1878/6552/6552
f 657/6553/6553 1140/6554/6554 643/6555/6555
f 97/6556/6556 2737/6557/6557 698/6558/6558
f 40/6559/6559 535/6560/6560 2321/6561/6561
f 1825/6562/6562 2304/6563/6563 2303/6564/6564
f 1064/6565/6565 994/6566/6566 15/6567/6567
f 366/6568/6568 363/6569/6569 368/6570/6570
f 280/6571/6571 1357/6572/6572 1356/6573/6573
f 547/6574/6574 546/6575/6575 793/6576/6576
f 2018/6577/6577 2756/6578/6578 547/6579/6579
f 2878/6580/6580 2222/6581/6581 970/6582/6582
f 1070/6583/6583 1292/6584/6584 1282/6585/6585
f 605/6586/6586 1054/6587/6587 327/6588/6588
f 284/6589/6589 776/6590/6590 2336/6591/6591
f 1934/6592/6592 2058/6593/6593 2681/6594/6594
f 2262/6595/6595 511/6596/6596 2560/6597/6597
f 1754/6598/6598 175/6599/6599 2653/6600/6600
f 1990/6601/6601 812/6602/6602 2693/6603/6603
f 2713/6604/6604 792/6605/6605 215/6606/6606
f 430/6607/6607 436/6608/6608 897/6609/6609
f 453/6610/6610 1810/6611/6611 963/6612/6612
f 2783/6613/6613 2735/6614/6614 338/6615/6615
f 579/6616/6616 1369/6617/6617 1358/6618/6618
f 1161/6619/6619 258/6620/6620 1168/6621/6621
f 2184/6622/6622 2683/6623/6623 784/6624/6624
f 1283/6625/6625 1284/6626/6626 608/6627/6627
f 1747/6628/6628 1748/6629/6629 2316/6630/6630
f 1748/6631/6631 184/6632/6632 2666/6633/6633
f 801/6634/6634 292/6635/6635 293/6636/6636
f 2422/6637/6637 921/6638/6638 922/6639/6639
f 710/6640/6640 2354/6641/6641 77/6642/6642
f 358/6643/6643 2055/6644/6644 1689/6645/6645
f 2478/6646/6646 1705/6647/6647 220/6648/6648
f 1092/6649/6649 947/6650/6650 1280/6651/6651
f 1191/6652/6652 1870/6653/6653 1054/6654/6654
f 2711/6655/6655 592/6656/6656 290/6657/6657
f 2421/6658/6658 1360/6659/6659 1362/6660/6660
f 1769/6661/6661 2693/6662/6662 686/6663/6663
f 2866/6664/6664 1282/6665/6665 1277/6666/6666
f 2014/6667/6667 683/6668/6668 958/6669/6669
f 1953/6670/6670 635/6671/6671 636/6672/6672
f 2739/6673/6673 2771/6674/6674 511/6675/6675
f 2247/6676/6676 2498/6677/6677 964/6678/6678
f 2328/6679/6679 260/6680/6680 1170/6681/6681
f 2705/6682/6682 794/6683/6683 681/6684/6684
f 1960/6685/6685 2578/6686/6686 1138/6687/6687
f 1204/6688/6688 2524/6689/6689 2348/6690/6690
f 237/6691/6691 238/6692/6692 251/6693/6693
f 1618/6694/6694 1619/6695/6695 1469/6696/6696
f 1654/6697/6697 1478/6698/6698 1509/6699/6699
f 1899/6700/6700 2490/6701/6701 227/6702/6702
f 2028/6703/6703 2486/6704/6704 889/6705/6705
f 262/6706/6706 1172/6707/6707 1365/6708/6708
f 453/6709/6709 452/6710/6710 382/6711/6711
f 1122/6712/6712 1857/6713/6713 2541/6714/6714
f 1018/6715/6715 1272/6716/6716 1271/6717/6717
f 1270/6718/6718 1269/6719/6719 2563/6720/6720
f 2235/6721/6721 682/6722/6722 2578/6723/6723
f 420/6724/6724 920/6725/6725 419/6726/6726
f 889/6727/6727 805/6728/6728 2116/6729/6729
f 1467/6730/6730 1626/6731/6731 1617/6732/6732
f 1495/6733/6733 1494/6734/6734 1640/6735/6735
f 1681/6736/6736 1488/6737/6737 1532/6738/6738
f 754/6739/6739 239/6740/6740 922/6741/6741
f 2879/6742/6742 1358/6743/6743 1357/6744/6744
f 1200/6745/6745 1201/6746/6746 2715/6747/6747
f 1182/6748/6748 327/6749/6749 1010/6750/6750
f 1361/6751/6751 1364/6752/6752 2660/6753/6753
f 584/6754/6754 585/6755/6755 980/6756/6756
f 312/6757/6757 767/6758/6758 2473/6759/6759
f 189/6760/6760 2315/6761/6761 475/6762/6762
f 2207/6763/6763 1111/6764/6764 521/6765/6765
f 1556/6766/6766 1410/6767/6767 1411/6768/6768
f 1620/6769/6769 1621/6770/6770 1471/6771/6771
f 1196/6772/6772 969/6773/6773 914/6774/6774
f 1528/6775/6775 1675/6776/6776 1674/6777/6777
f 1396/6778/6778 1394/6779/6779 1539/6780/6780
f 1490/6781/6781 1486/6782/6782 1634/6783/6783
f 1555/6784/6784 1392/6785/6785 1410/6786/6786
f 1327/6787/6787 822/6788/6788 967/6789/6789
f 1553/6790/6790 1395/6791/6791 1409/6792/6792
f 1452/6793/6793 1454/6794/6794 1605/6795/6795
f 1663/6796/6796 1513/6797/6797 1512/6798/6798
f 1616/6799/6799 1459/6800/6800 1465/6801/6801
f 2651/6802/6802 2643/6803/6803 1846/6804/6804
f 1590/6805/6805 1442/6806/6806 1443/6807/6807
f 1658/6808/6808 1656/6809/6809 1509/6810/6810
f 184/6811/6811 185/6812/6812 478/6813/6813
f 1049/6814/6814 1925/6815/6815 2753/6816/6816
f 2772/6817/6817 171/6818/6818 173/6819/6819
f 1531/6820/6820 1684/6821/6821 1682/6822/6822
f 460/6823/6823 264/6824/6824 1220/6825/6825
f 577/6826/6826 1356/6827/6827 1345/6828/6828
f 281/6829/6829 2616/6830/6830 2601/6831/6831
f 929/6832/6832 2725/6833/6833 2805/6834/6834
f 2764/6835/6835 618/6836/6836 617/6837/6837
f 2013/6838/6838 2014/6839/6839 1152/6840/6840
f 1668/6841/6841 1665/6842/6842 1517/6843/6843
f 1371/6844/6844 1372/6845/6845 261/6846/6846
f 2769/6847/6847 696/6848/6848 225/6849/6849
f 660/6850/6850 440/6851/6851 437/6852/6852
f 958/6853/6853 683/6854/6854 2637/6855/6855
f 1412/6856/6856 1397/6857/6857 1558/6858/6858
f 1030/6859/6859 2375/6860/6860 2641/6861/6861
f 2464/6862/6862 2537/6863/6863 2536/6864/6864
f 1975/6865/6865 970/6866/6866 273/6867/6867
f 1505/6868/6868 1503/6869/6869 1649/6870/6870
f 1572/6871/6871 1422/6872/6872 1423/6873/6873
f 1437/6874/6874 1585/6875/6875 1584/6876/6876
f 2815/6877/6877 2848/6878/6878 2861/6879/6879
f 2372/6880/6880 1029/6881/6881 2486/6882/6882
f 1165/6883/6883 527/6884/6884 1757/6885/6885
f 2427/6886/6886 751/6887/6887 28/6888/6888
f 2757/6889/6889 205/6890/6890 2576/6891/6891
f 1832/6892/6892 1833/6893/6893 2476/6894/6894
f 1163/6895/6895 772/6896/6896 2341/6897/6897
f 42/6898/6898 2318/6899/6899 531/6900/6900
f 310/6901/6901 1143/6902/6902 311/6903/6903
f 701/6904/6904 2654/6905/6905 2770/6906/6906
f 996/6907/6907 272/6908/6908 2327/6909/6909
f 1966/6910/6910 777/6911/6911 656/6912/6912
f 1246/6913/6913 2720/6914/6914 1050/6915/6915
f 2600/6916/6916 1196/6917/6917 1132/6918/6918
f 1352/6919/6919 1363/6920/6920 2811/6921/6921
f 917/6922/6922 98/6923/6923 96/6924/6924
f 1637/6925/6925 1638/6926/6926 1492/6927/6927
f 1633/6928/6928 1634/6929/6929 1486/6930/6930
f 2224/6931/6931 1138/6932/6932 635/6933/6933
f 2416/6934/6934 307/6935/6935 2710/6936/6936
f 1453/6937/6937 1604/6938/6938 1609/6939/6939
f 2096/6940/6940 2255/6941/6941 2254/6942/6942
f 1651/6943/6943 1600/6944/6944 1504/6945/6945
f 952/6946/6946 884/6947/6947 1030/6948/6948
f 271/6949/6949 595/6950/6950 1854/6951/6951
f 1187/6952/6952 1375/6953/6953 1366/6954/6954
f 2098/6955/6955 1815/6956/6956 783/6957/6957
f 2448/6958/6958 1052/6959/6959 257/6960/6960
f 130/6961/6961 447/6962/6962 812/6963/6963
f 2032/6964/6964 207/6965/6965 2828/6966/6966
f 1402/6967/6967 1610/6968/6968 1542/6969/6969
f 2078/6970/6970 693/6971/6971 266/6972/6972
f 684/6973/6973 862/6974/6974 2640/6975/6975
f 120/6976/6976 338/6977/6977 612/6978/6978
f 1164/6979/6979 912/6980/6980 2465/6981/6981
f 606/6982/6982 2513/6983/6983 2296/6984/6984
f 611/6985/6985 448/6986/6986 125/6987/6987
f 1331/6988/6988 2691/6989/6989 822/6990/6990
f 1263/6991/6991 2503/6992/6992 2504/6993/6993
f 1355/6994/6994 1354/6995/6995 2547/6996/6996
f 430/6997/6997 458/6998/6998 433/6999/6999
f 1291/7000/7000 1070/7001/7001 1997/7002/7002
f 111/7003/7003 110/7004/7004 941/7005/7005
f 585/7006/7006 1195/7007/7007 305/7008/7008
f 631/7009/7009 311/7010/7010 767/7011/7011
f 1488/7012/7012 1681/7013/7013 1635/7014/7014
f 2736/7015/7015 750/7016/7016 434/7017/7017
f 1718/7018/7018 1837/7019/7019 456/7020/7020
f 2711/7021/7021 2221/7022/7022 291/7023/7023
f 809/7024/7024 294/7025/7025 802/7026/7026
f 742/7027/7027 276/7028/7028 2118/7029/7029
f 351/7030/7030 353/7031/7031 1141/7032/7032
f 253/7033/7033 1290/7034/7034 1288/7035/7035
f 2377/7036/7036 2378/7037/7037 2258/7038/7038
f 446/7039/7039 780/7040/7040 779/7041/7041
f 1081/7042/7042 2005/7043/7043 1221/7044/7044
f 1567/7045/7045 1417/7046/7046 1418/7047/7047
f 1229/7048/7048 1228/7049/7049 712/7050/7050
f 1325/7051/7051 553/7052/7052 552/7053/7053
f 112/7054/7054 902/7055/7055 2391/7056/7056
f 1588/7057/7057 1440/7058/7058 1441/7059/7059
f 49/7060/7060 212/7061/7061 943/7062/7062
f 622/7063/7063 988/7064/7064 57/7065/7065
f 2248/7066/7066 656/7067/7067 655/7068/7068
f 1647/7069/7069 1648/7070/7070 1502/7071/7071
f 31/7072/7072 209/7073/7073 2801/7074/7074
f 2125/7075/7075 726/7076/7076 2746/7077/7077
f 2049/7078/7078 1079/7079/7079 447/7080/7080
f 2102/7081/7081 697/7082/7082 696/7083/7083
f 286/7084/7084 776/7085/7085 285/7086/7086
f 248/7087/7087 884/7088/7088 952/7089/7089
f 2848/7090/7090 1048/7091/7091 323/7092/7092
f 2834/7093/7093 2327/7094/7094 259/7095/7095
f 414/7096/7096 411/7097/7097 638/7098/7098
f 1622/7099/7099 1472/7100/7100 1471/7101/7101
f 307/7102/7102 2599/7103/7103 2326/7104/7104
f 562/7105/7105 2535/7106/7106 2803/7107/7107
f 427/7108/7108 2104/7109/7109 2220/7110/7110
f 283/7111/7111 2715/7112/7112 1201/7113/7113
f 1636/7114/7114 1637/7115/7115 1491/7116/7116
f 2729/7117/7117 794/7118/7118 1120/7119/7119
f 2599/7120/7120 2600/7121/7121 2325/7122/7122
f 797/7123/7123 1225/7124/7124 1211/7125/7125
f 641/7126/7126 1296/7127/7127 1295/7128/7128
f 1504/7129/7129 1600/7130/7130 1599/7131/7131
f 1244/7132/7132 1050/7133/7133 2642/7134/7134
f 2718/7135/7135 1299/7136/7136 1298/7137/7137
f 1677/7138/7138 1676/7139/7139 1525/7140/7140
f 1231/7141/7141 1230/7142/7142 854/7143/7143
f 2400/7144/7144 2528/7145/7145 2766/7146/7146
f 1535/7147/7147 1534/7148/7148 1383/7149/7149
f 1303/7150/7150 1305/7151/7151 334/7152/7152
f 997/7153/7153 560/7154/7154 561/7155/7155
f 2449/7156/7156 247/7157/7157 256/7158/7158
f 186/7159/7159 2662/7160/7160 2819/7161/7161
f 2273/7162/7162 2274/7163/7163 1846/7164/7164
f 998/7165/7165 561/7166/7166 2588/7167/7167
f 2270/7168/7168 2801/7169/7169 938/7170/7170
f 1908/7171/7171 770/7172/7172 206/7173/7173
f 986/7174/7174 606/7175/7175 913/7176/7176
f 308/7177/7177 2417/7178/7178 2196/7179/7179
f 238/7180/7180 754/7181/7181 1043/7182/7182
f 1565/7183/7183 1399/7184/7184 1416/7185/7185
f 2383/7186/7186 709/7187/7187 1189/7188/7188
f 2669/7189/7189 2417/7190/7190 2415/7191/7191
f 2383/7192/7192 2594/7193/7193 1185/7194/7194
f 1821/7195/7195 2529/7196/7196 2528/7197/7197
f 2082/7198/7198 210/7199/7199 209/7200/7200
f 457/7201/7201 366/7202/7202 677/7203/7203
f 1269/7204/7204 1278/7205/7205 2166/7206/7206
f 1527/7207/7207 1674/7208/7208 1679/7209/7209
f 913/7210/7210 912/7211/7211 845/7212/7212
f 739/7213/7213 738/7214/7214 1374/7215/7215
f 933/7216/7216 232/7217/7217 720/7218/7218
f 2362/7219/7219 2447/7220/7220 292/7221/7221
f 838/7222/7222 337/7223/7223 2735/7224/7224
f 2697/7225/7225 2789/7226/7226 207/7227/7227
f 1180/7228/7228 2377/7229/7229 2259/7230/7230
f 1026/7231/7231 872/7232/7232 873/7233/7233
f 2066/7234/7234 2524/7235/7235 288/7236/7236
f 2826/7237/7237 804/7238/7238 699/7239/7239
f 2743/7240/7240 2760/7241/7241 2746/7242/7242
f 99/7243/7243 917/7244/7244 2789/7245/7245
f 2654/7246/7246 1040/7247/7247 1844/7248/7248
f 310/7249/7249 930/7250/7250 2800/7251/7251
f 1194/7252/7252 1366/7253/7253 1359/7254/7254
f 16/7255/7255 655/7256/7256 682/7257/7257
f 2716/7258/7258 2755/7259/7259 2336/7260/7260
f 427/7261/7261 424/7262/7262 426/7263/7263
f 1903/7264/7264 2692/7265/7265 697/7266/7266
f 340/7267/7267 1076/7268/7268 1888/7269/7269
f 1627/7270/7270 1629/7271/7271 1479/7272/7272
f 456/7273/7273 376/7274/7274 1107/7275/7275
f 1602/7276/7276 1451/7277/7277 1457/7278/7278
f 1067/7279/7279 1142/7280/7280 1154/7281/7281
f 2168/7282/7282 2216/7283/7283 1146/7284/7284
f 969/7285/7285 2777/7286/7286 2709/7287/7287
f 2345/7288/7288 1217/7289/7289 1215/7290/7290
f 1450/7291/7291 1458/7292/7292 1611/7293/7293
f 2815/7294/7294 899/7295/7295 900/7296/7296
f 1393/7297/7297 1391/7298/7298 1538/7299/7299
f 2378/7300/7300 319/7301/7301 702/7302/7302
f 1780/7303/7303 2254/7304/7304 228/7305/7305
f 1351/7306/7306 568/7307/7307 2419/7308/7308
f 738/7309/7309 2660/7310/7310 1364/7311/7311
f 2338/7312/7312 590/7313/7313 299/7314/7314
f 574/7315/7315 296/7316/7316 2222/7317/7317
f 1204/7318/7318 289/7319/7319 2007/7320/7320
f 1368/7321/7321 579/7322/7322 580/7323/7323
f 592/7324/7324 1205/7325/7325 2008/7326/7326
f 1813/7327/7327 2828/7328/7328 208/7329/7329
f 1259/7330/7330 1115/7331/7331 1019/7332/7332
f 1093/7333/7333 1094/7334/7334 322/7335/7335
f 1445/7336/7336 1593/7337/7337 1592/7338/7338
f 1320/7339/7339 1332/7340/7340 962/7341/7341
f 1230/7342/7342 1229/7343/7343 2652/7344/7344
f 820/7345/7345 461/7346/7346 1214/7347/7347
f 1470/7348/7348 1469/7349/7349 1619/7350/7350
f 1646/7351/7351 1647/7352/7352 1501/7353/7353
f 1428/7354/7354 1578/7355/7355 1577/7356/7356
f 199/7357/7357 2526/7358/7358 217/7359/7359
f 959/7360/7360 1154/7361/7361 1142/7362/7362
f 840/7363/7363 839/7364/7364 2759/7365/7365
f 1452/7366/7366 1603/7367/7367 1604/7368/7368
f 555/7369/7369 1289/7370/7370 1281/7371/7371
f 1047/7372/7372 900/7373/7373 2778/7374/7374
f 106/7375/7375 711/7376/7376 823/7377/7377
f 1307/7378/7378 1312/7379/7379 663/7380/7380
f 4/7381/7381 876/7382/7382 786/7383/7383
f 2264/7384/7384 1105/7385/7385 818/7386/7386
f 35/7387/7387 2081/7388/7388 2387/7389/7389
f 614/7390/7390 129/7391/7391 1130/7392/7392
f 25/7393/7393 703/7394/7394 24/7395/7395
f 2308/7396/7396 909/7397/7397 2401/7398/7398
f 1028/7399/7399 888/7400/7400 1802/7401/7401
f 18/7402/7402 17/7403/7403 955/7404/7404
f 624/7405/7405 2426/7406/7406 1987/7407/7407
f 105/7408/7408 104/7409/7409 965/7410/7410
f 2452/7411/7411 695/7412/7412 164/7413/7413
f 63/7414/7414 864/7415/7415 2674/7416/7416
f 2313/7417/7417 190/7418/7418 984/7419/7419
f 194/7420/7420 218/7421/7421 2527/7422/7422
f 36/7423/7423 35/7424/7424 2499/7425/7425
f 2230/7426/7426 156/7427/7427 798/7428/7428
f 1483/7429/7429 1660/7430/7430 1631/7431/7431
f 37/7432/7432 36/7433/7433 1818/7434/7434
f 2272/7435/7435 2271/7436/7436 2385/7437/7437
f 2287/7438/7438 2286/7439/7439 2502/7440/7440
f 1003/7441/7441 2202/7442/7442 1889/7443/7443
f 2391/7444/7444 902/7445/7445 723/7446/7446
f 85/7447/7447 2226/7448/7448 2832/7449/7449
f 1020/7450/7450 7/7451/7451 6/7452/7452
f 75/7453/7453 665/7454/7454 2477/7455/7455
f 67/7456/7456 65/7457/7457 773/7458/7458
f 615/7459/7459 2820/7460/7460 2413/7461/7461
f 644/7462/7462 74/7463/7463 72/7464/7464
f 2275/7465/7465 2267/7466/7466 2380/7467/7467
f 148/7468/7468 2491/7469/7469 2490/7470/7470
f 654/7471/7471 145/7472/7472 1078/7473/7473
f 61/7474/7474 2189/7475/7475 2627/7476/7476
f 2210/7477/7477 2208/7478/7478 1777/7479/7479
f 156/7480/7480 680/7481/7481 1087/7482/7482
f 155/7483/7483 881/7484/7484 154/7485/7485
f 703/7486/7486 23/7487/7487 1106/7488/7488
f 672/7489/7489 4/7490/7490 940/7491/7491
f 713/7492/7492 2276/7493/7493 2122/7494/7494
f 2644/7495/7495 1028/7496/7496 957/7497/7497
f 886/7498/7498 91/7499/7499 806/7500/7500
f 724/7501/7501 1042/7502/7502 2776/7503/7503
f 680/7504/7504 155/7505/7505 950/7506/7506
f 2171/7507/7507 615/7508/7508 1131/7509/7509
f 2426/7510/7510 198/7511/7511 197/7512/7512
f 95/7513/7513 93/7514/7514 956/7515/7515
f 1762/7516/7516 217/7517/7517 2726/7518/7518
f 11/7519/7519 2225/7520/7520 2359/7521/7521
f 864/7522/7522 62/7523/7523 764/7524/7524
f 1240/7525/7525 694/7526/7526 465/7527/7527
f 675/7528/7528 674/7529/7529 79/7530/7530
f 103/7531/7531 2261/7532/7532 2492/7533/7533
f 874/7534/7534 654/7535/7535 781/7536/7536
f 730/7537/7537 2287/7538/7538 2392/7539/7539
f 55/7540/7540 53/7541/7541 2850/7542/7542
f 2676/7543/7543 687/7544/7544 804/7545/7545
f 1041/7546/7546 25/7547/7547 814/7548/7548
f 891/7549/7549 20/7550/7550 19/7551/7551
f 90/7552/7552 2240/7553/7553 2768/7554/7554
f 1014/7555/7555 2724/7556/7556 2353/7557/7557
f 2424/7558/7558 614/7559/7559 753/7560/7560
f 1035/7561/7561 891/7562/7562 21/7563/7563
f 2288/7564/7564 112/7565/7565 973/7566/7566
f 134/7567/7567 133/7568/7568 761/7569/7569
f 1644/7570/7570 1498/7571/7571 1497/7572/7572
f 12/7573/7573 1027/7574/7574 951/7575/7575
f 1390/7576/7576 1389/7577/7577 1537/7578/7578
f 1112/7579/7579 109/7580/7580 2281/7581/7581
f 916/7582/7582 193/7583/7583 849/7584/7584
f 740/7585/7585 2818/7586/7586 2042/7587/7587
f 2264/7588/7588 167/7589/7589 961/7590/7590
f 2267/7591/7591 2265/7592/7592 818/7593/7593
f 2291/7594/7594 2289/7595/7595 2395/7596/7596
f 2775/7597/7597 2281/7598/7598 106/7599/7599
f 878/7600/7600 2630/7601/7601 2685/7602/7602
f 673/7603/7603 672/7604/7604 5/7605/7605
f 725/7606/7606 724/7607/7607 2127/7608/7608
f 117/7609/7609 2291/7610/7610 2396/7611/7611
f 2081/7612/7612 2272/7613/7613 2386/7614/7614
f 7/7615/7615 673/7616/7616 791/7617/7617
f 1011/7618/7618 878/7619/7619 150/7620/7620
f 1236/7621/7621 1235/7622/7622 467/7623/7623
f 896/7624/7624 103/7625/7625 816/7626/7626
f 2300/7627/7627 2460/7628/7628 2399/7629/7629
f 187/7630/7630 2301/7631/7631 2845/7632/7632
f 161/7633/7633 2241/7634/7634 2833/7635/7635
f 2461/7636/7636 187/7637/7637 844/7638/7638
f 158/7639/7639 2230/7640/7640 2688/7641/7641
f 911/7642/7642 2298/7643/7643 2406/7644/7644
f 2236/7645/7645 12/7646/7646 1099/7647/7647
f 731/7648/7648 180/7649/7649 974/7650/7650
f 888/7651/7651 161/7652/7652 1801/7653/7653
f 59/7654/7654 622/7655/7655 1060/7656/7656
f 1027/7657/7657 11/7658/7658 10/7659/7659
f 2261/7660/7660 2263/7661/7661 2371/7662/7662
f 179/7663/7663 725/7664/7664 830/7665/7665
f 20/7666/7666 18/7667/7667 1104/7668/7668
f 1042/7669/7669 177/7670/7670 825/7671/7671
f 2276/7672/7672 2275/7673/7673 2381/7674/7674
f 68/7675/7675 67/7676/7676 66/7677/7677
f 2818/7678/7678 904/7679/7679 834/7680/7680
f 1239/7681/7681 1236/7682/7682 2650/7683/7683
f 2443/7684/7684 76/7685/7685 1784/7686/7686
f 876/7687/7687 664/7688/7688 785/7689/7689
f 23/7690/7690 1035/7691/7691 22/7692/7692
f 202/7693/7693 625/7694/7694 201/7695/7695
f 625/7696/7696 624/7697/7697 1058/7698/7698
f 633/7699/7699 1309/7700/7700 1300/7701/7701
f 190/7702/7702 2461/7703/7703 2706/7704/7704
f 44/7705/7705 740/7706/7706 1124/7707/7707
f 193/7708/7708 2313/7709/7709 2847/7710/7710
f 198/7711/7711 2171/7712/7712 2670/7713/7713
f 732/7714/7714 731/7715/7715 181/7716/7716
f 360/7717/7717 2754/7718/7718 358/7719/7719
f 8/7720/7720 1020/7721/7721 946/7722/7722
f 646/7723/7723 63/7724/7724 928/7725/7725
f 695/7726/7726 2644/7727/7727 2374/7728/7728
f 2252/7729/7729 95/7730/7730 94/7731/7731
f 60/7732/7732 861/7733/7733 760/7734/7734
f 91/7735/7735 90/7736/7736 89/7737/7737
f 51/7738/7738 50/7739/7739 847/7740/7740
f 462/7741/7741 1081/7742/7742 1219/7743/7743
f 2241/7744/7744 158/7745/7745 954/7746/7746
f 881/7747/7747 2633/7748/7748 2356/7749/7749
f 2786/7750/7750 681/7751/7751 2636/7752/7752
f 2068/7753/7753 204/7754/7754 205/7755/7755
f 769/7756/7756 309/7757/7757 868/7758/7758
f 267/7759/7759 959/7760/7760 596/7761/7761
f 2630/7762/7762 666/7763/7763 147/7764/7764
f 664/7765/7765 2627/7766/7766 2189/7767/7767
f 1065/7768/7768 202/7769/7769 758/7770/7770
f 861/7771/7771 59/7772/7772 58/7773/7773
f 1312/7774/7774 1311/7775/7775 2626/7776/7776
f 2271/7777/7777 27/7778/7778 1110/7779/7779
f 69/7780/7780 68/7781/7781 934/7782/7782
f 1321/7783/7783 2583/7784/7784 2582/7785/7785
f 2226/7786/7786 1014/7787/7787 949/7788/7788
f 2820/7789/7789 916/7790/7790 850/7791/7791
f 904/7792/7792 730/7793/7793 833/7794/7794
f 76/7795/7795 75/7796/7796 1783/7797/7797
f 2309/7798/7798 2308/7799/7799 2402/7800/7800
f 180/7801/7801 179/7802/7802 831/7803/7803
f 665/7804/7804 2439/7805/7805 2340/7806/7806
f 2280/7807/7807 211/7808/7808 210/7809/7809
f 1864/7810/7810 787/7811/7811 667/7812/7812
f 1909/7813/7813 2532/7814/7814 1029/7815/7815
f 1330/7816/7816 1329/7817/7817 2557/7818/7818
f 2342/7819/7819 1223/7820/7820 1208/7821/7821
f 87/7822/7822 2609/7823/7823 755/7824/7824
f 915/7825/7825 2311/7826/7826 2410/7827/7827
f 1593/7828/7828 1445/7829/7829 1446/7830/7830
f 865/7831/7831 634/7832/7832 2675/7833/7833
f 128/7834/7834 915/7835/7835 127/7836/7836
f 1431/7837/7837 1432/7838/7838 1580/7839/7839
f 1506/7840/7840 1505/7841/7841 1650/7842/7842
f 2366/7843/7843 2237/7844/7844 2236/7845/7845
f 62/7846/7846 61/7847/7847 1/7848/7848
f 27/7849/7849 1041/7850/7850 26/7851/7851
f 2346/7852/7852 462/7853/7853 1226/7854/7854
f 86/7855/7855 85/7856/7856 1794/7857/7857
f 1666/7858/7858 1516/7859/7859 1513/7860/7860
f 142/7861/7861 647/7862/7862 141/7863/7863
f 2395/7864/7864 2289/7865/7865 2288/7866/7866
f 632/7867/7867 1300/7868/7868 1301/7869/7869
f 1067/7870/7870 269/7871/7871 2382/7872/7872
f 1242/7873/7873 887/7874/7874 464/7875/7875
f 1227/7876/7876 1239/7877/7877 468/7878/7878
f 1614/7879/7879 1615/7880/7880 1465/7881/7881
f 1438/7882/7882 1586/7883/7883 1585/7884/7884
f 1397/7885/7885 1396/7886/7886 1540/7887/7887
f 1326/7888/7888 1328/7889/7889 2455/7890/7890
f 1415/7891/7891 1563/7892/7892 1562/7893/7893
f 129/7894/7894 128/7895/7895 987/7896/7896
f 1315/7897/7897 718/7898/7898 2583/7899/7899
f 2438/7900/7900 1886/7901/7901 2585/7902/7902
f 2005/7903/7903 820/7904/7904 1210/7905/7905
f 1186/7906/7906 1377/7907/7907 1376/7908/7908
f 56/7909/7909 55/7910/7910 54/7911/7911
f 145/7912/7912 1003/7913/7913 935/7914/7914
f 17/7915/7915 2237/7916/7916 2366/7917/7917
f 909/7918/7918 44/7919/7919 841/7920/7920
f 2298/7921/7921 2297/7922/7922 2405/7923/7923
f 2609/7924/7924 796/7925/7925 795/7926/7926
f 1311/7927/7927 1313/7928/7928 1002/7929/7929
f 2699/7930/7930 689/7931/7931 223/7932/7932
f 233/7933/7933 299/7934/7934 720/7935/7935
f 1546/7936/7936 1547/7937/7937 1407/7938/7938
f 1606/7939/7939 1455/7940/7940 1456/7941/7941
f 1400/7942/7942 1398/7943/7943 1541/7944/7944
f 1417/7945/7945 1567/7946/7946 1566/7947/7947
f 743/7948/7948 2309/7949/7949 2511/7950/7950
f 613/7951/7951 2166/7952/7952 1278/7953/7953
f 132/7954/7954 2424/7955/7955 2324/7956/7956
f 1484/7957/7957 1482/7958/7958 1631/7959/7959
f 122/7960/7960 612/7961/7961 611/7962/7962
f 839/7963/7963 286/7964/7964 2719/7965/7965
f 282/7966/7966 679/7967/7967 296/7968/7968
f 268/7969/7969 2111/7970/7970 267/7971/7971
f 840/7972/7972 2853/7973/7973 872/7974/7974
f 2571/7975/7975 261/7976/7976 1372/7977/7977
f 1386/7978/7978 1536/7979/7979 1535/7980/7980
f 1719/7981/7981 636/7982/7982 203/7983/7983
f 136/7984/7984 686/7985/7985 687/7986/7986
f 587/7987/7987 784/7988/7988 1085/7989/7989
f 2416/7990/7990 2823/7991/7991 748/7992/7992
f 1040/7993/7993 693/7994/7994 1843/7995/7995
f 1917/7996/7996 2124/7997/7997 2307/7998/7998
f 287/7999/7999 873/8000/8000 937/8001/8001
f 271/8002/8002 1855/8003/8003 272/8004/8004
f 2423/8005/8005 1184/8006/8006 921/8007/8007
f 1875/8008/8008 2726/8009/8009 792/8010/8010
f 2411/8011/8011 448/8012/8012 1079/8013/8013
f 152/8014/8014 227/8015/8015 2692/8016/8016
f 2841/8017/8017 2479/8018/8018 941/8019/8019
f 1387/8020/8020 1549/8021/8021 1536/8022/8022
f 1612/8023/8023 1613/8024/8024 1461/8025/8025
f 2085/8026/8026 1146/8027/8027 213/8028/8028
f 3/8029/8029 2330/8030/8030 204/8031/8031
f 2708/8032/8032 2636/8033/8033 218/8034/8034
f 2441/8035/8035 203/8036/8036 2330/8037/8037
f 1363/8038/8038 1361/8039/8039 1038/8040/8040
f 807/8041/8041 225/8042/8042 2532/8043/8043
f 1119/8044/8044 584/8045/8045 306/8046/8046
f 2782/8047/8047 449/8048/8048 337/8049/8049
f 645/8050/8050 790/8051/8051 789/8052/8052
f 1183/8053/8053 1359/8054/8054 1360/8055/8055
f 2109/8056/8056 755/8057/8057 770/8058/8058
f 1971/8059/8059 938/8060/8060 2722/8061/8061
f 2661/8062/8062 2723/8063/8063 787/8064/8064
f 1256/8065/8065 1270/8066/8066 1103/8067/8067
f 1048/8068/8068 2544/8069/8069 2744/8070/8070
f 2462/8071/8071 213/8072/8072 212/8073/8073
f 170/8074/8074 805/8075/8075 690/8076/8076
f 1113/8077/8077 223/8078/8078 2529/8079/8079
f 41/8080/8080 667/8081/8081 211/8082/8082
f 400/8083/8083 1923/8084/8084 2040/8085/8085
f 862/8086/8086 562/8087/8087 2639/8088/8088
f 618/8089/8089 81/8090/8090 80/8091/8091
f 183/8092/8092 2766/8093/8093 2729/8094/8094
f 2668/8095/8095 2415/8096/8096 855/8097/8097
f 107/8098/8098 1814/8099/8099 208/8100/8100
f 1059/8101/8101 2489/8102/8102 2696/8103/8103
f 1673/8104/8104 1675/8105/8105 1528/8106/8106
f 1094/8107/8107 1180/8108/8108 321/8109/8109
f 2460/8110/8110 732/8111/8111 182/8112/8112
f 711/8113/8113 105/8114/8114 1109/8115/8115
f 2286/8116/8116 37/8117/8117 1819/8118/8118
f 647/8119/8119 999/8120/8120 140/8121/8121
f 104/8122/8122 896/8123/8123 817/8124/8124
f 1515/8125/8125 1664/8126/8126 1662/8127/8127
f 1472/8128/8128 1622/8129/8129 1623/8130/8130
f 1077/8131/8131 460/8132/8132 1222/8133/8133
f 2225/8134/8134 8/8135/8135 1095/8136/8136
f 988/8137/8137 56/8138/8138 752/8139/8139
f 1237/8140/8140 465/8141/8141 466/8142/8142
f 2347/8143/8143 2346/8144/8144 1224/8145/8145
f 948/8146/8146 501/8147/8147 1133/8148/8148
f 390/8149/8149 1108/8150/8150 2498/8151/8151
f 472/8152/8152 471/8153/8153 1114/8154/8154
f 729/8155/8155 908/8156/8156 977/8157/8157
f 863/8158/8158 1310/8159/8159 1309/8160/8160
f 1235/8161/8161 1238/8162/8162 1031/8163/8163
f 93/8164/8164 886/8165/8165 92/8166/8166
f 53/8167/8167 51/8168/8168 985/8169/8169
f 133/8170/8170 623/8171/8171 1061/8172/8172
f 2649/8173/8173 2722/8174/8174 777/8175/8175
f 1889/8176/8176 2202/8177/8177 142/8178/8178
f 2310/8179/8179 2312/8180/8180 2044/8181/8181
f 2505/8182/8182 2838/8183/8183 717/8184/8184
f 1276/8185/8185 1280/8186/8186 947/8187/8187
f 2240/8188/8188 86/8189/8189 1795/8190/8190
f 1316/8191/8191 2582/8192/8192 1089/8193/8193
f 174/8194/8194 690/8195/8195 689/8196/8196
f 1868/8197/8197 943/8198/8198 2723/8199/8199
f 2439/8200/8200 2210/8201/8201 1778/8202/8202
f 2044/8203/8203 2312/8204/8204 911/8205/8205
f 228/8206/8206 2491/8207/8207 2831/8208/8208
f 1317/8209/8209 1314/8210/8210 707/8211/8211
f 894/8212/8212 2252/8213/8213 2369/8214/8214
f 65/8215/8215 646/8216/8216 64/8217/8217
f 1007/8218/8218 874/8219/8219 782/8220/8220
f 723/8221/8221 109/8222/8222 1112/8223/8223
f 2633/8224/8224 676/8225/8225 151/8226/8226
f 1322/8227/8227 552/8228/8228 718/8229/8229
f 1511/8230/8230 1657/8231/8231 1659/8232/8232
f 1475/8233/8233 1474/8234/8234 1624/8235/8235
f 769/8236/8236 308/8237/8237 639/8238/8238
f 247/8239/8239 248/8240/8240 255/8241/8241
f 265/8242/8242 1024/8243/8243 266/8244/8244
f 1115/8245/8245 1259/8246/8246 1258/8247/8247
f 70/8248/8248 520/8249/8249 1111/8250/8250
f 1245/8251/8251 2642/8252/8252 688/8253/8253
f 2148/8254/8254 1092/8255/8255 1286/8256/8256
f 177/8257/8257 713/8258/8258 2123/8259/8259
f 1533/8260/8260 1682/8261/8261 1683/8262/8262
f 735/8263/8263 1176/8264/8264 2760/8265/8265
f 1497/8266/8266 1496/8267/8267 1642/8268/8268
f 2619/8269/8269 992/8270/8270 135/8271/8271
f 1324/8272/8272 2556/8273/8273 2557/8274/8274
f 2431/8275/8275 2568/8276/8276 528/8277/8277
f 571/8278/8278 2601/8279/8279 2616/8280/8280
f 1308/8281/8281 1307/8282/8282 331/8283/8283
f 1645/8284/8284 1646/8285/8285 1500/8286/8286
f 1542/8287/8287 1543/8288/8288 1403/8289/8289
f 167/8290/8290 2452/8291/8291 2373/8292/8292
f 1612/8293/8293 1460/8294/8294 1459/8295/8295
f 1639/8296/8296 1640/8297/8297 1494/8298/8298
f 1314/8299/8299 1330/8300/8300 706/8301/8301
f 1499/8302/8302 1498/8303/8303 1644/8304/8304
f 2781/8305/8305 1277/8306/8306 1273/8307/8307
f 2347/8308/8308 1209/8309/8309 1207/8310/8310
f 623/8311/8311 132/8312/8312 919/8313/8313
f 1323/8314/8314 1089/8315/8315 2556/8316/8316
f 1313/8317/8317 1310/8318/8318 863/8319/8319
f 1228/8320/8320 1227/8321/8321 2809/8322/8322
f 674/8323/8323 2443/8324/8324 2480/8325/8325
f 1436/8326/8326 1584/8327/8327 1583/8328/8328
f 1319/8329/8329 2741/8330/8330 553/8331/8331
f 2344/8332/8332 1207/8333/8333 1223/8334/8334
f 2297/8335/8335 117/8336/8336 978/8337/8337
f 676/8338/8338 1011/8339/8339 945/8340/8340
f 1678/8341/8341 1680/8342/8342 1530/8343/8343
f 1648/8344/8344 1649/8345/8345 1503/8346/8346
f 923/8347/8347 60/8348/8348 925/8349/8349
f 1530/8350/8350 1680/8351/8351 1684/8352/8352
f 1425/8353/8353 1575/8354/8354 1574/8355/8355
f 999/8356/8356 865/8357/8357 139/8358/8358
f 1655/8359/8359 1508/8360/8360 1507/8361/8361
f 1234/8362/8362 466/8363/8363 1031/8364/8364
f 330/8365/8365 1301/8366/8366 1299/8367/8367
f 634/8368/8368 2619/8369/8369 2472/8370/8370
f 2208/8371/8371 69/8372/8372 2000/8373/8373
f 2724/8374/8374 675/8375/8375 2352/8376/8376
f 50/8377/8377 743/8378/8378 846/8379/8379
f 2263/8380/8380 894/8381/8381 2370/8382/8382
f 2410/8383/8383 2311/8384/8384 2310/8385/8385
f 1332/8386/8386 1326/8387/8387 2454/8388/8388
f 1560/8389/8389 1413/8390/8390 1414/8391/8391
f 1302/8392/8392 1303/8393/8393 335/8394/8394
f 1442/8395/8395 1590/8396/8396 1589/8397/8397
f 2361/8398/8398 1218/8399/8399 1225/8400/8400
f 1421/8401/8401 1571/8402/8402 1570/8403/8403
f 1392/8404/8404 1555/8405/8405 1538/8406/8406
f 1659/8407/8407 1661/8408/8408 1512/8409/8409
f 1435/8410/8410 1583/8411/8411 1582/8412/8412
f 1448/8413/8413 1596/8414/8414 1595/8415/8415
f 1669/8416/8416 1670/8417/8417 1522/8418/8418
f 1422/8419/8419 1572/8420/8420 1571/8421/8421
f 1384/8422/8422 1383/8423/8423 1534/8424/8424
f 1430/8425/8425 1434/8426/8426 1581/8427/8427
f 1575/8428/8428 1425/8429/8429 1426/8430/8430
f 1653/8431/8431 1507/8432/8432 1506/8433/8433
f 1449/8434/8434 1431/8435/8435 1598/8436/8436
f 1594/8437/8437 1446/8438/8438 1447/8439/8439
f 1474/8440/8440 1473/8441/8441 1623/8442/8442
f 1573/8443/8443 1423/8444/8444 1424/8445/8445
f 1561/8446/8446 1463/8447/8447 1412/8448/8448
f 1305/8449/8449 1304/8450/8450 333/8451/8451
f 1485/8452/8452 1481/8453/8453 1632/8454/8454
f 1529/8455/8455 1526/8456/8456 1679/8457/8457
f 2086/8458/8458 1986/8459/8459 829/8460/8460
f 1613/8461/8461 1618/8462/8462 1462/8463/8463
f 1523/8464/8464 1522/8465/8465 1670/8466/8466
f 1518/8467/8467 1516/8468/8468 1666/8469/8469
f 1405/8470/8470 1384/8471/8471 1545/8472/8472
f 1328/8473/8473 1317/8474/8474 551/8475/8475
f 1318/8476/8476 967/8477/8477 2741/8478/8478
f 992/8479/8479 134/8480/8480 762/8481/8481
f 1606/8482/8482 1605/8483/8483 1454/8484/8484
f 1241/8485/8485 464/8486/8486 694/8487/8487
f 1586/8488/8488 1438/8489/8489 1439/8490/8490
f 1617/8491/8491 1627/8492/8492 1468/8493/8493
f 1626/8494/8494 1467/8495/8495 1475/8496/8496
f 329/8497/8497 1298/8498/8498 1297/8499/8499
f 1537/8500/8500 1389/8501/8501 1388/8502/8502
f 1671/8503/8503 1521/8504/8504 1524/8505/8505
f 1549/8506/8506 1387/8507/8507 1408/8508/8508
f 1521/8509/8509 1671/8510/8510 1668/8511/8511
f 461/8512/8512 1077/8513/8513 1216/8514/8514
f 1444/8515/8515 1592/8516/8516 1591/8517/8517
f 1524/8518/8518 1525/8519/8519 1676/8520/8520
f 1721/8521/8521 2837/8522/8522 1160/8523/8523
f 1664/8524/8524 1515/8525/8525 1517/8526/8526
f 1480/8527/8527 1479/8528/8528 1629/8529/8529
f 1433/8530/8530 1599/8531/8531 1580/8532/8532
f 2343/8533/8533 1208/8534/8534 1217/8535/8535
f 1429/8536/8536 1579/8537/8537 1578/8538/8538
f 1667/8539/8539 1669/8540/8540 1519/8541/8541
f 1489/8542/8542 1487/8543/8543 1635/8544/8544
f 1608/8545/8545 1611/8546/8546 1458/8547/8547
f 1427/8548/8548 1577/8549/8549 1576/8550/8550
f 1243/8551/8551 688/8552/8552 887/8553/8553
f 1306/8554/8554 1308/8555/8555 332/8556/8556
f 1395/8557/8557 1553/8558/8558 1539/8559/8559
f 1543/8560/8560 1546/8561/8561 1406/8562/8562
f 1415/8563/8563 1400/8564/8564 1564/8565/8565
f 1440/8566/8566 1588/8567/8567 1587/8568/8568
f 1638/8569/8569 1639/8570/8570 1493/8571/8571
f 1660/8572/8572 1483/8573/8573 1514/8574/8574
f 642/8575/8575 1297/8576/8576 1296/8577/8577
f 1641/8578/8578 1642/8579/8579 1496/8580/8580
f 1304/8581/8581 1306/8582/8582 653/8583/8583
f 1630/8584/8584 1632/8585/8585 1481/8586/8586
f 2483/8587/8587 1211/8588/8588 1212/8589/8589
f 1478/8590/8590 1654/8591/8591 1628/8592/8592
f 1232/8593/8593 1231/8594/8594 2812/8595/8595
f 1557/8596/8596 1411/8597/8597 1413/8598/8598
f 1404/8599/8599 1405/8600/8600 1544/8601/8601
f 1601/8602/8602 1607/8603/8603 1456/8604/8604
f 463/8605/8605 1215/8606/8606 1218/8607/8607
f 1399/8608/8608 1565/8609/8609 1541/8610/8610
f 1419/8611/8611 1420/8612/8612 1570/8613/8613
f 1123/8614/8614 526/8615/8615 2394/8616/8616
