v -0.0137499999 -0.00182775815 0.167934835
v 0.00703358464 0.000764948432 0.167934835
v -0.0137499999 0.00182775815 0.167934835
v 0.00690964749 0.00152092869 0.167934835
v 0.0100430725 0.0022106478 0.169999987
v 0.00670470111 0.00225907704 0.167934835
v 0.0137499999 -0.00182775815 0.167934835
v 0.00974518619 0.0032835356 0.169999987
v 0.00642114971 0.00297073997 0.167934835
v 0.0137499999 0.00182775815 0.167934835
v 0.00933304802 0.00431792811 0.169999987
v 0.00606231531 0.00364757399 0.167934835
v 0.00881148782 0.00530169625 0.169999987
v 0.0056324047 0.00428164285 0.167934835
v 0.0081866188 0.00622330606 0.169999987
v 0.00513646053 0.00486551458 0.167934835
v 0.00746577187 0.00707195513 0.169999987
v 0.00458029611 0.00539234141 0.167934835
v 0.00665739411 0.00783769041 0.169999987
v 0.00397043116 0.00585594773 0.167934835
v 0.00577096455 0.00851153582 0.169999987
v 0.00331401732 0.00625089929 0.167934835
v 0.00481687626 0.00908559188 0.169999987
v 0.00261874939 0.00657256553 0.167934835
v 0.0038063142 0.00955312885 0.169999987
v 0.00189277867 0.00681717275 0.167934835
v 0.00275112642 0.00990866218 0.169999987
v 0.00114461733 0.00698185526 0.167934835
v 0.0016636845 0.0101480251 0.169999987
v 0.000383036007 0.00706468243 0.167934835
v 0.000556737301 0.0102684144 0.169999987
v -0.000383035949 0.00706468243 0.167934835
v -0.000556737185 0.0102684144 0.169999987
v -0.0011446171 0.00698185526 0.167934835
v -0.0016636845 0.0101480251 0.169999987
v -0.00189277867 0.00681717275 0.167934835
v -0.00275112642 0.00990866218 0.169999987
v -0.00261874939 0.00657256553 0.167934835
v -0.0038063142 0.00955312885 0.169999987
v -0.00331401732 0.00625089929 0.167934835
v -0.00481687626 0.00908559188 0.169999987
v -0.00397043116 0.00585594773 0.167934835
v -0.00577096455 0.00851153582 0.169999987
v -0.00458029611 0.00539234141 0.167934835
v -0.00665739411 0.00783769041 0.169999987
v -0.00513646053 0.00486551458 0.167934835
v -0.00746577187 0.00707195513 0.169999987
v -0.0056324047 0.00428164285 0.167934835
v -0.0081866188 0.00622330606 0.169999987
v -0.00606231531 0.00364757399 0.167934835
v -0.00881148782 0.00530169625 0.169999987
v -0.00642114971 0.00297073997 0.167934835
v -0.00933304802 0.00431792811 0.169999987
v -0.00670470111 0.00225907704 0.167934835
v -0.00974518619 0.0032835356 0.169999987
v -0.00690964749 0.00152092869 0.167934835
v -0.0100430725 0.0022106478 0.169999987
v -0.00703358464 0.000764948432 0.167934835
v -0.00707505876 2.74309429e-11 0.167934835
v -0.00703358464 -0.000764948316 0.167934835
v -0.00690964749 -0.00152092869 0.167934835
v -0.0100430725 -0.0022106478 0.169999987
v -0.00670470111 -0.00225907704 0.167934835
v -0.00974518619 -0.0032835356 0.169999987
v -0.00642114971 -0.00297073997 0.167934835
v -0.00933304802 -0.00431792811 0.169999987
v -0.00606231531 -0.00364757399 0.167934835
v -0.00881148782 -0.00530169625 0.169999987
v -0.0056324047 -0.00428164285 0.167934835
v -0.0081866188 -0.00622330606 0.169999987
v -0.00513646053 -0.00486551458 0.167934835
v -0.00746577187 -0.00707195513 0.169999987
v -0.00458029611 -0.00539234141 0.167934835
v -0.00665739411 -0.00783769041 0.169999987
v -0.00397043116 -0.00585594773 0.167934835
v -0.00577096455 -0.00851153582 0.169999987
v -0.00331401732 -0.00625089929 0.167934835
v -0.00481687626 -0.00908559188 0.169999987
v -0.00261874939 -0.00657256553 0.167934835
v -0.0038063142 -0.00955312885 0.169999987
v -0.00189277867 -0.00681717275 0.167934835
v -0.00275112642 -0.00990866218 0.169999987
v -0.0011446171 -0.00698185526 0.167934835
v -0.0016636845 -0.0101480251 0.169999987
v -0.000383035949 -0.00706468243 0.167934835
v -0.000556737185 -0.0102684144 0.169999987
v 0.000383036007 -0.00706468243 0.167934835
v 0.000556737301 -0.0102684144 0.169999987
v 0.00114461733 -0.00698185526 0.167934835
v 0.0016636845 -0.0101480251 0.169999987
v 0.00189277867 -0.00681717275 0.167934835
v 0.00275112642 -0.00990866218 0.169999987
v 0.00261874939 -0.00657256553 0.167934835
v 0.0038063142 -0.00955312885 0.169999987
v 0.00331401732 -0.00625089929 0.167934835
v 0.00481687626 -0.00908559188 0.169999987
v 0.00397043116 -0.00585594773 0.167934835
v 0.00577096455 -0.00851153582 0.169999987
v 0.00458029611 -0.00539234141 0.167934835
v 0.00665739411 -0.00783769041 0.169999987
v 0.00513646053 -0.00486551458 0.167934835
v 0.00746577187 -0.00707195513 0.169999987
v 0.0056324047 -0.00428164285 0.167934835
v 0.0081866188 -0.00622330606 0.169999987
v 0.00606231531 -0.00364757399 0.167934835
v 0.00881148782 -0.00530169625 0.169999987
v 0.00642114971 -0.00297073997 0.167934835
v 0.00933304802 -0.00431792811 0.169999987
v 0.00670470111 -0.00225907704 0.167934835
v 0.00974518619 -0.0032835356 0.169999987
v 0.00690964749 -0.00152092869 0.167934835
v 0.0100430725 -0.0022106478 0.169999987
v 0.00703358464 -0.000764948316 0.167934835
v 0.00707505876 2.74309429e-11 0.167934835
v 0.00703359023 0.000764948432 0.16176559
v -0.00861210562 0 0.136607081
v -0.00856162049 0.00093113241 0.147753969
v -0.00856162049 0.00093113241 0.136607081
v -0.00841075834 0.00185134797 0.147753969
v -0.00841075834 0.00185134797 0.136607081
v -0.00816128682 0.00274985842 0.147753969
v -0.00816128682 0.00274985842 0.136607081
v -0.00781613495 0.00361612928 0.147753969
v -0.00781613495 0.00361612928 0.136607081
v -0.00737934373 0.00444000401 0.147753969
v -0.00737934373 0.00444000401 0.136607081
v -0.00685603637 0.00521182409 0.147753969
v -0.00685603637 0.00521182409 0.136607081
v -0.00625234935 0.00592254009 0.147753969
v -0.00625234935 0.00592254009 0.136607081
v -0.00557535887 0.00656381994 0.147753969
v -0.00557535887 0.00656381994 0.136607081
v -0.00483300164 0.00712814415 0.147753969
v -0.00483300164 0.00712814415 0.136607081
v -0.00403398275 0.00760889845 0.147753969
v -0.00403398275 0.00760889845 0.136607081
v -0.00318766874 0.00800044555 0.147753969
v -0.00318766874 0.00800044555 0.136607081
v -0.00230398215 0.00829819404 0.147753969
v -0.00230398215 0.00829819404 0.136607081
v -0.0013932836 0.00849865377 0.147753969
v -0.0013932836 0.00849865377 0.136607081
v -0.00046625 0.00859947503 0.147753969
v -0.00046625 0.00859947503 0.136607081
v 0.00046625 0.00859947503 0.147753969
v 0.00046625 0.00859947503 0.136607081
v 0.0013932836 0.00849865377 0.147753969
v 0.0013932836 0.00849865377 0.136607081
v 0.00230398215 0.00829819404 0.147753969
v 0.00230398215 0.00829819404 0.136607081
v 0.00318766874 0.00800044555 0.147753969
v 0.00318766874 0.00800044555 0.136607081
v 0.00403398275 0.00760889845 0.147753969
v 0.00403398275 0.00760889845 0.136607081
v 0.00483300164 0.00712814415 0.147753969
v 0.00483300164 0.00712814415 0.136607081
v 0.00557535887 0.00656381994 0.147753969
v 0.00557535887 0.00656381994 0.136607081
v 0.00625234935 0.00592254009 0.147753969
v 0.00625234935 0.00592254009 0.136607081
v 0.00685603637 0.00521182409 0.147753969
v 0.00685603637 0.00521182409 0.136607081
v 0.00737934373 0.00444000401 0.147753969
v 0.00737934373 0.00444000401 0.136607081
v 0.00781613495 0.00361612928 0.147753969
v 0.00781613495 0.00361612928 0.136607081
v 0.00816128682 0.00274985842 0.147753969
v 0.00816128682 0.00274985842 0.136607081
v 0.00841075834 0.00185134797 0.147753969
v 0.00841075834 0.00185134797 0.136607081
v 0.00856162049 0.00093113241 0.147753969
v 0.00856162049 0.00093113241 0.136607081
v 0.00861210562 0 0.147753969
v 0.00861210562 1.05467875e-18 0.136607081
v 0.00856162049 -0.00093113241 0.147753969
v 0.00856162049 -0.00093113241 0.136607081
v 0.00841075834 -0.00185134797 0.147753969
v 0.00841075834 -0.00185134797 0.136607081
v 0.00816128682 -0.00274985842 0.147753969
v 0.00816128682 -0.00274985842 0.136607081
v 0.00781613495 -0.00361612928 0.147753969
v 0.00781613495 -0.00361612928 0.136607081
v 0.00737934373 -0.00444000401 0.147753969
v 0.00737934373 -0.00444000401 0.136607081
v 0.00685603637 -0.00521182409 0.147753969
v 0.00685603637 -0.00521182409 0.136607081
v 0.00625234935 -0.00592254009 0.147753969
v 0.00625234935 -0.00592254009 0.136607081
v 0.00557535887 -0.00656381994 0.147753969
v 0.00557535887 -0.00656381994 0.136607081
v 0.00483300164 -0.00712814415 0.147753969
v 0.00483300164 -0.00712814415 0.136607081
v 0.00403398275 -0.00760889845 0.147753969
v 0.00403398275 -0.00760889845 0.136607081
v 0.00318766874 -0.00800044555 0.147753969
v 0.00318766874 -0.00800044555 0.136607081
v 0.00230398215 -0.00829819404 0.147753969
v 0.00230398215 -0.00829819404 0.136607081
v 0.0013932836 -0.00849865377 0.147753969
v 0.0013932836 -0.00849865377 0.136607081
v 0.00046625 -0.00859947503 0.147753969
v 0.00046625 -0.00859947503 0.136607081
v -0.00046625 -0.00859947503 0.147753969
v -0.00046625 -0.00859947503 0.136607081
v -0.0013932836 -0.00849865377 0.147753969
v -0.0013932836 -0.00849865377 0.136607081
v -0.00230398215 -0.00829819404 0.147753969
v -0.00230398215 -0.00829819404 0.136607081
v -0.00318766874 -0.00800044555 0.147753969
v -0.00318766874 -0.00800044555 0.136607081
v -0.00403398275 -0.00760889845 0.147753969
v -0.00403398275 -0.00760889845 0.136607081
v -0.00483300164 -0.00712814415 0.147753969
v -0.00483300164 -0.00712814415 0.136607081
v -0.00557535887 -0.00656381994 0.147753969
v -0.00557535887 -0.00656381994 0.136607081
v -0.00625234935 -0.00592254009 0.147753969
v -0.00625234935 -0.00592254009 0.136607081
v -0.00685603637 -0.00521182409 0.147753969
v -0.00685603637 -0.00521182409 0.136607081
v -0.00737934373 -0.00444000401 0.147753969
v -0.00737934373 -0.00444000401 0.136607081
v -0.00781613495 -0.00361612928 0.147753969
v -0.00781613495 -0.00361612928 0.136607081
v -0.00816128682 -0.00274985842 0.147753969
v -0.00816128682 -0.00274985842 0.136607081
v -0.00841075834 -0.00185134797 0.147753969
v -0.00841075834 -0.00185134797 0.136607081
v -0.00856162049 -0.00093113241 0.147753969
v -0.00856162049 -0.00093113241 0.136607081
v -0.00861210562 3.16403636e-18 0.147753969
v 0.0118260207 1.92030055e-11 0.150930986
v 0.0117566949 0.00127861765 0.150930986
v 0.0115495333 0.00254224474 0.150930986
v 0.0112069668 0.00377606647 0.150930986
v 0.0107330037 0.00496561686 0.150930986
v 0.0101332115 0.0060969498 0.150930986
v 0.00941461325 0.00715680281 0.150930986
v 0.00858563744 0.00813274644 0.150930986
v 0.00765600288 0.00901334453 0.150930986
v 0.00663660979 0.00978826638 0.150930986
v 0.00553940795 0.0104484297 0.150930986
v 0.00437726174 0.0109860972 0.150930986
v 0.00316379545 0.0113949617 0.150930986
v 0.00191323704 0.01167023 0.150930986
v 0.000640247774 0.0118086757 0.150930986
v -0.000640247774 0.0118086757 0.150930986
v -0.00191323704 0.01167023 0.150930986
v -0.00316379545 0.0113949617 0.150930986
v -0.00437726174 0.0109860972 0.150930986
v -0.00553940795 0.0104484297 0.150930986
v -0.00663660979 0.00978826638 0.150930986
v -0.00765600288 0.00901334453 0.150930986
v -0.00858563744 0.00813274644 0.150930986
v -0.00941461325 0.00715680281 0.150930986
v -0.0101332115 0.0060969498 0.150930986
v -0.0107330037 0.00496561686 0.150930986
v -0.0112069668 0.00377606647 0.150930986
v -0.0115495333 0.00254224474 0.150930986
v -0.0117566949 0.00127861765 0.150930986
v -0.0118260207 1.92030055e-11 0.150930986
v -0.0117566949 -0.00127861765 0.150930986
v -0.0115495333 -0.00254224474 0.150930986
v -0.0112069668 -0.00377606647 0.150930986
v -0.0107330037 -0.00496561686 0.150930986
v -0.0101332115 -0.0060969498 0.150930986
v -0.00941461325 -0.00715680281 0.150930986
v -0.00858563744 -0.00813274644 0.150930986
v -0.00765600288 -0.00901334453 0.150930986
v -0.00663660979 -0.00978826638 0.150930986
v -0.00553940795 -0.0104484297 0.150930986
v -0.00437726174 -0.0109860972 0.150930986
v -0.00316379545 -0.0113949617 0.150930986
v -0.00191323704 -0.01167023 0.150930986
v -0.000640247774 -0.0118086757 0.150930986
v 0.000640247774 -0.0118086757 0.150930986
v 0.00191323704 -0.01167023 0.150930986
v 0.00316379545 -0.0113949617 0.150930986
v 0.00437726174 -0.0109860972 0.150930986
v 0.00553940795 -0.0104484297 0.150930986
v 0.00663660979 -0.00978826638 0.150930986
v 0.00765600288 -0.00901334453 0.150930986
v 0.00858563744 -0.00813274644 0.150930986
v 0.00941461325 -0.00715680281 0.150930986
v 0.0101332115 -0.0060969498 0.150930986
v 0.0107330037 -0.00496561686 0.150930986
v 0.0112069668 -0.00377606647 0.150930986
v 0.0115495333 -0.00254224474 0.150930986
v 0.0117566949 -0.00127861765 0.150930986
v -0.0117566949 0.00127861765 0.163849145
v -0.0115495333 0.00254224474 0.163849145
v -0.0112069668 0.00377606647 0.163849145
v -0.0107330037 0.00496561686 0.163849145
v -0.0101332115 0.0060969498 0.163849145
v -0.00941461325 0.00715680281 0.163849145
v -0.00858563744 0.00813274644 0.163849145
v -0.00765600288 0.00901334453 0.163849145
v -0.00663660979 0.00978826638 0.163849145
v -0.00553940795 0.0104484297 0.163849145
v -0.00437726174 0.0109860972 0.163849145
v -0.00316379545 0.0113949617 0.163849145
v -0.00191323704 0.01167023 0.163849145
v -0.000640247774 0.0118086757 0.163849145
v 0.000640247774 0.0118086757 0.163849145
v 0.00191323704 0.01167023 0.163849145
v 0.00316379545 0.0113949617 0.163849145
v 0.00437726174 0.0109860972 0.163849145
v 0.00553940795 0.0104484297 0.163849145
v 0.00663660979 0.00978826638 0.163849145
v 0.00765600288 0.00901334453 0.163849145
v 0.00858563744 0.00813274644 0.163849145
v 0.00941461325 0.00715680281 0.163849145
v 0.0101332115 0.0060969498 0.163849145
v 0.0107330037 0.00496561686 0.163849145
v 0.0112069668 0.00377606647 0.163849145
v 0.0115495333 0.00254224474 0.163849145
v 0.0117566949 0.00127861765 0.163849145
v 0.0118260207 1.92030055e-11 0.163849145
v 0.0117566949 -0.00127861765 0.163849145
v 0.0115495333 -0.00254224474 0.163849145
v 0.0112069668 -0.00377606647 0.163849145
v 0.0107330037 -0.00496561686 0.163849145
v 0.0101332115 -0.0060969498 0.163849145
v 0.00941461325 -0.00715680281 0.163849145
v 0.00858563744 -0.00813274644 0.163849145
v 0.00765600288 -0.00901334453 0.163849145
v 0.00663660979 -0.00978826638 0.163849145
v 0.00553940795 -0.0104484297 0.163849145
v 0.00437726174 -0.0109860972 0.163849145
v 0.00316379545 -0.0113949617 0.163849145
v 0.00191323704 -0.01167023 0.163849145
v 0.000640247774 -0.0118086757 0.163849145
v -0.000640247774 -0.0118086757 0.163849145
v -0.00191323704 -0.01167023 0.163849145
v -0.00316379545 -0.0113949617 0.163849145
v -0.00437726174 -0.0109860972 0.163849145
v -0.00553940795 -0.0104484297 0.163849145
v -0.00663660979 -0.00978826638 0.163849145
v -0.00765600288 -0.00901334453 0.163849145
v -0.00858563744 -0.00813274644 0.163849145
v -0.00941461325 -0.00715680281 0.163849145
v -0.0101332115 -0.0060969498 0.163849145
v -0.0107330037 -0.00496561686 0.163849145
v -0.0112069668 -0.00377606647 0.163849145
v -0.0115495333 -0.00254224474 0.163849145
v -0.0117566949 -0.00127861765 0.163849145
v -0.0118260207 1.92030055e-11 0.163849145
v -0.0163571425 0.00177894661 0.169999987
v -0.0164535921 1.92029795e-11 0.169999987
v -0.0163571425 -0.00177894637 0.169999987
v -0.0160689186 -0.00353703601 0.169999987
v -0.0155923013 -0.0052536577 0.169999987
v -0.0149328765 -0.00690868543 0.169999987
v -0.0140983798 -0.00848271418 0.169999987
v -0.0130985919 -0.00995729025 0.169999987
v -0.0119452346 -0.0113151278 0.169999987
v -0.0106518315 -0.012540305 0.169999987
v -0.00923354179 -0.0136184571 0.169999987
v -0.00770700118 -0.0145369461 0.169999987
v -0.00609010225 -0.0152850039 0.169999987
v -0.00440180255 -0.0158538595 0.169999987
v -0.00266189524 -0.0162368435 0.169999987
v -0.0008907796 -0.0164294615 0.169999987
v 0.000890779658 -0.0164294615 0.169999987
v 0.00266189524 -0.0162368435 0.169999987
v 0.00440180255 -0.0158538595 0.169999987
v 0.00609010225 -0.0152850039 0.169999987
v 0.00770700118 -0.0145369461 0.169999987
v 0.00923354179 -0.0136184571 0.169999987
v 0.0106518315 -0.012540305 0.169999987
v 0.0119452346 -0.0113151278 0.169999987
v 0.0130985919 -0.00995729025 0.169999987
v 0.0140983798 -0.00848271418 0.169999987
v 0.0149328765 -0.00690868543 0.169999987
v 0.0155923013 -0.0052536577 0.169999987
v 0.0160689186 -0.00353703601 0.169999987
v 0.0163571425 -0.00177894637 0.169999987
v 0.0164535921 1.92030055e-11 0.169999987
v 0.0163571425 0.00177894661 0.169999987
v 0.0160689186 0.00353703601 0.169999987
v 0.0155923013 0.0052536577 0.169999987
v 0.0149328765 0.00690868543 0.169999987
v 0.0140983798 0.00848271418 0.169999987
v 0.0130985919 0.00995729025 0.169999987
v 0.0119452346 0.0113151278 0.169999987
v 0.0106518315 0.012540305 0.169999987
v 0.00923354179 0.0136184571 0.169999987
v 0.00770700118 0.0145369461 0.169999987
v 0.00609010225 0.0152850039 0.169999987
v 0.00440180255 0.0158538595 0.169999987
v 0.00266189524 0.0162368435 0.169999987
v 0.000890779658 0.0164294615 0.169999987
v -0.0008907796 0.0164294615 0.169999987
v -0.00266189524 0.0162368435 0.169999987
v -0.00440180255 0.0158538595 0.169999987
v -0.00609010225 0.0152850039 0.169999987
v -0.00770700118 0.0145369461 0.169999987
v -0.00923354179 0.0136184571 0.169999987
v -0.0106518315 0.012540305 0.169999987
v -0.0119452346 0.0113151278 0.169999987
v -0.0130985919 0.00995729025 0.169999987
v -0.0140983798 0.00848271418 0.169999987
v -0.0149328765 0.00690868543 0.169999987
v -0.0155923013 0.0052536577 0.169999987
v -0.0160689186 0.00353703601 0.169999987
v -0.0164535921 1.92030055e-11 0.167428538
v -0.0163571425 0.00177894661 0.167428538
v -0.0160689186 0.00353703601 0.167428538
v -0.0155923013 0.0052536577 0.167428538
v -0.0149328765 0.00690868543 0.167428538
v -0.0140983798 0.00848271418 0.167428538
v -0.0130985919 0.00995729025 0.167428538
v -0.0119452346 0.0113151278 0.167428538
v -0.0106518315 0.012540305 0.167428538
v -0.00923354179 0.0136184571 0.167428538
v -0.00770700118 0.0145369461 0.167428538
v -0.00609010225 0.0152850039 0.167428538
v -0.00440180255 0.0158538595 0.167428538
v -0.00266189524 0.0162368435 0.167428538
v -0.0008907796 0.0164294615 0.167428538
v 0.000890779658 0.0164294615 0.167428538
v 0.00266189524 0.0162368435 0.167428538
v 0.00440180255 0.0158538595 0.167428538
v 0.00609010225 0.0152850039 0.167428538
v 0.00770700118 0.0145369461 0.167428538
v 0.00923354179 0.0136184571 0.167428538
v 0.0106518315 0.012540305 0.167428538
v 0.0119452346 0.0113151278 0.167428538
v 0.0130985919 0.00995729025 0.167428538
v 0.0140983798 0.00848271418 0.167428538
v 0.0149328765 0.00690868543 0.167428538
v 0.0155923013 0.0052536577 0.167428538
v 0.0160689186 0.00353703601 0.167428538
v 0.0163571425 0.00177894661 0.167428538
v 0.0164535921 1.92030055e-11 0.167428538
v 0.0163571425 -0.00177894637 0.167428538
v 0.0160689186 -0.00353703601 0.167428538
v 0.0155923013 -0.0052536577 0.167428538
v 0.0149328765 -0.00690868543 0.167428538
v 0.0140983798 -0.00848271418 0.167428538
v 0.0130985919 -0.00995729025 0.167428538
v 0.0119452346 -0.0113151278 0.167428538
v 0.0106518315 -0.012540305 0.167428538
v 0.00923354179 -0.0136184571 0.167428538
v 0.00770700118 -0.0145369461 0.167428538
v 0.00609010225 -0.0152850039 0.167428538
v 0.00440180255 -0.0158538595 0.167428538
v 0.00266189524 -0.0162368435 0.167428538
v 0.000890779658 -0.0164294615 0.167428538
v -0.0008907796 -0.0164294615 0.167428538
v -0.00266189524 -0.0162368435 0.167428538
v -0.00440180255 -0.0158538595 0.167428538
v -0.00609010225 -0.0152850039 0.167428538
v -0.00770700118 -0.0145369461 0.167428538
v -0.00923354179 -0.0136184571 0.167428538
v -0.0106518315 -0.012540305 0.167428538
v -0.0119452346 -0.0113151278 0.167428538
v -0.0130985919 -0.00995729025 0.167428538
v -0.0140983798 -0.00848271418 0.167428538
v -0.0149328765 -0.00690868543 0.167428538
v -0.0155923013 -0.0052536577 0.167428538
v -0.0160689186 -0.00353703601 0.167428538
v -0.0163571425 -0.00177894637 0.167428538
v -0.0102232145 0.00111184141 0.167428538
v -0.0100430725 0.0022106478 0.167428538
v -0.00974518619 0.0032835356 0.167428538
v -0.00933304802 0.00431792811 0.167428538
v -0.00881148782 0.00530169625 0.167428538
v -0.0081866188 0.00622330606 0.167428538
v -0.00746577187 0.00707195513 0.167428538
v -0.00665739411 0.00783769041 0.167428538
v -0.00577096455 0.00851153582 0.167428538
v -0.00481687626 0.00908559188 0.167428538
v -0.0038063142 0.00955312885 0.167428538
v -0.00275112642 0.00990866218 0.167428538
v -0.0016636845 0.0101480251 0.167428538
v -0.000556737185 0.0102684144 0.167428538
v 0.000556737301 0.0102684144 0.167428538
v 0.0016636845 0.0101480251 0.167428538
v 0.00275112642 0.00990866218 0.167428538
v 0.0038063142 0.00955312885 0.167428538
v 0.00481687626 0.00908559188 0.167428538
v 0.00577096455 0.00851153582 0.167428538
v 0.00665739411 0.00783769041 0.167428538
v 0.00746577187 0.00707195513 0.167428538
v 0.0081866188 0.00622330606 0.167428538
v 0.00881148782 0.00530169625 0.167428538
v 0.00933304802 0.00431792811 0.167428538
v 0.00974518619 0.0032835356 0.167428538
v 0.0100430725 0.0022106478 0.167428538
v 0.0102232145 0.00111184141 0.167428538
v 0.0102834962 1.92030055e-11 0.167428538
v 0.0102232145 -0.00111184141 0.167428538
v 0.0100430725 -0.0022106478 0.167428538
v 0.00974518619 -0.0032835356 0.167428538
v 0.00933304802 -0.00431792811 0.167428538
v 0.00881148782 -0.00530169625 0.167428538
v 0.0081866188 -0.00622330606 0.167428538
v 0.00746577187 -0.00707195513 0.167428538
v 0.00665739411 -0.00783769041 0.167428538
v 0.00577096455 -0.00851153582 0.167428538
v 0.00481687626 -0.00908559188 0.167428538
v 0.0038063142 -0.00955312885 0.167428538
v 0.00275112642 -0.00990866218 0.167428538
v 0.0016636845 -0.0101480251 0.167428538
v 0.000556737301 -0.0102684144 0.167428538
v -0.000556737185 -0.0102684144 0.167428538
v -0.0016636845 -0.0101480251 0.167428538
v -0.00275112642 -0.00990866218 0.167428538
v -0.0038063142 -0.00955312885 0.167428538
v -0.00481687626 -0.00908559188 0.167428538
v -0.00577096455 -0.00851153582 0.167428538
v -0.00665739411 -0.00783769041 0.167428538
v -0.00746577187 -0.00707195513 0.167428538
v -0.0081866188 -0.00622330606 0.167428538
v -0.00881148782 -0.00530169625 0.167428538
v -0.00933304802 -0.00431792811 0.167428538
v -0.00974518619 -0.0032835356 0.167428538
v -0.0100430725 -0.0022106478 0.167428538
v -0.0102232145 -0.00111184141 0.167428538
v -0.0102834962 1.92030055e-11 0.167428538
v -0.0102834962 1.92030055e-11 0.163849145
v -0.0102232145 0.00111184141 0.163849145
v -0.0100430725 0.0022106478 0.163849145
v -0.00974518619 0.0032835356 0.163849145
v -0.00933304802 0.00431792811 0.163849145
v -0.00881148782 0.00530169625 0.163849145
v -0.0081866188 0.00622330606 0.163849145
v -0.00746577187 0.00707195513 0.163849145
v -0.00665739411 0.00783769041 0.163849145
v -0.00577096455 0.00851153582 0.163849145
v -0.00481687626 0.00908559188 0.163849145
v -0.0038063142 0.00955312885 0.163849145
v -0.00275112642 0.00990866218 0.163849145
v -0.0016636845 0.0101480251 0.163849145
v -0.000556737185 0.0102684144 0.163849145
v 0.000556737301 0.0102684144 0.163849145
v 0.0016636845 0.0101480251 0.163849145
v 0.00275112642 0.00990866218 0.163849145
v 0.0038063142 0.00955312885 0.163849145
v 0.00481687626 0.00908559188 0.163849145
v 0.00577096455 0.00851153582 0.163849145
v 0.00665739411 0.00783769041 0.163849145
v 0.00746577187 0.00707195513 0.163849145
v 0.0081866188 0.00622330606 0.163849145
v 0.00881148782 0.00530169625 0.163849145
v 0.00933304802 0.00431792811 0.163849145
v 0.00974518619 0.0032835356 0.163849145
v 0.0100430725 0.0022106478 0.163849145
v 0.0102232145 0.00111184141 0.163849145
v 0.0102834962 1.92030055e-11 0.163849145
v 0.0102232145 -0.00111184141 0.163849145
v 0.0100430725 -0.0022106478 0.163849145
v 0.00974518619 -0.0032835356 0.163849145
v 0.00933304802 -0.00431792811 0.163849145
v 0.00881148782 -0.00530169625 0.163849145
v 0.0081866188 -0.00622330606 0.163849145
v 0.00746577187 -0.00707195513 0.163849145
v 0.00665739411 -0.00783769041 0.163849145
v 0.00577096455 -0.00851153582 0.163849145
v 0.00481687626 -0.00908559188 0.163849145
v 0.0038063142 -0.00955312885 0.163849145
v 0.00275112642 -0.00990866218 0.163849145
v 0.0016636845 -0.0101480251 0.163849145
v 0.000556737301 -0.0102684144 0.163849145
v -0.000556737185 -0.0102684144 0.163849145
v -0.0016636845 -0.0101480251 0.163849145
v -0.00275112642 -0.00990866218 0.163849145
v -0.0038063142 -0.00955312885 0.163849145
v -0.00481687626 -0.00908559188 0.163849145
v -0.00577096455 -0.00851153582 0.163849145
v -0.00665739411 -0.00783769041 0.163849145
v -0.00746577187 -0.00707195513 0.163849145
v -0.0081866188 -0.00622330606 0.163849145
v -0.00881148782 -0.00530169625 0.163849145
v -0.00933304802 -0.00431792811 0.163849145
v -0.00974518619 -0.0032835356 0.163849145
v -0.0100430725 -0.0022106478 0.163849145
v -0.0102232145 -0.00111184141 0.163849145
v 0.00690965308 0.00152092869 0.16176559
v 0.0060623209 0.00364757399 0.16176559
v 0.00563241029 0.00428164285 0.16176559
v 0.00397043675 0.00585594773 0.16176559
v 0.00331402244 0.00625089929 0.16176559
v 0.0011446228 0.00698185526 0.16176559
v 0.000383041479 0.00706468243 0.16176559
v -0.00189277309 0.00681717275 0.16176559
v -0.00261874404 0.00657256553 0.16176559
v -0.00458029052 0.00539234141 0.16176559
v -0.00513645494 0.00486551458 0.16176559
v -0.00642114412 0.00297073997 0.16176559
v -0.00670469552 0.00225907704 0.16176559
v -0.00707505317 2.74309429e-11 0.16176559
v -0.00703357905 -0.000764948316 0.16176559
v -0.00642114412 -0.00297073997 0.16176559
v -0.00606230972 -0.00364757399 0.16176559
v -0.00458029052 -0.00539234141 0.16176559
v -0.00397042558 -0.00585594773 0.16176559
v -0.00189277309 -0.00681717275 0.16176559
v -0.00114461163 -0.00698185526 0.16176559
v 0.0011446228 -0.00698185526 0.16176559
v 0.00189278403 -0.00681717275 0.16176559
v 0.00397043675 -0.00585594773 0.16176559
v 0.0045803017 -0.00539234141 0.16176559
v 0.0060623209 -0.00364757399 0.16176559
v 0.0064211553 -0.00297073997 0.16176559
v 0.00703359023 -0.000764948316 0.16176559
v 0.00707506435 2.74309429e-11 0.16176559
v 0.0067047067 0.00225907704 0.16176559
v 0.00513646612 0.00486551458 0.16176559
v 0.00261875475 0.00657256553 0.16176559
v -0.000383030507 0.00706468243 0.16176559
v -0.00331401196 0.00625089929 0.16176559
v -0.00563239912 0.00428164285 0.16176559
v -0.0069096419 0.00152092869 0.16176559
v -0.0069096419 -0.00152092869 0.16176559
v -0.00563239912 -0.00428164285 0.16176559
v -0.00331401196 -0.00625089929 0.16176559
v -0.000383030507 -0.00706468243 0.16176559
v 0.00261875475 -0.00657256553 0.16176559
v 0.00513646612 -0.00486551458 0.16176559
v 0.0067047067 -0.00225907704 0.16176559
v 0.0064211553 0.00297073997 0.16176559
v 0.0045803017 0.00539234141 0.16176559
v 0.00189278403 0.00681717275 0.16176559
v -0.00114461163 0.00698185526 0.16176559
v -0.00397042558 0.00585594773 0.16176559
v -0.00606230972 0.00364757399 0.16176559
v -0.00703357905 0.000764948432 0.16176559
v -0.00670469552 -0.00225907704 0.16176559
v -0.00513645494 -0.00486551458 0.16176559
v -0.00261874404 -0.00657256553 0.16176559
v 0.000383041479 -0.00706468243 0.16176559
v 0.00331402244 -0.00625089929 0.16176559
v 0.00563241029 -0.00428164285 0.16176559
v 0.00690965308 -0.00152092869 0.16176559
v 0.00442034984 -0.000972991518 0.161765575
v 0.00449963752 -0.000489364378 0.161765575
v 0.00360325235 -0.00273911748 0.161765575
v 0.00387828145 -0.0023334811 0.161765575
v 0.0021200988 -0.00399891986 0.161765575
v 0.00254002982 -0.00374625577 0.161765575
v 0.000245047064 -0.00451952592 0.161765575
v 0.00073225738 -0.00446653832 0.161765575
v -0.00167530065 -0.00420470117 0.161765575
v -0.00121087162 -0.00436118525 0.161765575
v -0.00328596914 -0.00311264046 0.161765575
v -0.00293017109 -0.00344967027 0.161765575
v -0.00428922754 -0.00144521089 0.161765575
v -0.00410782965 -0.00190048688 0.161765575
v -0.00449962635 0.000489364436 0.161765575
v -0.00452615879 1.12109419e-11 0.161765575
v -0.00387827097 0.0023334811 0.161765575
v -0.00410782965 0.00190048688 0.161765575
v -0.00254001911 0.00374625577 0.161765575
v -0.00293017109 0.00344967027 0.161765575
v -0.000732246321 0.00446653832 0.161765575
v -0.00121087162 0.00436118525 0.161765575
v 0.00121088256 0.00436118525 0.161765575
v 0.00073225738 0.00446653832 0.161765575
v 0.0029301818 0.00344967027 0.161765575
v 0.00254002982 0.00374625577 0.161765575
v 0.00410784082 0.00190048688 0.161765575
v 0.00387828145 0.0023334811 0.161765575
v 0.00428923871 -0.00144521089 0.161765575
v 0.00328598008 -0.00311264046 0.161765575
v 0.00167531159 -0.00420470117 0.161765575
v -0.000245036121 -0.00451952592 0.161765575
v -0.00212008809 -0.00399891986 0.161765575
v -0.00360324164 -0.00273911748 0.161765575
v -0.00442033866 -0.000972991518 0.161765575
v -0.00442033866 0.000972991518 0.161765575
v -0.00360324164 0.00273911748 0.161765575
v -0.00212008809 0.00399891986 0.161765575
v -0.000245036121 0.00451952592 0.161765575
v 0.00167531159 0.00420470117 0.161765575
v 0.00328598008 0.00311264046 0.161765575
v 0.00428923871 0.00144521089 0.161765575
v 0.00410784082 -0.00190048688 0.161765575
v 0.0029301818 -0.00344967027 0.161765575
v 0.00121088256 -0.00436118525 0.161765575
v -0.000732246321 -0.00446653832 0.161765575
v -0.00254001911 -0.00374625577 0.161765575
v -0.00387827097 -0.0023334811 0.161765575
v -0.00449962635 -0.000489364378 0.161765575
v -0.00428922754 0.00144521089 0.161765575
v -0.00328596914 0.00311264046 0.161765575
v -0.00167530065 0.00420470117 0.161765575
v 0.000245047064 0.00451952592 0.161765575
v 0.0021200988 0.00399891986 0.161765575
v 0.00360325235 0.00273911748 0.161765575
v 0.00442034984 0.000972991518 0.161765575
v 0.00449963752 0.000489364436 0.161765575
v 0.00452616997 1.12109419e-11 0.161765575
v 0.00442035543 -0.000972991518 0.152139366
v 0.00449964311 -0.000489364378 0.152139366
v 0.0036032584 -0.00273911748 0.152139366
v 0.00387828774 -0.0023334811 0.152139366
v 0.00212010485 -0.00399891986 0.152139366
v 0.00254003587 -0.00374625577 0.152139366
v 0.000245053117 -0.00451952592 0.152139366
v 0.000732263492 -0.00446653832 0.152139366
v -0.0016752946 -0.00420470117 0.152139366
v -0.00121086556 -0.00436118525 0.152139366
v -0.00328596332 -0.00311264046 0.152139366
v -0.0029301648 -0.00344967027 0.152139366
v -0.00428922148 -0.00144521089 0.152139366
v -0.0041078236 -0.00190048688 0.152139366
v -0.00449962029 0.000489364436 0.152139366
v -0.00452615274 1.12109419e-11 0.152139366
v -0.00387826469 0.0023334811 0.152139366
v -0.0041078236 0.00190048688 0.152139366
v -0.00254001305 0.00374625577 0.152139366
v -0.0029301648 0.00344967027 0.152139366
v -0.000732240267 0.00446653832 0.152139366
v -0.00121086556 0.00436118525 0.152139366
v 0.00121088861 0.00436118525 0.152139366
v 0.000732263492 0.00446653832 0.152139366
v 0.00293018785 0.00344967027 0.152139366
v 0.00254003587 0.00374625577 0.152139366
v 0.00410784688 0.00190048688 0.152139366
v 0.00387828774 0.0023334811 0.152139366
v 0.00428924477 -0.00144521089 0.152139366
v 0.00328598591 -0.00311264046 0.152139366
v 0.00167531753 -0.00420470117 0.152139366
v -0.000245030067 -0.00451952592 0.152139366
v -0.00212008203 -0.00399891986 0.152139366
v -0.00360323559 -0.00273911748 0.152139366
v -0.00442033261 -0.000972991518 0.152139366
v -0.00442033261 0.000972991518 0.152139366
v -0.00360323559 0.00273911748 0.152139366
v -0.00212008203 0.00399891986 0.152139366
v -0.000245030067 0.00451952592 0.152139366
v 0.00167531753 0.00420470117 0.152139366
v 0.00328598591 0.00311264046 0.152139366
v 0.00428924477 0.00144521089 0.152139366
v 0.00410784688 -0.00190048688 0.152139366
v 0.00293018785 -0.00344967027 0.152139366
v 0.00121088861 -0.00436118525 0.152139366
v -0.000732240267 -0.00446653832 0.152139366
v -0.00254001305 -0.00374625577 0.152139366
v -0.00387826469 -0.0023334811 0.152139366
v -0.00449962029 -0.000489364378 0.152139366
v -0.00428922148 0.00144521089 0.152139366
v -0.00328596332 0.00311264046 0.152139366
v -0.0016752946 0.00420470117 0.152139366
v 0.000245053117 0.00451952592 0.152139366
v 0.00212010485 0.00399891986 0.152139366
v 0.0036032584 0.00273911748 0.152139366
v 0.00442035543 0.000972991518 0.152139366
v 0.00449964311 0.000489364436 0.152139366
v 0.00452617602 1.12109419e-11 0.152139366
v 0.00830358826 0.00182775815 0.168853536
v 0.0101058446 0.00182775815 0.169999987
v 0.00682445662 0.00182775815 0.167934835
v -0.00682445662 0.00182775815 0.167934835
v -0.00740324939 0.00182775815 0.168294311
v -0.00830358826 0.00182775815 0.168853536
v -0.00924601778 0.00182775815 0.16945304
v -0.0101058446 0.00182775815 0.169999987
v -0.00830358826 -0.00182775815 0.168853536
v -0.0101058446 -0.00182775815 0.169999987
v -0.00682445662 -0.00182775815 0.167934835
v 0.00740324939 -0.00182775815 0.168294311
v 0.00682445662 -0.00182775815 0.167934835
v 0.00830358826 -0.00182775815 0.168853536
v 0.00924601778 -0.00182775815 0.16945304
v 0.0101058446 -0.00182775815 0.169999987
v -0.0137499999 0.00101532508 0.169999987
v -0.0137499999 0.00149540266 0.169999987
v -0.0137499999 1.92029899e-11 0.169999987
v -0.0137499999 -0.000482469448 0.169999987
v -0.0137499999 -0.00149540242 0.169999987
v -0.0137499999 -0.00182775815 0.169999987
v 0.0119488649 -0.00182775815 0.169999987
v 0.0137499999 -0.00182775815 0.169999987
v 0.0137499999 -0.00149540242 0.169999987
v 0.0137499999 -0.00101532473 0.169999987
v 0.0137499999 1.92030055e-11 0.169999987
v 0.0137499999 0.000482469448 0.169999987
v 0.0137499999 0.00149540266 0.169999987
v 0.0137499999 0.00182775815 0.169999987
v -0.0119488649 0.00182775815 0.169999987
v -0.0137499999 0.00182775815 0.169999987
v -0.0137499999 -0.00182775815 0.167934835
v -0.0137499999 -0.00182775815 0.167934835
v -0.0137499999 0.00182775815 0.167934835
v -0.0137499999 0.00182775815 0.167934835
v 0.00642114971 0.00297073997 0.167934835
v 0.00606231531 0.00364757399 0.167934835
v 0.00746577187 0.00707195513 0.169999987
v 0.00665739411 0.00783769041 0.169999987
v 0.0038063142 0.00955312885 0.169999987
v 0.00275112642 0.00990866218 0.169999987
v -0.000556737185 0.0102684144 0.169999987
v -0.0016636845 0.0101480251 0.169999987
v -0.00481687626 0.00908559188 0.169999987
v -0.00577096455 0.00851153582 0.169999987
v -0.0081866188 0.00622330606 0.169999987
v -0.00881148782 0.00530169625 0.169999987
v -0.00642114971 -0.00297073997 0.167934835
v -0.00606231531 -0.00364757399 0.167934835
v -0.00458029611 -0.00539234141 0.167934835
v -0.00397043116 -0.00585594773 0.167934835
v -0.00189277867 -0.00681717275 0.167934835
v -0.0011446171 -0.00698185526 0.167934835
v 0.00114461733 -0.00698185526 0.167934835
v 0.00189277867 -0.00681717275 0.167934835
v 0.00397043116 -0.00585594773 0.167934835
v 0.00458029611 -0.00539234141 0.167934835
v 0.00606231531 -0.00364757399 0.167934835
v 0.00642114971 -0.00297073997 0.167934835
v 0.00703358464 -0.000764948316 0.167934835
v 0.00707505876 2.74309429e-11 0.167934835
v -0.00816128682 0.00274985842 0.147753969
v -0.00781613495 0.00361612928 0.147753969
v -0.00625234935 0.00592254009 0.147753969
v -0.00557535887 0.00656381994 0.147753969
v -0.00318766874 0.00800044555 0.147753969
v -0.00230398215 0.00829819404 0.147753969
v 0.00046625 0.00859947503 0.147753969
v 0.0013932836 0.00849865377 0.147753969
v 0.00403398275 0.00760889845 0.147753969
v 0.00483300164 0.00712814415 0.147753969
v 0.00685603637 0.00521182409 0.147753969
v 0.00737934373 0.00444000401 0.147753969
v 0.00841075834 0.00185134797 0.147753969
v 0.00856162049 0.00093113241 0.147753969
v 0.00841075834 -0.00185134797 0.147753969
v 0.00816128682 -0.00274985842 0.147753969
v 0.00685603637 -0.00521182409 0.147753969
v 0.00625234935 -0.00592254009 0.147753969
v 0.00403398275 -0.00760889845 0.147753969
v 0.00318766874 -0.00800044555 0.147753969
v 0.00046625 -0.00859947503 0.147753969
v -0.00046625 -0.00859947503 0.147753969
v -0.00318766874 -0.00800044555 0.147753969
v -0.00403398275 -0.00760889845 0.147753969
v -0.00625234935 -0.00592254009 0.147753969
v -0.00685603637 -0.00521182409 0.147753969
v -0.00816128682 -0.00274985842 0.147753969
v -0.00841075834 -0.00185134797 0.147753969
v 0.0117566949 0.00127861765 0.150930986
v 0.0115495333 0.00254224474 0.150930986
v 0.00663660979 0.00978826638 0.150930986
v 0.00553940795 0.0104484297 0.150930986
v -0.00316379545 0.0113949617 0.150930986
v -0.00437726174 0.0109860972 0.150930986
v -0.0107330037 0.00496561686 0.150930986
v -0.0112069668 0.00377606647 0.150930986
v -0.0107330037 -0.00496561686 0.150930986
v -0.0101332115 -0.0060969498 0.150930986
v -0.00316379545 -0.0113949617 0.150930986
v -0.00191323704 -0.01167023 0.150930986
v 0.00663660979 -0.00978826638 0.150930986
v 0.00765600288 -0.00901334453 0.150930986
v -0.00765600288 0.00901334453 0.163849145
v -0.00663660979 0.00978826638 0.163849145
v 0.00191323704 0.01167023 0.163849145
v 0.00316379545 0.0113949617 0.163849145
v 0.0101332115 0.0060969498 0.163849145
v 0.0107330037 0.00496561686 0.163849145
v 0.0112069668 -0.00377606647 0.163849145
v 0.0107330037 -0.00496561686 0.163849145
v 0.00437726174 -0.0109860972 0.163849145
v 0.00316379545 -0.0113949617 0.163849145
v -0.00553940795 -0.0104484297 0.163849145
v -0.00663660979 -0.00978826638 0.163849145
v -0.0115495333 -0.00254224474 0.163849145
v -0.0117566949 -0.00127861765 0.163849145
v -0.0149328765 -0.00690868543 0.169999987
v -0.0140983798 -0.00848271418 0.169999987
v -0.00440180255 -0.0158538595 0.169999987
v -0.00266189524 -0.0162368435 0.169999987
v 0.00923354179 -0.0136184571 0.169999987
v 0.0106518315 -0.012540305 0.169999987
v 0.0163571425 -0.00177894637 0.169999987
v 0.0164535921 1.92030055e-11 0.169999987
v 0.0119452346 0.0113151278 0.169999987
v 0.0106518315 0.012540305 0.169999987
v -0.0008907796 0.0164294615 0.169999987
v -0.00266189524 0.0162368435 0.169999987
v -0.0130985919 0.00995729025 0.169999987
v -0.0140983798 0.00848271418 0.169999987
v -0.0155923013 0.0052536577 0.167428538
v -0.0149328765 0.00690868543 0.167428538
v -0.00609010225 0.0152850039 0.167428538
v -0.00440180255 0.0158538595 0.167428538
v 0.00770700118 0.0145369461 0.167428538
v 0.00923354179 0.0136184571 0.167428538
v 0.0160689186 0.00353703601 0.167428538
v 0.0163571425 0.00177894661 0.167428538
v 0.0130985919 -0.00995729025 0.167428538
v 0.0119452346 -0.0113151278 0.167428538
v 0.000890779658 -0.0164294615 0.167428538
v -0.0008907796 -0.0164294615 0.167428538
v -0.0119452346 -0.0113151278 0.167428538
v -0.0130985919 -0.00995729025 0.167428538
v -0.0100430725 0.0022106478 0.167428538
v -0.00974518619 0.0032835356 0.167428538
v -0.00481687626 0.00908559188 0.167428538
v -0.0038063142 0.00955312885 0.167428538
v 0.0038063142 0.00955312885 0.167428538
v 0.00481687626 0.00908559188 0.167428538
v 0.00974518619 0.0032835356 0.167428538
v 0.0100430725 0.0022106478 0.167428538
v 0.00881148782 -0.00530169625 0.167428538
v 0.0081866188 -0.00622330606 0.167428538
v 0.0016636845 -0.0101480251 0.167428538
v 0.000556737301 -0.0102684144 0.167428538
v -0.00665739411 -0.00783769041 0.167428538
v -0.00746577187 -0.00707195513 0.167428538
v -0.00746577187 0.00707195513 0.163849145
v -0.00665739411 0.00783769041 0.163849145
v 0.000556737301 0.0102684144 0.163849145
v 0.0016636845 0.0101480251 0.163849145
v 0.0081866188 0.00622330606 0.163849145
v 0.00881148782 0.00530169625 0.163849145
v 0.0100430725 -0.0022106478 0.163849145
v 0.00974518619 -0.0032835356 0.163849145
v 0.00481687626 -0.00908559188 0.163849145
v 0.0038063142 -0.00955312885 0.163849145
v -0.0038063142 -0.00955312885 0.163849145
v -0.00481687626 -0.00908559188 0.163849145
v -0.00974518619 -0.0032835356 0.163849145
v -0.0100430725 -0.0022106478 0.163849145
v 0.0011446228 0.00698185526 0.16176559
v 0.000383041479 0.00706468243 0.16176559
v -0.00707505317 2.74309429e-11 0.16176559
v -0.00703357905 -0.000764948316 0.16176559
v 0.0011446228 -0.00698185526 0.16176559
v 0.00189278403 -0.00681717275 0.16176559
v 0.00189278403 0.00681717275 0.16176559
v -0.00703357905 0.000764948432 0.16176559
v -0.00563239912 -0.00428164285 0.16176559
v -0.00513645494 -0.00486551458 0.16176559
v 0.000383041479 -0.00706468243 0.16176559
v 0.0021200988 -0.00399891986 0.161765575
v 0.00254002982 -0.00374625577 0.161765575
v -0.00428922754 -0.00144521089 0.161765575
v -0.00410782965 -0.00190048688 0.161765575
v -0.000732246321 0.00446653832 0.161765575
v -0.00121087162 0.00436118525 0.161765575
v 0.00167531159 -0.00420470117 0.161765575
v -0.00442033866 -0.000972991518 0.161765575
v -0.000245036121 0.00451952592 0.161765575
v 0.00428923871 -0.00144521089 0.161765575
v 0.00410784082 -0.00190048688 0.161765575
v -0.00360324164 0.00273911748 0.161765575
v -0.00328596914 0.00311264046 0.161765575
v 0.0036032584 -0.00273911748 0.152139366
v 0.00387828774 -0.0023334811 0.152139366
v -0.00328596332 -0.00311264046 0.152139366
v -0.0029301648 -0.00344967027 0.152139366
v -0.00254001305 0.00374625577 0.152139366
v -0.0029301648 0.00344967027 0.152139366
v 0.00410784688 0.00190048688 0.152139366
v 0.00387828774 0.0023334811 0.152139366
v 0.00328598591 -0.00311264046 0.152139366
v -0.00360323559 -0.00273911748 0.152139366
v -0.00212008203 0.00399891986 0.152139366
v 0.00428924477 0.00144521089 0.152139366
v -0.00682445662 -0.00182775815 0.167934835
v -0.00682445662 -0.00182775815 0.167934835
v -0.00682445662 -0.00182775815 0.167934835
v -0.00442033261 -0.000972991518 0.152139366
v -0.00449962029 -0.000489364378 0.152139366
v 0.00830358826 0.00182775815 0.168853536
v 0.0101058446 0.00182775815 0.169999987
v 0.0101058446 0.00182775815 0.169999987
v 0.00682445662 0.00182775815 0.167934835
v 0.00682445662 0.00182775815 0.167934835
v 0.00682445662 0.00182775815 0.167934835
v -0.0100430725 0.0022106478 0.169999987
v -0.0101058446 0.00182775815 0.169999987
v -0.0101058446 0.00182775815 0.169999987
v -0.00830358826 -0.00182775815 0.168853536
v -0.0101058446 -0.00182775815 0.169999987
v -0.0101058446 -0.00182775815 0.169999987
v -0.0137499999 0.00101532508 0.169999987
v -0.0137499999 0.00149540266 0.169999987
v -0.0137499999 1.92029899e-11 0.169999987
v -0.0137499999 -0.00182775815 0.169999987
v -0.0137499999 -0.00182775815 0.169999987
v 0.0067047067 0.00225907704 0.16176559
v 0.0064211553 0.00297073997 0.16176559
v 0.0137499999 -0.00149540242 0.169999987
v 0.0137499999 -0.00101532473 0.169999987
v -0.0115495333 0.00254224474 0.150930986
v -0.00941461325 -0.00715680281 0.150930986
v -0.000640247774 -0.0118086757 0.150930986
v 0.00858563744 -0.00813274644 0.150930986
v -0.0117566949 0.00127861765 0.163849145
v -0.0115495333 0.00254224474 0.163849145
v -0.00553940795 0.0104484297 0.163849145
v 0.00437726174 0.0109860972 0.163849145
v 0.0112069668 0.00377606647 0.163849145
v 0.0101332115 -0.0060969498 0.163849145
v 0.00513646612 0.00486551458 0.16176559
v 0.0045803017 0.00539234141 0.16176559
v 0.00191323704 -0.01167023 0.163849145
v 0.00328598008 -0.00311264046 0.161765575
v 0.0029301818 -0.00344967027 0.161765575
v -0.00765600288 -0.00901334453 0.163849145
v -0.0118260207 1.92030055e-11 0.163849145
v -0.0130985919 -0.00995729025 0.169999987
v -0.0008907796 -0.0164294615 0.169999987
v 0.0119452346 -0.0113151278 0.169999987
v 0.0163571425 0.00177894661 0.169999987
v 0.00923354179 0.0136184571 0.169999987
v -0.00440180255 0.0158538595 0.169999987
v -0.0149328765 0.00690868543 0.169999987
v -0.0140983798 0.00848271418 0.167428538
v -0.00266189524 0.0162368435 0.167428538
v -0.0102834962 1.92030055e-11 0.163849145
v -0.0102232145 -0.00111184141 0.163849145
v 0.0106518315 0.012540305 0.167428538
v 0.0164535921 1.92030055e-11 0.167428538
v 0.0106518315 -0.012540305 0.167428538
v -0.00266189524 -0.0162368435 0.167428538
v -0.0140983798 -0.00848271418 0.167428538
v -0.00933304802 0.00431792811 0.167428538
v -0.00275112642 0.00990866218 0.167428538
v 0.00577096455 0.00851153582 0.167428538
v 0.0102232145 0.00111184141 0.167428538
v 0.00746577187 -0.00707195513 0.167428538
v -0.000556737185 -0.0102684144 0.167428538
v 0.00703358464 0.000764948432 0.167934835
v 0.00690964749 0.00152092869 0.167934835
v 0.00458029611 0.00539234141 0.167934835
v 0.00397043116 0.00585594773 0.167934835
v 0.00189277867 0.00681717275 0.167934835
v 0.00114461733 0.00698185526 0.167934835
v -0.0011446171 0.00698185526 0.167934835
v -0.00189277867 0.00681717275 0.167934835
v -0.00397043116 0.00585594773 0.167934835
v -0.00458029611 0.00539234141 0.167934835
v -0.00606231531 0.00364757399 0.167934835
v -0.00642114971 0.00297073997 0.167934835
v -0.00703358464 0.000764948432 0.167934835
v -0.00707505876 2.74309429e-11 0.167934835
v -0.00933304802 -0.00431792811 0.169999987
v -0.00881148782 -0.00530169625 0.169999987
v -0.00665739411 -0.00783769041 0.169999987
v -0.00577096455 -0.00851153582 0.169999987
v -0.00275112642 -0.00990866218 0.169999987
v -0.0016636845 -0.0101480251 0.169999987
v 0.0016636845 -0.0101480251 0.169999987
v 0.00275112642 -0.00990866218 0.169999987
v 0.00577096455 -0.00851153582 0.169999987
v 0.00665739411 -0.00783769041 0.169999987
v 0.00881148782 -0.00530169625 0.169999987
v 0.00933304802 -0.00431792811 0.169999987
v -0.00816128682 0.00274985842 0.136607081
v -0.00781613495 0.00361612928 0.136607081
v -0.00625234935 0.00592254009 0.136607081
v -0.00557535887 0.00656381994 0.136607081
v -0.00318766874 0.00800044555 0.136607081
v -0.00230398215 0.00829819404 0.136607081
v 0.00046625 0.00859947503 0.136607081
v 0.0013932836 0.00849865377 0.136607081
v 0.00403398275 0.00760889845 0.136607081
v 0.00483300164 0.00712814415 0.136607081
v 0.00685603637 0.00521182409 0.136607081
v 0.00737934373 0.00444000401 0.136607081
v 0.00841075834 0.00185134797 0.136607081
v 0.00856162049 0.00093113241 0.136607081
v 0.00841075834 -0.00185134797 0.136607081
v 0.00816128682 -0.00274985842 0.136607081
v 0.00685603637 -0.00521182409 0.136607081
v 0.00625234935 -0.00592254009 0.136607081
v 0.00403398275 -0.00760889845 0.136607081
v 0.00318766874 -0.00800044555 0.136607081
v 0.00046625 -0.00859947503 0.136607081
v -0.00046625 -0.00859947503 0.136607081
v -0.00318766874 -0.00800044555 0.136607081
v -0.00403398275 -0.00760889845 0.136607081
v -0.00625234935 -0.00592254009 0.136607081
v -0.00685603637 -0.00521182409 0.136607081
v -0.00816128682 -0.00274985842 0.136607081
v -0.00841075834 -0.00185134797 0.136607081
v 0.0112069668 0.00377606647 0.150930986
v 0.00437726174 0.0109860972 0.150930986
v -0.00553940795 0.0104484297 0.150930986
v 0.0137499999 0.00182775815 0.169999987
v 0.0137499999 0.00182775815 0.169999987
v -0.0137499999 0.00182775815 0.169999987
v -0.0137499999 0.00182775815 0.169999987
v 0.0137499999 1.92030055e-11 0.169999987
v 0.0137499999 0.00182775815 0.167934835
v 0.0137499999 0.00182775815 0.167934835
v -0.0081866188 -0.00622330606 0.167428538
v -0.0102232145 0.00111184141 0.163849145
v -0.00577096455 0.00851153582 0.163849145
v 0.00275112642 0.00990866218 0.163849145
v 0.00933304802 0.00431792811 0.163849145
v 0.00933304802 -0.00431792811 0.163849145
v 0.00275112642 -0.00990866218 0.163849145
v -0.00577096455 -0.00851153582 0.163849145
v -0.000383030507 0.00706468243 0.16176559
v -0.0069096419 -0.00152092869 0.16176559
v 0.00261875475 -0.00657256553 0.16176559
v -0.00331401196 -0.00625089929 0.16176559
v -0.00261874404 -0.00657256553 0.16176559
v -0.00387827097 -0.0023334811 0.161765575
v -0.00212008809 0.00399891986 0.161765575
v -0.00167530065 0.00420470117 0.161765575
v 0.00410784688 -0.00190048688 0.152139366
v -0.00254001305 -0.00374625577 0.152139366
v -0.00442033261 0.000972991518 0.152139366
v -0.00428922148 0.00144521089 0.152139366
v -0.00328596332 0.00311264046 0.152139366
v 0.0036032584 0.00273911748 0.152139366
v -0.00881148782 -0.00530169625 0.167428538
v -0.0100430725 0.0022106478 0.163849145
v -0.00481687626 0.00908559188 0.163849145
v 0.0038063142 0.00955312885 0.163849145
v -0.00642114412 -0.00297073997 0.16176559
v -0.00606230972 -0.00364757399 0.16176559
v 0.00974518619 0.0032835356 0.163849145
v 0.00881148782 -0.00530169625 0.163849145
v 0.0016636845 -0.0101480251 0.163849145
v -0.00665739411 -0.00783769041 0.163849145
v 0.00703359023 0.000764948432 0.16176559
v 0.00690965308 0.00152092869 0.16176559
v -0.00189277309 0.00681717275 0.16176559
v -0.00261874404 0.00657256553 0.16176559
v 0.00707506435 2.74309429e-11 0.16176559
v 0.00261875475 0.00657256553 0.16176559
v -0.00114461163 0.00698185526 0.16176559
v -0.00670469552 -0.00225907704 0.16176559
v -0.000383030507 -0.00706468243 0.16176559
v 0.00397043675 -0.00585594773 0.16176559
v 0.00331402244 -0.00625089929 0.16176559
v 0.000245047064 -0.00451952592 0.161765575
v 0.00073225738 -0.00446653832 0.161765575
v 0.0045803017 -0.00539234141 0.16176559
v -0.00449962635 0.000489364436 0.161765575
v -0.00452615879 1.12109419e-11 0.161765575
v 0.00121088256 0.00436118525 0.161765575
v 0.00073225738 0.00446653832 0.161765575
v -0.00442033866 0.000972991518 0.161765575
v 0.00121088256 -0.00436118525 0.161765575
v 0.000245047064 0.00451952592 0.161765575
v 0.00212010485 -0.00399891986 0.152139366
v 0.00254003587 -0.00374625577 0.152139366
v -0.00428922148 -0.00144521089 0.152139366
v -0.0041078236 -0.00190048688 0.152139366
v -0.000732240267 0.00446653832 0.152139366
v -0.00121086556 0.00436118525 0.152139366
v 0.00167531753 -0.00420470117 0.152139366
v -0.000245030067 0.00451952592 0.152139366
v 0.00428924477 -0.00144521089 0.152139366
v -0.00360323559 0.00273911748 0.152139366
v -0.00682445662 0.00182775815 0.167934835
v -0.00682445662 0.00182775815 0.167934835
v -0.00682445662 0.00182775815 0.167934835
v -0.0137499999 -0.000482469448 0.169999987
v 0.0137499999 0.000482469448 0.169999987
v 0.00933304802 0.00431792811 0.169999987
v 0.00881148782 0.00530169625 0.169999987
v 0.00577096455 0.00851153582 0.169999987
v 0.0016636845 0.0101480251 0.169999987
v -0.00275112642 0.00990866218 0.169999987
v -0.00665739411 0.00783769041 0.169999987
v -0.00933304802 0.00431792811 0.169999987
v -0.00703358464 -0.000764948316 0.167934835
v -0.0056324047 -0.00428164285 0.167934835
v -0.00331401732 -0.00625089929 0.167934835
v -0.000383035949 -0.00706468243 0.167934835
v 0.00261874939 -0.00657256553 0.167934835
v 0.00513646053 -0.00486551458 0.167934835
v 0.00670470111 -0.00225907704 0.167934835
v -0.00737934373 0.00444000401 0.147753969
v -0.00483300164 0.00712814415 0.147753969
v -0.0013932836 0.00849865377 0.147753969
v 0.00230398215 0.00829819404 0.147753969
v 0.00557535887 0.00656381994 0.147753969
v 0.00781613495 0.00361612928 0.147753969
v 0.00861210562 0 0.147753969
v 0.00781613495 -0.00361612928 0.147753969
v 0.00557535887 -0.00656381994 0.147753969
v 0.00230398215 -0.00829819404 0.147753969
v -0.0013932836 -0.00849865377 0.147753969
v -0.00483300164 -0.00712814415 0.147753969
v -0.00737934373 -0.00444000401 0.147753969
v -0.00856162049 -0.00093113241 0.147753969
v 0.0107330037 0.00496561686 0.150930986
v 0.00316379545 0.0113949617 0.150930986
v -0.00663660979 0.00978826638 0.150930986
v -0.0117566949 0.00127861765 0.150930986
v -0.00858563744 -0.00813274644 0.150930986
v -0.000245036121 -0.00451952592 0.161765575
v 0.000640247774 -0.0118086757 0.150930986
v 0.00941461325 -0.00715680281 0.150930986
v -0.0112069668 0.00377606647 0.163849145
v -0.00437726174 0.0109860972 0.163849145
v 0.00553940795 0.0104484297 0.163849145
v 0.0115495333 0.00254224474 0.163849145
v 0.00941461325 -0.00715680281 0.163849145
v 0.000640247774 -0.0118086757 0.163849145
v -0.00858563744 -0.00813274644 0.163849145
v -0.0119452346 -0.0113151278 0.169999987
v 0.000890779658 -0.0164294615 0.169999987
v 0.0130985919 -0.00995729025 0.169999987
v 0.0160689186 0.00353703601 0.169999987
v 0.00770700118 0.0145369461 0.169999987
v -0.00609010225 0.0152850039 0.169999987
v -0.0155923013 0.0052536577 0.169999987
v -0.0130985919 0.00995729025 0.167428538
v -0.0008907796 0.0164294615 0.167428538
v 0.0119452346 0.0113151278 0.167428538
v 0.0163571425 -0.00177894637 0.167428538
v 0.00167531159 0.00420470117 0.161765575
v 0.00923354179 -0.0136184571 0.167428538
v -0.00440180255 -0.0158538595 0.167428538
v -0.0149328765 -0.00690868543 0.167428538
v -0.00881148782 0.00530169625 0.167428538
v -0.0016636845 0.0101480251 0.167428538
v 0.00665739411 0.00783769041 0.167428538
v 0.0102834962 1.92030055e-11 0.167428538
v 0.00665739411 -0.00783769041 0.167428538
v -0.0016636845 -0.0101480251 0.167428538
v -0.0137499999 -0.00149540242 0.169999987
v 0.0137499999 0.00149540266 0.169999987
v -0.0016752946 0.00420470117 0.152139366
v -0.00974518619 0.0032835356 0.163849145
v -0.0038063142 0.00955312885 0.163849145
v 0.00481687626 0.00908559188 0.163849145
v -0.00933304802 -0.00431792811 0.167428538
v 0.0100430725 0.0022106478 0.163849145
v 0.0081866188 -0.00622330606 0.163849145
v 0.000556737301 -0.0102684144 0.163849145
v -0.00746577187 -0.00707195513 0.163849145
v -0.00331401196 0.00625089929 0.16176559
v 0.00513646612 -0.00486551458 0.16176559
v -0.000732246321 -0.00446653832 0.161765575
v -0.00449962635 -0.000489364378 0.161765575
v 0.0021200988 0.00399891986 0.161765575
v 0.00442034984 0.000972991518 0.161765575
v 0.00449963752 0.000489364436 0.161765575
v 0.00293018785 -0.00344967027 0.152139366
v -0.00387826469 -0.0023334811 0.152139366
v -0.00740324939 0.00182775815 0.168294311
v 0.00740324939 -0.00182775815 0.168294311
v 0.00682445662 -0.00182775815 0.167934835
v 0.00682445662 -0.00182775815 0.167934835
v 0.00682445662 -0.00182775815 0.167934835
v 0.00830358826 -0.00182775815 0.168853536
v -0.0118260207 1.92030055e-11 0.150930986
v -0.00765600288 -0.00901334453 0.150930986
v 0.00191323704 -0.01167023 0.150930986
v 0.0101332115 -0.0060969498 0.150930986
v -0.0107330037 0.00496561686 0.163849145
v -0.00316379545 0.0113949617 0.163849145
v 0.00663660979 0.00978826638 0.163849145
v 0.0117566949 0.00127861765 0.163849145
v 0.00858563744 -0.00813274644 0.163849145
v -0.000640247774 -0.0118086757 0.163849145
v -0.00941461325 -0.00715680281 0.163849145
v -0.0163571425 0.00177894661 0.169999987
v -0.0164535921 1.92029795e-11 0.169999987
v -0.0106518315 -0.012540305 0.169999987
v 0.00266189524 -0.0162368435 0.169999987
v 0.0140983798 -0.00848271418 0.169999987
v 0.0155923013 0.0052536577 0.169999987
v 0.00609010225 0.0152850039 0.169999987
v -0.00770700118 0.0145369461 0.169999987
v -0.0160689186 0.00353703601 0.169999987
v -0.0119452346 0.0113151278 0.167428538
v 0.000890779658 0.0164294615 0.167428538
v 0.0130985919 0.00995729025 0.167428538
v 0.0160689186 -0.00353703601 0.167428538
v 0.00770700118 -0.0145369461 0.167428538
v -0.00609010225 -0.0152850039 0.167428538
v -0.0155923013 -0.0052536577 0.167428538
v -0.0081866188 0.00622330606 0.167428538
v -0.000556737185 0.0102684144 0.167428538
v 0.00746577187 0.00707195513 0.167428538
v 0.0102232145 -0.00111184141 0.167428538
v 0.00577096455 -0.00851153582 0.167428538
v -0.00275112642 -0.00990866218 0.167428538
v 0.0056324047 0.00428164285 0.167934835
v 0.00331401732 0.00625089929 0.167934835
v -0.00861210562 0 0.136607081
v -0.00856162049 -0.00093113241 0.136607081
v 0.000383036007 0.00706468243 0.167934835
v -0.00261874939 0.00657256553 0.167934835
v -0.00513646053 0.00486551458 0.167934835
v -0.00670470111 0.00225907704 0.167934835
v -0.00690964749 -0.00152092869 0.167934835
v -0.0081866188 -0.00622330606 0.169999987
v -0.00481687626 -0.00908559188 0.169999987
v -0.000556737185 -0.0102684144 0.169999987
v 0.0038063142 -0.00955312885 0.169999987
v 0.00746577187 -0.00707195513 0.169999987
v 0.00974518619 -0.0032835356 0.169999987
v -0.00856162049 0.00093113241 0.136607081
v -0.00737934373 0.00444000401 0.136607081
v -0.00483300164 0.00712814415 0.136607081
v -0.0013932836 0.00849865377 0.136607081
v 0.00230398215 0.00829819404 0.136607081
v 0.00557535887 0.00656381994 0.136607081
v 0.00781613495 0.00361612928 0.136607081
v 0.00861210562 1.05467875e-18 0.136607081
v 0.00781613495 -0.00361612928 0.136607081
v 0.00557535887 -0.00656381994 0.136607081
v 0.00230398215 -0.00829819404 0.136607081
v -0.0013932836 -0.00849865377 0.136607081
v -0.00483300164 -0.00712814415 0.136607081
v -0.00737934373 -0.00444000401 0.136607081
v 0.0101332115 0.0060969498 0.150930986
v 0.00191323704 0.01167023 0.150930986
v -0.00765600288 0.00901334453 0.150930986
v 0.0100430725 0.0022106478 0.169999987
v 0.00974518619 0.0032835356 0.169999987
v 0.0081866188 0.00622330606 0.169999987
v 0.00481687626 0.00908559188 0.169999987
v 0.000556737301 0.0102684144 0.169999987
v -0.0038063142 0.00955312885 0.169999987
v -0.00746577187 0.00707195513 0.169999987
v -0.00974518619 0.0032835356 0.169999987
v -0.00513646053 -0.00486551458 0.167934835
v -0.00261874939 -0.00657256553 0.167934835
v 0.000383036007 -0.00706468243 0.167934835
v 0.00331401732 -0.00625089929 0.167934835
v 0.0056324047 -0.00428164285 0.167934835
v -0.00856162049 0.00093113241 0.147753969
v -0.00841075834 0.00185134797 0.147753969
v -0.00685603637 0.00521182409 0.147753969
v -0.00403398275 0.00760889845 0.147753969
v -0.00046625 0.00859947503 0.147753969
v 0.00318766874 0.00800044555 0.147753969
v 0.00625234935 0.00592254009 0.147753969
v 0.00816128682 0.00274985842 0.147753969
v 0.00856162049 -0.00093113241 0.147753969
v 0.00737934373 -0.00444000401 0.147753969
v 0.00483300164 -0.00712814415 0.147753969
v 0.0013932836 -0.00849865377 0.147753969
v -0.00230398215 -0.00829819404 0.147753969
v -0.00557535887 -0.00656381994 0.147753969
v -0.00861210562 3.16403636e-18 0.147753969
v -0.00781613495 -0.00361612928 0.147753969
v 0.00941461325 0.00715680281 0.150930986
v 0.000640247774 0.0118086757 0.150930986
v -0.00858563744 0.00813274644 0.150930986
v -0.0117566949 -0.00127861765 0.150930986
v -0.00663660979 -0.00978826638 0.150930986
v 0.00316379545 -0.0113949617 0.150930986
v 0.0107330037 -0.00496561686 0.150930986
v -0.0101332115 0.0060969498 0.163849145
v -0.00191323704 0.01167023 0.163849145
v 0.00765600288 0.00901334453 0.163849145
v 0.0118260207 1.92030055e-11 0.163849145
v 0.00765600288 -0.00901334453 0.163849145
v -0.00191323704 -0.01167023 0.163849145
v -0.0101332115 -0.0060969498 0.163849145
v -0.0163571425 -0.00177894637 0.169999987
v -0.00923354179 -0.0136184571 0.169999987
v 0.00440180255 -0.0158538595 0.169999987
v 0.0149328765 -0.00690868543 0.169999987
v 0.0149328765 0.00690868543 0.169999987
v 0.00440180255 0.0158538595 0.169999987
v -0.00923354179 0.0136184571 0.169999987
v -0.0106518315 0.012540305 0.167428538
v 0.00266189524 0.0162368435 0.167428538
v 0.0140983798 0.00848271418 0.167428538
v 0.0155923013 -0.0052536577 0.167428538
v 0.00609010225 -0.0152850039 0.167428538
v -0.00770700118 -0.0145369461 0.167428538
v -0.0160689186 -0.00353703601 0.167428538
v -0.00746577187 0.00707195513 0.167428538
v 0.000556737301 0.0102684144 0.167428538
v 0.0081866188 0.00622330606 0.167428538
v 0.0100430725 -0.0022106478 0.167428538
v 0.00481687626 -0.00908559188 0.167428538
v -0.0038063142 -0.00955312885 0.167428538
v -0.00974518619 -0.0032835356 0.167428538
v -0.00933304802 0.00431792811 0.163849145
v -0.00275112642 0.00990866218 0.163849145
v 0.00577096455 0.00851153582 0.163849145
v 0.0102232145 0.00111184141 0.163849145
v 0.00746577187 -0.00707195513 0.163849145
v -0.000556737185 -0.0102684144 0.163849145
v -0.0081866188 -0.00622330606 0.163849145
v 0.0060623209 0.00364757399 0.16176559
v 0.00563241029 0.00428164285 0.16176559
v -0.00458029052 0.00539234141 0.16176559
v -0.00513645494 0.00486551458 0.16176559
v -0.00458029052 -0.00539234141 0.16176559
v -0.00397042558 -0.00585594773 0.16176559
v 0.0060623209 -0.00364757399 0.16176559
v 0.0064211553 -0.00297073997 0.16176559
v -0.00397042558 0.00585594773 0.16176559
v 0.00563241029 -0.00428164285 0.16176559
v 0.00442034984 -0.000972991518 0.161765575
v 0.00449963752 -0.000489364378 0.161765575
v -0.00167530065 -0.00420470117 0.161765575
v -0.00121087162 -0.00436118525 0.161765575
v -0.00387827097 0.0023334811 0.161765575
v -0.00410782965 0.00190048688 0.161765575
v 0.0029301818 0.00344967027 0.161765575
v 0.00254002982 0.00374625577 0.161765575
v -0.00212008809 -0.00399891986 0.161765575
v 0.00328598008 0.00311264046 0.161765575
v -0.00254001911 -0.00374625577 0.161765575
v 0.00360325235 0.00273911748 0.161765575
v 0.00452616997 1.12109419e-11 0.161765575
v 0.000245053117 -0.00451952592 0.152139366
v 0.000732263492 -0.00446653832 0.152139366
v -0.00449962029 0.000489364436 0.152139366
v -0.00452615274 1.12109419e-11 0.152139366
v 0.00121088861 0.00436118525 0.152139366
v 0.000732263492 0.00446653832 0.152139366
v -0.000245030067 -0.00451952592 0.152139366
v 0.00167531753 0.00420470117 0.152139366
v 0.00121088861 -0.00436118525 0.152139366
v 0.000245053117 0.00451952592 0.152139366
v -0.00830358826 0.00182775815 0.168853536
v -0.0115495333 -0.00254224474 0.150930986
v -0.00553940795 -0.0104484297 0.150930986
v 0.00437726174 -0.0109860972 0.150930986
v 0.0112069668 -0.00377606647 0.150930986
v -0.00941461325 0.00715680281 0.163849145
v -0.000640247774 0.0118086757 0.163849145
v 0.00858563744 0.00813274644 0.163849145
v 0.0117566949 -0.00127861765 0.163849145
v 0.00663660979 -0.00978826638 0.163849145
v -0.00316379545 -0.0113949617 0.163849145
v -0.0107330037 -0.00496561686 0.163849145
v -0.0160689186 -0.00353703601 0.169999987
v -0.00770700118 -0.0145369461 0.169999987
v 0.00609010225 -0.0152850039 0.169999987
v 0.0155923013 -0.0052536577 0.169999987
v 0.0140983798 0.00848271418 0.169999987
v 0.00266189524 0.0162368435 0.169999987
v -0.0106518315 0.012540305 0.169999987
v 0.00665739411 0.00783769041 0.163849145
v -0.0164535921 1.92030055e-11 0.167428538
v -0.0163571425 0.00177894661 0.167428538
v -0.00923354179 0.0136184571 0.167428538
v 0.00440180255 0.0158538595 0.167428538
v 0.0149328765 0.00690868543 0.167428538
v 0.0149328765 -0.00690868543 0.167428538
v 0.00440180255 -0.0158538595 0.167428538
v -0.00923354179 -0.0136184571 0.167428538
v -0.0163571425 -0.00177894637 0.167428538
v -0.00665739411 0.00783769041 0.167428538
v 0.0016636845 0.0101480251 0.167428538
v 0.00881148782 0.00530169625 0.167428538
v 0.00974518619 -0.0032835356 0.167428538
v 0.0038063142 -0.00955312885 0.167428538
v -0.00481687626 -0.00908559188 0.167428538
v 0.00670470111 0.00225907704 0.167934835
v 0.00513646053 0.00486551458 0.167934835
v 0.00261874939 0.00657256553 0.167934835
v -0.000383035949 0.00706468243 0.167934835
v -0.00331401732 0.00625089929 0.167934835
v -0.0056324047 0.00428164285 0.167934835
v -0.0100430725 -0.0022106478 0.169999987
v -0.00974518619 -0.0032835356 0.169999987
v -0.00746577187 -0.00707195513 0.169999987
v -0.0038063142 -0.00955312885 0.169999987
v 0.000556737301 -0.0102684144 0.169999987
v 0.00481687626 -0.00908559188 0.169999987
v 0.0081866188 -0.00622330606 0.169999987
v 0.0100430725 -0.0022106478 0.169999987
v -0.00841075834 0.00185134797 0.136607081
v -0.00685603637 0.00521182409 0.136607081
v -0.00403398275 0.00760889845 0.136607081
v -0.00046625 0.00859947503 0.136607081
v 0.00318766874 0.00800044555 0.136607081
v 0.00625234935 0.00592254009 0.136607081
v 0.00816128682 0.00274985842 0.136607081
v 0.00856162049 -0.00093113241 0.136607081
v 0.00737934373 -0.00444000401 0.136607081
v 0.00483300164 -0.00712814415 0.136607081
v 0.0013932836 -0.00849865377 0.136607081
v -0.00230398215 -0.00829819404 0.136607081
v -0.00557535887 -0.00656381994 0.136607081
v -0.00781613495 -0.00361612928 0.136607081
v 0.00858563744 0.00813274644 0.150930986
v -0.000640247774 0.0118086757 0.150930986
v -0.00941461325 0.00715680281 0.150930986
v -0.0100430725 -0.0022106478 0.167428538
v -0.00881148782 0.00530169625 0.163849145
v -0.0016636845 0.0101480251 0.163849145
v 0.0102834962 1.92030055e-11 0.163849145
v 0.00665739411 -0.00783769041 0.163849145
v -0.0016636845 -0.0101480251 0.163849145
v -0.00881148782 -0.00530169625 0.163849145
v -0.00563239912 0.00428164285 0.16176559
v 0.0067047067 -0.00225907704 0.16176559
v -0.00606230972 0.00364757399 0.16176559
v 0.00690965308 -0.00152092869 0.16176559
v -0.00360324164 -0.00273911748 0.161765575
v -0.00428922754 0.00144521089 0.161765575
v 0.00428923871 0.00144521089 0.161765575
v -0.000732240267 -0.00446653832 0.152139366
v 0.00212010485 0.00399891986 0.152139366
v 0.00442035543 0.000972991518 0.152139366
v 0.00449964311 0.000489364436 0.152139366
v -0.00924601778 0.00182775815 0.16945304
v 0.00924601778 -0.00182775815 0.16945304
v -0.0102232145 -0.00111184141 0.167428538
v -0.0081866188 0.00622330606 0.163849145
v -0.000556737185 0.0102684144 0.163849145
v 0.00746577187 0.00707195513 0.163849145
v 0.0102232145 -0.00111184141 0.163849145
v 0.00577096455 -0.00851153582 0.163849145
v -0.00275112642 -0.00990866218 0.163849145
v -0.00933304802 -0.00431792811 0.163849145
v 0.00397043675 0.00585594773 0.16176559
v 0.00331402244 0.00625089929 0.16176559
v -0.00642114412 0.00297073997 0.16176559
v -0.00670469552 0.00225907704 0.16176559
v -0.00189277309 -0.00681717275 0.16176559
v -0.00114461163 -0.00698185526 0.16176559
v 0.00703359023 -0.000764948316 0.16176559
v 0.00360325235 -0.00273911748 0.161765575
v 0.00387828145 -0.0023334811 0.161765575
v -0.00328596914 -0.00311264046 0.161765575
v -0.00293017109 -0.00344967027 0.161765575
v -0.00254001911 0.00374625577 0.161765575
v -0.00293017109 0.00344967027 0.161765575
v 0.00410784082 0.00190048688 0.161765575
v 0.00387828145 0.0023334811 0.161765575
v 0.00442035543 -0.000972991518 0.152139366
v 0.00449964311 -0.000489364378 0.152139366
v -0.0016752946 -0.00420470117 0.152139366
v -0.00121086556 -0.00436118525 0.152139366
v -0.00387826469 0.0023334811 0.152139366
v -0.0041078236 0.00190048688 0.152139366
v 0.00293018785 0.00344967027 0.152139366
v 0.00254003587 0.00374625577 0.152139366
v -0.00212008203 -0.00399891986 0.152139366
v 0.00328598591 0.00311264046 0.152139366
v 0.00452617602 1.12109419e-11 0.152139366
v -0.00670470111 -0.00225907704 0.167934835
v 0.00690964749 -0.00152092869 0.167934835
v 0.0101058446 -0.00182775815 0.169999987
v 0.0101058446 -0.00182775815 0.169999987
v 0.0119488649 -0.00182775815 0.169999987
v 0.0137499999 -0.00182775815 0.169999987
v 0.0137499999 -0.00182775815 0.169999987
v -0.0119488649 0.00182775815 0.169999987
v 0.0137499999 -0.00182775815 0.167934835
v 0.0137499999 -0.00182775815 0.167934835
v -0.0069096419 0.00152092869 0.16176559
v 0.00765600288 0.00901334453 0.150930986
v -0.00191323704 0.01167023 0.150930986
v -0.0101332115 0.0060969498 0.150930986
v -0.0112069668 -0.00377606647 0.150930986
v -0.00437726174 -0.0109860972 0.150930986
v 0.00553940795 -0.0104484297 0.150930986
v 0.0115495333 -0.00254224474 0.150930986
v -0.00858563744 0.00813274644 0.163849145
v 0.000640247774 0.0118086757 0.163849145
v 0.00941461325 0.00715680281 0.163849145
v 0.0115495333 -0.00254224474 0.163849145
v 0.00553940795 -0.0104484297 0.163849145
v -0.00437726174 -0.0109860972 0.163849145
v -0.0112069668 -0.00377606647 0.163849145
v -0.0155923013 -0.0052536577 0.169999987
v -0.00609010225 -0.0152850039 0.169999987
v 0.00770700118 -0.0145369461 0.169999987
v 0.0160689186 -0.00353703601 0.169999987
v 0.0130985919 0.00995729025 0.169999987
v 0.000890779658 0.0164294615 0.169999987
v -0.0119452346 0.0113151278 0.169999987
v -0.0160689186 0.00353703601 0.167428538
v -0.00770700118 0.0145369461 0.167428538
v 0.00609010225 0.0152850039 0.167428538
v 0.0155923013 0.0052536577 0.167428538
v 0.0140983798 -0.00848271418 0.167428538
v 0.00266189524 -0.0162368435 0.167428538
v -0.0106518315 -0.012540305 0.167428538
v -0.00577096455 0.00851153582 0.167428538
v 0.00275112642 0.00990866218 0.167428538
v 0.00933304802 0.00431792811 0.167428538
v 0.00933304802 -0.00431792811 0.167428538
v 0.00275112642 -0.00990866218 0.167428538
v -0.00577096455 -0.00851153582 0.167428538
v -0.0102834962 1.92030055e-11 0.167428538
v 0.0118260207 1.92030055e-11 0.150930986
v 0.0117566949 -0.00127861765 0.150930986
v -0.00690964749 0.00152092869 0.167934835
v -0.0102232145 0.00111184141 0.167428538
vt 0 0
vt 0 0
vt 0 0
vt 0 0
vt 0 0
vt 0 0
vt 0 0
vt 0 0
vt 0 0
vt 0 0
vt 0 0
vt 0 0
vt 0 0
vt 0 0
vt 0 0
vt 0 0
vt 0 0
vt 0 0
vt 0 0
vt 0 0
vt 0 0
vt 0 0
vt 0 0
vt 0 0
vt 0 0
vt 0 0
vt 0 0
vt 0 0
vt 0 0
vt 0 0
vt 0 0
vt 0 0
vt 0 0
vt 0 0
vt 0 0
vt 0 0
vt 0 0
vt 0 0
vt 0 0
vt 0 0
vt 0 0
vt 0 0
vt 0 0
vt 0 0
vt 0 0
vt 0 0
vt 0 0
vt 0 0
vt 0 0
vt 0 0
vt 0 0
vt 0 0
vt 0 0
vt 0 0
vt 0 0
vt 0 0
vt 0 0
vt 0 0
vt 0 0
vt 0 0
vt 0 0
vt 0 0
vt 0 0
vt 0 0
vt 0 0
vt 0 0
vt 0 0
vt 0 0
vt 0 0
vt 0 0
vt 0 0
vt 0 0
vt 0 0
vt 0 0
vt 0 0
vt 0 0
vt 0 0
vt 0 0
vt 0 0
vt 0 0
vt 0 0
vt 0 0
vt 0 0
vt 0 0
vt 0 0
vt 0 0
vt 0 0
vt 0 0
vt 0 0
vt 0 0
vt 0 0
vt 0 0
vt 0 0
vt 0 0
vt 0 0
vt 0 0
vt 0 0
vt 0 0
vt 0 0
vt 0 0
vt 0 0
vt 0 0
vt 0 0
vt 0 0
vt 0 0
vt 0 0
vt 0 0
vt 0 0
vt 0 0
vt 0 0
vt 0 0
vt 0 0
vt 0 0
vt 0 0
vt 0 0
vt 0 0
vt 0 0
vt 0 0
vt 0 0
vt 0 0
vt 0 0
vt 0 0
vt 0 0
vt 0 0
vt 0 0
vt 0 0
vt 0 0
vt 0 0
vt 0 0
vt 0 0
vt 0 0
vt 0 0
vt 0 0
vt 0 0
vt 0 0
vt 0 0
vt 0 0
vt 0 0
vt 0 0
vt 0 0
vt 0 0
vt 0 0
vt 0 0
vt 0 0
vt 0 0
vt 0 0
vt 0 0
vt 0 0
vt 0 0
vt 0 0
vt 0 0
vt 0 0
vt 0 0
vt 0 0
vt 0 0
vt 0 0
vt 0 0
vt 0 0
vt 0 0
vt 0 0
vt 0 0
vt 0 0
vt 0 0
vt 0 0
vt 0 0
vt 0 0
vt 0 0
vt 0 0
vt 0 0
vt 0 0
vt 0 0
vt 0 0
vt 0 0
vt 0 0
vt 0 0
vt 0 0
vt 0 0
vt 0 0
vt 0 0
vt 0 0
vt 0 0
vt 0 0
vt 0 0
vt 0 0
vt 0 0
vt 0 0
vt 0 0
vt 0 0
vt 0 0
vt 0 0
vt 0 0
vt 0 0
vt 0 0
vt 0 0
vt 0 0
vt 0 0
vt 0 0
vt 0 0
vt 0 0
vt 0 0
vt 0 0
vt 0 0
vt 0 0
vt 0 0
vt 0 0
vt 0 0
vt 0 0
vt 0 0
vt 0 0
vt 0 0
vt 0 0
vt 0 0
vt 0 0
vt 0 0
vt 0 0
vt 0 0
vt 0 0
vt 0 0
vt 0 0
vt 0 0
vt 0 0
vt 0 0
vt 0 0
vt 0 0
vt 0 0
vt 0 0
vt 0 0
vt 0 0
vt 0 0
vt 0 0
vt 0 0
vt 0 0
vt 0 0
vt 0 0
vt 0 0
vt 0 0
vt 0 0
vt 0 0
vt 0 0
vt 0 0
vt 0 0
vt 0 0
vt 0 0
vt 0 0
vt 0 0
vt 0 0
vt 0 0
vt 0 0
vt 0 0
vt 0 0
vt 0 0
vt 0 0
vt 0 0
vt 0 0
vt 0 0
vt 0 0
vt 0 0
vt 0 0
vt 0 0
vt 0 0
vt 0 0
vt 0 0
vt 0 0
vt 0 0
vt 0 0
vt 0 0
vt 0 0
vt 0 0
vt 0 0
vt 0 0
vt 0 0
vt 0 0
vt 0 0
vt 0 0
vt 0 0
vt 0 0
vt 0 0
vt 0 0
vt 0 0
vt 0 0
vt 0 0
vt 0 0
vt 0 0
vt 0 0
vt 0 0
vt 0 0
vt 0 0
vt 0 0
vt 0 0
vt 0 0
vt 0 0
vt 0 0
vt 0 0
vt 0 0
vt 0 0
vt 0 0
vt 0 0
vt 0 0
vt 0 0
vt 0 0
vt 0 0
vt 0 0
vt 0 0
vt 0 0
vt 0 0
vt 0 0
vt 0 0
vt 0 0
vt 0 0
vt 0 0
vt 0 0
vt 0 0
vt 0 0
vt 0 0
vt 0 0
vt 0 0
vt 0 0
vt 0 0
vt 0 0
vt 0 0
vt 0 0
vt 0 0
vt 0 0
vt 0 0
vt 0 0
vt 0 0
vt 0 0
vt 0 0
vt 0 0
vt 0 0
vt 0 0
vt 0 0
vt 0 0
vt 0 0
vt 0 0
vt 0 0
vt 0 0
vt 0 0
vt 0 0
vt 0 0
vt 0 0
vt 0 0
vt 0 0
vt 0 0
vt 0 0
vt 0 0
vt 0 0
vt 0 0
vt 0 0
vt 0 0
vt 0 0
vt 0 0
vt 0 0
vt 0 0
vt 0 0
vt 0 0
vt 0 0
vt 0 0
vt 0 0
vt 0 0
vt 0 0
vt 0 0
vt 0 0
vt 0 0
vt 0 0
vt 0 0
vt 0 0
vt 0 0
vt 0 0
vt 0 0
vt 0 0
vt 0 0
vt 0 0
vt 0 0
vt 0 0
vt 0 0
vt 0 0
vt 0 0
vt 0 0
vt 0 0
vt 0 0
vt 0 0
vt 0 0
vt 0 0
vt 0 0
vt 0 0
vt 0 0
vt 0 0
vt 0 0
vt 0 0
vt 0 0
vt 0 0
vt 0 0
vt 0 0
vt 0 0
vt 0 0
vt 0 0
vt 0 0
vt 0 0
vt 0 0
vt 0 0
vt 0 0
vt 0 0
vt 0 0
vt 0 0
vt 0 0
vt 0 0
vt 0 0
vt 0 0
vt 0 0
vt 0 0
vt 0 0
vt 0 0
vt 0 0
vt 0 0
vt 0 0
vt 0 0
vt 0 0
vt 0 0
vt 0 0
vt 0 0
vt 0 0
vt 0 0
vt 0 0
vt 0 0
vt 0 0
vt 0 0
vt 0 0
vt 0 0
vt 0 0
vt 0 0
vt 0 0
vt 0 0
vt 0 0
vt 0 0
vt 0 0
vt 0 0
vt 0 0
vt 0 0
vt 0 0
vt 0 0
vt 0 0
vt 0 0
vt 0 0
vt 0 0
vt 0 0
vt 0 0
vt 0 0
vt 0 0
vt 0 0
vt 0 0
vt 0 0
vt 0 0
vt 0 0
vt 0 0
vt 0 0
vt 0 0
vt 0 0
vt 0 0
vt 0 0
vt 0 0
vt 0 0
vt 0 0
vt 0 0
vt 0 0
vt 0 0
vt 0 0
vt 0 0
vt 0 0
vt 0 0
vt 0 0
vt 0 0
vt 0 0
vt 0 0
vt 0 0
vt 0 0
vt 0 0
vt 0 0
vt 0 0
vt 0 0
vt 0 0
vt 0 0
vt 0 0
vt 0 0
vt 0 0
vt 0 0
vt 0 0
vt 0 0
vt 0 0
vt 0 0
vt 0 0
vt 0 0
vt 0 0
vt 0 0
vt 0 0
vt 0 0
vt 0 0
vt 0 0
vt 0 0
vt 0 0
vt 0 0
vt 0 0
vt 0 0
vt 0 0
vt 0 0
vt 0 0
vt 0 0
vt 0 0
vt 0 0
vt 0 0
vt 0 0
vt 0 0
vt 0 0
vt 0 0
vt 0 0
vt 0 0
vt 0 0
vt 0 0
vt 0 0
vt 0 0
vt 0 0
vt 0 0
vt 0 0
vt 0 0
vt 0 0
vt 0 0
vt 0 0
vt 0 0
vt 0 0
vt 0 0
vt 0 0
vt 0 0
vt 0 0
vt 0 0
vt 0 0
vt 0 0
vt 0 0
vt 0 0
vt 0 0
vt 0 0
vt 0 0
vt 0 0
vt 0 0
vt 0 0
vt 0 0
vt 0 0
vt 0 0
vt 0 0
vt 0 0
vt 0 0
vt 0 0
vt 0 0
vt 0 0
vt 0 0
vt 0 0
vt 0 0
vt 0 0
vt 0 0
vt 0 0
vt 0 0
vt 0 0
vt 0 0
vt 0 0
vt 0 0
vt 0 0
vt 0 0
vt 0 0
vt 0 0
vt 0 0
vt 0 0
vt 0 0
vt 0 0
vt 0 0
vt 0 0
vt 0 0
vt 0 0
vt 0 0
vt 0 0
vt 0 0
vt 0 0
vt 0 0
vt 0 0
vt 0 0
vt 0 0
vt 0 0
vt 0 0
vt 0 0
vt 0 0
vt 0 0
vt 0 0
vt 0 0
vt 0 0
vt 0 0
vt 0 0
vt 0 0
vt 0 0
vt 0 0
vt 0 0
vt 0 0
vt 0 0
vt 0 0
vt 0 0
vt 0 0
vt 0 0
vt 0 0
vt 0 0
vt 0 0
vt 0 0
vt 0 0
vt 0 0
vt 0 0
vt 0 0
vt 0 0
vt 0 0
vt 0 0
vt 0 0
vt 0 0
vt 0 0
vt 0 0
vt 0 0
vt 0 0
vt 0 0
vt 0 0
vt 0 0
vt 0 0
vt 0 0
vt 0 0
vt 0 0
vt 0 0
vt 0 0
vt 0 0
vt 0 0
vt 0 0
vt 0 0
vt 0 0
vt 0 0
vt 0 0
vt 0 0
vt 0 0
vt 0 0
vt 0 0
vt 0 0
vt 0 0
vt 0 0
vt 0 0
vt 0 0
vt 0 0
vt 0 0
vt 0 0
vt 0 0
vt 0 0
vt 0 0
vt 0 0
vt 0 0
vt 0 0
vt 0 0
vt 0 0
vt 0 0
vt 0 0
vt 0 0
vt 0 0
vt 0 0
vt 0 0
vt 0 0
vt 0 0
vt 0 0
vt 0 0
vt 0 0
vt 0 0
vt 0 0
vt 0 0
vt 0 0
vt 0 0
vt 0 0
vt 0 0
vt 0 0
vt 0 0
vt 0 0
vt 0 0
vt 0 0
vt 0 0
vt 0 0
vt 0 0
vt 0 0
vt 0 0
vt 0 0
vt 0 0
vt 0 0
vt 0 0
vt 0 0
vt 0 0
vt 0 0
vt 0 0
vt 0 0
vt 0 0
vt 0 0
vt 0 0
vt 0 0
vt 0 0
vt 0 0
vt 0 0
vt 0 0
vt 0 0
vt 0 0
vt 0 0
vt 0 0
vt 0 0
vt 0 0
vt 0 0
vt 0 0
vt 0 0
vt 0 0
vt 0 0
vt 0 0
vt 0 0
vt 0 0
vt 0 0
vt 0 0
vt 0 0
vt 0 0
vt 0 0
vt 0 0
vt 0 0
vt 0 0
vt 0 0
vt 0 0
vt 0 0
vt 0 0
vt 0 0
vt 0 0
vt 0 0
vt 0 0
vt 0 0
vt 0 0
vt 0 0
vt 0 0
vt 0 0
vt 0 0
vt 0 0
vt 0 0
vt 0 0
vt 0 0
vt 0 0
vt 0 0
vt 0 0
vt 0 0
vt 0 0
vt 0 0
vt 0 0
vt 0 0
vt 0 0
vt 0 0
vt 0 0
vt 0 0
vt 0 0
vt 0 0
vt 0 0
vt 0 0
vt 0 0
vt 0 0
vt 0 0
vt 0 0
vt 0 0
vt 0 0
vt 0 0
vt 0 0
vt 0 0
vt 0 0
vt 0 0
vt 0 0
vt 0 0
vt 0 0
vt 0 0
vt 0 0
vt 0 0
vt 0 0
vt 0 0
vt 0 0
vt 0 0
vt 0 0
vt 0 0
vt 0 0
vt 0 0
vt 0 0
vt 0 0
vt 0 0
vt 0 0
vt 0 0
vt 0 0
vt 0 0
vt 0 0
vt 0 0
vt 0 0
vt 0 0
vt 0 0
vt 0 0
vt 0 0
vt 0 0
vt 0 0
vt 0 0
vt 0 0
vt 0 0
vt 0 0
vt 0 0
vt 0 0
vt 0 0
vt 0 0
vt 0 0
vt 0 0
vt 0 0
vt 0 0
vt 0 0
vt 0 0
vt 0 0
vt 0 0
vt 0 0
vt 0 0
vt 0 0
vt 0 0
vt 0 0
vt 0 0
vt 0 0
vt 0 0
vt 0 0
vt 0 0
vt 0 0
vt 0 0
vt 0 0
vt 0 0
vt 0 0
vt 0 0
vt 0 0
vt 0 0
vt 0 0
vt 0 0
vt 0 0
vt 0 0
vt 0 0
vt 0 0
vt 0 0
vt 0 0
vt 0 0
vt 0 0
vt 0 0
vt 0 0
vt 0 0
vt 0 0
vt 0 0
vt 0 0
vt 0 0
vt 0 0
vt 0 0
vt 0 0
vt 0 0
vt 0 0
vt 0 0
vt 0 0
vt 0 0
vt 0 0
vt 0 0
vt 0 0
vt 0 0
vt 0 0
vt 0 0
vt 0 0
vt 0 0
vt 0 0
vt 0 0
vt 0 0
vt 0 0
vt 0 0
vt 0 0
vt 0 0
vt 0 0
vt 0 0
vt 0 0
vt 0 0
vt 0 0
vt 0 0
vt 0 0
vt 0 0
vt 0 0
vt 0 0
vt 0 0
vt 0 0
vt 0 0
vt 0 0
vt 0 0
vt 0 0
vt 0 0
vt 0 0
vt 0 0
vt 0 0
vt 0 0
vt 0 0
vt 0 0
vt 0 0
vt 0 0
vt 0 0
vt 0 0
vt 0 0
vt 0 0
vt 0 0
vt 0 0
vt 0 0
vt 0 0
vt 0 0
vt 0 0
vt 0 0
vt 0 0
vt 0 0
vt 0 0
vt 0 0
vt 0 0
vt 0 0
vt 0 0
vt 0 0
vt 0 0
vt 0 0
vt 0 0
vt 0 0
vt 0 0
vt 0 0
vt 0 0
vt 0 0
vt 0 0
vt 0 0
vt 0 0
vt 0 0
vt 0 0
vt 0 0
vt 0 0
vt 0 0
vt 0 0
vt 0 0
vt 0 0
vt 0 0
vt 0 0
vt 0 0
vt 0 0
vt 0 0
vt 0 0
vt 0 0
vt 0 0
vt 0 0
vt 0 0
vt 0 0
vt 0 0
vt 0 0
vt 0 0
vt 0 0
vt 0 0
vt 0 0
vt 0 0
vt 0 0
vt 0 0
vt 0 0
vt 0 0
vt 0 0
vt 0 0
vt 0 0
vt 0 0
vt 0 0
vt 0 0
vt 0 0
vt 0 0
vt 0 0
vt 0 0
vt 0 0
vt 0 0
vt 0 0
vt 0 0
vt 0 0
vt 0 0
vt 0 0
vt 0 0
vt 0 0
vt 0 0
vt 0 0
vt 0 0
vt 0 0
vt 0 0
vt 0 0
vt 0 0
vt 0 0
vt 0 0
vt 0 0
vt 0 0
vt 0 0
vt 0 0
vt 0 0
vt 0 0
vt 0 0
vt 0 0
vt 0 0
vt 0 0
vt 0 0
vt 0 0
vt 0 0
vt 0 0
vt 0 0
vt 0 0
vt 0 0
vt 0 0
vt 0 0
vt 0 0
vt 0 0
vt 0 0
vt 0 0
vt 0 0
vt 0 0
vt 0 0
vt 0 0
vt 0 0
vt 0 0
vt 0 0
vt 0 0
vt 0 0
vt 0 0
vt 0 0
vt 0 0
vt 0 0
vt 0 0
vt 0 0
vt 0 0
vt 0 0
vt 0 0
vt 0 0
vt 0 0
vt 0 0
vt 0 0
vt 0 0
vt 0 0
vt 0 0
vt 0 0
vt 0 0
vt 0 0
vt 0 0
vt 0 0
vt 0 0
vt 0 0
vt 0 0
vt 0 0
vt 0 0
vt 0 0
vt 0 0
vt 0 0
vt 0 0
vt 0 0
vt 0 0
vt 0 0
vt 0 0
vt 0 0
vt 0 0
vt 0 0
vt 0 0
vt 0 0
vt 0 0
vt 0 0
vt 0 0
vt 0 0
vt 0 0
vt 0 0
vt 0 0
vt 0 0
vt 0 0
vt 0 0
vt 0 0
vt 0 0
vt 0 0
vt 0 0
vt 0 0
vt 0 0
vt 0 0
vt 0 0
vt 0 0
vt 0 0
vt 0 0
vt 0 0
vt 0 0
vt 0 0
vt 0 0
vt 0 0
vt 0 0
vt 0 0
vt 0 0
vt 0 0
vt 0 0
vt 0 0
vt 0 0
vt 0 0
vt 0 0
vt 0 0
vt 0 0
vt 0 0
vt 0 0
vt 0 0
vt 0 0
vt 0 0
vt 0 0
vt 0 0
vt 0 0
vt 0 0
vt 0 0
vt 0 0
vt 0 0
vt 0 0
vt 0 0
vt 0 0
vt 0 0
vt 0 0
vt 0 0
vt 0 0
vt 0 0
vt 0 0
vt 0 0
vt 0 0
vt 0 0
vt 0 0
vt 0 0
vt 0 0
vt 0 0
vt 0 0
vt 0 0
vt 0 0
vt 0 0
vt 0 0
vt 0 0
vt 0 0
vt 0 0
vt 0 0
vt 0 0
vt 0 0
vt 0 0
vt 0 0
vt 0 0
vt 0 0
vt 0 0
vt 0 0
vt 0 0
vt 0 0
vt 0 0
vt 0 0
vt 0 0
vt 0 0
vt 0 0
vt 0 0
vt 0 0
vt 0 0
vt 0 0
vt 0 0
vt 0 0
vt 0 0
vt 0 0
vt 0 0
vt 0 0
vt 0 0
vt 0 0
vt 0 0
vt 0 0
vt 0 0
vt 0 0
vt 0 0
vt 0 0
vt 0 0
vt 0 0
vt 0 0
vt 0 0
vt 0 0
vt 0 0
vt 0 0
vt 0 0
vt 0 0
vt 0 0
vt 0 0
vt 0 0
vt 0 0
vt 0 0
vt 0 0
vt 0 0
vt 0 0
vt 0 0
vt 0 0
vt 0 0
vt 0 0
vt 0 0
vt 0 0
vt 0 0
vt 0 0
vt 0 0
vt 0 0
vt 0 0
vt 0 0
vt 0 0
vt 0 0
vt 0 0
vt 0 0
vt 0 0
vt 0 0
vt 0 0
vt 0 0
vt 0 0
vt 0 0
vt 0 0
vt 0 0
vt 0 0
vt 0 0
vt 0 0
vt 0 0
vt 0 0
vt 0 0
vt 0 0
vt 0 0
vt 0 0
vt 0 0
vt 0 0
vt 0 0
vt 0 0
vt 0 0
vt 0 0
vt 0 0
vt 0 0
vt 0 0
vt 0 0
vt 0 0
vt 0 0
vt 0 0
vt 0 0
vt 0 0
vt 0 0
vt 0 0
vt 0 0
vt 0 0
vt 0 0
vt 0 0
vt 0 0
vt 0 0
vt 0 0
vt 0 0
vt 0 0
vt 0 0
vt 0 0
vt 0 0
vt 0 0
vt 0 0
vt 0 0
vt 0 0
vt 0 0
vt 0 0
vt 0 0
vt 0 0
vt 0 0
vt 0 0
vt 0 0
vt 0 0
vt 0 0
vt 0 0
vt 0 0
vt 0 0
vt 0 0
vt 0 0
vt 0 0
vt 0 0
vt 0 0
vt 0 0
vt 0 0
vt 0 0
vt 0 0
vt 0 0
vt 0 0
vt 0 0
vt 0 0
vt 0 0
vt 0 0
vt 0 0
vt 0 0
vt 0 0
vt 0 0
vt 0 0
vt 0 0
vt 0 0
vt 0 0
vt 0 0
vt 0 0
vt 0 0
vt 0 0
vt 0 0
vt 0 0
vt 0 0
vt 0 0
vt 0 0
vt 0 0
vt 0 0
vt 0 0
vt 0 0
vt 0 0
vt 0 0
vt 0 0
vt 0 0
vt 0 0
vt 0 0
vt 0 0
vt 0 0
vt 0 0
vt 0 0
vt 0 0
vt 0 0
vt 0 0
vt 0 0
vt 0 0
vt 0 0
vt 0 0
vt 0 0
vt 0 0
vt 0 0
vt 0 0
vt 0 0
vt 0 0
vt 0 0
vt 0 0
vt 0 0
vt 0 0
vt 0 0
vt 0 0
vt 0 0
vt 0 0
vt 0 0
vt 0 0
vt 0 0
vt 0 0
vt 0 0
vt 0 0
vt 0 0
vt 0 0
vt 0 0
vt 0 0
vt 0 0
vt 0 0
vt 0 0
vt 0 0
vt 0 0
vt 0 0
vt 0 0
vt 0 0
vt 0 0
vt 0 0
vt 0 0
vt 0 0
vt 0 0
vt 0 0
vt 0 0
vt 0 0
vt 0 0
vt 0 0
vt 0 0
vt 0 0
vt 0 0
vt 0 0
vt 0 0
vt 0 0
vt 0 0
vt 0 0
vt 0 0
vt 0 0
vt 0 0
vt 0 0
vt 0 0
vt 0 0
vt 0 0
vt 0 0
vt 0 0
vt 0 0
vt 0 0
vt 0 0
vt 0 0
vt 0 0
vt 0 0
vt 0 0
vt 0 0
vt 0 0
vt 0 0
vt 0 0
vt 0 0
vt 0 0
vt 0 0
vt 0 0
vt 0 0
vt 0 0
vt 0 0
vt 0 0
vt 0 0
vt 0 0
vt 0 0
vt 0 0
vt 0 0
vt 0 0
vt 0 0
vt 0 0
vt 0 0
vt 0 0
vt 0 0
vt 0 0
vt 0 0
vt 0 0
vt 0 0
vt 0 0
vt 0 0
vt 0 0
vt 0 0
vt 0 0
vt 0 0
vt 0 0
vt 0 0
vt 0 0
vt 0 0
vt 0 0
vt 0 0
vt 0 0
vt 0 0
vt 0 0
vt 0 0
vt 0 0
vt 0 0
vt 0 0
vt 0 0
vt 0 0
vt 0 0
vt 0 0
vt 0 0
vt 0 0
vt 0 0
vt 0 0
vt 0 0
vt 0 0
vt 0 0
vt 0 0
vt 0 0
vt 0 0
vt 0 0
vt 0 0
vt 0 0
vt 0 0
vt 0 0
vt 0 0
vt 0 0
vt 0 0
vt 0 0
vt 0 0
vt 0 0
vt 0 0
vt 0 0
vt 0 0
vt 0 0
vt 0 0
vt 0 0
vt 0 0
vt 0 0
vt 0 0
vt 0 0
vt 0 0
vt 0 0
vt 0 0
vt 0 0
vt 0 0
vt 0 0
vt 0 0
vt 0 0
vt 0 0
vt 0 0
vt 0 0
vt 0 0
vt 0 0
vt 0 0
vt 0 0
vt 0 0
vt 0 0
vt 0 0
vt 0 0
vt 0 0
vt 0 0
vt 0 0
vt 0 0
vt 0 0
vt 0 0
vt 0 0
vt 0 0
vt 0 0
vt 0 0
vt 0 0
vt 0 0
vt 0 0
vt 0 0
vt 0 0
vt 0 0
vt 0 0
vt 0 0
vt 0 0
vt 0 0
vt 0 0
vt 0 0
vt 0 0
vt 0 0
vt 0 0
vt 0 0
vt 0 0
vt 0 0
vt 0 0
vt 0 0
vt 0 0
vt 0 0
vt 0 0
vt 0 0
vt 0 0
vt 0 0
vt 0 0
vt 0 0
vt 0 0
vt 0 0
vt 0 0
vt 0 0
vt 0 0
vt 0 0
vt 0 0
vt 0 0
vt 0 0
vt 0 0
vt 0 0
vt 0 0
vt 0 0
vt 0 0
vt 0 0
vt 0 0
vt 0 0
vt 0 0
vt 0 0
vt 0 0
vt 0 0
vt 0 0
vt 0 0
vt 0 0
vt 0 0
vt 0 0
vt 0 0
vt 0 0
vt 0 0
vt 0 0
vt 0 0
vt 0 0
vt 0 0
vt 0 0
vt 0 0
vt 0 0
vt 0 0
vt 0 0
vt 0 0
vt 0 0
vt 0 0
vt 0 0
vt 0 0
vt 0 0
vt 0 0
vt 0 0
vt 0 0
vt 0 0
vt 0 0
vt 0 0
vt 0 0
vt 0 0
vt 0 0
vt 0 0
vt 0 0
vt 0 0
vt 0 0
vt 0 0
vt 0 0
vt 0 0
vt 0 0
vt 0 0
vt 0 0
vt 0 0
vt 0 0
vt 0 0
vt 0 0
vt 0 0
vt 0 0
vt 0 0
vt 0 0
vt 0 0
vt 0 0
vt 0 0
vt 0 0
vt 0 0
vt 0 0
vt 0 0
vt 0 0
vt 0 0
vt 0 0
vt 0 0
vt 0 0
vt 0 0
vt 0 0
vt 0 0
vt 0 0
vt 0 0
vt 0 0
vt 0 0
vt 0 0
vt 0 0
vt 0 0
vt 0 0
vt 0 0
vt 0 0
vt 0 0
vt 0 0
vt 0 0
vt 0 0
vt 0 0
vt 0 0
vt 0 0
vt 0 0
vt 0 0
vt 0 0
vt 0 0
vt 0 0
vt 0 0
vt 0 0
vt 0 0
vt 0 0
vt 0 0
vt 0 0
vt 0 0
vt 0 0
vt 0 0
vt 0 0
vt 0 0
vt 0 0
vt 0 0
vt 0 0
vt 0 0
vt 0 0
vt 0 0
vt 0 0
vt 0 0
vt 0 0
vt 0 0
vt 0 0
vt 0 0
vt 0 0
vt 0 0
vt 0 0
vt 0 0
vt 0 0
vt 0 0
vt 0 0
vt 0 0
vt 0 0
vt 0 0
vt 0 0
vt 0 0
vt 0 0
vt 0 0
vt 0 0
vt 0 0
vt 0 0
vt 0 0
vt 0 0
vt 0 0
vt 0 0
vt 0 0
vt 0 0
vt 0 0
vt 0 0
vt 0 0
vt 0 0
vt 0 0
vt 0 0
vt 0 0
vt 0 0
vt 0 0
vt 0 0
vt 0 0
vt 0 0
vt 0 0
vt 0 0
vt 0 0
vt 0 0
vt 0 0
vt 0 0
vt 0 0
vt 0 0
vt 0 0
vt 0 0
vt 0 0
vt 0 0
vt 0 0
vt 0 0
vt 0 0
vt 0 0
vt 0 0
vt 0 0
vt 0 0
vt 0 0
vt 0 0
vt 0 0
vt 0 0
vt 0 0
vt 0 0
vt 0 0
vt 0 0
vt 0 0
vt 0 0
vt 0 0
vt 0 0
vt 0 0
vt 0 0
vt 0 0
vt 0 0
vt 0 0
vt 0 0
vt 0 0
vt 0 0
vt 0 0
vt 0 0
vt 0 0
vt 0 0
vt 0 0
vt 0 0
vt 0 0
vt 0 0
vt 0 0
vt 0 0
vt 0 0
vt 0 0
vt 0 0
vt 0 0
vt 0 0
vt 0 0
vt 0 0
vt 0 0
vt 0 0
vt 0 0
vt 0 0
vt 0 0
vt 0 0
vt 0 0
vt 0 0
vt 0 0
vt 0 0
vt 0 0
vt 0 0
vt 0 0
vt 0 0
vt 0 0
vt 0 0
vt 0 0
vt 0 0
vt 0 0
vt 0 0
vt 0 0
vt 0 0
vt 0 0
vt 0 0
vt 0 0
vt 0 0
vt 0 0
vt 0 0
vt 0 0
vt 0 0
vt 0 0
vt 0 0
vt 0 0
vt 0 0
vt 0 0
vt 0 0
vt 0 0
vt 0 0
vt 0 0
vt 0 0
vt 0 0
vt 0 0
vt 0 0
vt 0 0
vt 0 0
vt 0 0
vt 0 0
vt 0 0
vt 0 0
vt 0 0
vt 0 0
vt 0 0
vt 0 0
vt 0 0
vt 0 0
vt 0 0
vt 0 0
vt 0 0
vt 0 0
vt 0 0
vt 0 0
vt 0 0
vt 0 0
vt 0 0
vt 0 0
vt 0 0
vt 0 0
vt 0 0
vt 0 0
vt 0 0
vt 0 0
vt 0 0
vt 0 0
vt 0 0
vt 0 0
vt 0 0
vt 0 0
vt 0 0
vt 0 0
vt 0 0
vt 0 0
vt 0 0
vt 0 0
vt 0 0
vt 0 0
vt 0 0
vt 0 0
vt 0 0
vt 0 0
vt 0 0
vt 0 0
vt 0 0
vt 0 0
vt 0 0
vt 0 0
vt 0 0
vt 0 0
vt 0 0
vt 0 0
vt 0 0
vt 0 0
vt 0 0
vt 0 0
vt 0 0
vt 0 0
vt 0 0
vt 0 0
vt 0 0
vt 0 0
vt 0 0
vt 0 0
vt 0 0
vt 0 0
vt 0 0
vt 0 0
vt 0 0
vt 0 0
vt 0 0
vt 0 0
vt 0 0
vt 0 0
vt 0 0
vt 0 0
vt 0 0
vt 0 0
vt 0 0
vt 0 0
vt 0 0
vt 0 0
vt 0 0
vt 0 0
vt 0 0
vt 0 0
vt 0 0
vt 0 0
vt 0 0
vt 0 0
vt 0 0
vt 0 0
vt 0 0
vt 0 0
vt 0 0
vt 0 0
vt 0 0
vt 0 0
vt 0 0
vt 0 0
vt 0 0
vt 0 0
vt 0 0
vt 0 0
vt 0 0
vt 0 0
vt 0 0
vt 0 0
vt 0 0
vt 0 0
vt 0 0
vt 0 0
vt 0 0
vt 0 0
vt 0 0
vt 0 0
vt 0 0
vt 0 0
vt 0 0
vt 0 0
vt 0 0
vt 0 0
vt 0 0
vt 0 0
vt 0 0
vt 0 0
vt 0 0
vt 0 0
vt 0 0
vt 0 0
vt 0 0
vt 0 0
vt 0 0
vt 0 0
vt 0 0
vt 0 0
vt 0 0
vt 0 0
vt 0 0
vt 0 0
vt 0 0
vt 0 0
vt 0 0
vt 0 0
vt 0 0
vt 0 0
vt 0 0
vt 0 0
vt 0 0
vt 0 0
vt 0 0
vt 0 0
vt 0 0
vt 0 0
vt 0 0
vt 0 0
vt 0 0
vt 0 0
vt 0 0
vt 0 0
vt 0 0
vt 0 0
vt 0 0
vt 0 0
vt 0 0
vt 0 0
vt 0 0
vt 0 0
vt 0 0
vt 0 0
vt 0 0
vt 0 0
vt 0 0
vt 0 0
vt 0 0
vt 0 0
vt 0 0
vt 0 0
vt 0 0
vt 0 0
vt 0 0
vt 0 0
vt 0 0
vt 0 0
vt 0 0
vt 0 0
vt 0 0
vt 0 0
vt 0 0
vt 0 0
vt 0 0
vt 0 0
vt 0 0
vt 0 0
vt 0 0
vt 0 0
vt 0 0
vt 0 0
vt 0 0
vt 0 0
vt 0 0
vt 0 0
vt 0 0
vt 0 0
vt 0 0
vt 0 0
vt 0 0
vt 0 0
vt 0 0
vt 0 0
vt 0 0
vt 0 0
vt 0 0
vt 0 0
vt 0 0
vt 0 0
vt 0 0
vt 0 0
vt 0 0
vt 0 0
vt 0 0
vt 0 0
vt 0 0
vt 0 0
vt 0 0
vt 0 0
vt 0 0
vt 0 0
vt 0 0
vt 0 0
vt 0 0
vt 0 0
vt 0 0
vt 0 0
vt 0 0
vt 0 0
vt 0 0
vt 0 0
vt 0 0
vt 0 0
vt 0 0
vt 0 0
vt 0 0
vt 0 0
vt 0 0
vt 0 0
vt 0 0
vt 0 0
vt 0 0
vt 0 0
vt 0 0
vt 0 0
vt 0 0
vt 0 0
vt 0 0
vt 0 0
vt 0 0
vt 0 0
vt 0 0
vt 0 0
vt 0 0
vt 0 0
vt 0 0
vt 0 0
vt 0 0
vt 0 0
vt 0 0
vt 0 0
vt 0 0
vt 0 0
vt 0 0
vt 0 0
vt 0 0
vt 0 0
vt 0 0
vt 0 0
vt 0 0
vt 0 0
vt 0 0
vt 0 0
vt 0 0
vt 0 0
vt 0 0
vt 0 0
vt 0 0
vt 0 0
vt 0 0
vt 0 0
vt 0 0
vt 0 0
vt 0 0
vt 0 0
vt 0 0
vt 0 0
vt 0 0
vt 0 0
vt 0 0
vt 0 0
vt 0 0
vt 0 0
vt 0 0
vt 0 0
vt 0 0
vt 0 0
vt 0 0
vt 0 0
vt 0 0
vt 0 0
vt 0 0
vt 0 0
vt 0 0
vt 0 0
vt 0 0
vt 0 0
vt 0 0
vt 0 0
vt 0 0
vt 0 0
vt 0 0
vt 0 0
vt 0 0
vt 0 0
vt 0 0
vt 0 0
vt 0 0
vt 0 0
vt 0 0
vt 0 0
vt 0 0
vt 0 0
vt 0 0
vt 0 0
vt 0 0
vt 0 0
vt 0 0
vt 0 0
vt 0 0
vt 0 0
vt 0 0
vt 0 0
vt 0 0
vt 0 0
vt 0 0
vt 0 0
vt 0 0
vt 0 0
vt 0 0
vt 0 0
vt 0 0
vt 0 0
vt 0 0
vt 0 0
vt 0 0
vt 0 0
vt 0 0
vt 0 0
vt 0 0
vt 0 0
vt 0 0
vt 0 0
vt 0 0
vt 0 0
vt 0 0
vt 0 0
vt 0 0
vt 0 0
vt 0 0
vt 0 0
vt 0 0
vt 0 0
vt 0 0
vt 0 0
vt 0 0
vt 0 0
vt 0 0
vt 0 0
vt 0 0
vt 0 0
vt 0 0
vt 0 0
vt 0 0
vt 0 0
vt 0 0
vt 0 0
vt 0 0
vt 0 0
vt 0 0
vt 0 0
vt 0 0
vt 0 0
vt 0 0
vt 0 0
vt 0 0
vt 0 0
vt 0 0
vt 0 0
vt 0 0
vt 0 0
vt 0 0
vt 0 0
vt 0 0
vt 0 0
vt 0 0
vt 0 0
vt 0 0
vt 0 0
vt 0 0
vt 0 0
vt 0 0
vt 0 0
vt 0 0
vt 0 0
vt 0 0
vt 0 0
vt 0 0
vt 0 0
vt 0 0
vt 0 0
vt 0 0
vt 0 0
vt 0 0
vt 0 0
vt 0 0
vt 0 0
vt 0 0
vt 0 0
vt 0 0
vt 0 0
vt 0 0
vt 0 0
vt 0 0
vt 0 0
vt 0 0
vt 0 0
vt 0 0
vt 0 0
vt 0 0
vt 0 0
vt 0 0
vt 0 0
vt 0 0
vt 0 0
vt 0 0
vt 0 0
vt 0 0
vt 0 0
vt 0 0
vt 0 0
vt 0 0
vt 0 0
vt 0 0
vt 0 0
vt 0 0
vt 0 0
vt 0 0
vt 0 0
vt 0 0
vt 0 0
vt 0 0
vt 0 0
vt 0 0
vt 0 0
vt 0 0
vt 0 0
vt 0 0
vt 0 0
vt 0 0
vt 0 0
vt 0 0
vt 0 0
vt 0 0
vt 0 0
vt 0 0
vt 0 0
vt 0 0
vt 0 0
vt 0 0
vt 0 0
vt 0 0
vt 0 0
vt 0 0
vt 0 0
vt 0 0
vt 0 0
vt 0 0
vt 0 0
vt 0 0
vt 0 0
vt 0 0
vt 0 0
vt 0 0
vt 0 0
vt 0 0
vt 0 0
vt 0 0
vt 0 0
vt 0 0
vt 0 0
vt 0 0
vt 0 0
vt 0 0
vt 0 0
vt 0 0
vt 0 0
vt 0 0
vt 0 0
vt 0 0
vt 0 0
vt 0 0
vt 0 0
vt 0 0
vt 0 0
vt 0 0
vt 0 0
vt 0 0
vt 0 0
vt 0 0
vt 0 0
vt 0 0
vt 0 0
vt 0 0
vt 0 0
vt 0 0
vt 0 0
vt 0 0
vt 0 0
vt 0 0
vt 0 0
vt 0 0
vt 0 0
vt 0 0
vt 0 0
vt 0 0
vt 0 0
vt 0 0
vt 0 0
vt 0 0
vt 0 0
vt 0 0
vt 0 0
vt 0 0
vt 0 0
vt 0 0
vt 0 0
vt 0 0
vt 0 0
vt 0 0
vt 0 0
vt 0 0
vt 0 0
vt 0 0
vt 0 0
vt 0 0
vt 0 0
vt 0 0
vt 0 0
vt 0 0
vt 0 0
vt 0 0
vt 0 0
vt 0 0
vt 0 0
vt 0 0
vt 0 0
vt 0 0
vt 0 0
vt 0 0
vt 0 0
vt 0 0
vt 0 0
vt 0 0
vt 0 0
vt 0 0
vt 0 0
vt 0 0
vt 0 0
vt 0 0
vt 0 0
vt 0 0
vt 0 0
vt 0 0
vt 0 0
vt 0 0
vt 0 0
vt 0 0
vt 0 0
vt 0 0
vt 0 0
vt 0 0
vt 0 0
vt 0 0
vt 0 0
vt 0 0
vt 0 0
vt 0 0
vt 0 0
vt 0 0
vt 0 0
vt 0 0
vt 0 0
vt 0 0
vt 0 0
vt 0 0
vt 0 0
vt 0 0
vt 0 0
vt 0 0
vt 0 0
vt 0 0
vt 0 0
vt 0 0
vt 0 0
vt 0 0
vt 0 0
vt 0 0
vt 0 0
vt 0 0
vt 0 0
vt 0 0
vt 0 0
vt 0 0
vt 0 0
vt 0 0
vt 0 0
vt 0 0
vt 0 0
vt 0 0
vt 0 0
vt 0 0
vt 0 0
vt 0 0
vt 0 0
vt 0 0
vt 0 0
vt 0 0
vt 0 0
vt 0 0
vt 0 0
vt 0 0
vt 0 0
vt 0 0
vt 0 0
vt 0 0
vt 0 0
vt 0 0
vt 0 0
vt 0 0
vt 0 0
vt 0 0
vt 0 0
vt 0 0
vt 0 0
vt 0 0
vt 0 0
vt 0 0
vt 0 0
vt 0 0
vt 0 0
vt 0 0
vt 0 0
vt 0 0
vt 0 0
vt 0 0
vt 0 0
vt 0 0
vt 0 0
vt 0 0
vt 0 0
vt 0 0
vt 0 0
vt 0 0
vt 0 0
vt 0 0
vt 0 0
vt 0 0
vt 0 0
vt 0 0
vt 0 0
vt 0 0
vt 0 0
vt 0 0
vt 0 0
vt 0 0
vt 0 0
vt 0 0
vt 0 0
vt 0 0
vt 0 0
vt 0 0
vt 0 0
vt 0 0
vt 0 0
vt 0 0
vt 0 0
vt 0 0
vt 0 0
vt 0 0
vt 0 0
vt 0 0
vt 0 0
vt 0 0
vt 0 0
vt 0 0
vt 0 0
vt 0 0
vt 0 0
vt 0 0
vt 0 0
vt 0 0
vt 0 0
vt 0 0
vt 0 0
vt 0 0
vt 0 0
vt 0 0
vt 0 0
vt 0 0
vt 0 0
vt 0 0
vt 0 0
vt 0 0
vt 0 0
vt 0 0
vt 0 0
vt 0 0
vt 0 0
vt 0 0
vt 0 0
vt 0 0
vt 0 0
vt 0 0
vt 0 0
vt 0 0
vt 0 0
vt 0 0
vt 0 0
vt 0 0
vt 0 0
vt 0 0
vt 0 0
vt 0 0
vt 0 0
vt 0 0
vt 0 0
vt 0 0
vt 0 0
vt 0 0
vt 0 0
vt 0 0
vt 0 0
vt 0 0
vt 0 0
vt 0 0
vt 0 0
vt 0 0
vt 0 0
vt 0 0
vt 0 0
vt 0 0
vt 0 0
vt 0 0
vt 0 0
vt 0 0
vt 0 0
vt 0 0
vt 0 0
vt 0 0
vt 0 0
vt 0 0
vt 0 0
vt 0 0
vt 0 0
vt 0 0
vt 0 0
vt 0 0
vt 0 0
vt 0 0
vt 0 0
vt 0 0
vt 0 0
vt 0 0
vt 0 0
vt 0 0
vt 0 0
vt 0 0
vt 0 0
vt 0 0
vt 0 0
vt 0 0
vt 0 0
vt 0 0
vt 0 0
vt 0 0
vt 0 0
vt 0 0
vt 0 0
vt 0 0
vt 0 0
vt 0 0
vt 0 0
vt 0 0
vt 0 0
vt 0 0
vt 0 0
vt 0 0
vt 0 0
vt 0 0
vt 0 0
vt 0 0
vt 0 0
vt 0 0
vt 0 0
vt 0 0
vt 0 0
vt 0 0
vt 0 0
vt 0 0
vt 0 0
vt 0 0
vt 0 0
vt 0 0
vt 0 0
vt 0 0
vt 0 0
vt 0 0
vt 0 0
vt 0 0
vt 0 0
vt 0 0
vt 0 0
vt 0 0
vt 0 0
vt 0 0
vt 0 0
vt 0 0
vt 0 0
vt 0 0
vt 0 0
vt 0 0
vt 0 0
vt 0 0
vt 0 0
vt 0 0
vt 0 0
vt 0 0
vt 0 0
vt 0 0
vt 0 0
vt 0 0
vt 0 0
vt 0 0
vt 0 0
vt 0 0
vt 0 0
vt 0 0
vt 0 0
vt 0 0
vt 0 0
vt 0 0
vt 0 0
vt 0 0
vt 0 0
vt 0 0
vt 0 0
vt 0 0
vt 0 0
vt 0 0
vt 0 0
vt 0 0
vt 0 0
vt 0 0
vt 0 0
vt 0 0
vt 0 0
vt 0 0
vt 0 0
vt 0 0
vt 0 0
vt 0 0
vt 0 0
vt 0 0
vt 0 0
vt 0 0
vt 0 0
vt 0 0
vt 0 0
vt 0 0
vt 0 0
vt 0 0
vt 0 0
vt 0 0
vt 0 0
vt 0 0
vt 0 0
vt 0 0
vt 0 0
vt 0 0
vt 0 0
vt 0 0
vt 0 0
vt 0 0
vt 0 0
vt 0 0
vt 0 0
vt 0 0
vt 0 0
vt 0 0
vt 0 0
vt 0 0
vt 0 0
vt 0 0
vt 0 0
vt 0 0
vt 0 0
vt 0 0
vt 0 0
vt 0 0
vt 0 0
vt 0 0
vt 0 0
vt 0 0
vt 0 0
vt 0 0
vt 0 0
vt 0 0
vt 0 0
vt 0 0
vt 0 0
vt 0 0
vt 0 0
vt 0 0
vt 0 0
vt 0 0
vt 0 0
vt 0 0
vt 0 0
vt 0 0
vt 0 0
vt 0 0
vt 0 0
vt 0 0
vt 0 0
vt 0 0
vt 0 0
vt 0 0
vt 0 0
vt 0 0
vt 0 0
vt 0 0
vt 0 0
vt 0 0
vt 0 0
vt 0 0
vt 0 0
vt 0 0
vt 0 0
vt 0 0
vt 0 0
vt 0 0
vt 0 0
vt 0 0
vt 0 0
vt 0 0
vt 0 0
vt 0 0
vt 0 0
vt 0 0
vt 0 0
vt 0 0
vt 0 0
vt 0 0
vt 0 0
vt 0 0
vt 0 0
vt 0 0
vt 0 0
vt 0 0
vt 0 0
vt 0 0
vt 0 0
vt 0 0
vt 0 0
vt 0 0
vt 0 0
vt 0 0
vt 0 0
vt 0 0
vt 0 0
vt 0 0
vt 0 0
vt 0 0
vt 0 0
vt 0 0
vt 0 0
vt 0 0
vt 0 0
vt 0 0
vt 0 0
vt 0 0
vt 0 0
vt 0 0
vt 0 0
vt 0 0
vt 0 0
vt 0 0
vt 0 0
vt 0 0
vt 0 0
vt 0 0
vt 0 0
vt 0 0
vt 0 0
vt 0 0
vt 0 0
vt 0 0
vt 0 0
vt 0 0
vt 0 0
vt 0 0
vt 0 0
vt 0 0
vt 0 0
vt 0 0
vt 0 0
vt 0 0
vt 0 0
vt 0 0
vt 0 0
vt 0 0
vt 0 0
vt 0 0
vt 0 0
vt 0 0
vt 0 0
vt 0 0
vt 0 0
vt 0 0
vt 0 0
vt 0 0
vt 0 0
vt 0 0
vt 0 0
vt 0 0
vt 0 0
vt 0 0
vt 0 0
vt 0 0
vt 0 0
vt 0 0
vt 0 0
vt 0 0
vt 0 0
vt 0 0
vt 0 0
vt 0 0
vt 0 0
vt 0 0
vt 0 0
vt 0 0
vt 0 0
vt 0 0
vt 0 0
vt 0 0
vt 0 0
vt 0 0
vt 0 0
vt 0 0
vt 0 0
vt 0 0
vt 0 0
vt 0 0
vt 0 0
vt 0 0
vt 0 0
vt 0 0
vt 0 0
vt 0 0
vt 0 0
vt 0 0
vt 0 0
vt 0 0
vt 0 0
vt 0 0
vt 0 0
vt 0 0
vt 0 0
vt 0 0
vt 0 0
vt 0 0
vt 0 0
vt 0 0
vt 0 0
vt 0 0
vt 0 0
vt 0 0
vt 0 0
vt 0 0
vt 0 0
vt 0 0
vt 0 0
vt 0 0
vt 0 0
vt 0 0
vt 0 0
vt 0 0
vt 0 0
vt 0 0
vt 0 0
vt 0 0
vt 0 0
vt 0 0
vt 0 0
vt 0 0
vt 0 0
vt 0 0
vt 0 0
vt 0 0
vt 0 0
vt 0 0
vt 0 0
vt 0 0
vt 0 0
vt 0 0
vt 0 0
vt 0 0
vt 0 0
vt 0 0
vt 0 0
vt 0 0
vt 0 0
vt 0 0
vt 0 0
vt 0 0
vt 0 0
vt 0 0
vt 0 0
vt 0 0
vt 0 0
vt 0 0
vt 0 0
vt 0 0
vt 0 0
vt 0 0
vt 0 0
vt 0 0
vt 0 0
vt 0 0
vt 0 0
vt 0 0
vt 0 0
vt 0 0
vt 0 0
vt 0 0
vt 0 0
vt 0 0
vt 0 0
vt 0 0
vt 0 0
vt 0 0
vt 0 0
vt 0 0
vt 0 0
vt 0 0
vt 0 0
vt 0 0
vt 0 0
vt 0 0
vt 0 0
vt 0 0
vt 0 0
vt 0 0
vt 0 0
vt 0 0
vt 0 0
vt 0 0
vt 0 0
vt 0 0
vt 0 0
vt 0 0
vt 0 0
vt 0 0
vt 0 0
vt 0 0
vt 0 0
vt 0 0
vt 0 0
vt 0 0
vt 0 0
vt 0 0
vt 0 0
vt 0 0
vt 0 0
vt 0 0
vt 0 0
vt 0 0
vt 0 0
vt 0 0
vt 0 0
vt 0 0
vt 0 0
vt 0 0
vt 0 0
vt 0 0
vt 0 0
vt 0 0
vt 0 0
vt 0 0
vt 0 0
vt 0 0
vt 0 0
vt 0 0
vt 0 0
vt 0 0
vt 0 0
vt 0 0
vt 0 0
vt 0 0
vt 0 0
vt 0 0
vt 0 0
vt 0 0
vt 0 0
vt 0 0
vt 0 0
vt 0 0
vt 0 0
vt 0 0
vt 0 0
vt 0 0
vt 0 0
vt 0 0
vt 0 0
vt 0 0
vt 0 0
vt 0 0
vt 0 0
vt 0 0
vt 0 0
vt 0 0
vt 0 0
vt 0 0
vt 0 0
vt 0 0
vt 0 0
vt 0 0
vt 0 0
vt 0 0
vt 0 0
vt 0 0
vt 0 0
vt 0 0
vt 0 0
vt 0 0
vt 0 0
vt 0 0
vt 0 0
vt 0 0
vt 0 0
vt 0 0
vt 0 0
vt 0 0
vt 0 0
vt 0 0
vt 0 0
vt 0 0
vt 0 0
vt 0 0
vt 0 0
vt 0 0
vt 0 0
vt 0 0
vt 0 0
vt 0 0
vt 0 0
vt 0 0
vt 0 0
vt 0 0
vt 0 0
vt 0 0
vt 0 0
vt 0 0
vt 0 0
vt 0 0
vt 0 0
vt 0 0
vt 0 0
vt 0 0
vt 0 0
vt 0 0
vt 0 0
vt 0 0
vt 0 0
vt 0 0
vt 0 0
vt 0 0
vt 0 0
vt 0 0
vt 0 0
vt 0 0
vt 0 0
vt 0 0
vt 0 0
vt 0 0
vt 0 0
vt 0 0
vt 0 0
vt 0 0
vt 0 0
vt 0 0
vt 0 0
vt 0 0
vt 0 0
vt 0 0
vt 0 0
vt 0 0
vt 0 0
vt 0 0
vt 0 0
vt 0 0
vt 0 0
vt 0 0
vt 0 0
vt 0 0
vt 0 0
vt 0 0
vt 0 0
vt 0 0
vt 0 0
vt 0 0
vt 0 0
vt 0 0
vt 0 0
vt 0 0
vt 0 0
vt 0 0
vt 0 0
vt 0 0
vt 0 0
vt 0 0
vt 0 0
vt 0 0
vt 0 0
vt 0 0
vt 0 0
vt 0 0
vt 0 0
vt 0 0
vt 0 0
vt 0 0
vt 0 0
vt 0 0
vt 0 0
vt 0 0
vt 0 0
vt 0 0
vt 0 0
vt 0 0
vt 0 0
vt 0 0
vt 0 0
vt 0 0
vt 0 0
vt 0 0
vt 0 0
vt 0 0
vt 0 0
vt 0 0
vt 0 0
vt 0 0
vt 0 0
vt 0 0
vt 0 0
vt 0 0
vt 0 0
vt 0 0
vt 0 0
vt 0 0
vt 0 0
vt 0 0
vt 0 0
vt 0 0
vt 0 0
vt 0 0
vt 0 0
vt 0 0
vt 0 0
vt 0 0
vt 0 0
vt 0 0
vt 0 0
vt 0 0
vt 0 0
vt 0 0
vt 0 0
vt 0 0
vt 0 0
vt 0 0
vt 0 0
vt 0 0
vt 0 0
vt 0 0
vt 0 0
vt 0 0
vt 0 0
vt 0 0
vt 0 0
vt 0 0
vt 0 0
vt 0 0
vt 0 0
vt 0 0
vt 0 0
vt 0 0
vt 0 0
vt 0 0
vt 0 0
vt 0 0
vt 0 0
vt 0 0
vt 0 0
vt 0 0
vt 0 0
vt 0 0
vt 0 0
vt 0 0
vt 0 0
vt 0 0
vt 0 0
vt 0 0
vt 0 0
vt 0 0
vt 0 0
vt 0 0
vt 0 0
vt 0 0
vt 0 0
vt 0 0
vt 0 0
vt 0 0
vt 0 0
vt 0 0
vt 0 0
vt 0 0
vt 0 0
vt 0 0
vt 0 0
vt 0 0
vt 0 0
vt 0 0
vt 0 0
vt 0 0
vt 0 0
vt 0 0
vt 0 0
vt 0 0
vt 0 0
vt 0 0
vt 0 0
vt 0 0
vt 0 0
vt 0 0
vt 0 0
vt 0 0
vt 0 0
vt 0 0
vt 0 0
vt 0 0
vt 0 0
vt 0 0
vt 0 0
vt 0 0
vt 0 0
vt 0 0
vt 0 0
vt 0 0
vt 0 0
vt 0 0
vt 0 0
vt 0 0
vt 0 0
vt 0 0
vt 0 0
vt 0 0
vt 0 0
vt 0 0
vt 0 0
vt 0 0
vt 0 0
vt 0 0
vt 0 0
vt 0 0
vt 0 0
vt 0 0
vt 0 0
vt 0 0
vt 0 0
vt 0 0
vt 0 0
vt 0 0
vt 0 0
vt 0 0
vt 0 0
vt 0 0
vt 0 0
vt 0 0
vt 0 0
vt 0 0
vt 0 0
vt 0 0
vt 0 0
vt 0 0
vt 0 0
vt 0 0
vt 0 0
vt 0 0
vt 0 0
vt 0 0
vt 0 0
vt 0 0
vt 0 0
vt 0 0
vt 0 0
vt 0 0
vt 0 0
vt 0 0
vt 0 0
vt 0 0
vt 0 0
vt 0 0
vt 0 0
vt 0 0
vt 0 0
vt 0 0
vt 0 0
vt 0 0
vt 0 0
vt 0 0
vt 0 0
vt 0 0
vt 0 0
vt 0 0
vt 0 0
vt 0 0
vt 0 0
vt 0 0
vt 0 0
vt 0 0
vt 0 0
vt 0 0
vt 0 0
vt 0 0
vt 0 0
vt 0 0
vt 0 0
vt 0 0
vt 0 0
vt 0 0
vt 0 0
vt 0 0
vt 0 0
vt 0 0
vt 0 0
vt 0 0
vt 0 0
vt 0 0
vt 0 0
vt 0 0
vt 0 0
vt 0 0
vt 0 0
vt 0 0
vt 0 0
vt 0 0
vt 0 0
vt 0 0
vt 0 0
vt 0 0
vt 0 0
vt 0 0
vt 0 0
vt 0 0
vt 0 0
vt 0 0
vt 0 0
vt 0 0
vt 0 0
vt 0 0
vt 0 0
vt 0 0
vt 0 0
vt 0 0
vt 0 0
vt 0 0
vt 0 0
vt 0 0
vt 0 0
vt 0 0
vt 0 0
vt 0 0
vt 0 0
vt 0 0
vt 0 0
vt 0 0
vt 0 0
vt 0 0
vt 0 0
vt 0 0
vt 0 0
vt 0 0
vt 0 0
vt 0 0
vt 0 0
vt 0 0
vt 0 0
vt 0 0
vt 0 0
vt 0 0
vt 0 0
vt 0 0
vt 0 0
vt 0 0
vt 0 0
vt 0 0
vt 0 0
vt 0 0
vt 0 0
vt 0 0
vt 0 0
vt 0 0
vt 0 0
vt 0 0
vt 0 0
vt 0 0
vt 0 0
vt 0 0
vt 0 0
vt 0 0
vt 0 0
vt 0 0
vt 0 0
vt 0 0
vt 0 0
vt 0 0
vt 0 0
vt 0 0
vt 0 0
vt 0 0
vt 0 0
vt 0 0
vt 0 0
vt 0 0
vt 0 0
vt 0 0
vt 0 0
vt 0 0
vt 0 0
vt 0 0
vt 0 0
vt 0 0
vt 0 0
vt 0 0
vt 0 0
vt 0 0
vt 0 0
vt 0 0
vt 0 0
vt 0 0
vt 0 0
vt 0 0
vt 0 0
vt 0 0
vt 0 0
vt 0 0
vt 0 0
vt 0 0
vt 0 0
vt 0 0
vt 0 0
vt 0 0
vt 0 0
vt 0 0
vt 0 0
vt 0 0
vt 0 0
vt 0 0
vt 0 0
vt 0 0
vt 0 0
vt 0 0
vt 0 0
vt 0 0
vt 0 0
vt 0 0
vt 0 0
vt 0 0
vt 0 0
vt 0 0
vt 0 0
vt 0 0
vt 0 0
vt 0 0
vt 0 0
vt 0 0
vt 0 0
vt 0 0
vt 0 0
vt 0 0
vt 0 0
vt 0 0
vt 0 0
vt 0 0
vt 0 0
vt 0 0
vt 0 0
vt 0 0
vt 0 0
vt 0 0
vt 0 0
vt 0 0
vt 0 0
vt 0 0
vt 0 0
vt 0 0
vt 0 0
vt 0 0
vt 0 0
vt 0 0
vt 0 0
vt 0 0
vt 0 0
vt 0 0
vt 0 0
vt 0 0
vt 0 0
vt 0 0
vt 0 0
vt 0 0
vt 0 0
vt 0 0
vt 0 0
vt 0 0
vt 0 0
vt 0 0
vt 0 0
vt 0 0
vt 0 0
vt 0 0
vt 0 0
vt 0 0
vt 0 0
vt 0 0
vt 0 0
vt 0 0
vt 0 0
vt 0 0
vt 0 0
vt 0 0
vt 0 0
vt 0 0
vt 0 0
vt 0 0
vt 0 0
vt 0 0
vt 0 0
vt 0 0
vt 0 0
vt 0 0
vt 0 0
vt 0 0
vt 0 0
vt 0 0
vt 0 0
vt 0 0
vt 0 0
vt 0 0
vt 0 0
vt 0 0
vt 0 0
vt 0 0
vt 0 0
vt 0 0
vt 0 0
vt 0 0
vt 0 0
vt 0 0
vt 0 0
vt 0 0
vt 0 0
vt 0 0
vt 0 0
vt 0 0
vt 0 0
vt 0 0
vt 0 0
vt 0 0
vt 0 0
vt 0 0
vt 0 0
vt 0 0
vt 0 0
vt 0 0
vt 0 0
vt 0 0
vt 0 0
vt 0 0
vt 0 0
vt 0 0
vt 0 0
vt 0 0
vt 0 0
vt 0 0
vt 0 0
vt 0 0
vt 0 0
vt 0 0
vt 0 0
vt 0 0
vt 0 0
vt 0 0
vt 0 0
vt 0 0
vt 0 0
vt 0 0
vt 0 0
vt 0 0
vt 0 0
vt 0 0
vt 0 0
vt 0 0
vt 0 0
vt 0 0
vt 0 0
vt 0 0
vt 0 0
vt 0 0
vt 0 0
vt 0 0
vt 0 0
vt 0 0
vt 0 0
vt 0 0
vt 0 0
vt 0 0
vt 0 0
vt 0 0
vt 0.375 0.25
vt 0.516234994 0.194437861
vt 0.516235054 0.125
vt 0.375 0.25
vt 0.399585426 0.307697713
vt 0.437829733 0.299512833
vt 0.437829703 0.450487196
vt 0.375 0.5
vt 0.516234994 0.466871262
vt 0.375 0.75
vt 0.516235054 0.694437861
vt 0.516235054 0.625
vt 0.437829733 0.799512863
vt 0.478829563 0.790945292
vt 0.375 0.75
vt 0.437829703 0.950487256
vt 0.375 1
vt 0.516234994 0.966871262
vt 0.375 0.5
vt 0.313941658 0.572685301
vt 0.314318687 0.625
vt 0.125 0.75
vt 0.186058313 0.677314639
vt 0.185681269 0.625
vt 0 0
vt 0 0
vt 0 0
vt 0 0
vt 0 0
vt 0 0
vt 0 0
vt 0 0
vt 0 0
vt 0 0
vt 0 0
vt 0 0
vt 0 0
vt 0 0
vt 0 0
vt 0 0
vt 0 0
vt 0 0
vt 0 0
vt 0 0
vt 0 0
vt 0 0
vt 0 0
vt 0 0
vt 0 0
vt 0 0
vt 0 0
vt 0 0
vt 0 0
vt 0 0
vt 0 0
vt 0 0
vt 0 0
vt 0 0
vt 0 0
vt 0 0
vt 0 0
vt 0 0
vt 0 0
vt 0 0
vt 0 0
vt 0 0
vt 0 0
vt 0 0
vt 0 0
vt 0 0
vt 0 0
vt 0 0
vt 0 0
vt 0 0
vt 0 0
vt 0 0
vt 0 0
vt 0 0
vt 0 0
vt 0 0
vt 0 0
vt 0 0
vt 0 0
vt 0 0
vt 0 0
vt 0 0
vt 0 0
vt 0 0
vt 0 0
vt 0 0
vt 0 0
vt 0 0
vt 0 0
vt 0 0
vt 0 0
vt 0 0
vt 0 0
vt 0 0
vt 0 0
vt 0 0
vt 0 0
vt 0 0
vt 0 0
vt 0 0
vt 0 0
vt 0 0
vt 0 0
vt 0 0
vt 0 0
vt 0 0
vt 0 0
vt 0 0
vt 0 0
vt 0 0
vt 0 0
vt 0 0
vt 0 0
vt 0 0
vt 0 0
vt 0 0
vt 0 0
vt 0 0
vt 0 0
vt 0 0
vt 0 0
vt 0 0
vt 0 0
vt 0 0
vt 0 0
vt 0 0
vt 0 0
vt 0 0
vt 0 0
vt 0 0
vt 0 0
vt 0 0
vt 0 0
vt 0 0
vt 0 0
vt 0 0
vt 0 0
vt 0 0
vt 0 0
vt 0 0
vt 0 0
vt 0 0
vt 0 0
vt 0 0
vt 0 0
vt 0 0
vt 0 0
vt 0 0
vt 0 0
vt 0 0
vt 0 0
vt 0 0
vt 0 0
vt 0 0
vt 0 0
vt 0 0
vt 0 0
vt 0 0
vt 0 0
vt 0 0
vt 0 0
vt 0 0
vt 0 0
vt 0 0
vt 0 0
vt 0 0
vt 0 0
vt 0 0
vt 0 0
vt 0 0
vt 0 0
vt 0 0
vt 0 0
vt 0 0
vt 0 0
vt 0 0
vt 0 0
vt 0 0
vt 0 0
vt 0 0
vt 0 0
vt 0 0
vt 0 0
vt 0 0
vt 0 0
vt 0 0
vt 0 0
vt 0 0
vt 0 0
vt 0 0
vt 0 0
vt 0 0
vt 0 0
vt 0 0
vt 0 0
vt 0 0
vt 0 0
vt 0 0
vt 0 0
vt 0 0
vt 0 0
vt 0 0
vt 0 0
vt 0 0
vt 0 0
vt 0 0
vt 0 0
vt 0 0
vt 0 0
vt 0 0
vt 0 0
vt 0 0
vt 0 0
vt 0 0
vt 0 0
vt 0 0
vt 0 0
vt 0 0
vt 0 0
vt 0 0
vt 0 0
vt 0 0
vt 0 0
vt 0 0
vt 0 0
vt 0 0
vt 0 0
vt 0 0
vt 0 0
vt 0 0
vt 0 0
vt 0 0
vt 0 0
vt 0 0
vt 0 0
vt 0 0
vt 0 0
vt 0 0
vt 0 0
vt 0 0
vt 0 0
vt 0 0
vt 0 0
vt 0 0
vt 0 0
vt 0 0
vt 0 0
vt 0 0
vt 0 0
vt 0 0
vt 0 0
vt 0 0
vt 0 0
vt 0 0
vt 0 0
vt 0 0
vt 0 0
vt 0 0
vt 0 0
vt 0 0
vt 0 0
vt 0 0
vt 0 0
vt 0 0
vt 0 0
vt 0 0
vt 0 0
vt 0 0
vt 0 0
vt 0 0
vt 0 0
vt 0 0
vt 0 0
vt 0 0
vt 0 0
vt 0 0
vt 0 0
vt 0 0
vt 0 0
vt 0 0
vt 0 0
vt 0 0
vt 0 0
vt 0 0
vt 0 0
vt 0 0
vt 0 0
vt 0 0
vt 0 0
vt 0 0
vt 0 0
vt 0 0
vt 0 0
vt 0 0
vt 0 0
vt 0 0
vt 0 0
vt 0 0
vt 0 0
vt 0 0
vt 0 0
vt 0 0
vt 0 0
vt 0 0
vt 0 0
vt 0 0
vt 0 0
vt 0 0
vt 0 0
vt 0 0
vt 0 0
vt 0 0
vt 0 0
vt 0 0
vt 0 0
vt 0 0
vt 0 0
vt 0 0
vt 0 0
vt 0 0
vt 0 0
vt 0 0
vt 0 0
vt 0 0
vt 0 0
vt 0 0
vt 0 0
vt 0 0
vt 0 0
vt 0 0
vt 0 0
vt 0 0
vt 0 0
vt 0 0
vt 0 0
vt 0 0
vt 0 0
vt 0 0
vt 0 0
vt 0 0
vt 0 0
vt 0 0
vt 0 0
vt 0 0
vt 0 0
vt 0 0
vt 0 0
vt 0 0
vt 0 0
vt 0 0
vt 0 0
vt 0 0
vt 0 0
vt 0 0
vt 0 0
vt 0 0
vt 0 0
vt 0 0
vt 0 0
vt 0 0
vt 0 0
vt 0 0
vt 0 0
vt 0 0
vt 0 0
vt 0 0
vt 0 0
vt 0 0
vt 0 0
vt 0 0
vt 0 0
vt 0 0
vt 0 0
vt 0 0
vt 0 0
vt 0 0
vt 0 0
vt 0 0
vt 0 0
vt 0 0
vt 0 0
vt 0 0
vt 0 0
vt 0 0
vt 0 0
vt 0 0
vt 0 0
vt 0 0
vt 0 0
vt 0 0
vt 0 0
vt 0 0
vt 0 0
vt 0 0
vt 0 0
vt 0 0
vt 0 0
vt 0 0
vt 0 0
vt 0 0
vt 0 0
vt 0 0
vt 0 0
vt 0 0
vt 0 0
vt 0 0
vt 0 0
vt 0 0
vt 0 0
vt 0 0
vt 0 0
vt 0 0
vt 0 0
vt 0 0
vt 0 0
vt 0 0
vt 0 0
vt 0 0
vt 0 0
vt 0 0
vt 0 0
vt 0 0
vt 0 0
vt 0 0
vt 0 0
vt 0 0
vt 0 0
vt 0 0
vt 0 0
vt 0 0
vt 0 0
vt 0 0
vt 0 0
vt 0 0
vt 0 0
vt 0 0
vt 0 0
vt 0 0
vt 0 0
vt 0 0
vt 0 0
vt 0 0
vt 0 0
vt 0 0
vt 0 0
vt 0 0
vt 0 0
vt 0 0
vt 0 0
vt 0 0
vt 0 0
vt 0 0
vt 0 0
vt 0 0
vt 0 0
vt 0 0
vt 0 0
vt 0 0
vt 0 0
vt 0 0
vt 0 0
vt 0 0
vt 0 0
vt 0 0
vt 0 0
vt 0 0
vt 0 0
vt 0 0
vt 0 0
vt 0 0
vt 0 0
vt 0 0
vt 0 0
vt 0 0
vt 0 0
vt 0 0
vt 0 0
vt 0 0
vt 0 0
vt 0 0
vt 0 0
vt 0 0
vt 0 0
vt 0 0
vt 0 0
vt 0 0
vt 0 0
vt 0 0
vt 0 0
vt 0 0
vt 0 0
vt 0 0
vt 0 0
vt 0 0
vt 0 0
vt 0 0
vt 0 0
vt 0 0
vt 0 0
vt 0 0
vt 0 0
vt 0 0
vt 0 0
vt 0 0
vt 0 0
vt 0 0
vt 0 0
vt 0 0
vt 0 0
vt 0 0
vt 0 0
vt 0 0
vt 0 0
vt 0 0
vt 0 0
vt 0 0
vt 0 0
vt 0 0
vt 0 0
vt 0 0
vt 0 0
vt 0 0
vt 0 0
vt 0 0
vt 0 0
vt 0 0
vt 0 0
vt 0 0
vt 0 0
vt 0 0
vt 0 0
vt 0 0
vt 0 0
vt 0 0
vt 0 0
vt 0 0
vt 0 0
vt 0 0
vt 0 0
vt 0 0
vt 0 0
vt 0 0
vt 0 0
vt 0 0
vt 0 0
vt 0 0
vt 0 0
vt 0 0
vt 0 0
vt 0 0
vt 0 0
vt 0 0
vt 0 0
vt 0 0
vt 0 0
vt 0 0
vt 0 0
vt 0 0
vt 0 0
vt 0 0
vt 0 0
vt 0 0
vt 0 0
vt 0 0
vt 0 0
vt 0 0
vt 0 0
vt 0 0
vt 0 0
vt 0 0
vt 0 0
vt 0 0
vt 0 0
vt 0 0
vt 0 0
vt 0 0
vt 0 0
vt 0 0
vt 0 0
vt 0 0
vt 0 0
vt 0 0
vt 0 0
vt 0 0
vt 0 0
vt 0 0
vt 0 0
vt 0 0
vt 0 0
vt 0 0
vt 0 0
vt 0 0
vt 0 0
vt 0 0
vt 0 0
vt 0 0
vt 0 0
vt 0 0
vt 0 0
vt 0 0
vt 0 0
vt 0 0
vt 0 0
vt 0 0
vt 0 0
vt 0 0
vt 0 0
vt 0 0
vt 0 0
vt 0 0
vt 0 0
vt 0 0
vt 0 0
vt 0 0
vt 0 0
vt 0 0
vt 0 0
vt 0 0
vt 0 0
vt 0 0
vt 0 0
vt 0 0
vt 0 0
vt 0 0
vt 0 0
vt 0 0
vt 0 0
vt 0 0
vt 0 0
vt 0 0
vt 0 0
vt 0 0
vt 0 0
vt 0 0
vt 0 0
vt 0 0
vt 0 0
vt 0 0
vt 0 0
vt 0 0
vt 0 0
vt 0 0
vt 0 0
vt 0 0
vt 0 0
vt 0 0
vt 0 0
vt 0 0
vt 0 0
vt 0 0
vt 0 0
vt 0 0
vt 0 0
vt 0 0
vt 0 0
vt 0 0
vt 0 0
vt 0 0
vt 0 0
vt 0 0
vt 0 0
vt 0 0
vt 0 0
vt 0 0
vt 0 0
vt 0 0
vt 0 0
vt 0 0
vt 0 0
vt 0 0
vt 0 0
vt 0 0
vt 0 0
vt 0 0
vt 0 0
vt 0 0
vt 0 0
vt 0 0
vt 0 0
vt 0 0
vt 0 0
vt 0 0
vt 0 0
vt 0 0
vt 0 0
vt 0 0
vt 0 0
vt 0 0
vt 0 0
vt 0 0
vt 0 0
vt 0 0
vt 0 0
vt 0 0
vt 0 0
vt 0 0
vt 0 0
vt 0 0
vt 0 0
vt 0 0
vt 0 0
vt 0 0
vt 0 0
vt 0 0
vt 0 0
vt 0 0
vt 0 0
vt 0 0
vt 0 0
vt 0 0
vt 0 0
vt 0 0
vt 0 0
vt 0 0
vt 0 0
vt 0 0
vt 0 0
vt 0 0
vt 0 0
vt 0 0
vt 0 0
vt 0 0
vt 0 0
vt 0 0
vt 0 0
vt 0 0
vt 0 0
vt 0 0
vt 0 0
vt 0 0
vt 0 0
vt 0 0
vt 0 0
vt 0 0
vt 0 0
vt 0 0
vt 0 0
vt 0 0
vt 0 0
vt 0 0
vt 0 0
vt 0 0
vt 0 0
vt 0 0
vt 0 0
vt 0 0
vt 0 0
vt 0 0
vt 0 0
vt 0 0
vt 0 0
vt 0 0
vt 0 0
vt 0 0
vt 0 0
vt 0 0
vt 0 0
vt 0 0
vt 0 0
vt 0 0
vt 0 0
vt 0 0
vt 0 0
vt 0 0
vt 0 0
vt 0 0
vt 0 0
vt 0 0
vt 0 0
vt 0 0
vt 0 0
vt 0 0
vt 0 0
vt 0 0
vt 0 0
vt 0 0
vt 0 0
vt 0 0
vt 0 0
vt 0 0
vt 0 0
vt 0 0
vt 0 0
vt 0 0
vt 0 0
vt 0 0
vt 0 0
vt 0 0
vt 0 0
vt 0 0
vt 0 0
vt 0 0
vt 0 0
vt 0 0
vt 0 0
vt 0 0
vt 0 0
vt 0 0
vt 0 0
vt 0 0
vt 0 0
vt 0 0
vt 0 0
vt 0 0
vt 0 0
vt 0 0
vt 0 0
vt 0 0
vt 0 0
vt 0 0
vt 0 0
vt 0 0
vt 0 0
vt 0 0
vt 0 0
vt 0 0
vt 0 0
vt 0 0
vt 0 0
vt 0 0
vt 0 0
vt 0 0
vt 0 0
vt 0 0
vt 0 0
vt 0 0
vt 0 0
vt 0 0
vt 0 0
vt 0 0
vt 0 0
vt 0 0
vt 0 0
vt 0 0
vt 0 0
vt 0 0
vt 0 0
vt 0 0
vt 0 0
vt 0 0
vt 0 0
vt 0 0
vt 0 0
vt 0 0
vt 0 0
vt 0 0
vt 0 0
vt 0 0
vt 0 0
vt 0 0
vt 0 0
vt 0 0
vt 0 0
vt 0 0
vt 0 0
vt 0 0
vt 0 0
vt 0 0
vt 0 0
vt 0 0
vt 0 0
vt 0 0
vt 0 0
vt 0 0
vt 0 0
vt 0 0
vt 0 0
vt 0 0
vt 0 0
vt 0 0
vt 0 0
vt 0 0
vt 0 0
vt 0 0
vt 0 0
vt 0 0
vt 0 0
vt 0 0
vt 0 0
vt 0 0
vt 0 0
vt 0 0
vt 0 0
vt 0 0
vt 0 0
vt 0 0
vt 0 0
vt 0 0
vt 0 0
vt 0 0
vt 0 0
vt 0 0
vt 0 0
vt 0 0
vt 0 0
vt 0 0
vt 0 0
vt 0 0
vt 0 0
vt 0 0
vt 0 0
vt 0 0
vt 0 0
vt 0 0
vt 0 0
vt 0 0
vt 0 0
vt 0 0
vt 0 0
vt 0 0
vt 0 0
vt 0 0
vt 0 0
vt 0 0
vt 0 0
vt 0 0
vt 0 0
vt 0 0
vt 0 0
vt 0 0
vt 0 0
vt 0 0
vt 0 0
vt 0 0
vt 0 0
vt 0 0
vt 0 0
vt 0 0
vt 0 0
vt 0 0
vt 0 0
vt 0 0
vt 0 0
vt 0 0
vt 0 0
vt 0 0
vt 0 0
vt 0 0
vt 0 0
vt 0 0
vt 0 0
vt 0 0
vt 0 0
vt 0 0
vt 0.516235113 0.0227297395
vt 0.516235054 0
vt 0.375 0
vt 0.375 0
vt 0.375 0.25
vt 0.516235054 0.125
vt 0.375 0.25
vt 0.516235054 0.25
vt 0.516235054 0.22727026
vt 0.375 0.25
vt 0.516235054 0.22727026
vt 0.516234994 0.194437861
vt 0.516234994 0.092004016
vt 0.516235113 0.0227297395
vt 0.375 0
vt 0.516235054 0.125
vt 0.516234994 0.092004016
vt 0.375 0
vt 0.516235054 0.266373932
vt 0.516235054 0.25
vt 0.375 0.25
vt 0.375 0.25
vt 0.375 0.312959492
vt 0.399585426 0.307697713
vt 0.437829733 0.299512833
vt 0.478829563 0.290945321
vt 0.375 0.25
vt 0.478829563 0.290945321
vt 0.516234994 0.283128649
vt 0.516235054 0.266373932
vt 0.375 0.25
vt 0.478829563 0.290945321
vt 0.516235054 0.266373932
vt 0.375 0.437040508
vt 0.375 0.5
vt 0.437829703 0.450487196
vt 0.375 0.5
vt 0.516235054 0.5
vt 0.516234994 0.466871262
vt 0.516234994 0.522729695
vt 0.516235054 0.5
vt 0.375 0.5
vt 0.375 0.5
vt 0.375 0.75
vt 0.516235054 0.625
vt 0.375 0.75
vt 0.516235054 0.75
vt 0.516235054 0.727270246
vt 0.375 0.75
vt 0.516235054 0.727270246
vt 0.516235054 0.694437861
vt 0.516234994 0.592004001
vt 0.516234994 0.522729695
vt 0.375 0.5
vt 0.516235054 0.625
vt 0.516234994 0.592004001
vt 0.375 0.5
vt 0.516235054 0.75
vt 0.375 0.75
vt 0.516235054 0.766373932
vt 0.375 0.75
vt 0.375 0.812959492
vt 0.399585426 0.807697713
vt 0.375 0.75
vt 0.399585426 0.807697713
vt 0.437829733 0.799512863
vt 0.516235054 0.766373932
vt 0.375 0.75
vt 0.478829563 0.790945292
vt 0.478829563 0.790945292
vt 0.516234994 0.783128619
vt 0.516235054 0.766373932
vt 0.437829703 0.950487256
vt 0.375 0.937040448
vt 0.375 1
vt 0.375 1
vt 0.516235054 1
vt 0.516234994 0.966871262
vt 0.375 0.5
vt 0.312040538 0.5
vt 0.312814981 0.520984054
vt 0.375 0.5
vt 0.312814981 0.520984054
vt 0.313941658 0.572685301
vt 0.312040508 0.75
vt 0.375 0.75
vt 0.312815011 0.729016066
vt 0.375 0.75
vt 0.375 0.5
vt 0.314318687 0.625
vt 0.312815011 0.729016066
vt 0.375 0.75
vt 0.313941687 0.677314639
vt 0.313941687 0.677314639
vt 0.375 0.75
vt 0.314318687 0.625
vt 0.125 0.75
vt 0.187959477 0.75
vt 0.187185019 0.729015946
vt 0.125 0.75
vt 0.187185019 0.729015946
vt 0.186058313 0.677314639
vt 0.187959477 0.5
vt 0.125 0.5
vt 0.187185004 0.520983994
vt 0.125 0.5
vt 0.125 0.75
vt 0.185681269 0.625
vt 0.187185004 0.520983994
vt 0.125 0.5
vt 0.186058283 0.572685242
vt 0.186058283 0.572685242
vt 0.125 0.5
vt 0.185681269 0.625
vn -0.534658059 -0.0876562719 0.840510046
vn -0.528581649 -0.116351285 0.840870869
vn -0.522832026 -0.141642747 0.840585513
vn -0.522832026 -0.141642747 0.840585513
vn -0.512902682 -0.172818185 0.840871401
vn -0.522043334 -0.144945871 0.840512612
vn -0.528581649 -0.116351285 0.840870869
vn -0.51290395 -0.172817193 0.840870832
vn -0.512902682 -0.172818185 0.840871401
vn -0.512902682 -0.172818185 0.840871401
vn -0.51290395 -0.172817193 0.840870832
vn -0.491214071 -0.22725785 0.840870149
vn -0.51290395 -0.172817193 0.840870832
vn -0.491211818 -0.227259302 0.840871072
vn -0.491214071 -0.22725785 0.840870149
vn -0.491214071 -0.22725785 0.840870149
vn -0.491211818 -0.227259302 0.840871072
vn -0.463765795 -0.279035684 0.840868821
vn -0.491211818 -0.227259302 0.840871072
vn -0.463763377 -0.279036326 0.840869942
vn -0.463765795 -0.279035684 0.840868821
vn -0.463765795 -0.279035684 0.840868821
vn -0.463763377 -0.279036326 0.840869942
vn -0.430879967 -0.327542079 0.84086779
vn -0.463763377 -0.279036326 0.840869942
vn -0.430875505 -0.327542242 0.840870013
vn -0.430879967 -0.327542079 0.84086779
vn -0.430879967 -0.327542079 0.84086779
vn -0.430875505 -0.327542242 0.840870013
vn -0.392934816 -0.372208373 0.840870476
vn -0.430875505 -0.327542242 0.840870013
vn -0.392936849 -0.372207696 0.840869826
vn -0.392934816 -0.372208373 0.840870476
vn -0.392934816 -0.372208373 0.840870476
vn -0.392936849 -0.372207696 0.840869826
vn -0.350384378 -0.412511103 0.840871796
vn -0.392936849 -0.372207696 0.840869826
vn -0.350395467 -0.41250896 0.840868226
vn -0.350384378 -0.412511103 0.840871796
vn -0.350384378 -0.412511103 0.840871796
vn -0.350395467 -0.41250896 0.840868226
vn -0.303737735 -0.447975524 0.840869382
vn -0.350395467 -0.41250896 0.840868226
vn -0.303740458 -0.447974782 0.840868794
vn -0.303737735 -0.447975524 0.840869382
vn -0.303737735 -0.447975524 0.840869382
vn -0.303740458 -0.447974782 0.840868794
vn -0.253520156 -0.478189251 0.840870127
vn -0.303740458 -0.447974782 0.840868794
vn -0.253510913 -0.478190196 0.840872376
vn -0.253520156 -0.478189251 0.840870127
vn -0.253520156 -0.478189251 0.840870127
vn -0.253510913 -0.478190196 0.840872376
vn -0.200332481 -0.50279636 0.840870215
vn -0.253510913 -0.478190196 0.840872376
vn -0.200322635 -0.502797167 0.840872077
vn -0.200332481 -0.50279636 0.840870215
vn -0.200332481 -0.50279636 0.840870215
vn -0.200322635 -0.502797167 0.840872077
vn -0.144812158 -0.521507469 0.840868241
vn -0.200322635 -0.502797167 0.840872077
vn -0.144796226 -0.521508887 0.840870105
vn -0.144812158 -0.521507469 0.840868241
vn -0.144812158 -0.521507469 0.840868241
vn -0.144796226 -0.521508887 0.840870105
vn -0.0875653674 -0.534106761 0.840869951
vn -0.144796226 -0.521508887 0.840870105
vn -0.0875523859 -0.534107521 0.84087082
vn -0.0875653674 -0.534106761 0.840869951
vn -0.0875653674 -0.534106761 0.840869951
vn -0.0875523859 -0.534107521 0.84087082
vn -0.0292951942 -0.540442991 0.840870481
vn -0.0875523859 -0.534107521 0.84087082
vn -0.0292943728 -0.540443408 0.840870241
vn -0.0292951942 -0.540442991 0.840870481
vn -0.0292951942 -0.540442991 0.840870481
vn -0.0292943728 -0.540443408 0.840870241
vn 0.0292959945 -0.540442978 0.840870461
vn -0.0292943728 -0.540443408 0.840870241
vn 0.0292928621 -0.540443585 0.84087018
vn 0.0292959945 -0.540442978 0.840870461
vn 0.0292959945 -0.540442978 0.840870461
vn 0.0292928621 -0.540443585 0.84087018
vn 0.0875679904 -0.534106719 0.840869705
vn 0.0292928621 -0.540443585 0.84087018
vn 0.0875521585 -0.534107616 0.840870783
vn 0.0875679904 -0.534106719 0.840869705
vn 0.0875679904 -0.534106719 0.840869705
vn 0.0875521585 -0.534107616 0.840870783
vn 0.144801291 -0.521508462 0.840869497
vn 0.0875521585 -0.534107616 0.840870783
vn 0.144803581 -0.521508445 0.840869113
vn 0.144801291 -0.521508462 0.840869497
vn 0.144801291 -0.521508462 0.840869497
vn 0.144803581 -0.521508445 0.840869113
vn 0.200327824 -0.502796876 0.840871015
vn 0.144803581 -0.521508445 0.840869113
vn 0.200340166 -0.502795814 0.84086871
vn 0.200327824 -0.502796876 0.840871015
vn 0.200327824 -0.502796876 0.840871015
vn 0.200340166 -0.502795814 0.84086871
vn 0.253511884 -0.478190526 0.840871896
vn 0.200340166 -0.502795814 0.84086871
vn 0.253508591 -0.478190887 0.840872684
vn 0.253511884 -0.478190526 0.840871896
vn 0.253511884 -0.478190526 0.840871896
vn 0.253508591 -0.478190887 0.840872684
vn 0.303727463 -0.447977178 0.840872211
vn 0.253508591 -0.478190887 0.840872684
vn 0.303731218 -0.44797676 0.840871078
vn 0.303727463 -0.447977178 0.840872211
vn 0.303727463 -0.447977178 0.840872211
vn 0.303731218 -0.44797676 0.840871078
vn 0.35039362 -0.412509676 0.840868645
vn 0.303731218 -0.44797676 0.840871078
vn 0.35039012 -0.412510501 0.840869699
vn 0.35039362 -0.412509676 0.840868645
vn 0.35039362 -0.412509676 0.840868645
vn 0.35039012 -0.412510501 0.840869699
vn 0.392938526 -0.372207762 0.840869013
vn 0.35039012 -0.412510501 0.840869699
vn 0.39293537 -0.372208927 0.840869972
vn 0.392938526 -0.372207762 0.840869013
vn 0.392938526 -0.372207762 0.840869013
vn 0.39293537 -0.372208927 0.840869972
vn 0.430873404 -0.327542789 0.840870877
vn 0.39293537 -0.372208927 0.840869972
vn 0.430879273 -0.327542728 0.840867893
vn 0.430873404 -0.327542789 0.840870877
vn 0.430873404 -0.327542789 0.840870877
vn 0.430879273 -0.327542728 0.840867893
vn 0.46375862 -0.279037507 0.840872173
vn 0.430879273 -0.327542728 0.840867893
vn 0.463764273 -0.279036983 0.84086923
vn 0.46375862 -0.279037507 0.840872173
vn 0.46375862 -0.279037507 0.840872173
vn 0.463764273 -0.279036983 0.84086923
vn 0.491210293 -0.227259985 0.840871778
vn 0.463764273 -0.279036983 0.84086923
vn 0.49121608 -0.227258943 0.840868679
vn 0.491210293 -0.227259985 0.840871778
vn 0.491210293 -0.227259985 0.840871778
vn 0.49121608 -0.227258943 0.840868679
vn 0.512900733 -0.1728215 0.840871909
vn 0.49121608 -0.227258943 0.840868679
vn 0.512906888 -0.172819831 0.840868498
vn 0.512900733 -0.1728215 0.840871909
vn 0.512900733 -0.1728215 0.840871909
vn 0.522047707 -0.144961374 0.840507223
vn 0.522034733 -0.144942111 0.840518603
vn 0.512906888 -0.172819831 0.840868498
vn 0.522834746 -0.141623504 0.840587064
vn 0.522047707 -0.144961374 0.840507223
vn 0.528580534 -0.11634968 0.840871792
vn 0.534663073 -0.087636447 0.840508924
vn 0.522834746 -0.141623504 0.840587064
vn 0.534663073 -0.087636447 0.840508924
vn 0.528580534 -0.11634968 0.840871792
vn 0.53465227 -0.0876528212 0.840514088
vn 0.528581649 0.116351285 0.840870869
vn 0.522832026 0.141642747 0.840585513
vn 0.534658059 0.0876562719 0.840510046
vn 0.522832026 0.141642747 0.840585513
vn 0.512902682 0.172818185 0.840871401
vn 0.522043334 0.144945871 0.840512612
vn 0.528581649 0.116351285 0.840870869
vn 0.51290395 0.172817193 0.840870832
vn 0.512902682 0.172818185 0.840871401
vn 0.512902682 0.172818185 0.840871401
vn 0.51290395 0.172817193 0.840870832
vn 0.491214071 0.22725785 0.840870149
vn 0.51290395 0.172817193 0.840870832
vn 0.491211818 0.227259302 0.840871072
vn 0.491214071 0.22725785 0.840870149
vn 0.491214071 0.22725785 0.840870149
vn 0.491211818 0.227259302 0.840871072
vn 0.463765795 0.279035684 0.840868821
vn 0.491211818 0.227259302 0.840871072
vn 0.463763377 0.279036326 0.840869942
vn 0.463765795 0.279035684 0.840868821
vn 0.463765795 0.279035684 0.840868821
vn 0.463763377 0.279036326 0.840869942
vn 0.430879967 0.327542079 0.84086779
vn 0.463763377 0.279036326 0.840869942
vn 0.430875505 0.327542242 0.840870013
vn 0.430879967 0.327542079 0.84086779
vn 0.430879967 0.327542079 0.84086779
vn 0.430875505 0.327542242 0.840870013
vn 0.392934816 0.372208373 0.840870476
vn 0.430875505 0.327542242 0.840870013
vn 0.392936849 0.372207696 0.840869826
vn 0.392934816 0.372208373 0.840870476
vn 0.392934816 0.372208373 0.840870476
vn 0.392936849 0.372207696 0.840869826
vn 0.350384378 0.412511103 0.840871796
vn 0.392936849 0.372207696 0.840869826
vn 0.350395467 0.41250896 0.840868226
vn 0.350384378 0.412511103 0.840871796
vn 0.350384378 0.412511103 0.840871796
vn 0.350395467 0.41250896 0.840868226
vn 0.303737735 0.447975524 0.840869382
vn 0.350395467 0.41250896 0.840868226
vn 0.303740458 0.447974782 0.840868794
vn 0.303737735 0.447975524 0.840869382
vn 0.303737735 0.447975524 0.840869382
vn 0.303740458 0.447974782 0.840868794
vn 0.253520156 0.478189251 0.840870127
vn 0.303740458 0.447974782 0.840868794
vn 0.253510913 0.478190196 0.840872376
vn 0.253520156 0.478189251 0.840870127
vn 0.253520156 0.478189251 0.840870127
vn 0.253510913 0.478190196 0.840872376
vn 0.200332481 0.50279636 0.840870215
vn 0.253510913 0.478190196 0.840872376
vn 0.200322635 0.502797167 0.840872077
vn 0.200332481 0.50279636 0.840870215
vn 0.200332481 0.50279636 0.840870215
vn 0.200322635 0.502797167 0.840872077
vn 0.14481216 0.521507592 0.840868165
vn 0.200322635 0.502797167 0.840872077
vn 0.144796228 0.521508774 0.840870175
vn 0.14481216 0.521507592 0.840868165
vn 0.14481216 0.521507592 0.840868165
vn 0.144796228 0.521508774 0.840870175
vn 0.0875653798 0.534106985 0.840869808
vn 0.144796228 0.521508774 0.840870175
vn 0.0875523827 0.534107382 0.840870909
vn 0.0875653798 0.534106985 0.840869808
vn 0.0875653798 0.534106985 0.840869808
vn 0.0875523827 0.534107382 0.840870909
vn 0.0292952043 0.540443422 0.840870203
vn 0.0875523827 0.534107382 0.840870909
vn 0.0292943727 0.540443227 0.840870358
vn 0.0292952043 0.540443422 0.840870203
vn 0.0292952043 0.540443422 0.840870203
vn 0.0292943727 0.540443227 0.840870358
vn -0.0292959975 0.540443298 0.840870256
vn 0.0292943727 0.540443227 0.840870358
vn -0.0292928615 0.540443335 0.840870341
vn -0.0292959975 0.540443298 0.840870256
vn -0.0292959975 0.540443298 0.840870256
vn -0.0292928615 0.540443335 0.840870341
vn -0.0875680396 0.534106925 0.840869569
vn -0.0292928615 0.540443335 0.840870341
vn -0.0875521567 0.534107531 0.840870837
vn -0.0875680396 0.534106925 0.840869569
vn -0.0875680396 0.534106925 0.840869569
vn -0.0875521567 0.534107531 0.840870837
vn -0.144801308 0.52150853 0.840869451
vn -0.0875521567 0.534107531 0.840870837
vn -0.144803581 0.521508445 0.840869113
vn -0.144801308 0.52150853 0.840869451
vn -0.144801308 0.52150853 0.840869451
vn -0.144803581 0.521508445 0.840869113
vn -0.200327824 0.502796876 0.840871015
vn -0.144803581 0.521508445 0.840869113
vn -0.200340166 0.502795814 0.84086871
vn -0.200327824 0.502796876 0.840871015
vn -0.200327824 0.502796876 0.840871015
vn -0.200340166 0.502795814 0.84086871
vn -0.253511884 0.478190526 0.840871896
vn -0.200340166 0.502795814 0.84086871
vn -0.253508591 0.478190887 0.840872684
vn -0.253511884 0.478190526 0.840871896
vn -0.253511884 0.478190526 0.840871896
vn -0.253508591 0.478190887 0.840872684
vn -0.303727463 0.447977178 0.840872211
vn -0.253508591 0.478190887 0.840872684
vn -0.303731218 0.44797676 0.840871078
vn -0.303727463 0.447977178 0.840872211
vn -0.303727463 0.447977178 0.840872211
vn -0.303731218 0.44797676 0.840871078
vn -0.35039362 0.412509676 0.840868645
vn -0.303731218 0.44797676 0.840871078
vn -0.35039012 0.412510501 0.840869699
vn -0.35039362 0.412509676 0.840868645
vn -0.35039362 0.412509676 0.840868645
vn -0.35039012 0.412510501 0.840869699
vn -0.392938526 0.372207762 0.840869013
vn -0.35039012 0.412510501 0.840869699
vn -0.39293537 0.372208927 0.840869972
vn -0.392938526 0.372207762 0.840869013
vn -0.392938526 0.372207762 0.840869013
vn -0.39293537 0.372208927 0.840869972
vn -0.430873404 0.327542789 0.840870877
vn -0.39293537 0.372208927 0.840869972
vn -0.430879273 0.327542728 0.840867893
vn -0.430873404 0.327542789 0.840870877
vn -0.430873404 0.327542789 0.840870877
vn -0.430879273 0.327542728 0.840867893
vn -0.46375862 0.279037507 0.840872173
vn -0.430879273 0.327542728 0.840867893
vn -0.463764273 0.279036983 0.84086923
vn -0.46375862 0.279037507 0.840872173
vn -0.46375862 0.279037507 0.840872173
vn -0.463764273 0.279036983 0.84086923
vn -0.491210293 0.227259985 0.840871778
vn -0.463764273 0.279036983 0.84086923
vn -0.49121608 0.227258943 0.840868679
vn -0.491210293 0.227259985 0.840871778
vn -0.491210293 0.227259985 0.840871778
vn -0.49121608 0.227258943 0.840868679
vn -0.512900733 0.1728215 0.840871909
vn -0.49121608 0.227258943 0.840868679
vn -0.512906888 0.172819831 0.840868498
vn -0.512900733 0.1728215 0.840871909
vn -0.512900733 0.1728215 0.840871909
vn -0.522047707 0.144961374 0.840507223
vn -0.522034733 0.144942111 0.840518603
vn -0.512906888 0.172819831 0.840868498
vn -0.522834754 0.141623388 0.840587078
vn -0.522047707 0.144961374 0.840507223
vn -0.534663149 0.0876345945 0.840509069
vn -0.522834754 0.141623388 0.840587078
vn -0.528580543 0.116349547 0.840871805
vn -0.528580543 0.116349547 0.840871805
vn -0.534652228 0.0876528166 0.840514116
vn -0.534663149 0.0876345945 0.840509069
vn 0.561187823 0.827688484 4.62687398e-07
vn 0.647384569 0.762163513 6.24376057e-07
vn 0.647386377 0.762161976 5.75673146e-07
vn -0.0541390165 -0.998533408 3.2870465e-08
vn 0.0541387416 -0.998533423 9.97705653e-08
vn -0.0541389278 -0.998533413 -9.6362092e-08
vn -0.907576175 -0.41988747 -8.14416555e-07
vn -0.85685624 -0.515555413 -7.70897558e-07
vn -0.907575156 -0.419889671 -8.3112442e-07
vn -0.725996802 -0.687698076 -6.83908875e-07
vn -0.796091811 -0.605175865 -7.01559159e-07
vn -0.796094358 -0.605172515 -7.51789287e-07
vn 0.994137989 0.108118725 8.99132814e-07
vn 1 2.37506592e-09 9.056522e-07
vn 1 0 9.05652144e-07
vn -0.647386215 0.762162115 -5.9580403e-07
vn -0.561185689 0.827689932 -4.37099255e-07
vn -0.561187193 0.827688911 -5.14164456e-07
vn 0.161782207 -0.986826488 1.16287027e-07
vn 0.267527133 -0.963550327 2.90833014e-07
vn 0.161781375 -0.986826624 1.85104005e-07
vn 0.856857742 0.515552917 7.85815839e-07
vn 0.907575447 0.419889042 8.0889443e-07
vn 0.907576074 0.419887687 8.29845182e-07
vn 0.796094026 0.605172952 7.03608373e-07
vn 0.856856377 0.515555186 7.48160662e-07
vn 0.856857742 0.515552917 7.85815839e-07
vn 0.647386412 -0.762161947 5.75673124e-07
vn 0.725994657 -0.687700341 7.15139332e-07
vn 0.647384569 -0.762163513 6.24376057e-07
vn 0.0541392542 -0.998533395 5.04238975e-08
vn 0.161781375 -0.986826624 1.85104005e-07
vn 0.0541387416 -0.998533423 9.97705653e-08
vn -6.5395102e-06 2.81110669e-14 1
vn -9.54073039e-06 -6.3207591e-07 1
vn 0 -1.74911406e-14 1
vn -0.976620186 0.214972121 -8.80159281e-07
vn -0.994137953 0.108119058 -9.0144489e-07
vn -0.994137855 0.108119961 -8.9914491e-07
vn -1 2.37506592e-09 -9.05873947e-07
vn -0.994137855 0.108119961 -8.9914491e-07
vn -0.994137953 0.108119058 -9.0144489e-07
vn 0.468410448 0.88351098 4.34288709e-07
vn 0.561185278 0.82769021 5.70914812e-07
vn 0.561187823 0.827688484 4.62687398e-07
vn -0.561187193 -0.827688911 -5.14164456e-07
vn -0.46840807 -0.883512241 -3.8855605e-07
vn -0.561185689 -0.827689932 -4.37099255e-07
vn 0.267528458 0.963549959 1.87137042e-07
vn 0.370137346 0.928977042 2.78489674e-07
vn 0.370139608 0.928976141 2.77680307e-07
vn -0.267528316 -0.963549999 -2.46630342e-07
vn -0.161781602 -0.986826587 -1.85147124e-07
vn -0.267527369 -0.963550262 -1.92724157e-07
vn 0.907576074 0.419887687 8.29845182e-07
vn 0.947653417 0.319300802 8.69543047e-07
vn 0.947653374 0.319300927 8.55129277e-07
vn 0.856857905 -0.515552646 7.65594458e-07
vn 0.796091934 -0.605175704 7.69857782e-07
vn 0.796094538 -0.605172278 6.94412053e-07
vn 0.976620531 0.214970554 8.81158349e-07
vn 0.994137913 0.108119425 9.01326958e-07
vn 0.994137989 0.108118725 8.99132814e-07
vn -0.0541390165 -0.998533408 3.2870465e-08
vn -0.161781602 -0.986826587 -1.85147124e-07
vn -0.161782061 -0.986826512 -9.6362054e-08
vn 0.947653236 -0.319301338 8.66670179e-07
vn 0.947653543 -0.319300427 8.54870918e-07
vn 0.96354989 -0.267528707 8.66858992e-07
vn 0.561187823 -0.827688484 4.62687398e-07
vn 0.647384569 -0.762163513 6.24376057e-07
vn 0.561185278 -0.82769021 5.70914755e-07
vn -0.947653724 0.319299891 -8.54871033e-07
vn -0.907575257 0.419889453 -8.31158054e-07
vn -0.907576164 0.419887493 -8.15692279e-07
vn -0.0541389199 0.998533413 3.97253235e-08
vn 0.0541387416 0.998533423 9.97705653e-08
vn 0.0541392542 0.998533395 5.04238975e-08
vn -0.370139258 0.92897628 -3.4468586e-07
vn -0.267527578 0.963550204 -2.02415463e-07
vn -0.267528249 0.963550017 -3.16478336e-07
vn 0.370139608 0.928976141 2.77680307e-07
vn 0.468407717 0.883512428 3.9597557e-07
vn 0.468410448 0.88351098 4.34288709e-07
vn 0.0541392542 0.998533395 5.04238975e-08
vn 0.161781375 0.986826624 1.85104005e-07
vn 0.161782207 0.986826488 1.16287041e-07
vn -0.468409883 -0.88351128 -3.71566603e-07
vn -0.370137798 -0.928976862 -2.89086349e-07
vn -0.46840807 -0.883512241 -3.8855605e-07
vn 0.468410448 -0.88351098 4.34288709e-07
vn 0.561185278 -0.82769021 5.70914755e-07
vn 0.468407717 -0.883512428 3.9597557e-07
vn -0.161781921 0.986826535 -1.04687103e-07
vn -0.0541390574 0.998533406 -8.88023484e-08
vn -0.0541389199 0.998533413 3.97253235e-08
vn 0.647386377 0.762161976 5.75673146e-07
vn 0.725994743 0.68770025 7.20538742e-07
vn 0.725996367 0.687698535 6.40605599e-07
vn -0.796093824 0.605173218 -7.35015306e-07
vn -0.725995032 0.687699944 -6.28532719e-07
vn -0.725996455 0.687698443 -6.77231999e-07
vn 0.994137988 -0.108118733 8.98500202e-07
vn 1 2.37506592e-09 9.056522e-07
vn 0.994137964 -0.108118954 9.01422899e-07
vn 0.267528458 -0.963549959 1.87137042e-07
vn 0.370137346 -0.928977042 2.78489674e-07
vn 0.267527133 -0.963550327 2.90833014e-07
vn -0.267528249 0.963550017 -3.16478336e-07
vn -0.161781704 0.986826571 -1.92767181e-07
vn -0.161781921 0.986826535 -1.04687103e-07
vn -0.468409883 0.88351128 -3.71566632e-07
vn -0.37013787 0.928976833 -2.84529221e-07
vn -0.370139258 0.92897628 -3.4468586e-07
vn 0.161782207 0.986826488 1.16287041e-07
vn 0.267527133 0.963550327 2.90833014e-07
vn 0.267528458 0.963549959 1.87137042e-07
vn -0.796094358 -0.605172515 -7.51789287e-07
vn -0.85685624 -0.515555413 -7.70897558e-07
vn -0.856858042 -0.515552418 -7.70894043e-07
vn -0.976620385 -0.214971216 -8.83695585e-07
vn -0.994137895 -0.108119593 -8.98796099e-07
vn -0.994137971 -0.108118888 -9.02264304e-07
vn -0.856857905 0.515552646 -7.65594572e-07
vn -0.796092302 0.60517522 -7.21677138e-07
vn -0.796093824 0.605173218 -7.35015306e-07
vn 0.796094538 -0.605172278 6.94412053e-07
vn 0.725994657 -0.687700341 7.15139332e-07
vn 0.72599683 -0.687698046 6.26352498e-07
vn -0.976620267 -0.214971753 -8.76424517e-07
vn -0.976620385 -0.214971216 -8.83695585e-07
vn -0.963550211 -0.267527551 -8.66046777e-07
vn 0.947653543 -0.319300427 8.54870918e-07
vn 0.907575235 -0.419889501 8.31158145e-07
vn 0.907576209 -0.419887396 8.15692379e-07
vn -0.907576175 -0.41988747 -8.14416555e-07
vn -0.947653209 -0.319301418 -8.5223528e-07
vn -0.947653769 -0.319299757 -8.5355657e-07
vn -1 2.37506592e-09 -9.05873947e-07
vn -0.994137895 -0.108119593 -8.98796099e-07
vn -1 0 -9.05652144e-07
vn 0.907576209 -0.419887396 8.15692379e-07
vn 0.856856208 -0.515555466 7.93634949e-07
vn 0.856857905 -0.515552646 7.65594458e-07
vn -0.647386215 -0.762162115 -5.9580403e-07
vn -0.561185689 -0.827689932 -4.37099255e-07
vn -0.647384958 -0.762163182 -5.31970798e-07
vn 0.370139608 -0.928976141 2.77680307e-07
vn 0.468407717 -0.883512428 3.9597557e-07
vn 0.370137346 -0.928977042 2.78489674e-07
vn 0.976620149 0.214972288 8.96913613e-07
vn 0.976620531 0.214970554 8.81158349e-07
vn 0.96354989 0.267528707 8.68968678e-07
vn -0.725996455 0.687698443 -6.77231999e-07
vn -0.647384958 0.762163182 -5.31970798e-07
vn -0.647386215 0.762162115 -5.9580403e-07
vn -0.561187193 0.827688911 -5.14164456e-07
vn -0.46840807 0.883512241 -3.8855605e-07
vn -0.468409883 0.88351128 -3.71566632e-07
vn 0.725996367 0.687698535 6.40605599e-07
vn 0.796092454 0.605175021 7.42163993e-07
vn 0.796094026 0.605172952 7.03608373e-07
vn -0.267528316 -0.963549999 -2.46630342e-07
vn -0.370137798 -0.928976862 -2.89086349e-07
vn -0.370139433 -0.928976211 -2.89085971e-07
vn -0.907576164 0.419887493 -8.15692279e-07
vn -0.85685625 0.515555396 -7.93635046e-07
vn -0.856857905 0.515552646 -7.65594572e-07
vn -0.947653242 0.31930132 -8.551802e-07
vn -0.947653724 0.319299891 -8.54871033e-07
vn -0.963550211 0.267527551 -8.66284041e-07
vn -0.725996802 -0.687698076 -6.83908875e-07
vn -0.647384958 -0.762163182 -5.31970798e-07
vn -0.725994483 -0.687700524 -6.26354405e-07
vn -1 3.89509808e-07 0
vn -0.994137901 0.108119534 0
vn -0.994137919 0.108119372 0
vn -0.994137901 0.108119534 0
vn -0.97662026 0.214971783 0
vn -0.994137919 0.108119372 0
vn -0.994137919 0.108119372 0
vn -0.97662026 0.214971783 0
vn -0.976620484 0.214970767 0
vn -0.97662026 0.214971783 0
vn -0.947653053 0.319301882 0
vn -0.976620484 0.214970767 0
vn -0.976620484 0.214970767 0
vn -0.947653053 0.319301882 0
vn -0.947653423 0.319300784 0
vn -0.947653053 0.319301882 0
vn -0.907575503 0.419888921 0
vn -0.947653423 0.319300784 0
vn -0.947653423 0.319300784 0
vn -0.907575503 0.419888921 0
vn -0.907575704 0.419888486 0
vn -0.907575503 0.419888921 0
vn -0.856857062 0.515554047 0
vn -0.907575704 0.419888486 0
vn -0.907575704 0.419888486 0
vn -0.856857062 0.515554047 0
vn -0.856856719 0.515554616 0
vn -0.856857062 0.515554047 0
vn -0.796093485 0.605173664 0
vn -0.856856719 0.515554616 0
vn -0.856856719 0.515554616 0
vn -0.796093485 0.605173664 0
vn -0.796092843 0.605174508 0
vn -0.796093485 0.605173664 0
vn -0.725995933 0.687698993 0
vn -0.796092843 0.605174508 0
vn -0.796092843 0.605174508 0
vn -0.725995933 0.687698993 0
vn -0.725995933 0.687698993 0
vn -0.725995933 0.687698993 0
vn -0.647386023 0.762162278 0
vn -0.725995933 0.687698993 0
vn -0.725995933 0.687698993 0
vn -0.647386023 0.762162278 0
vn -0.647386412 0.762161947 0
vn -0.647386023 0.762162278 0
vn -0.561186619 0.827689301 0
vn -0.647386412 0.762161947 0
vn -0.647386412 0.762161947 0
vn -0.561186619 0.827689301 0
vn -0.561186647 0.827689282 0
vn -0.561186619 0.827689301 0
vn -0.468408705 0.883511904 0
vn -0.561186647 0.827689282 0
vn -0.561186647 0.827689282 0
vn -0.468408705 0.883511904 0
vn -0.468408658 0.883511929 0
vn -0.468408705 0.883511904 0
vn -0.370138266 0.928976676 0
vn -0.468408658 0.883511929 0
vn -0.468408658 0.883511929 0
vn -0.370138266 0.928976676 0
vn -0.370138487 0.928976588 0
vn -0.370138266 0.928976676 0
vn -0.267528123 0.963550052 0
vn -0.370138487 0.928976588 0
vn -0.370138487 0.928976588 0
vn -0.267528123 0.963550052 0
vn -0.267528372 0.963549983 0
vn -0.267528123 0.963550052 0
vn -0.161782212 0.986826487 0
vn -0.267528372 0.963549983 0
vn -0.267528372 0.963549983 0
vn -0.161782212 0.986826487 0
vn -0.16178182 0.986826552 0
vn -0.161782212 0.986826487 0
vn -0.0541394102 0.998533387 0
vn -0.16178182 0.986826552 0
vn -0.16178182 0.986826552 0
vn -0.0541394102 0.998533387 0
vn -0.0541387193 0.998533424 0
vn -0.0541394102 0.998533387 0
vn 0.0541386312 0.998533429 0
vn -0.0541387193 0.998533424 0
vn -0.0541387193 0.998533424 0
vn 0.0541386312 0.998533429 0
vn 0.0541394845 0.998533383 0
vn 0.0541386312 0.998533429 0
vn 0.161781438 0.986826614 0
vn 0.0541394845 0.998533383 0
vn 0.0541394845 0.998533383 0
vn 0.161781438 0.986826614 0
vn 0.161782608 0.986826422 0
vn 0.161781438 0.986826614 0
vn 0.267527425 0.963550246 0
vn 0.161782608 0.986826422 0
vn 0.161782608 0.986826422 0
vn 0.267527425 0.963550246 0
vn 0.267529014 0.963549805 0
vn 0.267527425 0.963550246 0
vn 0.370137644 0.928976924 0
vn 0.267529014 0.963549805 0
vn 0.267529014 0.963549805 0
vn 0.370137644 0.928976924 0
vn 0.370139135 0.92897633 0
vn 0.370137644 0.928976924 0
vn 0.468407858 0.883512353 0
vn 0.370139135 0.92897633 0
vn 0.370139135 0.92897633 0
vn 0.468407858 0.883512353 0
vn 0.468409483 0.883511492 0
vn 0.468407858 0.883512353 0
vn 0.561186195 0.827689588 0
vn 0.468409483 0.883511492 0
vn 0.468409483 0.883511492 0
vn 0.561186195 0.827689588 0
vn 0.561187112 0.827688967 0
vn 0.561186195 0.827689588 0
vn 0.647385702 0.76216255 0
vn 0.561187112 0.827688967 0
vn 0.561187112 0.827688967 0
vn 0.647385702 0.76216255 0
vn 0.647386703 0.7621617 0
vn 0.647385702 0.76216255 0
vn 0.725995034 0.687699942 0
vn 0.647386703 0.7621617 0
vn 0.647386703 0.7621617 0
vn 0.725995034 0.687699942 0
vn 0.725996888 0.687697985 0
vn 0.725995034 0.687699942 0
vn 0.796092324 0.605175191 0
vn 0.725996888 0.687697985 0
vn 0.725996888 0.687697985 0
vn 0.796092324 0.605175191 0
vn 0.796093947 0.605173056 0
vn 0.796092324 0.605175191 0
vn 0.856856377 0.515555186 0
vn 0.796093947 0.605173056 0
vn 0.796093947 0.605173056 0
vn 0.856856377 0.515555186 0
vn 0.85685741 0.515553469 0
vn 0.856856377 0.515555186 0
vn 0.907575156 0.419889671 0
vn 0.85685741 0.515553469 0
vn 0.85685741 0.515553469 0
vn 0.907575156 0.419889671 0
vn 0.907576018 0.419887808 0
vn 0.907575156 0.419889671 0
vn 0.947653004 0.319302025 0
vn 0.907576018 0.419887808 0
vn 0.907576018 0.419887808 0
vn 0.947653004 0.319302025 0
vn 0.947653477 0.319300623 0
vn 0.947653004 0.319302025 0
vn 0.976620366 0.214971302 0
vn 0.947653477 0.319300623 0
vn 0.947653477 0.319300623 0
vn 0.976620366 0.214971302 0
vn 0.976620379 0.214971245 0
vn 0.976620366 0.214971302 0
vn 0.994137888 0.108119652 0
vn 0.976620379 0.214971245 0
vn 0.976620379 0.214971245 0
vn 0.994137888 0.108119652 0
vn 0.994137933 0.108119241 0
vn 0.994137888 0.108119652 0
vn 1 3.80009539e-07 0
vn 0.994137933 0.108119241 0
vn 0.994137933 0.108119241 0
vn 1 3.80009539e-07 0
vn 1 -3.89509808e-07 0
vn 1 3.80009539e-07 0
vn 0.994137901 -0.108119534 0
vn 1 -3.89509808e-07 0
vn 1 -3.89509808e-07 0
vn 0.994137901 -0.108119534 0
vn 0.994137919 -0.108119372 0
vn 0.994137901 -0.108119534 0
vn 0.97662026 -0.214971783 0
vn 0.994137919 -0.108119372 0
vn 0.994137919 -0.108119372 0
vn 0.97662026 -0.214971783 0
vn 0.976620484 -0.214970767 0
vn 0.97662026 -0.214971783 0
vn 0.947653053 -0.319301882 0
vn 0.976620484 -0.214970767 0
vn 0.976620484 -0.214970767 0
vn 0.947653053 -0.319301882 0
vn 0.947653423 -0.319300784 0
vn 0.947653053 -0.319301882 0
vn 0.907575503 -0.419888921 0
vn 0.947653423 -0.319300784 0
vn 0.947653423 -0.319300784 0
vn 0.907575503 -0.419888921 0
vn 0.907575704 -0.419888486 0
vn 0.907575503 -0.419888921 0
vn 0.856857062 -0.515554047 0
vn 0.907575704 -0.419888486 0
vn 0.907575704 -0.419888486 0
vn 0.856857062 -0.515554047 0
vn 0.856856719 -0.515554616 0
vn 0.856857062 -0.515554047 0
vn 0.796093485 -0.605173664 0
vn 0.856856719 -0.515554616 0
vn 0.856856719 -0.515554616 0
vn 0.796093485 -0.605173664 0
vn 0.796092843 -0.605174508 0
vn 0.796093485 -0.605173664 0
vn 0.725995933 -0.687698993 0
vn 0.796092843 -0.605174508 0
vn 0.796092843 -0.605174508 0
vn 0.725995933 -0.687698993 0
vn 0.725995933 -0.687698993 0
vn 0.725995933 -0.687698993 0
vn 0.647386023 -0.762162278 0
vn 0.725995933 -0.687698993 0
vn 0.725995933 -0.687698993 0
vn 0.647386023 -0.762162278 0
vn 0.647386412 -0.762161947 0
vn 0.647386023 -0.762162278 0
vn 0.561186619 -0.827689301 0
vn 0.647386412 -0.762161947 0
vn 0.647386412 -0.762161947 0
vn 0.561186619 -0.827689301 0
vn 0.561186647 -0.827689282 0
vn 0.561186619 -0.827689301 0
vn 0.468408705 -0.883511904 0
vn 0.561186647 -0.827689282 0
vn 0.561186647 -0.827689282 0
vn 0.468408705 -0.883511904 0
vn 0.468408658 -0.883511929 0
vn 0.468408705 -0.883511904 0
vn 0.370138266 -0.928976676 0
vn 0.468408658 -0.883511929 0
vn 0.468408658 -0.883511929 0
vn 0.370138266 -0.928976676 0
vn 0.370138487 -0.928976588 0
vn 0.370138266 -0.928976676 0
vn 0.267528123 -0.963550052 0
vn 0.370138487 -0.928976588 0
vn 0.370138487 -0.928976588 0
vn 0.267528123 -0.963550052 0
vn 0.267528372 -0.963549983 0
vn 0.267528123 -0.963550052 0
vn 0.161782212 -0.986826487 0
vn 0.267528372 -0.963549983 0
vn 0.267528372 -0.963549983 0
vn 0.161782212 -0.986826487 0
vn 0.16178182 -0.986826552 0
vn 0.161782212 -0.986826487 0
vn 0.0541394102 -0.998533387 0
vn 0.16178182 -0.986826552 0
vn 0.16178182 -0.986826552 0
vn 0.0541394102 -0.998533387 0
vn 0.0541387193 -0.998533424 0
vn 0.0541394102 -0.998533387 0
vn -0.0541386312 -0.998533429 0
vn 0.0541387193 -0.998533424 0
vn 0.0541387193 -0.998533424 0
vn -0.0541386312 -0.998533429 0
vn -0.0541394845 -0.998533383 0
vn -0.0541386312 -0.998533429 0
vn -0.161781438 -0.986826614 0
vn -0.0541394845 -0.998533383 0
vn -0.0541394845 -0.998533383 0
vn -0.161781438 -0.986826614 0
vn -0.161782608 -0.986826422 0
vn -0.161781438 -0.986826614 0
vn -0.267527425 -0.963550246 0
vn -0.161782608 -0.986826422 0
vn -0.161782608 -0.986826422 0
vn -0.267527425 -0.963550246 0
vn -0.267529014 -0.963549805 0
vn -0.267527425 -0.963550246 0
vn -0.370137644 -0.928976924 0
vn -0.267529014 -0.963549805 0
vn -0.267529014 -0.963549805 0
vn -0.370137644 -0.928976924 0
vn -0.370139135 -0.92897633 0
vn -0.370137644 -0.928976924 0
vn -0.468407858 -0.883512353 0
vn -0.370139135 -0.92897633 0
vn -0.370139135 -0.92897633 0
vn -0.468407858 -0.883512353 0
vn -0.468409483 -0.883511492 0
vn -0.468407858 -0.883512353 0
vn -0.561186195 -0.827689588 0
vn -0.468409483 -0.883511492 0
vn -0.468409483 -0.883511492 0
vn -0.561186195 -0.827689588 0
vn -0.561187112 -0.827688967 0
vn -0.561186195 -0.827689588 0
vn -0.647385702 -0.76216255 0
vn -0.561187112 -0.827688967 0
vn -0.561187112 -0.827688967 0
vn -0.647385702 -0.76216255 0
vn -0.647386703 -0.7621617 0
vn -0.647385702 -0.76216255 0
vn -0.725995034 -0.687699942 0
vn -0.647386703 -0.7621617 0
vn -0.647386703 -0.7621617 0
vn -0.725995034 -0.687699942 0
vn -0.725996888 -0.687697985 0
vn -0.725995034 -0.687699942 0
vn -0.796092324 -0.605175191 0
vn -0.725996888 -0.687697985 0
vn -0.725996888 -0.687697985 0
vn -0.796092324 -0.605175191 0
vn -0.796093947 -0.605173056 0
vn -0.796092324 -0.605175191 0
vn -0.856856377 -0.515555186 0
vn -0.796093947 -0.605173056 0
vn -0.796093947 -0.605173056 0
vn -0.856856377 -0.515555186 0
vn -0.85685741 -0.515553469 0
vn -0.856856377 -0.515555186 0
vn -0.907575156 -0.419889671 0
vn -0.85685741 -0.515553469 0
vn -0.85685741 -0.515553469 0
vn -0.907575156 -0.419889671 0
vn -0.907576018 -0.419887808 0
vn -0.907575156 -0.419889671 0
vn -0.947653004 -0.319302025 0
vn -0.907576018 -0.419887808 0
vn -0.907576018 -0.419887808 0
vn -0.947653004 -0.319302025 0
vn -0.947653477 -0.319300623 0
vn -0.947653004 -0.319302025 0
vn -0.976620366 -0.214971302 0
vn -0.947653477 -0.319300623 0
vn -0.947653477 -0.319300623 0
vn -0.976620366 -0.214971302 0
vn -0.976620379 -0.214971245 0
vn -0.976620366 -0.214971302 0
vn -0.994137888 -0.108119652 0
vn -0.976620379 -0.214971245 0
vn -0.976620379 -0.214971245 0
vn -0.994137888 -0.108119652 0
vn -0.994137933 -0.108119241 0
vn -0.994137888 -0.108119652 0
vn -1 -3.80009539e-07 0
vn -0.994137933 -0.108119241 0
vn -0.994137933 -0.108119241 0
vn -1 -3.80009539e-07 0
vn -1 3.89509808e-07 0
vn -1 -3.80009539e-07 0
vn -0.994137901 0.108119534 0
vn -1 3.89509808e-07 0
vn 0.703011056 -6.8488517e-07 -0.711178919
vn 0.698891588 0.0760086485 -0.711177357
vn 0.698891885 0.0760092584 -0.711177
vn 0.698891588 0.0760086485 -0.711177357
vn 0.686575638 0.151126605 -0.711178348
vn 0.698891885 0.0760092584 -0.711177
vn 0.698891885 0.0760092584 -0.711177
vn 0.686575638 0.151126605 -0.711178348
vn 0.686577635 0.151126076 -0.711176532
vn 0.686575638 0.151126605 -0.711178348
vn 0.666211943 0.224472218 -0.711177805
vn 0.686577635 0.151126076 -0.711176532
vn 0.686577635 0.151126076 -0.711176532
vn 0.666211943 0.224472218 -0.711177805
vn 0.666212667 0.224472117 -0.711177159
vn 0.666211943 0.224472218 -0.711177805
vn 0.638037737 0.29518732 -0.711176696
vn 0.666212667 0.224472117 -0.711177159
vn 0.666212667 0.224472117 -0.711177159
vn 0.638037737 0.29518732 -0.711176696
vn 0.638037346 0.295186115 -0.711177546
vn 0.638037737 0.29518732 -0.711176696
vn 0.602379053 0.362442541 -0.711178516
vn 0.638037346 0.295186115 -0.711177546
vn 0.638037346 0.295186115 -0.711177546
vn 0.602379053 0.362442541 -0.711178516
vn 0.602383133 0.362438527 -0.711177106
vn 0.602379053 0.362442541 -0.711178516
vn 0.559659432 0.425446757 -0.711179568
vn 0.602383133 0.362438527 -0.711177106
vn 0.602383133 0.362438527 -0.711177106
vn 0.559659432 0.425446757 -0.711179568
vn 0.559665958 0.425443515 -0.711176371
vn 0.559659432 0.425446757 -0.711179568
vn 0.510379672 0.483462751 -0.711179555
vn 0.559665958 0.425443515 -0.711176371
vn 0.559665958 0.425443515 -0.711176371
vn 0.510379672 0.483462751 -0.711179555
vn 0.510386294 0.483460044 -0.711176642
vn 0.510379672 0.483462751 -0.711179555
vn 0.455116875 0.535810539 -0.711179089
vn 0.510386294 0.483460044 -0.711176642
vn 0.510386294 0.483460044 -0.711176642
vn 0.455116875 0.535810539 -0.711179089
vn 0.455123322 0.53580819 -0.711176733
vn 0.455116875 0.535810539 -0.711179089
vn 0.394520664 0.581875971 -0.711177755
vn 0.455123322 0.53580819 -0.711176733
vn 0.455123322 0.53580819 -0.711176733
vn 0.394520664 0.581875971 -0.711177755
vn 0.394526198 0.581874213 -0.711176124
vn 0.394520664 0.581875971 -0.711177755
vn 0.329298419 0.62112 -0.71117684
vn 0.394526198 0.581874213 -0.711176124
vn 0.394526198 0.581874213 -0.711176124
vn 0.329298419 0.62112 -0.71117684
vn 0.329304523 0.621118142 -0.711175636
vn 0.329298419 0.62112 -0.71117684
vn 0.260210443 0.65308276 -0.711177498
vn 0.329304523 0.621118142 -0.711175636
vn 0.329304523 0.621118142 -0.711175636
vn 0.260210443 0.65308276 -0.711177498
vn 0.260215708 0.653081319 -0.711176895
vn 0.260210443 0.65308276 -0.711177498
vn 0.188071814 0.677387822 -0.71117841
vn 0.260215708 0.653081319 -0.711176895
vn 0.260215708 0.653081319 -0.711176895
vn 0.188071814 0.677387822 -0.71117841
vn 0.188074505 0.677387977 -0.711177551
vn 0.188071814 0.677387822 -0.71117841
vn 0.113733525 0.693751228 -0.711177839
vn 0.188074505 0.677387977 -0.711177551
vn 0.188074505 0.677387977 -0.711177551
vn 0.113733525 0.693751228 -0.711177839
vn 0.113736479 0.693751503 -0.711177099
vn 0.113733525 0.693751228 -0.711177839
vn 0.0380611597 0.701981588 -0.711177333
vn 0.113736479 0.693751503 -0.711177099
vn 0.113736479 0.693751503 -0.711177099
vn 0.0380611597 0.701981588 -0.711177333
vn 0.0380640772 0.701981419 -0.711177343
vn 0.0380611597 0.701981588 -0.711177333
vn -0.0380545494 0.701981796 -0.711177481
vn 0.0380640772 0.701981419 -0.711177343
vn 0.0380640772 0.701981419 -0.711177343
vn -0.0380545494 0.701981796 -0.711177481
vn -0.0380606596 0.701981571 -0.711177376
vn -0.0380545494 0.701981796 -0.711177481
vn -0.113722025 0.693752461 -0.711178475
vn -0.0380606596 0.701981571 -0.711177376
vn -0.0380606596 0.701981571 -0.711177376
vn -0.113722025 0.693752461 -0.711178475
vn -0.113737836 0.693751272 -0.711177107
vn -0.113722025 0.693752461 -0.711178475
vn -0.188074044 0.677388162 -0.711177497
vn -0.113737836 0.693751272 -0.711177107
vn -0.113737836 0.693751272 -0.711177107
vn -0.188074044 0.677388162 -0.711177497
vn -0.188073677 0.677388181 -0.711177576
vn -0.188074044 0.677388162 -0.711177497
vn -0.260208969 0.653082978 -0.711177838
vn -0.188073677 0.677388181 -0.711177576
vn -0.188073677 0.677388181 -0.711177576
vn -0.260208969 0.653082978 -0.711177838
vn -0.260207811 0.653083167 -0.711178088
vn -0.260208969 0.653082978 -0.711177838
vn -0.32929394 0.621120758 -0.711178251
vn -0.260207811 0.653083167 -0.711178088
vn -0.260207811 0.653083167 -0.711178088
vn -0.32929394 0.621120758 -0.711178251
vn -0.329302457 0.621119195 -0.711175673
vn -0.32929394 0.621120758 -0.711178251
vn -0.394527098 0.581874238 -0.711175604
vn -0.329302457 0.621119195 -0.711175673
vn -0.329302457 0.621119195 -0.711175673
vn -0.394527098 0.581874238 -0.711175604
vn -0.39452133 0.581876225 -0.711177178
vn -0.394527098 0.581874238 -0.711175604
vn -0.455120849 0.535809358 -0.711177435
vn -0.39452133 0.581876225 -0.711177178
vn -0.39452133 0.581876225 -0.711177178
vn -0.455120849 0.535809358 -0.711177435
vn -0.455117378 0.535810832 -0.711178546
vn -0.455120849 0.535809358 -0.711177435
vn -0.510385259 0.483460918 -0.711176791
vn -0.455117378 0.535810832 -0.711178546
vn -0.455117378 0.535810832 -0.711178546
vn -0.510385259 0.483460918 -0.711176791
vn -0.510382577 0.483462259 -0.711177804
vn -0.510385259 0.483460918 -0.711176791
vn -0.55966772 0.425443719 -0.711174863
vn -0.510382577 0.483462259 -0.711177804
vn -0.510382577 0.483462259 -0.711177804
vn -0.55966772 0.425443719 -0.711174863
vn -0.55965861 0.425447511 -0.711179763
vn -0.55966772 0.425443719 -0.711174863
vn -0.602383965 0.362439956 -0.711175672
vn -0.55965861 0.425447511 -0.711179763
vn -0.55965861 0.425447511 -0.711179763
vn -0.602383965 0.362439956 -0.711175672
vn -0.602379475 0.362441828 -0.711178521
vn -0.602383965 0.362439956 -0.711175672
vn -0.638039535 0.295185866 -0.711175686
vn -0.602379475 0.362441828 -0.711178521
vn -0.602379475 0.362441828 -0.711178521
vn -0.638039535 0.295185866 -0.711175686
vn -0.638036678 0.295187865 -0.711177419
vn -0.638039535 0.295185866 -0.711175686
vn -0.666215199 0.224472246 -0.711174746
vn -0.638036678 0.295187865 -0.711177419
vn -0.638036678 0.295187865 -0.711177419
vn -0.666215199 0.224472246 -0.711174746
vn -0.666211404 0.224473827 -0.711177802
vn -0.666215199 0.224472246 -0.711174746
vn -0.686579739 0.151127093 -0.711174285
vn -0.666211404 0.224473827 -0.711177802
vn -0.666211404 0.224473827 -0.711177802
vn -0.686579739 0.151127093 -0.711174285
vn -0.686575379 0.151127033 -0.711178507
vn -0.686579739 0.151127093 -0.711174285
vn -0.698894796 0.0760099363 -0.711174068
vn -0.686575379 0.151127033 -0.711178507
vn -0.686575379 0.151127033 -0.711178507
vn -0.698894796 0.0760099363 -0.711174068
vn -0.698889912 0.0760101826 -0.71117884
vn -0.698894796 0.0760099363 -0.711174068
vn -0.703014623 4.05402807e-07 -0.711175393
vn -0.698889912 0.0760101826 -0.71117884
vn -0.698889912 0.0760101826 -0.71117884
vn -0.703014623 4.05402807e-07 -0.711175393
vn -0.703011596 6.59338774e-07 -0.711178386
vn -0.703014623 4.05402807e-07 -0.711175393
vn -0.698891588 -0.0760086485 -0.711177357
vn -0.703011596 6.59338774e-07 -0.711178386
vn -0.703011596 6.59338774e-07 -0.711178386
vn -0.698891588 -0.0760086485 -0.711177357
vn -0.698891885 -0.0760092584 -0.711177
vn -0.698891588 -0.0760086485 -0.711177357
vn -0.686575638 -0.151126605 -0.711178348
vn -0.698891885 -0.0760092584 -0.711177
vn -0.698891885 -0.0760092584 -0.711177
vn -0.686575638 -0.151126605 -0.711178348
vn -0.686577635 -0.151126076 -0.711176532
vn -0.686575638 -0.151126605 -0.711178348
vn -0.666211943 -0.224472218 -0.711177805
vn -0.686577635 -0.151126076 -0.711176532
vn -0.686577635 -0.151126076 -0.711176532
vn -0.666211943 -0.224472218 -0.711177805
vn -0.666212667 -0.224472117 -0.711177159
vn -0.666211943 -0.224472218 -0.711177805
vn -0.638037737 -0.29518732 -0.711176696
vn -0.666212667 -0.224472117 -0.711177159
vn -0.666212667 -0.224472117 -0.711177159
vn -0.638037737 -0.29518732 -0.711176696
vn -0.638037346 -0.295186115 -0.711177546
vn -0.638037737 -0.29518732 -0.711176696
vn -0.602379053 -0.362442541 -0.711178516
vn -0.638037346 -0.295186115 -0.711177546
vn -0.638037346 -0.295186115 -0.711177546
vn -0.602379053 -0.362442541 -0.711178516
vn -0.602383133 -0.362438527 -0.711177106
vn -0.602379053 -0.362442541 -0.711178516
vn -0.559659432 -0.425446757 -0.711179568
vn -0.602383133 -0.362438527 -0.711177106
vn -0.602383133 -0.362438527 -0.711177106
vn -0.559659432 -0.425446757 -0.711179568
vn -0.559665958 -0.425443515 -0.711176371
vn -0.559659432 -0.425446757 -0.711179568
vn -0.510379672 -0.483462751 -0.711179555
vn -0.559665958 -0.425443515 -0.711176371
vn -0.559665958 -0.425443515 -0.711176371
vn -0.510379672 -0.483462751 -0.711179555
vn -0.510386294 -0.483460044 -0.711176642
vn -0.510379672 -0.483462751 -0.711179555
vn -0.455116875 -0.535810539 -0.711179089
vn -0.510386294 -0.483460044 -0.711176642
vn -0.510386294 -0.483460044 -0.711176642
vn -0.455116875 -0.535810539 -0.711179089
vn -0.455123322 -0.53580819 -0.711176733
vn -0.455116875 -0.535810539 -0.711179089
vn -0.394520664 -0.581875971 -0.711177755
vn -0.455123322 -0.53580819 -0.711176733
vn -0.455123322 -0.53580819 -0.711176733
vn -0.394520664 -0.581875971 -0.711177755
vn -0.394526198 -0.581874213 -0.711176124
vn -0.394520664 -0.581875971 -0.711177755
vn -0.329298419 -0.62112 -0.71117684
vn -0.394526198 -0.581874213 -0.711176124
vn -0.394526198 -0.581874213 -0.711176124
vn -0.329298419 -0.62112 -0.71117684
vn -0.329304523 -0.621118142 -0.711175636
vn -0.329298419 -0.62112 -0.71117684
vn -0.260210443 -0.65308276 -0.711177498
vn -0.329304523 -0.621118142 -0.711175636
vn -0.329304523 -0.621118142 -0.711175636
vn -0.260210443 -0.65308276 -0.711177498
vn -0.260215708 -0.653081319 -0.711176895
vn -0.260210443 -0.65308276 -0.711177498
vn -0.188071814 -0.677387822 -0.71117841
vn -0.260215708 -0.653081319 -0.711176895
vn -0.260215708 -0.653081319 -0.711176895
vn -0.188071814 -0.677387822 -0.71117841
vn -0.188074505 -0.677387977 -0.711177551
vn -0.188071814 -0.677387822 -0.71117841
vn -0.113733525 -0.693751228 -0.711177839
vn -0.188074505 -0.677387977 -0.711177551
vn -0.188074505 -0.677387977 -0.711177551
vn -0.113733525 -0.693751228 -0.711177839
vn -0.113736479 -0.693751503 -0.711177099
vn -0.113733525 -0.693751228 -0.711177839
vn -0.0380611597 -0.701981588 -0.711177333
vn -0.113736479 -0.693751503 -0.711177099
vn -0.113736479 -0.693751503 -0.711177099
vn -0.0380611597 -0.701981588 -0.711177333
vn -0.0380640772 -0.701981419 -0.711177343
vn -0.0380611597 -0.701981588 -0.711177333
vn 0.0380545494 -0.701981796 -0.711177481
vn -0.0380640772 -0.701981419 -0.711177343
vn -0.0380640772 -0.701981419 -0.711177343
vn 0.0380545494 -0.701981796 -0.711177481
vn 0.0380606596 -0.701981571 -0.711177376
vn 0.0380545494 -0.701981796 -0.711177481
vn 0.113722025 -0.693752461 -0.711178475
vn 0.0380606596 -0.701981571 -0.711177376
vn 0.0380606596 -0.701981571 -0.711177376
vn 0.113722025 -0.693752461 -0.711178475
vn 0.113737836 -0.693751272 -0.711177107
vn 0.113722025 -0.693752461 -0.711178475
vn 0.188074044 -0.677388162 -0.711177497
vn 0.113737836 -0.693751272 -0.711177107
vn 0.113737836 -0.693751272 -0.711177107
vn 0.188074044 -0.677388162 -0.711177497
vn 0.188073677 -0.677388181 -0.711177576
vn 0.188074044 -0.677388162 -0.711177497
vn 0.260208969 -0.653082978 -0.711177838
vn 0.188073677 -0.677388181 -0.711177576
vn 0.188073677 -0.677388181 -0.711177576
vn 0.260208969 -0.653082978 -0.711177838
vn 0.260207811 -0.653083167 -0.711178088
vn 0.260208969 -0.653082978 -0.711177838
vn 0.32929394 -0.621120758 -0.711178251
vn 0.260207811 -0.653083167 -0.711178088
vn 0.260207811 -0.653083167 -0.711178088
vn 0.32929394 -0.621120758 -0.711178251
vn 0.329302457 -0.621119195 -0.711175673
vn 0.32929394 -0.621120758 -0.711178251
vn 0.394527098 -0.581874238 -0.711175604
vn 0.329302457 -0.621119195 -0.711175673
vn 0.329302457 -0.621119195 -0.711175673
vn 0.394527098 -0.581874238 -0.711175604
vn 0.39452133 -0.581876225 -0.711177178
vn 0.394527098 -0.581874238 -0.711175604
vn 0.455120849 -0.535809358 -0.711177435
vn 0.39452133 -0.581876225 -0.711177178
vn 0.39452133 -0.581876225 -0.711177178
vn 0.455120849 -0.535809358 -0.711177435
vn 0.455117378 -0.535810832 -0.711178546
vn 0.455120849 -0.535809358 -0.711177435
vn 0.510385259 -0.483460918 -0.711176791
vn 0.455117378 -0.535810832 -0.711178546
vn 0.455117378 -0.535810832 -0.711178546
vn 0.510385259 -0.483460918 -0.711176791
vn 0.510382577 -0.483462259 -0.711177804
vn 0.510385259 -0.483460918 -0.711176791
vn 0.55966772 -0.425443719 -0.711174863
vn 0.510382577 -0.483462259 -0.711177804
vn 0.510382577 -0.483462259 -0.711177804
vn 0.55966772 -0.425443719 -0.711174863
vn 0.55965861 -0.425447511 -0.711179763
vn 0.55966772 -0.425443719 -0.711174863
vn 0.602383965 -0.362439956 -0.711175672
vn 0.55965861 -0.425447511 -0.711179763
vn 0.55965861 -0.425447511 -0.711179763
vn 0.602383965 -0.362439956 -0.711175672
vn 0.602379475 -0.362441828 -0.711178521
vn 0.602383965 -0.362439956 -0.711175672
vn 0.638039535 -0.295185866 -0.711175686
vn 0.602379475 -0.362441828 -0.711178521
vn 0.602379475 -0.362441828 -0.711178521
vn 0.638039535 -0.295185866 -0.711175686
vn 0.638036678 -0.295187865 -0.711177419
vn 0.638039535 -0.295185866 -0.711175686
vn 0.666215199 -0.224472246 -0.711174746
vn 0.638036678 -0.295187865 -0.711177419
vn 0.638036678 -0.295187865 -0.711177419
vn 0.666215199 -0.224472246 -0.711174746
vn 0.666211404 -0.224473827 -0.711177802
vn 0.666215199 -0.224472246 -0.711174746
vn 0.686579739 -0.151127093 -0.711174285
vn 0.666211404 -0.224473827 -0.711177802
vn 0.666211404 -0.224473827 -0.711177802
vn 0.686579739 -0.151127093 -0.711174285
vn 0.686575379 -0.151127033 -0.711178507
vn 0.686579739 -0.151127093 -0.711174285
vn 0.698894796 -0.0760099363 -0.711174068
vn 0.686575379 -0.151127033 -0.711178507
vn 0.686575379 -0.151127033 -0.711178507
vn 0.698894796 -0.0760099363 -0.711174068
vn 0.69888949 -0.0760102118 -0.711179252
vn 0.698894796 -0.0760099363 -0.711174068
vn 0.703014563 -4.10035972e-07 -0.711175452
vn 0.69888949 -0.0760102118 -0.711179252
vn 0.69888949 -0.0760102118 -0.711179252
vn 0.703014563 -4.10035972e-07 -0.711175452
vn 0.703011056 -6.8488517e-07 -0.711178919
vn 0.703014563 -4.10035972e-07 -0.711175452
vn 0.698891588 0.0760086485 -0.711177357
vn 0.703011056 -6.8488517e-07 -0.711178919
vn -1 3.15883341e-07 0
vn -0.994137935 0.108119219 0
vn -0.994137833 0.108120159 0
vn -0.994137935 0.108119219 0
vn -0.976620783 0.214969409 0
vn -0.994137833 0.108120159 0
vn -0.994137833 0.108120159 0
vn -0.976620783 0.214969409 0
vn -0.976620537 0.214970523 0
vn -0.976620783 0.214969409 0
vn -0.947653477 0.319300623 0
vn -0.976620537 0.214970523 0
vn -0.976620537 0.214970523 0
vn -0.947653477 0.319300623 0
vn -0.947652764 0.31930274 0
vn -0.947653477 0.319300623 0
vn -0.907576097 0.419887638 0
vn -0.947652764 0.31930274 0
vn -0.947652764 0.31930274 0
vn -0.907576097 0.419887638 0
vn -0.907574629 0.41989081 0
vn -0.907576097 0.419887638 0
vn -0.856858538 0.515551595 0
vn -0.907574629 0.41989081 0
vn -0.907574629 0.41989081 0
vn -0.856858538 0.515551595 0
vn -0.856856788 0.515554502 0
vn -0.856858538 0.515551595 0
vn -0.796093305 0.605173901 0
vn -0.856856788 0.515554502 0
vn -0.856856788 0.515554502 0
vn -0.796093305 0.605173901 0
vn -0.796092143 0.605175429 0
vn -0.796093305 0.605173901 0
vn -0.725995498 0.687699453 0
vn -0.796092143 0.605175429 0
vn -0.796092143 0.605175429 0
vn -0.725995498 0.687699453 0
vn -0.725995294 0.687699668 0
vn -0.725995498 0.687699453 0
vn -0.64738657 0.762161813 0
vn -0.725995294 0.687699668 0
vn -0.725995294 0.687699668 0
vn -0.64738657 0.762161813 0
vn -0.647386023 0.762162278 0
vn -0.64738657 0.762161813 0
vn -0.561187153 0.827688939 0
vn -0.647386023 0.762162278 0
vn -0.647386023 0.762162278 0
vn -0.561187153 0.827688939 0
vn -0.561186058 0.827689681 0
vn -0.561187153 0.827688939 0
vn -0.468409413 0.883511529 0
vn -0.561186058 0.827689681 0
vn -0.561186058 0.827689681 0
vn -0.468409413 0.883511529 0
vn -0.468407834 0.883512366 0
vn -0.468409413 0.883511529 0
vn -0.370139711 0.9289761 0
vn -0.468407834 0.883512366 0
vn -0.468407834 0.883512366 0
vn -0.370139711 0.9289761 0
vn -0.370137546 0.928976962 0
vn -0.370139711 0.9289761 0
vn -0.267528845 0.963549852 0
vn -0.370137546 0.928976962 0
vn -0.370137546 0.928976962 0
vn -0.267528845 0.963549852 0
vn -0.267527452 0.963550239 0
vn -0.267528845 0.963549852 0
vn -0.161782047 0.986826514 0
vn -0.267527452 0.963550239 0
vn -0.267527452 0.963550239 0
vn -0.161782047 0.986826514 0
vn -0.161781278 0.98682664 0
vn -0.161782047 0.986826514 0
vn -0.0541392319 0.998533396 0
vn -0.161781278 0.98682664 0
vn -0.161781278 0.98682664 0
vn -0.0541392319 0.998533396 0
vn -0.0541383712 0.998533443 0
vn -0.0541392319 0.998533396 0
vn 0.054138594 0.998533431 0
vn -0.0541383712 0.998533443 0
vn -0.0541383712 0.998533443 0
vn 0.054138594 0.998533431 0
vn 0.0541390388 0.998533407 0
vn 0.054138594 0.998533431 0
vn 0.161781462 0.98682661 0
vn 0.0541390388 0.998533407 0
vn 0.0541390388 0.998533407 0
vn 0.161781462 0.98682661 0
vn 0.161781839 0.986826548 0
vn 0.161781462 0.98682661 0
vn 0.267528233 0.963550022 0
vn 0.161781839 0.986826548 0
vn 0.161781839 0.986826548 0
vn 0.267528233 0.963550022 0
vn 0.26752812 0.963550053 0
vn 0.267528233 0.963550022 0
vn 0.370138986 0.928976389 0
vn 0.26752812 0.963550053 0
vn 0.26752812 0.963550053 0
vn 0.370138986 0.928976389 0
vn 0.370138271 0.928976674 0
vn 0.370138986 0.928976389 0
vn 0.468408704 0.883511905 0
vn 0.370138271 0.928976674 0
vn 0.370138271 0.928976674 0
vn 0.468408704 0.883511905 0
vn 0.468408374 0.88351208 0
vn 0.468408704 0.883511905 0
vn 0.56118666 0.827689273 0
vn 0.468408374 0.88351208 0
vn 0.468408374 0.88351208 0
vn 0.56118666 0.827689273 0
vn 0.561186591 0.82768932 0
vn 0.56118666 0.827689273 0
vn 0.64738622 0.76216211 0
vn 0.561186591 0.82768932 0
vn 0.561186591 0.82768932 0
vn 0.64738622 0.76216211 0
vn 0.647386244 0.76216209 0
vn 0.64738622 0.76216211 0
vn 0.725995294 0.687699668 0
vn 0.647386244 0.76216209 0
vn 0.647386244 0.76216209 0
vn 0.725995294 0.687699668 0
vn 0.725995498 0.687699453 0
vn 0.725995294 0.687699668 0
vn 0.796092764 0.605174613 0
vn 0.725995498 0.687699453 0
vn 0.725995498 0.687699453 0
vn 0.796092764 0.605174613 0
vn 0.796092764 0.605174613 0
vn 0.796092764 0.605174613 0
vn 0.856857684 0.515553013 0
vn 0.796092764 0.605174613 0
vn 0.796092764 0.605174613 0
vn 0.856857684 0.515553013 0
vn 0.856857657 0.515553057 0
vn 0.856857684 0.515553013 0
vn 0.907575201 0.419889574 0
vn 0.856857657 0.515553057 0
vn 0.856857657 0.515553057 0
vn 0.907575201 0.419889574 0
vn 0.907575503 0.419888921 0
vn 0.907575201 0.419889574 0
vn 0.947653004 0.319302025 0
vn 0.907575503 0.419888921 0
vn 0.907575503 0.419888921 0
vn 0.947653004 0.319302025 0
vn 0.947653194 0.319301463 0
vn 0.947653004 0.319302025 0
vn 0.976620646 0.214970031 0
vn 0.947653194 0.319301463 0
vn 0.947653194 0.319301463 0
vn 0.976620646 0.214970031 0
vn 0.976620683 0.214969861 0
vn 0.976620646 0.214970031 0
vn 0.994137865 0.108119866 0
vn 0.976620683 0.214969861 0
vn 0.976620683 0.214969861 0
vn 0.994137865 0.108119866 0
vn 0.994137899 0.108119549 0
vn 0.994137865 0.108119866 0
vn 1 3.2300855e-07 0
vn 0.994137899 0.108119549 0
vn 0.994137899 0.108119549 0
vn 1 3.2300855e-07 0
vn 1 -3.15883341e-07 0
vn 1 3.2300855e-07 0
vn 0.994137935 -0.108119219 0
vn 1 -3.15883341e-07 0
vn 1 -3.15883341e-07 0
vn 0.994137935 -0.108119219 0
vn 0.994137833 -0.108120159 0
vn 0.994137935 -0.108119219 0
vn 0.976620783 -0.214969409 0
vn 0.994137833 -0.108120159 0
vn 0.994137833 -0.108120159 0
vn 0.976620783 -0.214969409 0
vn 0.976620537 -0.214970523 0
vn 0.976620783 -0.214969409 0
vn 0.947653477 -0.319300623 0
vn 0.976620537 -0.214970523 0
vn 0.976620537 -0.214970523 0
vn 0.947653477 -0.319300623 0
vn 0.947652764 -0.31930274 0
vn 0.947653477 -0.319300623 0
vn 0.907576097 -0.419887638 0
vn 0.947652764 -0.31930274 0
vn 0.947652764 -0.31930274 0
vn 0.907576097 -0.419887638 0
vn 0.907574629 -0.41989081 0
vn 0.907576097 -0.419887638 0
vn 0.856858538 -0.515551595 0
vn 0.907574629 -0.41989081 0
vn 0.907574629 -0.41989081 0
vn 0.856858538 -0.515551595 0
vn 0.856856788 -0.515554502 0
vn 0.856858538 -0.515551595 0
vn 0.796093305 -0.605173901 0
vn 0.856856788 -0.515554502 0
vn 0.856856788 -0.515554502 0
vn 0.796093305 -0.605173901 0
vn 0.796092143 -0.605175429 0
vn 0.796093305 -0.605173901 0
vn 0.725995498 -0.687699453 0
vn 0.796092143 -0.605175429 0
vn 0.796092143 -0.605175429 0
vn 0.725995498 -0.687699453 0
vn 0.725995294 -0.687699668 0
vn 0.725995498 -0.687699453 0
vn 0.64738657 -0.762161813 0
vn 0.725995294 -0.687699668 0
vn 0.725995294 -0.687699668 0
vn 0.64738657 -0.762161813 0
vn 0.647386023 -0.762162278 0
vn 0.64738657 -0.762161813 0
vn 0.561187153 -0.827688939 0
vn 0.647386023 -0.762162278 0
vn 0.647386023 -0.762162278 0
vn 0.561187153 -0.827688939 0
vn 0.561186058 -0.827689681 0
vn 0.561187153 -0.827688939 0
vn 0.468409413 -0.883511529 0
vn 0.561186058 -0.827689681 0
vn 0.561186058 -0.827689681 0
vn 0.468409413 -0.883511529 0
vn 0.468407834 -0.883512366 0
vn 0.468409413 -0.883511529 0
vn 0.370139711 -0.9289761 0
vn 0.468407834 -0.883512366 0
vn 0.468407834 -0.883512366 0
vn 0.370139711 -0.9289761 0
vn 0.370137546 -0.928976962 0
vn 0.370139711 -0.9289761 0
vn 0.267528845 -0.963549852 0
vn 0.370137546 -0.928976962 0
vn 0.370137546 -0.928976962 0
vn 0.267528845 -0.963549852 0
vn 0.267527452 -0.963550239 0
vn 0.267528845 -0.963549852 0
vn 0.161782047 -0.986826514 0
vn 0.267527452 -0.963550239 0
vn 0.267527452 -0.963550239 0
vn 0.161782047 -0.986826514 0
vn 0.161781278 -0.98682664 0
vn 0.161782047 -0.986826514 0
vn 0.0541392319 -0.998533396 0
vn 0.161781278 -0.98682664 0
vn 0.161781278 -0.98682664 0
vn 0.0541392319 -0.998533396 0
vn 0.0541383712 -0.998533443 0
vn 0.0541392319 -0.998533396 0
vn -0.054138594 -0.998533431 0
vn 0.0541383712 -0.998533443 0
vn 0.0541383712 -0.998533443 0
vn -0.054138594 -0.998533431 0
vn -0.0541390388 -0.998533407 0
vn -0.054138594 -0.998533431 0
vn -0.161781462 -0.98682661 0
vn -0.0541390388 -0.998533407 0
vn -0.0541390388 -0.998533407 0
vn -0.161781462 -0.98682661 0
vn -0.161781839 -0.986826548 0
vn -0.161781462 -0.98682661 0
vn -0.267528233 -0.963550022 0
vn -0.161781839 -0.986826548 0
vn -0.161781839 -0.986826548 0
vn -0.267528233 -0.963550022 0
vn -0.26752812 -0.963550053 0
vn -0.267528233 -0.963550022 0
vn -0.370138986 -0.928976389 0
vn -0.26752812 -0.963550053 0
vn -0.26752812 -0.963550053 0
vn -0.370138986 -0.928976389 0
vn -0.370138271 -0.928976674 0
vn -0.370138986 -0.928976389 0
vn -0.468408704 -0.883511905 0
vn -0.370138271 -0.928976674 0
vn -0.370138271 -0.928976674 0
vn -0.468408704 -0.883511905 0
vn -0.468408374 -0.88351208 0
vn -0.468408704 -0.883511905 0
vn -0.56118666 -0.827689273 0
vn -0.468408374 -0.88351208 0
vn -0.468408374 -0.88351208 0
vn -0.56118666 -0.827689273 0
vn -0.561186591 -0.82768932 0
vn -0.56118666 -0.827689273 0
vn -0.64738622 -0.76216211 0
vn -0.561186591 -0.82768932 0
vn -0.561186591 -0.82768932 0
vn -0.64738622 -0.76216211 0
vn -0.647386244 -0.76216209 0
vn -0.64738622 -0.76216211 0
vn -0.725995294 -0.687699668 0
vn -0.647386244 -0.76216209 0
vn -0.647386244 -0.76216209 0
vn -0.725995294 -0.687699668 0
vn -0.725995498 -0.687699453 0
vn -0.725995294 -0.687699668 0
vn -0.796092764 -0.605174613 0
vn -0.725995498 -0.687699453 0
vn -0.725995498 -0.687699453 0
vn -0.796092764 -0.605174613 0
vn -0.796092764 -0.605174613 0
vn -0.796092764 -0.605174613 0
vn -0.856857684 -0.515553013 0
vn -0.796092764 -0.605174613 0
vn -0.796092764 -0.605174613 0
vn -0.856857684 -0.515553013 0
vn -0.856857657 -0.515553057 0
vn -0.856857684 -0.515553013 0
vn -0.907575201 -0.419889574 0
vn -0.856857657 -0.515553057 0
vn -0.856857657 -0.515553057 0
vn -0.907575201 -0.419889574 0
vn -0.907575503 -0.419888921 0
vn -0.907575201 -0.419889574 0
vn -0.947653004 -0.319302025 0
vn -0.907575503 -0.419888921 0
vn -0.907575503 -0.419888921 0
vn -0.947653004 -0.319302025 0
vn -0.947653194 -0.319301463 0
vn -0.947653004 -0.319302025 0
vn -0.976620646 -0.214970031 0
vn -0.947653194 -0.319301463 0
vn -0.947653194 -0.319301463 0
vn -0.976620646 -0.214970031 0
vn -0.976620683 -0.214969861 0
vn -0.976620646 -0.214970031 0
vn -0.994137865 -0.108119866 0
vn -0.976620683 -0.214969861 0
vn -0.976620683 -0.214969861 0
vn -0.994137865 -0.108119866 0
vn -0.994137899 -0.108119549 0
vn -0.994137865 -0.108119866 0
vn -1 -3.2300855e-07 0
vn -0.994137899 -0.108119549 0
vn -0.994137899 -0.108119549 0
vn -1 -3.2300855e-07 0
vn -1 3.15883341e-07 0
vn -1 -3.2300855e-07 0
vn -0.994137935 0.108119219 0
vn -1 3.15883341e-07 0
vn 1.77095444e-06 0 1
vn 4.75868137e-06 0 1
vn 6.21393883e-06 0 1
vn 0 0 1
vn 4.75868137e-06 0 1
vn 1.77095444e-06 0 1
vn 0 0 1
vn 3.89134539e-06 0 1
vn 0 0 1
vn 1.28295528e-06 0 1
vn 3.89134539e-06 0 1
vn 0 0 1
vn 1.28295528e-06 0 1
vn -1.06062271e-06 0 1
vn 0 0 1
vn 1.28295528e-06 0 1
vn -2.46623608e-06 0 1
vn -1.06062271e-06 0 1
vn -1.06062271e-06 0 1
vn -2.46623608e-06 0 1
vn 7.81699953e-07 0 1
vn -2.46623608e-06 0 1
vn -6.18923579e-08 0 1
vn 7.81699953e-07 0 1
vn 7.81699953e-07 0 1
vn -6.18923579e-08 0 1
vn -2.02826641e-06 0 1
vn -6.18923579e-08 0 1
vn 2.15772093e-06 0 1
vn -2.02826641e-06 0 1
vn -2.02826641e-06 0 1
vn 2.15772093e-06 0 1
vn 7.43831549e-07 0 1
vn 2.15772093e-06 0 1
vn 4.93880066e-07 0 1
vn 7.43831549e-07 0 1
vn 7.43831549e-07 0 1
vn 4.93880066e-07 0 1
vn -4.98629288e-06 0 1
vn 4.93880066e-07 0 1
vn -9.8776286e-07 0 1
vn -4.98629288e-06 0 1
vn -4.98629288e-06 0 1
vn -9.8776286e-07 0 1
vn -6.9972707e-06 0 1
vn -9.8776286e-07 0 1
vn 0 0 1
vn -6.9972707e-06 0 1
vn -6.9972707e-06 0 1
vn 0 0 1
vn 0 0 1
vn 0 0 1
vn 0 0 1
vn 0 0 1
vn 0 0 1
vn 0 0 1
vn 8.48491345e-06 0 1
vn 0 0 1
vn -3.69777899e-06 0 1
vn 8.48491345e-06 0 1
vn 8.48491345e-06 0 1
vn -3.69777899e-06 0 1
vn 6.06752428e-06 0 1
vn -3.69777899e-06 0 1
vn -5.30320858e-06 0 1
vn 6.06752428e-06 0 1
vn 6.06752428e-06 0 1
vn -5.30320858e-06 0 1
vn 0 0 1
vn -5.30320858e-06 0 1
vn 0 0 1
vn 0 0 1
vn 0 0 1
vn 0 0 1
vn 0 0 1
vn 0 0 1
vn 0 0 1
vn 0 0 1
vn 0 0 1
vn 0 0 1
vn 0 0 1
vn 0 0 1
vn 0 0 1
vn 0 0 1
vn 0 0 1
vn 0 0 1
vn 0 0 1
vn 0 0 1
vn 0 0 1
vn 0 0 1
vn 0 0 1
vn 0 0 1
vn 0 0 1
vn 0 0 1
vn 0 0 1
vn 0 0 1
vn 0 0 1
vn 0 0 1
vn 0 0 1
vn 0 0 1
vn 0 0 1
vn 0 0 1
vn 0 0 1
vn 0 0 1
vn 0 0 1
vn 0 0 1
vn -4.6855348e-06 0 1
vn 0 0 1
vn 0 0 1
vn -4.6855348e-06 0 1
vn -9.297367e-07 0 1
vn -4.6855348e-06 0 1
vn -5.30320494e-06 0 1
vn -9.297367e-07 0 1
vn -9.297367e-07 0 1
vn -5.30320494e-06 0 1
vn 0 0 1
vn -5.30320494e-06 0 1
vn 0 0 1
vn 0 0 1
vn 0 0 1
vn 0 0 1
vn 0 0 1
vn 0 0 1
vn 0 0 1
vn 0 0 1
vn 0 0 1
vn 0 0 1
vn 0 0 1
vn 0 0 1
vn 0 0 1
vn 0 0 1
vn 0 0 1
vn 0 0 1
vn 0 0 1
vn 0 0 1
vn 0 0 1
vn 0 0 1
vn 0 0 1
vn 0 0 1
vn 0 0 1
vn 0 0 1
vn 0 0 1
vn 0 0 1
vn 0 0 1
vn 0 0 1
vn 0 0 1
vn 0 0 1
vn 2.34276717e-06 0 1
vn 0 0 1
vn 0 0 1
vn 2.34276717e-06 0 1
vn 4.6486818e-07 0 1
vn 2.34276717e-06 0 1
vn 3.08832824e-07 0 1
vn 4.6486818e-07 0 1
vn 4.6486818e-07 0 1
vn 3.08832824e-07 0 1
vn -4.64868691e-07 0 1
vn 3.08832824e-07 0 1
vn -2.65159906e-06 0 1
vn -4.64868691e-07 0 1
vn -4.64868691e-07 0 1
vn -2.65159906e-06 0 1
vn 0 0 1
vn -2.65159906e-06 0 1
vn 8.64648825e-07 0 1
vn 0 0 1
vn 0 0 1
vn 0 0 1
vn 0 0 1
vn -1.9863628e-06 0 1
vn -3.90903915e-06 0 1
vn -2.43420664e-06 0 1
vn -1.26666714e-06 0 1
vn -3.90903915e-06 0 1
vn -1.9863628e-06 0 1
vn -3.70671455e-06 0 1
vn -1.26666714e-06 0 1
vn -1.9863628e-06 0 1
vn -6.20543801e-07 0 1
vn 0 0 1
vn -3.70671455e-06 0 1
vn -2.3433488e-06 0 1
vn -6.20543801e-07 0 1
vn -3.70671455e-06 0 1
vn 0 0 1
vn -2.3433488e-06 0 1
vn 8.28186728e-07 0 1
vn 1.14043542e-06 0 1
vn 8.28186728e-07 0 1
vn -2.3433488e-06 0 1
vn 8.28186728e-07 0 1
vn 1.14043542e-06 0 1
vn -7.81699953e-07 0 1
vn 1.14043542e-06 0 1
vn 6.18923579e-08 0 1
vn -7.81699953e-07 0 1
vn -7.81699953e-07 0 1
vn 6.18923579e-08 0 1
vn 2.02826641e-06 0 1
vn 6.18923579e-08 0 1
vn -2.15772093e-06 0 1
vn 2.02826641e-06 0 1
vn 2.02826641e-06 0 1
vn -2.15772093e-06 0 1
vn -7.43831549e-07 0 1
vn -2.15772093e-06 0 1
vn -4.93880066e-07 0 1
vn -7.43831549e-07 0 1
vn -7.43831549e-07 0 1
vn -4.93880066e-07 0 1
vn 4.98629288e-06 0 1
vn -4.93880066e-07 0 1
vn 9.8776286e-07 0 1
vn 4.98629288e-06 0 1
vn 4.98629288e-06 0 1
vn 9.8776286e-07 0 1
vn 6.9972707e-06 0 1
vn 9.8776286e-07 0 1
vn 0 0 1
vn 6.9972707e-06 0 1
vn 6.9972707e-06 0 1
vn 0 0 1
vn 0 0 1
vn 0 0 1
vn 0 0 1
vn 0 0 1
vn 0 0 1
vn 0 0 1
vn -8.48491345e-06 0 1
vn 0 0 1
vn 3.69777899e-06 0 1
vn -8.48491345e-06 0 1
vn -8.48491345e-06 0 1
vn 3.69777899e-06 0 1
vn -6.06752428e-06 0 1
vn 3.69777899e-06 0 1
vn 5.30320858e-06 0 1
vn -6.06752428e-06 0 1
vn -6.06752428e-06 0 1
vn 5.30320858e-06 0 1
vn 0 0 1
vn 5.30320858e-06 0 1
vn 0 0 1
vn 0 0 1
vn 0 0 1
vn 0 0 1
vn 0 0 1
vn 0 0 1
vn 0 0 1
vn 0 0 1
vn 0 0 1
vn 0 0 1
vn 0 0 1
vn 0 0 1
vn 0 0 1
vn 0 0 1
vn 0 0 1
vn 0 0 1
vn 0 0 1
vn 0 0 1
vn 0 0 1
vn 0 0 1
vn 0 0 1
vn 0 0 1
vn 0 0 1
vn 0 0 1
vn 0 0 1
vn 0 0 1
vn 0 0 1
vn 0 0 1
vn 0 0 1
vn 0 0 1
vn 0 0 1
vn 0 0 1
vn 0 0 1
vn 0 0 1
vn 0 0 1
vn 0 0 1
vn 4.6855348e-06 0 1
vn 0 0 1
vn 0 0 1
vn 4.6855348e-06 0 1
vn 9.297367e-07 0 1
vn 4.6855348e-06 0 1
vn 5.30320494e-06 0 1
vn 9.297367e-07 0 1
vn 9.297367e-07 0 1
vn 5.30320494e-06 0 1
vn 0 0 1
vn 5.30320494e-06 0 1
vn 0 0 1
vn 0 0 1
vn 0 0 1
vn 0 0 1
vn 0 0 1
vn 0 0 1
vn 0 0 1
vn 0 0 1
vn 0 0 1
vn 0 0 1
vn 0 0 1
vn 0 0 1
vn 0 0 1
vn 0 0 1
vn 0 0 1
vn 0 0 1
vn 0 0 1
vn 0 0 1
vn 0 0 1
vn 0 0 1
vn 0 0 1
vn 0 0 1
vn 0 0 1
vn 0 0 1
vn 0 0 1
vn 0 0 1
vn 0 0 1
vn 0 0 1
vn 0 0 1
vn 0 0 1
vn -2.34276717e-06 0 1
vn 0 0 1
vn 0 0 1
vn -2.34276717e-06 0 1
vn -4.6486818e-07 0 1
vn -2.34276717e-06 0 1
vn -3.08832824e-07 0 1
vn -4.6486818e-07 0 1
vn -4.6486818e-07 0 1
vn -3.08832824e-07 0 1
vn 4.64868691e-07 0 1
vn -3.08832824e-07 0 1
vn 2.65159906e-06 0 1
vn 4.64868691e-07 0 1
vn 4.64868691e-07 0 1
vn 2.65159906e-06 0 1
vn 0 0 1
vn 2.65159906e-06 0 1
vn 8.64648939e-07 0 1
vn 0 0 1
vn 0 0 1
vn 0 0 1
vn 0 0 1
vn 1.77095444e-06 0 1
vn 6.21393883e-06 0 1
vn 3.31444568e-07 0 1
vn 5.50975187e-07 0 -1
vn 4.90338653e-06 0 -1
vn 3.49122433e-06 0 -1
vn -1 -2.77881128e-07 0
vn -0.99413813 0.108117425 0
vn -0.994138048 0.108118182 0
vn -0.99413813 0.108117425 0
vn -0.976620497 0.214970708 0
vn -0.994138048 0.108118182 0
vn -0.994138048 0.108118182 0
vn -0.976620497 0.214970708 0
vn -0.97662023 0.214971922 0
vn -0.976620497 0.214970708 0
vn -0.947653423 0.319300784 0
vn -0.97662023 0.214971922 0
vn -0.97662023 0.214971922 0
vn -0.947653423 0.319300784 0
vn -0.947652598 0.319303231 0
vn -0.947653423 0.319300784 0
vn -0.907575773 0.419888339 0
vn -0.947652598 0.319303231 0
vn -0.947652598 0.319303231 0
vn -0.907575773 0.419888339 0
vn -0.907574551 0.41989098 0
vn -0.907575773 0.419888339 0
vn -0.856856361 0.515555212 0
vn -0.907574551 0.41989098 0
vn -0.907574551 0.41989098 0
vn -0.856856361 0.515555212 0
vn -0.856856719 0.515554616 0
vn -0.856856361 0.515555212 0
vn -0.796094308 0.605172582 0
vn -0.856856719 0.515554616 0
vn -0.856856719 0.515554616 0
vn -0.796094308 0.605172582 0
vn -0.796093665 0.605173426 0
vn -0.796094308 0.605172582 0
vn -0.725997178 0.687697679 0
vn -0.796093665 0.605173426 0
vn -0.796093665 0.605173426 0
vn -0.725997178 0.687697679 0
vn -0.725993816 0.687701229 0
vn -0.725997178 0.687697679 0
vn -0.647387151 0.762161319 0
vn -0.725993816 0.687701229 0
vn -0.725993816 0.687701229 0
vn -0.647387151 0.762161319 0
vn -0.64738419 0.762163835 0
vn -0.647387151 0.762161319 0
vn -0.561188398 0.827688095 0
vn -0.64738419 0.762163835 0
vn -0.64738419 0.762163835 0
vn -0.561188398 0.827688095 0
vn -0.561185209 0.827690257 0
vn -0.561188398 0.827688095 0
vn -0.46841165 0.883510343 0
vn -0.561185209 0.827690257 0
vn -0.561185209 0.827690257 0
vn -0.46841165 0.883510343 0
vn -0.468406137 0.883513266 0
vn -0.46841165 0.883510343 0
vn -0.370139808 0.928976061 0
vn -0.468406137 0.883513266 0
vn -0.468406137 0.883513266 0
vn -0.370139808 0.928976061 0
vn -0.370134647 0.928978118 0
vn -0.370139808 0.928976061 0
vn -0.267530115 0.963549499 0
vn -0.370134647 0.928978118 0
vn -0.370134647 0.928978118 0
vn -0.267530115 0.963549499 0
vn -0.267527259 0.963550292 0
vn -0.267530115 0.963549499 0
vn -0.161782709 0.986826406 0
vn -0.267527259 0.963550292 0
vn -0.267527259 0.963550292 0
vn -0.161782709 0.986826406 0
vn -0.161780185 0.986826819 0
vn -0.161782709 0.986826406 0
vn -0.0541388531 0.998533417 0
vn -0.161780185 0.986826819 0
vn -0.161780185 0.986826819 0
vn -0.0541388531 0.998533417 0
vn -0.0541372722 0.998533503 0
vn -0.0541388531 0.998533417 0
vn 0.0541380703 0.998533459 0
vn -0.0541372722 0.998533503 0
vn -0.0541372722 0.998533503 0
vn 0.0541380703 0.998533459 0
vn 0.0541386785 0.998533426 0
vn 0.0541380703 0.998533459 0
vn 0.161781892 0.98682654 0
vn 0.0541386785 0.998533426 0
vn 0.0541386785 0.998533426 0
vn 0.161781892 0.98682654 0
vn 0.161781602 0.986826587 0
vn 0.161781892 0.98682654 0
vn 0.267529042 0.963549797 0
vn 0.161781602 0.986826587 0
vn 0.161781602 0.986826587 0
vn 0.267529042 0.963549797 0
vn 0.267528332 0.963549994 0
vn 0.267529042 0.963549797 0
vn 0.370140307 0.928975862 0
vn 0.267528332 0.963549994 0
vn 0.267528332 0.963549994 0
vn 0.370140307 0.928975862 0
vn 0.370137176 0.92897711 0
vn 0.370140307 0.928975862 0
vn 0.468409743 0.883511354 0
vn 0.370137176 0.92897711 0
vn 0.370137176 0.92897711 0
vn 0.468409743 0.883511354 0
vn 0.468405996 0.88351334 0
vn 0.468409743 0.883511354 0
vn 0.561187823 0.827688484 0
vn 0.468405996 0.88351334 0
vn 0.468405996 0.88351334 0
vn 0.561187823 0.827688484 0
vn 0.561185633 0.827689969 0
vn 0.561187823 0.827688484 0
vn 0.647386377 0.762161976 0
vn 0.561185633 0.827689969 0
vn 0.561185633 0.827689969 0
vn 0.647386377 0.762161976 0
vn 0.647384865 0.762163261 0
vn 0.647386377 0.762161976 0
vn 0.725997034 0.687697831 0
vn 0.647384865 0.762163261 0
vn 0.647384865 0.762163261 0
vn 0.725997034 0.687697831 0
vn 0.725994946 0.687700035 0
vn 0.725997034 0.687697831 0
vn 0.796092093 0.605175495 0
vn 0.725994946 0.687700035 0
vn 0.725994946 0.687700035 0
vn 0.796092093 0.605175495 0
vn 0.796092302 0.60517522 0
vn 0.796092093 0.605175495 0
vn 0.856856293 0.515555326 0
vn 0.796092302 0.60517522 0
vn 0.796092302 0.60517522 0
vn 0.856856293 0.515555326 0
vn 0.856858195 0.515552164 0
vn 0.856856293 0.515555326 0
vn 0.907575515 0.419888896 0
vn 0.856858195 0.515552164 0
vn 0.856858195 0.515552164 0
vn 0.907575515 0.419888896 0
vn 0.90757557 0.419888777 0
vn 0.907575515 0.419888896 0
vn 0.947652773 0.319302713 0
vn 0.90757557 0.419888777 0
vn 0.90757557 0.419888777 0
vn 0.947652773 0.319302713 0
vn 0.947652661 0.319303044 0
vn 0.947652773 0.319302713 0
vn 0.976620453 0.214970907 0
vn 0.947652661 0.319303044 0
vn 0.947652661 0.319303044 0
vn 0.976620453 0.214970907 0
vn 0.976620447 0.214970934 0
vn 0.976620453 0.214970907 0
vn 0.994138074 0.108117947 0
vn 0.976620447 0.214970934 0
vn 0.976620447 0.214970934 0
vn 0.994138074 0.108117947 0
vn 0.994138021 0.108118432 0
vn 0.994138074 0.108117947 0
vn 1 4.10884013e-07 0
vn 0.994138021 0.108118432 0
vn 0.994138021 0.108118432 0
vn 1 4.10884013e-07 0
vn 1 -1.4250314e-07 0
vn 1 4.10884013e-07 0
vn 0.994138139 -0.108117344 0
vn 1 -1.4250314e-07 0
vn 1 -1.4250314e-07 0
vn 0.994138139 -0.108117344 0
vn 0.994138013 -0.108118505 0
vn 0.994138139 -0.108117344 0
vn 0.976620494 -0.214970722 0
vn 0.994138013 -0.108118505 0
vn 0.994138013 -0.108118505 0
vn 0.976620494 -0.214970722 0
vn 0.97662023 -0.214971922 0
vn 0.976620494 -0.214970722 0
vn 0.947653423 -0.319300784 0
vn 0.97662023 -0.214971922 0
vn 0.97662023 -0.214971922 0
vn 0.947653423 -0.319300784 0
vn 0.947652598 -0.319303231 0
vn 0.947653423 -0.319300784 0
vn 0.907575773 -0.419888339 0
vn 0.947652598 -0.319303231 0
vn 0.947652598 -0.319303231 0
vn 0.907575773 -0.419888339 0
vn 0.907574551 -0.41989098 0
vn 0.907575773 -0.419888339 0
vn 0.856856361 -0.515555212 0
vn 0.907574551 -0.41989098 0
vn 0.907574551 -0.41989098 0
vn 0.856856361 -0.515555212 0
vn 0.856856719 -0.515554616 0
vn 0.856856361 -0.515555212 0
vn 0.796094308 -0.605172582 0
vn 0.856856719 -0.515554616 0
vn 0.856856719 -0.515554616 0
vn 0.796094308 -0.605172582 0
vn 0.796093665 -0.605173426 0
vn 0.796094308 -0.605172582 0
vn 0.725997178 -0.687697679 0
vn 0.796093665 -0.605173426 0
vn 0.796093665 -0.605173426 0
vn 0.725997178 -0.687697679 0
vn 0.725993816 -0.687701229 0
vn 0.725997178 -0.687697679 0
vn 0.647387151 -0.762161319 0
vn 0.725993816 -0.687701229 0
vn 0.725993816 -0.687701229 0
vn 0.647387151 -0.762161319 0
vn 0.64738419 -0.762163835 0
vn 0.647387151 -0.762161319 0
vn 0.561188398 -0.827688095 0
vn 0.64738419 -0.762163835 0
vn 0.64738419 -0.762163835 0
vn 0.561188398 -0.827688095 0
vn 0.561185209 -0.827690257 0
vn 0.561188398 -0.827688095 0
vn 0.46841165 -0.883510343 0
vn 0.561185209 -0.827690257 0
vn 0.561185209 -0.827690257 0
vn 0.46841165 -0.883510343 0
vn 0.468406137 -0.883513266 0
vn 0.46841165 -0.883510343 0
vn 0.370139808 -0.928976061 0
vn 0.468406137 -0.883513266 0
vn 0.468406137 -0.883513266 0
vn 0.370139808 -0.928976061 0
vn 0.370134647 -0.928978118 0
vn 0.370139808 -0.928976061 0
vn 0.267530115 -0.963549499 0
vn 0.370134647 -0.928978118 0
vn 0.370134647 -0.928978118 0
vn 0.267530115 -0.963549499 0
vn 0.267527259 -0.963550292 0
vn 0.267530115 -0.963549499 0
vn 0.161782709 -0.986826406 0
vn 0.267527259 -0.963550292 0
vn 0.267527259 -0.963550292 0
vn 0.161782709 -0.986826406 0
vn 0.161780185 -0.986826819 0
vn 0.161782709 -0.986826406 0
vn 0.0541388531 -0.998533417 0
vn 0.161780185 -0.986826819 0
vn 0.161780185 -0.986826819 0
vn 0.0541388531 -0.998533417 0
vn 0.0541372759 -0.998533502 0
vn 0.0541388531 -0.998533417 0
vn -0.0541380629 -0.99853346 0
vn 0.0541372759 -0.998533502 0
vn 0.0541372759 -0.998533502 0
vn -0.0541380629 -0.99853346 0
vn -0.0541386785 -0.998533426 0
vn -0.0541380629 -0.99853346 0
vn -0.161781873 -0.986826543 0
vn -0.0541386785 -0.998533426 0
vn -0.0541386785 -0.998533426 0
vn -0.161781873 -0.986826543 0
vn -0.161781602 -0.986826587 0
vn -0.161781873 -0.986826543 0
vn -0.267529042 -0.963549797 0
vn -0.161781602 -0.986826587 0
vn -0.161781602 -0.986826587 0
vn -0.267529042 -0.963549797 0
vn -0.267528332 -0.963549994 0
vn -0.267529042 -0.963549797 0
vn -0.370140307 -0.928975862 0
vn -0.267528332 -0.963549994 0
vn -0.267528332 -0.963549994 0
vn -0.370140307 -0.928975862 0
vn -0.370137176 -0.92897711 0
vn -0.370140307 -0.928975862 0
vn -0.468409743 -0.883511354 0
vn -0.370137176 -0.92897711 0
vn -0.370137176 -0.92897711 0
vn -0.468409743 -0.883511354 0
vn -0.468405996 -0.88351334 0
vn -0.468409743 -0.883511354 0
vn -0.561187823 -0.827688484 0
vn -0.468405996 -0.88351334 0
vn -0.468405996 -0.88351334 0
vn -0.561187823 -0.827688484 0
vn -0.561185633 -0.827689969 0
vn -0.561187823 -0.827688484 0
vn -0.647386377 -0.762161976 0
vn -0.561185633 -0.827689969 0
vn -0.561185633 -0.827689969 0
vn -0.647386377 -0.762161976 0
vn -0.647384865 -0.762163261 0
vn -0.647386377 -0.762161976 0
vn -0.725997034 -0.687697831 0
vn -0.647384865 -0.762163261 0
vn -0.647384865 -0.762163261 0
vn -0.725997034 -0.687697831 0
vn -0.725994946 -0.687700035 0
vn -0.725997034 -0.687697831 0
vn -0.796092093 -0.605175495 0
vn -0.725994946 -0.687700035 0
vn -0.725994946 -0.687700035 0
vn -0.796092093 -0.605175495 0
vn -0.796092302 -0.60517522 0
vn -0.796092093 -0.605175495 0
vn -0.856856293 -0.515555326 0
vn -0.796092302 -0.60517522 0
vn -0.796092302 -0.60517522 0
vn -0.856856293 -0.515555326 0
vn -0.856858195 -0.515552164 0
vn -0.856856293 -0.515555326 0
vn -0.907575515 -0.419888896 0
vn -0.856858195 -0.515552164 0
vn -0.856858195 -0.515552164 0
vn -0.907575515 -0.419888896 0
vn -0.90757557 -0.419888777 0
vn -0.907575515 -0.419888896 0
vn -0.947652773 -0.319302713 0
vn -0.90757557 -0.419888777 0
vn -0.90757557 -0.419888777 0
vn -0.947652773 -0.319302713 0
vn -0.947652661 -0.319303044 0
vn -0.947652773 -0.319302713 0
vn -0.976620453 -0.214970907 0
vn -0.947652661 -0.319303044 0
vn -0.947652661 -0.319303044 0
vn -0.976620453 -0.214970907 0
vn -0.97662045 -0.214970921 0
vn -0.976620453 -0.214970907 0
vn -0.99413811 -0.108117609 0
vn -0.97662045 -0.214970921 0
vn -0.97662045 -0.214970921 0
vn -0.99413811 -0.108117609 0
vn -0.994138011 -0.108118528 0
vn -0.99413811 -0.108117609 0
vn -1 1.42503138e-08 0
vn -0.994138011 -0.108118528 0
vn -0.994138011 -0.108118528 0
vn -1 1.42503138e-08 0
vn -1 -2.77881128e-07 0
vn -1 1.42503138e-08 0
vn -0.99413813 0.108117425 0
vn -1 -2.77881128e-07 0
vn -9.44396163e-07 0 -1
vn 5.39430459e-07 0 -1
vn -1.4049632e-06 0 -1
vn 5.39430459e-07 0 -1
vn -6.17349656e-08 0 -1
vn -1.4049632e-06 0 -1
vn -1.4049632e-06 0 -1
vn -6.17349656e-08 0 -1
vn -4.37328652e-07 0 -1
vn -6.17349656e-08 0 -1
vn 0 0 -1
vn -4.37328652e-07 0 -1
vn -4.37328652e-07 0 -1
vn 0 0 -1
vn 0 0 -1
vn 0 0 -1
vn -4.68553753e-06 0 -1
vn 0 0 -1
vn 0 0 -1
vn -4.68553753e-06 0 -1
vn 3.31272008e-06 0 -1
vn -4.68553753e-06 0 -1
vn -4.80932385e-06 0 -1
vn 3.31272008e-06 0 -1
vn 3.31272008e-06 0 -1
vn -4.80932385e-06 0 -1
vn -7.43831663e-07 0 -1
vn -4.80932385e-06 0 -1
vn -4.9388143e-07 0 -1
vn -7.43831663e-07 0 -1
vn -7.43831663e-07 0 -1
vn -4.9388143e-07 0 -1
vn -1.19835458e-05 0 -1
vn -4.9388143e-07 0 -1
vn -9.87756266e-07 0 -1
vn -1.19835458e-05 0 -1
vn -1.19835458e-05 0 -1
vn -9.87756266e-07 0 -1
vn -6.99725933e-06 0 -1
vn -9.87756266e-07 0 -1
vn 0 0 -1
vn -6.99725933e-06 0 -1
vn -6.99725933e-06 0 -1
vn 0 0 -1
vn 0 0 -1
vn 0 0 -1
vn 0 0 -1
vn 0 0 -1
vn 0 0 -1
vn 0 0 -1
vn 0 0 -1
vn 0 0 -1
vn 0 0 -1
vn 0 0 -1
vn 0 0 -1
vn 0 0 -1
vn -8.48491254e-06 0 -1
vn 0 0 -1
vn -9.87760018e-07 0 -1
vn -8.48491254e-06 0 -1
vn -8.48491254e-06 0 -1
vn -9.87760018e-07 0 -1
vn -6.99725615e-06 0 -1
vn -9.87760018e-07 0 -1
vn 0 0 -1
vn -6.99725615e-06 0 -1
vn -6.99725615e-06 0 -1
vn 0 0 -1
vn 0 0 -1
vn 0 0 -1
vn 0 0 -1
vn 0 0 -1
vn 0 0 -1
vn 0 0 -1
vn 0 0 -1
vn 0 0 -1
vn 0 0 -1
vn 0 0 -1
vn 0 0 -1
vn 0 0 -1
vn 0 0 -1
vn 0 0 -1
vn 0 0 -1
vn 0 0 -1
vn 0 0 -1
vn 0 0 -1
vn 0 0 -1
vn 0 0 -1
vn 0 0 -1
vn 0 0 -1
vn 0 0 -1
vn 0 0 -1
vn 0 0 -1
vn 0 0 -1
vn 0 0 -1
vn 0 0 -1
vn 0 0 -1
vn 0 0 -1
vn 0 0 -1
vn 0 0 -1
vn -4.68553571e-06 0 -1
vn 0 0 -1
vn 0 0 -1
vn -4.68553571e-06 0 -1
vn -9.29738121e-07 0 -1
vn -4.68553571e-06 0 -1
vn -5.30320449e-06 0 -1
vn -9.29738121e-07 0 -1
vn -9.29738121e-07 0 -1
vn -5.30320449e-06 0 -1
vn 8.48490254e-06 0 -1
vn -5.30320449e-06 0 -1
vn -3.69777626e-06 0 -1
vn 8.48490254e-06 0 -1
vn 8.48490254e-06 0 -1
vn -3.69777626e-06 0 -1
vn 1.45524191e-05 0 -1
vn -3.69777626e-06 0 -1
vn -4.31544095e-06 0 -1
vn 1.45524191e-05 0 -1
vn 1.45524191e-05 0 -1
vn -4.31544095e-06 0 -1
vn 6.99725251e-06 0 -1
vn -4.31544095e-06 0 -1
vn 0 0 -1
vn 6.99725251e-06 0 -1
vn 6.99725251e-06 0 -1
vn 0 0 -1
vn -8.48489344e-06 0 -1
vn 0 0 -1
vn -9.87759677e-07 0 -1
vn -8.48489344e-06 0 -1
vn -8.48489344e-06 0 -1
vn -9.87759677e-07 0 -1
vn -6.99724887e-06 0 -1
vn -9.87759677e-07 0 -1
vn 2.34276717e-06 0 -1
vn -6.99724887e-06 0 -1
vn -6.99724887e-06 0 -1
vn 2.34276717e-06 0 -1
vn 4.6486818e-07 0 -1
vn 2.34276717e-06 0 -1
vn 4.99436737e-06 0 -1
vn 4.6486818e-07 0 -1
vn 4.6486818e-07 0 -1
vn 4.99436737e-06 0 -1
vn 4.64868691e-07 0 -1
vn 4.99436737e-06 0 -1
vn 2.65159906e-06 0 -1
vn 4.64868691e-07 0 -1
vn 4.64868691e-07 0 -1
vn 2.65159906e-06 0 -1
vn 4.24244809e-06 0 -1
vn 2.65159906e-06 0 -1
vn -1.26319617e-06 0 -1
vn 4.24244809e-06 0 -1
vn 4.24244809e-06 0 -1
vn -1.26319617e-06 0 -1
vn 3.14997646e-06 0 -1
vn -1.26319617e-06 0 -1
vn -1.98870248e-06 0 -1
vn 3.14997646e-06 0 -1
vn 3.14997646e-06 0 -1
vn -1.98870248e-06 0 -1
vn 0 0 -1
vn -1.98870248e-06 0 -1
vn 0 0 -1
vn 0 0 -1
vn 0 0 -1
vn 0 0 -1
vn 1.06061339e-06 0 -1
vn 0 0 -1
vn 1.2346969e-07 0 -1
vn 1.06061339e-06 0 -1
vn 1.06061339e-06 0 -1
vn 1.2346969e-07 0 -1
vn 1.4049632e-06 0 -1
vn 1.2346969e-07 0 -1
vn 6.17349656e-08 0 -1
vn 1.4049632e-06 0 -1
vn 1.4049632e-06 0 -1
vn 6.17349656e-08 0 -1
vn 4.37328652e-07 0 -1
vn 6.17349656e-08 0 -1
vn 0 0 -1
vn 4.37328652e-07 0 -1
vn 4.37328652e-07 0 -1
vn 0 0 -1
vn 0 0 -1
vn 0 0 -1
vn 4.68553753e-06 0 -1
vn 0 0 -1
vn 0 0 -1
vn 4.68553753e-06 0 -1
vn -3.31272008e-06 0 -1
vn 4.68553753e-06 0 -1
vn 4.80932385e-06 0 -1
vn -3.31272008e-06 0 -1
vn -3.31272008e-06 0 -1
vn 4.80932385e-06 0 -1
vn 7.43831663e-07 0 -1
vn 4.80932385e-06 0 -1
vn 4.9388143e-07 0 -1
vn 7.43831663e-07 0 -1
vn 7.43831663e-07 0 -1
vn 4.9388143e-07 0 -1
vn 1.19835458e-05 0 -1
vn 4.9388143e-07 0 -1
vn 9.87756266e-07 0 -1
vn 1.19835458e-05 0 -1
vn 1.19835458e-05 0 -1
vn 9.87756266e-07 0 -1
vn 6.99725933e-06 0 -1
vn 9.87756266e-07 0 -1
vn 0 0 -1
vn 6.99725933e-06 0 -1
vn 6.99725933e-06 0 -1
vn 0 0 -1
vn 0 0 -1
vn 0 0 -1
vn 0 0 -1
vn 0 0 -1
vn 0 0 -1
vn 0 0 -1
vn 0 0 -1
vn 0 0 -1
vn 0 0 -1
vn 0 0 -1
vn 0 0 -1
vn 0 0 -1
vn 8.48491254e-06 0 -1
vn 0 0 -1
vn 9.87760018e-07 0 -1
vn 8.48491254e-06 0 -1
vn 8.48491254e-06 0 -1
vn 9.87760018e-07 0 -1
vn 6.99725615e-06 0 -1
vn 9.87760018e-07 0 -1
vn 0 0 -1
vn 6.99725615e-06 0 -1
vn 6.99725615e-06 0 -1
vn 0 0 -1
vn 0 0 -1
vn 0 0 -1
vn 0 0 -1
vn 0 0 -1
vn 0 0 -1
vn 0 0 -1
vn 0 0 -1
vn 0 0 -1
vn 0 0 -1
vn 0 0 -1
vn 0 0 -1
vn 0 0 -1
vn 0 0 -1
vn 0 0 -1
vn 0 0 -1
vn 0 0 -1
vn 0 0 -1
vn 0 0 -1
vn 0 0 -1
vn 0 0 -1
vn 0 0 -1
vn 0 0 -1
vn 0 0 -1
vn 0 0 -1
vn 0 0 -1
vn 0 0 -1
vn 0 0 -1
vn 0 0 -1
vn 0 0 -1
vn 0 0 -1
vn 0 0 -1
vn 0 0 -1
vn 4.68553571e-06 0 -1
vn 0 0 -1
vn 0 0 -1
vn 4.68553571e-06 0 -1
vn 9.29738121e-07 0 -1
vn 4.68553571e-06 0 -1
vn 5.30320449e-06 0 -1
vn 9.29738121e-07 0 -1
vn 9.29738121e-07 0 -1
vn 5.30320449e-06 0 -1
vn -8.48490254e-06 0 -1
vn 5.30320449e-06 0 -1
vn 3.69777626e-06 0 -1
vn -8.48490254e-06 0 -1
vn -8.48490254e-06 0 -1
vn 3.69777626e-06 0 -1
vn -1.45524191e-05 0 -1
vn 3.69777626e-06 0 -1
vn 4.31544095e-06 0 -1
vn -1.45524191e-05 0 -1
vn -1.45524191e-05 0 -1
vn 4.31544095e-06 0 -1
vn -6.99725251e-06 0 -1
vn 4.31544095e-06 0 -1
vn 0 0 -1
vn -6.99725251e-06 0 -1
vn -6.99725251e-06 0 -1
vn 0 0 -1
vn 8.48489344e-06 0 -1
vn 0 0 -1
vn 9.87759677e-07 0 -1
vn 8.48489344e-06 0 -1
vn 8.48489344e-06 0 -1
vn 9.87759677e-07 0 -1
vn 6.99724887e-06 0 -1
vn 9.87759677e-07 0 -1
vn -2.34276717e-06 0 -1
vn 6.99724887e-06 0 -1
vn 6.99724887e-06 0 -1
vn -2.34276717e-06 0 -1
vn -4.6486818e-07 0 -1
vn -2.34276717e-06 0 -1
vn -4.99436737e-06 0 -1
vn -4.6486818e-07 0 -1
vn -4.6486818e-07 0 -1
vn -4.99436737e-06 0 -1
vn -4.64868691e-07 0 -1
vn -4.99436737e-06 0 -1
vn -2.65159906e-06 0 -1
vn -4.64868691e-07 0 -1
vn -4.64868691e-07 0 -1
vn -2.65159906e-06 0 -1
vn -4.24244809e-06 0 -1
vn -2.65159906e-06 0 -1
vn 1.84888779e-06 0 -1
vn -4.24244809e-06 0 -1
vn -4.24244809e-06 0 -1
vn 1.84888779e-06 0 -1
vn -3.03375941e-06 0 -1
vn 1.84888779e-06 0 -1
vn 2.65160315e-06 0 -1
vn -3.03375941e-06 0 -1
vn -3.03375941e-06 0 -1
vn 2.65160315e-06 0 -1
vn 0 0 -1
vn 2.65160315e-06 0 -1
vn 5.85692078e-07 0 -1
vn 0 0 -1
vn 0 0 -1
vn 5.85692078e-07 0 -1
vn -9.44396163e-07 0 -1
vn 5.85692078e-07 0 -1
vn 5.39430459e-07 0 -1
vn -9.44396163e-07 0 -1
vn -1 -1.36807853e-06 0
vn -0.994137752 0.108120901 0
vn -0.994138075 0.108117939 0
vn -0.994137752 0.108120901 0
vn -0.976619648 0.214974563 0
vn -0.994138075 0.108117939 0
vn -0.994138075 0.108117939 0
vn -0.976619648 0.214974563 0
vn -0.976620593 0.214970271 0
vn -0.976619648 0.214974563 0
vn -0.947652709 0.3193029 0
vn -0.976620593 0.214970271 0
vn -0.976620593 0.214970271 0
vn -0.947652709 0.3193029 0
vn -0.947653829 0.319299578 0
vn -0.947652709 0.3193029 0
vn -0.907575806 0.419888267 0
vn -0.947653829 0.319299578 0
vn -0.947653829 0.319299578 0
vn -0.907575806 0.419888267 0
vn -0.907575828 0.419888218 0
vn -0.907575806 0.419888267 0
vn -0.85685643 0.515555098 0
vn -0.907575828 0.419888218 0
vn -0.907575828 0.419888218 0
vn -0.85685643 0.515555098 0
vn -0.856856804 0.515554476 0
vn -0.85685643 0.515555098 0
vn -0.796092346 0.605175163 0
vn -0.856856804 0.515554476 0
vn -0.856856804 0.515554476 0
vn -0.796092346 0.605175163 0
vn -0.796094178 0.605172752 0
vn -0.796092346 0.605175163 0
vn -0.725995961 0.687698963 0
vn -0.796094178 0.605172752 0
vn -0.796094178 0.605172752 0
vn -0.725995961 0.687698963 0
vn -0.725996744 0.687698137 0
vn -0.725995961 0.687698963 0
vn -0.647387052 0.762161403 0
vn -0.725996744 0.687698137 0
vn -0.725996744 0.687698137 0
vn -0.647387052 0.762161403 0
vn -0.647385156 0.762163014 0
vn -0.647387052 0.762161403 0
vn -0.561188288 0.827688169 0
vn -0.647385156 0.762163014 0
vn -0.647385156 0.762163014 0
vn -0.561188288 0.827688169 0
vn -0.561185689 0.827689932 0
vn -0.561188288 0.827688169 0
vn -0.468408799 0.883511855 0
vn -0.561185689 0.827689932 0
vn -0.561185689 0.827689932 0
vn -0.468408799 0.883511855 0
vn -0.468408941 0.883511779 0
vn -0.468408799 0.883511855 0
vn -0.370137942 0.928976805 0
vn -0.468408941 0.883511779 0
vn -0.468408941 0.883511779 0
vn -0.370137942 0.928976805 0
vn -0.370139217 0.928976297 0
vn -0.370137942 0.928976805 0
vn -0.267526659 0.963550459 0
vn -0.370139217 0.928976297 0
vn -0.370139217 0.928976297 0
vn -0.267526659 0.963550459 0
vn -0.267527981 0.963550092 0
vn -0.267526659 0.963550459 0
vn -0.161780882 0.986826705 0
vn -0.267527981 0.963550092 0
vn -0.267527981 0.963550092 0
vn -0.161780882 0.986826705 0
vn -0.161783265 0.986826315 0
vn -0.161780882 0.986826705 0
vn -0.0541383335 0.998533445 0
vn -0.161783265 0.986826315 0
vn -0.161783265 0.986826315 0
vn -0.0541383335 0.998533445 0
vn -0.0541406954 0.998533317 0
vn -0.0541383335 0.998533445 0
vn 0.0541411513 0.998533292 0
vn -0.0541406954 0.998533317 0
vn -0.0541406954 0.998533317 0
vn 0.0541411513 0.998533292 0
vn 0.0541380624 0.99853346 0
vn 0.0541411513 0.998533292 0
vn 0.161783527 0.986826272 0
vn 0.0541380624 0.99853346 0
vn 0.0541380624 0.99853346 0
vn 0.161783527 0.986826272 0
vn 0.161780461 0.986826774 0
vn 0.161783527 0.986826272 0
vn 0.267529641 0.963549631 0
vn 0.161780461 0.986826774 0
vn 0.161780461 0.986826774 0
vn 0.267529641 0.963549631 0
vn 0.267525642 0.963550741 0
vn 0.267529641 0.963549631 0
vn 0.370140204 0.928975903 0
vn 0.267525642 0.963550741 0
vn 0.267525642 0.963550741 0
vn 0.370140204 0.928975903 0
vn 0.370136354 0.928977438 0
vn 0.370140204 0.928975903 0
vn 0.468411721 0.883510305 0
vn 0.370136354 0.928977438 0
vn 0.370136354 0.928977438 0
vn 0.468411721 0.883510305 0
vn 0.468407081 0.883512765 0
vn 0.468411721 0.883510305 0
vn 0.561190916 0.827686388 0
vn 0.468407081 0.883512765 0
vn 0.468407081 0.883512765 0
vn 0.561190916 0.827686388 0
vn 0.56118343 0.827691463 0
vn 0.561190916 0.827686388 0
vn 0.647389245 0.762159541 0
vn 0.56118343 0.827691463 0
vn 0.56118343 0.827691463 0
vn 0.647389245 0.762159541 0
vn 0.647382445 0.762165316 0
vn 0.647389245 0.762159541 0
vn 0.725997845 0.687696974 0
vn 0.647382445 0.762165316 0
vn 0.647382445 0.762165316 0
vn 0.725997845 0.687696974 0
vn 0.725994105 0.687700923 0
vn 0.725997845 0.687696974 0
vn 0.796094178 0.605172752 0
vn 0.725994105 0.687700923 0
vn 0.725994105 0.687700923 0
vn 0.796094178 0.605172752 0
vn 0.796092346 0.605175163 0
vn 0.796094178 0.605172752 0
vn 0.856857668 0.51555304 0
vn 0.796092346 0.605175163 0
vn 0.796092346 0.605175163 0
vn 0.856857668 0.51555304 0
vn 0.856855892 0.515555991 0
vn 0.856857668 0.51555304 0
vn 0.907576287 0.419887226 0
vn 0.856855892 0.515555991 0
vn 0.856855892 0.515555991 0
vn 0.907576287 0.419887226 0
vn 0.907575122 0.419889744 0
vn 0.907576287 0.419887226 0
vn 0.947653829 0.319299578 0
vn 0.907575122 0.419889744 0
vn 0.907575122 0.419889744 0
vn 0.947653829 0.319299578 0
vn 0.947652709 0.3193029 0
vn 0.947653829 0.319299578 0
vn 0.97662072 0.214969692 0
vn 0.947652709 0.3193029 0
vn 0.947652709 0.3193029 0
vn 0.97662072 0.214969692 0
vn 0.97661957 0.214974918 0
vn 0.97662072 0.214969692 0
vn 0.994138115 0.108117571 0
vn 0.97661957 0.214974918 0
vn 0.97661957 0.214974918 0
vn 0.994138115 0.108117571 0
vn 0.994137688 0.108121498 0
vn 0.994138115 0.108117571 0
vn 1 -1.36807853e-06 0
vn 0.994137688 0.108121498 0
vn 0.994137688 0.108121498 0
vn 1 -1.36807853e-06 0
vn 1 1.36807853e-06 0
vn 1 -1.36807853e-06 0
vn 0.994137752 -0.108120901 0
vn 1 1.36807853e-06 0
vn 1 1.36807853e-06 0
vn 0.994137752 -0.108120901 0
vn 0.994138075 -0.108117939 0
vn 0.994137752 -0.108120901 0
vn 0.976619648 -0.214974563 0
vn 0.994138075 -0.108117939 0
vn 0.994138075 -0.108117939 0
vn 0.976619648 -0.214974563 0
vn 0.976620593 -0.214970271 0
vn 0.976619648 -0.214974563 0
vn 0.947652709 -0.3193029 0
vn 0.976620593 -0.214970271 0
vn 0.976620593 -0.214970271 0
vn 0.947652709 -0.3193029 0
vn 0.947653829 -0.319299578 0
vn 0.947652709 -0.3193029 0
vn 0.907575806 -0.419888267 0
vn 0.947653829 -0.319299578 0
vn 0.947653829 -0.319299578 0
vn 0.907575806 -0.419888267 0
vn 0.907575828 -0.419888218 0
vn 0.907575806 -0.419888267 0
vn 0.85685643 -0.515555098 0
vn 0.907575828 -0.419888218 0
vn 0.907575828 -0.419888218 0
vn 0.85685643 -0.515555098 0
vn 0.856856804 -0.515554476 0
vn 0.85685643 -0.515555098 0
vn 0.796092346 -0.605175163 0
vn 0.856856804 -0.515554476 0
vn 0.856856804 -0.515554476 0
vn 0.796092346 -0.605175163 0
vn 0.796094178 -0.605172752 0
vn 0.796092346 -0.605175163 0
vn 0.725995961 -0.687698963 0
vn 0.796094178 -0.605172752 0
vn 0.796094178 -0.605172752 0
vn 0.725995961 -0.687698963 0
vn 0.725996744 -0.687698137 0
vn 0.725995961 -0.687698963 0
vn 0.647387052 -0.762161403 0
vn 0.725996744 -0.687698137 0
vn 0.725996744 -0.687698137 0
vn 0.647387052 -0.762161403 0
vn 0.647385156 -0.762163014 0
vn 0.647387052 -0.762161403 0
vn 0.561188288 -0.827688169 0
vn 0.647385156 -0.762163014 0
vn 0.647385156 -0.762163014 0
vn 0.561188288 -0.827688169 0
vn 0.561185689 -0.827689932 0
vn 0.561188288 -0.827688169 0
vn 0.468408799 -0.883511855 0
vn 0.561185689 -0.827689932 0
vn 0.561185689 -0.827689932 0
vn 0.468408799 -0.883511855 0
vn 0.468408941 -0.883511779 0
vn 0.468408799 -0.883511855 0
vn 0.370137942 -0.928976805 0
vn 0.468408941 -0.883511779 0
vn 0.468408941 -0.883511779 0
vn 0.370137942 -0.928976805 0
vn 0.370139217 -0.928976297 0
vn 0.370137942 -0.928976805 0
vn 0.267526659 -0.963550459 0
vn 0.370139217 -0.928976297 0
vn 0.370139217 -0.928976297 0
vn 0.267526659 -0.963550459 0
vn 0.267527981 -0.963550092 0
vn 0.267526659 -0.963550459 0
vn 0.161780896 -0.986826703 0
vn 0.267527981 -0.963550092 0
vn 0.267527981 -0.963550092 0
vn 0.161780896 -0.986826703 0
vn 0.161783265 -0.986826315 0
vn 0.161780896 -0.986826703 0
vn 0.054138341 -0.998533445 0
vn 0.161783265 -0.986826315 0
vn 0.161783265 -0.986826315 0
vn 0.054138341 -0.998533445 0
vn 0.0541406954 -0.998533317 0
vn 0.054138341 -0.998533445 0
vn -0.0541411513 -0.998533292 0
vn 0.0541406954 -0.998533317 0
vn 0.0541406954 -0.998533317 0
vn -0.0541411513 -0.998533292 0
vn -0.0541380587 -0.99853346 0
vn -0.0541411513 -0.998533292 0
vn -0.161783527 -0.986826272 0
vn -0.0541380587 -0.99853346 0
vn -0.0541380587 -0.99853346 0
vn -0.161783527 -0.986826272 0
vn -0.161780447 -0.986826777 0
vn -0.161783527 -0.986826272 0
vn -0.267529641 -0.963549631 0
vn -0.161780447 -0.986826777 0
vn -0.161780447 -0.986826777 0
vn -0.267529641 -0.963549631 0
vn -0.267525642 -0.963550741 0
vn -0.267529641 -0.963549631 0
vn -0.370140204 -0.928975903 0
vn -0.267525642 -0.963550741 0
vn -0.267525642 -0.963550741 0
vn -0.370140204 -0.928975903 0
vn -0.370136354 -0.928977438 0
vn -0.370140204 -0.928975903 0
vn -0.468411721 -0.883510305 0
vn -0.370136354 -0.928977438 0
vn -0.370136354 -0.928977438 0
vn -0.468411721 -0.883510305 0
vn -0.468407081 -0.883512765 0
vn -0.468411721 -0.883510305 0
vn -0.561190916 -0.827686388 0
vn -0.468407081 -0.883512765 0
vn -0.468407081 -0.883512765 0
vn -0.561190916 -0.827686388 0
vn -0.56118343 -0.827691463 0
vn -0.561190916 -0.827686388 0
vn -0.647389245 -0.762159541 0
vn -0.56118343 -0.827691463 0
vn -0.56118343 -0.827691463 0
vn -0.647389245 -0.762159541 0
vn -0.647382445 -0.762165316 0
vn -0.647389245 -0.762159541 0
vn -0.725997845 -0.687696974 0
vn -0.647382445 -0.762165316 0
vn -0.647382445 -0.762165316 0
vn -0.725997845 -0.687696974 0
vn -0.725994105 -0.687700923 0
vn -0.725997845 -0.687696974 0
vn -0.796094178 -0.605172752 0
vn -0.725994105 -0.687700923 0
vn -0.725994105 -0.687700923 0
vn -0.796094178 -0.605172752 0
vn -0.796092346 -0.605175163 0
vn -0.796094178 -0.605172752 0
vn -0.856857668 -0.51555304 0
vn -0.796092346 -0.605175163 0
vn -0.796092346 -0.605175163 0
vn -0.856857668 -0.51555304 0
vn -0.856855892 -0.515555991 0
vn -0.856857668 -0.51555304 0
vn -0.907576287 -0.419887226 0
vn -0.856855892 -0.515555991 0
vn -0.856855892 -0.515555991 0
vn -0.907576287 -0.419887226 0
vn -0.907575122 -0.419889744 0
vn -0.907576287 -0.419887226 0
vn -0.947653829 -0.319299578 0
vn -0.907575122 -0.419889744 0
vn -0.907575122 -0.419889744 0
vn -0.947653829 -0.319299578 0
vn -0.947652709 -0.3193029 0
vn -0.947653829 -0.319299578 0
vn -0.97662072 -0.214969692 0
vn -0.947652709 -0.3193029 0
vn -0.947652709 -0.3193029 0
vn -0.97662072 -0.214969692 0
vn -0.97661957 -0.214974918 0
vn -0.97662072 -0.214969692 0
vn -0.994138115 -0.108117571 0
vn -0.97661957 -0.214974918 0
vn -0.97661957 -0.214974918 0
vn -0.994138115 -0.108117571 0
vn -0.994137688 -0.108121498 0
vn -0.994138115 -0.108117571 0
vn -1 1.36807853e-06 0
vn -0.994137688 -0.108121498 0
vn -0.994137688 -0.108121498 0
vn -1 1.36807853e-06 0
vn -1 -1.36807853e-06 0
vn -1 1.36807853e-06 0
vn -0.994137752 0.108120901 0
vn -1 -1.36807853e-06 0
vn 6.25934854e-06 0 1
vn -7.37811888e-06 0 1
vn 0 0 1
vn -7.37811888e-06 0 1
vn 4.42774353e-06 0 1
vn 0 0 1
vn 0 0 1
vn 4.42774353e-06 0 1
vn 3.24574398e-06 0 1
vn 4.42774353e-06 0 1
vn 7.37813025e-06 0 1
vn 3.24574398e-06 0 1
vn 3.24574398e-06 0 1
vn 7.37813025e-06 0 1
vn 0 0 1
vn 7.37813025e-06 0 1
vn 0 0 1
vn 0 0 1
vn 0 0 1
vn 0 0 1
vn 0 0 1
vn 0 0 1
vn -4.42774854e-06 0 1
vn 0 0 1
vn 0 0 1
vn -4.42774854e-06 0 1
vn -3.24574421e-06 0 1
vn -4.42774854e-06 0 1
vn -1.01454816e-05 0 1
vn -3.24574421e-06 0 1
vn -3.24574421e-06 0 1
vn -1.01454816e-05 0 1
vn 6.45600176e-06 0 1
vn -1.01454816e-05 0 1
vn -1.2183491e-06 0 1
vn 6.45600176e-06 0 1
vn 6.45600176e-06 0 1
vn -1.2183491e-06 0 1
vn 4.75254956e-06 0 1
vn -1.2183491e-06 0 1
vn 2.76734181e-06 0 1
vn 4.75254956e-06 0 1
vn 4.75254956e-06 0 1
vn 2.76734181e-06 0 1
vn -6.4560063e-06 0 1
vn 2.76734181e-06 0 1
vn 1.21835126e-06 0 1
vn -6.4560063e-06 0 1
vn -6.4560063e-06 0 1
vn 1.21835126e-06 0 1
vn -4.75254501e-06 0 1
vn 1.21835126e-06 0 1
vn 0 0 1
vn -4.75254501e-06 0 1
vn -4.75254501e-06 0 1
vn 0 0 1
vn 0 0 1
vn 0 0 1
vn 0 0 1
vn 0 0 1
vn 0 0 1
vn 0 0 1
vn -2.12114719e-06 0 1
vn 0 0 1
vn -8.48246202e-07 0 1
vn -2.12114719e-06 0 1
vn -2.12114719e-06 0 1
vn -8.48246202e-07 0 1
vn 1.99358465e-06 0 1
vn -8.48246202e-07 0 1
vn 1.27236785e-06 0 1
vn 1.99358465e-06 0 1
vn 1.99358465e-06 0 1
vn 1.27236785e-06 0 1
vn 8.14563646e-06 0 1
vn 1.27236785e-06 0 1
vn 2.54473525e-06 0 1
vn 8.14563646e-06 0 1
vn 8.14563646e-06 0 1
vn 2.54473525e-06 0 1
vn 3.56440887e-06 0 1
vn 2.54473525e-06 0 1
vn 0 0 1
vn 3.56440887e-06 0 1
vn 3.56440887e-06 0 1
vn 0 0 1
vn -4.24229756e-06 0 1
vn 0 0 1
vn -6.12424037e-06 0 1
vn -4.24229756e-06 0 1
vn -4.24229756e-06 0 1
vn -6.12424037e-06 0 1
vn -1.37972825e-06 0 1
vn -6.12424037e-06 0 1
vn -1.0109391e-05 0 1
vn -1.37972825e-06 0 1
vn -1.37972825e-06 0 1
vn -1.0109391e-05 0 1
vn 7.61511819e-06 0 1
vn -1.0109391e-05 0 1
vn -3.98515158e-06 0 1
vn 7.61511819e-06 0 1
vn 7.61511819e-06 0 1
vn -3.98515158e-06 0 1
vn -3.73206376e-06 0 1
vn -3.98515158e-06 0 1
vn 1.03474201e-06 0 1
vn -3.73206376e-06 0 1
vn -3.73206376e-06 0 1
vn 1.03474201e-06 0 1
vn -1.50681785e-06 0 1
vn 1.03474201e-06 0 1
vn 7.37811479e-06 0 1
vn -1.50681785e-06 0 1
vn -1.50681785e-06 0 1
vn 7.37811479e-06 0 1
vn 8.48457421e-06 0 1
vn 7.37811479e-06 0 1
vn 3.39298049e-06 0 1
vn 8.48457421e-06 0 1
vn 8.48457421e-06 0 1
vn 3.39298049e-06 0 1
vn 4.75254501e-06 0 1
vn 3.39298049e-06 0 1
vn 0 0 1
vn 4.75254501e-06 0 1
vn 4.75254501e-06 0 1
vn 0 0 1
vn -1.69691975e-05 0 1
vn 0 0 1
vn -6.78596916e-06 0 1
vn -1.69691975e-05 0 1
vn -1.69691975e-05 0 1
vn -6.78596916e-06 0 1
vn -9.5050973e-06 0 1
vn -6.78596916e-06 0 1
vn 4.42775172e-06 0 1
vn -9.5050973e-06 0 1
vn -9.5050973e-06 0 1
vn 4.42775172e-06 0 1
vn 3.24574899e-06 0 1
vn 4.42775172e-06 0 1
vn 7.37814025e-06 0 1
vn 3.24574899e-06 0 1
vn 3.24574899e-06 0 1
vn 7.37814025e-06 0 1
vn -1.69691757e-05 0 1
vn 7.37814025e-06 0 1
vn -6.78597371e-06 0 1
vn -1.69691757e-05 0 1
vn -1.69691757e-05 0 1
vn -6.78597371e-06 0 1
vn -9.50509184e-06 0 1
vn -6.78597371e-06 0 1
vn -4.42774626e-06 0 1
vn -9.50509184e-06 0 1
vn -9.50509184e-06 0 1
vn -4.42774626e-06 0 1
vn 1.37234274e-05 0 1
vn -4.42774626e-06 0 1
vn -5.92158017e-07 0 1
vn 1.37234274e-05 0 1
vn 1.37234274e-05 0 1
vn -5.92158017e-07 0 1
vn -7.46407568e-06 0 1
vn -5.92158017e-07 0 1
vn -2.35823495e-06 0 1
vn -7.46407568e-06 0 1
vn -7.46407568e-06 0 1
vn -2.35823495e-06 0 1
vn -6.25934854e-06 0 1
vn -2.35823495e-06 0 1
vn 7.37811888e-06 0 1
vn -6.25934854e-06 0 1
vn -6.25934854e-06 0 1
vn 7.37811888e-06 0 1
vn 0 0 1
vn 7.37811888e-06 0 1
vn -4.42774353e-06 0 1
vn 0 0 1
vn 0 0 1
vn -4.42774353e-06 0 1
vn -3.24574398e-06 0 1
vn -4.42774353e-06 0 1
vn -7.37813025e-06 0 1
vn -3.24574398e-06 0 1
vn -3.24574398e-06 0 1
vn -7.37813025e-06 0 1
vn 0 0 1
vn -7.37813025e-06 0 1
vn 0 0 1
vn 0 0 1
vn 0 0 1
vn 0 0 1
vn 0 0 1
vn 0 0 1
vn 4.42774854e-06 0 1
vn 0 0 1
vn 0 0 1
vn 4.42774854e-06 0 1
vn 3.24574421e-06 0 1
vn 4.42774854e-06 0 1
vn 1.01454816e-05 0 1
vn 3.24574421e-06 0 1
vn 3.24574421e-06 0 1
vn 1.01454816e-05 0 1
vn -6.45600176e-06 0 1
vn 1.01454816e-05 0 1
vn 1.2183491e-06 0 1
vn -6.45600176e-06 0 1
vn -6.45600176e-06 0 1
vn 1.2183491e-06 0 1
vn -4.75255001e-06 0 1
vn 1.2183491e-06 0 1
vn -2.76734204e-06 0 1
vn -4.75255001e-06 0 1
vn -4.75255001e-06 0 1
vn -2.76734204e-06 0 1
vn 6.4560063e-06 0 1
vn -2.76734204e-06 0 1
vn -1.21835126e-06 0 1
vn 6.4560063e-06 0 1
vn 6.4560063e-06 0 1
vn -1.21835126e-06 0 1
vn 4.75254501e-06 0 1
vn -1.21835126e-06 0 1
vn 0 0 1
vn 4.75254501e-06 0 1
vn 4.75254501e-06 0 1
vn 0 0 1
vn 0 0 1
vn 0 0 1
vn 0 0 1
vn 0 0 1
vn 0 0 1
vn 0 0 1
vn 2.12114719e-06 0 1
vn 0 0 1
vn 8.48246202e-07 0 1
vn 2.12114719e-06 0 1
vn 2.12114719e-06 0 1
vn 8.48246202e-07 0 1
vn -1.99358465e-06 0 1
vn 8.48246202e-07 0 1
vn -1.27236785e-06 0 1
vn -1.99358465e-06 0 1
vn -1.99358465e-06 0 1
vn -1.27236785e-06 0 1
vn -8.14563646e-06 0 1
vn -1.27236785e-06 0 1
vn -2.54473525e-06 0 1
vn -8.14563646e-06 0 1
vn -8.14563646e-06 0 1
vn -2.54473525e-06 0 1
vn -3.56440887e-06 0 1
vn -2.54473525e-06 0 1
vn 0 0 1
vn -3.56440887e-06 0 1
vn -3.56440887e-06 0 1
vn 0 0 1
vn 4.24229756e-06 0 1
vn 0 0 1
vn 6.12424037e-06 0 1
vn 4.24229756e-06 0 1
vn 4.24229756e-06 0 1
vn 6.12424037e-06 0 1
vn 1.37972825e-06 0 1
vn 6.12424037e-06 0 1
vn 1.0109391e-05 0 1
vn 1.37972825e-06 0 1
vn 1.37972825e-06 0 1
vn 1.0109391e-05 0 1
vn -7.61511819e-06 0 1
vn 1.0109391e-05 0 1
vn 3.98515158e-06 0 1
vn -7.61511819e-06 0 1
vn -7.61511819e-06 0 1
vn 3.98515158e-06 0 1
vn 3.73206376e-06 0 1
vn 3.98515158e-06 0 1
vn -1.03474201e-06 0 1
vn 3.73206376e-06 0 1
vn 3.73206376e-06 0 1
vn -1.03474201e-06 0 1
vn 1.50681785e-06 0 1
vn -1.03474201e-06 0 1
vn -7.37811479e-06 0 1
vn 1.50681785e-06 0 1
vn 1.50681785e-06 0 1
vn -7.37811479e-06 0 1
vn -8.4845733e-06 0 1
vn -7.37811479e-06 0 1
vn -3.39298049e-06 0 1
vn -8.4845733e-06 0 1
vn -8.4845733e-06 0 1
vn -3.39298049e-06 0 1
vn -4.75254501e-06 0 1
vn -3.39298049e-06 0 1
vn 0 0 1
vn -4.75254501e-06 0 1
vn -4.75254501e-06 0 1
vn 0 0 1
vn 1.69691757e-05 0 1
vn 0 0 1
vn 6.78596416e-06 0 1
vn 1.69691757e-05 0 1
vn 1.69691757e-05 0 1
vn 6.78596416e-06 0 1
vn 9.50508638e-06 0 1
vn 6.78596416e-06 0 1
vn -4.42775172e-06 0 1
vn 9.50508638e-06 0 1
vn 9.50508638e-06 0 1
vn -4.42775172e-06 0 1
vn -3.24574899e-06 0 1
vn -4.42775172e-06 0 1
vn -7.37814025e-06 0 1
vn -3.24574899e-06 0 1
vn -3.24574899e-06 0 1
vn -7.37814025e-06 0 1
vn 1.69691757e-05 0 1
vn -7.37814025e-06 0 1
vn 6.78597371e-06 0 1
vn 1.69691757e-05 0 1
vn 1.69691757e-05 0 1
vn 6.78597371e-06 0 1
vn 9.50509184e-06 0 1
vn 6.78597371e-06 0 1
vn 4.42774626e-06 0 1
vn 9.50509184e-06 0 1
vn 9.50509184e-06 0 1
vn 4.42774626e-06 0 1
vn -1.37234274e-05 0 1
vn 4.42774626e-06 0 1
vn 5.92158017e-07 0 1
vn -1.37234274e-05 0 1
vn -1.37234274e-05 0 1
vn 5.92158017e-07 0 1
vn 7.46407568e-06 0 1
vn 5.92158017e-07 0 1
vn 2.35823495e-06 0 1
vn 7.46407568e-06 0 1
vn 7.46407568e-06 0 1
vn 2.35823495e-06 0 1
vn 6.25934854e-06 0 1
vn 2.35823495e-06 0 1
vn -7.37811888e-06 0 1
vn 6.25934854e-06 0 1
vn 0.994137964 -0.108118954 9.01422899e-07
vn 0.976620543 -0.214970497 8.80200606e-07
vn 0.994137988 -0.108118733 8.98500202e-07
vn 0.856857204 -0.51555381 5.61760407e-07
vn 0.907575559 -0.4198888 5.7920699e-07
vn 0.856856693 -0.51555466 5.55438526e-07
vn 2.69866117e-12 -3.53792552e-06 1
vn -8.18087301e-06 -3.01399382e-06 1
vn 4.58967864e-11 -3.5379262e-06 1
vn 7.22054494e-07 -4.02036585e-06 1
vn 2.71969907e-06 -4.45569367e-06 1
vn 1.4926788e-05 -4.45570004e-06 1
vn 7.22079051e-07 -5.76911225e-06 1
vn 2.38517032e-06 -5.83755309e-06 1
vn 0 -5.83755309e-06 1
vn -1.40029315e-05 2.45470983e-06 1
vn 8.18087847e-06 3.01400246e-06 1
vn -7.46338492e-06 3.01399314e-06 1
vn -1.34933048e-12 3.53792211e-06 1
vn -1.53739056e-05 4.0203754e-06 1
vn -7.22054608e-07 4.02036812e-06 1
vn -1.82559313e-06 -1.25674796e-06 1
vn 0 -1.86668046e-06 1
vn 6.53931056e-06 -1.86666159e-06 1
vn -1.08308245e-06 5.6330382e-06 1
vn 4.77034791e-06 5.43091346e-06 1
vn 0 5.43091664e-06 1
vn -1.12738271e-05 4.83877557e-06 1
vn -7.42751581e-06 5.16511864e-06 1
vn -1.80513882e-06 5.16511909e-06 1
vn -1.12738271e-05 4.83877557e-06 1
vn -2.71969043e-06 4.45569958e-06 1
vn 1.45829708e-05 4.83877466e-06 1
vn -1.80513882e-06 5.16511909e-06 1
vn -4.7703661e-06 5.43091483e-06 1
vn 0 5.4309171e-06 1
vn -1.56493061e-05 -4.45570231e-06 1
vn -1.43111101e-05 -4.02037494e-06 1
vn 0 -4.02037449e-06 1
vn -7.22079619e-07 5.76911134e-06 1
vn 6.36465438e-06 5.63303593e-06 1
vn -5.83318706e-06 5.76911225e-06 1
vn 1.49046264e-05 1.8666741e-06 1
vn -6.90826425e-07 2.45472256e-06 1
vn -1.16663859e-05 1.86667341e-06 1
vn 0 5.83755173e-06 1
vn 2.38518373e-06 5.83755309e-06 1
vn 0 5.83755354e-06 1
vn -6.5395102e-06 2.81110669e-14 1
vn -2.03977061e-06 6.3207591e-07 1
vn -1.11950822e-05 6.32082163e-07 1
vn 7.22079051e-07 5.7691127e-06 1
vn -6.36465575e-06 5.63303684e-06 1
vn -1.08308245e-06 5.6330382e-06 1
vn 7.22054494e-07 4.0203663e-06 1
vn 2.71969907e-06 4.45569367e-06 1
vn 1.53739202e-05 4.02037858e-06 1
vn 7.22079051e-07 5.7691127e-06 1
vn 2.38518373e-06 5.83755309e-06 1
vn 5.83318706e-06 5.76911316e-06 1
vn 7.22078482e-07 5.16512409e-06 1
vn 4.77034791e-06 5.43091346e-06 1
vn 5.83314068e-06 5.16511909e-06 1
vn 7.22078482e-07 5.16512409e-06 1
vn -1.29887339e-05 4.83877147e-06 1
vn 1.23565651e-05 4.83878603e-06 1
vn 2.69866117e-12 3.53792552e-06 1
vn 1.53739202e-05 4.02037858e-06 1
vn 4.58967864e-11 3.5379262e-06 1
vn -1.49046264e-05 -1.8666741e-06 1
vn 6.90824493e-07 -2.45472575e-06 1
vn 1.16663859e-05 -1.86667341e-06 1
vn -7.22079619e-07 5.76911134e-06 1
vn -2.38516918e-06 5.83755263e-06 1
vn 0 5.83755173e-06 1
vn 1.23565651e-05 4.83878603e-06 1
vn 2.71969907e-06 4.45569367e-06 1
vn 1.4926788e-05 4.45570004e-06 1
vn 1.49046264e-05 1.8666741e-06 1
vn -7.50092886e-06 1.25674489e-06 1
vn 1.77347392e-05 1.25676127e-06 1
vn -6.53931056e-06 1.86666159e-06 1
vn -1.3598393e-06 2.45472893e-06 1
vn -1.40029315e-05 2.45470983e-06 1
vn 1.08308234e-06 -5.63303911e-06 1
vn -4.7703661e-06 -5.43091483e-06 1
vn 0 -5.4309171e-06 1
vn 1.12738417e-05 -4.83877875e-06 1
vn 2.71969907e-06 -4.45569367e-06 1
vn -1.45829654e-05 -4.83877375e-06 1
vn 1.23565487e-05 3.0140061e-06 1
vn -6.90826425e-07 2.45472256e-06 1
vn 2.23901734e-05 2.45471915e-06 1
vn 1.08308234e-06 5.63303911e-06 1
vn -4.7703661e-06 5.43091483e-06 1
vn 6.36465438e-06 5.63303593e-06 1
vn -1.34933048e-12 3.53792211e-06 1
vn 8.18087847e-06 3.01400246e-06 1
vn -3.1344146e-11 3.5379262e-06 1
vn 7.22079051e-07 -5.76911225e-06 1
vn -6.36465575e-06 -5.63303684e-06 1
vn 5.83318706e-06 -5.76911316e-06 1
vn 1.80513655e-06 -5.16511727e-06 1
vn 4.77034791e-06 -5.43091346e-06 1
vn 0 -5.43091664e-06 1
vn -7.22079619e-07 -5.76911134e-06 1
vn -2.3851826e-06 -5.83755218e-06 1
vn -5.83318706e-06 -5.76911225e-06 1
vn -7.22079619e-07 -5.76911134e-06 1
vn 6.36465438e-06 -5.63303593e-06 1
vn 1.08308234e-06 -5.63303911e-06 1
vn 1.4002936e-05 -2.45470983e-06 1
vn -8.18087301e-06 -3.01399382e-06 1
vn 7.46338765e-06 -3.013997e-06 1
vn -7.22077914e-07 -5.16512091e-06 1
vn 1.29887258e-05 -4.83877693e-06 1
vn -1.23565533e-05 -4.83877784e-06 1
vn -1.82559313e-06 -1.25674796e-06 1
vn 9.54073039e-06 -6.3207591e-07 1
vn 1.16663559e-05 -1.25675115e-06 1
vn 1.21017802e-05 6.3208887e-07 1
vn -3.65569099e-06 3.47201066e-12 1
vn 9.38752237e-06 7.48667621e-12 1
vn 1.77347392e-05 1.25676127e-06 1
vn -4.47337743e-06 6.32078354e-07 1
vn 1.21017802e-05 6.3208887e-07 1
vn 0 -5.83755309e-06 1
vn -2.3851826e-06 -5.83755218e-06 1
vn 0 -5.83755263e-06 1
vn 1.12738417e-05 -4.83877875e-06 1
vn 7.42749853e-06 -5.16512046e-06 1
vn 1.80513655e-06 -5.16511727e-06 1
vn 2.69866117e-12 -3.53792552e-06 1
vn 1.53739202e-05 -4.02037858e-06 1
vn 7.22054494e-07 -4.02036585e-06 1
vn -9.36990364e-06 -1.25676127e-06 1
vn -9.54073039e-06 -6.3207591e-07 1
vn -2.3986594e-12 -6.32082163e-07 1
vn -6.5395102e-06 1.25674808e-06 1
vn -2.03977061e-06 6.3207591e-07 1
vn 0 1.25675115e-06 1
vn -7.22077914e-07 -5.16512091e-06 1
vn -4.7703661e-06 -5.43091483e-06 1
vn -5.83316705e-06 -5.16512137e-06 1
vn -1.23565533e-05 -4.83877784e-06 1
vn -3.78255731e-06 -4.45569958e-06 1
vn -1.56493061e-05 -4.45570231e-06 1
vn -1.08308245e-06 -5.6330382e-06 1
vn 4.77034791e-06 -5.43091346e-06 1
vn -6.36465575e-06 -5.63303684e-06 1
vn 9.38752237e-06 7.48667621e-12 1
vn 9.54073039e-06 -6.3207591e-07 1
vn 2.3986594e-12 -6.32082163e-07 1
vn -1.34933048e-12 -3.53792211e-06 1
vn -1.43111101e-05 -4.02037494e-06 1
vn -3.1344146e-11 -3.5379262e-06 1
vn -1.23565487e-05 -3.01400314e-06 1
vn 6.90824493e-07 -2.45472575e-06 1
vn -2.23901734e-05 -2.45471915e-06 1
vn -1.49046264e-05 -1.8666741e-06 1
vn -4.1654921e-06 -1.25674489e-06 1
vn -9.36990364e-06 -1.25676127e-06 1
vn -1.34933048e-12 -3.53792211e-06 1
vn 1.53738856e-05 -3.01400109e-06 1
vn -1.23565487e-05 -3.01400314e-06 1
vn 2.69866117e-12 3.53792552e-06 1
vn -1.53738874e-05 3.01399245e-06 1
vn 1.23565487e-05 3.0140061e-06 1
vn -7.22054608e-07 4.02036812e-06 1
vn -2.71969043e-06 4.45569958e-06 1
vn -1.49267735e-05 4.4556964e-06 1
vn 6.53931056e-06 -1.86666159e-06 1
vn 1.35983976e-06 -2.45472393e-06 1
vn 1.4002936e-05 -2.45470983e-06 1
vn -6.5395102e-06 1.25674808e-06 1
vn 0 1.86668046e-06 1
vn -6.53931056e-06 1.86666159e-06 1
vn 4.13958332e-06 0 1
vn -2.91762763e-06 0 1
vn 1.0209983e-05 0 1
vn 0.976620372 -0.214971273 6.14283178e-07
vn 0.947653417 -0.319300802 5.94254916e-07
vn 0.947653365 -0.319300954 5.97797801e-07
vn 0.561186975 -0.82768906 3.55393158e-07
vn 0.647386185 -0.76216214 3.87111806e-07
vn 0.561187084 -0.827688985 3.37495234e-07
vn 0.725996251 -0.687698658 4.52730913e-07
vn 0.796093096 -0.605174176 4.95244585e-07
vn 0.725995759 -0.687699177 4.4618525e-07
vn 0.161782613 -0.986826422 4.85907286e-08
vn 0.26752744 -0.963550242 1.91330961e-07
vn 0.16178168 -0.986826575 1.4336818e-07
vn 0.370138986 -0.928976389 2.22122374e-07
vn 0.468408799 -0.883511855 3.13006706e-07
vn 0.37013822 -0.928976694 2.41420219e-07
vn -0.26752744 -0.963550242 -1.5460717e-07
vn -0.161782661 -0.986826414 -1.43334184e-07
vn -0.267528541 -0.963549936 -1.93244366e-07
vn -0.0541387453 -0.998533423 -3.11372776e-08
vn 0.0541387602 -0.998533422 4.77544892e-08
vn -0.054139718 -0.99853337 -4.72173618e-08
vn -0.647385348 -0.762162851 -4.1318534e-07
vn -0.561187618 -0.827688624 -3.39027419e-07
vn -0.64738654 -0.762161838 -3.85894446e-07
vn -0.468408823 -0.883511842 -3.01713811e-07
vn -0.370139212 -0.928976299 -2.17660926e-07
vn -0.468409743 -0.883511354 -2.89552746e-07
vn -0.856856582 -0.515554844 -5.35740126e-07
vn -0.90757566 -0.419888583 -5.84695779e-07
vn -0.907575761 -0.419888363 -5.63638672e-07
vn -0.796093435 -0.60517373 -4.88469046e-07
vn -0.725996018 -0.687698904 -4.58044573e-07
vn -0.796092937 -0.605174384 -5.18366586e-07
vn -0.976619959 0.214973152 -5.8962263e-07
vn -0.94765388 0.319299426 -5.74016945e-07
vn -0.947653116 0.319301695 -5.92154891e-07
vn -0.947653874 -0.319299444 -5.70294814e-07
vn -0.976619906 -0.21497339 -5.90434394e-07
vn -0.976620718 -0.214969704 -5.65559301e-07
vn -0.796093406 0.605173768 -4.88469028e-07
vn -0.725996047 0.687698873 -4.58044591e-07
vn -0.725996135 0.68769878 -4.35982343e-07
vn -0.994138032 -0.10811833 -6.00426727e-07
vn -1 -1.17090326e-06 -6.05534865e-07
vn -1 1.21365417e-06 -6.05411572e-07
vn -0.468408823 0.883511842 -3.01713811e-07
vn -0.370139212 0.928976299 -2.17660926e-07
vn -0.370138076 0.928976751 -2.3659235e-07
vn -1 1.21365417e-06 -6.05411572e-07
vn -0.994137964 0.10811896 -6.00292415e-07
vn -0.994137723 0.108121167 -5.77094544e-07
vn -0.0541387453 0.998533423 -3.11372776e-08
vn 0.0541387602 0.998533422 4.77544892e-08
vn 0.0541397329 0.998533369 -1.03908461e-08
vn -0.907575648 0.419888607 -5.67006043e-07
vn -0.856856514 0.515554958 -5.66774126e-07
vn -0.856856693 0.51555466 -5.40729268e-07
vn 0.370138986 0.928976389 2.22122374e-07
vn 0.468408799 0.883511855 3.13006706e-07
vn 0.468409577 0.883511442 2.79961375e-07
vn -0.647385348 0.762162851 -4.1318534e-07
vn -0.561187618 0.827688624 -3.39027419e-07
vn -0.561186345 0.827689487 -3.72073155e-07
vn 0.725996251 0.687698658 4.52730913e-07
vn 0.796093096 0.605174176 4.95244585e-07
vn 0.796092937 0.605174384 5.21289759e-07
vn -0.26752744 0.963550242 -1.5460717e-07
vn -0.161782661 0.986826414 -1.43334184e-07
vn -0.161781651 0.986826579 -6.80644647e-08
vn 0.947653435 0.319300748 6.00021977e-07
vn 0.976620369 0.214971288 6.15360814e-07
vn 0.976620304 0.214971583 6.14074823e-07
vn 0.161782613 0.986826422 4.8590725e-08
vn 0.26752744 0.963550242 1.91330961e-07
vn 0.267528359 0.963549987 1.41910578e-07
vn 0.994137747 -0.108120953 6.25059071e-07
vn 0.976620248 -0.214971838 6.15405492e-07
vn 0.976620372 -0.214971273 6.14283178e-07
vn 0.561186975 0.82768906 3.55393158e-07
vn 0.647386185 0.76216214 3.87111806e-07
vn 0.647386087 0.762162223 4.07658953e-07
vn 0.796092937 -0.605174384 5.21289759e-07
vn 0.856856693 -0.51555466 5.55438526e-07
vn 0.796093096 -0.605174176 4.95244585e-07
vn 0.856857204 0.51555381 5.61760407e-07
vn 0.907575369 0.419889212 5.79052937e-07
vn 0.907576051 0.419887736 5.8134831e-07
vn 0.468409577 -0.883511442 2.79961375e-07
vn 0.561187084 -0.827688985 3.37495234e-07
vn 0.468408799 -0.883511855 3.13006706e-07
vn 0.994137742 0.108120998 6.25236496e-07
vn 1 0 6.28975556e-07
vn 1 0 6.28794965e-07
vn 0.0541397329 -0.998533369 -1.03908461e-08
vn 0.16178168 -0.986826575 1.4336818e-07
vn 0.0541387602 -0.998533422 4.77544892e-08
vn 0.947653365 -0.319300954 5.97797801e-07
vn 0.907575559 -0.4198888 5.7920699e-07
vn 0.90757585 -0.419888171 5.79207099e-07
vn -0.370138096 -0.928976743 -2.36592334e-07
vn -0.267528541 -0.963549936 -1.93244366e-07
vn -0.370139212 -0.928976299 -2.17660926e-07
vn 0.647386087 -0.762162223 4.07658953e-07
vn 0.725995759 -0.687699177 4.4618525e-07
vn 0.647386185 -0.76216214 3.87111806e-07
vn -0.725996135 -0.68769878 -4.35982343e-07
vn -0.64738654 -0.762161838 -3.85894446e-07
vn -0.725996018 -0.687698904 -4.58044573e-07
vn -0.994137723 0.108121167 -5.77094544e-07
vn -0.976620721 0.21496969 -5.64133158e-07
vn -0.976619959 0.214973152 -5.8962263e-07
vn 0.267528359 -0.963549987 1.41910578e-07
vn 0.37013822 -0.928976694 2.41420219e-07
vn 0.26752744 -0.963550242 1.91330961e-07
vn -0.907575761 -0.419888363 -5.63638672e-07
vn -0.947653131 -0.31930165 -6.00163759e-07
vn -0.947653874 -0.319299444 -5.70294814e-07
vn -0.856856693 0.51555466 -5.40729268e-07
vn -0.796092937 0.605174384 -5.18366586e-07
vn -0.796093406 0.605173768 -4.88469028e-07
vn -0.161781651 -0.986826579 -6.80644576e-08
vn -0.054139718 -0.99853337 -4.72173618e-08
vn -0.161782661 -0.986826414 -1.43334184e-07
vn -0.947653116 0.319301695 -5.92154891e-07
vn -0.90757575 0.419888388 -5.85003833e-07
vn -0.907575648 0.419888607 -5.67006043e-07
vn -0.561186345 0.827689487 -3.72073155e-07
vn -0.468409743 0.883511354 -2.89552746e-07
vn -0.468408823 0.883511842 -3.01713811e-07
vn -0.561186345 -0.827689487 -3.72073155e-07
vn -0.468409743 -0.883511354 -2.89552746e-07
vn -0.561187618 -0.827688624 -3.39027419e-07
vn -0.725996135 0.68769878 -4.35982343e-07
vn -0.64738654 0.762161838 -3.85894446e-07
vn -0.647385348 0.762162851 -4.1318534e-07
vn -0.161781651 0.986826579 -6.80644647e-08
vn -0.054139718 0.99853337 -4.72173618e-08
vn -0.0541387453 0.998533423 -3.11372776e-08
vn -0.856856582 -0.515554844 -5.35740126e-07
vn -0.796092937 -0.605174384 -5.18366586e-07
vn -0.856856625 -0.515554774 -5.67139794e-07
vn -0.370138076 0.928976751 -2.3659235e-07
vn -0.267528541 0.963549936 -1.93244366e-07
vn -0.26752744 0.963550242 -1.5460717e-07
vn 0.267528359 0.963549987 1.41910578e-07
vn 0.37013822 0.928976694 2.41420219e-07
vn 0.370138986 0.928976389 2.22122374e-07
vn -0.976620718 -0.214969704 -5.65559301e-07
vn -0.994137625 -0.108122071 -5.76856951e-07
vn -0.994138032 -0.10811833 -6.00426727e-07
vn 0.0541397329 0.998533369 -1.03908461e-08
vn 0.16178168 0.986826575 1.4336818e-07
vn 0.161782613 0.986826422 4.8590725e-08
vn 0.647386087 0.762162223 4.07658953e-07
vn 0.725995759 0.687699177 4.4618525e-07
vn 0.725996251 0.687698658 4.52730913e-07
vn 0.468409577 0.883511442 2.79961375e-07
vn 0.561187084 0.827688985 3.37495234e-07
vn 0.561186975 0.82768906 3.55393158e-07
vn 0.907576051 0.419887736 5.8134831e-07
vn 0.947653374 0.319300927 5.94521125e-07
vn 0.947653435 0.319300748 6.00021977e-07
vn 0.796092937 0.605174384 5.21289759e-07
vn 0.856856693 0.51555466 5.55438526e-07
vn 0.856857204 0.51555381 5.61760407e-07
vn 0.994137747 -0.108120953 6.25059071e-07
vn 1 0 6.28975556e-07
vn 0.994137919 -0.108119373 6.25211313e-07
vn 0.976620304 0.214971583 6.14074823e-07
vn 0.994137948 0.1081191 6.25215121e-07
vn 0.994137742 0.108120998 6.25236496e-07
vn 1 0 0
vn 1 0 0
vn 1 0 0
vn 0 -1 1.17417279e-07
vn 0 -1 1.17417279e-07
vn 0 -1 1.17417279e-07
vn 0 -1 0
vn 0 -1 0
vn 0 -1 0
vn -1 0 0
vn -1 0 0
vn -1 0 0
vn 0 1 0
vn 0 1 0
vn 0 1 0
vn 0 1 0
vn 0 1 0
vn 0 1 0
vn -5.61655816e-06 0 1
vn -5.61655816e-06 0 1
vn -5.61655816e-06 0 1
vn 5.61655816e-06 0 1
vn 5.61655816e-06 0 1
vn 5.61655816e-06 0 1
vn -0.522832026 -0.141642747 0.840585513
vn -0.528581649 -0.116351285 0.840870869
vn -0.512902682 -0.172818185 0.840871401
vn 0.512900733 -0.1728215 0.840871909
vn 0.512906888 -0.172819831 0.840868498
vn 0.522047707 -0.144961374 0.840507223
vn 0.512906888 -0.172819831 0.840868498
vn 0.528580534 -0.11634968 0.840871792
vn 0.522834746 -0.141623504 0.840587064
vn 0.522832026 0.141642747 0.840585513
vn 0.528581649 0.116351285 0.840870869
vn 0.512902682 0.172818185 0.840871401
vn -0.512900733 0.1728215 0.840871909
vn -0.512906888 0.172819831 0.840868498
vn -0.522047707 0.144961374 0.840507223
vn -0.512906888 0.172819831 0.840868498
vn -0.528580543 0.116349547 0.840871805
vn -0.522834754 0.141623388 0.840587078
vn 0.561187823 0.827688484 4.62687398e-07
vn 0.561185278 0.82769021 5.70914812e-07
vn 0.647384569 0.762163513 6.24376057e-07
vn -0.0541390165 -0.998533408 3.2870465e-08
vn 0.0541392542 -0.998533395 5.04238975e-08
vn 0.0541387416 -0.998533423 9.97705653e-08
vn -0.907576175 -0.41988747 -8.14416555e-07
vn -0.856858042 -0.515552418 -7.70894043e-07
vn -0.85685624 -0.515555413 -7.70897558e-07
vn -0.725996802 -0.687698076 -6.83908875e-07
vn -0.725994483 -0.687700524 -6.26354405e-07
vn -0.796091811 -0.605175865 -7.01559159e-07
vn 0.994137989 0.108118725 8.99132814e-07
vn 0.994137913 0.108119425 9.01326958e-07
vn 1 2.37506592e-09 9.056522e-07
vn -0.647386215 0.762162115 -5.9580403e-07
vn -0.647384958 0.762163182 -5.31970798e-07
vn -0.561185689 0.827689932 -4.37099255e-07
vn 0.161782207 -0.986826488 1.16287027e-07
vn 0.267528458 -0.963549959 1.87137042e-07
vn 0.267527133 -0.963550327 2.90833014e-07
vn 0.856857742 0.515552917 7.85815839e-07
vn 0.856856377 0.515555186 7.48160662e-07
vn 0.907575447 0.419889042 8.0889443e-07
vn 0.796094026 0.605172952 7.03608373e-07
vn 0.796092454 0.605175021 7.42163993e-07
vn 0.856856377 0.515555186 7.48160662e-07
vn 0.647386412 -0.762161947 5.75673124e-07
vn 0.72599683 -0.687698046 6.26352498e-07
vn 0.725994657 -0.687700341 7.15139332e-07
vn 0.0541392542 -0.998533395 5.04238975e-08
vn 0.161782207 -0.986826488 1.16287027e-07
vn 0.161781375 -0.986826624 1.85104005e-07
vn -6.5395102e-06 2.81110669e-14 1
vn -2.3986594e-12 -6.32082163e-07 1
vn -9.54073039e-06 -6.3207591e-07 1
vn -0.976620186 0.214972121 -8.80159281e-07
vn -0.976620366 0.214971302 -8.83349562e-07
vn -0.994137953 0.108119058 -9.0144489e-07
vn -1 2.37506592e-09 -9.05873947e-07
vn -1 0 -9.05652144e-07
vn -0.994137855 0.108119961 -8.9914491e-07
vn 0.468410448 0.88351098 4.34288709e-07
vn 0.468407717 0.883512428 3.9597557e-07
vn 0.561185278 0.82769021 5.70914812e-07
vn -0.561187193 -0.827688911 -5.14164456e-07
vn -0.468409883 -0.88351128 -3.71566603e-07
vn -0.46840807 -0.883512241 -3.8855605e-07
vn 0.267528458 0.963549959 1.87137042e-07
vn 0.267527133 0.963550327 2.90833014e-07
vn 0.370137346 0.928977042 2.78489674e-07
vn -0.267528316 -0.963549999 -2.46630342e-07
vn -0.161782061 -0.986826512 -9.6362054e-08
vn -0.161781602 -0.986826587 -1.85147124e-07
vn 0.907576074 0.419887687 8.29845182e-07
vn 0.907575447 0.419889042 8.0889443e-07
vn 0.947653417 0.319300802 8.69543047e-07
vn 0.856857905 -0.515552646 7.65594458e-07
vn 0.856856208 -0.515555466 7.93634949e-07
vn 0.796091934 -0.605175704 7.69857782e-07
vn 0.976620531 0.214970554 8.81158349e-07
vn 0.976620149 0.214972288 8.96913613e-07
vn 0.994137913 0.108119425 9.01326958e-07
vn -0.0541390165 -0.998533408 3.2870465e-08
vn -0.0541389278 -0.998533413 -9.6362092e-08
vn -0.161781602 -0.986826587 -1.85147124e-07
vn 0.96354989 -0.267528707 8.66858992e-07
vn 0.976620543 -0.214970497 8.80200606e-07
vn 0.97662026 -0.214971782 8.94146641e-07
vn 0.97662026 -0.214971782 8.94146641e-07
vn 0.947653236 -0.319301338 8.66670179e-07
vn 0.96354989 -0.267528707 8.66858992e-07
vn 0.561187823 -0.827688484 4.62687398e-07
vn 0.647386412 -0.762161947 5.75673124e-07
vn 0.647384569 -0.762163513 6.24376057e-07
vn -0.947653724 0.319299891 -8.54871033e-07
vn -0.947653242 0.31930132 -8.551802e-07
vn -0.907575257 0.419889453 -8.31158054e-07
vn -0.0541389199 0.998533413 3.97253235e-08
vn -0.0541390574 0.998533406 -8.88023484e-08
vn 0.0541387416 0.998533423 9.97705653e-08
vn -0.370139258 0.92897628 -3.4468586e-07
vn -0.37013787 0.928976833 -2.84529221e-07
vn -0.267527578 0.963550204 -2.02415463e-07
vn 0.370139608 0.928976141 2.77680307e-07
vn 0.370137346 0.928977042 2.78489674e-07
vn 0.468407717 0.883512428 3.9597557e-07
vn 0.0541392542 0.998533395 5.04238975e-08
vn 0.0541387416 0.998533423 9.97705653e-08
vn 0.161781375 0.986826624 1.85104005e-07
vn -0.468409883 -0.88351128 -3.71566603e-07
vn -0.370139433 -0.928976211 -2.89085971e-07
vn -0.370137798 -0.928976862 -2.89086349e-07
vn 0.468410448 -0.88351098 4.34288709e-07
vn 0.561187823 -0.827688484 4.62687398e-07
vn 0.561185278 -0.82769021 5.70914755e-07
vn -0.161781921 0.986826535 -1.04687103e-07
vn -0.161781704 0.986826571 -1.92767181e-07
vn -0.0541390574 0.998533406 -8.88023484e-08
vn 0.647386377 0.762161976 5.75673146e-07
vn 0.647384569 0.762163513 6.24376057e-07
vn 0.725994743 0.68770025 7.20538742e-07
vn -0.796093824 0.605173218 -7.35015306e-07
vn -0.796092302 0.60517522 -7.21677138e-07
vn -0.725995032 0.687699944 -6.28532719e-07
vn 0.994137988 -0.108118733 8.98500202e-07
vn 1 0 9.05652144e-07
vn 1 2.37506592e-09 9.056522e-07
vn 0.267528458 -0.963549959 1.87137042e-07
vn 0.370139608 -0.928976141 2.77680307e-07
vn 0.370137346 -0.928977042 2.78489674e-07
vn -0.267528249 0.963550017 -3.16478336e-07
vn -0.267527578 0.963550204 -2.02415463e-07
vn -0.161781704 0.986826571 -1.92767181e-07
vn -0.468409883 0.88351128 -3.71566632e-07
vn -0.46840807 0.883512241 -3.8855605e-07
vn -0.37013787 0.928976833 -2.84529221e-07
vn 0.161782207 0.986826488 1.16287041e-07
vn 0.161781375 0.986826624 1.85104005e-07
vn 0.267527133 0.963550327 2.90833014e-07
vn -0.796094358 -0.605172515 -7.51789287e-07
vn -0.796091811 -0.605175865 -7.01559159e-07
vn -0.85685624 -0.515555413 -7.70897558e-07
vn -0.976620385 -0.214971216 -8.83695585e-07
vn -0.976620267 -0.214971753 -8.76424517e-07
vn -0.994137895 -0.108119593 -8.98796099e-07
vn -0.856857905 0.515552646 -7.65594572e-07
vn -0.85685625 0.515555396 -7.93635046e-07
vn -0.796092302 0.60517522 -7.21677138e-07
vn 0.796094538 -0.605172278 6.94412053e-07
vn 0.796091934 -0.605175704 7.69857782e-07
vn 0.725994657 -0.687700341 7.15139332e-07
vn -0.947653769 -0.319299757 -8.5355657e-07
vn -0.947653209 -0.319301418 -8.5223528e-07
vn -0.963550211 -0.267527551 -8.66046777e-07
vn -0.947653209 -0.319301418 -8.5223528e-07
vn -0.976620267 -0.214971753 -8.76424517e-07
vn -0.963550211 -0.267527551 -8.66046777e-07
vn 0.947653543 -0.319300427 8.54870918e-07
vn 0.947653236 -0.319301338 8.66670179e-07
vn 0.907575235 -0.419889501 8.31158145e-07
vn -0.907576175 -0.41988747 -8.14416555e-07
vn -0.907575156 -0.419889671 -8.3112442e-07
vn -0.947653209 -0.319301418 -8.5223528e-07
vn -1 2.37506592e-09 -9.05873947e-07
vn -0.994137971 -0.108118888 -9.02264304e-07
vn -0.994137895 -0.108119593 -8.98796099e-07
vn 0.907576209 -0.419887396 8.15692379e-07
vn 0.907575235 -0.419889501 8.31158145e-07
vn 0.856856208 -0.515555466 7.93634949e-07
vn -0.647386215 -0.762162115 -5.9580403e-07
vn -0.561187193 -0.827688911 -5.14164456e-07
vn -0.561185689 -0.827689932 -4.37099255e-07
vn 0.370139608 -0.928976141 2.77680307e-07
vn 0.468410448 -0.88351098 4.34288709e-07
vn 0.468407717 -0.883512428 3.9597557e-07
vn 0.96354989 0.267528707 8.68968678e-07
vn 0.947653374 0.319300927 8.55129277e-07
vn 0.947653417 0.319300802 8.69543047e-07
vn 0.947653417 0.319300802 8.69543047e-07
vn 0.976620149 0.214972288 8.96913613e-07
vn 0.96354989 0.267528707 8.68968678e-07
vn -0.725996455 0.687698443 -6.77231999e-07
vn -0.725995032 0.687699944 -6.28532719e-07
vn -0.647384958 0.762163182 -5.31970798e-07
vn -0.561187193 0.827688911 -5.14164456e-07
vn -0.561185689 0.827689932 -4.37099255e-07
vn -0.46840807 0.883512241 -3.8855605e-07
vn 0.725996367 0.687698535 6.40605599e-07
vn 0.725994743 0.68770025 7.20538742e-07
vn 0.796092454 0.605175021 7.42163993e-07
vn -0.267528316 -0.963549999 -2.46630342e-07
vn -0.267527369 -0.963550262 -1.92724157e-07
vn -0.370137798 -0.928976862 -2.89086349e-07
vn -0.907576164 0.419887493 -8.15692279e-07
vn -0.907575257 0.419889453 -8.31158054e-07
vn -0.85685625 0.515555396 -7.93635046e-07
vn -0.976620366 0.214971302 -8.83349562e-07
vn -0.976620186 0.214972121 -8.80159281e-07
vn -0.963550211 0.267527551 -8.66284041e-07
vn -0.976620186 0.214972121 -8.80159281e-07
vn -0.947653242 0.31930132 -8.551802e-07
vn -0.963550211 0.267527551 -8.66284041e-07
vn -0.725996802 -0.687698076 -6.83908875e-07
vn -0.647386215 -0.762162115 -5.9580403e-07
vn -0.647384958 -0.762163182 -5.31970798e-07
vn 0 0 1
vn 0 0 1
vn 4.75868137e-06 0 1
vn 1.28295528e-06 0 1
vn 5.89016872e-06 0 1
vn 3.89134539e-06 0 1
vn -1.06062271e-06 0 1
vn 0 0 1
vn 0 0 1
vn 0 0 1
vn 5.89016872e-06 0 1
vn 1.28295528e-06 0 1
vn 0 0 1
vn 8.64648825e-07 0 1
vn 0 0 1
vn -2.43420664e-06 0 1
vn 0 0 1
vn 8.64648825e-07 0 1
vn 8.64648825e-07 0 1
vn -1.9863628e-06 0 1
vn -2.43420664e-06 0 1
vn -3.70671455e-06 0 1
vn 0 0 1
vn -1.26666714e-06 0 1
vn -2.3433488e-06 0 1
vn 0 0 1
vn -6.20543801e-07 0 1
vn 0 0 1
vn 0 0 1
vn -2.3433488e-06 0 1
vn 8.28186728e-07 0 1
vn 0 0 1
vn 0 0 1
vn 0 0 1
vn 8.64648939e-07 0 1
vn 0 0 1
vn 3.31444568e-07 0 1
vn 0 0 1
vn 8.64648939e-07 0 1
vn 8.64648939e-07 0 1
vn 1.77095444e-06 0 1
vn 3.31444568e-07 0 1
vn 1.11620948e-05 0 -1
vn 0.000193568001 0 -0.999999981
vn 4.90338653e-06 0 -1
vn 0.000193568001 0 -0.999999981
vn -0.000197959187 0 -0.99999998
vn 4.90338653e-06 0 -1
vn -0.000197959187 0 -0.99999998
vn 0.000309564381 0 -0.999999952
vn 4.90338653e-06 0 -1
vn 4.90338653e-06 0 -1
vn 0 0 -1
vn -1.86031673e-06 0 -1
vn 0 0 -1
vn -2.76321043e-06 0 -1
vn -1.86031673e-06 0 -1
vn -2.76321043e-06 0 -1
vn -0.000154782288 0 -0.999999988
vn -1.86031673e-06 0 -1
vn -1.86031673e-06 0 -1
vn 0.000154783787 0 -0.999999988
vn 2.76318133e-06 0 -1
vn 2.76318133e-06 0 -1
vn -0.000100483332 0 -0.999999995
vn -1.86031673e-06 0 -1
vn -0.000100483332 0 -0.999999995
vn -6.91168998e-06 0 -1
vn -1.86031673e-06 0 -1
vn -6.91168998e-06 0 -1
vn 0 0 -1
vn 0 0 -1
vn 0 0 -1
vn 0 0 -1
vn -6.91168998e-06 0 -1
vn 0 0 -1
vn 6.13735483e-06 0 -1
vn -6.91168998e-06 0 -1
vn 6.13735483e-06 0 -1
vn 0 0 -1
vn -1.03864784e-06 0 -1
vn -1.03864784e-06 0 -1
vn 0 0 -1
vn 3.49122433e-06 0 -1
vn 3.49122433e-06 0 -1
vn 0.000154783787 0 -0.999999988
vn 8.75313731e-07 0 -1
vn 8.75313731e-07 0 -1
vn 0 0 -1
vn -2.45494248e-05 0 -1
vn -2.45494248e-05 0 -1
vn 0 0 -1
vn -3.99916098e-06 0 -1
vn 0 0 -1
vn 2.76314927e-06 0 -1
vn -3.99916098e-06 0 -1
vn 2.76314927e-06 0 -1
vn 0.000154778922 0 -0.999999988
vn -3.99916098e-06 0 -1
vn -3.99916098e-06 0 -1
vn -0.000619121936 0 -0.999999808
vn 6.42354424e-05 0 -0.999999998
vn 6.42354424e-05 0 -0.999999998
vn 0 0 -1
vn -8.26510677e-06 0 -1
vn -8.26510677e-06 0 -1
vn -0.000619122285 0 -0.999999808
vn -5.66310627e-05 0 -0.999999998
vn -5.66310627e-05 0 -0.999999998
vn 0.000154778922 0 -0.999999988
vn -2.56373005e-06 0 -1
vn -2.56373005e-06 0 -1
vn -3.6987949e-06 0 -1
vn -4.98181225e-06 0 -1
vn -3.6987949e-06 0 -1
vn -0.000101742712 0 -0.999999995
vn -4.98181225e-06 0 -1
vn -0.000101742712 0 -0.999999995
vn 0 0 -1
vn -4.98181225e-06 0 -1
vn -4.98181225e-06 0 -1
vn 7.73918944e-05 0 -0.999999997
vn 1.38164546e-06 0 -1
vn 1.38164546e-06 0 -1
vn 0 0 -1
vn -4.98181225e-06 0 -1
vn 0 0 -1
vn -3.61060671e-07 0 -1
vn -4.98181225e-06 0 -1
vn -3.61060671e-07 0 -1
vn 0 0 -1
vn 0 0 -1
vn 0 0 -1
vn 0 0 -1
vn -3.61060671e-07 0 -1
vn 0 0 -1
vn -9.3016655e-07 0 -1
vn -3.61060671e-07 0 -1
vn -9.3016655e-07 0 -1
vn 0 0 -1
vn 0 0 -1
vn 0 0 -1
vn -5.02419934e-05 0 -0.999999999
vn -9.3016655e-07 0 -1
vn -5.02419934e-05 0 -0.999999999
vn 5.50975187e-07 0 -1
vn -9.3016655e-07 0 -1
vn 5.50975187e-07 0 -1
vn 0.000154783787 0 -0.999999988
vn -2.93850951e-11 0 -1
vn -2.93850951e-11 0 -1
vn -0.000154782288 0 -0.999999988
vn -1.03379962e-05 0 -1
vn -1.03379962e-05 0 -1
vn -7.87909373e-05 0 -0.999999997
vn 4.90338653e-06 0 -1
vn -7.87909373e-05 0 -0.999999997
vn 1.11620948e-05 0 -1
vn 4.90338653e-06 0 -1
vn 6.13735483e-06 0 -1
vn -1.03864784e-06 0 -1
vn -6.91168998e-06 0 -1
vn -1.03864784e-06 0 -1
vn 3.49122433e-06 0 -1
vn -6.91168998e-06 0 -1
vn 3.49122433e-06 0 -1
vn 8.75313731e-07 0 -1
vn -3.99916098e-06 0 -1
vn 8.75313731e-07 0 -1
vn -2.45494248e-05 0 -1
vn -3.99916098e-06 0 -1
vn -3.99916098e-06 0 -1
vn 6.42354424e-05 0 -0.999999998
vn -8.26510677e-06 0 -1
vn -8.26510677e-06 0 -1
vn -5.66310627e-05 0 -0.999999998
vn -3.99916098e-06 0 -1
vn -5.66310627e-05 0 -0.999999998
vn -2.56373005e-06 0 -1
vn -3.99916098e-06 0 -1
vn 5.50975187e-07 0 -1
vn -2.93850951e-11 0 -1
vn 4.90338653e-06 0 -1
vn -2.93850951e-11 0 -1
vn -1.03379962e-05 0 -1
vn 4.90338653e-06 0 -1
vn 4.90338653e-06 0 -1
vn -1.86031673e-06 0 -1
vn -6.91168998e-06 0 -1
vn -2.56373005e-06 0 -1
vn -4.98181225e-06 0 -1
vn -3.61060671e-07 0 -1
vn -3.61060671e-07 0 -1
vn -9.3016655e-07 0 -1
vn 5.50975187e-07 0 -1
vn 4.90338653e-06 0 -1
vn -6.91168998e-06 0 -1
vn 3.49122433e-06 0 -1
vn 3.49122433e-06 0 -1
vn -3.99916098e-06 0 -1
vn -2.56373005e-06 0 -1
vn -2.56373005e-06 0 -1
vn -3.61060671e-07 0 -1
vn 3.49122433e-06 0 -1
vn -3.61060671e-07 0 -1
vn 5.50975187e-07 0 -1
vn 3.49122433e-06 0 -1
vn 0.994137964 -0.108118954 9.01422899e-07
vn 0.97662026 -0.214971782 8.94146641e-07
vn 0.976620543 -0.214970497 8.80200606e-07
vn 0.856857204 -0.51555381 5.61760407e-07
vn 0.90757585 -0.419888171 5.79207099e-07
vn 0.907575559 -0.4198888 5.7920699e-07
vn 2.69866117e-12 -3.53792552e-06 1
vn 7.46338765e-06 -3.013997e-06 1
vn -8.18087301e-06 -3.01399382e-06 1
vn 7.22054494e-07 -4.02036585e-06 1
vn 1.53739202e-05 -4.02037858e-06 1
vn 2.71969907e-06 -4.45569367e-06 1
vn 7.22079051e-07 -5.76911225e-06 1
vn 5.83318706e-06 -5.76911316e-06 1
vn 2.38517032e-06 -5.83755309e-06 1
vn -1.40029315e-05 2.45470983e-06 1
vn -1.3598393e-06 2.45472893e-06 1
vn 8.18087847e-06 3.01400246e-06 1
vn -1.34933048e-12 3.53792211e-06 1
vn -3.1344146e-11 3.5379262e-06 1
vn -1.53739056e-05 4.0203754e-06 1
vn -1.82559313e-06 -1.25674796e-06 1
vn 1.16663559e-05 -1.25675115e-06 1
vn 0 -1.86668046e-06 1
vn -1.08308245e-06 5.6330382e-06 1
vn -6.36465575e-06 5.63303684e-06 1
vn 4.77034791e-06 5.43091346e-06 1
vn -1.12738271e-05 4.83877557e-06 1
vn 1.45829708e-05 4.83877466e-06 1
vn -7.42751581e-06 5.16511864e-06 1
vn -1.12738271e-05 4.83877557e-06 1
vn -1.49267735e-05 4.4556964e-06 1
vn -2.71969043e-06 4.45569958e-06 1
vn -1.80513882e-06 5.16511909e-06 1
vn -7.42751581e-06 5.16511864e-06 1
vn -4.7703661e-06 5.43091483e-06 1
vn -1.56493061e-05 -4.45570231e-06 1
vn -3.78255731e-06 -4.45569958e-06 1
vn -1.43111101e-05 -4.02037494e-06 1
vn -7.22079619e-07 5.76911134e-06 1
vn 1.08308234e-06 5.63303911e-06 1
vn 6.36465438e-06 5.63303593e-06 1
vn 1.49046264e-05 1.8666741e-06 1
vn 2.23901734e-05 2.45471915e-06 1
vn -6.90826425e-07 2.45472256e-06 1
vn 0 5.83755173e-06 1
vn -2.38516918e-06 5.83755263e-06 1
vn 2.38518373e-06 5.83755309e-06 1
vn -6.5395102e-06 2.81110669e-14 1
vn 0 -1.74911406e-14 1
vn -2.03977061e-06 6.3207591e-07 1
vn 7.22079051e-07 5.7691127e-06 1
vn 5.83318706e-06 5.76911316e-06 1
vn -6.36465575e-06 5.63303684e-06 1
vn 7.22054494e-07 4.0203663e-06 1
vn 1.4926788e-05 4.45570004e-06 1
vn 2.71969907e-06 4.45569367e-06 1
vn 7.22079051e-07 5.7691127e-06 1
vn 0 5.83755354e-06 1
vn 2.38518373e-06 5.83755309e-06 1
vn 7.22078482e-07 5.16512409e-06 1
vn 0 5.43091664e-06 1
vn 4.77034791e-06 5.43091346e-06 1
vn 7.22078482e-07 5.16512409e-06 1
vn 5.83314068e-06 5.16511909e-06 1
vn -1.29887339e-05 4.83877147e-06 1
vn 2.69866117e-12 3.53792552e-06 1
vn 7.22054494e-07 4.0203663e-06 1
vn 1.53739202e-05 4.02037858e-06 1
vn -1.49046264e-05 -1.8666741e-06 1
vn -2.23901734e-05 -2.45471915e-06 1
vn 6.90824493e-07 -2.45472575e-06 1
vn -7.22079619e-07 5.76911134e-06 1
vn -5.83318706e-06 5.76911225e-06 1
vn -2.38516918e-06 5.83755263e-06 1
vn 1.23565651e-05 4.83878603e-06 1
vn -1.29887339e-05 4.83877147e-06 1
vn 2.71969907e-06 4.45569367e-06 1
vn 1.49046264e-05 1.8666741e-06 1
vn -1.16663859e-05 1.86667341e-06 1
vn -7.50092886e-06 1.25674489e-06 1
vn -6.53931056e-06 1.86666159e-06 1
vn 0 1.86668046e-06 1
vn -1.3598393e-06 2.45472893e-06 1
vn 1.08308234e-06 -5.63303911e-06 1
vn 6.36465438e-06 -5.63303593e-06 1
vn -4.7703661e-06 -5.43091483e-06 1
vn 1.12738417e-05 -4.83877875e-06 1
vn 1.4926788e-05 -4.45570004e-06 1
vn 2.71969907e-06 -4.45569367e-06 1
vn 1.23565487e-05 3.0140061e-06 1
vn -1.53738874e-05 3.01399245e-06 1
vn -6.90826425e-07 2.45472256e-06 1
vn 1.08308234e-06 5.63303911e-06 1
vn 0 5.4309171e-06 1
vn -4.7703661e-06 5.43091483e-06 1
vn -1.34933048e-12 3.53792211e-06 1
vn -7.46338492e-06 3.01399314e-06 1
vn 8.18087847e-06 3.01400246e-06 1
vn 7.22079051e-07 -5.76911225e-06 1
vn -1.08308245e-06 -5.6330382e-06 1
vn -6.36465575e-06 -5.63303684e-06 1
vn 1.80513655e-06 -5.16511727e-06 1
vn 7.42749853e-06 -5.16512046e-06 1
vn 4.77034791e-06 -5.43091346e-06 1
vn -7.22079619e-07 -5.76911134e-06 1
vn 0 -5.83755263e-06 1
vn -2.3851826e-06 -5.83755218e-06 1
vn -7.22079619e-07 -5.76911134e-06 1
vn -5.83318706e-06 -5.76911225e-06 1
vn 6.36465438e-06 -5.63303593e-06 1
vn 1.4002936e-05 -2.45470983e-06 1
vn 1.35983976e-06 -2.45472393e-06 1
vn -8.18087301e-06 -3.01399382e-06 1
vn -7.22077914e-07 -5.16512091e-06 1
vn -5.83316705e-06 -5.16512137e-06 1
vn 1.29887258e-05 -4.83877693e-06 1
vn -1.82559313e-06 -1.25674796e-06 1
vn 2.3986594e-12 -6.32082163e-07 1
vn 9.54073039e-06 -6.3207591e-07 1
vn 1.21017802e-05 6.3208887e-07 1
vn -4.47337743e-06 6.32078354e-07 1
vn -3.65569099e-06 3.47201066e-12 1
vn 1.77347392e-05 1.25676127e-06 1
vn -7.50092886e-06 1.25674489e-06 1
vn -4.47337743e-06 6.32078354e-07 1
vn 0 -5.83755309e-06 1
vn 2.38517032e-06 -5.83755309e-06 1
vn -2.3851826e-06 -5.83755218e-06 1
vn 1.12738417e-05 -4.83877875e-06 1
vn -1.45829654e-05 -4.83877375e-06 1
vn 7.42749853e-06 -5.16512046e-06 1
vn 2.69866117e-12 -3.53792552e-06 1
vn 4.58967864e-11 -3.5379262e-06 1
vn 1.53739202e-05 -4.02037858e-06 1
vn -9.36990364e-06 -1.25676127e-06 1
vn -4.1654921e-06 -1.25674489e-06 1
vn -9.54073039e-06 -6.3207591e-07 1
vn -6.5395102e-06 1.25674808e-06 1
vn -1.11950822e-05 6.32082163e-07 1
vn -2.03977061e-06 6.3207591e-07 1
vn -7.22077914e-07 -5.16512091e-06 1
vn 0 -5.4309171e-06 1
vn -4.7703661e-06 -5.43091483e-06 1
vn -1.23565533e-05 -4.83877784e-06 1
vn 1.29887258e-05 -4.83877693e-06 1
vn -3.78255731e-06 -4.45569958e-06 1
vn -1.08308245e-06 -5.6330382e-06 1
vn 0 -5.43091664e-06 1
vn 4.77034791e-06 -5.43091346e-06 1
vn 9.38752237e-06 7.48667621e-12 1
vn -3.65569099e-06 3.47201066e-12 1
vn 9.54073039e-06 -6.3207591e-07 1
vn -1.34933048e-12 -3.53792211e-06 1
vn 0 -4.02037449e-06 1
vn -1.43111101e-05 -4.02037494e-06 1
vn -1.23565487e-05 -3.01400314e-06 1
vn 1.53738856e-05 -3.01400109e-06 1
vn 6.90824493e-07 -2.45472575e-06 1
vn -1.49046264e-05 -1.8666741e-06 1
vn 1.16663859e-05 -1.86667341e-06 1
vn -4.1654921e-06 -1.25674489e-06 1
vn -1.34933048e-12 -3.53792211e-06 1
vn -3.1344146e-11 -3.5379262e-06 1
vn 1.53738856e-05 -3.01400109e-06 1
vn 2.69866117e-12 3.53792552e-06 1
vn 4.58967864e-11 3.5379262e-06 1
vn -1.53738874e-05 3.01399245e-06 1
vn -7.22054608e-07 4.02036812e-06 1
vn -1.53739056e-05 4.0203754e-06 1
vn -2.71969043e-06 4.45569958e-06 1
vn 6.53931056e-06 -1.86666159e-06 1
vn 0 -1.86668046e-06 1
vn 1.35983976e-06 -2.45472393e-06 1
vn -6.5395102e-06 1.25674808e-06 1
vn 0 1.25675115e-06 1
vn 0 1.86668046e-06 1
vn 0 0 1
vn 0 0 1
vn -5.00214037e-06 0 1
vn -5.00214037e-06 0 1
vn -0.00028018807 0 0.999999961
vn 4.13958332e-06 0 1
vn 4.13958332e-06 0 1
vn 0.000181896536 0 0.999999983
vn -1.73828448e-05 0 1
vn 0.000181896536 0 0.999999983
vn -1.00038351e-05 0 1
vn -1.73828448e-05 0 1
vn -1.00038351e-05 0 1
vn -0.000560368715 0 0.999999843
vn -1.73828448e-05 0 1
vn -1.73828448e-05 0 1
vn -1.3391219e-05 0 1
vn -6.69598057e-06 0 1
vn -1.3391219e-05 0 1
vn -0.000358344491 0 0.999999936
vn -6.69598057e-06 0 1
vn -0.000358344491 0 0.999999936
vn 0.000560377096 0 0.999999843
vn -6.69598057e-06 0 1
vn -6.69598057e-06 0 1
vn -0.000560384663 0 0.999999843
vn -1.65904621e-05 0 1
vn -1.65904621e-05 0 1
vn -0.000560368715 0 0.999999843
vn 3.44356776e-05 0 0.999999999
vn 3.44356776e-05 0 0.999999999
vn 0 0 1
vn -2.91762763e-06 0 1
vn 0 0 1
vn -5.00188298e-06 0 1
vn -2.91762763e-06 0 1
vn -5.00188298e-06 0 1
vn -0.00028018807 0 0.999999961
vn -2.91762763e-06 0 1
vn -2.91762763e-06 0 1
vn -3.34780202e-06 0 1
vn -5.75968352e-06 0 1
vn -3.34780202e-06 0 1
vn -9.20874659e-05 0 0.999999996
vn -5.75968352e-06 0 1
vn -9.20874659e-05 0 0.999999996
vn 0 0 1
vn -5.75968352e-06 0 1
vn -5.75968352e-06 0 1
vn 0 0 1
vn 0 0 1
vn 0 0 1
vn 0 0 1
vn -5.75968352e-06 0 1
vn 0 0 1
vn 6.43902922e-06 0 1
vn -5.75968352e-06 0 1
vn 6.43902922e-06 0 1
vn 0 0 1
vn 0.000184177098 0 0.999999983
vn 0.000184177098 0 0.999999983
vn 6.69558403e-06 0 1
vn 6.43902922e-06 0 1
vn 6.69558403e-06 0 1
vn 8.88792271e-05 0 0.999999996
vn 6.43902922e-06 0 1
vn 8.88792271e-05 0 0.999999996
vn 0 0 1
vn 1.68392689e-05 0 1
vn 1.68392689e-05 0 1
vn 0.000560363792 0 0.999999843
vn 1.0209983e-05 0 1
vn 1.0209983e-05 0 1
vn 0 0 1
vn 1.00040288e-05 0 1
vn 1.00040288e-05 0 1
vn 0.000560367259 0 0.999999843
vn 2.00078684e-05 0 1
vn 2.00078684e-05 0 1
vn 0.000560367168 0 0.999999843
vn 1.00038187e-05 0 1
vn 1.00038187e-05 0 1
vn 0 0 1
vn -3.17559625e-06 0 1
vn -3.17559625e-06 0 1
vn 0.000560363792 0 0.999999843
vn -3.03323213e-05 0 1
vn -3.03323213e-05 0 1
vn 0 0 1
vn 3.93880764e-05 0 0.999999999
vn 3.93880764e-05 0 0.999999999
vn -8.76003757e-05 0 0.999999996
vn 5.325698e-07 0 1
vn -8.76003757e-05 0 0.999999996
vn 9.20885573e-05 0 0.999999996
vn 5.325698e-07 0 1
vn 9.20885573e-05 0 0.999999996
vn 0 0 1
vn 5.325698e-07 0 1
vn 5.325698e-07 0 1
vn 0 0 1
vn 0 0 1
vn 0 0 1
vn 0 0 1
vn 0 0 1
vn 0 0 1
vn 0 0 1
vn 0 0 1
vn 0 0 1
vn 0 0 1
vn 0 0 1
vn 0 0 1
vn -5.00214037e-06 0 1
vn 0 0 1
vn -5.00214037e-06 0 1
vn 4.13958332e-06 0 1
vn 0 0 1
vn -6.69598057e-06 0 1
vn -1.65904621e-05 0 1
vn -2.91762763e-06 0 1
vn -1.65904621e-05 0 1
vn 3.44356776e-05 0 0.999999999
vn -2.91762763e-06 0 1
vn 8.88792271e-05 0 0.999999996
vn 1.68392689e-05 0 1
vn 6.43902922e-06 0 1
vn 1.68392689e-05 0 1
vn 1.0209983e-05 0 1
vn 6.43902922e-06 0 1
vn 1.0209983e-05 0 1
vn 1.00040288e-05 0 1
vn -3.17559625e-06 0 1
vn 1.00040288e-05 0 1
vn 2.00078684e-05 0 1
vn -3.17559625e-06 0 1
vn 2.00078684e-05 0 1
vn 1.00038187e-05 0 1
vn -3.17559625e-06 0 1
vn -3.17559625e-06 0 1
vn -3.03323213e-05 0 1
vn 5.325698e-07 0 1
vn -3.03323213e-05 0 1
vn 3.93880764e-05 0 0.999999999
vn 5.325698e-07 0 1
vn 4.13958332e-06 0 1
vn -1.73828448e-05 0 1
vn -2.91762763e-06 0 1
vn -1.73828448e-05 0 1
vn -6.69598057e-06 0 1
vn -2.91762763e-06 0 1
vn -2.91762763e-06 0 1
vn -5.75968352e-06 0 1
vn 6.43902922e-06 0 1
vn 5.325698e-07 0 1
vn 0 0 1
vn 4.13958332e-06 0 1
vn -2.91762763e-06 0 1
vn 6.43902922e-06 0 1
vn 1.0209983e-05 0 1
vn 1.0209983e-05 0 1
vn -3.17559625e-06 0 1
vn 5.325698e-07 0 1
vn 5.325698e-07 0 1
vn 4.13958332e-06 0 1
vn 1.0209983e-05 0 1
vn 0.976620372 -0.214971273 6.14283178e-07
vn 0.976620248 -0.214971838 6.15405492e-07
vn 0.947653417 -0.319300802 5.94254916e-07
vn 0.561186975 -0.82768906 3.55393158e-07
vn 0.647386087 -0.762162223 4.07658953e-07
vn 0.647386185 -0.76216214 3.87111806e-07
vn 0.725996251 -0.687698658 4.52730913e-07
vn 0.796092937 -0.605174384 5.21289759e-07
vn 0.796093096 -0.605174176 4.95244585e-07
vn 0.161782613 -0.986826422 4.85907286e-08
vn 0.267528359 -0.963549987 1.41910578e-07
vn 0.26752744 -0.963550242 1.91330961e-07
vn 0.370138986 -0.928976389 2.22122374e-07
vn 0.468409577 -0.883511442 2.79961375e-07
vn 0.468408799 -0.883511855 3.13006706e-07
vn -0.26752744 -0.963550242 -1.5460717e-07
vn -0.161781651 -0.986826579 -6.80644576e-08
vn -0.161782661 -0.986826414 -1.43334184e-07
vn -0.0541387453 -0.998533423 -3.11372776e-08
vn 0.0541397329 -0.998533369 -1.03908461e-08
vn 0.0541387602 -0.998533422 4.77544892e-08
vn -0.647385348 -0.762162851 -4.1318534e-07
vn -0.561186345 -0.827689487 -3.72073155e-07
vn -0.561187618 -0.827688624 -3.39027419e-07
vn -0.468408823 -0.883511842 -3.01713811e-07
vn -0.370138096 -0.928976743 -2.36592334e-07
vn -0.370139212 -0.928976299 -2.17660926e-07
vn -0.856856582 -0.515554844 -5.35740126e-07
vn -0.856856625 -0.515554774 -5.67139794e-07
vn -0.90757566 -0.419888583 -5.84695779e-07
vn -0.796093435 -0.60517373 -4.88469046e-07
vn -0.725996135 -0.68769878 -4.35982343e-07
vn -0.725996018 -0.687698904 -4.58044573e-07
vn -0.976619959 0.214973152 -5.8962263e-07
vn -0.976620721 0.21496969 -5.64133158e-07
vn -0.94765388 0.319299426 -5.74016945e-07
vn -0.947653874 -0.319299444 -5.70294814e-07
vn -0.947653131 -0.31930165 -6.00163759e-07
vn -0.976619906 -0.21497339 -5.90434394e-07
vn -0.796093406 0.605173768 -4.88469028e-07
vn -0.796092937 0.605174384 -5.18366586e-07
vn -0.725996047 0.687698873 -4.58044591e-07
vn -0.994138032 -0.10811833 -6.00426727e-07
vn -0.994137625 -0.108122071 -5.76856951e-07
vn -1 -1.17090326e-06 -6.05534865e-07
vn -0.468408823 0.883511842 -3.01713811e-07
vn -0.468409743 0.883511354 -2.89552746e-07
vn -0.370139212 0.928976299 -2.17660926e-07
vn -1 1.21365417e-06 -6.05411572e-07
vn -1 -1.17090326e-06 -6.05534865e-07
vn -0.994137964 0.10811896 -6.00292415e-07
vn -0.0541387453 0.998533423 -3.11372776e-08
vn -0.054139718 0.99853337 -4.72173618e-08
vn 0.0541387602 0.998533422 4.77544892e-08
vn -0.907575648 0.419888607 -5.67006043e-07
vn -0.90757575 0.419888388 -5.85003833e-07
vn -0.856856514 0.515554958 -5.66774126e-07
vn 0.370138986 0.928976389 2.22122374e-07
vn 0.37013822 0.928976694 2.41420219e-07
vn 0.468408799 0.883511855 3.13006706e-07
vn -0.647385348 0.762162851 -4.1318534e-07
vn -0.64738654 0.762161838 -3.85894446e-07
vn -0.561187618 0.827688624 -3.39027419e-07
vn 0.725996251 0.687698658 4.52730913e-07
vn 0.725995759 0.687699177 4.4618525e-07
vn 0.796093096 0.605174176 4.95244585e-07
vn -0.26752744 0.963550242 -1.5460717e-07
vn -0.267528541 0.963549936 -1.93244366e-07
vn -0.161782661 0.986826414 -1.43334184e-07
vn 0.947653435 0.319300748 6.00021977e-07
vn 0.947653374 0.319300927 5.94521125e-07
vn 0.976620369 0.214971288 6.15360814e-07
vn 0.161782613 0.986826422 4.8590725e-08
vn 0.16178168 0.986826575 1.4336818e-07
vn 0.26752744 0.963550242 1.91330961e-07
vn 0.994137747 -0.108120953 6.25059071e-07
vn 0.994137919 -0.108119373 6.25211313e-07
vn 0.976620248 -0.214971838 6.15405492e-07
vn 0.561186975 0.82768906 3.55393158e-07
vn 0.561187084 0.827688985 3.37495234e-07
vn 0.647386185 0.76216214 3.87111806e-07
vn 0.796092937 -0.605174384 5.21289759e-07
vn 0.856857204 -0.51555381 5.61760407e-07
vn 0.856856693 -0.51555466 5.55438526e-07
vn 0.856857204 0.51555381 5.61760407e-07
vn 0.856856693 0.51555466 5.55438526e-07
vn 0.907575369 0.419889212 5.79052937e-07
vn 0.468409577 -0.883511442 2.79961375e-07
vn 0.561186975 -0.82768906 3.55393158e-07
vn 0.561187084 -0.827688985 3.37495234e-07
vn 0.994137742 0.108120998 6.25236496e-07
vn 0.994137948 0.1081191 6.25215121e-07
vn 1 0 6.28975556e-07
vn 0.0541397329 -0.998533369 -1.03908461e-08
vn 0.161782613 -0.986826422 4.85907286e-08
vn 0.16178168 -0.986826575 1.4336818e-07
vn 0.947653365 -0.319300954 5.97797801e-07
vn 0.947653417 -0.319300802 5.94254916e-07
vn 0.907575559 -0.4198888 5.7920699e-07
vn -0.370138096 -0.928976743 -2.36592334e-07
vn -0.26752744 -0.963550242 -1.5460717e-07
vn -0.267528541 -0.963549936 -1.93244366e-07
vn 0.647386087 -0.762162223 4.07658953e-07
vn 0.725996251 -0.687698658 4.52730913e-07
vn 0.725995759 -0.687699177 4.4618525e-07
vn -0.725996135 -0.68769878 -4.35982343e-07
vn -0.647385348 -0.762162851 -4.1318534e-07
vn -0.64738654 -0.762161838 -3.85894446e-07
vn -0.994137723 0.108121167 -5.77094544e-07
vn -0.994137964 0.10811896 -6.00292415e-07
vn -0.976620721 0.21496969 -5.64133158e-07
vn 0.267528359 -0.963549987 1.41910578e-07
vn 0.370138986 -0.928976389 2.22122374e-07
vn 0.37013822 -0.928976694 2.41420219e-07
vn -0.907575761 -0.419888363 -5.63638672e-07
vn -0.90757566 -0.419888583 -5.84695779e-07
vn -0.947653131 -0.31930165 -6.00163759e-07
vn -0.856856693 0.51555466 -5.40729268e-07
vn -0.856856514 0.515554958 -5.66774126e-07
vn -0.796092937 0.605174384 -5.18366586e-07
vn -0.161781651 -0.986826579 -6.80644576e-08
vn -0.0541387453 -0.998533423 -3.11372776e-08
vn -0.054139718 -0.99853337 -4.72173618e-08
vn -0.947653116 0.319301695 -5.92154891e-07
vn -0.94765388 0.319299426 -5.74016945e-07
vn -0.90757575 0.419888388 -5.85003833e-07
vn -0.561186345 0.827689487 -3.72073155e-07
vn -0.561187618 0.827688624 -3.39027419e-07
vn -0.468409743 0.883511354 -2.89552746e-07
vn -0.561186345 -0.827689487 -3.72073155e-07
vn -0.468408823 -0.883511842 -3.01713811e-07
vn -0.468409743 -0.883511354 -2.89552746e-07
vn -0.725996135 0.68769878 -4.35982343e-07
vn -0.725996047 0.687698873 -4.58044591e-07
vn -0.64738654 0.762161838 -3.85894446e-07
vn -0.161781651 0.986826579 -6.80644647e-08
vn -0.161782661 0.986826414 -1.43334184e-07
vn -0.054139718 0.99853337 -4.72173618e-08
vn -0.856856582 -0.515554844 -5.35740126e-07
vn -0.796093435 -0.60517373 -4.88469046e-07
vn -0.796092937 -0.605174384 -5.18366586e-07
vn -0.370138076 0.928976751 -2.3659235e-07
vn -0.370139212 0.928976299 -2.17660926e-07
vn -0.267528541 0.963549936 -1.93244366e-07
vn 0.267528359 0.963549987 1.41910578e-07
vn 0.26752744 0.963550242 1.91330961e-07
vn 0.37013822 0.928976694 2.41420219e-07
vn -0.976620718 -0.214969704 -5.65559301e-07
vn -0.976619906 -0.21497339 -5.90434394e-07
vn -0.994137625 -0.108122071 -5.76856951e-07
vn 0.0541397329 0.998533369 -1.03908461e-08
vn 0.0541387602 0.998533422 4.77544892e-08
vn 0.16178168 0.986826575 1.4336818e-07
vn 0.647386087 0.762162223 4.07658953e-07
vn 0.647386185 0.76216214 3.87111806e-07
vn 0.725995759 0.687699177 4.4618525e-07
vn 0.468409577 0.883511442 2.79961375e-07
vn 0.468408799 0.883511855 3.13006706e-07
vn 0.561187084 0.827688985 3.37495234e-07
vn 0.907576051 0.419887736 5.8134831e-07
vn 0.907575369 0.419889212 5.79052937e-07
vn 0.947653374 0.319300927 5.94521125e-07
vn 0.796092937 0.605174384 5.21289759e-07
vn 0.796093096 0.605174176 4.95244585e-07
vn 0.856856693 0.51555466 5.55438526e-07
vn 0.994137747 -0.108120953 6.25059071e-07
vn 1 0 6.28794965e-07
vn 1 0 6.28975556e-07
vn 0.976620304 0.214971583 6.14074823e-07
vn 0.976620369 0.214971288 6.15360814e-07
vn 0.994137948 0.1081191 6.25215121e-07
vn 1 0 0
vn 1 0 0
vn 1 0 0
vn 1 0 0
vn 1 0 0
vn 1 0 0
vn 1 0 0
vn 1 0 0
vn 1 0 0
vn 1 0 0
vn 1 0 0
vn 1 0 0
vn 1 0 0
vn 1 0 0
vn 1 0 0
vn 1 0 0
vn 1 0 0
vn 1 0 0
vn 0 -1 0
vn 0 -1 0
vn 0 -1 0
vn 0 -1 -9.13307403e-08
vn 0 -1 -9.13307403e-08
vn 0 -1 -9.13307403e-08
vn 0 -1 0
vn 0 -1 0
vn 0 -1 0
vn 0 -1 -4.51122673e-07
vn 0 -1 -4.51122673e-07
vn 0 -1 -4.51122673e-07
vn 0 -1 0
vn 0 -1 0
vn 0 -1 0
vn 0 -1 0
vn 0 -1 0
vn 0 -1 0
vn 0 -1 0
vn 0 -1 0
vn 0 -1 0
vn -1 0 0
vn -1 0 0
vn -1 0 0
vn -1 0 0
vn -1 0 0
vn -1 0 0
vn -1 0 0
vn -1 0 0
vn -1 0 0
vn -1 0 0
vn -1 0 0
vn -1 0 0
vn -1 0 0
vn -1 0 0
vn -1 0 0
vn -1 0 0
vn -1 0 0
vn -1 0 0
vn 0 1 0
vn 0 1 0
vn 0 1 0
vn 0 1 -9.13307403e-08
vn 0 1 -9.13307403e-08
vn 0 1 -9.13307403e-08
vn 0 1 1.17417279e-07
vn 0 1 1.17417279e-07
vn 0 1 1.17417279e-07
vn 0 1 0
vn 0 1 0
vn 0 1 0
vn 0 1 -4.51122673e-07
vn 0 1 -4.51122673e-07
vn 0 1 -4.51122673e-07
vn 0 1 0
vn 0 1 0
vn 0 1 0
vn 0 1 0
vn 0 1 0
vn 0 1 0
vn 0 0 1
vn 0 0 1
vn 0 0 1
vn 0 0 1
vn 0 0 1
vn 0 0 1
vn 0 0 1
vn 0 0 1
vn 0 0 1
vn 0 0 1
vn 0 0 1
vn 0 0 1
vn 0 0 1
vn 0 0 1
vn 0 0 1
vn -1.12331154e-05 0 1
vn -1.12331154e-05 0 1
vn -1.12331154e-05 0 1
vn 0 0 1
vn 0 0 1
vn 0 0 1
vn 0 0 1
vn 0 0 1
vn 0 0 1
vn 0 0 1
vn 0 0 1
vn 0 0 1
vn 0 0 1
vn 0 0 1
vn 0 0 1
vn 0 0 1
vn 0 0 1
vn 0 0 1
vn 1.12331154e-05 0 1
vn 1.12331154e-05 0 1
vn 1.12331154e-05 0 1
f 969/1/1 1315/2/2 968/3/3
f 968/4/4 1454/5/5 971/6/6
f 1315/7/7 1316/8/8 1454/9/9
f 1454/10/10 1316/11/11 789/12/12
f 1316/13/13 1160/14/14 789/15/15
f 789/16/16 1160/17/17 790/18/18
f 1160/19/19 1161/20/20 790/21/21
f 790/22/22 1161/23/23 1283/24/24
f 1161/25/25 1317/26/26 1283/27/27
f 1283/28/28 1317/29/29 1455/30/30
f 1317/31/31 791/32/32 1455/33/33
f 1455/34/34 791/35/35 1030/36/36
f 791/37/37 792/38/38 1030/39/39
f 1030/40/40 792/41/41 1031/42/42
f 792/43/43 1162/44/44 1031/45/45
f 1031/46/46 1162/47/47 1284/48/48
f 1162/49/49 1318/50/50 1284/51/51
f 1284/52/52 1318/53/53 1456/54/54
f 1318/55/55 793/56/56 1456/57/57
f 1456/58/58 793/59/59 1032/60/60
f 793/61/61 794/62/62 1032/63/63
f 1032/64/64 794/65/65 1033/66/66
f 794/67/67 1163/68/68 1033/69/69
f 1033/70/70 1163/71/71 1287/72/72
f 1163/73/73 1319/74/74 1287/75/75
f 1287/76/76 1319/77/77 1457/78/78
f 1319/79/79 795/80/80 1457/81/81
f 1457/82/82 795/83/83 1034/84/84
f 795/85/85 796/86/86 1034/87/87
f 1034/88/88 796/89/89 1035/90/90
f 796/91/91 1164/92/92 1035/93/93
f 1035/94/94 1164/95/95 1288/96/96
f 1164/97/97 1320/98/98 1288/99/99
f 1288/100/100 1320/101/101 1458/102/102
f 1320/103/103 797/104/104 1458/105/105
f 1458/106/106 797/107/107 1036/108/108
f 797/109/109 798/110/110 1036/111/111
f 1036/112/112 798/113/113 1037/114/114
f 798/115/115 1165/116/116 1037/117/117
f 1037/118/118 1165/119/119 1289/120/120
f 1165/121/121 1321/122/122 1289/123/123
f 1289/124/124 1321/125/125 1459/126/126
f 1321/127/127 799/128/128 1459/129/129
f 1459/130/130 799/131/131 1038/132/132
f 799/133/133 800/134/134 1038/135/135
f 1038/136/136 800/137/137 1039/138/138
f 800/139/139 1166/140/140 1039/141/141
f 1039/142/142 1166/143/143 1290/144/144
f 1166/145/145 1322/146/146 1290/147/147
f 1290/148/148 1244/149/149 1156/150/150
f 1322/151/151 1419/152/152 1244/153/153
f 57/154/154 1503/155/155 1419/156/156
f 1503/157/157 57/158/158 975/159/159
f 62/160/160 977/161/161 978/162/162
f 977/163/163 1539/164/164 964/165/165
f 62/166/166 1461/167/167 1539/168/168
f 1539/169/169 1461/170/170 801/171/171
f 1461/172/172 1042/173/173 801/174/174
f 801/175/175 1042/176/176 802/177/177
f 1042/178/178 1043/179/179 802/180/180
f 802/181/181 1043/182/182 1168/183/183
f 1043/184/184 1292/185/185 1168/186/186
f 1168/187/187 1292/188/188 1323/189/189
f 1292/190/190 1462/191/191 1323/192/192
f 1323/193/193 1462/194/194 803/195/195
f 1462/196/196 1044/197/197 803/198/198
f 803/199/199 1044/200/200 804/201/201
f 1044/202/202 1045/203/203 804/204/204
f 804/205/205 1045/206/206 1169/207/207
f 1045/208/208 1293/209/209 1169/210/210
f 1169/211/211 1293/212/212 1324/213/213
f 1293/214/214 1463/215/215 1324/216/216
f 1324/217/217 1463/218/218 805/219/219
f 1463/220/220 1046/221/221 805/222/222
f 805/223/223 1046/224/224 806/225/225
f 1046/226/226 1047/227/227 806/228/228
f 806/229/229 1047/230/230 1170/231/231
f 1047/232/232 1294/233/233 1170/234/234
f 1170/235/235 1294/236/236 1325/237/237
f 1294/238/238 1464/239/239 1325/240/240
f 1325/241/241 1464/242/242 807/243/243
f 1464/244/244 1048/245/245 807/246/246
f 807/247/247 1048/248/248 808/249/249
f 1048/250/250 1049/251/251 808/252/252
f 808/253/253 1049/254/254 1171/255/255
f 1049/256/256 1295/257/257 1171/258/258
f 1171/259/259 1295/260/260 1326/261/261
f 1295/262/262 1465/263/263 1326/264/264
f 1326/265/265 1465/266/266 809/267/267
f 1465/268/268 1050/269/269 809/270/270
f 809/271/271 1050/272/272 810/273/273
f 1050/274/274 1051/275/275 810/276/276
f 810/277/277 1051/278/278 1172/279/279
f 1051/280/280 1296/281/281 1172/282/282
f 1172/283/283 1296/284/284 1327/285/285
f 1296/286/286 1466/287/287 1327/288/288
f 1327/289/289 1466/290/290 811/291/291
f 1466/292/292 1052/293/293 811/294/294
f 811/295/295 1052/296/296 812/297/297
f 1052/298/298 1053/299/299 812/300/300
f 812/301/301 1053/302/302 1173/303/303
f 1053/304/304 1297/305/305 1173/306/306
f 1173/307/307 1245/308/308 1246/309/309
f 1297/310/310 1249/311/311 1245/312/312
f 1504/313/313 1249/314/314 1467/315/315
f 1467/316/316 1541/317/317 1504/318/318
f 75/319/319 1390/320/320 73/321/321
f 30/322/322 1100/323/323 928/324/324
f 9/325/325 1386/326/326 986/327/327
f 16/328/328 1387/329/329 14/330/330
f 1167/331/331 929/332/332 1041/333/333
f 99/334/334 1133/335/335 97/336/336
f 34/337/337 1126/338/338 1130/339/339
f 67/340/340 1118/341/341 65/342/342
f 69/343/343 1119/344/344 67/345/345
f 44/346/346 1389/347/347 1388/348/348
f 32/349/349 1130/350/350 1100/351/351
f 608/352/352 1241/353/353 1408/354/354
f 636/355/355 813/356/356 1519/357/357
f 814/358/358 1519/359/359 813/360/360
f 77/361/361 1391/362/362 75/363/363
f 20/364/364 1514/365/365 1513/366/366
f 81/367/367 1104/368/368 79/369/369
f 26/370/370 927/371/371 933/372/372
f 65/373/373 1131/374/374 63/375/375
f 50/376/376 1492/377/377 48/378/378
f 1291/379/379 930/380/380 1167/381/381
f 30/382/382 927/383/383 28/384/384
f 1516/385/385 54/386/386 1157/387/387
f 42/388/388 1388/389/389 1394/390/390
f 109/391/391 1393/392/392 107/393/393
f 87/394/394 1132/395/395 85/396/396
f 93/397/397 932/398/398 91/399/399
f 79/400/400 1103/401/401 77/402/402
f 85/403/403 1518/404/404 83/405/405
f 22/406/406 1129/407/407 1514/408/408
f 40/409/409 1394/410/410 1235/411/411
f 89/412/412 937/413/413 87/414/414
f 73/415/415 936/416/416 71/417/417
f 103/418/418 1236/419/419 101/420/420
f 1040/421/421 929/422/422 934/423/423
f 36/424/424 1127/425/425 1126/426/426
f 91/427/427 931/428/428 89/429/429
f 95/430/430 1102/431/431 93/432/432
f 83/433/433 1517/434/434 81/435/435
f 14/436/436 1386/437/437 12/438/438
f 1029/439/439 1124/440/440 1028/441/441
f 105/442/442 635/443/443 103/444/444
f 48/445/445 1389/446/446 46/447/447
f 1125/448/448 1029/449/449 973/450/450
f 54/451/451 1515/452/452 52/453/453
f 9/454/454 609/455/455 6/456/456
f 814/457/457 1124/458/458 1128/459/459
f 52/460/460 1494/461/461 50/462/462
f 18/463/463 1513/464/464 1000/465/465
f 38/466/466 1235/467/467 1127/468/468
f 1101/469/469 1291/470/470 965/471/471
f 101/472/472 1137/473/473 99/474/474
f 97/475/475 634/476/476 95/477/477
f 71/478/478 935/479/479 69/480/480
f 26/481/481 1129/482/482 24/483/483
f 107/484/484 1392/485/485 105/486/486
f 1493/487/487 109/488/488 1247/489/489
f 16/490/490 1000/491/491 999/492/492
f 1285/493/493 1328/494/494 1298/495/495
f 1328/496/496 1329/497/497 1298/498/498
f 1298/499/499 1329/500/500 1468/501/501
f 1329/502/502 815/503/503 1468/504/504
f 1468/505/505 815/506/506 1054/507/507
f 815/508/508 816/509/509 1054/510/510
f 1054/511/511 816/512/512 1055/513/513
f 816/514/514 1174/515/515 1055/516/516
f 1055/517/517 1174/518/518 1299/519/519
f 1174/520/520 1330/521/521 1299/522/522
f 1299/523/523 1330/524/524 1469/525/525
f 1330/526/526 817/527/527 1469/528/528
f 1469/529/529 817/530/530 1056/531/531
f 817/532/532 818/533/533 1056/534/534
f 1056/535/535 818/536/536 1057/537/537
f 818/538/538 1175/539/539 1057/540/540
f 1057/541/541 1175/542/542 1300/543/543
f 1175/544/544 1331/545/545 1300/546/546
f 1300/547/547 1331/548/548 1470/549/549
f 1331/550/550 819/551/551 1470/552/552
f 1470/553/553 819/554/554 1058/555/555
f 819/556/556 820/557/557 1058/558/558
f 1058/559/559 820/560/560 1059/561/561
f 820/562/562 1176/563/563 1059/564/564
f 1059/565/565 1176/566/566 1301/567/567
f 1176/568/568 1332/569/569 1301/570/570
f 1301/571/571 1332/572/572 1471/573/573
f 1332/574/574 821/575/575 1471/576/576
f 1471/577/577 821/578/578 1060/579/579
f 821/580/580 822/581/581 1060/582/582
f 1060/583/583 822/584/584 1061/585/585
f 822/586/586 1177/587/587 1061/588/588
f 1061/589/589 1177/590/590 1302/591/591
f 1177/592/592 1333/593/593 1302/594/594
f 1302/595/595 1333/596/596 1472/597/597
f 1333/598/598 823/599/599 1472/600/600
f 1472/601/601 823/602/602 1062/603/603
f 823/604/604 824/605/605 1062/606/606
f 1062/607/607 824/608/608 1063/609/609
f 824/610/610 1178/611/611 1063/612/612
f 1063/613/613 1178/614/614 1303/615/615
f 1178/616/616 1334/617/617 1303/618/618
f 1303/619/619 1334/620/620 1473/621/621
f 1334/622/622 825/623/623 1473/624/624
f 1473/625/625 825/626/626 1064/627/627
f 825/628/628 826/629/629 1064/630/630
f 1064/631/631 826/632/632 1065/633/633
f 826/634/634 1179/635/635 1065/636/636
f 1065/637/637 1179/638/638 1304/639/639
f 1179/640/640 1335/641/641 1304/642/642
f 1304/643/643 1335/644/644 1474/645/645
f 1335/646/646 827/647/647 1474/648/648
f 1474/649/649 827/650/650 1066/651/651
f 827/652/652 828/653/653 1066/654/654
f 1066/655/655 828/656/656 1067/657/657
f 828/658/658 1180/659/659 1067/660/660
f 1067/661/661 1180/662/662 1305/663/663
f 1180/664/664 1336/665/665 1305/666/666
f 1305/667/667 1336/668/668 1475/669/669
f 1336/670/670 829/671/671 1475/672/672
f 1475/673/673 829/674/674 1068/675/675
f 829/676/676 830/677/677 1068/678/678
f 1068/679/679 830/680/680 1069/681/681
f 830/682/682 1181/683/683 1069/684/684
f 1069/685/685 1181/686/686 1306/687/687
f 1181/688/688 1337/689/689 1306/690/690
f 1306/691/691 1337/692/692 1476/693/693
f 1337/694/694 831/695/695 1476/696/696
f 1476/697/697 831/698/698 1070/699/699
f 831/700/700 832/701/701 1070/702/702
f 1070/703/703 832/704/704 1071/705/705
f 832/706/706 1182/707/707 1071/708/708
f 1071/709/709 1182/710/710 1307/711/711
f 1182/712/712 1338/713/713 1307/714/714
f 1307/715/715 1338/716/716 1477/717/717
f 1338/718/718 833/719/719 1477/720/720
f 1477/721/721 833/722/722 1072/723/723
f 833/724/724 834/725/725 1072/726/726
f 1072/727/727 834/728/728 1073/729/729
f 834/730/730 1183/731/731 1073/732/732
f 1073/733/733 1183/734/734 1308/735/735
f 1183/736/736 1339/737/737 1308/738/738
f 1308/739/739 1339/740/740 1478/741/741
f 1339/742/742 835/743/743 1478/744/744
f 1478/745/745 835/746/746 1074/747/747
f 835/748/748 836/749/749 1074/750/750
f 1074/751/751 836/752/752 1075/753/753
f 836/754/754 1184/755/755 1075/756/756
f 1075/757/757 1184/758/758 1309/759/759
f 1184/760/760 1340/761/761 1309/762/762
f 1309/763/763 1340/764/764 1479/765/765
f 1340/766/766 837/767/767 1479/768/768
f 1479/769/769 837/770/770 1076/771/771
f 837/772/772 838/773/773 1076/774/774
f 1076/775/775 838/776/776 1077/777/777
f 838/778/778 1185/779/779 1077/780/780
f 1077/781/781 1185/782/782 1310/783/783
f 1185/784/784 1341/785/785 1310/786/786
f 1310/787/787 1341/788/788 1480/789/789
f 1341/790/790 839/791/791 1480/792/792
f 1480/793/793 839/794/794 1078/795/795
f 839/796/796 840/797/797 1078/798/798
f 1078/799/799 840/800/800 1079/801/801
f 840/802/802 1186/803/803 1079/804/804
f 1079/805/805 1186/806/806 1311/807/807
f 1186/808/808 1343/809/809 1311/810/810
f 1311/811/811 1343/812/812 1481/813/813
f 1343/814/814 841/815/815 1481/816/816
f 1481/817/817 841/818/818 1080/819/819
f 841/820/820 842/821/821 1080/822/822
f 1080/823/823 842/824/824 1081/825/825
f 842/826/826 1187/827/827 1081/828/828
f 1081/829/829 1187/830/830 1286/831/831
f 1187/832/832 1342/833/833 1286/834/834
f 1286/835/835 1342/836/836 1285/837/837
f 1342/838/838 1328/839/839 1285/840/840
f 1585/841/841 171/842/842 843/843/843
f 171/844/844 169/845/845 843/846/846
f 843/847/847 169/848/848 844/849/849
f 169/850/850 167/851/851 844/852/852
f 844/853/853 167/854/854 1082/855/855
f 167/856/856 165/857/857 1082/858/858
f 1082/859/859 165/860/860 1188/861/861
f 165/862/862 163/863/863 1188/864/864
f 1188/865/865 163/866/866 1312/867/867
f 163/868/868 161/869/869 1312/870/870
f 1312/871/871 161/872/872 1344/873/873
f 161/874/874 159/875/875 1344/876/876
f 1344/877/877 159/878/878 1482/879/879
f 159/880/880 157/881/881 1482/882/882
f 1482/883/883 157/884/884 1550/885/885
f 157/886/886 155/887/887 1550/888/888
f 1550/889/889 155/890/890 845/891/891
f 155/892/892 153/893/893 845/894/894
f 845/895/895 153/896/896 846/897/897
f 153/898/898 151/899/899 846/900/900
f 846/901/901 151/902/902 1083/903/903
f 151/904/904 149/905/905 1083/906/906
f 1083/907/907 149/908/908 1189/909/909
f 149/910/910 147/911/911 1189/912/912
f 1189/913/913 147/914/914 1313/915/915
f 147/916/916 145/917/917 1313/918/918
f 1313/919/919 145/920/920 1345/921/921
f 145/922/922 143/923/923 1345/924/924
f 1345/925/925 143/926/926 1483/927/927
f 143/928/928 141/929/929 1483/930/930
f 1483/931/931 141/932/932 1551/933/933
f 141/934/934 139/935/935 1551/936/936
f 1551/937/937 139/938/938 847/939/939
f 139/940/940 137/941/941 847/942/942
f 847/943/943 137/944/944 848/945/945
f 137/946/946 135/947/947 848/948/948
f 848/949/949 135/950/950 1084/951/951
f 135/952/952 133/953/953 1084/954/954
f 1084/955/955 133/956/956 1190/957/957
f 133/958/958 131/959/959 1190/960/960
f 1190/961/961 131/962/962 1314/963/963
f 131/964/964 129/965/965 1314/966/966
f 1314/967/967 129/968/968 1346/969/969
f 129/970/970 127/971/971 1346/972/972
f 1346/973/973 127/974/974 1484/975/975
f 127/976/976 125/977/977 1484/978/978
f 1484/979/979 125/980/980 1552/981/981
f 125/982/982 123/983/983 1552/984/984
f 1552/985/985 123/986/986 849/987/987
f 123/988/988 121/989/989 849/990/990
f 849/991/991 121/992/992 850/993/993
f 121/994/994 119/995/995 850/996/996
f 850/997/997 119/998/998 989/999/999
f 119/1000/1000 117/1001/1001 989/1002/1002
f 989/1003/1003 117/1004/1004 1191/1005/1005
f 117/1006/1006 231/1007/1007 1191/1008/1008
f 1191/1009/1009 231/1010/1010 1250/1011/1011
f 231/1012/1012 229/1013/1013 1250/1014/1014
f 1250/1015/1015 229/1016/1016 1347/1017/1017
f 229/1018/1018 227/1019/1019 1347/1020/1020
f 1347/1021/1021 227/1022/1022 1420/1023/1023
f 227/1024/1024 225/1025/1025 1420/1026/1026
f 1420/1027/1027 225/1028/1028 1553/1029/1029
f 225/1030/1030 223/1031/1031 1553/1032/1032
f 1553/1033/1033 223/1034/1034 851/1035/1035
f 223/1036/1036 221/1037/1037 851/1038/1038
f 851/1039/1039 221/1040/1040 852/1041/1041
f 221/1042/1042 219/1043/1043 852/1044/1044
f 852/1045/1045 219/1046/1046 990/1047/1047
f 219/1048/1048 217/1049/1049 990/1050/1050
f 990/1051/1051 217/1052/1052 1192/1053/1053
f 217/1054/1054 215/1055/1055 1192/1056/1056
f 1192/1057/1057 215/1058/1058 1251/1059/1059
f 215/1060/1060 213/1061/1061 1251/1062/1062
f 1251/1063/1063 213/1064/1064 1348/1065/1065
f 213/1066/1066 211/1067/1067 1348/1068/1068
f 1348/1069/1069 211/1070/1070 1421/1071/1071
f 211/1072/1072 209/1073/1073 1421/1074/1074
f 1421/1075/1075 209/1076/1076 1554/1077/1077
f 209/1078/1078 207/1079/1079 1554/1080/1080
f 1554/1081/1081 207/1082/1082 853/1083/1083
f 207/1084/1084 205/1085/1085 853/1086/1086
f 853/1087/1087 205/1088/1088 854/1089/1089
f 205/1090/1090 203/1091/1091 854/1092/1092
f 854/1093/1093 203/1094/1094 991/1095/1095
f 203/1096/1096 201/1097/1097 991/1098/1098
f 991/1099/1099 201/1100/1100 1194/1101/1101
f 201/1102/1102 199/1103/1103 1194/1104/1104
f 1194/1105/1105 199/1106/1106 1252/1107/1107
f 199/1108/1108 197/1109/1109 1252/1110/1110
f 1252/1111/1111 197/1112/1112 1349/1113/1113
f 197/1114/1114 195/1115/1115 1349/1116/1116
f 1349/1117/1117 195/1118/1118 1422/1119/1119
f 195/1120/1120 193/1121/1121 1422/1122/1122
f 1422/1123/1123 193/1124/1124 1555/1125/1125
f 193/1126/1126 191/1127/1127 1555/1128/1128
f 1555/1129/1129 191/1130/1130 855/1131/1131
f 191/1132/1132 189/1133/1133 855/1134/1134
f 855/1135/1135 189/1136/1136 856/1137/1137
f 189/1138/1138 187/1139/1139 856/1140/1140
f 856/1141/1141 187/1142/1142 992/1143/1143
f 187/1144/1144 185/1145/1145 992/1146/1146
f 992/1147/1147 185/1148/1148 1195/1149/1149
f 185/1150/1150 183/1151/1151 1195/1152/1152
f 1195/1153/1153 183/1154/1154 1253/1155/1155
f 183/1156/1156 181/1157/1157 1253/1158/1158
f 1253/1159/1159 181/1160/1160 1350/1161/1161
f 181/1162/1162 179/1163/1163 1350/1164/1164
f 1350/1165/1165 179/1166/1166 1423/1167/1167
f 179/1168/1168 177/1169/1169 1423/1170/1170
f 1423/1171/1171 177/1172/1172 1556/1173/1173
f 177/1174/1174 175/1175/1175 1556/1176/1176
f 1556/1177/1177 175/1178/1178 289/1179/1179
f 175/1180/1180 173/1181/1181 289/1182/1182
f 289/1183/1183 173/1184/1184 1585/1185/1185
f 173/1186/1186 171/1187/1187 1585/1188/1188
f 261/1189/1189 993/1190/1190 260/1191/1191
f 993/1192/1192 994/1193/1193 260/1194/1194
f 260/1195/1195 994/1196/1196 259/1197/1197
f 994/1198/1198 1196/1199/1199 259/1200/1200
f 259/1201/1201 1196/1202/1202 258/1203/1203
f 1196/1204/1204 1254/1205/1205 258/1206/1206
f 258/1207/1207 1254/1208/1208 257/1209/1209
f 1254/1210/1210 1351/1211/1211 257/1212/1212
f 257/1213/1213 1351/1214/1214 256/1215/1215
f 1351/1216/1216 1424/1217/1217 256/1218/1218
f 256/1219/1219 1424/1220/1220 255/1221/1221
f 1424/1222/1222 1557/1223/1223 255/1224/1224
f 255/1225/1225 1557/1226/1226 254/1227/1227
f 1557/1228/1228 857/1229/1229 254/1230/1230
f 254/1231/1231 857/1232/1232 253/1233/1233
f 857/1234/1234 858/1235/1235 253/1236/1236
f 253/1237/1237 858/1238/1238 252/1239/1239
f 858/1240/1240 995/1241/1241 252/1242/1242
f 252/1243/1243 995/1244/1244 251/1245/1245
f 995/1246/1246 1197/1247/1247 251/1248/1248
f 251/1249/1249 1197/1250/1250 250/1251/1251
f 1197/1252/1252 1255/1253/1253 250/1254/1254
f 250/1255/1255 1255/1256/1256 249/1257/1257
f 1255/1258/1258 1352/1259/1259 249/1260/1260
f 249/1261/1261 1352/1262/1262 248/1263/1263
f 1352/1264/1264 1425/1265/1265 248/1266/1266
f 248/1267/1267 1425/1268/1268 247/1269/1269
f 1425/1270/1270 1558/1271/1271 247/1272/1272
f 247/1273/1273 1558/1274/1274 246/1275/1275
f 1558/1276/1276 305/1277/1277 246/1278/1278
f 246/1279/1279 305/1280/1280 245/1281/1281
f 305/1282/1282 860/1283/1283 245/1284/1284
f 245/1285/1285 860/1286/1286 244/1287/1287
f 860/1288/1288 996/1289/1289 244/1290/1290
f 244/1291/1291 996/1292/1292 243/1293/1293
f 996/1294/1294 1198/1295/1295 243/1296/1296
f 243/1297/1297 1198/1298/1298 242/1299/1299
f 1198/1300/1300 1256/1301/1301 242/1302/1302
f 242/1303/1303 1256/1304/1304 241/1305/1305
f 1256/1306/1306 1353/1307/1307 241/1308/1308
f 241/1309/1309 1353/1310/1310 240/1311/1311
f 1353/1312/1312 1426/1313/1313 240/1314/1314
f 240/1315/1315 1426/1316/1316 239/1317/1317
f 1426/1318/1318 1559/1319/1319 239/1320/1320
f 239/1321/1321 1559/1322/1322 238/1323/1323
f 1559/1324/1324 313/1325/1325 238/1326/1326
f 238/1327/1327 313/1328/1328 237/1329/1329
f 313/1330/1330 862/1331/1331 237/1332/1332
f 237/1333/1333 862/1334/1334 236/1335/1335
f 862/1336/1336 997/1337/1337 236/1338/1338
f 236/1339/1339 997/1340/1340 235/1341/1341
f 997/1342/1342 1199/1343/1343 235/1344/1344
f 235/1345/1345 1199/1346/1346 234/1347/1347
f 1199/1348/1348 1257/1349/1349 234/1350/1350
f 234/1351/1351 1257/1352/1352 233/1353/1353
f 1257/1354/1354 1354/1355/1355 233/1356/1356
f 233/1357/1357 1354/1358/1358 232/1359/1359
f 1354/1360/1360 1427/1361/1361 232/1362/1362
f 232/1363/1363 1427/1364/1364 1586/1365/1365
f 1427/1366/1366 1560/1367/1367 1586/1368/1368
f 1586/1369/1369 1560/1370/1370 288/1371/1371
f 1560/1372/1372 321/1373/1373 288/1374/1374
f 288/1375/1375 321/1376/1376 287/1377/1377
f 321/1378/1378 864/1379/1379 287/1380/1380
f 287/1381/1381 864/1382/1382 286/1383/1383
f 864/1384/1384 998/1385/1385 286/1386/1386
f 286/1387/1387 998/1388/1388 285/1389/1389
f 998/1390/1390 1200/1391/1391 285/1392/1392
f 285/1393/1393 1200/1394/1394 284/1395/1395
f 1200/1396/1396 1258/1397/1397 284/1398/1398
f 284/1399/1399 1258/1400/1400 283/1401/1401
f 1258/1402/1402 1355/1403/1403 283/1404/1404
f 283/1405/1405 1355/1406/1406 282/1407/1407
f 1355/1408/1408 1428/1409/1409 282/1410/1410
f 282/1411/1411 1428/1412/1412 281/1413/1413
f 1428/1414/1414 1561/1415/1415 281/1416/1416
f 281/1417/1417 1561/1418/1418 280/1419/1419
f 1561/1420/1420 865/1421/1421 280/1422/1422
f 280/1423/1423 865/1424/1424 279/1425/1425
f 865/1426/1426 866/1427/1427 279/1428/1428
f 279/1429/1429 866/1430/1430 278/1431/1431
f 866/1432/1432 1001/1433/1433 278/1434/1434
f 278/1435/1435 1001/1436/1436 277/1437/1437
f 1001/1438/1438 1201/1439/1439 277/1440/1440
f 277/1441/1441 1201/1442/1442 276/1443/1443
f 1201/1444/1444 1259/1445/1445 276/1446/1446
f 276/1447/1447 1259/1448/1448 275/1449/1449
f 1259/1450/1450 1356/1451/1451 275/1452/1452
f 275/1453/1453 1356/1454/1454 274/1455/1455
f 1356/1456/1456 1429/1457/1457 274/1458/1458
f 274/1459/1459 1429/1460/1460 273/1461/1461
f 1429/1462/1462 1562/1463/1463 273/1464/1464
f 273/1465/1465 1562/1466/1466 272/1467/1467
f 1562/1468/1468 867/1469/1469 272/1470/1470
f 272/1471/1471 867/1472/1472 271/1473/1473
f 867/1474/1474 868/1475/1475 271/1476/1476
f 271/1477/1477 868/1478/1478 270/1479/1479
f 868/1480/1480 1004/1481/1481 270/1482/1482
f 270/1483/1483 1004/1484/1484 269/1485/1485
f 1004/1486/1486 1202/1487/1487 269/1488/1488
f 269/1489/1489 1202/1490/1490 268/1491/1491
f 1202/1492/1492 1260/1493/1493 268/1494/1494
f 268/1495/1495 1260/1496/1496 267/1497/1497
f 1260/1498/1498 1357/1499/1499 267/1500/1500
f 267/1501/1501 1357/1502/1502 266/1503/1503
f 1357/1504/1504 1430/1505/1505 266/1506/1506
f 266/1507/1507 1430/1508/1508 265/1509/1509
f 1430/1510/1510 1563/1511/1511 265/1512/1512
f 265/1513/1513 1563/1514/1514 264/1515/1515
f 1563/1516/1516 869/1517/1517 264/1518/1518
f 264/1519/1519 869/1520/1520 263/1521/1521
f 869/1522/1522 870/1523/1523 263/1524/1524
f 263/1525/1525 870/1526/1526 262/1527/1527
f 870/1528/1528 1005/1529/1529 262/1530/1530
f 262/1531/1531 1005/1532/1532 261/1533/1533
f 1005/1534/1534 993/1535/1535 261/1536/1536
f 1261/1537/1537 980/1538/1538 981/1539/1539
f 1262/1540/1540 980/1541/1541 1261/1542/1542
f 1262/1543/1543 1158/1544/1544 982/1545/1545
f 1358/1546/1546 1158/1547/1547 1262/1548/1548
f 1358/1549/1549 1460/1550/1550 984/1551/1551
f 1358/1552/1552 1431/1553/1553 1460/1554/1554
f 1460/1555/1555 1431/1556/1556 64/1557/1557
f 1431/1558/1558 1564/1559/1559 64/1560/1560
f 64/1561/1561 1564/1562/1562 66/1563/1563
f 1564/1564/1564 871/1565/1565 66/1566/1566
f 66/1567/1567 871/1568/1568 68/1569/1569
f 871/1570/1570 872/1571/1571 68/1572/1572
f 68/1573/1573 872/1574/1574 70/1575/1575
f 872/1576/1576 1006/1577/1577 70/1578/1578
f 70/1579/1579 1006/1580/1580 72/1581/1581
f 1006/1582/1582 1203/1583/1583 72/1584/1584
f 72/1585/1585 1203/1586/1586 74/1587/1587
f 1203/1588/1588 1263/1589/1589 74/1590/1590
f 74/1591/1591 1263/1592/1592 76/1593/1593
f 1263/1594/1594 1359/1595/1595 76/1596/1596
f 76/1597/1597 1359/1598/1598 78/1599/1599
f 1359/1600/1600 1432/1601/1601 78/1602/1602
f 78/1603/1603 1432/1604/1604 80/1605/1605
f 1432/1606/1606 1565/1607/1607 80/1608/1608
f 80/1609/1609 1565/1610/1610 82/1611/1611
f 1565/1612/1612 361/1613/1613 82/1614/1614
f 82/1615/1615 361/1616/1616 84/1617/1617
f 361/1618/1618 874/1619/1619 84/1620/1620
f 84/1621/1621 874/1622/1622 86/1623/1623
f 874/1624/1624 1007/1625/1625 86/1626/1626
f 86/1627/1627 1007/1628/1628 88/1629/1629
f 1007/1630/1630 1204/1631/1631 88/1632/1632
f 88/1633/1633 1204/1634/1634 90/1635/1635
f 1204/1636/1636 1264/1637/1637 90/1638/1638
f 90/1639/1639 1264/1640/1640 92/1641/1641
f 1264/1642/1642 1360/1643/1643 92/1644/1644
f 92/1645/1645 1360/1646/1646 94/1647/1647
f 1360/1648/1648 1433/1649/1649 94/1650/1650
f 94/1651/1651 1433/1652/1652 96/1653/1653
f 1433/1654/1654 1566/1655/1655 96/1656/1656
f 96/1657/1657 1566/1658/1658 98/1659/1659
f 1566/1660/1660 875/1661/1661 98/1662/1662
f 98/1663/1663 875/1664/1664 100/1665/1665
f 875/1666/1666 876/1667/1667 100/1668/1668
f 100/1669/1669 876/1670/1670 102/1671/1671
f 876/1672/1672 1008/1673/1673 102/1674/1674
f 102/1675/1675 1008/1676/1676 104/1677/1677
f 1008/1678/1678 1205/1679/1679 104/1680/1680
f 104/1681/1681 1205/1682/1682 106/1683/1683
f 1205/1684/1684 1265/1685/1685 106/1686/1686
f 106/1687/1687 1265/1688/1688 108/1689/1689
f 1265/1690/1690 1361/1691/1691 108/1692/1692
f 108/1693/1693 1361/1694/1694 110/1695/1695
f 1361/1696/1696 1434/1697/1697 110/1698/1698
f 110/1699/1699 1434/1700/1700 112/1701/1701
f 1434/1702/1702 1567/1703/1703 112/1704/1704
f 112/1705/1705 1543/1706/1706 1542/1707/1707
f 877/1708/1708 987/1709/1709 1544/1710/1710
f 988/1711/1711 987/1712/1712 877/1713/1713
f 878/1714/1714 988/1715/1715 877/1716/1716
f 1159/1717/1717 1089/1718/1718 878/1719/1719
f 1009/1720/1720 1159/1721/1721 878/1722/1722
f 1085/1723/1723 1009/1724/1724 5/1725/1725
f 1206/1726/1726 5/1727/1727 1009/1728/1728
f 5/1729/1729 1206/1730/1730 8/1731/1731
f 1206/1732/1732 1266/1733/1733 8/1734/1734
f 8/1735/1735 1266/1736/1736 11/1737/1737
f 1266/1738/1738 1362/1739/1739 11/1740/1740
f 11/1741/1741 1362/1742/1742 13/1743/1743
f 1362/1744/1744 1435/1745/1745 13/1746/1746
f 13/1747/1747 1435/1748/1748 15/1749/1749
f 1435/1750/1750 1568/1751/1751 15/1752/1752
f 15/1753/1753 1568/1754/1754 17/1755/1755
f 1568/1756/1756 879/1757/1757 17/1758/1758
f 17/1759/1759 879/1760/1760 19/1761/1761
f 879/1762/1762 880/1763/1763 19/1764/1764
f 19/1765/1765 880/1766/1766 21/1767/1767
f 880/1768/1768 1010/1769/1769 21/1770/1770
f 21/1771/1771 1010/1772/1772 23/1773/1773
f 1010/1774/1774 1207/1775/1775 23/1776/1776
f 23/1777/1777 1207/1778/1778 25/1779/1779
f 1207/1780/1780 1267/1781/1781 25/1782/1782
f 25/1783/1783 1267/1784/1784 27/1785/1785
f 1267/1786/1786 1363/1787/1787 27/1788/1788
f 27/1789/1789 1363/1790/1790 29/1791/1791
f 1363/1792/1792 1436/1793/1793 29/1794/1794
f 29/1795/1795 1436/1796/1796 31/1797/1797
f 1436/1798/1798 1569/1799/1799 31/1800/1800
f 31/1801/1801 1569/1802/1802 33/1803/1803
f 1569/1804/1804 881/1805/1805 33/1806/1806
f 33/1807/1807 881/1808/1808 35/1809/1809
f 881/1810/1810 882/1811/1811 35/1812/1812
f 35/1813/1813 882/1814/1814 37/1815/1815
f 882/1816/1816 1011/1817/1817 37/1818/1818
f 37/1819/1819 1011/1820/1820 39/1821/1821
f 1011/1822/1822 1208/1823/1823 39/1824/1824
f 39/1825/1825 1208/1826/1826 41/1827/1827
f 1208/1828/1828 1268/1829/1829 41/1830/1830
f 41/1831/1831 1268/1832/1832 43/1833/1833
f 1268/1834/1834 1364/1835/1835 43/1836/1836
f 43/1837/1837 1364/1838/1838 45/1839/1839
f 1364/1840/1840 1437/1841/1841 45/1842/1842
f 45/1843/1843 1437/1844/1844 47/1845/1845
f 1437/1846/1846 1570/1847/1847 47/1848/1848
f 47/1849/1849 1570/1850/1850 49/1851/1851
f 1570/1852/1852 883/1853/1853 49/1854/1854
f 49/1855/1855 883/1856/1856 51/1857/1857
f 883/1858/1858 884/1859/1859 51/1860/1860
f 51/1861/1861 884/1862/1862 53/1863/1863
f 884/1864/1864 1012/1865/1865 53/1866/1866
f 53/1867/1867 1012/1868/1868 55/1869/1869
f 1012/1870/1870 1209/1871/1871 55/1872/1872
f 55/1873/1873 1209/1874/1874 974/1875/1875
f 1209/1876/1876 1269/1877/1877 974/1878/1878
f 974/1879/1879 1546/1880/1880 976/1881/1881
f 1261/1882/1882 981/1883/1883 1087/1884/1884
f 216/1885/1885 120/1886/1886 152/1887/1887
f 1439/1888/1888 348/1889/1889 1440/1890/1890
f 348/1891/1891 405/1892/1892 1440/1893/1893
f 1440/1894/1894 405/1895/1895 1571/1896/1896
f 405/1897/1897 404/1898/1898 1571/1899/1899
f 1571/1900/1900 404/1901/1901 885/1902/1902
f 404/1903/1903 403/1904/1904 885/1905/1905
f 885/1906/1906 403/1907/1907 886/1908/1908
f 403/1909/1909 402/1910/1910 886/1911/1911
f 886/1912/1912 402/1913/1913 1013/1914/1914
f 402/1915/1915 401/1916/1916 1013/1917/1917
f 1013/1918/1918 401/1919/1919 1210/1920/1920
f 401/1921/1921 400/1922/1922 1210/1923/1923
f 1210/1924/1924 400/1925/1925 1270/1926/1926
f 400/1927/1927 399/1928/1928 1270/1929/1929
f 1270/1930/1930 399/1931/1931 1365/1932/1932
f 399/1933/1933 398/1934/1934 1365/1935/1935
f 1365/1936/1936 398/1937/1937 1441/1938/1938
f 398/1939/1939 397/1940/1940 1441/1941/1941
f 1441/1942/1942 397/1943/1943 1572/1944/1944
f 397/1945/1945 396/1946/1946 1572/1947/1947
f 1572/1948/1948 396/1949/1949 887/1950/1950
f 396/1951/1951 395/1952/1952 887/1953/1953
f 887/1954/1954 395/1955/1955 888/1956/1956
f 395/1957/1957 394/1958/1958 888/1959/1959
f 888/1960/1960 394/1961/1961 1014/1962/1962
f 394/1963/1963 393/1964/1964 1014/1965/1965
f 1014/1966/1966 393/1967/1967 1211/1968/1968
f 393/1969/1969 392/1970/1970 1211/1971/1971
f 1211/1972/1972 392/1973/1973 1271/1974/1974
f 392/1975/1975 391/1976/1976 1271/1977/1977
f 1271/1978/1978 391/1979/1979 1366/1980/1980
f 391/1981/1981 390/1982/1982 1366/1983/1983
f 1366/1984/1984 390/1985/1985 1442/1986/1986
f 390/1987/1987 389/1988/1988 1442/1989/1989
f 1442/1990/1990 389/1991/1991 1573/1992/1992
f 389/1993/1993 388/1994/1994 1573/1995/1995
f 1573/1996/1996 388/1997/1997 889/1998/1998
f 388/1999/1999 387/2000/2000 889/2001/2001
f 889/2002/2002 387/2003/2003 890/2004/2004
f 387/2005/2005 386/2006/2006 890/2007/2007
f 890/2008/2008 386/2009/2009 1017/2010/2010
f 386/2011/2011 385/2012/2012 1017/2013/2013
f 1017/2014/2014 385/2015/2015 1212/2016/2016
f 385/2017/2017 384/2018/2018 1212/2019/2019
f 1212/2020/2020 384/2021/2021 1272/2022/2022
f 384/2023/2023 383/2024/2024 1272/2025/2025
f 1272/2026/2026 383/2027/2027 1367/2028/2028
f 383/2029/2029 382/2030/2030 1367/2031/2031
f 1367/2032/2032 382/2033/2033 1443/2034/2034
f 382/2035/2035 381/2036/2036 1443/2037/2037
f 1443/2038/2038 381/2039/2039 1574/2040/2040
f 381/2041/2041 380/2042/2042 1574/2043/2043
f 1574/2044/2044 380/2045/2045 891/2046/2046
f 380/2047/2047 379/2048/2048 891/2049/2049
f 891/2050/2050 379/2051/2051 892/2052/2052
f 379/2053/2053 378/2054/2054 892/2055/2055
f 892/2056/2056 378/2057/2057 1018/2058/2058
f 378/2059/2059 377/2060/2060 1018/2061/2061
f 1018/2062/2062 377/2063/2063 1213/2064/2064
f 377/2065/2065 376/2066/2066 1213/2067/2067
f 1213/2068/2068 376/2069/2069 1273/2070/2070
f 376/2071/2071 375/2072/2072 1273/2073/2073
f 1273/2074/2074 375/2075/2075 1368/2076/2076
f 375/2077/2077 374/2078/2078 1368/2079/2079
f 1368/2080/2080 374/2081/2081 1444/2082/2082
f 374/2083/2083 373/2084/2084 1444/2085/2085
f 1444/2086/2086 373/2087/2087 1575/2088/2088
f 373/2089/2089 372/2090/2090 1575/2091/2091
f 1575/2092/2092 372/2093/2093 893/2094/2094
f 372/2095/2095 371/2096/2096 893/2097/2097
f 893/2098/2098 371/2099/2099 894/2100/2100
f 371/2101/2101 370/2102/2102 894/2103/2103
f 894/2104/2104 370/2105/2105 1019/2106/2106
f 370/2107/2107 369/2108/2108 1019/2109/2109
f 1019/2110/2110 369/2111/2111 1215/2112/2112
f 369/2113/2113 368/2114/2114 1215/2115/2115
f 1215/2116/2116 368/2117/2117 1274/2118/2118
f 368/2119/2119 367/2120/2120 1274/2121/2121
f 1274/2122/2122 367/2123/2123 1369/2124/2124
f 367/2125/2125 366/2126/2126 1369/2127/2127
f 1369/2128/2128 366/2129/2129 1445/2130/2130
f 366/2131/2131 365/2132/2132 1445/2133/2133
f 1445/2134/2134 365/2135/2135 1576/2136/2136
f 365/2137/2137 364/2138/2138 1576/2139/2139
f 1576/2140/2140 364/2141/2141 895/2142/2142
f 364/2143/2143 363/2144/2144 895/2145/2145
f 895/2146/2146 363/2147/2147 896/2148/2148
f 363/2149/2149 362/2150/2150 896/2151/2151
f 896/2152/2152 362/2153/2153 1020/2154/2154
f 362/2155/2155 873/2156/2156 1020/2157/2157
f 1020/2158/2158 873/2159/2159 1216/2160/2160
f 873/2161/2161 360/2162/2162 1216/2163/2163
f 1216/2164/2164 360/2165/2165 1275/2166/2166
f 360/2167/2167 359/2168/2168 1275/2169/2169
f 1275/2170/2170 359/2171/2171 1370/2172/2172
f 359/2173/2173 358/2174/2174 1370/2175/2175
f 1370/2176/2176 358/2177/2177 1446/2178/2178
f 358/2179/2179 357/2180/2180 1446/2181/2181
f 1446/2182/2182 357/2183/2183 1577/2184/2184
f 357/2185/2185 356/2186/2186 1577/2187/2187
f 1577/2188/2188 356/2189/2189 457/2190/2190
f 356/2191/2191 355/2192/2192 457/2193/2193
f 457/2194/2194 355/2195/2195 898/2196/2196
f 355/2197/2197 354/2198/2198 898/2199/2199
f 898/2200/2200 354/2201/2201 1021/2202/2202
f 354/2203/2203 353/2204/2204 1021/2205/2205
f 1021/2206/2206 353/2207/2207 1217/2208/2208
f 353/2209/2209 352/2210/2210 1217/2211/2211
f 1217/2212/2212 352/2213/2213 1276/2214/2214
f 352/2215/2215 351/2216/2216 1276/2217/2217
f 1276/2218/2218 351/2219/2219 1371/2220/2220
f 351/2221/2221 350/2222/2222 1371/2223/2223
f 1371/2224/2224 350/2225/2225 1447/2226/2226
f 350/2227/2227 349/2228/2228 1447/2229/2229
f 1447/2230/2230 349/2231/2231 1439/2232/2232
f 349/2233/2233 348/2234/2234 1439/2235/2235
f 1588/2236/2236 407/2237/2237 899/2238/2238
f 407/2239/2239 408/2240/2240 899/2241/2241
f 899/2242/2242 408/2243/2243 900/2244/2244
f 408/2245/2245 409/2246/2246 900/2247/2247
f 900/2248/2248 409/2249/2249 1022/2250/2250
f 409/2251/2251 410/2252/2252 1022/2253/2253
f 1022/2254/2254 410/2255/2255 1218/2256/2256
f 410/2257/2257 411/2258/2258 1218/2259/2259
f 1218/2260/2260 411/2261/2261 1277/2262/2262
f 411/2263/2263 412/2264/2264 1277/2265/2265
f 1277/2266/2266 412/2267/2267 1372/2268/2268
f 412/2269/2269 413/2270/2270 1372/2271/2271
f 1372/2272/2272 413/2273/2273 1448/2274/2274
f 413/2275/2275 414/2276/2276 1448/2277/2277
f 1448/2278/2278 414/2279/2279 1578/2280/2280
f 414/2281/2281 415/2282/2282 1578/2283/2283
f 1578/2284/2284 415/2285/2285 901/2286/2286
f 415/2287/2287 416/2288/2288 901/2289/2289
f 901/2290/2290 416/2291/2291 902/2292/2292
f 416/2293/2293 417/2294/2294 902/2295/2295
f 902/2296/2296 417/2297/2297 1023/2298/2298
f 417/2299/2299 418/2300/2300 1023/2301/2301
f 1023/2302/2302 418/2303/2303 1219/2304/2304
f 418/2305/2305 419/2306/2306 1219/2307/2307
f 1219/2308/2308 419/2309/2309 1278/2310/2310
f 419/2311/2311 420/2312/2312 1278/2313/2313
f 1278/2314/2314 420/2315/2315 1373/2316/2316
f 420/2317/2317 421/2318/2318 1373/2319/2319
f 1373/2320/2320 421/2321/2321 1449/2322/2322
f 421/2323/2323 422/2324/2324 1449/2325/2325
f 1449/2326/2326 422/2327/2327 1579/2328/2328
f 422/2329/2329 423/2330/2330 1579/2331/2331
f 1579/2332/2332 423/2333/2333 903/2334/2334
f 423/2335/2335 424/2336/2336 903/2337/2337
f 903/2338/2338 424/2339/2339 904/2340/2340
f 424/2341/2341 425/2342/2342 904/2343/2343
f 904/2344/2344 425/2345/2345 1024/2346/2346
f 425/2347/2347 426/2348/2348 1024/2349/2349
f 1024/2350/2350 426/2351/2351 1220/2352/2352
f 426/2353/2353 427/2354/2354 1220/2355/2355
f 1220/2356/2356 427/2357/2357 1279/2358/2358
f 427/2359/2359 428/2360/2360 1279/2361/2361
f 1279/2362/2362 428/2363/2363 1374/2364/2364
f 428/2365/2365 429/2366/2366 1374/2367/2367
f 1374/2368/2368 429/2369/2369 1450/2370/2370
f 429/2371/2371 430/2372/2372 1450/2373/2373
f 1450/2374/2374 430/2375/2375 1580/2376/2376
f 430/2377/2377 431/2378/2378 1580/2379/2379
f 1580/2380/2380 431/2381/2381 905/2382/2382
f 431/2383/2383 432/2384/2384 905/2385/2385
f 905/2386/2386 432/2387/2387 906/2388/2388
f 432/2389/2389 433/2390/2390 906/2391/2391
f 906/2392/2392 433/2393/2393 1025/2394/2394
f 433/2395/2395 434/2396/2396 1025/2397/2397
f 1025/2398/2398 434/2399/2399 1221/2400/2400
f 434/2401/2401 435/2402/2402 1221/2403/2403
f 1221/2404/2404 435/2405/2405 1280/2406/2406
f 435/2407/2407 436/2408/2408 1280/2409/2409
f 1280/2410/2410 436/2411/2411 1375/2412/2412
f 436/2413/2413 437/2414/2414 1375/2415/2415
f 1375/2416/2416 437/2417/2417 1451/2418/2418
f 437/2419/2419 438/2420/2420 1451/2421/2421
f 1451/2422/2422 438/2423/2423 1581/2424/2424
f 438/2425/2425 439/2426/2426 1581/2427/2427
f 1581/2428/2428 439/2429/2429 907/2430/2430
f 439/2431/2431 440/2432/2432 907/2433/2433
f 907/2434/2434 440/2435/2435 908/2436/2436
f 440/2437/2437 441/2438/2438 908/2439/2439
f 908/2440/2440 441/2441/2441 1026/2442/2442
f 441/2443/2443 442/2444/2444 1026/2445/2445
f 1026/2446/2446 442/2447/2447 1222/2448/2448
f 442/2449/2449 443/2450/2450 1222/2451/2451
f 1222/2452/2452 443/2453/2453 1281/2454/2454
f 443/2455/2455 444/2456/2456 1281/2457/2457
f 1281/2458/2458 444/2459/2459 1376/2460/2460
f 444/2461/2461 445/2462/2462 1376/2463/2463
f 1376/2464/2464 445/2465/2465 1452/2466/2466
f 445/2467/2467 446/2468/2468 1452/2469/2469
f 1452/2470/2470 446/2471/2471 1582/2472/2472
f 446/2473/2473 447/2474/2474 1582/2475/2475
f 1582/2476/2476 447/2477/2477 909/2478/2478
f 447/2479/2479 448/2480/2480 909/2481/2481
f 909/2482/2482 448/2483/2483 910/2484/2484
f 448/2485/2485 449/2486/2486 910/2487/2487
f 910/2488/2488 449/2489/2489 1027/2490/2490
f 449/2491/2491 450/2492/2492 1027/2493/2493
f 1027/2494/2494 450/2495/2495 1223/2496/2496
f 450/2497/2497 451/2498/2498 1223/2499/2499
f 1223/2500/2500 451/2501/2501 1282/2502/2502
f 451/2503/2503 452/2504/2504 1282/2505/2505
f 1282/2506/2506 452/2507/2507 1377/2508/2508
f 452/2509/2509 453/2510/2510 1377/2511/2511
f 1377/2512/2512 453/2513/2513 1453/2514/2514
f 453/2515/2515 454/2516/2516 1453/2517/2517
f 1453/2518/2518 454/2519/2519 1583/2520/2520
f 454/2521/2521 455/2522/2522 1583/2523/2523
f 1583/2524/2524 455/2525/2525 911/2526/2526
f 455/2527/2527 456/2528/2528 911/2529/2529
f 911/2530/2530 456/2531/2531 912/2532/2532
f 456/2533/2533 897/2534/2534 912/2535/2535
f 912/2536/2536 897/2537/2537 1092/2538/2538
f 897/2539/2539 458/2540/2540 1092/2541/2541
f 1092/2542/2542 458/2543/2543 1114/2544/2544
f 458/2545/2545 459/2546/2546 1114/2547/2547
f 1114/2548/2548 459/2549/2549 1230/2550/2550
f 459/2551/2551 460/2552/2552 1230/2553/2553
f 1230/2554/2554 460/2555/2555 1378/2556/2556
f 460/2557/2557 461/2558/2558 1378/2559/2559
f 1378/2560/2560 461/2561/2561 1485/2562/2562
f 461/2563/2563 462/2564/2564 1485/2565/2565
f 1485/2566/2566 462/2567/2567 1505/2568/2568
f 462/2569/2569 463/2570/2570 1505/2571/2571
f 1505/2572/2572 463/2573/2573 521/2574/2574
f 463/2575/2575 406/2576/2576 521/2577/2577
f 521/2578/2578 406/2579/2579 1588/2580/2580
f 406/2581/2581 407/2582/2582 1588/2583/2583
f 1015/2584/2584 464/2585/2585 1093/2586/2586
f 464/2587/2587 465/2588/2588 1093/2589/2589
f 1093/2590/2590 465/2591/2591 1115/2592/2592
f 465/2593/2593 466/2594/2594 1115/2595/2595
f 1115/2596/2596 466/2597/2597 1227/2598/2598
f 466/2599/2599 467/2600/2600 1227/2601/2601
f 1227/2602/2602 467/2603/2603 1379/2604/2604
f 467/2605/2605 468/2606/2606 1379/2607/2607
f 1379/2608/2608 468/2609/2609 1486/2610/2610
f 468/2611/2611 469/2612/2612 1486/2613/2613
f 1486/2614/2614 469/2615/2615 1506/2616/2616
f 469/2617/2617 470/2618/2618 1506/2619/2619
f 1506/2620/2620 470/2621/2621 529/2622/2622
f 470/2623/2623 471/2624/2624 529/2625/2625
f 529/2626/2626 471/2627/2627 914/2628/2628
f 471/2629/2629 472/2630/2630 914/2631/2631
f 914/2632/2632 472/2633/2633 1094/2634/2634
f 472/2635/2635 473/2636/2636 1094/2637/2637
f 1094/2638/2638 473/2639/2639 1116/2640/2640
f 473/2641/2641 474/2642/2642 1116/2643/2643
f 1116/2644/2644 474/2645/2645 1228/2646/2646
f 474/2647/2647 475/2648/2648 1228/2649/2649
f 1228/2650/2650 475/2651/2651 1380/2652/2652
f 475/2653/2653 476/2654/2654 1380/2655/2655
f 1380/2656/2656 476/2657/2657 1487/2658/2658
f 476/2659/2659 477/2660/2660 1487/2661/2661
f 1487/2662/2662 477/2663/2663 1507/2664/2664
f 477/2665/2665 478/2666/2666 1507/2667/2667
f 1507/2668/2668 478/2669/2669 537/2670/2670
f 478/2671/2671 479/2672/2672 537/2673/2673
f 537/2674/2674 479/2675/2675 538/2676/2676
f 479/2677/2677 480/2678/2678 538/2679/2679
f 538/2680/2680 480/2681/2681 1095/2682/2682
f 480/2683/2683 481/2684/2684 1095/2685/2685
f 1095/2686/2686 481/2687/2687 1117/2688/2688
f 481/2689/2689 482/2690/2690 1117/2691/2691
f 1117/2692/2692 482/2693/2693 1229/2694/2694
f 482/2695/2695 483/2696/2696 1229/2697/2697
f 1229/2698/2698 483/2699/2699 1381/2700/2700
f 483/2701/2701 484/2702/2702 1381/2703/2703
f 1381/2704/2704 484/2705/2705 1438/2706/2706
f 484/2707/2707 485/2708/2708 1438/2709/2709
f 1438/2710/2710 485/2711/2711 1508/2712/2712
f 485/2713/2713 486/2714/2714 1508/2715/2715
f 1508/2716/2716 486/2717/2717 545/2718/2718
f 486/2719/2719 487/2720/2720 545/2721/2721
f 545/2722/2722 487/2723/2723 546/2724/2724
f 487/2725/2725 488/2726/2726 546/2727/2727
f 546/2728/2728 488/2729/2729 1096/2730/2730
f 488/2731/2731 489/2732/2732 1096/2733/2733
f 1096/2734/2734 489/2735/2735 1120/2736/2736
f 489/2737/2737 490/2738/2738 1120/2739/2739
f 1120/2740/2740 490/2741/2741 1231/2742/2742
f 490/2743/2743 491/2744/2744 1231/2745/2745
f 1231/2746/2746 491/2747/2747 1382/2748/2748
f 491/2749/2749 492/2750/2750 1382/2751/2751
f 1382/2752/2752 492/2753/2753 1488/2754/2754
f 492/2755/2755 493/2756/2756 1488/2757/2757
f 1488/2758/2758 493/2759/2759 1509/2760/2760
f 493/2761/2761 494/2762/2762 1509/2763/2763
f 1509/2764/2764 494/2765/2765 553/2766/2766
f 494/2767/2767 495/2768/2768 553/2769/2769
f 553/2770/2770 495/2771/2771 554/2772/2772
f 495/2773/2773 496/2774/2774 554/2775/2775
f 554/2776/2776 496/2777/2777 1097/2778/2778
f 496/2779/2779 497/2780/2780 1097/2781/2781
f 1097/2782/2782 497/2783/2783 1121/2784/2784
f 497/2785/2785 498/2786/2786 1121/2787/2787
f 1121/2788/2788 498/2789/2789 1232/2790/2790
f 498/2791/2791 499/2792/2792 1232/2793/2793
f 1232/2794/2794 499/2795/2795 1383/2796/2796
f 499/2797/2797 500/2798/2798 1383/2799/2799
f 1383/2800/2800 500/2801/2801 1489/2802/2802
f 500/2803/2803 501/2804/2804 1489/2805/2805
f 1489/2806/2806 501/2807/2807 1510/2808/2808
f 501/2809/2809 502/2810/2810 1510/2811/2811
f 1510/2812/2812 502/2813/2813 561/2814/2814
f 502/2815/2815 503/2816/2816 561/2817/2817
f 561/2818/2818 503/2819/2819 922/2820/2820
f 503/2821/2821 504/2822/2822 922/2823/2823
f 922/2824/2824 504/2825/2825 1098/2826/2826
f 504/2827/2827 505/2828/2828 1098/2829/2829
f 1098/2830/2830 505/2831/2831 1122/2832/2832
f 505/2833/2833 506/2834/2834 1122/2835/2835
f 1122/2836/2836 506/2837/2837 1233/2838/2838
f 506/2839/2839 507/2840/2840 1233/2841/2841
f 1233/2842/2842 507/2843/2843 1384/2844/2844
f 507/2845/2845 508/2846/2846 1384/2847/2847
f 1384/2848/2848 508/2849/2849 1490/2850/2850
f 508/2851/2851 509/2852/2852 1490/2853/2853
f 1490/2854/2854 509/2855/2855 1511/2856/2856
f 509/2857/2857 510/2858/2858 1511/2859/2859
f 1511/2860/2860 510/2861/2861 569/2862/2862
f 510/2863/2863 511/2864/2864 569/2865/2865
f 569/2866/2866 511/2867/2867 570/2868/2868
f 511/2869/2869 512/2870/2870 570/2871/2871
f 570/2872/2872 512/2873/2873 1099/2874/2874
f 512/2875/2875 513/2876/2876 1099/2877/2877
f 1099/2878/2878 513/2879/2879 1123/2880/2880
f 513/2881/2881 514/2882/2882 1123/2883/2883
f 1123/2884/2884 514/2885/2885 1234/2886/2886
f 514/2887/2887 515/2888/2888 1234/2889/2889
f 1234/2890/2890 515/2891/2891 1385/2892/2892
f 515/2893/2893 516/2894/2894 1385/2895/2895
f 1385/2896/2896 516/2897/2897 1491/2898/2898
f 516/2899/2899 517/2900/2900 1491/2901/2901
f 1491/2902/2902 517/2903/2903 1512/2904/2904
f 517/2905/2905 518/2906/2906 1512/2907/2907
f 1512/2908/2908 518/2909/2909 577/2910/2910
f 518/2911/2911 519/2912/2912 577/2913/2913
f 577/2914/2914 519/2915/2915 578/2916/2916
f 519/2917/2917 520/2918/2918 578/2919/2919
f 578/2920/2920 520/2921/2921 1016/2922/2922
f 520/2923/2923 1584/2924/2924 1016/2925/2925
f 1016/2926/2926 1584/2927/2927 1015/2928/2928
f 1584/2929/2929 464/2930/2930 1015/2931/2931
f 913/2932/2932 296/2933/2933 528/2934/2934
f 296/2935/2935 295/2936/2936 528/2937/2937
f 528/2938/2938 295/2939/2939 527/2940/2940
f 295/2941/2941 294/2942/2942 527/2943/2943
f 527/2944/2944 294/2945/2945 526/2946/2946
f 294/2947/2947 293/2948/2948 526/2949/2949
f 526/2950/2950 293/2951/2951 525/2952/2952
f 293/2953/2953 292/2954/2954 525/2955/2955
f 525/2956/2956 292/2957/2957 524/2958/2958
f 292/2959/2959 291/2960/2960 524/2961/2961
f 524/2962/2962 291/2963/2963 523/2964/2964
f 291/2965/2965 290/2966/2966 523/2967/2967
f 523/2968/2968 290/2969/2969 522/2970/2970
f 290/2971/2971 347/2972/2972 522/2973/2973
f 522/2974/2974 347/2975/2975 579/2976/2976
f 347/2977/2977 346/2978/2978 579/2979/2979
f 579/2980/2980 346/2981/2981 926/2982/2982
f 346/2983/2983 345/2984/2984 926/2985/2985
f 926/2986/2986 345/2987/2987 925/2988/2988
f 345/2989/2989 344/2990/2990 925/2991/2991
f 925/2992/2992 344/2993/2993 576/2994/2994
f 344/2995/2995 343/2996/2996 576/2997/2997
f 576/2998/2998 343/2999/2999 575/3000/3000
f 343/3001/3001 342/3002/3002 575/3003/3003
f 575/3004/3004 342/3005/3005 574/3006/3006
f 342/3007/3007 341/3008/3008 574/3009/3009
f 574/3010/3010 341/3011/3011 573/3012/3012
f 341/3013/3013 340/3014/3014 573/3015/3015
f 573/3016/3016 340/3017/3017 572/3018/3018
f 340/3019/3019 339/3020/3020 572/3021/3021
f 572/3022/3022 339/3023/3023 571/3024/3024
f 339/3025/3025 338/3026/3026 571/3027/3027
f 571/3028/3028 338/3029/3029 924/3030/3030
f 338/3031/3031 337/3032/3032 924/3033/3033
f 924/3034/3034 337/3035/3035 923/3036/3036
f 337/3037/3037 336/3038/3038 923/3039/3039
f 923/3040/3040 336/3041/3041 568/3042/3042
f 336/3043/3043 335/3044/3044 568/3045/3045
f 568/3046/3046 335/3047/3047 567/3048/3048
f 335/3049/3049 334/3050/3050 567/3051/3051
f 567/3052/3052 334/3053/3053 566/3054/3054
f 334/3055/3055 333/3056/3056 566/3057/3057
f 566/3058/3058 333/3059/3059 565/3060/3060
f 333/3061/3061 332/3062/3062 565/3063/3063
f 565/3064/3064 332/3065/3065 564/3066/3066
f 332/3067/3067 331/3068/3068 564/3069/3069
f 564/3070/3070 331/3071/3071 563/3072/3072
f 331/3073/3073 330/3074/3074 563/3075/3075
f 563/3076/3076 330/3077/3077 562/3078/3078
f 330/3079/3079 329/3080/3080 562/3081/3081
f 562/3082/3082 329/3083/3083 921/3084/3084
f 329/3085/3085 328/3086/3086 921/3087/3087
f 921/3088/3088 328/3089/3089 560/3090/3090
f 328/3091/3091 327/3092/3092 560/3093/3093
f 560/3094/3094 327/3095/3095 559/3096/3096
f 327/3097/3097 326/3098/3098 559/3099/3099
f 559/3100/3100 326/3101/3101 558/3102/3102
f 326/3103/3103 325/3104/3104 558/3105/3105
f 558/3106/3106 325/3107/3107 557/3108/3108
f 325/3109/3109 324/3110/3110 557/3111/3111
f 557/3112/3112 324/3113/3113 556/3114/3114
f 324/3115/3115 323/3116/3116 556/3117/3117
f 556/3118/3118 323/3119/3119 555/3120/3120
f 323/3121/3121 322/3122/3122 555/3123/3123
f 555/3124/3124 322/3125/3125 920/3126/3126
f 322/3127/3127 863/3128/3128 920/3129/3129
f 920/3130/3130 863/3131/3131 919/3132/3132
f 863/3133/3133 320/3134/3134 919/3135/3135
f 919/3136/3136 320/3137/3137 552/3138/3138
f 320/3139/3139 319/3140/3140 552/3141/3141
f 552/3142/3142 319/3143/3143 551/3144/3144
f 319/3145/3145 318/3146/3146 551/3147/3147
f 551/3148/3148 318/3149/3149 550/3150/3150
f 318/3151/3151 317/3152/3152 550/3153/3153
f 550/3154/3154 317/3155/3155 549/3156/3156
f 317/3157/3157 316/3158/3158 549/3159/3159
f 549/3160/3160 316/3161/3161 548/3162/3162
f 316/3163/3163 315/3164/3164 548/3165/3165
f 548/3166/3166 315/3167/3167 547/3168/3168
f 315/3169/3169 314/3170/3170 547/3171/3171
f 547/3172/3172 314/3173/3173 918/3174/3174
f 314/3175/3175 861/3176/3176 918/3177/3177
f 918/3178/3178 861/3179/3179 917/3180/3180
f 861/3181/3181 312/3182/3182 917/3183/3183
f 917/3184/3184 312/3185/3185 544/3186/3186
f 312/3187/3187 311/3188/3188 544/3189/3189
f 544/3190/3190 311/3191/3191 543/3192/3192
f 311/3193/3193 310/3194/3194 543/3195/3195
f 543/3196/3196 310/3197/3197 542/3198/3198
f 310/3199/3199 309/3200/3200 542/3201/3201
f 542/3202/3202 309/3203/3203 541/3204/3204
f 309/3205/3205 308/3206/3206 541/3207/3207
f 541/3208/3208 308/3209/3209 540/3210/3210
f 308/3211/3211 307/3212/3212 540/3213/3213
f 540/3214/3214 307/3215/3215 539/3216/3216
f 307/3217/3217 306/3218/3218 539/3219/3219
f 539/3220/3220 306/3221/3221 916/3222/3222
f 306/3223/3223 859/3224/3224 916/3225/3225
f 916/3226/3226 859/3227/3227 915/3228/3228
f 859/3229/3229 304/3230/3230 915/3231/3231
f 915/3232/3232 304/3233/3233 536/3234/3234
f 304/3235/3235 303/3236/3236 536/3237/3237
f 536/3238/3238 303/3239/3239 535/3240/3240
f 303/3241/3241 302/3242/3242 535/3243/3243
f 535/3244/3244 302/3245/3245 534/3246/3246
f 302/3247/3247 301/3248/3248 534/3249/3249
f 534/3250/3250 301/3251/3251 533/3252/3252
f 301/3253/3253 300/3254/3254 533/3255/3255
f 533/3256/3256 300/3257/3257 532/3258/3258
f 300/3259/3259 299/3260/3260 532/3261/3261
f 532/3262/3262 299/3263/3263 531/3264/3264
f 299/3265/3265 298/3266/3266 531/3267/3267
f 531/3268/3268 298/3269/3269 530/3270/3270
f 298/3271/3271 297/3272/3272 530/3273/3273
f 530/3274/3274 297/3275/3275 913/3276/3276
f 297/3277/3277 296/3278/3278 913/3279/3279
f 934/3280/3280 1587/3281/3281 1040/3282/3282
f 653/3283/3283 1533/3284/3284 1532/3285/3285
f 614/3286/3286 1400/3287/3287 949/3288/3288
f 590/3289/3289 1525/3290/3290 589/3291/3291
f 626/3292/3292 946/3293/3293 612/3294/3294
f 606/3295/3295 1521/3296/3296 605/3297/3297
f 1395/3298/3298 1002/3299/3299 621/3300/3300
f 1549/3301/3301 1497/3302/3302 592/3303/3303
f 599/3304/3304 1398/3305/3305 632/3306/3306
f 603/3307/3307 938/3308/3308 1134/3309/3309
f 603/3310/3310 1003/3311/3311 939/3312/3312
f 1134/3313/3313 944/3314/3314 620/3315/3315
f 624/3316/3316 1405/3317/3317 610/3318/3318
f 601/3319/3319 681/3320/3320 1136/3321/3321
f 630/3322/3322 941/3323/3323 940/3324/3324
f 633/3325/3325 1193/3326/3326 619/3327/3327
f 608/3328/3328 1397/3329/3329 607/3330/3330
f 600/3331/3331 1399/3332/3332 599/3333/3333
f 631/3334/3334 1523/3335/3335 1522/3336/3336
f 600/3337/3337 1193/3338/3338 682/3339/3339
f 618/3340/3340 1398/3341/3341 1404/3342/3342
f 618/3343/3343 683/3344/3344 598/3345/3345
f 617/3346/3346 1522/3347/3347 1496/3348/3348
f 985/3349/3349 1526/3350/3350 1498/3351/3351
f 601/3352/3352 1135/3353/3353 633/3354/3354
f 598/3355/3355 1523/3356/3356 597/3357/3357
f 630/3358/3358 945/3359/3359 616/3360/3360
f 622/3361/3361 948/3362/3362 606/3363/3363
f 625/3364/3364 1214/3365/3365 611/3366/3366
f 627/3367/3367 1525/3368/3368 1524/3369/3369
f 596/3370/3370 941/3371/3371 595/3372/3372
f 602/3373/3373 944/3374/3374 681/3375/3375
f 1395/3376/3376 1521/3377/3377 1520/3378/3378
f 626/3379/3379 943/3380/3380 942/3381/3381
f 613/3382/3382 1107/3383/3383 588/3384/3384
f 585/3385/3385 689/3386/3386 1141/3387/3387
f 585/3388/3388 1140/3389/3389 625/3390/3390
f 591/3391/3391 1400/3392/3392 628/3393/3393
f 584/3394/3394 1403/3395/3395 583/3396/3396
f 1549/3397/3397 1138/3398/3398 1142/3399/3399
f 594/3400/3400 1139/3401/3401 593/3402/3402
f 616/3403/3403 1238/3404/3404 594/3405/3405
f 612/3406/3406 689/3407/3407 586/3408/3408
f 627/3409/3409 1106/3410/3410 613/3411/3411
f 614/3412/3412 950/3413/3413 590/3414/3414
f 580/3415/3415 1241/3416/3416 115/3417/3417
f 1495/3418/3418 1397/3419/3419 1396/3420/3420
f 584/3421/3421 1214/3422/3422 690/3423/3423
f 583/3424/3424 1402/3425/3425 624/3426/3426
f 587/3427/3427 1107/3428/3428 943/3429/3429
f 593/3430/3430 1138/3431/3431 629/3432/3432
f 582/3433/3433 1405/3434/3434 691/3435/3435
f 581/3436/3436 1526/3437/3437 623/3438/3438
f 985/3439/3439 1240/3440/3440 580/3441/3441
f 582/3442/3442 1527/3443/3443 581/3444/3444
f 617/3445/3445 1105/3446/3446 596/3447/3447
f 621/3448/3448 1003/3449/3449 604/3450/3450
f 592/3451/3451 654/3452/3452 591/3453/3453
f 1495/3454/3454 947/3455/3455 622/3456/3456
f 1112/3457/3457 1109/3458/3458 1108/3459/3459
f 672/3460/3460 744/3461/3461 686/3462/3462
f 655/3463/3463 714/3464/3464 713/3465/3465
f 687/3466/3466 1154/3467/3467 745/3468/3468
f 657/3469/3469 1150/3470/3470 1149/3471/3471
f 688/3472/3472 732/3473/3473 746/3474/3474
f 659/3475/3475 1414/3476/3476 1413/3477/3477
f 1144/3478/3478 733/3479/3479 1418/3480/3480
f 661/3481/3481 1535/3482/3482 1534/3483/3483
f 1239/3484/3484 1416/3485/3485 1500/3486/3486
f 664/3487/3487 721/3488/3488 663/3489/3489
f 1407/3490/3490 1537/3491/3491 749/3492/3492
f 637/3493/3493 1153/3494/3494 665/3495/3495
f 678/3496/3496 1501/3497/3497 692/3498/3498
f 639/3499/3499 724/3500/3500 666/3501/3501
f 693/3502/3502 1538/3503/3503 694/3504/3504
f 641/3505/3505 725/3506/3506 667/3507/3507
f 694/3508/3508 1529/3509/3509 638/3510/3510
f 643/3511/3511 1415/3512/3512 668/3513/3513
f 679/3514/3514 698/3515/3515 640/3516/3516
f 645/3517/3517 1536/3518/3518 669/3519/3519
f 680/3520/3520 1146/3521/3521 642/3522/3522
f 647/3523/3523 728/3524/3524 670/3525/3525
f 1143/3526/3526 1410/3527/3527 644/3528/3528
f 649/3529/3529 729/3530/3530 671/3531/3531
f 1237/3532/3532 1531/3533/3533 646/3534/3534
f 651/3535/3535 730/3536/3536 672/3537/3537
f 1406/3538/3538 706/3539/3539 648/3540/3540
f 673/3541/3541 1532/3542/3542 1154/3543/3543
f 684/3544/3544 1148/3545/3545 650/3546/3546
f 674/3547/3547 713/3548/3548 732/3549/3549
f 685/3550/3550 1412/3551/3551 652/3552/3552
f 675/3553/3553 1149/3554/3554 733/3555/3555
f 686/3556/3556 1533/3557/3557 1401/3558/3558
f 676/3559/3559 1413/3560/3560 1416/3561/3561
f 656/3562/3562 745/3563/3563 714/3564/3564
f 677/3565/3565 1534/3566/3566 1537/3567/3567
f 638/3568/3568 1528/3569/3569 637/3570/3570
f 658/3571/3571 746/3572/3572 1150/3573/3573
f 663/3574/3574 736/3575/3575 678/3576/3576
f 640/3577/3577 697/3578/3578 639/3579/3579
f 660/3580/3580 1418/3581/3581 1414/3582/3582
f 665/3583/3583 737/3584/3584 679/3585/3585
f 642/3586/3586 1145/3587/3587 641/3588/3588
f 662/3589/3589 1500/3590/3590 1535/3591/3591
f 666/3592/3592 738/3593/3593 680/3594/3594
f 644/3595/3595 1409/3596/3596 643/3597/3597
f 664/3598/3598 749/3599/3599 722/3600/3600
f 667/3601/3601 1417/3602/3602 1143/3603/3603
f 646/3604/3604 1530/3605/3605 645/3606/3606
f 692/3607/3607 1502/3608/3608 693/3609/3609
f 668/3610/3610 1499/3611/3611 1237/3612/3612
f 648/3613/3613 705/3614/3614 647/3615/3615
f 669/3616/3616 741/3617/3617 1406/3618/3618
f 650/3619/3619 1147/3620/3620 649/3621/3621
f 670/3622/3622 742/3623/3623 684/3624/3624
f 651/3625/3625 1412/3626/3626 1411/3627/3627
f 671/3628/3628 743/3629/3629 685/3630/3630
f 787/3631/3631 769/3632/3632 771/3633/3633
f 788/3634/3634 757/3635/3635 758/3636/3636
f 753/3637/3637 1090/3638/3638 754/3639/3639
f 1547/3640/3640 778/3641/3641 779/3642/3642
f 766/3643/3643 767/3644/3644 1548/3645/3645
f 761/3646/3646 786/3647/3647 762/3648/3648
f 10/3649/3649 2/3650/3650 114/3651/3651
f 1/3652/3652 60/3653/3653 59/3654/3654
f 968/3655/3655 1315/3656/3656 1454/3657/3657
f 1290/3658/3658 1322/3659/3659 1244/3660/3660
f 1322/3661/3661 57/3662/3662 1419/3663/3663
f 977/3664/3664 62/3665/3665 1539/3666/3666
f 1173/3667/3667 1297/3668/3668 1245/3669/3669
f 1297/3670/3670 1467/3671/3671 1249/3672/3672
f 75/3673/3673 1391/3674/3674 1390/3675/3675
f 30/3676/3676 32/3677/3677 1100/3678/3678
f 9/3679/3679 12/3680/3680 1386/3681/3681
f 16/3682/3682 999/3683/3683 1387/3684/3684
f 1167/3685/3685 930/3686/3686 929/3687/3687
f 99/3688/3688 1137/3689/3689 1133/3690/3690
f 34/3691/3691 36/3692/3692 1126/3693/3693
f 67/3694/3694 1119/3695/3695 1118/3696/3696
f 69/3697/3697 935/3698/3698 1119/3699/3699
f 44/3700/3700 46/3701/3701 1389/3702/3702
f 32/3703/3703 34/3704/3704 1130/3705/3705
f 608/3706/3706 115/3707/3707 1241/3708/3708
f 636/3709/3709 1540/3710/3710 813/3711/3711
f 814/3712/3712 1128/3713/3713 1519/3714/3714
f 77/3715/3715 1103/3716/3716 1391/3717/3717
f 20/3718/3718 22/3719/3719 1514/3720/3720
f 81/3721/3721 1517/3722/3722 1104/3723/3723
f 26/3724/3724 28/3725/3725 927/3726/3726
f 65/3727/3727 1118/3728/3728 1131/3729/3729
f 50/3730/3730 1494/3731/3731 1492/3732/3732
f 1291/3733/3733 1101/3734/3734 930/3735/3735
f 30/3736/3736 928/3737/3737 927/3738/3738
f 1157/3739/3739 1587/3740/3740 615/3741/3741
f 615/3742/3742 1516/3743/3743 1157/3744/3744
f 42/3745/3745 44/3746/3746 1388/3747/3747
f 109/3748/3748 1493/3749/3749 1393/3750/3750
f 87/3751/3751 937/3752/3752 1132/3753/3753
f 93/3754/3754 1102/3755/3755 932/3756/3756
f 79/3757/3757 1104/3758/3758 1103/3759/3759
f 85/3760/3760 1132/3761/3761 1518/3762/3762
f 22/3763/3763 24/3764/3764 1129/3765/3765
f 40/3766/3766 42/3767/3767 1394/3768/3768
f 89/3769/3769 931/3770/3770 937/3771/3771
f 73/3772/3772 1390/3773/3773 936/3774/3774
f 103/3775/3775 635/3776/3776 1236/3777/3777
f 1040/3778/3778 1041/3779/3779 929/3780/3780
f 36/3781/3781 38/3782/3782 1127/3783/3783
f 91/3784/3784 932/3785/3785 931/3786/3786
f 95/3787/3787 634/3788/3788 1102/3789/3789
f 83/3790/3790 1518/3791/3791 1517/3792/3792
f 14/3793/3793 1387/3794/3794 1386/3795/3795
f 1029/3796/3796 1125/3797/3797 1124/3798/3798
f 105/3799/3799 1392/3800/3800 635/3801/3801
f 48/3802/3802 1492/3803/3803 1389/3804/3804
f 6/3805/3805 609/3806/3806 973/3807/3807
f 609/3808/3808 1125/3809/3809 973/3810/3810
f 54/3811/3811 1516/3812/3812 1515/3813/3813
f 9/3814/3814 986/3815/3815 609/3816/3816
f 814/3817/3817 1028/3818/3818 1124/3819/3819
f 52/3820/3820 1515/3821/3821 1494/3822/3822
f 18/3823/3823 20/3824/3824 1513/3825/3825
f 38/3826/3826 40/3827/3827 1235/3828/3828
f 965/3829/3829 63/3830/3830 1131/3831/3831
f 1131/3832/3832 1101/3833/3833 965/3834/3834
f 101/3835/3835 1236/3836/3836 1137/3837/3837
f 97/3838/3838 1133/3839/3839 634/3840/3840
f 71/3841/3841 936/3842/3842 935/3843/3843
f 26/3844/3844 933/3845/3845 1129/3846/3846
f 107/3847/3847 1393/3848/3848 1392/3849/3849
f 1540/3850/3850 636/3851/3851 1247/3852/3852
f 636/3853/3853 1493/3854/3854 1247/3855/3855
f 16/3856/3856 18/3857/3857 1000/3858/3858
f 1262/3859/3859 982/3860/3860 980/3861/3861
f 1358/3862/3862 1224/3863/3863 1158/3864/3864
f 1460/3865/3865 979/3866/3866 984/3867/3867
f 984/3868/3868 1224/3869/3869 1358/3870/3870
f 112/3871/3871 1567/3872/3872 1543/3873/3873
f 1544/3874/3874 1543/3875/3875 1567/3876/3876
f 1567/3877/3877 877/3878/3878 1544/3879/3879
f 878/3880/3880 1089/3881/3881 988/3882/3882
f 1009/3883/3883 1225/3884/3884 1159/3885/3885
f 1085/3886/3886 1225/3887/3887 1009/3888/3888
f 5/3889/3889 970/3890/3890 1085/3891/3891
f 974/3892/3892 1269/3893/3893 1546/3894/3894
f 1087/3895/3895 1546/3896/3896 1269/3897/3897
f 1269/3898/3898 1261/3899/3899 1087/3900/3900
f 228/3901/3901 230/3902/3902 120/3903/3903
f 230/3904/3904 116/3905/3905 120/3906/3906
f 116/3907/3907 118/3908/3908 120/3909/3909
f 120/3910/3910 122/3911/3911 128/3912/3912
f 122/3913/3913 124/3914/3914 128/3915/3915
f 124/3916/3916 126/3917/3917 128/3918/3918
f 128/3919/3919 130/3920/3920 132/3921/3921
f 132/3922/3922 134/3923/3923 128/3924/3924
f 134/3925/3925 136/3926/3926 128/3927/3927
f 136/3928/3928 138/3929/3929 140/3930/3930
f 140/3931/3931 142/3932/3932 136/3933/3933
f 142/3934/3934 144/3935/3935 136/3936/3936
f 144/3937/3937 146/3938/3938 148/3939/3939
f 148/3940/3940 150/3941/3941 152/3942/3942
f 152/3943/3943 154/3944/3944 156/3945/3945
f 156/3946/3946 158/3947/3947 160/3948/3948
f 160/3949/3949 162/3950/3950 168/3951/3951
f 162/3952/3952 164/3953/3953 168/3954/3954
f 164/3955/3955 166/3956/3956 168/3957/3957
f 168/3958/3958 170/3959/3959 172/3960/3960
f 172/3961/3961 174/3962/3962 176/3963/3963
f 176/3964/3964 178/3965/3965 180/3966/3966
f 180/3967/3967 182/3968/3968 184/3969/3969
f 184/3970/3970 186/3971/3971 192/3972/3972
f 186/3973/3973 188/3974/3974 192/3975/3975
f 188/3976/3976 190/3977/3977 192/3978/3978
f 192/3979/3979 194/3980/3980 196/3981/3981
f 196/3982/3982 198/3983/3983 192/3984/3984
f 198/3985/3985 200/3986/3986 192/3987/3987
f 200/3988/3988 202/3989/3989 204/3990/3990
f 204/3991/3991 206/3992/3992 200/3993/3993
f 206/3994/3994 208/3995/3995 200/3996/3996
f 208/3997/3997 210/3998/3998 212/3999/3999
f 212/4000/4000 214/4001/4001 208/4002/4002
f 214/4003/4003 216/4004/4004 208/4005/4005
f 216/4006/4006 218/4007/4007 220/4008/4008
f 220/4009/4009 222/4010/4010 224/4011/4011
f 224/4012/4012 226/4013/4013 120/4014/4014
f 226/4015/4015 228/4016/4016 120/4017/4017
f 144/4018/4018 148/4019/4019 136/4020/4020
f 148/4021/4021 152/4022/4022 136/4023/4023
f 152/4024/4024 156/4025/4025 168/4026/4026
f 156/4027/4027 160/4028/4028 168/4029/4029
f 168/4030/4030 172/4031/4031 176/4032/4032
f 176/4033/4033 180/4034/4034 168/4035/4035
f 180/4036/4036 184/4037/4037 168/4038/4038
f 216/4039/4039 220/4040/4040 120/4041/4041
f 220/4042/4042 224/4043/4043 120/4044/4044
f 120/4045/4045 128/4046/4046 136/4047/4047
f 184/4048/4048 192/4049/4049 200/4050/4050
f 200/4051/4051 208/4052/4052 216/4053/4053
f 120/4054/4054 136/4055/4055 152/4056/4056
f 152/4057/4057 168/4058/4058 184/4059/4059
f 184/4060/4060 200/4061/4061 152/4062/4062
f 200/4063/4063 216/4064/4064 152/4065/4065
f 934/4066/4066 615/4067/4067 1587/4068/4068
f 653/4069/4069 1401/4070/4070 1533/4071/4071
f 614/4072/4072 628/4073/4073 1400/4074/4074
f 590/4075/4075 950/4076/4076 1525/4077/4077
f 626/4078/4078 942/4079/4079 946/4080/4080
f 606/4081/4081 948/4082/4082 1521/4083/4083
f 1395/4084/4084 1520/4085/4085 1002/4086/4086
f 1549/4087/4087 1142/4088/4088 1497/4089/4089
f 599/4090/4090 1399/4091/4091 1398/4092/4092
f 603/4093/4093 939/4094/4094 938/4095/4095
f 603/4096/4096 604/4097/4097 1003/4098/4098
f 1134/4099/4099 938/4100/4100 944/4101/4101
f 624/4102/4102 1402/4103/4103 1405/4104/4104
f 601/4105/4105 602/4106/4106 681/4107/4107
f 630/4108/4108 595/4109/4109 941/4110/4110
f 633/4111/4111 1135/4112/4112 1193/4113/4113
f 608/4114/4114 1408/4115/4115 1397/4116/4116
f 600/4117/4117 682/4118/4118 1399/4119/4119
f 631/4120/4120 597/4121/4121 1523/4122/4122
f 600/4123/4123 619/4124/4124 1193/4125/4125
f 618/4126/4126 632/4127/4127 1398/4128/4128
f 618/4129/4129 1404/4130/4130 683/4131/4131
f 617/4132/4132 631/4133/4133 1522/4134/4134
f 985/4135/4135 623/4136/4136 1526/4137/4137
f 601/4138/4138 1136/4139/4139 1135/4140/4140
f 598/4141/4141 683/4142/4142 1523/4143/4143
f 630/4144/4144 940/4145/4145 945/4146/4146
f 622/4147/4147 947/4148/4148 948/4149/4149
f 625/4150/4150 1140/4151/4151 1214/4152/4152
f 627/4153/4153 589/4154/4154 1525/4155/4155
f 596/4156/4156 1105/4157/4157 941/4158/4158
f 602/4159/4159 620/4160/4160 944/4161/4161
f 1395/4162/4162 605/4163/4163 1521/4164/4164
f 626/4165/4165 587/4166/4166 943/4167/4167
f 613/4168/4168 1106/4169/4169 1107/4170/4170
f 585/4171/4171 586/4172/4172 689/4173/4173
f 585/4174/4174 1141/4175/4175 1140/4176/4176
f 591/4177/4177 654/4178/4178 1400/4179/4179
f 584/4180/4180 690/4181/4181 1403/4182/4182
f 1549/4183/4183 629/4184/4184 1138/4185/4185
f 594/4186/4186 1238/4187/4187 1139/4188/4188
f 616/4189/4189 945/4190/4190 1238/4191/4191
f 612/4192/4192 946/4193/4193 689/4194/4194
f 627/4195/4195 1524/4196/4196 1106/4197/4197
f 614/4198/4198 949/4199/4199 950/4200/4200
f 580/4201/4201 1240/4202/4202 1241/4203/4203
f 1495/4204/4204 607/4205/4205 1397/4206/4206
f 584/4207/4207 611/4208/4208 1214/4209/4209
f 583/4210/4210 1403/4211/4211 1402/4212/4212
f 587/4213/4213 588/4214/4214 1107/4215/4215
f 593/4216/4216 1139/4217/4217 1138/4218/4218
f 582/4219/4219 610/4220/4220 1405/4221/4221
f 581/4222/4222 1527/4223/4223 1526/4224/4224
f 985/4225/4225 1498/4226/4226 1240/4227/4227
f 582/4228/4228 691/4229/4229 1527/4230/4230
f 617/4231/4231 1496/4232/4232 1105/4233/4233
f 621/4234/4234 1002/4235/4235 1003/4236/4236
f 592/4237/4237 1497/4238/4238 654/4239/4239
f 1495/4240/4240 1396/4241/4241 947/4242/4242
f 1226/4243/4243 961/4244/4244 955/4245/4245
f 955/4246/4246 956/4247/4247 1112/4248/4248
f 1112/4249/4249 731/4250/4250 1111/4251/4251
f 731/4252/4252 711/4253/4253 1111/4254/4254
f 711/4255/4255 712/4256/4256 1111/4257/4257
f 1111/4258/4258 1110/4259/4259 967/4260/4260
f 1110/4261/4261 709/4262/4262 967/4263/4263
f 709/4264/4264 710/4265/4265 967/4266/4266
f 967/4267/4267 966/4268/4268 707/4269/4269
f 707/4270/4270 708/4271/4271 1243/4272/4272
f 1243/4273/4273 960/4274/4274 1109/4275/4275
f 960/4276/4276 953/4277/4277 1109/4278/4278
f 953/4279/4279 954/4280/4280 1109/4281/4281
f 1109/4282/4282 727/4283/4283 740/4284/4284
f 727/4285/4285 703/4286/4286 740/4287/4287
f 703/4288/4288 704/4289/4289 740/4290/4290
f 740/4291/4291 726/4292/4292 701/4293/4293
f 701/4294/4294 702/4295/4295 740/4296/4296
f 702/4297/4297 739/4298/4298 740/4299/4299
f 739/4300/4300 1151/4301/4301 699/4302/4302
f 699/4303/4303 700/4304/4304 739/4305/4305
f 700/4306/4306 1242/4307/4307 739/4308/4308
f 1242/4309/4309 959/4310/4310 951/4311/4311
f 951/4312/4312 952/4313/4313 1108/4314/4314
f 1108/4315/4315 723/4316/4316 695/4317/4317
f 695/4318/4318 696/4319/4319 752/4320/4320
f 752/4321/4321 751/4322/4322 750/4323/4323
f 750/4324/4324 962/4325/4325 957/4326/4326
f 957/4327/4327 958/4328/4328 1113/4329/4329
f 1113/4330/4330 735/4331/4331 719/4332/4332
f 719/4333/4333 720/4334/4334 717/4335/4335
f 720/4336/4336 748/4337/4337 717/4338/4338
f 748/4339/4339 734/4340/4340 717/4341/4341
f 717/4342/4342 718/4343/4343 715/4344/4344
f 718/4345/4345 747/4346/4346 715/4347/4347
f 747/4348/4348 1152/4349/4349 715/4350/4350
f 715/4351/4351 716/4352/4352 1226/4353/4353
f 1226/4354/4354 955/4355/4355 715/4356/4356
f 955/4357/4357 1112/4358/4358 715/4359/4359
f 967/4360/4360 707/4361/4361 1109/4362/4362
f 707/4363/4363 1243/4364/4364 1109/4365/4365
f 1242/4366/4366 951/4367/4367 739/4368/4368
f 951/4369/4369 1108/4370/4370 739/4371/4371
f 1108/4372/4372 695/4373/4373 957/4374/4374
f 695/4375/4375 752/4376/4376 957/4377/4377
f 752/4378/4378 750/4379/4379 957/4380/4380
f 957/4381/4381 1113/4382/4382 717/4383/4383
f 1113/4384/4384 719/4385/4385 717/4386/4386
f 1112/4387/4387 1111/4388/4388 1109/4389/4389
f 1111/4390/4390 967/4391/4391 1109/4392/4392
f 1109/4393/4393 740/4394/4394 739/4395/4395
f 717/4396/4396 715/4397/4397 1112/4398/4398
f 1109/4399/4399 739/4400/4400 1108/4401/4401
f 1108/4402/4402 957/4403/4403 717/4404/4404
f 717/4405/4405 1112/4406/4406 1108/4407/4407
f 672/4408/4408 730/4409/4409 744/4410/4410
f 655/4411/4411 656/4412/4412 714/4413/4413
f 687/4414/4414 673/4415/4415 1154/4416/4416
f 657/4417/4417 658/4418/4418 1150/4419/4419
f 688/4420/4420 674/4421/4421 732/4422/4422
f 659/4423/4423 660/4424/4424 1414/4425/4425
f 1144/4426/4426 675/4427/4427 733/4428/4428
f 661/4429/4429 662/4430/4430 1535/4431/4431
f 1239/4432/4432 676/4433/4433 1416/4434/4434
f 664/4435/4435 722/4436/4436 721/4437/4437
f 1407/4438/4438 677/4439/4439 1537/4440/4440
f 637/4441/4441 1528/4442/4442 1153/4443/4443
f 678/4444/4444 736/4445/4445 1501/4446/4446
f 639/4447/4447 697/4448/4448 724/4449/4449
f 693/4450/4450 1502/4451/4451 1538/4452/4452
f 641/4453/4453 1145/4454/4454 725/4455/4455
f 694/4456/4456 1538/4457/4457 1529/4458/4458
f 643/4459/4459 1409/4460/4460 1415/4461/4461
f 679/4462/4462 737/4463/4463 698/4464/4464
f 645/4465/4465 1530/4466/4466 1536/4467/4467
f 680/4468/4468 738/4469/4469 1146/4470/4470
f 647/4471/4471 705/4472/4472 728/4473/4473
f 1143/4474/4474 1417/4475/4475 1410/4476/4476
f 649/4477/4477 1147/4478/4478 729/4479/4479
f 1237/4480/4480 1499/4481/4481 1531/4482/4482
f 651/4483/4483 1411/4484/4484 730/4485/4485
f 1406/4486/4486 741/4487/4487 706/4488/4488
f 673/4489/4489 653/4490/4490 1532/4491/4491
f 684/4492/4492 742/4493/4493 1148/4494/4494
f 674/4495/4495 655/4496/4496 713/4497/4497
f 685/4498/4498 743/4499/4499 1412/4500/4500
f 675/4501/4501 657/4502/4502 1149/4503/4503
f 686/4504/4504 744/4505/4505 1533/4506/4506
f 676/4507/4507 659/4508/4508 1413/4509/4509
f 656/4510/4510 687/4511/4511 745/4512/4512
f 677/4513/4513 661/4514/4514 1534/4515/4515
f 638/4516/4516 1529/4517/4517 1528/4518/4518
f 658/4519/4519 688/4520/4520 746/4521/4521
f 663/4522/4522 721/4523/4523 736/4524/4524
f 640/4525/4525 698/4526/4526 697/4527/4527
f 660/4528/4528 1144/4529/4529 1418/4530/4530
f 665/4531/4531 1153/4532/4532 737/4533/4533
f 642/4534/4534 1146/4535/4535 1145/4536/4536
f 662/4537/4537 1239/4538/4538 1500/4539/4539
f 666/4540/4540 724/4541/4541 738/4542/4542
f 644/4543/4543 1410/4544/4544 1409/4545/4545
f 664/4546/4546 1407/4547/4547 749/4548/4548
f 667/4549/4549 725/4550/4550 1417/4551/4551
f 646/4552/4552 1531/4553/4553 1530/4554/4554
f 692/4555/4555 1501/4556/4556 1502/4557/4557
f 668/4558/4558 1415/4559/4559 1499/4560/4560
f 648/4561/4561 706/4562/4562 705/4563/4563
f 669/4564/4564 1536/4565/4565 741/4566/4566
f 650/4567/4567 1148/4568/4568 1147/4569/4569
f 670/4570/4570 728/4571/4571 742/4572/4572
f 651/4573/4573 652/4574/4574 1412/4575/4575
f 671/4576/4576 729/4577/4577 743/4578/4578
f 773/4579/4579 983/4580/4580 785/4581/4581
f 785/4582/4582 787/4583/4583 771/4584/4584
f 787/4585/4585 1088/4586/4586 770/4587/4587
f 787/4588/4588 770/4589/4589 769/4590/4590
f 772/4591/4591 773/4592/4592 785/4593/4593
f 771/4594/4594 772/4595/4595 785/4596/4596
f 783/4597/4597 784/4598/4598 788/4599/4599
f 788/4600/4600 1155/4601/4601 757/4602/4602
f 758/4603/4603 759/4604/4604 788/4605/4605
f 759/4606/4606 760/4607/4607 783/4608/4608
f 788/4609/4609 759/4610/4610 783/4611/4611
f 972/4612/4612 1090/4613/4613 753/4614/4614
f 1090/4615/4615 1086/4616/4616 754/4617/4617
f 781/4618/4618 782/4619/4619 1091/4620/4620
f 1091/4621/4621 1547/4622/4622 779/4623/4623
f 1547/4624/4624 1545/4625/4625 777/4626/4626
f 1547/4627/4627 777/4628/4628 778/4629/4629
f 780/4630/4630 781/4631/4631 1091/4632/4632
f 779/4633/4633 780/4634/4634 1091/4635/4635
f 776/4636/4636 1548/4637/4637 775/4638/4638
f 1548/4639/4639 1248/4640/4640 764/4641/4641
f 1548/4642/4642 764/4643/4643 766/4644/4644
f 775/4645/4645 1548/4646/4646 767/4647/4647
f 767/4648/4648 768/4649/4649 775/4650/4650
f 761/4651/4651 963/4652/4652 786/4653/4653
f 786/4654/4654 774/4655/4655 762/4656/4656
f 10/4657/4657 755/4658/4658 4/4659/4659
f 10/4660/4660 4/4661/4661 2/4662/4662
f 765/4663/4663 7/4664/4664 111/4665/4665
f 7/4666/4666 10/4667/4667 114/4668/4668
f 111/4669/4669 7/4670/4670 113/4671/4671
f 113/4672/4672 7/4673/4673 114/4674/4674
f 1/4675/4675 763/4676/4676 61/4677/4677
f 1/4678/4678 61/4679/4679 60/4680/4680
f 756/4681/4681 3/4682/4682 56/4683/4683
f 3/4684/4684 1/4685/4685 59/4686/4686
f 56/4687/4687 3/4688/4688 58/4689/4689
f 58/4690/4690 3/4691/4691 59/4692/4692
