v 0.0219279584 -0.00390892616 0.0238553516
v 0.0227784514 -0.00421155058 0.0189145394
v 0.022273073 -0.00672944309 0.0222757261
v 0.02273486 -0.0089482097 0.0290929759
v 0.0184497107 -0.0105402181 0.0435473789
v 0.021782618 -0.00699478295 0.0377830397
v 0.0213687681 -0.00806438504 0.0241443814
v 0.020987574 -0.00977406371 0.0354942661
v 0.0199072007 -0.00982054044 0.021213403
v 0.0218390767 -0.0101893088 0.0269163523
v 0.0201824848 -0.0123616355 0.0327594327
v 0.0192549806 -0.0136268353 0.0380198415
v 0.018188199 -0.0137722092 0.0444700532
v 0.0206792634 -0.0120829763 0.0244426035
v 0.0198281724 -0.0123231858 0.0292839771
v 0.0190955307 -0.0150023485 0.0405922867
v 0.019290749 -0.0152958948 0.0348034557
v 0.0158218537 -0.0158188809 0.0408879444
v 0.0182491187 -0.0150943343 0.0299683707
v 0.0190454703 -0.015126125 0.0254906121
v 0.0176128503 -0.0179169318 0.0367119825
v 0.0164644793 -0.0185152357 0.0337090651
v 0.0170725565 -0.0166403977 0.0235120314
v 0.0153703168 -0.0184957841 0.0392341632
v 0.0170798898 -0.0176256103 0.0275556126
v 0.0147789791 -0.0180195412 0.0223334949
v 0.0101447357 -0.0193134444 0.0251911641
v 0.0155297946 -0.0192822209 0.0308243167
v 0.0146603007 -0.0182370851 0.0268415061
v 0.00963172875 -0.0205748631 0.0279832459
v 0.0138648339 -0.0206852397 0.0347825522
v 0.00667575141 -0.0213067075 0.024040255
v 0.0119573865 -0.0206229864 0.0328651359
v 0.0120666567 -0.00667741802 0.0490724649
v 0.00963926967 -0.0103945807 0.0477236602
v 0.014749065 -0.0103548262 0.0514246207
v 0.0177068822 -0.0120977126 0.0475063715
v 0.0127854524 -0.0124207614 0.0507270563
v 0.0144241666 -0.0132033257 0.0466812439
v 0.0108721415 -0.0141682327 0.0460572653
v 0.0137165748 -0.0149125904 0.0435429122
v 0.0090460619 -0.0168747408 0.0436641835
v 0.0123445718 -0.018172239 0.0408868361
v 0.00916130096 -0.0195908779 0.0405152142
v 0.00130700995 -0.0212442065 0.0260966277
v 0.00547648035 -0.0218191622 0.0390781695
v 0.0109517947 -0.0201543355 0.0377208078
v 0.00451259548 -0.0222458569 0.0365141751
v 0.00861777086 -0.0222694753 0.0363150733
v 0.00801983569 -0.0212690039 0.0303467172
v 0.00332601368 -0.0221356684 0.0305968719
v 0.010732268 -0.0221020496 0.0362672945
v 0.00454400713 -0.022009925 0.0343041858
v 0.000941419508 -0.00612552557 0.0433516111
v 0.00582283968 -0.0056311381 0.0456866547
v 0.00862035435 -0.00523659354 0.0477620251
v -0.00736965099 -0.0100192102 0.0370930014
v -0.00136538735 -0.00911931414 0.0410416238
v 0.00495782262 -0.00902750157 0.0459499788
v -0.00466436357 -0.0118422788 0.0393856606
v 0.0086442465 -0.00790780503 0.0468824711
v 0.00208202307 -0.011524721 0.0449813437
v -0.00792558584 -0.0135364048 0.0372158568
v 0.000159972231 -0.0141677605 0.0428761896
v 0.00451377174 -0.0139969019 0.0461619198
v -0.00659004413 -0.0155381663 0.0382675584
v -0.0129453856 -0.0165175432 0.0314379213
v -0.0113490382 -0.0196209447 0.0346866017
v 0.00863609277 -0.013937993 0.0480064526
v -0.00317911152 -0.0164498454 0.0395710701
v -0.000904744942 -0.018575401 0.0421407297
v -0.00590636535 -0.0199746033 0.0374083882
v 0.00292257313 -0.0193621675 0.0448430832
v -0.0115632014 -0.0209218012 0.0290379664
v 0.00509401737 -0.0174946273 0.045758063
v -0.00910040829 -0.0207047211 0.0356977973
v -0.00113329675 -0.0222020643 0.0419094544
v -0.00433188397 -0.0209163157 0.0402383786
v -0.00792530691 -0.0222670333 0.0280871568
v -0.00816341862 -0.0227026483 0.0308453548
v -0.00588928536 -0.0223407717 0.0348776402
v -0.0031934604 -0.0228182217 0.03855146
v 0.00599555671 -0.0200055139 0.0415234063
v -0.0023576105 -0.0212395014 0.0271465315
v -0.00219513685 -0.0230073808 0.0356303109
v 0.000119418604 -0.0211680802 0.0336638913
v -0.00282940583 -0.0221439367 0.0313931145
v 0.00153069454 -0.0226978557 0.0369338794
v 0.00192453642 -0.0222729342 0.0412454791
v -0.0114441058 0.00365764974 0.0320744235
v -0.00781085482 0.00418191077 0.0352977961
v -0.00252334087 0.00271192682 0.0399479903
v -0.0124593452 -0.00111537635 0.0295327702
v -0.00497897435 -0.000444365141 0.0369417975
v -0.00277909753 -0.0011584759 0.0398627212
v -0.0126611954 -0.00461298204 0.0310972352
v -0.00941525493 -0.000122905651 0.0346982284
v -0.00658016792 -0.00539059052 0.0368148964
v -0.00313553493 -0.00471933722 0.0405017007
v -0.0106116924 -0.00372144533 0.0344681488
v 0.00433236687 -0.00307512004 0.0453581177
v -0.0109877968 -0.00705333892 0.0332759488
v -0.0139538627 -0.00810810644 0.0308499672
v -0.0046018078 -0.00814384082 0.0400677202
v -0.0100612659 -0.00890048686 0.0354049327
v -0.0141435098 -0.0118362 0.0312107494
v -0.0116286213 -0.0125707276 0.0331511339
v 0.0208698846 -0.00114016447 0.0392561732
v 0.0189128127 -0.00113389854 0.0427494403
v 0.0213774964 -0.000578573556 0.0328684011
v 0.0204220247 -0.00513030589 0.0408372786
v 0.0227176882 -0.00350972917 0.0340149561
v 0.0221919846 -0.000520469854 0.0185390078
v 0.0226584114 -0.00525162881 0.0296099042
v 0.00164345396 0.0188462334 0.0278324124
v 0.00488004321 0.0178123834 0.0291021476
v 0.00695569068 0.0178633342 0.0304168053
v 0.0082875574 0.0162545471 0.0257350226
v 0.0116832405 0.0160558401 0.0335850315
v 0.0099210171 0.0155414017 0.0288782744
v 0.0127444481 0.0144467978 0.0291223433
v 0.0115373526 0.0150552569 0.0269737516
v 0.01221608 0.0152681218 0.0230343388
v 0.0139097963 0.0155569715 0.0359096881
v 0.0109637743 0.0141916797 0.038076451
v 0.0149640329 0.014966988 0.0432906207
v 0.0154203512 0.0151054477 0.0349604245
v 0.0149264671 0.0136254095 0.0261302891
v 0.0148863699 0.0138013335 0.0302636344
v 0.0168346595 0.012451306 0.030848342
v 0.0182783753 0.0135980044 0.0344114313
v 0.0170718431 0.0137122478 0.0376629122
v 0.015919758 0.0135488268 0.0233287268
v 0.0161477476 0.0126978494 0.0416985843
v 0.0182490032 0.0107071344 0.0364017421
v 0.0189886112 0.0126487743 0.0211245003
v 0.0209687129 0.0118985549 0.0284871063
v 0.0204201993 0.0121983076 0.0316855353
v 0.0183626786 0.0121251279 0.0247287527
v 0.0219027959 0.0116761923 0.0247375534
v 0.0183809977 0.00630348828 0.0406182054
v 0.0223353971 0.0086041512 0.0220404351
v 0.019451268 0.00801644754 0.0340720629
v 0.0226082802 0.00544774393 0.0268705315
v 0.0210874677 0.00751147978 0.0298416778
v 0.0206432547 0.00370982802 0.0371029787
v 0.0186181273 0.00255669747 0.0406487137
v 0.0233456139 0.00429388229 0.0218423607
v 0.0213515516 0.00317227654 0.03096569
v 0.0221627466 0.00100665854 0.0263602885
v 0.0234888047 -0.00147579727 0.0222505711
v 0.0181327071 -0.00460029137 0.0455363207
v -0.00157573965 0.0211236244 0.0287471535
v 0.00100465072 0.0192974666 0.0296048545
v 0.00421415968 0.0179213127 0.0318110543
v 0.00806818344 0.0166288791 0.0327583198
v 0.00449842168 0.0165867796 0.0352239842
v 0.00584116392 0.0165028246 0.0391925024
v 0.00812194496 0.0155295851 0.0423045568
v 0.00881002843 0.015877719 0.0397998597
v 0.00855675992 0.0156900594 0.0364008537
v 0.0120808622 0.0153133227 0.0418399554
v 0.0111735566 0.0141564533 0.043478094
v 0.0131341815 0.0137438402 0.0408455767
v 0.0143838665 0.012583415 0.0458293147
v 0.0163022168 0.00323797949 0.0484149698
v 0.0159062501 0.00708438735 0.0457169898
v 0.0181076191 0.00185487047 0.0438860878
v 0.0157106556 -0.00251073437 0.051034959
v 0.0169293322 -0.00133605057 0.0492039509
v 0.0162107497 -0.00686357403 0.0508598834
v 0.0180698428 -0.00742912944 0.0461957231
v -0.00645623077 0.0220420109 0.0276280339
v -0.00391385658 0.0204559835 0.0318164825
v -0.00597251998 0.0202228008 0.0305007682
v -0.00191387394 0.0188450431 0.0332408659
v 0.000460255076 0.0192144467 0.0321119726
v -0.00765255978 0.0164769264 0.0294255386
v -0.00620466564 0.0169801032 0.0318249627
v -0.00279257272 0.0173739633 0.03584179
v -0.00504982099 0.0171235921 0.033752772
v 0.00105720479 0.0181890326 0.0354640661
v -0.000425006961 0.0157127781 0.038311067
v -0.00831717858 0.0130999694 0.0298958104
v -0.00432276842 0.0147526888 0.0361710433
v 0.00256247236 0.0169697469 0.0372251822
v -0.00664908439 0.0125864604 0.0329604503
v 0.00258162199 0.0147199687 0.0404556375
v 0.000123767299 0.0127480021 0.0391441425
v 0.00448312238 0.0146372225 0.0422389302
v -0.00304384413 0.0100829378 0.0360956788
v 0.00829655584 0.0135672903 0.0451947339
v -0.00638400111 0.00974129513 0.0333946366
v -0.00107876887 0.00934157148 0.0380108282
v -0.00863388181 0.00854514726 0.0310987909
v 0.00486181816 0.0124792643 0.043408677
v 0.00501065888 0.0073537901 0.0456605442
v 0.00904762466 0.0126712332 0.0465021282
v 0.00277704466 0.00746194832 0.0424086265
v 0.00859509874 0.00789616257 0.0469719563
v 0.0120785469 0.00971518271 0.0470165033
v -7.09228334e-05 0.00711715966 0.0398502517
v -0.00803825399 0.00696722697 0.033478301
v -0.00467490824 0.00552958762 0.0366674317
v 0.0097698234 0.00392463896 0.0476834048
v 0.0132997986 0.00335914223 0.0475877263
v 0.000853228965 0.00468195742 0.0430551507
v 0.00559516158 0.00272412901 0.0460176002
v 0.000225186581 0.000147497631 0.0437358115
v 0.00284274225 0.000597655308 0.0442044549
v 0.0144406827 0.00152372755 0.050604552
v 0.00853840169 -0.00129186703 0.0472512338
v 0.0117687332 -0.00127197811 0.0490893349
v 0.0150916725 0.0101831546 0.0471431706
v 0.0232152585 -0.00446153805 0.0163739389
v 0.020170819 -0.0111062601 0.0180155896
v 0.0204803739 -0.0134387994 0.0221371592
v 0.0130539751 -0.0182421478 0.0202378496
v 0.0213566776 0.00292431028 0.0170632019
v -0.00100783546 -0.00653798832 0.00200865231
v -0.00381845306 -0.0113672446 0.000555440784
v -0.00606456073 -0.00800511753 0.000362906605
v 0.000186191988 -0.0111208139 0.0022647623
v -0.000308794843 -0.0145108262 0.00165376998
v -0.00401600148 -0.0160627617 0.00219975039
v 0.0035340446 -0.0162243648 0.00461417995
v -0.00372879347 -0.0188678158 0.00703862309
v 0.000746482052 -0.0179561665 0.0048208721
v 0.00131658535 -0.0198700139 0.00765105896
v 0.00453108363 -0.0199893611 0.00566176698
v 0.00181672955 -0.0202986291 0.01163805
v 0.00822197832 -0.0193423713 0.0196848195
v 0.00579640362 -0.0214925213 0.0152186286
v 0.0106748072 -0.0203725984 0.0176272918
v 0.00656919694 -0.0206115441 0.0104857516
v 0.0161325801 -0.0188243194 0.0171183334
v 0.00835337769 -0.021515361 0.0143422177
v 0.0215448216 0.00107509107 0.0145701189
v 0.0202895701 -0.00189463119 0.0109682353
v 0.00271272776 -0.00864638714 0.00239577144
v 0.0221388582 -0.0045642769 0.0134241227
v 0.00268609845 -0.00612805365 0.00167887099
v 0.0140931336 -0.00554761477 0.00466677547
v 0.0200439319 -0.00546503067 0.00970319379
v 0.0119419647 -0.00749707688 0.00298230164
v 0.00477223611 -0.0101438826 0.00230239704
v 0.0189280808 -0.00923800096 0.00624676794
v 0.0195691362 -0.00715000462 0.0116413683
v 0.00823614933 -0.00991287362 0.00239678659
v 0.0120215695 -0.011102777 0.00426099822
v 0.0209067184 -0.00721171545 0.0183152258
v 0.018950412 -0.00929669198 0.0140201198
v 0.00962373428 -0.0118484329 0.00464631058
v 0.0161813069 -0.0131098609 0.00352681987
v 0.00584813207 -0.0141892582 0.00394241139
v 0.0194470417 -0.0126592722 0.0112170829
v 0.0126109924 -0.0136660449 0.00322022289
v 0.01888391 -0.0119805755 0.00733767264
v 0.019796595 -0.0107393423 0.0147532094
v 0.0106532509 -0.0138854161 0.00643064268
v 0.00856579281 -0.0163854882 0.00545265153
v 0.00622199476 -0.0170021513 0.00432725064
v 0.0183009915 -0.0135744167 0.0185951386
v 0.0182533432 -0.0152736297 0.0161104053
v 0.0193041861 -0.014774533 0.0128278155
v 0.0141135808 -0.0157552836 0.00592981651
v 0.0106828501 -0.0185843175 0.00628362596
v 0.013890991 -0.0179816978 0.00697273202
v 0.0187167693 -0.0163912671 0.00861265883
v 0.0150014833 -0.0181656005 0.00971214846
v 0.0083578052 -0.019954578 0.00735097937
v 0.0106308404 -0.0197684141 0.0124782585
v 0.016484689 -0.0189018911 0.0125931874
v -0.0089350706 -0.00658944529 0
v -0.00341235893 -0.00380216981 0.00260724872
v 0.00187070551 0.0225143069 0.0238512723
v 0.00301820645 0.0191857247 0.0252723771
v 0.00722996145 0.0203768676 0.0224704493
v 0.00937424414 0.0170099521 0.0231163849
v 0.0154837146 0.0149382884 0.0212459587
v 0.0211296491 0.0104091493 0.0190744316
v 0.0163395312 0.0150991669 0.0184757505
v 0.0175690744 0.0142914532 0.0154301636
v 0.016929863 0.0114525082 0.0124086216
v 0.0209055562 0.0126662813 0.0193162942
v 0.0143534746 0.0112566045 0.0105050132
v 0.0200198963 0.0115483655 0.013759681
v 0.0132613489 0.00943402946 0.00799922273
v 0.016975075 0.00952526927 0.00848845951
v 0.02158878 0.00843538903 0.0157609722
v 0.0141656063 0.00704352465 0.00648478791
v 0.0208824277 0.00561774336 0.0150596797
v 0.0178843495 0.00838896725 0.011125694
v 0.00662447745 0.00209582318 0.00480652787
v 0.0194506254 0.00566088501 0.00867627747
v 0.0169145651 0.00390368048 0.00563819706
v 0.0129270926 0.00373326382 0.00380443409
v 0.00996572059 0.00135330809 0.00454520434
v 0.00416869717 -0.000460023992 0.00382566266
v 0.0190996174 -0.000554829458 0.00666454807
v 0.0136691071 0.000971254311 0.00464090519
v 0.0124010378 -0.000368055888 0.00511869788
v 0.020194808 0.00179175544 0.0103896586
v 0.00349372579 -0.00138446159 0.00224424526
v 0.00943831448 -0.00465735001 0.00252944604
v 0.0118015418 -0.00394423888 0.00455632433
v 0.00603275979 -0.00581584498 0.000766029581
v 0.0157054029 -0.00248006638 0.00535771437
v 0.00139289 0.0230073808 0.02138767
v 0.00422882382 0.0212124577 0.0230188044
v 0.0015335707 0.0209022826 0.0193943977
v -0.00127135965 0.0216113003 0.0190408202
v 0.00656737527 0.0212777099 0.0206259973
v -0.000412834343 0.0182351219 0.0160672395
v -0.00236805994 0.0186715806 0.0164437452
v 0.00746570714 0.0195848597 0.0176397651
v -0.0054666223 0.0179798314 0.0135646444
v 0.00278972602 0.0184779549 0.0159932114
v 0.00416163681 0.0197848799 0.0186648867
v -0.00591898011 0.0159976343 0.0117748408
v -0.00288735796 0.0164566664 0.0122265629
v -0.00506868027 0.0153072299 0.0095233107
v -0.00835370272 0.0146112498 0.00789916143
v 0.00604965957 0.0175938318 0.0159697291
v 0.00959434547 0.0190393245 0.0200977442
v 0.00102573843 0.0169188278 0.0134444125
v -0.00671602739 0.0124055538 0.00737612695
v -0.00096602078 0.0148748429 0.0107720187
v 0.00419089617 0.0157532683 0.0136290705
v 0.0103948545 0.0185688781 0.017433288
v 0.00916088838 0.0162654063 0.0161758624
v -0.00177773612 0.0132577689 0.00862774625
v 0.0144657483 0.0172929568 0.0167620489
v 0.0130576827 0.0161784878 0.0204407955
v 0.00186239462 0.0139645431 0.0101936944
v 0.00657282025 0.0150313182 0.0136575364
v 0.0127973603 0.0158354128 0.0160407489
v -0.00435068179 0.011104282 0.00755211338
v 0.00514146639 0.0127439965 0.0106393173
v 0.00949083362 0.0149973938 0.0132236481
v 0.00765401497 0.0134703666 0.010982275
v -0.00762990862 0.00818159804 0.00540260971
v -0.000130077999 0.0111687202 0.0065918006
v 0.0125242081 0.0139390808 0.0131461127
v 0.00894001313 0.0107527152 0.00978208799
v 0.00611762423 0.010284706 0.00798819214
v -0.000653526949 0.0068458477 0.00570508465
v 0.00175064872 0.00652732747 0.00455562398
v 0.00328010926 0.00947100203 0.00624152087
v -0.00452374131 0.00743608642 0.00444823317
v 0.0107529294 0.0076063564 0.00647652149
v -0.0104488218 0.00363985077 0.00324732997
v -0.00764647452 0.00184515235 0.00257015415
v -0.00475915079 0.00276683271 0.00357482582
v 0.00526439166 0.00645398162 0.00615317561
v -0.00229260151 0.00433623325 0.00363984145
v 0.00835214835 0.00567567814 0.00590439141
v -0.0106746219 0.000536965439 0.00156304799
v 0.00223833672 0.00143184816 0.00291956775
v -0.00435612374 -0.00101163011 0.00354172662
v -0.00746279629 -0.00334217586 0.00179266185
v -0.00017151708 -0.000934877426 0.00308957323
v -0.0102215465 -0.0032483486 0.00139739923
v 0.00487873191 -0.0210732641 0.020526262
v -0.00513447076 -0.0224320525 0.0241430489
v -0.00131989707 -0.0224078624 0.0242692835
v 0.00501501141 -0.0225587031 0.0256133185
v -0.0141630163 -0.0053153201 0.0270873688
v -0.0162816606 -0.0135574313 0.0267170689
v -0.0147591671 -0.0170786781 0.0268115946
v -0.0072358707 -0.0114870267 0.00145692378
v -0.0109593226 -0.0109861149 0.00316978619
v -0.00731918355 -0.0147604449 0.00187258422
v -0.0105551472 -0.0164283849 0.0067325905
v -0.0159749659 -0.0171297127 0.0172803537
v -0.0164579507 -0.0158373127 0.0113058807
v -0.0149171399 -0.0172975166 0.0227040219
v -0.014143521 -0.0199207785 0.0238616344
v -0.00828962168 -0.0165929692 0.00487725995
v -0.0133375032 -0.0185149284 0.0192561457
v -0.013754664 -0.0180535028 0.0150351739
v -0.0103647644 -0.0197302708 0.0148266889
v -0.0118966037 -0.0172619512 0.0100394078
v -0.011125342 -0.0200272845 0.0217366756
v -0.00803671032 -0.0197177799 0.009245486
v -0.00732569769 -0.0214870134 0.0186721701
v -0.00954211596 -0.0217210138 0.0240681065
v -0.00978169031 -0.020642926 0.0216025212
v -0.00674612354 -0.0203118632 0.0126653854
v -0.00652206875 -0.0211281748 0.0211781366
v -0.00297122623 -0.0191915361 0.0100128893
v -0.00813155388 -0.0207292726 0.016547218
v -0.00308275153 -0.0197114823 0.013212597
v -0.00418785866 -0.0214399109 0.0174489752
v -0.000256275409 -0.0214016801 0.0167417107
v -0.0018540328 -0.0225176821 0.0205341619
v 0.00265781838 -0.021720794 0.0179129192
v -0.0182571933 -0.00969757419 0.024249402
v -0.017048113 -0.00953382906 0.0254410176
v -0.015982639 -0.0100667188 0.017760505
v -0.0166257741 -0.0079130237 0.0142607354
v -0.0175583828 -0.0111920917 0.021502753
v -0.0130423317 -0.00931278057 0.00464538857
v -0.0152357742 -0.00994571671 0.013972586
v -0.0146781476 -0.0119456798 0.0287781297
v -0.0162057802 -0.00885426532 0.0100666909
v -0.0192749128 -0.0127581591 0.0228467149
v -0.0172496978 -0.0119802486 0.0147327594
v -0.0184119288 -0.0142673263 0.0195532306
v -0.0137447016 -0.0114528136 0.00620032102
v -0.0166289862 -0.0134169366 0.0105430735
v -0.0185078792 -0.014866204 0.0142529802
v -0.0128941992 -0.0139630558 0.00637509301
v -0.0170236751 -0.0157354791 0.0209891216
v -0.0157663524 -0.0149123147 0.00907179248
v -0.00802191859 0.0179960327 0.0274872703
v -0.0102286395 0.00821598805 0.0287272516
v -0.0121386582 0.00244891527 0.0286563742
v -0.00611725962 0.0223059868 0.0245712128
v -0.00245841406 0.0228277175 0.0242086043
v -0.00569017511 0.0209822142 0.0204484267
v -0.00884465314 0.0193851041 0.0159525592
v -0.0114869708 0.0179827707 0.0148966666
v -0.00883733295 0.0178509103 0.0141511336
v -0.0131191732 0.0166535275 0.0127136456
v -0.00988694932 0.0171896173 0.0118566183
v -0.0120489663 0.0161141111 0.00989386346
v -0.0150543144 0.0135683967 0.00921438914
v -0.0109487008 0.0141319456 0.00804564916
v -0.0120538278 0.00936281867 0.00572316349
v -0.0155240158 0.00969328545 0.00536708161
v -0.0109189982 0.00760043971 0.00446347706
v -0.0164665394 0.00657306472 0.00329354778
v -0.0129637169 0.00536591653 0.00215627253
v -0.0146881007 0.00304213166 0.00160189159
v -0.0137946084 0.000916016405 0.00146383978
v -0.0144895185 -0.00211959425 0.00492133386
v -0.0128311981 -0.00341158826 0.00279707648
v -0.0121827871 -0.0051561147 0.00167753361
v -0.00867262343 0.0206285259 0.024931616
v -0.011081839 0.0205810433 0.0235646074
v -0.0130769527 0.0195866795 0.0216927885
v -0.00874192826 0.0212529777 0.0220172666
v -0.0150617957 0.0186204473 0.0200809361
v -0.015676327 0.0185282649 0.0182782626
v -0.0101675335 0.0202009147 0.0194727723
v -0.0108860675 0.0191649375 0.0171711338
v -0.0147768501 0.0183157837 0.0167401377
v -0.0179679785 0.0160461767 0.0193763594
v -0.0146170817 0.0162044289 0.0220225239
v -0.0117871556 0.0168306651 0.0240293593
v -0.0171329994 0.0135163255 0.0216246266
v -0.0139628816 0.0162654193 0.0154972821
v -0.0179322641 0.0148828877 0.0174995405
v -0.0109154964 0.0164466845 0.026165419
v -0.0139177358 0.0145566296 0.0241489001
v -0.0206500627 0.0135368556 0.017604806
v -0.0198589023 0.0126701677 0.0202566385
v -0.0206916407 0.0131720649 0.0143889878
v -0.0167909749 0.0150725069 0.0142545868
v -0.0175524522 0.0145498971 0.0110960575
v -0.0111310752 0.0120966416 0.0271261991
v -0.013639316 0.0108303716 0.0258866707
v -0.0204683766 0.0114374133 0.011795694
v -0.0200212672 0.00944360625 0.0200846512
v -0.0163637456 0.0100746909 0.0229289866
v -0.0179770682 0.0102939522 0.00794982351
v -0.0212488919 0.00773504563 0.0139895529
v -0.0214964859 0.00831799395 0.017508762
v -0.0145239122 0.0112143038 0.00690975599
v -0.0146540478 0.00783537701 0.0251301047
v -0.0185751803 0.00689561106 0.00906886254
v -0.0174446627 0.00547414133 0.0214050508
v -0.023523476 0.00461080763 0.0173462229
v -0.020149963 0.00314127561 0.0199546753
v -0.0204491485 0.00269955094 0.0117622036
v -0.0135691734 0.00363675039 0.0262263074
v -0.0163149517 0.00274720648 0.0222509804
v -0.0167635791 0.00214915304 0.00507675484
v -0.0214183815 0.00014172378 0.0183494748
v -0.0197966453 0.000390344532 0.0134911723
v -0.0186742414 0.00164360739 0.00898335315
v -0.016633681 0.000466133701 0.0226457468
v -0.0208747163 -0.0026977997 0.0201610704
v -0.0175550729 -0.000467437116 0.023265247
v -0.0155556239 -0.00152316969 0.00834719278
v -0.0173300356 -0.00184001663 0.00998210721
v -0.0180745479 -0.00489032129 0.0160498042
v -0.0179809984 -0.00387796457 0.012733764
v -0.0200977754 -0.00679312041 0.0216987496
v -0.0150485802 -0.00259424932 0.0256890247
v -0.017395243 -0.00496220775 0.0236351758
v -0.015639673 -0.00686101755 0.00913988799
v -0.0146818692 -0.00625701342 0.00673651509
v 0.023523476 -0.00404563057 0.026580536
v 0.0174952522 -0.0162090566 0.0198878753
v -9.6776057e-05 0.0209454456 0.0261996924
v 0.00596833369 0.017999812 0.0258026295
v -0.00404486642 0.0225758748 0.0271058672
v 0.0104995267 -0.0196499927 0.0208542221
v 0.0178228579 -0.0031309966 0.00772957876
v -0.00479363534 0.019509499 0.0172391632
vt 0.133976847 0.508548081
vt 0.131853238 0.465098739
vt 0.169423848 0.497737288
vt 0.131853238 0.465098739
vt 0.160613909 0.472299606
vt 0.169423848 0.497737288
vt 0.268208683 0.361052781
vt 0.323042035 0.373447031
vt 0.259250343 0.388894677
vt 0.169423848 0.497737288
vt 0.160613909 0.472299606
vt 0.195325166 0.492138267
vt 0.160613909 0.472299606
vt 0.176769748 0.45143503
vt 0.195325166 0.492138267
vt 0.155638233 0.533166409
vt 0.133976847 0.508548081
vt 0.169423848 0.497737288
vt 0.323042035 0.373447031
vt 0.324077427 0.337276638
vt 0.359866917 0.356617451
vt 0.195325166 0.492138267
vt 0.176769748 0.45143503
vt 0.221134424 0.458756328
vt 0.19105491 0.526423395
vt 0.169423848 0.497737288
vt 0.195325166 0.492138267
vt 0.169423848 0.497737288
vt 0.19105491 0.526423395
vt 0.155638233 0.533166409
vt 0.266551226 0.421167642
vt 0.259250343 0.388894677
vt 0.323042035 0.373447031
vt 0.221134424 0.458756328
vt 0.20278275 0.430190444
vt 0.266551226 0.421167642
vt 0.221134424 0.458756328
vt 0.222071618 0.482534349
vt 0.195325166 0.492138267
vt 0.323042035 0.373447031
vt 0.359866917 0.356617451
vt 0.350775182 0.386392653
vt 0.307372332 0.426000923
vt 0.266551226 0.421167642
vt 0.323042035 0.373447031
vt 0.221134424 0.458756328
vt 0.266551226 0.421167642
vt 0.269630849 0.461170912
vt 0.19105491 0.526423395
vt 0.195325166 0.492138267
vt 0.224898458 0.511694551
vt 0.323042035 0.373447031
vt 0.332476139 0.419896245
vt 0.307372332 0.426000923
vt 0.253992736 0.484356761
vt 0.222071618 0.482534349
vt 0.221134424 0.458756328
vt 0.224898458 0.511694551
vt 0.195325166 0.492138267
vt 0.222071618 0.482534349
vt 0.332476139 0.419896245
vt 0.323042035 0.373447031
vt 0.350775182 0.386392653
vt 0.269630849 0.461170912
vt 0.253992736 0.484356761
vt 0.221134424 0.458756328
vt 0.269630849 0.461170912
vt 0.266551226 0.421167642
vt 0.303098261 0.456959605
vt 0.253992736 0.484356761
vt 0.224898458 0.511694551
vt 0.222071618 0.482534349
vt 0.266551226 0.421167642
vt 0.307372332 0.426000923
vt 0.303098261 0.456959605
vt 0.35938549 0.427851319
vt 0.332476139 0.419896245
vt 0.350775182 0.386392653
vt 0.253992736 0.484356761
vt 0.269630849 0.461170912
vt 0.280175865 0.492314905
vt 0.224898458 0.511694551
vt 0.223823726 0.539665997
vt 0.19105491 0.526423395
vt 0.224898458 0.511694551
vt 0.253992736 0.484356761
vt 0.280175865 0.492314905
vt 0.252602756 0.525971651
vt 0.223823726 0.539665997
vt 0.224898458 0.511694551
vt 0.224898458 0.511694551
vt 0.280175865 0.492314905
vt 0.252602756 0.525971651
vt 0.280175865 0.492314905
vt 0.269630849 0.461170912
vt 0.303098261 0.456959605
vt 0.337357938 0.457418561
vt 0.303098261 0.456959605
vt 0.307372332 0.426000923
vt 0.337357938 0.457418561
vt 0.307372332 0.426000923
vt 0.332476139 0.419896245
vt 0.332476139 0.419896245
vt 0.35938549 0.427851319
vt 0.337357938 0.457418561
vt 0.252602756 0.525971651
vt 0.236015618 0.575230122
vt 0.223823726 0.539665997
vt 0.337357938 0.457418561
vt 0.35938549 0.427851319
vt 0.364156544 0.454611838
vt 0.280175865 0.492314905
vt 0.289660931 0.524411917
vt 0.252602756 0.525971651
vt 0.303098261 0.456959605
vt 0.325488985 0.483805776
vt 0.280175865 0.492314905
vt 0.252602756 0.525971651
vt 0.262893856 0.554043829
vt 0.236015618 0.575230122
vt 0.325488985 0.483805776
vt 0.303098261 0.456959605
vt 0.337357938 0.457418561
vt 0.262893856 0.554043829
vt 0.289660931 0.524411917
vt 0.302516162 0.546901047
vt 0.252602756 0.525971651
vt 0.289660931 0.524411917
vt 0.262893856 0.554043829
vt 0.27603513 0.583025575
vt 0.262893856 0.554043829
vt 0.302516162 0.546901047
vt 0.327127516 0.581162751
vt 0.301866889 0.613355756
vt 0.27603513 0.583025575
vt 0.289660931 0.524411917
vt 0.280175865 0.492314905
vt 0.322775364 0.513630271
vt 0.302516162 0.546901047
vt 0.327127516 0.581162751
vt 0.27603513 0.583025575
vt 0.325488985 0.483805776
vt 0.322775364 0.513630271
vt 0.280175865 0.492314905
vt 0.27603513 0.583025575
vt 0.236015618 0.575230122
vt 0.262893856 0.554043829
vt 0.325488985 0.483805776
vt 0.337357938 0.457418561
vt 0.355600476 0.494869351
vt 0.327127516 0.581162751
vt 0.302516162 0.546901047
vt 0.353096187 0.56596148
vt 0.355600476 0.494869351
vt 0.337357938 0.457418561
vt 0.364156544 0.454611838
vt 0.302516162 0.546901047
vt 0.289660931 0.524411917
vt 0.322775364 0.513630271
vt 0.353096187 0.56596148
vt 0.302516162 0.546901047
vt 0.322775364 0.513630271
vt 0.358836412 0.520145893
vt 0.353096187 0.56596148
vt 0.322775364 0.513630271
vt 0.353096187 0.56596148
vt 0.350827157 0.614226103
vt 0.327127516 0.581162751
vt 0.301866889 0.613355756
vt 0.327127516 0.581162751
vt 0.350827157 0.614226103
vt 0.322775364 0.513630271
vt 0.325488985 0.483805776
vt 0.355600476 0.494869351
vt 0.322775364 0.513630271
vt 0.355600476 0.494869351
vt 0.358836412 0.520145893
vt 0.353096187 0.56596148
vt 0.358836412 0.520145893
vt 0.375055969 0.557965219
vt 0.350827157 0.614226103
vt 0.353096187 0.56596148
vt 0.378286362 0.610053003
vt 0.382973999 0.499640346
vt 0.375055969 0.557965219
vt 0.358836412 0.520145893
vt 0.139314979 0.797312021
vt 0.180306166 0.803779244
vt 0.144323319 0.819757938
vt 0.208071217 0.775058389
vt 0.180306166 0.803779244
vt 0.151011795 0.774244785
vt 0.346873671 0.296342909
vt 0.375840366 0.329309404
vt 0.359866917 0.356617451
vt 0.151011795 0.774244785
vt 0.191659749 0.75770849
vt 0.208071217 0.775058389
vt 0.38297984 0.374548078
vt 0.375840366 0.329309404
vt 0.401479274 0.342324495
vt 0.359866917 0.356617451
vt 0.375840366 0.329309404
vt 0.38297984 0.374548078
vt 0.38297984 0.374548078
vt 0.415597886 0.390615165
vt 0.384846985 0.408676386
vt 0.350775182 0.386392653
vt 0.359866917 0.356617451
vt 0.38297984 0.374548078
vt 0.384846985 0.408676386
vt 0.415597886 0.390615165
vt 0.427287161 0.427647352
vt 0.38297984 0.374548078
vt 0.384846985 0.408676386
vt 0.350775182 0.386392653
vt 0.35938549 0.427851319
vt 0.384846985 0.408676386
vt 0.387771606 0.447754979
vt 0.427287161 0.427647352
vt 0.387771606 0.447754979
vt 0.384846985 0.408676386
vt 0.387771606 0.447754979
vt 0.427287161 0.427647352
vt 0.413563192 0.463374436
vt 0.35938549 0.427851319
vt 0.387771606 0.447754979
vt 0.364156544 0.454611838
vt 0.392403811 0.479950964
vt 0.387771606 0.447754979
vt 0.413563192 0.463374436
vt 0.415739208 0.58244127
vt 0.440018982 0.636657357
vt 0.408690393 0.626851559
vt 0.441386521 0.498253524
vt 0.392403811 0.479950964
vt 0.413563192 0.463374436
vt 0.387771606 0.447754979
vt 0.392403811 0.479950964
vt 0.364156544 0.454611838
vt 0.364156544 0.454611838
vt 0.392403811 0.479950964
vt 0.382973999 0.499640346
vt 0.402124822 0.508934259
vt 0.392403811 0.479950964
vt 0.441386521 0.498253524
vt 0.415739208 0.58244127
vt 0.408690393 0.626851559
vt 0.378286362 0.610053003
vt 0.437189281 0.52625525
vt 0.427320778 0.54369539
vt 0.402124822 0.508934259
vt 0.427320778 0.54369539
vt 0.415739208 0.58244127
vt 0.378286362 0.610053003
vt 0.382973999 0.499640346
vt 0.392403811 0.479950964
vt 0.402124822 0.508934259
vt 0.427320778 0.54369539
vt 0.375055969 0.557965219
vt 0.402124822 0.508934259
vt 0.378286362 0.610053003
vt 0.375055969 0.557965219
vt 0.427320778 0.54369539
vt 0.437189281 0.52625525
vt 0.402124822 0.508934259
vt 0.441386521 0.498253524
vt 0.382973999 0.499640346
vt 0.355600476 0.494869351
vt 0.364156544 0.454611838
vt 0.375055969 0.557965219
vt 0.382973999 0.499640346
vt 0.402124822 0.508934259
vt 0.35938549 0.427851319
vt 0.350775182 0.386392653
vt 0.384846985 0.408676386
vt 0.353096187 0.56596148
vt 0.375055969 0.557965219
vt 0.378286362 0.610053003
vt 0.358836412 0.520145893
vt 0.355600476 0.494869351
vt 0.382973999 0.499640346
vt 0.673594832 0.941141546
vt 0.693846107 0.965273619
vt 0.675216198 0.953596354
vt 0.0696456581 0.819738805
vt 0.114272788 0.818858504
vt 0.100704141 0.845020413
vt 0.0132181235 0.0618801191
vt 0.0227038283 0.0854577646
vt 0.0116794016 0.077391848
vt 0.144323319 0.819757938
vt 0.114272788 0.818858504
vt 0.107623942 0.78745985
vt 0.861221313 0.859112263
vt 0.873231173 0.890113115
vt 0.856255293 0.898208261
vt 0.83659339 0.837339103
vt 0.861440063 0.82886672
vt 0.861221313 0.859112263
vt 0.144323319 0.819757938
vt 0.107623942 0.78745985
vt 0.139314979 0.797312021
vt 0.107623942 0.78745985
vt 0.114272788 0.818858504
vt 0.0696456581 0.819738805
vt 0.077472344 0.768259108
vt 0.107623942 0.78745985
vt 0.0696456581 0.819738805
vt 0.955286741 0.797543108
vt 0.944181442 0.79921937
vt 0.95595175 0.766028881
vt 0.958059013 0.907860994
vt 0.956808269 0.941221833
vt 0.940459847 0.912036777
vt 0.83659339 0.837339103
vt 0.861221313 0.859112263
vt 0.808213294 0.865903497
vt 0.851507306 0.955970109
vt 0.868114948 0.933330536
vt 0.870500326 0.97173506
vt 0.938048959 0.778694272
vt 0.940099597 0.759575367
vt 0.95595175 0.766028881
vt 0.868114948 0.933330536
vt 0.851507306 0.955970109
vt 0.85570699 0.934840024
vt 0.139314979 0.797312021
vt 0.107623942 0.78745985
vt 0.151011795 0.774244785
vt 0.107623942 0.78745985
vt 0.077472344 0.768259108
vt 0.103225008 0.745776772
vt 0.856255293 0.898208261
vt 0.852110922 0.916195452
vt 0.834353924 0.932425857
vt 0.861221313 0.859112263
vt 0.856255293 0.898208261
vt 0.81515944 0.912397385
vt 0.107623942 0.78745985
vt 0.103225008 0.745776772
vt 0.151011795 0.774244785
vt 0.808213294 0.865903497
vt 0.861221313 0.859112263
vt 0.81515944 0.912397385
vt 0.856255293 0.898208261
vt 0.834353924 0.932425857
vt 0.81515944 0.912397385
vt 0.37248975 0.975950181
vt 0.36284709 0.9538185
vt 0.37072736 0.94075346
vt 0.95595175 0.766028881
vt 0.941843152 0.72745347
vt 0.969261706 0.706707418
vt 0.95595175 0.766028881
vt 0.969261706 0.706707418
vt 0.977661848 0.760819793
vt 0.80184567 0.837568402
vt 0.808213294 0.865903497
vt 0.779591084 0.835988104
vt 0.14165251 0.740982533
vt 0.151011795 0.774244785
vt 0.103225008 0.745776772
vt 0.191659749 0.75770849
vt 0.151011795 0.774244785
vt 0.14165251 0.740982533
vt 0.780512035 0.894775808
vt 0.808213294 0.865903497
vt 0.81515944 0.912397385
vt 0.981316745 0.212929964
vt 0.975785851 0.172166094
vt 0.989250422 0.179485023
vt 0.14165251 0.740982533
vt 0.103225008 0.745776772
vt 0.111724205 0.721883476
vt 0.497716546 0.98931247
vt 0.476369232 0.985342562
vt 0.503857195 0.970646024
vt 0.81515944 0.912397385
vt 0.834353924 0.932425857
vt 0.805455387 0.956921637
vt 0.805455387 0.956921637
vt 0.834353924 0.932425857
vt 0.818923175 0.978922129
vt 0.17824775 0.0110529196
vt 0.2033135 0.0217346717
vt 0.202355042 0.0537432805
vt 0.779591084 0.835988104
vt 0.757275581 0.867945671
vt 0.76802218 0.836300731
vt 0.779591084 0.835988104
vt 0.808213294 0.865903497
vt 0.757275581 0.867945671
vt 0.975785851 0.172166094
vt 0.990471303 0.160306066
vt 0.989250422 0.179485023
vt 0.202355042 0.0537432805
vt 0.147091702 0.0152267013
vt 0.17824775 0.0110529196
vt 0.98095417 0.138325647
vt 0.973522484 0.14801462
vt 0.97327745 0.129975975
vt 0.780512035 0.894775808
vt 0.81515944 0.912397385
vt 0.783609152 0.937927544
vt 0.805455387 0.956921637
vt 0.783609152 0.937927544
vt 0.81515944 0.912397385
vt 0.808213294 0.865903497
vt 0.780512035 0.894775808
vt 0.757275581 0.867945671
vt 0.783609152 0.937927544
vt 0.760543704 0.914483011
vt 0.780512035 0.894775808
vt 0.16523096 0.0615695491
vt 0.202355042 0.0537432805
vt 0.18148689 0.08404506
vt 0.147091702 0.0152267013
vt 0.202355042 0.0537432805
vt 0.16523096 0.0615695491
vt 0.805455387 0.956921637
vt 0.818923175 0.978922129
vt 0.798919022 0.974632025
vt 0.449501753 0.46632123
vt 0.427287161 0.427647352
vt 0.464533061 0.431543469
vt 0.091467768 0.00738198124
vt 0.116097324 0.0149746882
vt 0.0801724121 0.0254910402
vt 0.147091702 0.0152267013
vt 0.16523096 0.0615695491
vt 0.128174976 0.0357264169
vt 0.449501753 0.46632123
vt 0.464533061 0.431543469
vt 0.490129411 0.468696713
vt 0.116097324 0.0149746882
vt 0.128174976 0.0357264169
vt 0.0801724121 0.0254910402
vt 0.780512035 0.894775808
vt 0.760543704 0.914483011
vt 0.757275581 0.867945671
vt 0.97429198 0.029506892
vt 0.964913607 0.0101968683
vt 0.972913682 0.00925364066
vt 0.449501753 0.46632123
vt 0.490129411 0.468696713
vt 0.481493384 0.492426217
vt 0.986246705 0.0472182035
vt 0.990880847 0.0565886386
vt 0.978915334 0.0741951168
vt 0.128174976 0.0357264169
vt 0.0903782174 0.0511162207
vt 0.0801724121 0.0254910402
vt 0.495377362 0.609009624
vt 0.490374178 0.635862172
vt 0.468093008 0.60607481
vt 0.485220373 0.570175171
vt 0.495377362 0.609009624
vt 0.468093008 0.60607481
vt 0.440018982 0.636657357
vt 0.468093008 0.60607481
vt 0.477583289 0.65645498
vt 0.440018982 0.636657357
vt 0.477583289 0.65645498
vt 0.448915601 0.670957327
vt 0.477583289 0.65645498
vt 0.468093008 0.60607481
vt 0.490374178 0.635862172
vt 0.427320778 0.54369539
vt 0.462125659 0.535292327
vt 0.457085282 0.573364437
vt 0.468093008 0.60607481
vt 0.440018982 0.636657357
vt 0.415739208 0.58244127
vt 0.468093008 0.60607481
vt 0.457085282 0.573364437
vt 0.485220373 0.570175171
vt 0.441386521 0.498253524
vt 0.449501753 0.46632123
vt 0.481493384 0.492426217
vt 0.415739208 0.58244127
vt 0.457085282 0.573364437
vt 0.468093008 0.60607481
vt 0.457085282 0.573364437
vt 0.462125659 0.535292327
vt 0.485220373 0.570175171
vt 0.0483772978 0.0135320947
vt 0.0801724121 0.0254910402
vt 0.017971132 0.0321213305
vt 0.485363543 0.531952083
vt 0.462125659 0.535292327
vt 0.481493384 0.492426217
vt 0.484326988 0.539884984
vt 0.462125659 0.535292327
vt 0.485363543 0.531952083
vt 0.437189281 0.52625525
vt 0.462125659 0.535292327
vt 0.427320778 0.54369539
vt 0.462125659 0.535292327
vt 0.441386521 0.498253524
vt 0.481493384 0.492426217
vt 0.437189281 0.52625525
vt 0.441386521 0.498253524
vt 0.462125659 0.535292327
vt 0.607004821 0.804863453
vt 0.603784144 0.770373642
vt 0.636100769 0.775860608
vt 0.626993775 0.80671531
vt 0.607004821 0.804863453
vt 0.636100769 0.775860608
vt 0.0979834497 0.946075261
vt 0.0873218775 0.963378727
vt 0.0832544863 0.923613966
vt 0.964639306 0.582207918
vt 0.944548845 0.55117017
vt 0.976612926 0.550401509
vt 0.423703313 0.945251346
vt 0.388376176 0.936943173
vt 0.419578582 0.901324689
vt 0.900988817 0.470029354
vt 0.924663603 0.456193298
vt 0.94141233 0.480627447
vt 0.944548845 0.55117017
vt 0.924326062 0.589270592
vt 0.920619905 0.550353169
vt 0.906333923 0.516014814
vt 0.900988817 0.470029354
vt 0.94141233 0.480627447
vt 0.944548845 0.55117017
vt 0.964639306 0.582207918
vt 0.924326062 0.589270592
vt 0.419578582 0.901324689
vt 0.448468447 0.916463435
vt 0.423703313 0.945251346
vt 0.957670987 0.509836555
vt 0.929247975 0.519977212
vt 0.94141233 0.480627447
vt 0.94141233 0.480627447
vt 0.929247975 0.519977212
vt 0.906333923 0.516014814
vt 0.924326062 0.589270592
vt 0.964639306 0.582207918
vt 0.945419133 0.63474822
vt 0.474310786 0.954753876
vt 0.448468447 0.916463435
vt 0.467606306 0.896434009
vt 0.945419133 0.63474822
vt 0.964639306 0.582207918
vt 0.97281307 0.619145632
vt 0.448468447 0.916463435
vt 0.419578582 0.901324689
vt 0.467606306 0.896434009
vt 0.448878318 0.872388065
vt 0.467606306 0.896434009
vt 0.419578582 0.901324689
vt 0.929247975 0.519977212
vt 0.946255922 0.512459874
vt 0.94200778 0.532753706
vt 0.97281307 0.619145632
vt 0.974188089 0.65446645
vt 0.945419133 0.63474822
vt 0.474310786 0.954753876
vt 0.467606306 0.896434009
vt 0.500685334 0.914866507
vt 0.501841426 0.937724769
vt 0.474310786 0.954753876
vt 0.500685334 0.914866507
vt 0.693846107 0.965273619
vt 0.701971292 0.990482688
vt 0.678821087 0.981421709
vt 0.240577057 0.940192461
vt 0.24942264 0.94164288
vt 0.248369023 0.961339355
vt 0.980939269 0.640910029
vt 0.974188089 0.65446645
vt 0.97281307 0.619145632
vt 0.945419133 0.63474822
vt 0.974188089 0.65446645
vt 0.962762952 0.671989679
vt 0.421634108 0.973867357
vt 0.423365653 0.98660779
vt 0.413945138 0.973748088
vt 0.937415004 0.945644021
vt 0.942421913 0.94038254
vt 0.956808269 0.941221833
vt 0.849597514 0.984662354
vt 0.851507306 0.955970109
vt 0.870500326 0.97173506
vt 0.664713204 0.822810531
vt 0.68837893 0.850477695
vt 0.66485697 0.846283972
vt 0.693846107 0.965273619
vt 0.678821087 0.981421709
vt 0.675216198 0.953596354
vt 0.0132181235 0.0618801191
vt 0.0312184505 0.0631730035
vt 0.0227038283 0.0854577646
vt 0.189414233 0.383702189
vt 0.185987189 0.326399803
vt 0.233600408 0.343075126
vt 0.189414233 0.383702189
vt 0.233600408 0.343075126
vt 0.214878201 0.396670341
vt 0.138157293 0.426742107
vt 0.153441712 0.373615175
vt 0.189414233 0.383702189
vt 0.233600408 0.343075126
vt 0.255802184 0.317436486
vt 0.268208683 0.361052781
vt 0.233600408 0.343075126
vt 0.268208683 0.361052781
vt 0.214878201 0.396670341
vt 0.138157293 0.426742107
vt 0.189414233 0.383702189
vt 0.20278275 0.430190444
vt 0.131853238 0.465098739
vt 0.138157293 0.426742107
vt 0.176769748 0.45143503
vt 0.214878201 0.396670341
vt 0.268208683 0.361052781
vt 0.259250343 0.388894677
vt 0.20278275 0.430190444
vt 0.189414233 0.383702189
vt 0.214878201 0.396670341
vt 0.160613909 0.472299606
vt 0.131853238 0.465098739
vt 0.176769748 0.45143503
vt 0.176769748 0.45143503
vt 0.138157293 0.426742107
vt 0.20278275 0.430190444
vt 0.214878201 0.396670341
vt 0.259250343 0.388894677
vt 0.20278275 0.430190444
vt 0.736431122 0.116020702
vt 0.708439767 0.0929922014
vt 0.7410146 0.0892712027
vt 0.763960183 0.128260612
vt 0.736431122 0.116020702
vt 0.7410146 0.0892712027
vt 0.773638606 0.0967531949
vt 0.763960183 0.128260612
vt 0.7410146 0.0892712027
vt 0.795779705 0.0942799896
vt 0.763960183 0.128260612
vt 0.773638606 0.0967531949
vt 0.763960183 0.128260612
vt 0.795779705 0.0942799896
vt 0.789232552 0.143370539
vt 0.763960183 0.128260612
vt 0.789232552 0.143370539
vt 0.777005196 0.16808778
vt 0.795779705 0.0942799896
vt 0.822367489 0.0833878368
vt 0.81885004 0.126363069
vt 0.789232552 0.143370539
vt 0.795779705 0.0942799896
vt 0.81885004 0.126363069
vt 0.822367489 0.0833878368
vt 0.84803611 0.058431942
vt 0.855042934 0.097669214
vt 0.855042934 0.097669214
vt 0.844825506 0.143025041
vt 0.822367489 0.0833878368
vt 0.81885004 0.126363069
vt 0.822367489 0.0833878368
vt 0.844825506 0.143025041
vt 0.885499477 0.0936969966
vt 0.855042934 0.097669214
vt 0.84803611 0.058431942
vt 0.885499477 0.0936969966
vt 0.84803611 0.058431942
vt 0.878827393 0.0607447326
vt 0.855042934 0.097669214
vt 0.885499477 0.0936969966
vt 0.893082023 0.107117414
vt 0.789232552 0.143370539
vt 0.802381516 0.183940083
vt 0.777005196 0.16808778
vt 0.820940971 0.150915757
vt 0.789232552 0.143370539
vt 0.81885004 0.126363069
vt 0.855042934 0.097669214
vt 0.893082023 0.107117414
vt 0.865099788 0.14477551
vt 0.844936192 0.177009195
vt 0.802381516 0.183940083
vt 0.789232552 0.143370539
vt 0.844825506 0.143025041
vt 0.855042934 0.097669214
vt 0.865099788 0.14477551
vt 0.789232552 0.143370539
vt 0.820940971 0.150915757
vt 0.844936192 0.177009195
vt 0.893082023 0.107117414
vt 0.885499477 0.0936969966
vt 0.878827393 0.0607447326
vt 0.928563476 0.0938445777
vt 0.878827393 0.0607447326
vt 0.913496256 0.0492211431
vt 0.883706689 0.155343488
vt 0.865099788 0.14477551
vt 0.893082023 0.107117414
vt 0.913496256 0.0492211431
vt 0.939965248 0.0331397094
vt 0.943035722 0.0586816482
vt 0.878827393 0.0607447326
vt 0.928563476 0.0938445777
vt 0.893082023 0.107117414
vt 0.844825506 0.143025041
vt 0.844936192 0.177009195
vt 0.820940971 0.150915757
vt 0.802381516 0.183940083
vt 0.844936192 0.177009195
vt 0.836526096 0.202665389
vt 0.883706689 0.155343488
vt 0.893082023 0.107117414
vt 0.908205211 0.132711351
vt 0.893082023 0.107117414
vt 0.928563476 0.0938445777
vt 0.908205211 0.132711351
vt 0.928563476 0.0938445777
vt 0.913496256 0.0492211431
vt 0.943035722 0.0586816482
vt 0.865099788 0.14477551
vt 0.844936192 0.177009195
vt 0.844825506 0.143025041
vt 0.106712066 0.275202334
vt 0.117733292 0.255758762
vt 0.135156453 0.282151431
vt 0.836526096 0.202665389
vt 0.844936192 0.177009195
vt 0.864954114 0.208592921
vt 0.883706689 0.155343488
vt 0.844936192 0.177009195
vt 0.865099788 0.14477551
vt 0.864954114 0.208592921
vt 0.844936192 0.177009195
vt 0.883706689 0.155343488
vt 0.836526096 0.202665389
vt 0.845803499 0.236190662
vt 0.818481207 0.21562247
vt 0.147169232 0.251953721
vt 0.135156453 0.282151431
vt 0.117733292 0.255758762
vt 0.914861679 0.164266407
vt 0.883706689 0.155343488
vt 0.908205211 0.132711351
vt 0.0905306786 0.316687137
vt 0.106712066 0.275202334
vt 0.135156453 0.282151431
vt 0.89594996 0.196587145
vt 0.864954114 0.208592921
vt 0.883706689 0.155343488
vt 0.914861679 0.164266407
vt 0.89594996 0.196587145
vt 0.883706689 0.155343488
vt 0.845803499 0.236190662
vt 0.836526096 0.202665389
vt 0.864954114 0.208592921
vt 0.135156453 0.282151431
vt 0.166497841 0.227157071
vt 0.190857649 0.281845421
vt 0.885924578 0.22503823
vt 0.845803499 0.236190662
vt 0.864954114 0.208592921
vt 0.885924578 0.22503823
vt 0.864954114 0.208592921
vt 0.89594996 0.196587145
vt 0.845803499 0.236190662
vt 0.885924578 0.22503823
vt 0.846906304 0.25712201
vt 0.190857649 0.281845421
vt 0.166497841 0.227157071
vt 0.215795353 0.212143198
vt 0.137021437 0.318186313
vt 0.0905306786 0.316687137
vt 0.135156453 0.282151431
vt 0.846906304 0.25712201
vt 0.885924578 0.22503823
vt 0.881374002 0.259388387
vt 0.858371794 0.27313
vt 0.846906304 0.25712201
vt 0.889003456 0.276279688
vt 0.137021437 0.318186313
vt 0.135156453 0.282151431
vt 0.190857649 0.281845421
vt 0.0905306786 0.316687137
vt 0.137021437 0.318186313
vt 0.0770208314 0.342695206
vt 0.0594944768 0.401701331
vt 0.0530710444 0.367746741
vt 0.107003942 0.393133104
vt 0.0770208314 0.342695206
vt 0.107003942 0.393133104
vt 0.0530710444 0.367746741
vt 0.0770208314 0.342695206
vt 0.137021437 0.318186313
vt 0.111969985 0.355115533
vt 0.111969985 0.355115533
vt 0.107003942 0.393133104
vt 0.0770208314 0.342695206
vt 0.137021437 0.318186313
vt 0.190857649 0.281845421
vt 0.185987189 0.326399803
vt 0.137021437 0.318186313
vt 0.153441712 0.373615175
vt 0.111969985 0.355115533
vt 0.107003942 0.393133104
vt 0.111969985 0.355115533
vt 0.153441712 0.373615175
vt 0.107003942 0.393133104
vt 0.0864619985 0.409924001
vt 0.0594944768 0.401701331
vt 0.137021437 0.318186313
vt 0.185987189 0.326399803
vt 0.153441712 0.373615175
vt 0.21428895 0.30595234
vt 0.245311975 0.286804706
vt 0.255802184 0.317436486
vt 0.185987189 0.326399803
vt 0.190857649 0.281845421
vt 0.21428895 0.30595234
vt 0.0915551782 0.435741782
vt 0.107003942 0.393133104
vt 0.138157293 0.426742107
vt 0.185987189 0.326399803
vt 0.189414233 0.383702189
vt 0.153441712 0.373615175
vt 0.107003942 0.393133104
vt 0.153441712 0.373615175
vt 0.138157293 0.426742107
vt 0.101912357 0.490279615
vt 0.0915551782 0.435741782
vt 0.131853238 0.465098739
vt 0.0915551782 0.435741782
vt 0.138157293 0.426742107
vt 0.131853238 0.465098739
vt 0.21428895 0.30595234
vt 0.255802184 0.317436486
vt 0.233600408 0.343075126
vt 0.21428895 0.30595234
vt 0.233600408 0.343075126
vt 0.185987189 0.326399803
vt 0.245311975 0.286804706
vt 0.267750591 0.242392093
vt 0.302572459 0.276377738
vt 0.245311975 0.286804706
vt 0.302572459 0.276377738
vt 0.298320115 0.321643353
vt 0.255802184 0.317436486
vt 0.245311975 0.286804706
vt 0.298320115 0.321643353
vt 0.708439767 0.0929922014
vt 0.712290227 0.0620678887
vt 0.741476536 0.0676713511
vt 0.741476536 0.0676713511
vt 0.712290227 0.0620678887
vt 0.751175284 0.0451385677
vt 0.708439767 0.0929922014
vt 0.741476536 0.0676713511
vt 0.7410146 0.0892712027
vt 0.782488942 0.0679453388
vt 0.7410146 0.0892712027
vt 0.741476536 0.0676713511
vt 0.782488942 0.0679453388
vt 0.741476536 0.0676713511
vt 0.751175284 0.0451385677
vt 0.773638606 0.0967531949
vt 0.7410146 0.0892712027
vt 0.782488942 0.0679453388
vt 0.807438612 0.0465060622
vt 0.782488942 0.0679453388
vt 0.751175284 0.0451385677
vt 0.80988133 0.0211988911
vt 0.842258334 0.0200353451
vt 0.807438612 0.0465060622
vt 0.807438612 0.0465060622
vt 0.822367489 0.0833878368
vt 0.782488942 0.0679453388
vt 0.872977257 0.0292793587
vt 0.842258334 0.0200353451
vt 0.871504545 0.0102542238
vt 0.842258334 0.0200353451
vt 0.84803611 0.058431942
vt 0.807438612 0.0465060622
vt 0.329407394 0.909969389
vt 0.305902302 0.905148625
vt 0.316653311 0.897545218
vt 0.329407394 0.909969389
vt 0.300459921 0.927148223
vt 0.305902302 0.905148625
vt 0.872977257 0.0292793587
vt 0.84803611 0.058431942
vt 0.842258334 0.0200353451
vt 0.84803611 0.058431942
vt 0.872977257 0.0292793587
vt 0.878827393 0.0607447326
vt 0.878827393 0.0607447326
vt 0.872977257 0.0292793587
vt 0.90864265 0.0276986621
vt 0.878827393 0.0607447326
vt 0.90864265 0.0276986621
vt 0.913496256 0.0492211431
vt 0.300459921 0.927148223
vt 0.270486563 0.924387991
vt 0.291313589 0.909865737
vt 0.275032073 0.956104398
vt 0.300459921 0.927148223
vt 0.319779903 0.957070351
vt 0.300459921 0.927148223
vt 0.275032073 0.956104398
vt 0.270486563 0.924387991
vt 0.166497841 0.227157071
vt 0.171216488 0.199680418
vt 0.189009458 0.196250647
vt 0.166497841 0.227157071
vt 0.189009458 0.196250647
vt 0.215795353 0.212143198
vt 0.215795353 0.212143198
vt 0.267750591 0.242392093
vt 0.223564446 0.235209107
vt 0.217594951 0.905092716
vt 0.197819278 0.963923454
vt 0.195609242 0.904334426
vt 0.223564446 0.235209107
vt 0.190857649 0.281845421
vt 0.215795353 0.212143198
vt 0.190857649 0.281845421
vt 0.223564446 0.235209107
vt 0.245311975 0.286804706
vt 0.223564446 0.235209107
vt 0.267750591 0.242392093
vt 0.245311975 0.286804706
vt 0.180142581 0.853852212
vt 0.217326418 0.839119196
vt 0.206697673 0.875106454
vt 0.217326418 0.839119196
vt 0.180142581 0.853852212
vt 0.180306166 0.803779244
vt 0.180142581 0.853852212
vt 0.144323319 0.819757938
vt 0.180306166 0.803779244
vt 0.302572459 0.276377738
vt 0.318208694 0.26782307
vt 0.346873671 0.296342909
vt 0.217326418 0.839119196
vt 0.180306166 0.803779244
vt 0.216420427 0.80589354
vt 0.860856771 0.771811247
vt 0.853623748 0.745747328
vt 0.876043916 0.751338243
vt 0.438760936 0.761011362
vt 0.445776522 0.780011237
vt 0.431803077 0.793137312
vt 0.445776522 0.780011237
vt 0.438760936 0.761011362
vt 0.449125826 0.760036051
vt 0.481154919 0.782931983
vt 0.467020273 0.756787717
vt 0.501413882 0.750955224
vt 0.415230006 0.789304018
vt 0.431803077 0.793137312
vt 0.400283992 0.803429782
vt 0.400283992 0.803429782
vt 0.431803077 0.793137312
vt 0.418063015 0.813942611
vt 0.481162369 0.77972579
vt 0.507005692 0.793756843
vt 0.48088479 0.803604126
vt 0.501413882 0.750955224
vt 0.51400733 0.767622292
vt 0.481162369 0.77972579
vt 0.481162369 0.77972579
vt 0.51400733 0.767622292
vt 0.507005692 0.793756843
vt 0.48088479 0.803604126
vt 0.507005692 0.793756843
vt 0.504252374 0.816429138
vt 0.428333879 0.842599869
vt 0.418063015 0.813942611
vt 0.431803077 0.793137312
vt 0.428333879 0.842599869
vt 0.431803077 0.793137312
vt 0.441768408 0.826345742
vt 0.776628971 0.0255151093
vt 0.751175284 0.0451385677
vt 0.755818844 0.0283416063
vt 0.391326606 0.843347788
vt 0.418063015 0.813942611
vt 0.428333879 0.842599869
vt 0.507005692 0.793756843
vt 0.51400733 0.767622292
vt 0.545471787 0.773178458
vt 0.506432891 0.847416997
vt 0.504252374 0.816429138
vt 0.53123486 0.839897096
vt 0.391326606 0.843347788
vt 0.428333879 0.842599869
vt 0.406559229 0.869431973
vt 0.751175284 0.0451385677
vt 0.776628971 0.0255151093
vt 0.807438612 0.0465060622
vt 0.380846828 0.861766517
vt 0.391326606 0.843347788
vt 0.406559229 0.869431973
vt 0.507005692 0.793756843
vt 0.548674285 0.806453943
vt 0.504252374 0.816429138
vt 0.776628971 0.0255151093
vt 0.80988133 0.0211988911
vt 0.807438612 0.0465060622
vt 0.548674285 0.806453943
vt 0.53123486 0.839897096
vt 0.504252374 0.816429138
vt 0.510425329 0.874562383
vt 0.506432891 0.847416997
vt 0.53123486 0.839897096
vt 0.507005692 0.793756843
vt 0.545471787 0.773178458
vt 0.548674285 0.806453943
vt 0.346646905 0.887418866
vt 0.380846828 0.861766517
vt 0.362335443 0.912203193
vt 0.380846828 0.861766517
vt 0.406559229 0.869431973
vt 0.380946964 0.895882249
vt 0.362335443 0.912203193
vt 0.380846828 0.861766517
vt 0.380946964 0.895882249
vt 0.719572842 0.919193149
vt 0.731005073 0.949634671
vt 0.712503254 0.928264022
vt 0.346646905 0.887418866
vt 0.362335443 0.912203193
vt 0.329407394 0.909969389
vt 0.731005073 0.949634671
vt 0.721633375 0.976237297
vt 0.707575679 0.950799227
vt 0.328979403 0.939257443
vt 0.329407394 0.909969389
vt 0.362335443 0.912203193
vt 0.566803396 0.851620018
vt 0.53123486 0.839897096
vt 0.575389624 0.811714053
vt 0.731005073 0.949634671
vt 0.719572842 0.919193149
vt 0.751093149 0.937267065
vt 0.725233555 0.911068916
vt 0.751093149 0.937267065
vt 0.719572842 0.919193149
vt 0.545471787 0.773178458
vt 0.585754395 0.759615421
vt 0.588698864 0.785853326
vt 0.545471787 0.773178458
vt 0.588698864 0.785853326
vt 0.548674285 0.806453943
vt 0.53123486 0.839897096
vt 0.548674285 0.806453943
vt 0.575389624 0.811714053
vt 0.52111119 0.981822252
vt 0.516833305 0.946366966
vt 0.536973298 0.960130751
vt 0.721633375 0.976237297
vt 0.749841094 0.981908917
vt 0.726086617 0.988504112
vt 0.575389624 0.811714053
vt 0.548674285 0.806453943
vt 0.588698864 0.785853326
vt 0.731005073 0.949634671
vt 0.749841094 0.981908917
vt 0.721633375 0.976237297
vt 0.127477273 0.990863919
vt 0.122489691 0.992094278
vt 0.152257219 0.983533978
vt 0.53823787 0.982679009
vt 0.536973298 0.960130751
vt 0.582969189 0.973647714
vt 0.536973298 0.960130751
vt 0.559678853 0.919872999
vt 0.582865953 0.938211262
vt 0.566803396 0.851620018
vt 0.575389624 0.811714053
vt 0.607004821 0.804863453
vt 0.731005073 0.949634671
vt 0.751093149 0.937267065
vt 0.763330936 0.945589662
vt 0.588698864 0.785853326
vt 0.607004821 0.804863453
vt 0.575389624 0.811714053
vt 0.146337122 0.945526838
vt 0.180195197 0.958706975
vt 0.152257219 0.983533978
vt 0.595846653 0.90493834
vt 0.582865953 0.938211262
vt 0.559678853 0.919872999
vt 0.566803396 0.851620018
vt 0.614426434 0.852286816
vt 0.572649598 0.880024791
vt 0.566803396 0.851620018
vt 0.607004821 0.804863453
vt 0.614426434 0.852286816
vt 0.582969189 0.973647714
vt 0.536973298 0.960130751
vt 0.582865953 0.938211262
vt 0.197819278 0.963923454
vt 0.152257219 0.983533978
vt 0.180195197 0.958706975
vt 0.146337122 0.945526838
vt 0.152257219 0.983533978
vt 0.114540204 0.935614049
vt 0.572649598 0.880024791
vt 0.614426434 0.852286816
vt 0.595846653 0.90493834
vt 0.582865953 0.938211262
vt 0.595846653 0.90493834
vt 0.619176447 0.932446122
vt 0.595846653 0.90493834
vt 0.614426434 0.852286816
vt 0.635516107 0.902145207
vt 0.180195197 0.958706975
vt 0.146337122 0.945526838
vt 0.161958665 0.904891014
vt 0.582969189 0.973647714
vt 0.582865953 0.938211262
vt 0.619176447 0.932446122
vt 0.635516107 0.902145207
vt 0.619176447 0.932446122
vt 0.595846653 0.90493834
vt 0.180195197 0.958706975
vt 0.161958665 0.904891014
vt 0.195609242 0.904334426
vt 0.582969189 0.973647714
vt 0.619176447 0.932446122
vt 0.638098121 0.944726467
vt 0.119427651 0.897414446
vt 0.146337122 0.945526838
vt 0.114540204 0.935614049
vt 0.638098121 0.944726467
vt 0.625799179 0.961431026
vt 0.582969189 0.973647714
vt 0.446522683 0.966991782
vt 0.423703313 0.945251346
vt 0.474310786 0.954753876
vt 0.119427651 0.897414446
vt 0.114540204 0.935614049
vt 0.0878159851 0.878219604
vt 0.161958665 0.904891014
vt 0.146337122 0.945526838
vt 0.119427651 0.897414446
vt 0.474310786 0.954753876
vt 0.423703313 0.945251346
vt 0.448468447 0.916463435
vt 0.161958665 0.904891014
vt 0.119427651 0.897414446
vt 0.145080596 0.858590603
vt 0.195609242 0.904334426
vt 0.161958665 0.904891014
vt 0.206697673 0.875106454
vt 0.119427651 0.897414446
vt 0.0878159851 0.878219604
vt 0.100704141 0.845020413
vt 0.100704141 0.845020413
vt 0.145080596 0.858590603
vt 0.119427651 0.897414446
vt 0.161958665 0.904891014
vt 0.180142581 0.853852212
vt 0.206697673 0.875106454
vt 0.161958665 0.904891014
vt 0.145080596 0.858590603
vt 0.180142581 0.853852212
vt 0.217594951 0.905092716
vt 0.195609242 0.904334426
vt 0.206697673 0.875106454
vt 0.267750591 0.242392093
vt 0.307088554 0.244496614
vt 0.302572459 0.276377738
vt 0.180142581 0.853852212
vt 0.145080596 0.858590603
vt 0.144323319 0.819757938
vt 0.145080596 0.858590603
vt 0.100704141 0.845020413
vt 0.114272788 0.818858504
vt 0.3131271 0.255007058
vt 0.302572459 0.276377738
vt 0.307088554 0.244496614
vt 0.329407394 0.909969389
vt 0.328979403 0.939257443
vt 0.300459921 0.927148223
vt 0.197819278 0.963923454
vt 0.180195197 0.958706975
vt 0.195609242 0.904334426
vt 0.298320115 0.321643353
vt 0.302572459 0.276377738
vt 0.346873671 0.296342909
vt 0.298320115 0.321643353
vt 0.346873671 0.296342909
vt 0.324077427 0.337276638
vt 0.70818311 0.0428318121
vt 0.712290227 0.0620678887
vt 0.681298137 0.0634285957
vt 0.319779903 0.957070351
vt 0.300459921 0.927148223
vt 0.328979403 0.939257443
vt 0.319779903 0.957070351
vt 0.292729855 0.96432662
vt 0.275032073 0.956104398
vt 0.101912357 0.490279615
vt 0.133976847 0.508548081
vt 0.121003747 0.527342319
vt 0.155638233 0.533166409
vt 0.19105491 0.526423395
vt 0.183298782 0.55383426
vt 0.208254278 0.569779813
vt 0.183298782 0.55383426
vt 0.223823726 0.539665997
vt 0.208254278 0.569779813
vt 0.236015618 0.575230122
vt 0.20659703 0.59613955
vt 0.56898731 0.504030585
vt 0.619624496 0.489580035
vt 0.592741251 0.539745212
vt 0.619624496 0.489580035
vt 0.631905556 0.53595221
vt 0.592741251 0.539745212
vt 0.56898731 0.504030585
vt 0.592741251 0.539745212
vt 0.55622226 0.539105296
vt 0.631905556 0.53595221
vt 0.619624496 0.489580035
vt 0.658934057 0.510354578
vt 0.592741251 0.539745212
vt 0.562774897 0.570633411
vt 0.55622226 0.539105296
vt 0.562774897 0.570633411
vt 0.592741251 0.539745212
vt 0.590628326 0.575650573
vt 0.631905556 0.53595221
vt 0.628556609 0.565855086
vt 0.592741251 0.539745212
vt 0.590628326 0.575650573
vt 0.592741251 0.539745212
vt 0.628556609 0.565855086
vt 0.628556609 0.565855086
vt 0.631905556 0.53595221
vt 0.678394437 0.523228705
vt 0.678394437 0.523228705
vt 0.667274117 0.590449929
vt 0.628556609 0.565855086
vt 0.293601692 0.847509265
vt 0.25878039 0.82964164
vt 0.274486214 0.797693849
vt 0.274486214 0.797693849
vt 0.319619358 0.805061936
vt 0.293601692 0.847509265
vt 0.667274117 0.590449929
vt 0.650185406 0.60271889
vt 0.644633055 0.576091051
vt 0.319619358 0.805061936
vt 0.274486214 0.797693849
vt 0.290786922 0.769189835
vt 0.667274117 0.590449929
vt 0.691430449 0.593007982
vt 0.680384636 0.616743803
vt 0.650185406 0.60271889
vt 0.667274117 0.590449929
vt 0.680384636 0.616743803
vt 0.313800991 0.734262824
vt 0.338334858 0.776615977
vt 0.290786922 0.769189835
vt 0.259848863 0.759466588
vt 0.290786922 0.769189835
vt 0.274486214 0.797693849
vt 0.290786922 0.769189835
vt 0.272241652 0.71317935
vt 0.313800991 0.734262824
vt 0.282270014 0.637743115
vt 0.301866889 0.613355756
vt 0.31253925 0.634488583
vt 0.306844503 0.681955278
vt 0.313800991 0.734262824
vt 0.272241652 0.71317935
vt 0.301866889 0.613355756
vt 0.282270014 0.637743115
vt 0.27875948 0.603896201
vt 0.272241652 0.71317935
vt 0.290786922 0.769189835
vt 0.253780454 0.755287647
vt 0.282270014 0.637743115
vt 0.31253925 0.634488583
vt 0.306844503 0.681955278
vt 0.240371972 0.613739014
vt 0.27603513 0.583025575
vt 0.27875948 0.603896201
vt 0.272241652 0.71317935
vt 0.281412184 0.676420808
vt 0.306844503 0.681955278
vt 0.272241652 0.71317935
vt 0.253780454 0.755287647
vt 0.241121113 0.724261045
vt 0.306844503 0.681955278
vt 0.281412184 0.676420808
vt 0.282270014 0.637743115
vt 0.272241652 0.71317935
vt 0.252976328 0.676600277
vt 0.281412184 0.676420808
vt 0.217254758 0.640481055
vt 0.240371972 0.613739014
vt 0.27875948 0.603896201
vt 0.217254758 0.640481055
vt 0.27875948 0.603896201
vt 0.282270014 0.637743115
vt 0.217254758 0.640481055
vt 0.281412184 0.676420808
vt 0.252976328 0.676600277
vt 0.217254758 0.640481055
vt 0.282270014 0.637743115
vt 0.281412184 0.676420808
vt 0.85273397 0.325706124
vt 0.880779147 0.34149
vt 0.86862886 0.368100464
vt 0.828495562 0.380807459
vt 0.86862886 0.368100464
vt 0.847436607 0.411447495
vt 0.110565014 0.550879836
vt 0.0894918218 0.509714425
vt 0.101912357 0.490279615
vt 0.619624496 0.489580035
vt 0.659047127 0.483593374
vt 0.658934057 0.510354578
vt 0.881795526 0.398804605
vt 0.847436607 0.411447495
vt 0.86862886 0.368100464
vt 0.851453781 0.449951947
vt 0.821357727 0.438714743
vt 0.847436607 0.411447495
vt 0.847436607 0.411447495
vt 0.875368893 0.421810985
vt 0.851453781 0.449951947
vt 0.121003747 0.527342319
vt 0.110565014 0.550879836
vt 0.101912357 0.490279615
vt 0.659047127 0.483593374
vt 0.688842833 0.481541693
vt 0.678394437 0.523228705
vt 0.747540891 0.502310038
vt 0.717733324 0.469455451
vt 0.747602105 0.455808967
vt 0.658934057 0.510354578
vt 0.659047127 0.483593374
vt 0.678394437 0.523228705
vt 0.747602105 0.455808967
vt 0.772751212 0.4701401
vt 0.747540891 0.502310038
vt 0.688842833 0.481541693
vt 0.717733324 0.469455451
vt 0.747540891 0.502310038
vt 0.688842833 0.481541693
vt 0.747540891 0.502310038
vt 0.70949024 0.520323753
vt 0.116735324 0.584224463
vt 0.0995416641 0.589771152
vt 0.110565014 0.550879836
vt 0.631905556 0.53595221
vt 0.658934057 0.510354578
vt 0.678394437 0.523228705
vt 0.688842833 0.481541693
vt 0.70949024 0.520323753
vt 0.678394437 0.523228705
vt 0.821357727 0.438714743
vt 0.827632844 0.494702041
vt 0.772751212 0.4701401
vt 0.155638233 0.533166409
vt 0.110565014 0.550879836
vt 0.121003747 0.527342319
vt 0.851453781 0.449951947
vt 0.827632844 0.494702041
vt 0.821357727 0.438714743
vt 0.151691794 0.580666304
vt 0.110565014 0.550879836
vt 0.155638233 0.533166409
vt 0.116735324 0.584224463
vt 0.110565014 0.550879836
vt 0.151691794 0.580666304
vt 0.726289392 0.542818487
vt 0.747540891 0.502310038
vt 0.749787748 0.535199285
vt 0.726289392 0.542818487
vt 0.70949024 0.520323753
vt 0.747540891 0.502310038
vt 0.802845001 0.538426399
vt 0.747540891 0.502310038
vt 0.772751212 0.4701401
vt 0.155638233 0.533166409
vt 0.183298782 0.55383426
vt 0.151691794 0.580666304
vt 0.0995416641 0.589771152
vt 0.116735324 0.584224463
vt 0.151691794 0.580666304
vt 0.827632844 0.494702041
vt 0.802845001 0.538426399
vt 0.772751212 0.4701401
vt 0.693118155 0.564201355
vt 0.678394437 0.523228705
vt 0.70949024 0.520323753
vt 0.693118155 0.564201355
vt 0.70949024 0.520323753
vt 0.726289392 0.542818487
vt 0.117526531 0.627326727
vt 0.0995416641 0.589771152
vt 0.155100554 0.611536384
vt 0.151691794 0.580666304
vt 0.183298782 0.55383426
vt 0.166929871 0.57922262
vt 0.678394437 0.523228705
vt 0.693118155 0.564201355
vt 0.667274117 0.590449929
vt 0.747540891 0.502310038
vt 0.766034722 0.557086647
vt 0.749787748 0.535199285
vt 0.0995416641 0.589771152
vt 0.151691794 0.580666304
vt 0.155100554 0.611536384
vt 0.766034722 0.557086647
vt 0.747540891 0.502310038
vt 0.802845001 0.538426399
vt 0.749787748 0.535199285
vt 0.737674356 0.566962957
vt 0.726289392 0.542818487
vt 0.135525614 0.647387087
vt 0.117526531 0.627326727
vt 0.155100554 0.611536384
vt 0.693118155 0.564201355
vt 0.726289392 0.542818487
vt 0.717761874 0.586699843
vt 0.155100554 0.611536384
vt 0.151691794 0.580666304
vt 0.166929871 0.57922262
vt 0.717761874 0.586699843
vt 0.726289392 0.542818487
vt 0.737674356 0.566962957
vt 0.667274117 0.590449929
vt 0.693118155 0.564201355
vt 0.691430449 0.593007982
vt 0.166929871 0.57922262
vt 0.183298782 0.55383426
vt 0.208254278 0.569779813
vt 0.749787748 0.535199285
vt 0.766034722 0.557086647
vt 0.737674356 0.566962957
vt 0.20659703 0.59613955
vt 0.166929871 0.57922262
vt 0.208254278 0.569779813
vt 0.802845001 0.538426399
vt 0.827632844 0.494702041
vt 0.830481052 0.527297437
vt 0.691430449 0.593007982
vt 0.693118155 0.564201355
vt 0.717761874 0.586699843
vt 0.184213966 0.61399889
vt 0.166929871 0.57922262
vt 0.20659703 0.59613955
vt 0.155100554 0.611536384
vt 0.166929871 0.57922262
vt 0.184213966 0.61399889
vt 0.159258544 0.71890533
vt 0.150812909 0.681640685
vt 0.172067299 0.69750458
vt 0.175928831 0.652575135
vt 0.135525614 0.647387087
vt 0.155100554 0.611536384
vt 0.150812909 0.681640685
vt 0.135525614 0.647387087
vt 0.175928831 0.652575135
vt 0.717761874 0.586699843
vt 0.737674356 0.566962957
vt 0.739945173 0.601402164
vt 0.175928831 0.652575135
vt 0.155100554 0.611536384
vt 0.184213966 0.61399889
vt 0.172067299 0.69750458
vt 0.150812909 0.681640685
vt 0.175928831 0.652575135
vt 0.737674356 0.566962957
vt 0.766034722 0.557086647
vt 0.739945173 0.601402164
vt 0.159258544 0.71890533
vt 0.172067299 0.69750458
vt 0.196790323 0.694152236
vt 0.224483669 0.747487783
vt 0.241121113 0.724261045
vt 0.231461048 0.75315994
vt 0.184213966 0.61399889
vt 0.20659703 0.59613955
vt 0.217254758 0.640481055
vt 0.720189333 0.606755614
vt 0.717761874 0.586699843
vt 0.739945173 0.601402164
vt 0.210238263 0.715798616
vt 0.159258544 0.71890533
vt 0.196790323 0.694152236
vt 0.175928831 0.652575135
vt 0.204553738 0.671455801
vt 0.172067299 0.69750458
vt 0.20659703 0.59613955
vt 0.236015618 0.575230122
vt 0.240371972 0.613739014
vt 0.204553738 0.671455801
vt 0.196790323 0.694152236
vt 0.172067299 0.69750458
vt 0.236015618 0.575230122
vt 0.27603513 0.583025575
vt 0.240371972 0.613739014
vt 0.252976328 0.676600277
vt 0.241121113 0.724261045
vt 0.210238263 0.715798616
vt 0.210238263 0.715798616
vt 0.204553738 0.671455801
vt 0.252976328 0.676600277
vt 0.184213966 0.61399889
vt 0.217254758 0.640481055
vt 0.175928831 0.652575135
vt 0.204553738 0.671455801
vt 0.210238263 0.715798616
vt 0.196790323 0.694152236
vt 0.217254758 0.640481055
vt 0.204553738 0.671455801
vt 0.175928831 0.652575135
vt 0.217254758 0.640481055
vt 0.20659703 0.59613955
vt 0.240371972 0.613739014
vt 0.204553738 0.671455801
vt 0.217254758 0.640481055
vt 0.252976328 0.676600277
vt 0.53898263 0.494041979
vt 0.557594001 0.458350092
vt 0.56898731 0.504030585
vt 0.596884787 0.462353945
vt 0.56898731 0.504030585
vt 0.557594001 0.458350092
vt 0.55622226 0.539105296
vt 0.53898263 0.494041979
vt 0.56898731 0.504030585
vt 0.596884787 0.462353945
vt 0.619624496 0.489580035
vt 0.56898731 0.504030585
vt 0.231461048 0.75315994
vt 0.241121113 0.724261045
vt 0.253780454 0.755287647
vt 0.272241652 0.71317935
vt 0.241121113 0.724261045
vt 0.252976328 0.676600277
vt 0.86862886 0.368100464
vt 0.880779147 0.34149
vt 0.90106082 0.35518986
vt 0.133976847 0.508548081
vt 0.155638233 0.533166409
vt 0.121003747 0.527342319
vt 0.813058019 0.820630312
vt 0.814044833 0.801467657
vt 0.824804127 0.823360622
vt 0.777005196 0.16808778
vt 0.756560743 0.192347258
vt 0.7436499 0.161333054
vt 0.756560743 0.192347258
vt 0.777005196 0.16808778
vt 0.791582823 0.209961116
vt 0.791582823 0.209961116
vt 0.777005196 0.16808778
vt 0.802381516 0.183940083
vt 0.85273397 0.325706124
vt 0.848301768 0.303454012
vt 0.880779147 0.34149
vt 0.779283404 0.238134086
vt 0.808110356 0.237642616
vt 0.804508686 0.267638266
vt 0.756092787 0.273455024
vt 0.779283404 0.238134086
vt 0.804508686 0.267638266
vt 0.804508686 0.267638266
vt 0.794356942 0.297909319
vt 0.756092787 0.273455024
vt 0.767082691 0.307989001
vt 0.756092787 0.273455024
vt 0.794356942 0.297909319
vt 0.846906304 0.25712201
vt 0.804508686 0.267638266
vt 0.808110356 0.237642616
vt 0.819458127 0.293084055
vt 0.804508686 0.267638266
vt 0.846906304 0.25712201
vt 0.794356942 0.297909319
vt 0.804508686 0.267638266
vt 0.819458127 0.293084055
vt 0.767082691 0.307989001
vt 0.794356942 0.297909319
vt 0.804002881 0.325914204
vt 0.767082691 0.307989001
vt 0.783316731 0.334571004
vt 0.755163372 0.334222734
vt 0.819458127 0.293084055
vt 0.846906304 0.25712201
vt 0.858371794 0.27313
vt 0.783316731 0.334571004
vt 0.767082691 0.307989001
vt 0.804002881 0.325914204
vt 0.794356942 0.297909319
vt 0.819458127 0.293084055
vt 0.804002881 0.325914204
vt 0.848301768 0.303454012
vt 0.804002881 0.325914204
vt 0.819458127 0.293084055
vt 0.819458127 0.293084055
vt 0.858371794 0.27313
vt 0.848301768 0.303454012
vt 0.734332919 0.349898398
vt 0.755163372 0.334222734
vt 0.760353804 0.356839776
vt 0.755163372 0.334222734
vt 0.783316731 0.334571004
vt 0.760353804 0.356839776
vt 0.804002881 0.325914204
vt 0.848301768 0.303454012
vt 0.85273397 0.325706124
vt 0.804002881 0.325914204
vt 0.803545535 0.359168291
vt 0.783316731 0.334571004
vt 0.710793674 0.368367016
vt 0.734332919 0.349898398
vt 0.749533474 0.386011213
vt 0.760353804 0.356839776
vt 0.783316731 0.334571004
vt 0.803545535 0.359168291
vt 0.760353804 0.356839776
vt 0.803545535 0.359168291
vt 0.780379355 0.380879164
vt 0.749533474 0.386011213
vt 0.734332919 0.349898398
vt 0.760353804 0.356839776
vt 0.749533474 0.386011213
vt 0.760353804 0.356839776
vt 0.780379355 0.380879164
vt 0.710793674 0.368367016
vt 0.749533474 0.386011213
vt 0.719194055 0.40967378
vt 0.85273397 0.325706124
vt 0.828495562 0.380807459
vt 0.804002881 0.325914204
vt 0.710793674 0.368367016
vt 0.719194055 0.40967378
vt 0.695341349 0.400988638
vt 0.803545535 0.359168291
vt 0.804002881 0.325914204
vt 0.828495562 0.380807459
vt 0.86862886 0.368100464
vt 0.828495562 0.380807459
vt 0.85273397 0.325706124
vt 0.780379355 0.380879164
vt 0.803545535 0.359168291
vt 0.807283938 0.408179939
vt 0.671415567 0.427336037
vt 0.653117359 0.409940898
vt 0.695341349 0.400988638
vt 0.759153366 0.404976845
vt 0.749533474 0.386011213
vt 0.780379355 0.380879164
vt 0.653117359 0.409940898
vt 0.671415567 0.427336037
vt 0.665784001 0.442441493
vt 0.807283938 0.408179939
vt 0.803545535 0.359168291
vt 0.828495562 0.380807459
vt 0.750007927 0.423410416
vt 0.749533474 0.386011213
vt 0.759153366 0.404976845
vt 0.719194055 0.40967378
vt 0.749533474 0.386011213
vt 0.750007927 0.423410416
vt 0.665784001 0.442441493
vt 0.671415567 0.427336037
vt 0.695341349 0.400988638
vt 0.695341349 0.400988638
vt 0.719194055 0.40967378
vt 0.717733324 0.469455451
vt 0.619624496 0.489580035
vt 0.626325071 0.433393359
vt 0.665784001 0.442441493
vt 0.688842833 0.481541693
vt 0.665784001 0.442441493
vt 0.695341349 0.400988638
vt 0.759153366 0.404976845
vt 0.780379355 0.380879164
vt 0.807283938 0.408179939
vt 0.688842833 0.481541693
vt 0.695341349 0.400988638
vt 0.717733324 0.469455451
vt 0.719194055 0.40967378
vt 0.750007927 0.423410416
vt 0.747602105 0.455808967
vt 0.785072505 0.432008326
vt 0.750007927 0.423410416
vt 0.759153366 0.404976845
vt 0.759153366 0.404976845
vt 0.807283938 0.408179939
vt 0.785072505 0.432008326
vt 0.747602105 0.455808967
vt 0.717733324 0.469455451
vt 0.719194055 0.40967378
vt 0.747602105 0.455808967
vt 0.750007927 0.423410416
vt 0.772751212 0.4701401
vt 0.750007927 0.423410416
vt 0.785072505 0.432008326
vt 0.772751212 0.4701401
vt 0.80428201 0.78866756
vt 0.806400895 0.759254456
vt 0.827480793 0.77031368
vt 0.683853269 0.14406231
vt 0.680784583 0.170051411
vt 0.656390965 0.164176226
vt 0.63453275 0.193168342
vt 0.615531623 0.175961867
vt 0.656390965 0.164176226
vt 0.7275033 0.172582567
vt 0.680784583 0.170051411
vt 0.683853269 0.14406231
vt 0.7275033 0.172582567
vt 0.683853269 0.14406231
vt 0.72069943 0.143505186
vt 0.680784583 0.170051411
vt 0.65153563 0.202703804
vt 0.656390965 0.164176226
vt 0.72069943 0.143505186
vt 0.7436499 0.161333054
vt 0.7275033 0.172582567
vt 0.65153563 0.202703804
vt 0.63453275 0.193168342
vt 0.656390965 0.164176226
vt 0.680784583 0.170051411
vt 0.7275033 0.172582567
vt 0.70244813 0.186876953
vt 0.70244813 0.186876953
vt 0.682265639 0.210533381
vt 0.680784583 0.170051411
vt 0.680784583 0.170051411
vt 0.682265639 0.210533381
vt 0.65153563 0.202703804
vt 0.63453275 0.193168342
vt 0.65153563 0.202703804
vt 0.600990653 0.213232666
vt 0.727347553 0.201556057
vt 0.7275033 0.172582567
vt 0.756560743 0.192347258
vt 0.65153563 0.202703804
vt 0.62126857 0.240591824
vt 0.600990653 0.213232666
vt 0.727347553 0.201556057
vt 0.70244813 0.186876953
vt 0.7275033 0.172582567
vt 0.600990653 0.213232666
vt 0.62126857 0.240591824
vt 0.591186821 0.238564312
vt 0.682265639 0.210533381
vt 0.659407794 0.234617829
vt 0.65153563 0.202703804
vt 0.682265639 0.210533381
vt 0.70244813 0.186876953
vt 0.727347553 0.201556057
vt 0.65153563 0.202703804
vt 0.659407794 0.234617829
vt 0.62126857 0.240591824
vt 0.710776746 0.223541677
vt 0.682265639 0.210533381
vt 0.727347553 0.201556057
vt 0.56006366 0.270843208
vt 0.591186821 0.238564312
vt 0.594105482 0.261230171
vt 0.659407794 0.234617829
vt 0.682265639 0.210533381
vt 0.686666608 0.245947763
vt 0.594105482 0.261230171
vt 0.591186821 0.238564312
vt 0.62126857 0.240591824
vt 0.710776746 0.223541677
vt 0.727347553 0.201556057
vt 0.751621723 0.216392606
vt 0.594105482 0.261230171
vt 0.574002862 0.293680608
vt 0.56006366 0.270843208
vt 0.686666608 0.245947763
vt 0.682265639 0.210533381
vt 0.710776746 0.223541677
vt 0.756560743 0.192347258
vt 0.751621723 0.216392606
vt 0.727347553 0.201556057
vt 0.62126857 0.240591824
vt 0.659407794 0.234617829
vt 0.634293556 0.261793554
vt 0.594105482 0.261230171
vt 0.62126857 0.240591824
vt 0.634293556 0.261793554
vt 0.710776746 0.223541677
vt 0.751621723 0.216392606
vt 0.735473633 0.237666845
vt 0.574002862 0.293680608
vt 0.594105482 0.261230171
vt 0.621233582 0.289137155
vt 0.634293556 0.261793554
vt 0.659407794 0.234617829
vt 0.661372721 0.275791734
vt 0.751621723 0.216392606
vt 0.756560743 0.192347258
vt 0.791582823 0.209961116
vt 0.710776746 0.223541677
vt 0.708723068 0.253350914
vt 0.686666608 0.245947763
vt 0.791582823 0.209961116
vt 0.779283404 0.238134086
vt 0.751621723 0.216392606
vt 0.735473633 0.237666845
vt 0.708723068 0.253350914
vt 0.710776746 0.223541677
vt 0.661372721 0.275791734
vt 0.659407794 0.234617829
vt 0.686666608 0.245947763
vt 0.517636836 0.319843918
vt 0.56006366 0.270843208
vt 0.574002862 0.293680608
vt 0.751621723 0.216392606
vt 0.779283404 0.238134086
vt 0.763072252 0.2463153
vt 0.634293556 0.261793554
vt 0.621233582 0.289137155
vt 0.594105482 0.261230171
vt 0.735473633 0.237666845
vt 0.751621723 0.216392606
vt 0.763072252 0.2463153
vt 0.621233582 0.289137155
vt 0.634293556 0.261793554
vt 0.661372721 0.275791734
vt 0.574002862 0.293680608
vt 0.621233582 0.289137155
vt 0.594436705 0.31026423
vt 0.708723068 0.253350914
vt 0.735473633 0.237666845
vt 0.732822061 0.263168126
vt 0.661372721 0.275791734
vt 0.686666608 0.245947763
vt 0.689218879 0.28832677
vt 0.634554923 0.315815747
vt 0.621233582 0.289137155
vt 0.661372721 0.275791734
vt 0.735473633 0.237666845
vt 0.756092787 0.273455024
vt 0.732822061 0.263168126
vt 0.686666608 0.245947763
vt 0.708723068 0.253350914
vt 0.712525487 0.279664367
vt 0.708723068 0.253350914
vt 0.732822061 0.263168126
vt 0.712525487 0.279664367
vt 0.574002862 0.293680608
vt 0.594436705 0.31026423
vt 0.56228435 0.339081436
vt 0.689218879 0.28832677
vt 0.686666608 0.245947763
vt 0.712525487 0.279664367
vt 0.756092787 0.273455024
vt 0.735473633 0.237666845
vt 0.763072252 0.2463153
vt 0.763072252 0.2463153
vt 0.779283404 0.238134086
vt 0.756092787 0.273455024
vt 0.594436705 0.31026423
vt 0.621233582 0.289137155
vt 0.634554923 0.315815747
vt 0.712525487 0.279664367
vt 0.732822061 0.263168126
vt 0.756092787 0.273455024
vt 0.72148788 0.308978796
vt 0.712525487 0.279664367
vt 0.756092787 0.273455024
vt 0.634554923 0.315815747
vt 0.661372721 0.275791734
vt 0.668103695 0.331038594
vt 0.692270398 0.32166785
vt 0.661372721 0.275791734
vt 0.689218879 0.28832677
vt 0.72148788 0.308978796
vt 0.689218879 0.28832677
vt 0.712525487 0.279664367
vt 0.589319646 0.352046788
vt 0.594436705 0.31026423
vt 0.634554923 0.315815747
vt 0.56228435 0.339081436
vt 0.594436705 0.31026423
vt 0.589319646 0.352046788
vt 0.668103695 0.331038594
vt 0.661372721 0.275791734
vt 0.692270398 0.32166785
vt 0.589319646 0.352046788
vt 0.634554923 0.315815747
vt 0.625166178 0.355566978
vt 0.646457255 0.363414139
vt 0.634554923 0.315815747
vt 0.668103695 0.331038594
vt 0.756092787 0.273455024
vt 0.767082691 0.307989001
vt 0.72148788 0.308978796
vt 0.72148788 0.308978796
vt 0.692270398 0.32166785
vt 0.689218879 0.28832677
vt 0.625166178 0.355566978
vt 0.634554923 0.315815747
vt 0.646457255 0.363414139
vt 0.755163372 0.334222734
vt 0.72148788 0.308978796
vt 0.767082691 0.307989001
vt 0.525572956 0.34590748
vt 0.56228435 0.339081436
vt 0.589319646 0.352046788
vt 0.692270398 0.32166785
vt 0.72148788 0.308978796
vt 0.734332919 0.349898398
vt 0.525572956 0.34590748
vt 0.589319646 0.352046788
vt 0.554555237 0.402866304
vt 0.681943238 0.360285252
vt 0.668103695 0.331038594
vt 0.692270398 0.32166785
vt 0.589319646 0.352046788
vt 0.625166178 0.355566978
vt 0.611171782 0.380288422
vt 0.528149724 0.385793358
vt 0.525572956 0.34590748
vt 0.554555237 0.402866304
vt 0.584136963 0.396587789
vt 0.589319646 0.352046788
vt 0.611171782 0.380288422
vt 0.681943238 0.360285252
vt 0.692270398 0.32166785
vt 0.710793674 0.368367016
vt 0.646457255 0.363414139
vt 0.668103695 0.331038594
vt 0.681943238 0.360285252
vt 0.625166178 0.355566978
vt 0.646457255 0.363414139
vt 0.611171782 0.380288422
vt 0.554555237 0.402866304
vt 0.589319646 0.352046788
vt 0.584136963 0.396587789
vt 0.692270398 0.32166785
vt 0.734332919 0.349898398
vt 0.710793674 0.368367016
vt 0.646457255 0.363414139
vt 0.681943238 0.360285252
vt 0.695341349 0.400988638
vt 0.646457255 0.363414139
vt 0.695341349 0.400988638
vt 0.653117359 0.409940898
vt 0.611171782 0.380288422
vt 0.646457255 0.363414139
vt 0.653117359 0.409940898
vt 0.611171782 0.380288422
vt 0.653117359 0.409940898
vt 0.626325071 0.433393359
vt 0.584136963 0.396587789
vt 0.611171782 0.380288422
vt 0.626325071 0.433393359
vt 0.584136963 0.396587789
vt 0.626325071 0.433393359
vt 0.586364806 0.431815833
vt 0.554555237 0.402866304
vt 0.584136963 0.396587789
vt 0.557594001 0.458350092
vt 0.557594001 0.458350092
vt 0.584136963 0.396587789
vt 0.586364806 0.431815833
vt 0.528395176 0.420059621
vt 0.554555237 0.402866304
vt 0.557594001 0.458350092
vt 0.586364806 0.431815833
vt 0.626325071 0.433393359
vt 0.596884787 0.462353945
vt 0.557594001 0.458350092
vt 0.586364806 0.431815833
vt 0.596884787 0.462353945
vt 0.700908542 0.127441525
vt 0.72069943 0.143505186
vt 0.683853269 0.14406231
vt 0.808110356 0.237642616
vt 0.791582823 0.209961116
vt 0.818481207 0.21562247
vt 0.846906304 0.25712201
vt 0.808110356 0.237642616
vt 0.845803499 0.236190662
vt 0.681943238 0.360285252
vt 0.710793674 0.368367016
vt 0.695341349 0.400988638
vt 0.626325071 0.433393359
vt 0.653117359 0.409940898
vt 0.665784001 0.442441493
vt 0.7275033 0.172582567
vt 0.7436499 0.161333054
vt 0.756560743 0.192347258
vt 0.808110356 0.237642616
vt 0.779283404 0.238134086
vt 0.791582823 0.209961116
vt 0.72148788 0.308978796
vt 0.755163372 0.334222734
vt 0.734332919 0.349898398
vt 0.202355042 0.0537432805
vt 0.258629352 0.0462427475
vt 0.251358747 0.0768004507
vt 0.468974918 0.677056909
vt 0.448915601 0.670957327
vt 0.477583289 0.65645498
vt 0.448915601 0.670957327
vt 0.413726628 0.656791031
vt 0.440018982 0.636657357
vt 0.94141233 0.480627447
vt 0.97834146 0.465598464
vt 0.981709659 0.490044892
vt 0.664713204 0.822810531
vt 0.669356942 0.788400888
vt 0.708628297 0.814584911
vt 0.258629352 0.0462427475
vt 0.287510931 0.0348116755
vt 0.307366014 0.0770577788
vt 0.393950969 0.233214855
vt 0.395177364 0.246381134
vt 0.371443182 0.25646162
vt 0.373016834 0.191063687
vt 0.393950969 0.233214855
vt 0.346659541 0.211387992
vt 0.258629352 0.0462427475
vt 0.307366014 0.0770577788
vt 0.277577519 0.0742752552
vt 0.359662086 0.162335619
vt 0.330906242 0.185834616
vt 0.346736878 0.144549832
vt 0.258629352 0.0462427475
vt 0.277577519 0.0742752552
vt 0.251358747 0.0768004507
vt 0.277577519 0.0742752552
vt 0.307366014 0.0770577788
vt 0.277884632 0.113163806
vt 0.373016834 0.191063687
vt 0.346659541 0.211387992
vt 0.330906242 0.185834616
vt 0.393950969 0.233214855
vt 0.371443182 0.25646162
vt 0.346250176 0.23278448
vt 0.346250176 0.23278448
vt 0.346659541 0.211387992
vt 0.393950969 0.233214855
vt 0.310812354 0.111254871
vt 0.346736878 0.144549832
vt 0.306036979 0.141703233
vt 0.310812354 0.111254871
vt 0.277884632 0.113163806
vt 0.307366014 0.0770577788
vt 0.306036979 0.141703233
vt 0.277884632 0.113163806
vt 0.310812354 0.111254871
vt 0.277884632 0.113163806
vt 0.251358747 0.0768004507
vt 0.277577519 0.0742752552
vt 0.346736878 0.144549832
vt 0.330906242 0.185834616
vt 0.306036979 0.141703233
vt 0.279833198 0.165799201
vt 0.306036979 0.141703233
vt 0.330906242 0.185834616
vt 0.277884632 0.113163806
vt 0.306036979 0.141703233
vt 0.279833198 0.165799201
vt 0.346250176 0.23278448
vt 0.330906242 0.185834616
vt 0.346659541 0.211387992
vt 0.311988652 0.868072033
vt 0.293601692 0.847509265
vt 0.334832311 0.855140567
vt 0.308831692 0.213730112
vt 0.330906242 0.185834616
vt 0.346250176 0.23278448
vt 0.293601692 0.847509265
vt 0.319619358 0.805061936
vt 0.334832311 0.855140567
vt 0.24391064 0.110240489
vt 0.251358747 0.0768004507
vt 0.277884632 0.113163806
vt 0.279833198 0.165799201
vt 0.330906242 0.185834616
vt 0.308831692 0.213730112
vt 0.230687648 0.154710084
vt 0.277884632 0.113163806
vt 0.279833198 0.165799201
vt 0.24391064 0.110240489
vt 0.277884632 0.113163806
vt 0.235454321 0.120103568
vt 0.251358747 0.0768004507
vt 0.24391064 0.110240489
vt 0.217285275 0.103613898
vt 0.235454321 0.120103568
vt 0.277884632 0.113163806
vt 0.230687648 0.154710084
vt 0.217285275 0.103613898
vt 0.24391064 0.110240489
vt 0.235454321 0.120103568
vt 0.334832311 0.855140567
vt 0.319619358 0.805061936
vt 0.368527323 0.813530505
vt 0.202355042 0.0537432805
vt 0.251358747 0.0768004507
vt 0.217285275 0.103613898
vt 0.308831692 0.213730112
vt 0.277253956 0.196080774
vt 0.279833198 0.165799201
vt 0.230687648 0.154710084
vt 0.279833198 0.165799201
vt 0.253187597 0.165614933
vt 0.277253956 0.196080774
vt 0.253187597 0.165614933
vt 0.279833198 0.165799201
vt 0.338334858 0.776615977
vt 0.368527323 0.813530505
vt 0.319619358 0.805061936
vt 0.368527323 0.813530505
vt 0.338334858 0.776615977
vt 0.357596278 0.755107999
vt 0.217285275 0.103613898
vt 0.235454321 0.120103568
vt 0.230687648 0.154710084
vt 0.368527323 0.813530505
vt 0.357596278 0.755107999
vt 0.388979614 0.772799134
vt 0.388979614 0.772799134
vt 0.394398868 0.725373149
vt 0.411684036 0.747275651
vt 0.217285275 0.103613898
vt 0.230687648 0.154710084
vt 0.211890519 0.144125849
vt 0.411684036 0.747275651
vt 0.394398868 0.725373149
vt 0.416181445 0.726284087
vt 0.388979614 0.772799134
vt 0.357596278 0.755107999
vt 0.394398868 0.725373149
vt 0.211890519 0.144125849
vt 0.187757522 0.137999803
vt 0.217285275 0.103613898
vt 0.211890519 0.144125849
vt 0.230687648 0.154710084
vt 0.20807302 0.166814432
vt 0.313800991 0.734262824
vt 0.361677408 0.707160592
vt 0.357596278 0.755107999
vt 0.338334858 0.776615977
vt 0.313800991 0.734262824
vt 0.357596278 0.755107999
vt 0.357596278 0.755107999
vt 0.361677408 0.707160592
vt 0.394398868 0.725373149
vt 0.211890519 0.144125849
vt 0.200196981 0.166983634
vt 0.187757522 0.137999803
vt 0.361677408 0.707160592
vt 0.397170633 0.69045788
vt 0.394398868 0.725373149
vt 0.181351423 0.172131419
vt 0.187757522 0.137999803
vt 0.200196981 0.166983634
vt 0.395565629 0.683401108
vt 0.413726628 0.656791031
vt 0.419487506 0.683713078
vt 0.306844503 0.681955278
vt 0.361677408 0.707160592
vt 0.313800991 0.734262824
vt 0.361677408 0.707160592
vt 0.342776507 0.67434895
vt 0.395565629 0.683401108
vt 0.342776507 0.67434895
vt 0.361677408 0.707160592
vt 0.306844503 0.681955278
vt 0.34239471 0.648780704
vt 0.31253925 0.634488583
vt 0.301866889 0.613355756
vt 0.413726628 0.656791031
vt 0.395565629 0.683401108
vt 0.342776507 0.67434895
vt 0.34239471 0.648780704
vt 0.342776507 0.67434895
vt 0.306844503 0.681955278
vt 0.413726628 0.656791031
vt 0.342776507 0.67434895
vt 0.378286362 0.610053003
vt 0.466610759 0.211401433
vt 0.407657325 0.221784979
vt 0.417747974 0.196065679
vt 0.407657325 0.221784979
vt 0.466610759 0.211401433
vt 0.448083818 0.249815375
vt 0.407657325 0.221784979
vt 0.448083818 0.249815375
vt 0.43171981 0.248255402
vt 0.705284357 0.767395496
vt 0.669356942 0.788400888
vt 0.677480698 0.760709763
vt 0.669356942 0.788400888
vt 0.705284357 0.767395496
vt 0.708628297 0.814584911
vt 0.705284357 0.767395496
vt 0.730063319 0.808216572
vt 0.708628297 0.814584911
vt 0.374869555 0.0768832788
vt 0.352738202 0.0507697091
vt 0.426789701 0.0667029098
vt 0.387543559 0.026010057
vt 0.426789701 0.0667029098
vt 0.352738202 0.0507697091
vt 0.406589359 0.0971333385
vt 0.387055457 0.10555011
vt 0.374869555 0.0768832788
vt 0.466610759 0.211401433
vt 0.417747974 0.196065679
vt 0.439906061 0.165507033
vt 0.354662955 0.0311868098
vt 0.387543559 0.026010057
vt 0.352738202 0.0507697091
vt 0.387055457 0.10555011
vt 0.406589359 0.0971333385
vt 0.401205719 0.136600271
vt 0.746478856 0.83054781
vt 0.730063319 0.808216572
vt 0.746675372 0.818888903
vt 0.439906061 0.165507033
vt 0.417747974 0.196065679
vt 0.430428088 0.14430064
vt 0.374869555 0.0768832788
vt 0.387055457 0.10555011
vt 0.367134452 0.107202619
vt 0.396109402 0.179028004
vt 0.430428088 0.14430064
vt 0.417747974 0.196065679
vt 0.352738202 0.0507697091
vt 0.374869555 0.0768832788
vt 0.330943912 0.0776301399
vt 0.708628297 0.814584911
vt 0.730063319 0.808216572
vt 0.746478856 0.83054781
vt 0.708628297 0.814584911
vt 0.712071359 0.852003634
vt 0.68837893 0.850477695
vt 0.396109402 0.179028004
vt 0.401205719 0.136600271
vt 0.430428088 0.14430064
vt 0.401205719 0.136600271
vt 0.367134452 0.107202619
vt 0.387055457 0.10555011
vt 0.746478856 0.83054781
vt 0.712071359 0.852003634
vt 0.708628297 0.814584911
vt 0.330943912 0.0776301399
vt 0.374869555 0.0768832788
vt 0.367134452 0.107202619
vt 0.352738202 0.0507697091
vt 0.330943912 0.0776301399
vt 0.327106774 0.0452800542
vt 0.367134452 0.107202619
vt 0.401205719 0.136600271
vt 0.366466284 0.14495343
vt 0.366466284 0.14495343
vt 0.401205719 0.136600271
vt 0.396109402 0.179028004
vt 0.396109402 0.179028004
vt 0.417747974 0.196065679
vt 0.373016834 0.191063687
vt 0.346726179 0.118385024
vt 0.367134452 0.107202619
vt 0.366466284 0.14495343
vt 0.366466284 0.14495343
vt 0.396109402 0.179028004
vt 0.359662086 0.162335619
vt 0.330943912 0.0776301399
vt 0.367134452 0.107202619
vt 0.346726179 0.118385024
vt 0.307366014 0.0770577788
vt 0.327106774 0.0452800542
vt 0.330943912 0.0776301399
vt 0.310812354 0.111254871
vt 0.330943912 0.0776301399
vt 0.346726179 0.118385024
vt 0.346736878 0.144549832
vt 0.346726179 0.118385024
vt 0.366466284 0.14495343
vt 0.359662086 0.162335619
vt 0.346736878 0.144549832
vt 0.366466284 0.14495343
vt 0.396109402 0.179028004
vt 0.373016834 0.191063687
vt 0.359662086 0.162335619
vt 0.34239471 0.648780704
vt 0.378286362 0.610053003
vt 0.342776507 0.67434895
vt 0.217285275 0.103613898
vt 0.18148689 0.08404506
vt 0.202355042 0.0537432805
vt 0.712071359 0.852003634
vt 0.712299824 0.887113333
vt 0.68837893 0.850477695
vt 0.287510931 0.0348116755
vt 0.327106774 0.0452800542
vt 0.307366014 0.0770577788
vt 0.310812354 0.111254871
vt 0.346726179 0.118385024
vt 0.346736878 0.144549832
vt 0.359662086 0.162335619
vt 0.373016834 0.191063687
vt 0.330906242 0.185834616
vt 0.413726628 0.656791031
vt 0.378286362 0.610053003
vt 0.408690393 0.626851559
vt 0.350827157 0.614226103
vt 0.34239471 0.648780704
vt 0.301866889 0.613355756
vt 0.664713204 0.822810531
vt 0.708628297 0.814584911
vt 0.68837893 0.850477695
vt 0.407657325 0.221784979
vt 0.373016834 0.191063687
vt 0.417747974 0.196065679
vt 0.330943912 0.0776301399
vt 0.310812354 0.111254871
vt 0.307366014 0.0770577788
vt 0.482542366 0.727650762
vt 0.501413882 0.750955224
vt 0.467020273 0.756787717
vt 0.51400733 0.767622292
vt 0.521708846 0.728053451
vt 0.560512066 0.737416029
vt 0.860856771 0.771811247
vt 0.827480793 0.77031368
vt 0.853623748 0.745747328
vt 0.827480793 0.77031368
vt 0.821076155 0.723176539
vt 0.853623748 0.745747328
vt 0.821076155 0.723176539
vt 0.827480793 0.77031368
vt 0.806400895 0.759254456
vt 0.835191011 0.68249917
vt 0.847928762 0.709541142
vt 0.821076155 0.723176539
vt 0.807651997 0.700233996
vt 0.800007939 0.69693768
vt 0.835191011 0.68249917
vt 0.820849717 0.663466692
vt 0.803280413 0.676114321
vt 0.803889513 0.640957057
vt 0.591071188 0.172676817
vt 0.615531623 0.175961867
vt 0.575187802 0.184989184
vt 0.803889513 0.640957057
vt 0.803280413 0.676114321
vt 0.786757112 0.659815133
vt 0.571566939 0.203616083
vt 0.575187802 0.184989184
vt 0.600990653 0.213232666
vt 0.776012003 0.634835124
vt 0.803889513 0.640957057
vt 0.786757112 0.659815133
vt 0.776012003 0.634835124
vt 0.793258905 0.613096058
vt 0.803889513 0.640957057
vt 0.575187802 0.184989184
vt 0.615531623 0.175961867
vt 0.600990653 0.213232666
vt 0.793258905 0.613096058
vt 0.776012003 0.634835124
vt 0.768888295 0.60657078
vt 0.600990653 0.213232666
vt 0.554913521 0.226639256
vt 0.571566939 0.203616083
vt 0.793258905 0.613096058
vt 0.768888295 0.60657078
vt 0.800207257 0.570114255
vt 0.768888295 0.60657078
vt 0.773279011 0.590250015
vt 0.800207257 0.570114255
vt 0.529602408 0.242971212
vt 0.554913521 0.226639256
vt 0.56006366 0.270843208
vt 0.535780132 0.270095587
vt 0.529602408 0.242971212
vt 0.56006366 0.270843208
vt 0.509895205 0.270532668
vt 0.529602408 0.242971212
vt 0.535780132 0.270095587
vt 0.509895205 0.270532668
vt 0.535780132 0.270095587
vt 0.508430123 0.299461305
vt 0.508430123 0.299461305
vt 0.535780132 0.270095587
vt 0.517636836 0.319843918
vt 0.517636836 0.319843918
vt 0.485478282 0.319692194
vt 0.508430123 0.299461305
vt 0.485478282 0.319692194
vt 0.517636836 0.319843918
vt 0.47592169 0.359574974
vt 0.517636836 0.319843918
vt 0.525572956 0.34590748
vt 0.505233347 0.371003062
vt 0.47592169 0.359574974
vt 0.517636836 0.319843918
vt 0.505233347 0.371003062
vt 0.47592169 0.359574974
vt 0.505233347 0.371003062
vt 0.489014924 0.390497983
vt 0.505233347 0.371003062
vt 0.525572956 0.34590748
vt 0.528149724 0.385793358
vt 0.489014924 0.390497983
vt 0.505233347 0.371003062
vt 0.528149724 0.385793358
vt 0.528149724 0.385793358
vt 0.528395176 0.420059621
vt 0.489014924 0.390497983
vt 0.528395176 0.420059621
vt 0.500344515 0.416944385
vt 0.489014924 0.390497983
vt 0.485354781 0.168107033
vt 0.519551933 0.188916489
vt 0.481027037 0.190793127
vt 0.500344515 0.416944385
vt 0.528395176 0.420059621
vt 0.499883175 0.443493366
vt 0.499883175 0.443493366
vt 0.528395176 0.420059621
vt 0.528513432 0.459807277
vt 0.506586313 0.465904951
vt 0.499883175 0.443493366
vt 0.528513432 0.459807277
vt 0.847928762 0.709541142
vt 0.86653012 0.719934642
vt 0.853623748 0.745747328
vt 0.866182923 0.694123864
vt 0.86653012 0.719934642
vt 0.847928762 0.709541142
vt 0.866182923 0.694123864
vt 0.847928762 0.709541142
vt 0.835191011 0.68249917
vt 0.866182923 0.694123864
vt 0.835191011 0.68249917
vt 0.862857223 0.671639204
vt 0.862185717 0.652205467
vt 0.862857223 0.671639204
vt 0.835191011 0.68249917
vt 0.820849717 0.663466692
vt 0.852907896 0.631522894
vt 0.835191011 0.68249917
vt 0.852907896 0.631522894
vt 0.862185717 0.652205467
vt 0.835191011 0.68249917
vt 0.852907896 0.631522894
vt 0.820849717 0.663466692
vt 0.837197125 0.630743802
vt 0.803889513 0.640957057
vt 0.837197125 0.630743802
vt 0.820849717 0.663466692
vt 0.866924524 0.62942034
vt 0.852907896 0.631522894
vt 0.870467663 0.601436794
vt 0.496449858 0.683904588
vt 0.507000506 0.664417386
vt 0.528729975 0.679550886
vt 0.516593933 0.707518816
vt 0.482542366 0.727650762
vt 0.488439739 0.705128253
vt 0.488439739 0.705128253
vt 0.496449858 0.683904588
vt 0.516593933 0.707518816
vt 0.837197125 0.630743802
vt 0.803889513 0.640957057
vt 0.818085372 0.615929127
vt 0.516593933 0.707518816
vt 0.496449858 0.683904588
vt 0.528729975 0.679550886
vt 0.537911654 0.641705751
vt 0.528729975 0.679550886
vt 0.507000506 0.664417386
vt 0.870467663 0.601436794
vt 0.852907896 0.631522894
vt 0.855703175 0.589996934
vt 0.837197125 0.630743802
vt 0.855703175 0.589996934
vt 0.852907896 0.631522894
vt 0.516593933 0.707518816
vt 0.521708846 0.728053451
vt 0.482542366 0.727650762
vt 0.537911654 0.641705751
vt 0.559722543 0.661813915
vt 0.528729975 0.679550886
vt 0.855703175 0.589996934
vt 0.837197125 0.630743802
vt 0.818085372 0.615929127
vt 0.803889513 0.640957057
vt 0.793258905 0.613096058
vt 0.818085372 0.615929127
vt 0.559722543 0.661813915
vt 0.537911654 0.641705751
vt 0.572080612 0.638237
vt 0.821300626 0.585885167
vt 0.855703175 0.589996934
vt 0.818085372 0.615929127
vt 0.554968178 0.635843456
vt 0.572080612 0.638237
vt 0.537911654 0.641705751
vt 0.544175148 0.698524714
vt 0.516593933 0.707518816
vt 0.528729975 0.679550886
vt 0.544175148 0.698524714
vt 0.521708846 0.728053451
vt 0.516593933 0.707518816
vt 0.821300626 0.585885167
vt 0.818085372 0.615929127
vt 0.793258905 0.613096058
vt 0.862138748 0.562085032
vt 0.855703175 0.589996934
vt 0.821300626 0.585885167
vt 0.862138748 0.562085032
vt 0.879581571 0.581432164
vt 0.855703175 0.589996934
vt 0.559722543 0.661813915
vt 0.544175148 0.698524714
vt 0.528729975 0.679550886
vt 0.862138748 0.562085032
vt 0.821300626 0.585885167
vt 0.841504693 0.552951217
vt 0.793258905 0.613096058
vt 0.800207257 0.570114255
vt 0.821300626 0.585885167
vt 0.841504693 0.552951217
vt 0.821300626 0.585885167
vt 0.800207257 0.570114255
vt 0.551419318 0.00813062768
vt 0.586453676 0.00632596994
vt 0.601399064 0.0270382091
vt 0.544175148 0.698524714
vt 0.560512066 0.737416029
vt 0.521708846 0.728053451
vt 0.601399064 0.0270382091
vt 0.627203703 0.0634347722
vt 0.591826558 0.051605504
vt 0.633758664 0.0932931975
vt 0.591826558 0.051605504
vt 0.627203703 0.0634347722
vt 0.597727239 0.63938427
vt 0.5735026 0.611886263
vt 0.61302495 0.617966235
vt 0.544175148 0.698524714
vt 0.559722543 0.661813915
vt 0.586424291 0.688288867
vt 0.559722543 0.661813915
vt 0.572080612 0.638237
vt 0.597727239 0.63938427
vt 0.560512066 0.737416029
vt 0.544175148 0.698524714
vt 0.576636672 0.717829227
vt 0.551419318 0.00813062768
vt 0.601399064 0.0270382091
vt 0.549179673 0.035411112
vt 0.544175148 0.698524714
vt 0.586424291 0.688288867
vt 0.576636672 0.717829227
vt 0.601399064 0.0270382091
vt 0.591826558 0.051605504
vt 0.549179673 0.035411112
vt 0.586584866 0.68320936
vt 0.559722543 0.661813915
vt 0.597727239 0.63938427
vt 0.633758664 0.0932931975
vt 0.591305614 0.0958365351
vt 0.591826558 0.051605504
vt 0.591305614 0.0958365351
vt 0.633758664 0.0932931975
vt 0.618014574 0.116765969
vt 0.586424291 0.688288867
vt 0.599368691 0.718602657
vt 0.576636672 0.717829227
vt 0.557383299 0.0926441401
vt 0.591826558 0.051605504
vt 0.591305614 0.0958365351
vt 0.591826558 0.051605504
vt 0.557383299 0.0926441401
vt 0.549179673 0.035411112
vt 0.597015142 0.128376991
vt 0.591305614 0.0958365351
vt 0.618014574 0.116765969
vt 0.749146879 0.663472712
vt 0.716075182 0.636471272
vt 0.735717118 0.639727294
vt 0.677190781 0.641176462
vt 0.716075182 0.636471272
vt 0.690566003 0.667434156
vt 0.690566003 0.667434156
vt 0.665430367 0.655988395
vt 0.677190781 0.641176462
vt 0.549179673 0.035411112
vt 0.510560215 0.0195927657
vt 0.534463942 0.00864363182
vt 0.557383299 0.0926441401
vt 0.591305614 0.0958365351
vt 0.565084934 0.15132305
vt 0.591305614 0.0958365351
vt 0.597015142 0.128376991
vt 0.565084934 0.15132305
vt 0.716075182 0.636471272
vt 0.749146879 0.663472712
vt 0.72679162 0.68347168
vt 0.690566003 0.667434156
vt 0.716075182 0.636471272
vt 0.72679162 0.68347168
vt 0.549179673 0.035411112
vt 0.557383299 0.0926441401
vt 0.51255399 0.0720901042
vt 0.510560215 0.0195927657
vt 0.549179673 0.035411112
vt 0.51255399 0.0720901042
vt 0.643051088 0.747919083
vt 0.599368691 0.718602657
vt 0.629438043 0.732183695
vt 0.919183671 0.386460274
vt 0.950214505 0.384103388
vt 0.970496774 0.402966022
vt 0.687417507 0.690241456
vt 0.690566003 0.667434156
vt 0.72679162 0.68347168
vt 0.51255399 0.0720901042
vt 0.557383299 0.0926441401
vt 0.507413149 0.107916787
vt 0.919183671 0.386460274
vt 0.970496774 0.402966022
vt 0.934836864 0.425675988
vt 0.72679162 0.68347168
vt 0.749146879 0.663472712
vt 0.74246043 0.698019385
vt 0.510560215 0.0195927657
vt 0.51255399 0.0720901042
vt 0.483499259 0.0693353862
vt 0.557383299 0.0926441401
vt 0.565084934 0.15132305
vt 0.523900807 0.145475432
vt 0.523900807 0.145475432
vt 0.507413149 0.107916787
vt 0.557383299 0.0926441401
vt 0.687417507 0.690241456
vt 0.72679162 0.68347168
vt 0.695030868 0.713723063
vt 0.510560215 0.0195927657
vt 0.483499259 0.0693353862
vt 0.465144187 0.0245274976
vt 0.970496774 0.402966022
vt 0.981931031 0.417258292
vt 0.934836864 0.425675988
vt 0.695030868 0.713723063
vt 0.72679162 0.68347168
vt 0.734706163 0.736139178
vt 0.483499259 0.0693353862
vt 0.51255399 0.0720901042
vt 0.507413149 0.107916787
vt 0.734706163 0.736139178
vt 0.72679162 0.68347168
vt 0.74246043 0.698019385
vt 0.523900807 0.145475432
vt 0.479831666 0.136573821
vt 0.507413149 0.107916787
vt 0.94141233 0.480627447
vt 0.934836864 0.425675988
vt 0.981931031 0.417258292
vt 0.465144187 0.0245274976
vt 0.483499259 0.0693353862
vt 0.446240187 0.0957404524
vt 0.695030868 0.713723063
vt 0.734706163 0.736139178
vt 0.692368209 0.730253994
vt 0.479831666 0.136573821
vt 0.523900807 0.145475432
vt 0.485354781 0.168107033
vt 0.485354781 0.168107033
vt 0.523900807 0.145475432
vt 0.519551933 0.188916489
vt 0.981931031 0.417258292
vt 0.97834146 0.465598464
vt 0.94141233 0.480627447
vt 0.978503466 0.437767297
vt 0.97834146 0.465598464
vt 0.981931031 0.417258292
vt 0.483499259 0.0693353862
vt 0.507413149 0.107916787
vt 0.471168876 0.113536894
vt 0.426789701 0.0667029098
vt 0.465144187 0.0245274976
vt 0.446240187 0.0957404524
vt 0.427477121 0.0215412155
vt 0.465144187 0.0245274976
vt 0.426789701 0.0667029098
vt 0.692368209 0.730253994
vt 0.734706163 0.736139178
vt 0.732839823 0.774427474
vt 0.446240187 0.0957404524
vt 0.483499259 0.0693353862
vt 0.471168876 0.113536894
vt 0.479831666 0.136573821
vt 0.471168876 0.113536894
vt 0.507413149 0.107916787
vt 0.692368209 0.730253994
vt 0.732839823 0.774427474
vt 0.705284357 0.767395496
vt 0.471168876 0.113536894
vt 0.479831666 0.136573821
vt 0.430428088 0.14430064
vt 0.446240187 0.0957404524
vt 0.471168876 0.113536894
vt 0.430428088 0.14430064
vt 0.426789701 0.0667029098
vt 0.387543559 0.026010057
vt 0.427477121 0.0215412155
vt 0.439906061 0.165507033
vt 0.479831666 0.136573821
vt 0.485354781 0.168107033
vt 0.479831666 0.136573821
vt 0.439906061 0.165507033
vt 0.430428088 0.14430064
vt 0.406589359 0.0971333385
vt 0.426789701 0.0667029098
vt 0.446240187 0.0957404524
vt 0.86653012 0.719934642
vt 0.876043916 0.751338243
vt 0.853623748 0.745747328
vt 0.560512066 0.737416029
vt 0.576636672 0.717829227
vt 0.585754395 0.759615421
vt 0.595526814 0.753976226
vt 0.599368691 0.718602657
vt 0.643051088 0.747919083
vt 0.835191011 0.68249917
vt 0.803280413 0.676114321
vt 0.820849717 0.663466692
vt 0.519551933 0.188916489
vt 0.523900807 0.145475432
vt 0.541125536 0.175273567
vt 0.847928762 0.709541142
vt 0.853623748 0.745747328
vt 0.821076155 0.723176539
vt 0.501413882 0.750955224
vt 0.482542366 0.727650762
vt 0.521708846 0.728053451
vt 0.585754395 0.759615421
vt 0.576636672 0.717829227
vt 0.599368691 0.718602657
vt 0.523900807 0.145475432
vt 0.565084934 0.15132305
vt 0.541125536 0.175273567
vt 0.934836864 0.425675988
vt 0.94141233 0.480627447
vt 0.924663603 0.456193298
vt 0.20278275 0.430190444
vt 0.221134424 0.458756328
vt 0.176769748 0.45143503
vt 0.298320115 0.321643353
vt 0.324077427 0.337276638
vt 0.323042035 0.373447031
vt 0.259250343 0.388894677
vt 0.266551226 0.421167642
vt 0.20278275 0.430190444
vt 0.19105491 0.526423395
vt 0.223823726 0.539665997
vt 0.183298782 0.55383426
vt 0.236015618 0.575230122
vt 0.208254278 0.569779813
vt 0.223823726 0.539665997
vt 0.27875948 0.603896201
vt 0.27603513 0.583025575
vt 0.301866889 0.613355756
vt 0.34239471 0.648780704
vt 0.350827157 0.614226103
vt 0.378286362 0.610053003
vt 0.151011795 0.774244785
vt 0.180306166 0.803779244
vt 0.139314979 0.797312021
vt 0.359866917 0.356617451
vt 0.324077427 0.337276638
vt 0.346873671 0.296342909
vt 0.401479274 0.342324495
vt 0.415597886 0.390615165
vt 0.38297984 0.374548078
vt 0.413726628 0.656791031
vt 0.408690393 0.626851559
vt 0.440018982 0.636657357
vt 0.449501753 0.46632123
vt 0.413563192 0.463374436
vt 0.427287161 0.427647352
vt 0.449501753 0.46632123
vt 0.441386521 0.498253524
vt 0.413563192 0.463374436
vt 0.427320778 0.54369539
vt 0.457085282 0.573364437
vt 0.415739208 0.58244127
vt 0.614426434 0.852286816
vt 0.607004821 0.804863453
vt 0.628790736 0.82869029
vt 0.957670987 0.509836555
vt 0.94141233 0.480627447
vt 0.981709659 0.490044892
vt 0.0878159851 0.878219604
vt 0.0762338936 0.849356413
vt 0.100704141 0.845020413
vt 0.101912357 0.490279615
vt 0.131853238 0.465098739
vt 0.133976847 0.508548081
vt 0.831616879 0.818152547
vt 0.824804127 0.823360622
vt 0.814044833 0.801467657
vt 0.736431122 0.116020702
vt 0.763960183 0.128260612
vt 0.72069943 0.143505186
vt 0.773638606 0.0967531949
vt 0.782488942 0.0679453388
vt 0.795779705 0.0942799896
vt 0.844825506 0.143025041
vt 0.820940971 0.150915757
vt 0.81885004 0.126363069
vt 0.818481207 0.21562247
vt 0.802381516 0.183940083
vt 0.836526096 0.202665389
vt 0.21428895 0.30595234
vt 0.190857649 0.281845421
vt 0.245311975 0.286804706
vt 0.848301768 0.303454012
vt 0.889003456 0.276279688
vt 0.910352945 0.307078779
vt 0.880779147 0.34149
vt 0.908050597 0.33070451
vt 0.90106082 0.35518986
vt 0.268208683 0.361052781
vt 0.255802184 0.317436486
vt 0.298320115 0.321643353
vt 0.268208683 0.361052781
vt 0.298320115 0.321643353
vt 0.323042035 0.373447031
vt 0.712290227 0.0620678887
vt 0.690993905 0.0969007611
vt 0.681298137 0.0634285957
vt 0.712290227 0.0620678887
vt 0.708439767 0.0929922014
vt 0.690993905 0.0969007611
vt 0.782488942 0.0679453388
vt 0.822367489 0.0833878368
vt 0.795779705 0.0942799896
vt 0.822367489 0.0833878368
vt 0.807438612 0.0465060622
vt 0.84803611 0.058431942
vt 0.939965248 0.0331397094
vt 0.913496256 0.0492211431
vt 0.90864265 0.0276986621
vt 0.145080596 0.858590603
vt 0.114272788 0.818858504
vt 0.144323319 0.819757938
vt 0.180306166 0.803779244
vt 0.208071217 0.775058389
vt 0.216420427 0.80589354
vt 0.585754395 0.759615421
vt 0.545471787 0.773178458
vt 0.560512066 0.737416029
vt 0.588698864 0.785853326
vt 0.603784144 0.770373642
vt 0.607004821 0.804863453
vt 0.596884787 0.462353945
vt 0.626325071 0.433393359
vt 0.619624496 0.489580035
vt 0.807283938 0.408179939
vt 0.847436607 0.411447495
vt 0.821357727 0.438714743
vt 0.821357727 0.438714743
vt 0.785072505 0.432008326
vt 0.807283938 0.408179939
vt 0.785072505 0.432008326
vt 0.821357727 0.438714743
vt 0.772751212 0.4701401
vt 0.557594001 0.458350092
vt 0.53898263 0.494041979
vt 0.528513432 0.459807277
vt 0.7436499 0.161333054
vt 0.72069943 0.143505186
vt 0.763960183 0.128260612
vt 0.7436499 0.161333054
vt 0.763960183 0.128260612
vt 0.777005196 0.16808778
vt 0.791582823 0.209961116
vt 0.802381516 0.183940083
vt 0.818481207 0.21562247
vt 0.808110356 0.237642616
vt 0.818481207 0.21562247
vt 0.845803499 0.236190662
vt 0.848301768 0.303454012
vt 0.858371794 0.27313
vt 0.889003456 0.276279688
vt 0.880779147 0.34149
vt 0.848301768 0.303454012
vt 0.910352945 0.307078779
vt 0.619624496 0.489580035
vt 0.665784001 0.442441493
vt 0.659047127 0.483593374
vt 0.665784001 0.442441493
vt 0.688842833 0.481541693
vt 0.659047127 0.483593374
vt 0.807283938 0.408179939
vt 0.828495562 0.380807459
vt 0.847436607 0.411447495
vt 0.600990653 0.213232666
vt 0.615531623 0.175961867
vt 0.63453275 0.193168342
vt 0.554913521 0.226639256
vt 0.600990653 0.213232666
vt 0.591186821 0.238564312
vt 0.528149724 0.385793358
vt 0.554555237 0.402866304
vt 0.528395176 0.420059621
vt 0.528513432 0.459807277
vt 0.528395176 0.420059621
vt 0.557594001 0.458350092
vt 0.80428201 0.78866756
vt 0.827480793 0.77031368
vt 0.811730325 0.792287111
vt 0.68837893 0.850477695
vt 0.712299824 0.887113333
vt 0.683370113 0.897237599
vt 0.702362001 0.910861194
vt 0.69070226 0.924487531
vt 0.683370113 0.897237599
vt 0.987376809 0.51928252
vt 0.957670987 0.509836555
vt 0.981709659 0.490044892
vt 0.319619358 0.805061936
vt 0.290786922 0.769189835
vt 0.338334858 0.776615977
vt 0.306844503 0.681955278
vt 0.31253925 0.634488583
vt 0.34239471 0.648780704
vt 0.514124036 0.474683046
vt 0.528513432 0.459807277
vt 0.53898263 0.494041979
vt 0.705284357 0.767395496
vt 0.732839823 0.774427474
vt 0.730063319 0.808216572
vt 0.446240187 0.0957404524
vt 0.401205719 0.136600271
vt 0.406589359 0.0971333385
vt 0.481027037 0.190793127
vt 0.466610759 0.211401433
vt 0.439906061 0.165507033
vt 0.837438285 0.800869107
vt 0.814044833 0.801467657
vt 0.831717849 0.794390023
vt 0.521708846 0.728053451
vt 0.51400733 0.767622292
vt 0.501413882 0.750955224
vt 0.51400733 0.767622292
vt 0.560512066 0.737416029
vt 0.545471787 0.773178458
vt 0.806400895 0.759254456
vt 0.797463 0.739712
vt 0.821076155 0.723176539
vt 0.554913521 0.226639256
vt 0.591186821 0.238564312
vt 0.56006366 0.270843208
vt 0.56006366 0.270843208
vt 0.517636836 0.319843918
vt 0.535780132 0.270095587
vt 0.574002862 0.293680608
vt 0.56228435 0.339081436
vt 0.517636836 0.319843918
vt 0.525572956 0.34590748
vt 0.517636836 0.319843918
vt 0.56228435 0.339081436
vt 0.572080612 0.638237
vt 0.5735026 0.611886263
vt 0.597727239 0.63938427
vt 0.705284357 0.767395496
vt 0.677480698 0.760709763
vt 0.692368209 0.730253994
vt 0.426789701 0.0667029098
vt 0.406589359 0.0971333385
vt 0.374869555 0.0768832788
vt 0.485354781 0.168107033
vt 0.481027037 0.190793127
vt 0.439906061 0.165507033
vt 0.430428088 0.14430064
vt 0.401205719 0.136600271
vt 0.446240187 0.0957404524
vn 0.979328136 -0.2017502 -0.0146034124
vn 0.99821276 -0.0508968907 -0.0313176105
vn 0.926548485 -0.368241938 0.0768490735
vn 0.99821276 -0.0508968907 -0.0313176105
vn 0.926984127 -0.371727203 -0.0501927736
vn 0.926548485 -0.368241938 0.0768490735
vn 0.906557244 0.00909024984 0.42198499
vn 0.964325118 -0.0829928261 0.251374734
vn 0.950053666 -0.171456168 0.260769658
vn 0.926548485 -0.368241938 0.0768490735
vn 0.926984127 -0.371727203 -0.0501927736
vn 0.937429052 -0.290518725 -0.191900086
vn 0.926984127 -0.371727203 -0.0501927736
vn 0.999489895 -0.0308747065 -0.00816712291
vn 0.937429052 -0.290518725 -0.191900086
vn 0.879314172 -0.458388353 -0.129177026
vn 0.979328136 -0.2017502 -0.0146034124
vn 0.926548485 -0.368241938 0.0768490735
vn 0.964325118 -0.0829928261 0.251374734
vn 0.966772894 0.0228029708 0.254617745
vn 0.716526287 -0.498124343 0.488325935
vn 0.937429052 -0.290518725 -0.191900086
vn 0.999489895 -0.0308747065 -0.00816712291
vn 0.947684062 -0.31747121 0.0332708587
vn 0.97674993 -0.19128736 -0.0967921498
vn 0.926548485 -0.368241938 0.0768490735
vn 0.937429052 -0.290518725 -0.191900086
vn 0.926548485 -0.368241938 0.0768490735
vn 0.97674993 -0.19128736 -0.0967921498
vn 0.879314172 -0.458388353 -0.129177026
vn 0.933633558 -0.323489574 0.153892412
vn 0.950053666 -0.171456168 0.260769658
vn 0.964325118 -0.0829928261 0.251374734
vn 0.947684062 -0.31747121 0.0332708587
vn 0.98111834 0.0472742328 0.187541861
vn 0.933633558 -0.323489574 0.153892412
vn 0.947684062 -0.31747121 0.0332708587
vn 0.901691314 -0.415836303 -0.118460729
vn 0.937429052 -0.290518725 -0.191900086
vn 0.964325118 -0.0829928261 0.251374734
vn 0.716526287 -0.498124343 0.488325935
vn 0.695142815 -0.593456872 0.405691271
vn 0.9580999 -0.25283356 0.134609707
vn 0.933633558 -0.323489574 0.153892412
vn 0.964325118 -0.0829928261 0.251374734
vn 0.947684062 -0.31747121 0.0332708587
vn 0.933633558 -0.323489574 0.153892412
vn 0.89444198 -0.446431258 -0.0259359819
vn 0.97674993 -0.19128736 -0.0967921498
vn 0.937429052 -0.290518725 -0.191900086
vn 0.952354911 -0.30099379 -0.0492225806
vn 0.964325118 -0.0829928261 0.251374734
vn 0.82520905 -0.500938016 0.260942766
vn 0.9580999 -0.25283356 0.134609707
vn 0.825020846 -0.564847307 0.0169742132
vn 0.901691314 -0.415836303 -0.118460729
vn 0.947684062 -0.31747121 0.0332708587
vn 0.952354911 -0.30099379 -0.0492225806
vn 0.937429052 -0.290518725 -0.191900086
vn 0.901691314 -0.415836303 -0.118460729
vn 0.82520905 -0.500938016 0.260942766
vn 0.964325118 -0.0829928261 0.251374734
vn 0.695142815 -0.593456872 0.405691271
vn 0.89444198 -0.446431258 -0.0259359819
vn 0.825020846 -0.564847307 0.0169742132
vn 0.947684062 -0.31747121 0.0332708587
vn 0.89444198 -0.446431258 -0.0259359819
vn 0.933633558 -0.323489574 0.153892412
vn 0.888105541 -0.459342196 -0.0165316718
vn 0.825020846 -0.564847307 0.0169742132
vn 0.952354911 -0.30099379 -0.0492225806
vn 0.901691314 -0.415836303 -0.118460729
vn 0.933633558 -0.323489574 0.153892412
vn 0.9580999 -0.25283356 0.134609707
vn 0.888105541 -0.459342196 -0.0165316718
vn 0.354012316 -0.760908914 0.543776521
vn 0.82520905 -0.500938016 0.260942766
vn 0.695142815 -0.593456872 0.405691271
vn 0.825020846 -0.564847307 0.0169742132
vn 0.89444198 -0.446431258 -0.0259359819
vn 0.856742842 -0.515695144 -0.00708671133
vn 0.952354911 -0.30099379 -0.0492225806
vn 0.924700771 -0.359686395 -0.124716405
vn 0.97674993 -0.19128736 -0.0967921498
vn 0.952354911 -0.30099379 -0.0492225806
vn 0.825020846 -0.564847307 0.0169742132
vn 0.856742842 -0.515695144 -0.00708671133
vn 0.812991478 -0.580331173 0.0475456215
vn 0.924700771 -0.359686395 -0.124716405
vn 0.952354911 -0.30099379 -0.0492225806
vn 0.952354911 -0.30099379 -0.0492225806
vn 0.856742842 -0.515695144 -0.00708671133
vn 0.812991478 -0.580331173 0.0475456215
vn 0.856742842 -0.515695144 -0.00708671133
vn 0.89444198 -0.446431258 -0.0259359819
vn 0.888105541 -0.459342196 -0.0165316718
vn 0.717821428 -0.68055106 0.146910356
vn 0.888105541 -0.459342196 -0.0165316718
vn 0.9580999 -0.25283356 0.134609707
vn 0.717821428 -0.68055106 0.146910356
vn 0.9580999 -0.25283356 0.134609707
vn 0.82520905 -0.500938016 0.260942766
vn 0.82520905 -0.500938016 0.260942766
vn 0.354012316 -0.760908914 0.543776521
vn 0.717821428 -0.68055106 0.146910356
vn 0.812991478 -0.580331173 0.0475456215
vn 0.789590361 -0.613626601 0.00307499874
vn 0.924700771 -0.359686395 -0.124716405
vn 0.717821428 -0.68055106 0.146910356
vn 0.354012316 -0.760908914 0.543776521
vn 0.47703212 -0.694878153 0.538130754
vn 0.856742842 -0.515695144 -0.00708671133
vn 0.637430296 -0.76650892 -0.0784008486
vn 0.812991478 -0.580331173 0.0475456215
vn 0.888105541 -0.459342196 -0.0165316718
vn 0.71603174 -0.690527629 -0.102323704
vn 0.856742842 -0.515695144 -0.00708671133
vn 0.812991478 -0.580331173 0.0475456215
vn 0.571642498 -0.817397327 -0.0713194509
vn 0.789590361 -0.613626601 0.00307499874
vn 0.71603174 -0.690527629 -0.102323704
vn 0.888105541 -0.459342196 -0.0165316718
vn 0.717821428 -0.68055106 0.146910356
vn 0.571642498 -0.817397327 -0.0713194509
vn 0.637430296 -0.76650892 -0.0784008486
vn 0.332765603 -0.91846351 -0.213756483
vn 0.812991478 -0.580331173 0.0475456215
vn 0.637430296 -0.76650892 -0.0784008486
vn 0.571642498 -0.817397327 -0.0713194509
vn 0.402431023 -0.91495457 0.0301231714
vn 0.571642498 -0.817397327 -0.0713194509
vn 0.332765603 -0.91846351 -0.213756483
vn 0.409581363 -0.905001157 -0.114960923
vn 0.295103993 -0.955179798 0.0233492513
vn 0.402431023 -0.91495457 0.0301231714
vn 0.637430296 -0.76650892 -0.0784008486
vn 0.856742842 -0.515695144 -0.00708671133
vn 0.561101272 -0.815378626 -0.142558966
vn 0.332765603 -0.91846351 -0.213756483
vn 0.409581363 -0.905001157 -0.114960923
vn 0.402431023 -0.91495457 0.0301231714
vn 0.71603174 -0.690527629 -0.102323704
vn 0.561101272 -0.815378626 -0.142558966
vn 0.856742842 -0.515695144 -0.00708671133
vn 0.402431023 -0.91495457 0.0301231714
vn 0.789590361 -0.613626601 0.00307499874
vn 0.571642498 -0.817397327 -0.0713194509
vn 0.71603174 -0.690527629 -0.102323704
vn 0.717821428 -0.68055106 0.146910356
vn 0.445160677 -0.895023744 -0.0276490332
vn 0.409581363 -0.905001157 -0.114960923
vn 0.332765603 -0.91846351 -0.213756483
vn 0.37347816 -0.909485246 -0.182621606
vn 0.445160677 -0.895023744 -0.0276490332
vn 0.717821428 -0.68055106 0.146910356
vn 0.47703212 -0.694878153 0.538130754
vn 0.332765603 -0.91846351 -0.213756483
vn 0.637430296 -0.76650892 -0.0784008486
vn 0.561101272 -0.815378626 -0.142558966
vn 0.37347816 -0.909485246 -0.182621606
vn 0.332765603 -0.91846351 -0.213756483
vn 0.561101272 -0.815378626 -0.142558966
vn 0.273062578 -0.934529393 -0.228235937
vn 0.37347816 -0.909485246 -0.182621606
vn 0.561101272 -0.815378626 -0.142558966
vn 0.37347816 -0.909485246 -0.182621606
vn 0.418050872 -0.890674984 -0.178693987
vn 0.409581363 -0.905001157 -0.114960923
vn 0.295103993 -0.955179798 0.0233492513
vn 0.409581363 -0.905001157 -0.114960923
vn 0.418050872 -0.890674984 -0.178693987
vn 0.561101272 -0.815378626 -0.142558966
vn 0.71603174 -0.690527629 -0.102323704
vn 0.445160677 -0.895023744 -0.0276490332
vn 0.561101272 -0.815378626 -0.142558966
vn 0.445160677 -0.895023744 -0.0276490332
vn 0.273062578 -0.934529393 -0.228235937
vn 0.37347816 -0.909485246 -0.182621606
vn 0.273062578 -0.934529393 -0.228235937
vn 0.259049132 -0.96359884 -0.0661121941
vn 0.418050872 -0.890674984 -0.178693987
vn 0.37347816 -0.909485246 -0.182621606
vn 0.161579628 -0.985655663 -0.0487333394
vn 0.209321135 -0.931985772 0.295951318
vn 0.259049132 -0.96359884 -0.0661121941
vn 0.273062578 -0.934529393 -0.228235937
vn -0.347097917 -0.0831872335 0.934132175
vn -0.463816323 0.0138520731 0.885823086
vn -0.468997053 -0.0437705574 0.88211445
vn 0.122826736 -0.232797258 0.964737803
vn -0.463816323 0.0138520731 0.885823086
vn -0.4895233 0.15197553 0.8586445
vn 0.446035633 0.0308902364 0.894481977
vn 0.122826736 -0.232797258 0.964737803
vn 0.716526287 -0.498124343 0.488325935
vn -0.4895233 0.15197553 0.8586445
vn -0.0707489994 -0.496170638 0.865337666
vn 0.122826736 -0.232797258 0.964737803
vn 0.207742511 -0.881839747 0.423322228
vn 0.122826736 -0.232797258 0.964737803
vn -0.0707489994 -0.496170638 0.865337666
vn 0.716526287 -0.498124343 0.488325935
vn 0.122826736 -0.232797258 0.964737803
vn 0.207742511 -0.881839747 0.423322228
vn 0.207742511 -0.881839747 0.423322228
vn 0.271079119 -0.84990673 0.451856904
vn 0.252790091 -0.80912452 0.530485326
vn 0.695142815 -0.593456872 0.405691271
vn 0.716526287 -0.498124343 0.488325935
vn 0.207742511 -0.881839747 0.423322228
vn 0.252790091 -0.80912452 0.530485326
vn 0.271079119 -0.84990673 0.451856904
vn 0.343333444 -0.730688375 0.590098843
vn 0.207742511 -0.881839747 0.423322228
vn 0.252790091 -0.80912452 0.530485326
vn 0.695142815 -0.593456872 0.405691271
vn 0.354012316 -0.760908914 0.543776521
vn 0.252790091 -0.80912452 0.530485326
vn 0.299838522 -0.749115133 0.590697366
vn 0.343333444 -0.730688375 0.590098843
vn 0.299838522 -0.749115133 0.590697366
vn 0.252790091 -0.80912452 0.530485326
vn 0.299838522 -0.749115133 0.590697366
vn 0.343333444 -0.730688375 0.590098843
vn 0.31075575 -0.798055105 0.516274069
vn 0.354012316 -0.760908914 0.543776521
vn 0.299838522 -0.749115133 0.590697366
vn 0.47703212 -0.694878153 0.538130754
vn 0.165976059 -0.758023008 0.630755948
vn 0.299838522 -0.749115133 0.590697366
vn 0.31075575 -0.798055105 0.516274069
vn -0.111879421 -0.993144016 0.0338815481
vn 0.0714812772 -0.995666882 0.0594801358
vn -0.135776402 -0.951425503 0.276322785
vn 0.246053439 -0.910674853 0.331856922
vn 0.165976059 -0.758023008 0.630755948
vn 0.31075575 -0.798055105 0.516274069
vn 0.299838522 -0.749115133 0.590697366
vn 0.165976059 -0.758023008 0.630755948
vn 0.47703212 -0.694878153 0.538130754
vn 0.47703212 -0.694878153 0.538130754
vn 0.165976059 -0.758023008 0.630755948
vn 0.209321135 -0.931985772 0.295951318
vn 0.143173258 -0.968798903 0.202311897
vn 0.165976059 -0.758023008 0.630755948
vn 0.246053439 -0.910674853 0.331856922
vn -0.111879421 -0.993144016 0.0338815481
vn -0.135776402 -0.951425503 0.276322785
vn 0.161579628 -0.985655663 -0.0487333394
vn 0.0824369562 -0.996562866 0.00816105377
vn -0.00588568732 -0.995502613 -0.094551081
vn 0.143173258 -0.968798903 0.202311897
vn -0.00588568732 -0.995502613 -0.094551081
vn -0.111879421 -0.993144016 0.0338815481
vn 0.161579628 -0.985655663 -0.0487333394
vn 0.209321135 -0.931985772 0.295951318
vn 0.165976059 -0.758023008 0.630755948
vn 0.143173258 -0.968798903 0.202311897
vn -0.00588568732 -0.995502613 -0.094551081
vn 0.259049132 -0.96359884 -0.0661121941
vn 0.143173258 -0.968798903 0.202311897
vn 0.161579628 -0.985655663 -0.0487333394
vn 0.259049132 -0.96359884 -0.0661121941
vn -0.00588568732 -0.995502613 -0.094551081
vn 0.0824369562 -0.996562866 0.00816105377
vn 0.143173258 -0.968798903 0.202311897
vn 0.246053439 -0.910674853 0.331856922
vn 0.209321135 -0.931985772 0.295951318
vn 0.445160677 -0.895023744 -0.0276490332
vn 0.47703212 -0.694878153 0.538130754
vn 0.259049132 -0.96359884 -0.0661121941
vn 0.209321135 -0.931985772 0.295951318
vn 0.143173258 -0.968798903 0.202311897
vn 0.354012316 -0.760908914 0.543776521
vn 0.695142815 -0.593456872 0.405691271
vn 0.252790091 -0.80912452 0.530485326
vn 0.37347816 -0.909485246 -0.182621606
vn 0.259049132 -0.96359884 -0.0661121941
vn 0.161579628 -0.985655663 -0.0487333394
vn 0.273062578 -0.934529393 -0.228235937
vn 0.445160677 -0.895023744 -0.0276490332
vn 0.209321135 -0.931985772 0.295951318
vn -0.558903647 -0.0281319065 0.828755277
vn -0.666979041 0.0782356893 0.74095758
vn -0.565723613 -0.0470718071 0.823250289
vn -0.558903647 -0.0281319065 0.828755277
vn -0.501101178 0.071531256 0.862427324
vn -0.412849583 -0.0551277372 0.909129339
vn -0.565416776 0.0228796536 0.824487957
vn -0.595239416 0.0949980864 0.797913154
vn -0.491595135 -0.0622936208 0.868592959
vn -0.468997053 -0.0437705574 0.88211445
vn -0.501101178 0.071531256 0.862427324
vn -0.396985819 0.109304262 0.911292948
vn -0.565723613 -0.0470718071 0.823250289
vn -0.565416776 0.0228796536 0.824487957
vn -0.491595135 -0.0622936208 0.868592959
vn -0.574368136 0.00642692782 0.81857189
vn -0.558903647 -0.0281319065 0.828755277
vn -0.565723613 -0.0470718071 0.823250289
vn -0.468997053 -0.0437705574 0.88211445
vn -0.396985819 0.109304262 0.911292948
vn -0.347097917 -0.0831872335 0.934132175
vn -0.396985819 0.109304262 0.911292948
vn -0.501101178 0.071531256 0.862427324
vn -0.558903647 -0.0281319065 0.828755277
vn -0.574368136 0.00642692782 0.81857189
vn -0.396985819 0.109304262 0.911292948
vn -0.558903647 -0.0281319065 0.828755277
vn -0.491595135 -0.0622936208 0.868592959
vn -0.595239416 0.0949980864 0.797913154
vn -0.630380029 0.0546236294 0.774362498
vn -0.630380029 0.0546236294 0.774362498
vn -0.667884044 0.0622074932 0.741661063
vn -0.724261642 -0.0109736081 0.689437926
vn -0.574368136 0.00642692782 0.81857189
vn -0.565723613 -0.0470718071 0.823250289
vn -0.675024372 -0.00556915657 0.737774411
vn -0.848094557 -0.0376484633 0.528505644
vn -0.893453057 -0.188743158 0.407575337
vn -0.724261642 -0.0109736081 0.689437926
vn -0.595239416 0.0949980864 0.797913154
vn -0.667884044 0.0622074932 0.741661063
vn -0.630380029 0.0546236294 0.774362498
vn -0.893453057 -0.188743158 0.407575337
vn -0.848094557 -0.0376484633 0.528505644
vn -0.888839304 -0.102117851 0.446695238
vn -0.347097917 -0.0831872335 0.934132175
vn -0.396985819 0.109304262 0.911292948
vn -0.4895233 0.15197553 0.8586445
vn -0.396985819 0.109304262 0.911292948
vn -0.574368136 0.00642692782 0.81857189
vn -0.446045141 -0.0426959749 0.893991491
vn -0.491595135 -0.0622936208 0.868592959
vn -0.630380029 0.0546236294 0.774362498
vn -0.490436387 -0.0876219816 0.867060862
vn -0.565723613 -0.0470718071 0.823250289
vn -0.491595135 -0.0622936208 0.868592959
vn -0.588794242 0.0327023311 0.807621135
vn -0.396985819 0.109304262 0.911292948
vn -0.446045141 -0.0426959749 0.893991491
vn -0.4895233 0.15197553 0.8586445
vn -0.675024372 -0.00556915657 0.737774411
vn -0.565723613 -0.0470718071 0.823250289
vn -0.588794242 0.0327023311 0.807621135
vn -0.491595135 -0.0622936208 0.868592959
vn -0.490436387 -0.0876219816 0.867060862
vn -0.588794242 0.0327023311 0.807621135
vn -0.724261642 -0.0109736081 0.689437926
vn -0.893453057 -0.188743158 0.407575337
vn -0.754694273 -0.404005045 0.516929858
vn -0.630380029 0.0546236294 0.774362498
vn -0.724261642 -0.0109736081 0.689437926
vn -0.754694273 -0.404005045 0.516929858
vn -0.630380029 0.0546236294 0.774362498
vn -0.754694273 -0.404005045 0.516929858
vn -0.490436387 -0.0876219816 0.867060862
vn -0.574368136 0.00642692782 0.81857189
vn -0.675024372 -0.00556915657 0.737774411
vn -0.446045141 -0.0426959749 0.893991491
vn -0.153179578 -0.421435047 0.893828014
vn -0.4895233 0.15197553 0.8586445
vn -0.446045141 -0.0426959749 0.893991491
vn -0.0707489994 -0.496170638 0.865337666
vn -0.4895233 0.15197553 0.8586445
vn -0.153179578 -0.421435047 0.893828014
vn -0.601784876 0.0539936937 0.796831001
vn -0.675024372 -0.00556915657 0.737774411
vn -0.588794242 0.0327023311 0.807621135
vn -0.0707489994 -0.496170638 0.865337666
vn -0.153179578 -0.421435047 0.893828014
vn 0.271079119 -0.84990673 0.451856904
vn -0.153179578 -0.421435047 0.893828014
vn -0.446045141 -0.0426959749 0.893991491
vn 0.0680285695 -0.533472183 0.843077425
vn -0.462160685 -0.619487376 0.634541482
vn -0.490436387 -0.0876219816 0.867060862
vn -0.754694273 -0.404005045 0.516929858
vn -0.588794242 0.0327023311 0.807621135
vn -0.490436387 -0.0876219816 0.867060862
vn -0.602312041 -0.357991941 0.713485792
vn -0.602312041 -0.357991941 0.713485792
vn -0.490436387 -0.0876219816 0.867060862
vn -0.462160685 -0.619487376 0.634541482
vn -0.754694273 -0.404005045 0.516929858
vn -0.893453057 -0.188743158 0.407575337
vn -0.639369221 -0.755064156 0.14520716
vn -0.446045141 -0.0426959749 0.893991491
vn -0.111189824 -0.498840167 0.85953203
vn 0.0680285695 -0.533472183 0.843077425
vn -0.446045141 -0.0426959749 0.893991491
vn -0.675024372 -0.00556915657 0.737774411
vn -0.111189824 -0.498840167 0.85953203
vn -0.153179578 -0.421435047 0.893828014
vn 0.343333444 -0.730688375 0.590098843
vn 0.271079119 -0.84990673 0.451856904
vn -0.639369221 -0.755064156 0.14520716
vn -0.462160685 -0.619487376 0.634541482
vn -0.754694273 -0.404005045 0.516929858
vn 0.343333444 -0.730688375 0.590098843
vn -0.153179578 -0.421435047 0.893828014
vn 0.0680285695 -0.533472183 0.843077425
vn -0.601784876 0.0539936937 0.796831001
vn -0.588794242 0.0327023311 0.807621135
vn -0.75262104 -0.247595946 0.610129345
vn -0.602312041 -0.357991941 0.713485792
vn -0.75262104 -0.247595946 0.610129345
vn -0.588794242 0.0327023311 0.807621135
vn -0.675024372 -0.00556915657 0.737774411
vn -0.601784876 0.0539936937 0.796831001
vn -0.111189824 -0.498840167 0.85953203
vn -0.75262104 -0.247595946 0.610129345
vn -0.30064042 -0.676004736 0.672780005
vn -0.601784876 0.0539936937 0.796831001
vn -0.235256921 -0.971318168 0.0345716342
vn -0.639369221 -0.755064156 0.14520716
vn -0.119437186 -0.990312976 -0.0708164379
vn -0.462160685 -0.619487376 0.634541482
vn -0.639369221 -0.755064156 0.14520716
vn -0.235256921 -0.971318168 0.0345716342
vn -0.602312041 -0.357991941 0.713485792
vn -0.462160685 -0.619487376 0.634541482
vn -0.275289746 -0.929267592 0.246327625
vn 0.352678015 -0.765431965 0.538267707
vn 0.343333444 -0.730688375 0.590098843
vn 0.0680285695 -0.533472183 0.843077425
vn -0.75262104 -0.247595946 0.610129345
vn -0.602312041 -0.357991941 0.713485792
vn -0.354868841 -0.903274012 0.24117248
vn -0.462160685 -0.619487376 0.634541482
vn -0.235256921 -0.971318168 0.0345716342
vn -0.275289746 -0.929267592 0.246327625
vn 0.352678015 -0.765431965 0.538267707
vn 0.0680285695 -0.533472183 0.843077425
vn -0.111189824 -0.498840167 0.85953203
vn -0.602312041 -0.357991941 0.713485792
vn -0.275289746 -0.929267592 0.246327625
vn -0.354868841 -0.903274012 0.24117248
vn -0.601784876 0.0539936937 0.796831001
vn -0.30064042 -0.676004736 0.672780005
vn -0.111189824 -0.498840167 0.85953203
vn -0.30064042 -0.676004736 0.672780005
vn -0.75262104 -0.247595946 0.610129345
vn -0.354868841 -0.903274012 0.24117248
vn 0.352678015 -0.765431965 0.538267707
vn -0.111189824 -0.498840167 0.85953203
vn 0.190667709 -0.912102069 0.362926493
vn -0.30064042 -0.676004736 0.672780005
vn 0.190667709 -0.912102069 0.362926493
vn -0.111189824 -0.498840167 0.85953203
vn -0.275289746 -0.929267592 0.246327625
vn 0.0653757235 -0.987434872 -0.143869342
vn -0.354868841 -0.903274012 0.24117248
vn -0.275289746 -0.929267592 0.246327625
vn -0.235256921 -0.971318168 0.0345716342
vn 0.098038173 -0.990147325 -0.099983959
vn 0.0653757235 -0.987434872 -0.143869342
vn -0.275289746 -0.929267592 0.246327625
vn 0.098038173 -0.990147325 -0.099983959
vn 0.0714812772 -0.995666882 0.0594801358
vn 0.098038173 -0.990147325 -0.099983959
vn -0.119437186 -0.990312976 -0.0708164379
vn 0.0714812772 -0.995666882 0.0594801358
vn -0.119437186 -0.990312976 -0.0708164379
vn -0.0686618547 -0.997568503 -0.0119428655
vn -0.119437186 -0.990312976 -0.0708164379
vn 0.098038173 -0.990147325 -0.099983959
vn -0.235256921 -0.971318168 0.0345716342
vn -0.00588568732 -0.995502613 -0.094551081
vn 0.0891837951 -0.990051657 -0.108829993
vn 0.118684429 -0.987145383 -0.10704204
vn 0.098038173 -0.990147325 -0.099983959
vn 0.0714812772 -0.995666882 0.0594801358
vn -0.111879421 -0.993144016 0.0338815481
vn 0.098038173 -0.990147325 -0.099983959
vn 0.118684429 -0.987145383 -0.10704204
vn 0.0653757235 -0.987434872 -0.143869342
vn 0.246053439 -0.910674853 0.331856922
vn 0.352678015 -0.765431965 0.538267707
vn 0.190667709 -0.912102069 0.362926493
vn -0.111879421 -0.993144016 0.0338815481
vn 0.118684429 -0.987145383 -0.10704204
vn 0.098038173 -0.990147325 -0.099983959
vn 0.118684429 -0.987145383 -0.10704204
vn 0.0891837951 -0.990051657 -0.108829993
vn 0.0653757235 -0.987434872 -0.143869342
vn -0.30064042 -0.676004736 0.672780005
vn -0.354868841 -0.903274012 0.24117248
vn 0.190667709 -0.912102069 0.362926493
vn -0.354868841 -0.903274012 0.24117248
vn 0.0891837951 -0.990051657 -0.108829993
vn 0.190667709 -0.912102069 0.362926493
vn 0.0653757235 -0.987434872 -0.143869342
vn 0.0891837951 -0.990051657 -0.108829993
vn -0.354868841 -0.903274012 0.24117248
vn 0.0824369562 -0.996562866 0.00816105377
vn 0.0891837951 -0.990051657 -0.108829993
vn -0.00588568732 -0.995502613 -0.094551081
vn 0.0891837951 -0.990051657 -0.108829993
vn 0.246053439 -0.910674853 0.331856922
vn 0.190667709 -0.912102069 0.362926493
vn 0.0824369562 -0.996562866 0.00816105377
vn 0.246053439 -0.910674853 0.331856922
vn 0.0891837951 -0.990051657 -0.108829993
vn -0.661097451 0.428668816 0.615786657
vn -0.746052204 0.255353987 0.614980041
vn -0.861988834 0.239891989 0.446572597
vn -0.549827918 0.237016075 0.800944842
vn -0.661097451 0.428668816 0.615786657
vn -0.861988834 0.239891989 0.446572597
vn -0.861988834 0.239891989 0.446572597
vn -0.746052204 0.255353987 0.614980041
vn -0.893938095 0.189575813 0.406122758
vn -0.653658162 0.10124951 0.749986362
vn -0.549827918 0.237016075 0.800944842
vn -0.861988834 0.239891989 0.446572597
vn -0.753919006 0.18640928 0.629966438
vn -0.598654814 0.256203327 0.758928368
vn -0.636242389 0.109433003 0.763688444
vn -0.861988834 0.239891989 0.446572597
vn -0.893938095 0.189575813 0.406122758
vn -0.882759868 0.134671017 0.45010969
vn -0.549827918 0.237016075 0.800944842
vn -0.636242389 0.109433003 0.763688444
vn -0.598654814 0.256203327 0.758928368
vn -0.653658162 0.10124951 0.749986362
vn -0.861988834 0.239891989 0.446572597
vn -0.882759868 0.134671017 0.45010969
vn -0.549827918 0.237016075 0.800944842
vn -0.653658162 0.10124951 0.749986362
vn -0.636242389 0.109433003 0.763688444
vn -0.636242389 0.109433003 0.763688444
vn -0.790548991 0.122763501 0.599967845
vn -0.753919006 0.18640928 0.629966438
vn -0.865037422 0.193799043 0.462765805
vn -0.729669882 0.113233546 0.674358976
vn -0.882759868 0.134671017 0.45010969
vn -0.882759868 0.134671017 0.45010969
vn -0.729669882 0.113233546 0.674358976
vn -0.653658162 0.10124951 0.749986362
vn -0.636242389 0.109433003 0.763688444
vn -0.653658162 0.10124951 0.749986362
vn -0.609165213 0.161694264 0.776384381
vn -0.560143765 0.0535106059 0.826665336
vn -0.790548991 0.122763501 0.599967845
vn -0.666979041 0.0782356893 0.74095758
vn -0.609165213 0.161694264 0.776384381
vn -0.653658162 0.10124951 0.749986362
vn -0.729669882 0.113233546 0.674358976
vn -0.790548991 0.122763501 0.599967845
vn -0.636242389 0.109433003 0.763688444
vn -0.666979041 0.0782356893 0.74095758
vn -0.609165213 0.161694264 0.776384381
vn -0.666979041 0.0782356893 0.74095758
vn -0.636242389 0.109433003 0.763688444
vn -0.729669882 0.113233546 0.674358976
vn -0.865037422 0.193799043 0.462765805
vn -0.806258655 0.145145751 0.573480334
vn -0.729669882 0.113233546 0.674358976
vn -0.667884044 0.0622074932 0.741661063
vn -0.609165213 0.161694264 0.776384381
vn -0.560143765 0.0535106059 0.826665336
vn -0.666979041 0.0782356893 0.74095758
vn -0.558903647 -0.0281319065 0.828755277
vn -0.412849583 -0.0551277372 0.909129339
vn -0.560143765 0.0535106059 0.826665336
vn -0.558903647 -0.0281319065 0.828755277
vn -0.666979041 0.0782356893 0.74095758
vn -0.609165213 0.161694264 0.776384381
vn -0.565416776 0.0228796536 0.824487957
vn -0.865037422 0.193799043 0.462765805
vn -0.826829738 0.177002385 0.53387521
vn -0.806258655 0.145145751 0.573480334
vn -0.806258655 0.145145751 0.573480334
vn -0.667884044 0.0622074932 0.741661063
vn -0.729669882 0.113233546 0.674358976
vn -0.609165213 0.161694264 0.776384381
vn -0.667884044 0.0622074932 0.741661063
vn -0.595239416 0.0949980864 0.797913154
vn -0.806258655 0.145145751 0.573480334
vn -0.826829738 0.177002385 0.53387521
vn -0.667884044 0.0622074932 0.741661063
vn -0.826829738 0.177002385 0.53387521
vn -0.724261642 -0.0109736081 0.689437926
vn -0.667884044 0.0622074932 0.741661063
vn -0.826829738 0.177002385 0.53387521
vn -0.848094557 -0.0376484633 0.528505644
vn -0.724261642 -0.0109736081 0.689437926
vn -0.826829738 0.177002385 0.53387521
vn -0.888839304 -0.102117851 0.446695238
vn -0.848094557 -0.0376484633 0.528505644
vn -0.666979041 0.0782356893 0.74095758
vn -0.565416776 0.0228796536 0.824487957
vn -0.565723613 -0.0470718071 0.823250289
vn -0.565416776 0.0228796536 0.824487957
vn -0.609165213 0.161694264 0.776384381
vn -0.595239416 0.0949980864 0.797913154
vn 0.975164407 0.206233053 0.0807607988
vn 0.936114875 0.234595246 0.262019105
vn 0.917137892 0.174917614 0.358136726
vn 0.975164407 0.206233053 0.0807607988
vn 0.917137892 0.174917614 0.358136726
vn 0.98581479 0.151679885 0.0718499333
vn 0.976157198 0.0612819052 0.20823461
vn 0.975000382 0.100005187 0.198426858
vn 0.975164407 0.206233053 0.0807607988
vn 0.917137892 0.174917614 0.358136726
vn 0.902713164 0.162391768 0.398419198
vn 0.906557244 0.00909024984 0.42198499
vn 0.917137892 0.174917614 0.358136726
vn 0.906557244 0.00909024984 0.42198499
vn 0.98581479 0.151679885 0.0718499333
vn 0.976157198 0.0612819052 0.20823461
vn 0.975164407 0.206233053 0.0807607988
vn 0.98111834 0.0472742328 0.187541861
vn 0.99821276 -0.0508968907 -0.0313176105
vn 0.976157198 0.0612819052 0.20823461
vn 0.999489895 -0.0308747065 -0.00816712291
vn 0.98581479 0.151679885 0.0718499333
vn 0.906557244 0.00909024984 0.42198499
vn 0.950053666 -0.171456168 0.260769658
vn 0.98111834 0.0472742328 0.187541861
vn 0.975164407 0.206233053 0.0807607988
vn 0.98581479 0.151679885 0.0718499333
vn 0.926984127 -0.371727203 -0.0501927736
vn 0.99821276 -0.0508968907 -0.0313176105
vn 0.999489895 -0.0308747065 -0.00816712291
vn 0.999489895 -0.0308747065 -0.00816712291
vn 0.976157198 0.0612819052 0.20823461
vn 0.98111834 0.0472742328 0.187541861
vn 0.98581479 0.151679885 0.0718499333
vn 0.950053666 -0.171456168 0.260769658
vn 0.98111834 0.0472742328 0.187541861
vn 0.378334495 0.736726408 0.560443762
vn 0.460654022 0.778828802 0.425703616
vn 0.504992334 0.848989373 0.155562808
vn 0.421926264 0.83993853 0.341293851
vn 0.378334495 0.736726408 0.560443762
vn 0.504992334 0.848989373 0.155562808
vn 0.126817007 0.990839814 0.0464102344
vn 0.421926264 0.83993853 0.341293851
vn 0.504992334 0.848989373 0.155562808
vn 0.341298335 0.935011785 0.0962725709
vn 0.421926264 0.83993853 0.341293851
vn 0.126817007 0.990839814 0.0464102344
vn 0.421926264 0.83993853 0.341293851
vn 0.341298335 0.935011785 0.0962725709
vn 0.519172544 0.839157811 0.162092684
vn 0.421926264 0.83993853 0.341293851
vn 0.519172544 0.839157811 0.162092684
vn 0.563914782 0.677505977 0.472213691
vn 0.341298335 0.935011785 0.0962725709
vn 0.278230901 0.947811469 0.155695168
vn 0.441995587 0.896645241 -0.0258304605
vn 0.519172544 0.839157811 0.162092684
vn 0.341298335 0.935011785 0.0962725709
vn 0.441995587 0.896645241 -0.0258304605
vn 0.278230901 0.947811469 0.155695168
vn 0.218380781 0.965573317 0.141343565
vn 0.197288649 0.977988193 -0.0679432384
vn 0.197288649 0.977988193 -0.0679432384
vn 0.350898612 0.932786335 -0.0823396487
vn 0.278230901 0.947811469 0.155695168
vn 0.441995587 0.896645241 -0.0258304605
vn 0.278230901 0.947811469 0.155695168
vn 0.350898612 0.932786335 -0.0823396487
vn 0.415013876 0.729835861 0.543233926
vn 0.197288649 0.977988193 -0.0679432384
vn 0.218380781 0.965573317 0.141343565
vn 0.415013876 0.729835861 0.543233926
vn 0.218380781 0.965573317 0.141343565
vn 0.324846662 0.934379477 0.146320331
vn 0.197288649 0.977988193 -0.0679432384
vn 0.415013876 0.729835861 0.543233926
vn 0.37279778 0.927266759 0.034614648
vn 0.519172544 0.839157811 0.162092684
vn 0.404790824 0.853714715 0.327590559
vn 0.563914782 0.677505977 0.472213691
vn 0.366347837 0.930471047 -0.00359074113
vn 0.519172544 0.839157811 0.162092684
vn 0.441995587 0.896645241 -0.0258304605
vn 0.197288649 0.977988193 -0.0679432384
vn 0.37279778 0.927266759 0.034614648
vn 0.474726054 0.865462129 -0.160032735
vn 0.410711096 0.909157603 0.0689118854
vn 0.404790824 0.853714715 0.327590559
vn 0.519172544 0.839157811 0.162092684
vn 0.350898612 0.932786335 -0.0823396487
vn 0.197288649 0.977988193 -0.0679432384
vn 0.474726054 0.865462129 -0.160032735
vn 0.519172544 0.839157811 0.162092684
vn 0.366347837 0.930471047 -0.00359074113
vn 0.410711096 0.909157603 0.0689118854
vn 0.37279778 0.927266759 0.034614648
vn 0.415013876 0.729835861 0.543233926
vn 0.324846662 0.934379477 0.146320331
vn 0.637629561 0.702812068 0.315410432
vn 0.324846662 0.934379477 0.146320331
vn 0.394184642 0.877440436 -0.273343647
vn 0.361891695 0.914360885 -0.181600038
vn 0.474726054 0.865462129 -0.160032735
vn 0.37279778 0.927266759 0.034614648
vn 0.394184642 0.877440436 -0.273343647
vn 0.527022107 0.832328056 0.171690727
vn 0.809764736 0.556637301 0.185569361
vn 0.324846662 0.934379477 0.146320331
vn 0.637629561 0.702812068 0.315410432
vn 0.37279778 0.927266759 0.034614648
vn 0.350898612 0.932786335 -0.0823396487
vn 0.410711096 0.909157603 0.0689118854
vn 0.366347837 0.930471047 -0.00359074113
vn 0.404790824 0.853714715 0.327590559
vn 0.410711096 0.909157603 0.0689118854
vn 0.431633657 0.862898838 0.262864951
vn 0.361891695 0.914360885 -0.181600038
vn 0.37279778 0.927266759 0.034614648
vn 0.672570494 0.73757919 0.0602151908
vn 0.37279778 0.927266759 0.034614648
vn 0.637629561 0.702812068 0.315410432
vn 0.672570494 0.73757919 0.0602151908
vn 0.637629561 0.702812068 0.315410432
vn 0.394184642 0.877440436 -0.273343647
vn 0.809764736 0.556637301 0.185569361
vn 0.474726054 0.865462129 -0.160032735
vn 0.410711096 0.909157603 0.0689118854
vn 0.350898612 0.932786335 -0.0823396487
vn 0.672570494 0.73757919 0.0602151908
vn 0.637629561 0.702812068 0.315410432
vn 0.920869009 0.220496837 0.321529802
vn 0.431633657 0.862898838 0.262864951
vn 0.410711096 0.909157603 0.0689118854
vn 0.269829705 0.95809268 0.096178723
vn 0.361891695 0.914360885 -0.181600038
vn 0.410711096 0.909157603 0.0689118854
vn 0.474726054 0.865462129 -0.160032735
vn 0.269829705 0.95809268 0.096178723
vn 0.410711096 0.909157603 0.0689118854
vn 0.361891695 0.914360885 -0.181600038
vn 0.431633657 0.862898838 0.262864951
vn 0.320281019 0.910370202 0.262004129
vn 0.429422147 0.842272654 0.325842595
vn 0.809764736 0.556637301 0.185569361
vn 0.920869009 0.220496837 0.321529802
vn 0.637629561 0.702812068 0.315410432
vn 0.803327272 0.585046731 0.111290686
vn 0.361891695 0.914360885 -0.181600038
vn 0.672570494 0.73757919 0.0602151908
vn 0.803327272 0.585046731 0.111290686
vn 0.672570494 0.73757919 0.0602151908
vn 0.920869009 0.220496837 0.321529802
vn 0.687609072 0.710687396 0.148718488
vn 0.269829705 0.95809268 0.096178723
vn 0.361891695 0.914360885 -0.181600038
vn 0.803327272 0.585046731 0.111290686
vn 0.687609072 0.710687396 0.148718488
vn 0.361891695 0.914360885 -0.181600038
vn 0.320281019 0.910370202 0.262004129
vn 0.431633657 0.862898838 0.262864951
vn 0.269829705 0.95809268 0.096178723
vn 0.920869009 0.220496837 0.321529802
vn 0.809764736 0.556637301 0.185569361
vn 0.918725174 0.219591971 0.328212463
vn 0.742948593 0.665156127 0.0747978242
vn 0.320281019 0.910370202 0.262004129
vn 0.269829705 0.95809268 0.096178723
vn 0.742948593 0.665156127 0.0747978242
vn 0.269829705 0.95809268 0.096178723
vn 0.687609072 0.710687396 0.148718488
vn 0.320281019 0.910370202 0.262004129
vn 0.742948593 0.665156127 0.0747978242
vn 0.761375631 0.647241256 -0.0372277287
vn 0.918725174 0.219591971 0.328212463
vn 0.809764736 0.556637301 0.185569361
vn 0.526012069 0.294454519 0.797877083
vn 0.943476844 0.186564536 0.273943642
vn 0.803327272 0.585046731 0.111290686
vn 0.920869009 0.220496837 0.321529802
vn 0.761375631 0.647241256 -0.0372277287
vn 0.742948593 0.665156127 0.0747978242
vn 0.972979098 0.220651469 -0.0680044463
vn 0.948136315 0.251540553 -0.194331879
vn 0.761375631 0.647241256 -0.0372277287
vn 0.972979098 0.220651469 -0.0680044463
vn 0.943476844 0.186564536 0.273943642
vn 0.920869009 0.220496837 0.321529802
vn 0.918725174 0.219591971 0.328212463
vn 0.803327272 0.585046731 0.111290686
vn 0.943476844 0.186564536 0.273943642
vn 0.687609072 0.710687396 0.148718488
vn 0.972979098 0.220651469 -0.0680044463
vn 0.742948593 0.665156127 0.0747978242
vn 0.974035199 0.0550319811 0.219606265
vn 0.687609072 0.710687396 0.148718488
vn 0.974035199 0.0550319811 0.219606265
vn 0.742948593 0.665156127 0.0747978242
vn 0.687609072 0.710687396 0.148718488
vn 0.943476844 0.186564536 0.273943642
vn 0.923752505 0.140832412 0.356156624
vn 0.923752505 0.140832412 0.356156624
vn 0.974035199 0.0550319811 0.219606265
vn 0.687609072 0.710687396 0.148718488
vn 0.943476844 0.186564536 0.273943642
vn 0.918725174 0.219591971 0.328212463
vn 0.936114875 0.234595246 0.262019105
vn 0.943476844 0.186564536 0.273943642
vn 0.975000382 0.100005187 0.198426858
vn 0.923752505 0.140832412 0.356156624
vn 0.974035199 0.0550319811 0.219606265
vn 0.923752505 0.140832412 0.356156624
vn 0.975000382 0.100005187 0.198426858
vn 0.974035199 0.0550319811 0.219606265
vn 0.995581802 0.0646987108 -0.0680511069
vn 0.972979098 0.220651469 -0.0680044463
vn 0.943476844 0.186564536 0.273943642
vn 0.936114875 0.234595246 0.262019105
vn 0.975000382 0.100005187 0.198426858
vn 0.911197514 0.168592876 0.37589298
vn 0.944424687 0.171370804 0.280524611
vn 0.902713164 0.162391768 0.398419198
vn 0.936114875 0.234595246 0.262019105
vn 0.918725174 0.219591971 0.328212463
vn 0.911197514 0.168592876 0.37589298
vn 0.995581802 0.0646987108 -0.0680511069
vn 0.974035199 0.0550319811 0.219606265
vn 0.976157198 0.0612819052 0.20823461
vn 0.936114875 0.234595246 0.262019105
vn 0.975164407 0.206233053 0.0807607988
vn 0.975000382 0.100005187 0.198426858
vn 0.974035199 0.0550319811 0.219606265
vn 0.975000382 0.100005187 0.198426858
vn 0.976157198 0.0612819052 0.20823461
vn 0.965850884 0.124848708 -0.227034954
vn 0.995581802 0.0646987108 -0.0680511069
vn 0.99821276 -0.0508968907 -0.0313176105
vn 0.995581802 0.0646987108 -0.0680511069
vn 0.976157198 0.0612819052 0.20823461
vn 0.99821276 -0.0508968907 -0.0313176105
vn 0.911197514 0.168592876 0.37589298
vn 0.902713164 0.162391768 0.398419198
vn 0.917137892 0.174917614 0.358136726
vn 0.911197514 0.168592876 0.37589298
vn 0.917137892 0.174917614 0.358136726
vn 0.936114875 0.234595246 0.262019105
vn 0.944424687 0.171370804 0.280524611
vn 0.602480271 0.410843726 0.684269651
vn 0.867400789 0.138270427 0.478013767
vn 0.944424687 0.171370804 0.280524611
vn 0.867400789 0.138270427 0.478013767
vn 0.937599429 0.0290456007 0.346502039
vn 0.902713164 0.162391768 0.398419198
vn 0.944424687 0.171370804 0.280524611
vn 0.937599429 0.0290456007 0.346502039
vn 0.460654022 0.778828802 0.425703616
vn 0.380202091 0.876049236 0.296621149
vn 0.503539269 0.859942445 0.0833498397
vn 0.503539269 0.859942445 0.0833498397
vn 0.380202091 0.876049236 0.296621149
vn 0.278593754 0.918878872 0.279369181
vn 0.460654022 0.778828802 0.425703616
vn 0.503539269 0.859942445 0.0833498397
vn 0.504992334 0.848989373 0.155562808
vn 0.259629161 0.944594923 0.200831101
vn 0.504992334 0.848989373 0.155562808
vn 0.503539269 0.859942445 0.0833498397
vn 0.259629161 0.944594923 0.200831101
vn 0.503539269 0.859942445 0.0833498397
vn 0.278593754 0.918878872 0.279369181
vn 0.126817007 0.990839814 0.0464102344
vn 0.504992334 0.848989373 0.155562808
vn 0.259629161 0.944594923 0.200831101
vn 0.265788899 0.949080716 0.169121421
vn 0.259629161 0.944594923 0.200831101
vn 0.278593754 0.918878872 0.279369181
vn 0.0500498275 0.918847102 0.391426899
vn 0.036199644 0.978192383 0.204521998
vn 0.265788899 0.949080716 0.169121421
vn 0.265788899 0.949080716 0.169121421
vn 0.278230901 0.947811469 0.155695168
vn 0.259629161 0.944594923 0.200831101
vn 0.274052675 0.961411042 -0.0241648364
vn 0.036199644 0.978192383 0.204521998
vn -0.0129930513 0.905412352 0.424334364
vn 0.036199644 0.978192383 0.204521998
vn 0.218380781 0.965573317 0.141343565
vn 0.265788899 0.949080716 0.169121421
vn -0.0129930513 0.905412352 0.424334364
vn 0.267691519 0.963439511 0.0112053136
vn 0.274052675 0.961411042 -0.0241648364
vn -0.0129930513 0.905412352 0.424334364
vn 0.0380838894 0.826051194 0.562306893
vn 0.267691519 0.963439511 0.0112053136
vn 0.274052675 0.961411042 -0.0241648364
vn 0.218380781 0.965573317 0.141343565
vn 0.036199644 0.978192383 0.204521998
vn 0.218380781 0.965573317 0.141343565
vn 0.274052675 0.961411042 -0.0241648364
vn 0.324846662 0.934379477 0.146320331
vn 0.324846662 0.934379477 0.146320331
vn 0.274052675 0.961411042 -0.0241648364
vn 0.267691519 0.963439511 0.0112053136
vn 0.324846662 0.934379477 0.146320331
vn 0.267691519 0.963439511 0.0112053136
vn 0.394184642 0.877440436 -0.273343647
vn 0.0380838894 0.826051194 0.562306893
vn 0.527022107 0.832328056 0.171690727
vn 0.267691519 0.963439511 0.0112053136
vn 0.436761144 0.615375582 0.656165068
vn 0.0380838894 0.826051194 0.562306893
vn -0.181921247 0.529246876 0.828735425
vn 0.0380838894 0.826051194 0.562306893
vn 0.436761144 0.615375582 0.656165068
vn 0.527022107 0.832328056 0.171690727
vn 0.809764736 0.556637301 0.185569361
vn 0.527022107 0.832328056 0.171690727
vn 0.436761144 0.615375582 0.656165068
vn 0.809764736 0.556637301 0.185569361
vn 0.436761144 0.615375582 0.656165068
vn 0.526012069 0.294454519 0.797877083
vn 0.526012069 0.294454519 0.797877083
vn 0.602480271 0.410843726 0.684269651
vn 0.938081031 0.162646786 0.305859448
vn 0.602480271 0.410843726 0.684269651
vn 0.526012069 0.294454519 0.797877083
vn -0.0288795936 0.539808419 0.841292363
vn 0.938081031 0.162646786 0.305859448
vn 0.918725174 0.219591971 0.328212463
vn 0.526012069 0.294454519 0.797877083
vn 0.918725174 0.219591971 0.328212463
vn 0.938081031 0.162646786 0.305859448
vn 0.944424687 0.171370804 0.280524611
vn 0.938081031 0.162646786 0.305859448
vn 0.602480271 0.410843726 0.684269651
vn 0.944424687 0.171370804 0.280524611
vn -0.468873565 0.0124893097 0.883176991
vn 0.245767252 0.0709537571 0.966728515
vn 0.0406509368 0.380443505 0.923910299
vn 0.245767252 0.0709537571 0.966728515
vn -0.468873565 0.0124893097 0.883176991
vn -0.463816323 0.0138520731 0.885823086
vn -0.468873565 0.0124893097 0.883176991
vn -0.468997053 -0.0437705574 0.88211445
vn -0.463816323 0.0138520731 0.885823086
vn 0.867400789 0.138270427 0.478013767
vn 0.245767252 0.0709537571 0.966728515
vn 0.446035633 0.0308902364 0.894481977
vn 0.245767252 0.0709537571 0.966728515
vn -0.463816323 0.0138520731 0.885823086
vn 0.446035633 0.0308902364 0.894481977
vn 0.0327897357 0.965236983 0.259311397
vn -0.294749388 0.952253728 -0.0795967081
vn -0.50567697 0.781092561 0.366313
vn 0.0327897357 0.965236983 0.259311397
vn -0.632836693 0.548239702 0.54676407
vn -0.189509612 0.798171152 0.571846937
vn -0.632836693 0.548239702 0.54676407
vn 0.0327897357 0.965236983 0.259311397
vn -0.50567697 0.781092561 0.366313
vn -0.632836693 0.548239702 0.54676407
vn -0.50567697 0.781092561 0.366313
vn -0.727815799 0.435918511 0.529395141
vn 0.380202091 0.876049236 0.296621149
vn -0.189509612 0.798171152 0.571846937
vn 0.278593754 0.918878872 0.279369181
vn 0.278593754 0.918878872 0.279369181
vn -0.189509612 0.798171152 0.571846937
vn 0.111329957 0.850786921 0.513582764
vn -0.632836693 0.548239702 0.54676407
vn -0.811713889 0.297874247 0.502385804
vn -0.189509612 0.798171152 0.571846937
vn -0.727815799 0.435918511 0.529395141
vn -0.800210543 0.29293147 0.523310845
vn -0.632836693 0.548239702 0.54676407
vn -0.632836693 0.548239702 0.54676407
vn -0.800210543 0.29293147 0.523310845
vn -0.811713889 0.297874247 0.502385804
vn -0.189509612 0.798171152 0.571846937
vn -0.811713889 0.297874247 0.502385804
vn -0.745906152 0.406916788 0.527297583
vn -0.371348345 0.656936277 0.656151761
vn 0.111329957 0.850786921 0.513582764
vn -0.189509612 0.798171152 0.571846937
vn -0.371348345 0.656936277 0.656151761
vn -0.189509612 0.798171152 0.571846937
vn -0.745906152 0.406916788 0.527297583
vn 0.134361356 0.903847332 0.406210569
vn 0.278593754 0.918878872 0.279369181
vn 0.111329957 0.850786921 0.513582764
vn 0.134361356 0.903847332 0.406210569
vn 0.111329957 0.850786921 0.513582764
vn -0.371348345 0.656936277 0.656151761
vn -0.811713889 0.297874247 0.502385804
vn -0.800210543 0.29293147 0.523310845
vn -0.795230363 0.202149936 0.57161532
vn -0.371348345 0.656936277 0.656151761
vn -0.745906152 0.406916788 0.527297583
vn -0.690484077 0.160790272 0.705250472
vn 0.134361356 0.903847332 0.406210569
vn -0.371348345 0.656936277 0.656151761
vn -0.360699407 0.509162754 0.781440483
vn 0.278593754 0.918878872 0.279369181
vn 0.134361356 0.903847332 0.406210569
vn 0.265788899 0.949080716 0.169121421
vn 0.0500498275 0.918847102 0.391426899
vn 0.134361356 0.903847332 0.406210569
vn -0.360699407 0.509162754 0.781440483
vn -0.811713889 0.297874247 0.502385804
vn -0.828457655 0.128804997 0.545038701
vn -0.745906152 0.406916788 0.527297583
vn 0.134361356 0.903847332 0.406210569
vn 0.0500498275 0.918847102 0.391426899
vn 0.265788899 0.949080716 0.169121421
vn -0.828457655 0.128804997 0.545038701
vn -0.690484077 0.160790272 0.705250472
vn -0.745906152 0.406916788 0.527297583
vn -0.360699407 0.509162754 0.781440483
vn -0.371348345 0.656936277 0.656151761
vn -0.690484077 0.160790272 0.705250472
vn -0.811713889 0.297874247 0.502385804
vn -0.795230363 0.202149936 0.57161532
vn -0.828457655 0.128804997 0.545038701
vn 0.036199644 0.978192383 0.204521998
vn 0.0500498275 0.918847102 0.391426899
vn -0.452603548 0.609812894 0.650598388
vn 0.0500498275 0.918847102 0.391426899
vn -0.360699407 0.509162754 0.781440483
vn -0.51615695 0.524196245 0.67734799
vn -0.452603548 0.609812894 0.650598388
vn 0.0500498275 0.918847102 0.391426899
vn -0.51615695 0.524196245 0.67734799
vn -0.690484077 0.160790272 0.705250472
vn -0.613393259 0.102362314 0.783115998
vn -0.360699407 0.509162754 0.781440483
vn 0.036199644 0.978192383 0.204521998
vn -0.452603548 0.609812894 0.650598388
vn -0.0129930513 0.905412352 0.424334364
vn -0.613393259 0.102362314 0.783115998
vn -0.51615695 0.524196245 0.67734799
vn -0.360699407 0.509162754 0.781440483
vn -0.200599225 0.739248877 0.642861609
vn -0.0129930513 0.905412352 0.424334364
vn -0.452603548 0.609812894 0.650598388
vn -0.663612361 0.035116907 0.747251923
vn -0.690484077 0.160790272 0.705250472
vn -0.705862252 0.178784631 0.685415595
vn -0.613393259 0.102362314 0.783115998
vn -0.690484077 0.160790272 0.705250472
vn -0.698940909 0.126474182 0.703907585
vn -0.663612361 0.035116907 0.747251923
vn -0.698940909 0.126474182 0.703907585
vn -0.690484077 0.160790272 0.705250472
vn -0.795230363 0.202149936 0.57161532
vn -0.746052204 0.255353987 0.614980041
vn -0.798064657 0.30864245 0.517525499
vn -0.795230363 0.202149936 0.57161532
vn -0.798064657 0.30864245 0.517525499
vn -0.828457655 0.128804997 0.545038701
vn -0.690484077 0.160790272 0.705250472
vn -0.828457655 0.128804997 0.545038701
vn -0.705862252 0.178784631 0.685415595
vn -0.200599225 0.739248877 0.642861609
vn -0.452603548 0.609812894 0.650598388
vn -0.616322232 0.282474166 0.735088602
vn -0.51615695 0.524196245 0.67734799
vn -0.616322232 0.282474166 0.735088602
vn -0.452603548 0.609812894 0.650598388
vn -0.705862252 0.178784631 0.685415595
vn -0.828457655 0.128804997 0.545038701
vn -0.798064657 0.30864245 0.517525499
vn -0.613393259 0.102362314 0.783115998
vn -0.616322232 0.282474166 0.735088602
vn -0.51615695 0.524196245 0.67734799
vn -0.200599225 0.739248877 0.642861609
vn -0.616322232 0.282474166 0.735088602
vn -0.181921247 0.529246876 0.828735425
vn -0.181921247 0.529246876 0.828735425
vn -0.616322232 0.282474166 0.735088602
vn -0.552842518 0.183347589 0.812864572
vn -0.616322232 0.282474166 0.735088602
vn -0.613393259 0.102362314 0.783115998
vn -0.699033408 0.358159616 0.618929709
vn -0.663612361 0.035116907 0.747251923
vn -0.705862252 0.178784631 0.685415595
vn -0.661097451 0.428668816 0.615786657
vn -0.613393259 0.102362314 0.783115998
vn -0.698940909 0.126474182 0.703907585
vn -0.680043953 0.308128573 0.665279644
vn -0.798064657 0.30864245 0.517525499
vn -0.661097451 0.428668816 0.615786657
vn -0.705862252 0.178784631 0.685415595
vn -0.241325 0.105958503 0.964642442
vn -0.0539458036 0.105445462 0.992960777
vn -0.181921247 0.529246876 0.828735425
vn -0.680043953 0.308128573 0.665279644
vn -0.699033408 0.358159616 0.618929709
vn -0.613393259 0.102362314 0.783115998
vn -0.663612361 0.035116907 0.747251923
vn -0.598654814 0.256203327 0.758928368
vn -0.698940909 0.126474182 0.703907585
vn -0.663612361 0.035116907 0.747251923
vn -0.661097451 0.428668816 0.615786657
vn -0.598654814 0.256203327 0.758928368
vn -0.552842518 0.183347589 0.812864572
vn -0.616322232 0.282474166 0.735088602
vn -0.699033408 0.358159616 0.618929709
vn 0.526012069 0.294454519 0.797877083
vn -0.181921247 0.529246876 0.828735425
vn -0.0539458036 0.105445462 0.992960777
vn -0.241325 0.105958503 0.964642442
vn -0.181921247 0.529246876 0.828735425
vn -0.552842518 0.183347589 0.812864572
vn -0.698940909 0.126474182 0.703907585
vn -0.598654814 0.256203327 0.758928368
vn -0.680043953 0.308128573 0.665279644
vn -0.699033408 0.358159616 0.618929709
vn -0.680043953 0.308128573 0.665279644
vn -0.672421718 0.352508349 0.650835538
vn -0.680043953 0.308128573 0.665279644
vn -0.598654814 0.256203327 0.758928368
vn -0.753919006 0.18640928 0.629966438
vn -0.0539458036 0.105445462 0.992960777
vn -0.241325 0.105958503 0.964642442
vn -0.259123982 0.147779376 0.954471591
vn -0.552842518 0.183347589 0.812864572
vn -0.699033408 0.358159616 0.618929709
vn -0.672421718 0.352508349 0.650835538
vn -0.753919006 0.18640928 0.629966438
vn -0.672421718 0.352508349 0.650835538
vn -0.680043953 0.308128573 0.665279644
vn -0.0539458036 0.105445462 0.992960777
vn -0.259123982 0.147779376 0.954471591
vn -0.0288795936 0.539808419 0.841292363
vn -0.552842518 0.183347589 0.812864572
vn -0.672421718 0.352508349 0.650835538
vn -0.560143765 0.0535106059 0.826665336
vn -0.457187187 0.0113891608 0.889297567
vn -0.241325 0.105958503 0.964642442
vn -0.552842518 0.183347589 0.812864572
vn -0.560143765 0.0535106059 0.826665336
vn -0.328754387 0.0168045569 0.944265937
vn -0.552842518 0.183347589 0.812864572
vn -0.672421718 0.352508349 0.650835538
vn -0.753919006 0.18640928 0.629966438
vn -0.560143765 0.0535106059 0.826665336
vn -0.457187187 0.0113891608 0.889297567
vn -0.552842518 0.183347589 0.812864572
vn -0.328754387 0.0168045569 0.944265937
vn -0.259123982 0.147779376 0.954471591
vn -0.241325 0.105958503 0.964642442
vn -0.457187187 0.0113891608 0.889297567
vn -0.560143765 0.0535106059 0.826665336
vn -0.753919006 0.18640928 0.629966438
vn -0.790548991 0.122763501 0.599967845
vn -0.259123982 0.147779376 0.954471591
vn -0.457187187 0.0113891608 0.889297567
vn -0.461657987 0.0332621161 0.886434168
vn -0.0288795936 0.539808419 0.841292363
vn -0.259123982 0.147779376 0.954471591
vn 0.0406509368 0.380443505 0.923910299
vn -0.457187187 0.0113891608 0.889297567
vn -0.328754387 0.0168045569 0.944265937
vn -0.412849583 -0.0551277372 0.909129339
vn -0.412849583 -0.0551277372 0.909129339
vn -0.461657987 0.0332621161 0.886434168
vn -0.457187187 0.0113891608 0.889297567
vn -0.259123982 0.147779376 0.954471591
vn -0.468873565 0.0124893097 0.883176991
vn 0.0406509368 0.380443505 0.923910299
vn -0.259123982 0.147779376 0.954471591
vn -0.461657987 0.0332621161 0.886434168
vn -0.468873565 0.0124893097 0.883176991
vn 0.602480271 0.410843726 0.684269651
vn -0.0288795936 0.539808419 0.841292363
vn 0.0406509368 0.380443505 0.923910299
vn 0.602480271 0.410843726 0.684269651
vn 0.0406509368 0.380443505 0.923910299
vn 0.867400789 0.138270427 0.478013767
vn -0.468873565 0.0124893097 0.883176991
vn -0.461657987 0.0332621161 0.886434168
vn -0.468997053 -0.0437705574 0.88211445
vn -0.461657987 0.0332621161 0.886434168
vn -0.412849583 -0.0551277372 0.909129339
vn -0.501101178 0.071531256 0.862427324
vn 0.245767252 0.0709537571 0.966728515
vn 0.867400789 0.138270427 0.478013767
vn 0.0406509368 0.380443505 0.923910299
vn -0.0129930513 0.905412352 0.424334364
vn -0.200599225 0.739248877 0.642861609
vn 0.0380838894 0.826051194 0.562306893
vn 0.526012069 0.294454519 0.797877083
vn -0.0539458036 0.105445462 0.992960777
vn -0.0288795936 0.539808419 0.841292363
vn 0.937599429 0.0290456007 0.346502039
vn 0.867400789 0.138270427 0.478013767
vn 0.446035633 0.0308902364 0.894481977
vn 0.937599429 0.0290456007 0.346502039
vn 0.446035633 0.0308902364 0.894481977
vn 0.966772894 0.0228029708 0.254617745
vn -0.189509612 0.798171152 0.571846937
vn 0.380202091 0.876049236 0.296621149
vn 0.0327897357 0.965236983 0.259311397
vn -0.181921247 0.529246876 0.828735425
vn 0.0380838894 0.826051194 0.562306893
vn -0.200599225 0.739248877 0.642861609
vn -0.181921247 0.529246876 0.828735425
vn 0.526012069 0.294454519 0.797877083
vn 0.436761144 0.615375582 0.656165068
vn 0.965850884 0.124848708 -0.227034954
vn 0.979328136 -0.2017502 -0.0146034124
vn 0.971530748 -0.188445883 -0.14358327
vn 0.879314172 -0.458388353 -0.129177026
vn 0.97674993 -0.19128736 -0.0967921498
vn 0.937201559 -0.308587521 -0.162563771
vn 0.882310079 -0.445471339 -0.15193489
vn 0.937201559 -0.308587521 -0.162563771
vn 0.924700771 -0.359686395 -0.124716405
vn 0.882310079 -0.445471339 -0.15193489
vn 0.789590361 -0.613626601 0.00307499874
vn 0.909006703 -0.389037391 0.149521642
vn 0.109656221 0.0523192093 -0.992591665
vn 0.0925386261 0.123480843 -0.988022816
vn 0.0876966851 -0.0940292911 -0.991699442
vn 0.0925386261 0.123480843 -0.988022816
vn 0.17530464 0.091581771 -0.980245409
vn 0.0876966851 -0.0940292911 -0.991699442
vn 0.109656221 0.0523192093 -0.992591665
vn 0.0876966851 -0.0940292911 -0.991699442
vn -0.311806674 -0.207318928 -0.927251562
vn 0.17530464 0.091581771 -0.980245409
vn 0.0925386261 0.123480843 -0.988022816
vn -0.0769476601 -0.132759871 -0.988156807
vn 0.0876966851 -0.0940292911 -0.991699442
vn -0.382054329 -0.469584674 -0.795942664
vn -0.311806674 -0.207318928 -0.927251562
vn -0.382054329 -0.469584674 -0.795942664
vn 0.0876966851 -0.0940292911 -0.991699442
vn -0.0651423554 -0.650026555 -0.757114226
vn 0.17530464 0.091581771 -0.980245409
vn 0.23068091 -0.33014455 -0.915309179
vn 0.0876966851 -0.0940292911 -0.991699442
vn -0.0651423554 -0.650026555 -0.757114226
vn 0.0876966851 -0.0940292911 -0.991699442
vn 0.23068091 -0.33014455 -0.915309179
vn 0.23068091 -0.33014455 -0.915309179
vn 0.17530464 0.091581771 -0.980245409
vn 0.0304081571 -0.257479086 -0.965805293
vn 0.0304081571 -0.257479086 -0.965805293
vn 0.109986034 -0.359606316 -0.926599358
vn 0.23068091 -0.33014455 -0.915309179
vn -0.0651423554 -0.650026555 -0.757114226
vn 0.23068091 -0.33014455 -0.915309179
vn 0.016633366 -0.708662716 -0.705351321
vn 0.016633366 -0.708662716 -0.705351321
vn -0.086989598 -0.926019744 -0.367314911
vn -0.0651423554 -0.650026555 -0.757114226
vn 0.109986034 -0.359606316 -0.926599358
vn 0.016633366 -0.708662716 -0.705351321
vn 0.23068091 -0.33014455 -0.915309179
vn -0.086989598 -0.926019744 -0.367314911
vn 0.016633366 -0.708662716 -0.705351321
vn -0.176569624 -0.949322157 -0.260020403
vn 0.109986034 -0.359606316 -0.926599358
vn 0.192920682 -0.295742716 -0.935584233
vn 0.00280359784 -0.787359419 -0.616487863
vn 0.016633366 -0.708662716 -0.705351321
vn 0.109986034 -0.359606316 -0.926599358
vn 0.00280359784 -0.787359419 -0.616487863
vn -0.134628688 -0.975918163 -0.171635824
vn -0.0437436489 -0.991208736 -0.124866866
vn -0.176569624 -0.949322157 -0.260020403
vn 0.00280359784 -0.787359419 -0.616487863
vn -0.176569624 -0.949322157 -0.260020403
vn 0.016633366 -0.708662716 -0.705351321
vn -0.176569624 -0.949322157 -0.260020403
vn 0.0637072122 -0.984492037 -0.16345281
vn -0.134628688 -0.975918163 -0.171635824
vn 0.232280703 -0.937720246 0.258314565
vn 0.295103993 -0.955179798 0.0233492513
vn 0.15864695 -0.983366724 -0.0884365937
vn 0.0387688828 -0.999231015 -0.00586110758
vn -0.134628688 -0.975918163 -0.171635824
vn 0.0637072122 -0.984492037 -0.16345281
vn 0.295103993 -0.955179798 0.0233492513
vn 0.232280703 -0.937720246 0.258314565
vn 0.294617701 -0.95460087 0.0440180478
vn 0.0637072122 -0.984492037 -0.16345281
vn -0.176569624 -0.949322157 -0.260020403
vn 0.00280359784 -0.787359419 -0.616487863
vn 0.232280703 -0.937720246 0.258314565
vn 0.15864695 -0.983366724 -0.0884365937
vn 0.0387688828 -0.999231015 -0.00586110758
vn 0.413787791 -0.905775388 0.0913816785
vn 0.402431023 -0.91495457 0.0301231714
vn 0.294617701 -0.95460087 0.0440180478
vn 0.0637072122 -0.984492037 -0.16345281
vn 0.15814193 -0.984775773 -0.072165134
vn 0.0387688828 -0.999231015 -0.00586110758
vn 0.0637072122 -0.984492037 -0.16345281
vn 0.00280359784 -0.787359419 -0.616487863
vn 0.264743134 -0.861860285 -0.432559733
vn 0.0387688828 -0.999231015 -0.00586110758
vn 0.15814193 -0.984775773 -0.072165134
vn 0.232280703 -0.937720246 0.258314565
vn 0.0637072122 -0.984492037 -0.16345281
vn 0.230638155 -0.896393571 -0.378529533
vn 0.15814193 -0.984775773 -0.072165134
vn 0.52187562 -0.849797607 -0.0740936175
vn 0.413787791 -0.905775388 0.0913816785
vn 0.294617701 -0.95460087 0.0440180478
vn 0.52187562 -0.849797607 -0.0740936175
vn 0.294617701 -0.95460087 0.0440180478
vn 0.232280703 -0.937720246 0.258314565
vn 0.52187562 -0.849797607 -0.0740936175
vn 0.15814193 -0.984775773 -0.072165134
vn 0.230638155 -0.896393571 -0.378529533
vn 0.52187562 -0.849797607 -0.0740936175
vn 0.232280703 -0.937720246 0.258314565
vn 0.15814193 -0.984775773 -0.072165134
vn 0.913761385 0.0550973608 -0.402497716
vn 0.971438038 0.0546244599 -0.230920565
vn 0.968691267 0.14063454 -0.204595101
vn 0.957627677 0.10080022 -0.26979353
vn 0.968691267 0.14063454 -0.204595101
vn 0.896185806 0.0249521711 -0.442976738
vn 0.923114254 -0.195550626 -0.331089152
vn 0.968691267 0.14063454 -0.204595101
vn 0.965850884 0.124848708 -0.227034954
vn 0.0925386261 0.123480843 -0.988022816
vn -0.167749712 -0.0631631441 -0.983804072
vn -0.0769476601 -0.132759871 -0.988156807
vn 0.923114254 -0.195550626 -0.331089152
vn 0.896185806 0.0249521711 -0.442976738
vn 0.968691267 0.14063454 -0.204595101
vn 0.906686202 -0.00359010073 -0.42179052
vn 0.729320667 -0.146427695 -0.668319007
vn 0.896185806 0.0249521711 -0.442976738
vn 0.896185806 0.0249521711 -0.442976738
vn 0.923114254 -0.195550626 -0.331089152
vn 0.906686202 -0.00359010073 -0.42179052
vn 0.971530748 -0.188445883 -0.14358327
vn 0.923114254 -0.195550626 -0.331089152
vn 0.965850884 0.124848708 -0.227034954
vn -0.167749712 -0.0631631441 -0.983804072
vn 0.0674333121 0.0463451554 -0.996646816
vn 0.0304081571 -0.257479086 -0.965805293
vn 0.326588447 0.0664229011 -0.942829775
vn 0.411930156 0.301932561 -0.859738492
vn 0.38027559 0.238068421 -0.893707951
vn -0.0769476601 -0.132759871 -0.988156807
vn -0.167749712 -0.0631631441 -0.983804072
vn 0.0304081571 -0.257479086 -0.965805293
vn 0.38027559 0.238068421 -0.893707951
vn 0.39886327 0.224770211 -0.889036807
vn 0.326588447 0.0664229011 -0.942829775
vn 0.0674333121 0.0463451554 -0.996646816
vn 0.411930156 0.301932561 -0.859738492
vn 0.326588447 0.0664229011 -0.942829775
vn 0.0674333121 0.0463451554 -0.996646816
vn 0.326588447 0.0664229011 -0.942829775
vn 0.278137651 -0.397069211 -0.874628772
vn 0.842873933 -0.490310377 -0.221718894
vn 0.906686202 -0.00359010073 -0.42179052
vn 0.923114254 -0.195550626 -0.331089152
vn 0.17530464 0.091581771 -0.980245409
vn -0.0769476601 -0.132759871 -0.988156807
vn 0.0304081571 -0.257479086 -0.965805293
vn 0.0674333121 0.0463451554 -0.996646816
vn 0.278137651 -0.397069211 -0.874628772
vn 0.0304081571 -0.257479086 -0.965805293
vn 0.729320667 -0.146427695 -0.668319007
vn 0.809187592 0.0645971922 -0.583988565
vn 0.39886327 0.224770211 -0.889036807
vn 0.879314172 -0.458388353 -0.129177026
vn 0.923114254 -0.195550626 -0.331089152
vn 0.971530748 -0.188445883 -0.14358327
vn 0.906686202 -0.00359010073 -0.42179052
vn 0.809187592 0.0645971922 -0.583988565
vn 0.729320667 -0.146427695 -0.668319007
vn 0.988954105 -0.0869285371 -0.120055017
vn 0.923114254 -0.195550626 -0.331089152
vn 0.879314172 -0.458388353 -0.129177026
vn 0.842873933 -0.490310377 -0.221718894
vn 0.923114254 -0.195550626 -0.331089152
vn 0.988954105 -0.0869285371 -0.120055017
vn 0.322927407 -0.476260441 -0.817859329
vn 0.326588447 0.0664229011 -0.942829775
vn -0.644034593 -0.278572129 -0.712472464
vn 0.322927407 -0.476260441 -0.817859329
vn 0.278137651 -0.397069211 -0.874628772
vn 0.326588447 0.0664229011 -0.942829775
vn 0.454630732 -0.284599643 -0.843986932
vn 0.326588447 0.0664229011 -0.942829775
vn 0.39886327 0.224770211 -0.889036807
vn 0.879314172 -0.458388353 -0.129177026
vn 0.937201559 -0.308587521 -0.162563771
vn 0.988954105 -0.0869285371 -0.120055017
vn 0.906686202 -0.00359010073 -0.42179052
vn 0.842873933 -0.490310377 -0.221718894
vn 0.988954105 -0.0869285371 -0.120055017
vn 0.809187592 0.0645971922 -0.583988565
vn 0.454630732 -0.284599643 -0.843986932
vn 0.39886327 0.224770211 -0.889036807
vn 0.166412341 -0.298227198 -0.939876306
vn 0.0304081571 -0.257479086 -0.965805293
vn 0.278137651 -0.397069211 -0.874628772
vn 0.166412341 -0.298227198 -0.939876306
vn 0.278137651 -0.397069211 -0.874628772
vn 0.322927407 -0.476260441 -0.817859329
vn 0.809187592 0.0645971922 -0.583988565
vn 0.906686202 -0.00359010073 -0.42179052
vn 0.994917606 -0.0645528494 -0.0772779788
vn 0.988954105 -0.0869285371 -0.120055017
vn 0.937201559 -0.308587521 -0.162563771
vn 0.987927197 0.140055761 -0.0662135779
vn 0.0304081571 -0.257479086 -0.965805293
vn 0.166412341 -0.298227198 -0.939876306
vn 0.109986034 -0.359606316 -0.926599358
vn 0.326588447 0.0664229011 -0.942829775
vn -0.329429348 -0.298412313 -0.895782561
vn -0.644034593 -0.278572129 -0.712472464
vn 0.906686202 -0.00359010073 -0.42179052
vn 0.988954105 -0.0869285371 -0.120055017
vn 0.994917606 -0.0645528494 -0.0772779788
vn -0.329429348 -0.298412313 -0.895782561
vn 0.326588447 0.0664229011 -0.942829775
vn 0.454630732 -0.284599643 -0.843986932
vn -0.644034593 -0.278572129 -0.712472464
vn -0.147236551 -0.233026676 -0.961259573
vn 0.322927407 -0.476260441 -0.817859329
vn 0.928344626 -0.142347324 -0.343385346
vn 0.809187592 0.0645971922 -0.583988565
vn 0.994917606 -0.0645528494 -0.0772779788
vn 0.166412341 -0.298227198 -0.939876306
vn 0.322927407 -0.476260441 -0.817859329
vn 0.387617212 -0.236130707 -0.891064075
vn 0.994917606 -0.0645528494 -0.0772779788
vn 0.988954105 -0.0869285371 -0.120055017
vn 0.987927197 0.140055761 -0.0662135779
vn 0.387617212 -0.236130707 -0.891064075
vn 0.322927407 -0.476260441 -0.817859329
vn -0.147236551 -0.233026676 -0.961259573
vn 0.109986034 -0.359606316 -0.926599358
vn 0.166412341 -0.298227198 -0.939876306
vn 0.192920682 -0.295742716 -0.935584233
vn 0.987927197 0.140055761 -0.0662135779
vn 0.937201559 -0.308587521 -0.162563771
vn 0.882310079 -0.445471339 -0.15193489
vn -0.644034593 -0.278572129 -0.712472464
vn -0.329429348 -0.298412313 -0.895782561
vn -0.147236551 -0.233026676 -0.961259573
vn 0.909006703 -0.389037391 0.149521642
vn 0.987927197 0.140055761 -0.0662135779
vn 0.882310079 -0.445471339 -0.15193489
vn 0.454630732 -0.284599643 -0.843986932
vn 0.809187592 0.0645971922 -0.583988565
vn 0.928344626 -0.142347324 -0.343385346
vn 0.192920682 -0.295742716 -0.935584233
vn 0.166412341 -0.298227198 -0.939876306
vn 0.387617212 -0.236130707 -0.891064075
vn 0.938643973 -0.333058768 0.0895508211
vn 0.987927197 0.140055761 -0.0662135779
vn 0.909006703 -0.389037391 0.149521642
vn 0.994917606 -0.0645528494 -0.0772779788
vn 0.987927197 0.140055761 -0.0662135779
vn 0.938643973 -0.333058768 0.0895508211
vn -0.329429348 -0.298412313 -0.895782561
vn 0.454630732 -0.284599643 -0.843986932
vn 0.481677439 -0.596965546 -0.641575391
vn 0.738959284 -0.572196819 -0.355710523
vn 0.928344626 -0.142347324 -0.343385346
vn 0.994917606 -0.0645528494 -0.0772779788
vn 0.454630732 -0.284599643 -0.843986932
vn 0.928344626 -0.142347324 -0.343385346
vn 0.738959284 -0.572196819 -0.355710523
vn 0.387617212 -0.236130707 -0.891064075
vn -0.147236551 -0.233026676 -0.961259573
vn 0.132669593 -0.69540093 -0.706269301
vn 0.738959284 -0.572196819 -0.355710523
vn 0.994917606 -0.0645528494 -0.0772779788
vn 0.938643973 -0.333058768 0.0895508211
vn 0.481677439 -0.596965546 -0.641575391
vn 0.454630732 -0.284599643 -0.843986932
vn 0.738959284 -0.572196819 -0.355710523
vn -0.147236551 -0.233026676 -0.961259573
vn -0.329429348 -0.298412313 -0.895782561
vn 0.132669593 -0.69540093 -0.706269301
vn -0.329429348 -0.298412313 -0.895782561
vn 0.481677439 -0.596965546 -0.641575391
vn 0.558178605 -0.688077749 -0.463665457
vn 0.387617212 -0.236130707 -0.891064075
vn 0.264743134 -0.861860285 -0.432559733
vn 0.192920682 -0.295742716 -0.935584233
vn 0.938643973 -0.333058768 0.0895508211
vn 0.909006703 -0.389037391 0.149521642
vn 0.52187562 -0.849797607 -0.0740936175
vn 0.264743134 -0.861860285 -0.432559733
vn 0.387617212 -0.236130707 -0.891064075
vn 0.132669593 -0.69540093 -0.706269301
vn 0.132669593 -0.69540093 -0.706269301
vn -0.329429348 -0.298412313 -0.895782561
vn 0.558178605 -0.688077749 -0.463665457
vn 0.738959284 -0.572196819 -0.355710523
vn 0.290263164 -0.886254335 -0.360971675
vn 0.481677439 -0.596965546 -0.641575391
vn 0.909006703 -0.389037391 0.149521642
vn 0.789590361 -0.613626601 0.00307499874
vn 0.413787791 -0.905775388 0.0913816785
vn 0.290263164 -0.886254335 -0.360971675
vn 0.558178605 -0.688077749 -0.463665457
vn 0.481677439 -0.596965546 -0.641575391
vn 0.789590361 -0.613626601 0.00307499874
vn 0.402431023 -0.91495457 0.0301231714
vn 0.413787791 -0.905775388 0.0913816785
vn 0.230638155 -0.896393571 -0.378529533
vn 0.264743134 -0.861860285 -0.432559733
vn 0.132669593 -0.69540093 -0.706269301
vn 0.132669593 -0.69540093 -0.706269301
vn 0.290263164 -0.886254335 -0.360971675
vn 0.230638155 -0.896393571 -0.378529533
vn 0.938643973 -0.333058768 0.0895508211
vn 0.52187562 -0.849797607 -0.0740936175
vn 0.738959284 -0.572196819 -0.355710523
vn 0.290263164 -0.886254335 -0.360971675
vn 0.132669593 -0.69540093 -0.706269301
vn 0.558178605 -0.688077749 -0.463665457
vn 0.52187562 -0.849797607 -0.0740936175
vn 0.290263164 -0.886254335 -0.360971675
vn 0.738959284 -0.572196819 -0.355710523
vn 0.52187562 -0.849797607 -0.0740936175
vn 0.909006703 -0.389037391 0.149521642
vn 0.413787791 -0.905775388 0.0913816785
vn 0.290263164 -0.886254335 -0.360971675
vn 0.52187562 -0.849797607 -0.0740936175
vn 0.230638155 -0.896393571 -0.378529533
vn -0.149385459 0.0200084997 -0.988576575
vn 0.234215447 0.273871194 -0.932811714
vn 0.109656221 0.0523192093 -0.992591665
vn 0.0943198365 0.309647147 -0.946161938
vn 0.109656221 0.0523192093 -0.992591665
vn 0.234215447 0.273871194 -0.932811714
vn -0.311806674 -0.207318928 -0.927251562
vn -0.149385459 0.0200084997 -0.988576575
vn 0.109656221 0.0523192093 -0.992591665
vn 0.0943198365 0.309647147 -0.946161938
vn 0.0925386261 0.123480843 -0.988022816
vn 0.109656221 0.0523192093 -0.992591665
vn 0.192920682 -0.295742716 -0.935584233
vn 0.264743134 -0.861860285 -0.432559733
vn 0.00280359784 -0.787359419 -0.616487863
vn 0.0637072122 -0.984492037 -0.16345281
vn 0.264743134 -0.861860285 -0.432559733
vn 0.230638155 -0.896393571 -0.378529533
vn 0.968691267 0.14063454 -0.204595101
vn 0.971438038 0.0546244599 -0.230920565
vn 0.965850884 0.124848708 -0.227034954
vn 0.979328136 -0.2017502 -0.0146034124
vn 0.879314172 -0.458388353 -0.129177026
vn 0.971530748 -0.188445883 -0.14358327
vn 0.381906141 0.774184085 0.504764006
vn 0.37033435 0.815670475 0.444448135
vn 0.378334495 0.736726408 0.560443762
vn 0.563914782 0.677505977 0.472213691
vn 0.593041871 0.791537727 0.147544452
vn 0.522721195 0.731926152 0.437088847
vn 0.593041871 0.791537727 0.147544452
vn 0.563914782 0.677505977 0.472213691
vn 0.438221076 0.823139031 0.361115527
vn 0.438221076 0.823139031 0.361115527
vn 0.563914782 0.677505977 0.472213691
vn 0.404790824 0.853714715 0.327590559
vn 0.913761385 0.0550973608 -0.402497716
vn 0.923165039 0.131310069 -0.36128102
vn 0.971438038 0.0546244599 -0.230920565
vn 0.36350335 0.900001736 -0.240545609
vn 0.540822294 0.819227915 0.190727213
vn 0.482832081 0.774147533 -0.409351657
vn 0.183645768 0.740592948 -0.646371655
vn 0.36350335 0.900001736 -0.240545609
vn 0.482832081 0.774147533 -0.409351657
vn 0.482832081 0.774147533 -0.409351657
vn 0.36113979 0.593654897 -0.719132753
vn 0.183645768 0.740592948 -0.646371655
vn 0.24258108 0.777922913 -0.579646755
vn 0.183645768 0.740592948 -0.646371655
vn 0.36113979 0.593654897 -0.719132753
vn 0.761375631 0.647241256 -0.0372277287
vn 0.482832081 0.774147533 -0.409351657
vn 0.540822294 0.819227915 0.190727213
vn 0.699260743 0.448910308 -0.556339778
vn 0.482832081 0.774147533 -0.409351657
vn 0.761375631 0.647241256 -0.0372277287
vn 0.36113979 0.593654897 -0.719132753
vn 0.482832081 0.774147533 -0.409351657
vn 0.699260743 0.448910308 -0.556339778
vn 0.24258108 0.777922913 -0.579646755
vn 0.36113979 0.593654897 -0.719132753
vn 0.807242095 0.455019325 -0.375922352
vn 0.24258108 0.777922913 -0.579646755
vn 0.538283703 0.681369898 -0.495969472
vn 0.0339360453 0.69469665 -0.718501851
vn 0.699260743 0.448910308 -0.556339778
vn 0.761375631 0.647241256 -0.0372277287
vn 0.948136315 0.251540553 -0.194331879
vn 0.538283703 0.681369898 -0.495969472
vn 0.24258108 0.777922913 -0.579646755
vn 0.807242095 0.455019325 -0.375922352
vn 0.36113979 0.593654897 -0.719132753
vn 0.699260743 0.448910308 -0.556339778
vn 0.807242095 0.455019325 -0.375922352
vn 0.923165039 0.131310069 -0.36128102
vn 0.807242095 0.455019325 -0.375922352
vn 0.699260743 0.448910308 -0.556339778
vn 0.699260743 0.448910308 -0.556339778
vn 0.948136315 0.251540553 -0.194331879
vn 0.923165039 0.131310069 -0.36128102
vn -0.0165967833 0.574205829 -0.818542737
vn 0.0339360453 0.69469665 -0.718501851
vn 0.232233013 0.526299644 -0.817970973
vn 0.0339360453 0.69469665 -0.718501851
vn 0.538283703 0.681369898 -0.495969472
vn 0.232233013 0.526299644 -0.817970973
vn 0.807242095 0.455019325 -0.375922352
vn 0.923165039 0.131310069 -0.36128102
vn 0.913761385 0.0550973608 -0.402497716
vn 0.807242095 0.455019325 -0.375922352
vn 0.879443775 0.354877595 -0.317238931
vn 0.538283703 0.681369898 -0.495969472
vn -0.0937331592 0.354321262 -0.930414176
vn -0.0165967833 0.574205829 -0.818542737
vn 0.0874182789 0.168162492 -0.981875461
vn 0.232233013 0.526299644 -0.817970973
vn 0.538283703 0.681369898 -0.495969472
vn 0.879443775 0.354877595 -0.317238931
vn 0.232233013 0.526299644 -0.817970973
vn 0.879443775 0.354877595 -0.317238931
vn 0.488612145 0.260662065 -0.832654466
vn 0.0874182789 0.168162492 -0.981875461
vn -0.0165967833 0.574205829 -0.818542737
vn 0.232233013 0.526299644 -0.817970973
vn 0.0874182789 0.168162492 -0.981875461
vn 0.232233013 0.526299644 -0.817970973
vn 0.488612145 0.260662065 -0.832654466
vn -0.0937331592 0.354321262 -0.930414176
vn 0.0874182789 0.168162492 -0.981875461
vn 0.00474307286 0.132306939 -0.991197446
vn 0.913761385 0.0550973608 -0.402497716
vn 0.957627677 0.10080022 -0.26979353
vn 0.807242095 0.455019325 -0.375922352
vn -0.0937331592 0.354321262 -0.930414176
vn 0.00474307286 0.132306939 -0.991197446
vn 0.146180724 0.3303564 -0.932467611
vn 0.879443775 0.354877595 -0.317238931
vn 0.807242095 0.455019325 -0.375922352
vn 0.957627677 0.10080022 -0.26979353
vn 0.968691267 0.14063454 -0.204595101
vn 0.957627677 0.10080022 -0.26979353
vn 0.913761385 0.0550973608 -0.402497716
vn 0.488612145 0.260662065 -0.832654466
vn 0.879443775 0.354877595 -0.317238931
vn 0.737510398 -0.181049112 -0.650614811
vn -0.0206998299 0.667700919 -0.744141787
vn 0.14956814 0.206157833 -0.96702033
vn 0.146180724 0.3303564 -0.932467611
vn 0.143963792 -0.195128044 -0.970154355
vn 0.0874182789 0.168162492 -0.981875461
vn 0.488612145 0.260662065 -0.832654466
vn 0.14956814 0.206157833 -0.96702033
vn -0.0206998299 0.667700919 -0.744141787
vn 0.0466634118 0.368680751 -0.928384096
vn 0.737510398 -0.181049112 -0.650614811
vn 0.879443775 0.354877595 -0.317238931
vn 0.957627677 0.10080022 -0.26979353
vn 0.101536296 -0.0839069257 -0.991287046
vn 0.0874182789 0.168162492 -0.981875461
vn 0.143963792 -0.195128044 -0.970154355
vn 0.00474307286 0.132306939 -0.991197446
vn 0.0874182789 0.168162492 -0.981875461
vn 0.101536296 -0.0839069257 -0.991287046
vn 0.0466634118 0.368680751 -0.928384096
vn -0.0206998299 0.667700919 -0.744141787
vn 0.146180724 0.3303564 -0.932467611
vn 0.146180724 0.3303564 -0.932467611
vn 0.00474307286 0.132306939 -0.991197446
vn 0.411930156 0.301932561 -0.859738492
vn 0.0925386261 0.123480843 -0.988022816
vn -0.13177129 0.145820342 -0.980496178
vn 0.0466634118 0.368680751 -0.928384096
vn 0.0674333121 0.0463451554 -0.996646816
vn 0.0466634118 0.368680751 -0.928384096
vn 0.146180724 0.3303564 -0.932467611
vn 0.143963792 -0.195128044 -0.970154355
vn 0.488612145 0.260662065 -0.832654466
vn 0.737510398 -0.181049112 -0.650614811
vn 0.0674333121 0.0463451554 -0.996646816
vn 0.146180724 0.3303564 -0.932467611
vn 0.411930156 0.301932561 -0.859738492
vn 0.00474307286 0.132306939 -0.991197446
vn 0.101536296 -0.0839069257 -0.991287046
vn 0.38027559 0.238068421 -0.893707951
vn 0.422826148 -0.118805403 -0.898389295
vn 0.101536296 -0.0839069257 -0.991287046
vn 0.143963792 -0.195128044 -0.970154355
vn 0.143963792 -0.195128044 -0.970154355
vn 0.737510398 -0.181049112 -0.650614811
vn 0.422826148 -0.118805403 -0.898389295
vn 0.38027559 0.238068421 -0.893707951
vn 0.411930156 0.301932561 -0.859738492
vn 0.00474307286 0.132306939 -0.991197446
vn 0.38027559 0.238068421 -0.893707951
vn 0.101536296 -0.0839069257 -0.991287046
vn 0.39886327 0.224770211 -0.889036807
vn 0.101536296 -0.0839069257 -0.991287046
vn 0.422826148 -0.118805403 -0.898389295
vn 0.39886327 0.224770211 -0.889036807
vn 0.147955143 0.956590791 -0.251084317
vn -0.0287547056 0.829348207 -0.557991684
vn 0.00524559559 0.999203749 0.0395518903
vn 0.147955143 0.956590791 -0.251084317
vn 0.169679657 0.723978343 -0.668628576
vn -0.0287547056 0.829348207 -0.557991684
vn 0.0781355105 0.816890275 -0.571476264
vn -0.00451752263 0.883122263 -0.469121157
vn -0.0287547056 0.829348207 -0.557991684
vn 0.343059151 0.928807673 -0.140095412
vn 0.169679657 0.723978343 -0.668628576
vn 0.147955143 0.956590791 -0.251084317
vn 0.343059151 0.928807673 -0.140095412
vn 0.147955143 0.956590791 -0.251084317
vn 0.381906141 0.774184085 0.504764006
vn 0.169679657 0.723978343 -0.668628576
vn 0.0413745523 0.8238744 -0.565260222
vn -0.0287547056 0.829348207 -0.557991684
vn 0.381906141 0.774184085 0.504764006
vn 0.522721195 0.731926152 0.437088847
vn 0.343059151 0.928807673 -0.140095412
vn 0.0413745523 0.8238744 -0.565260222
vn 0.0781355105 0.816890275 -0.571476264
vn -0.0287547056 0.829348207 -0.557991684
vn 0.169679657 0.723978343 -0.668628576
vn 0.343059151 0.928807673 -0.140095412
vn 0.0496989581 0.8356103 -0.547069867
vn 0.0496989581 0.8356103 -0.547069867
vn 0.0778680256 0.794862962 -0.601771919
vn 0.169679657 0.723978343 -0.668628576
vn 0.169679657 0.723978343 -0.668628576
vn 0.0778680256 0.794862962 -0.601771919
vn 0.0413745523 0.8238744 -0.565260222
vn 0.0781355105 0.816890275 -0.571476264
vn 0.0413745523 0.8238744 -0.565260222
vn 0.0910471045 0.824138616 -0.559022331
vn 0.192892593 0.811755231 -0.55122218
vn 0.343059151 0.928807673 -0.140095412
vn 0.593041871 0.791537727 0.147544452
vn 0.0413745523 0.8238744 -0.565260222
vn 0.122515805 0.820796195 -0.557927849
vn 0.0910471045 0.824138616 -0.559022331
vn 0.192892593 0.811755231 -0.55122218
vn 0.0496989581 0.8356103 -0.547069867
vn 0.343059151 0.928807673 -0.140095412
vn 0.0910471045 0.824138616 -0.559022331
vn 0.122515805 0.820796195 -0.557927849
vn 0.0658000743 0.829849348 -0.554094225
vn 0.0778680256 0.794862962 -0.601771919
vn 0.138593749 0.807693902 -0.573081436
vn 0.0413745523 0.8238744 -0.565260222
vn 0.0778680256 0.794862962 -0.601771919
vn 0.0496989581 0.8356103 -0.547069867
vn 0.192892593 0.811755231 -0.55122218
vn 0.0413745523 0.8238744 -0.565260222
vn 0.138593749 0.807693902 -0.573081436
vn 0.122515805 0.820796195 -0.557927849
vn 0.205292062 0.610817197 -0.764694397
vn 0.0778680256 0.794862962 -0.601771919
vn 0.192892593 0.811755231 -0.55122218
vn 0.0979883611 0.627273569 -0.77260996
vn 0.0658000743 0.829849348 -0.554094225
vn 0.100402289 0.801552366 -0.589434632
vn 0.138593749 0.807693902 -0.573081436
vn 0.0778680256 0.794862962 -0.601771919
vn 0.238099773 0.731779527 -0.638597856
vn 0.100402289 0.801552366 -0.589434632
vn 0.0658000743 0.829849348 -0.554094225
vn 0.122515805 0.820796195 -0.557927849
vn 0.205292062 0.610817197 -0.764694397
vn 0.192892593 0.811755231 -0.55122218
vn 0.334173135 0.823751444 -0.45799768
vn 0.100402289 0.801552366 -0.589434632
vn 0.185861082 0.384818735 -0.904085283
vn 0.0979883611 0.627273569 -0.77260996
vn 0.238099773 0.731779527 -0.638597856
vn 0.0778680256 0.794862962 -0.601771919
vn 0.205292062 0.610817197 -0.764694397
vn 0.593041871 0.791537727 0.147544452
vn 0.334173135 0.823751444 -0.45799768
vn 0.192892593 0.811755231 -0.55122218
vn 0.122515805 0.820796195 -0.557927849
vn 0.138593749 0.807693902 -0.573081436
vn 0.164448953 0.758751891 -0.63027939
vn 0.100402289 0.801552366 -0.589434632
vn 0.122515805 0.820796195 -0.557927849
vn 0.164448953 0.758751891 -0.63027939
vn 0.205292062 0.610817197 -0.764694397
vn 0.334173135 0.823751444 -0.45799768
vn 0.161487289 0.663260014 -0.730758516
vn 0.185861082 0.384818735 -0.904085283
vn 0.100402289 0.801552366 -0.589434632
vn 0.0990291227 0.664181106 -0.740983597
vn 0.164448953 0.758751891 -0.63027939
vn 0.138593749 0.807693902 -0.573081436
vn 0.233945478 0.735202101 -0.636197598
vn 0.334173135 0.823751444 -0.45799768
vn 0.593041871 0.791537727 0.147544452
vn 0.438221076 0.823139031 0.361115527
vn 0.205292062 0.610817197 -0.764694397
vn 0.16418101 0.82855982 -0.535287979
vn 0.238099773 0.731779527 -0.638597856
vn 0.438221076 0.823139031 0.361115527
vn 0.36350335 0.900001736 -0.240545609
vn 0.334173135 0.823751444 -0.45799768
vn 0.161487289 0.663260014 -0.730758516
vn 0.16418101 0.82855982 -0.535287979
vn 0.205292062 0.610817197 -0.764694397
vn 0.233945478 0.735202101 -0.636197598
vn 0.138593749 0.807693902 -0.573081436
vn 0.238099773 0.731779527 -0.638597856
vn 0.0522810752 0.542561959 -0.838387267
vn 0.0979883611 0.627273569 -0.77260996
vn 0.185861082 0.384818735 -0.904085283
vn 0.334173135 0.823751444 -0.45799768
vn 0.36350335 0.900001736 -0.240545609
vn -0.163473003 0.712201149 -0.682675692
vn 0.164448953 0.758751891 -0.63027939
vn 0.0990291227 0.664181106 -0.740983597
vn 0.100402289 0.801552366 -0.589434632
vn 0.161487289 0.663260014 -0.730758516
vn 0.334173135 0.823751444 -0.45799768
vn -0.163473003 0.712201149 -0.682675692
vn 0.0990291227 0.664181106 -0.740983597
vn 0.164448953 0.758751891 -0.63027939
vn 0.233945478 0.735202101 -0.636197598
vn 0.185861082 0.384818735 -0.904085283
vn 0.0990291227 0.664181106 -0.740983597
vn 0.0399693706 0.473023424 -0.880142766
vn 0.16418101 0.82855982 -0.535287979
vn 0.161487289 0.663260014 -0.730758516
vn 0.141367838 0.852266733 -0.503643277
vn 0.233945478 0.735202101 -0.636197598
vn 0.238099773 0.731779527 -0.638597856
vn 0.194033975 0.705203393 -0.681937674
vn 0.0575508439 0.577597463 -0.814290532
vn 0.0990291227 0.664181106 -0.740983597
vn 0.233945478 0.735202101 -0.636197598
vn 0.161487289 0.663260014 -0.730758516
vn 0.183645768 0.740592948 -0.646371655
vn 0.141367838 0.852266733 -0.503643277
vn 0.238099773 0.731779527 -0.638597856
vn 0.16418101 0.82855982 -0.535287979
vn 0.0926907643 0.635950138 -0.766143488
vn 0.16418101 0.82855982 -0.535287979
vn 0.141367838 0.852266733 -0.503643277
vn 0.0926907643 0.635950138 -0.766143488
vn 0.185861082 0.384818735 -0.904085283
vn 0.0399693706 0.473023424 -0.880142766
vn 0.0384114925 0.64957562 -0.759326064
vn 0.194033975 0.705203393 -0.681937674
vn 0.238099773 0.731779527 -0.638597856
vn 0.0926907643 0.635950138 -0.766143488
vn 0.183645768 0.740592948 -0.646371655
vn 0.161487289 0.663260014 -0.730758516
vn -0.163473003 0.712201149 -0.682675692
vn -0.163473003 0.712201149 -0.682675692
vn 0.36350335 0.900001736 -0.240545609
vn 0.183645768 0.740592948 -0.646371655
vn 0.0399693706 0.473023424 -0.880142766
vn 0.0990291227 0.664181106 -0.740983597
vn 0.0575508439 0.577597463 -0.814290532
vn 0.0926907643 0.635950138 -0.766143488
vn 0.141367838 0.852266733 -0.503643277
vn 0.183645768 0.740592948 -0.646371655
vn 0.151761645 0.687746138 -0.709911018
vn 0.0926907643 0.635950138 -0.766143488
vn 0.183645768 0.740592948 -0.646371655
vn 0.0575508439 0.577597463 -0.814290532
vn 0.233945478 0.735202101 -0.636197598
vn 0.291076491 0.48343532 -0.82556936
vn 0.242074013 0.632318676 -0.735916615
vn 0.233945478 0.735202101 -0.636197598
vn 0.194033975 0.705203393 -0.681937674
vn 0.151761645 0.687746138 -0.709911018
vn 0.194033975 0.705203393 -0.681937674
vn 0.0926907643 0.635950138 -0.766143488
vn 0.0699336367 0.445900015 -0.892346605
vn 0.0399693706 0.473023424 -0.880142766
vn 0.0575508439 0.577597463 -0.814290532
vn 0.0384114925 0.64957562 -0.759326064
vn 0.0399693706 0.473023424 -0.880142766
vn 0.0699336367 0.445900015 -0.892346605
vn 0.291076491 0.48343532 -0.82556936
vn 0.233945478 0.735202101 -0.636197598
vn 0.242074013 0.632318676 -0.735916615
vn 0.0699336367 0.445900015 -0.892346605
vn 0.0575508439 0.577597463 -0.814290532
vn -0.0290952497 0.416077382 -0.908863619
vn 0.091870276 0.398331308 -0.912629181
vn 0.0575508439 0.577597463 -0.814290532
vn 0.291076491 0.48343532 -0.82556936
vn 0.183645768 0.740592948 -0.646371655
vn 0.24258108 0.777922913 -0.579646755
vn 0.151761645 0.687746138 -0.709911018
vn 0.151761645 0.687746138 -0.709911018
vn 0.242074013 0.632318676 -0.735916615
vn 0.194033975 0.705203393 -0.681937674
vn -0.0290952497 0.416077382 -0.908863619
vn 0.0575508439 0.577597463 -0.814290532
vn 0.091870276 0.398331308 -0.912629181
vn 0.0339360453 0.69469665 -0.718501851
vn 0.151761645 0.687746138 -0.709911018
vn 0.24258108 0.777922913 -0.579646755
vn 0.154763642 0.544991025 -0.824034585
vn 0.0384114925 0.64957562 -0.759326064
vn 0.0699336367 0.445900015 -0.892346605
vn 0.242074013 0.632318676 -0.735916615
vn 0.151761645 0.687746138 -0.709911018
vn -0.0165967833 0.574205829 -0.818542737
vn 0.154763642 0.544991025 -0.824034585
vn 0.0699336367 0.445900015 -0.892346605
vn 0.177386295 0.247563029 -0.95249496
vn 0.24696932 0.360705834 -0.899387267
vn 0.291076491 0.48343532 -0.82556936
vn 0.242074013 0.632318676 -0.735916615
vn 0.0699336367 0.445900015 -0.892346605
vn -0.0290952497 0.416077382 -0.908863619
vn 0.00649622961 0.283757207 -0.958874156
vn 0.189279461 0.326180031 -0.926164064
vn 0.154763642 0.544991025 -0.824034585
vn 0.177386295 0.247563029 -0.95249496
vn 0.132386934 0.123757024 -0.983441863
vn 0.0699336367 0.445900015 -0.892346605
vn 0.00649622961 0.283757207 -0.958874156
vn 0.24696932 0.360705834 -0.899387267
vn 0.242074013 0.632318676 -0.735916615
vn -0.0937331592 0.354321262 -0.930414176
vn 0.091870276 0.398331308 -0.912629181
vn 0.291076491 0.48343532 -0.82556936
vn 0.24696932 0.360705834 -0.899387267
vn -0.0290952497 0.416077382 -0.908863619
vn 0.091870276 0.398331308 -0.912629181
vn 0.00649622961 0.283757207 -0.958874156
vn 0.177386295 0.247563029 -0.95249496
vn 0.0699336367 0.445900015 -0.892346605
vn 0.132386934 0.123757024 -0.983441863
vn 0.242074013 0.632318676 -0.735916615
vn -0.0165967833 0.574205829 -0.818542737
vn -0.0937331592 0.354321262 -0.930414176
vn 0.091870276 0.398331308 -0.912629181
vn 0.24696932 0.360705834 -0.899387267
vn 0.146180724 0.3303564 -0.932467611
vn 0.091870276 0.398331308 -0.912629181
vn 0.146180724 0.3303564 -0.932467611
vn 0.14956814 0.206157833 -0.96702033
vn 0.00649622961 0.283757207 -0.958874156
vn 0.091870276 0.398331308 -0.912629181
vn 0.14956814 0.206157833 -0.96702033
vn 0.00649622961 0.283757207 -0.958874156
vn 0.14956814 0.206157833 -0.96702033
vn -0.13177129 0.145820342 -0.980496178
vn 0.132386934 0.123757024 -0.983441863
vn 0.00649622961 0.283757207 -0.958874156
vn -0.13177129 0.145820342 -0.980496178
vn 0.132386934 0.123757024 -0.983441863
vn -0.13177129 0.145820342 -0.980496178
vn 0.15204197 0.154238923 -0.976265125
vn 0.177386295 0.247563029 -0.95249496
vn 0.132386934 0.123757024 -0.983441863
vn 0.234215447 0.273871194 -0.932811714
vn 0.234215447 0.273871194 -0.932811714
vn 0.132386934 0.123757024 -0.983441863
vn 0.15204197 0.154238923 -0.976265125
vn 0.0827080328 0.147785175 -0.985555135
vn 0.177386295 0.247563029 -0.95249496
vn 0.234215447 0.273871194 -0.932811714
vn 0.15204197 0.154238923 -0.976265125
vn -0.13177129 0.145820342 -0.980496178
vn 0.0943198365 0.309647147 -0.946161938
vn 0.234215447 0.273871194 -0.932811714
vn 0.15204197 0.154238923 -0.976265125
vn 0.0943198365 0.309647147 -0.946161938
vn 0.37033435 0.815670475 0.444448135
vn 0.381906141 0.774184085 0.504764006
vn 0.147955143 0.956590791 -0.251084317
vn 0.540822294 0.819227915 0.190727213
vn 0.438221076 0.823139031 0.361115527
vn 0.429422147 0.842272654 0.325842595
vn 0.761375631 0.647241256 -0.0372277287
vn 0.540822294 0.819227915 0.190727213
vn 0.320281019 0.910370202 0.262004129
vn 0.24696932 0.360705834 -0.899387267
vn -0.0937331592 0.354321262 -0.930414176
vn 0.146180724 0.3303564 -0.932467611
vn -0.13177129 0.145820342 -0.980496178
vn 0.14956814 0.206157833 -0.96702033
vn 0.0466634118 0.368680751 -0.928384096
vn 0.343059151 0.928807673 -0.140095412
vn 0.522721195 0.731926152 0.437088847
vn 0.593041871 0.791537727 0.147544452
vn 0.540822294 0.819227915 0.190727213
vn 0.36350335 0.900001736 -0.240545609
vn 0.438221076 0.823139031 0.361115527
vn 0.151761645 0.687746138 -0.709911018
vn 0.0339360453 0.69469665 -0.718501851
vn -0.0165967833 0.574205829 -0.818542737
vn -0.639369221 -0.755064156 0.14520716
vn -0.864156799 -0.386631347 0.322101271
vn -0.718495468 -0.690781035 -0.0811530844
vn -0.28286202 -0.945399703 -0.161890333
vn -0.0686618547 -0.997568503 -0.0119428655
vn -0.119437186 -0.990312976 -0.0708164379
vn -0.0686618547 -0.997568503 -0.0119428655
vn 0.0289060358 -0.978224799 0.205525383
vn 0.0714812772 -0.995666882 0.0594801358
vn -0.882759868 0.134671017 0.45010969
vn -0.766239585 0.101416975 0.634500982
vn -0.837879154 0.225987829 0.49687828
vn -0.826829738 0.177002385 0.53387521
vn -0.837879154 0.225987829 0.49687828
vn -0.777178788 0.121909004 0.617358345
vn -0.864156799 -0.386631347 0.322101271
vn -0.793923893 -0.232026303 0.562004134
vn -0.702917368 -0.699442715 0.129178414
vn -0.585915198 -0.348624671 -0.731549191
vn -0.311806674 -0.207318928 -0.927251562
vn -0.382054329 -0.469584674 -0.795942664
vn -0.542058247 -0.483477966 -0.687329553
vn -0.585915198 -0.348624671 -0.731549191
vn -0.497429313 -0.70632613 -0.503654124
vn -0.864156799 -0.386631347 0.322101271
vn -0.702917368 -0.699442715 0.129178414
vn -0.784217788 -0.619604836 -0.0330500906
vn -0.68828635 -0.439826092 -0.576901126
vn -0.467526248 -0.796668216 -0.383065216
vn -0.663121719 -0.644625801 -0.380430232
vn -0.864156799 -0.386631347 0.322101271
vn -0.784217788 -0.619604836 -0.0330500906
vn -0.718495468 -0.690781035 -0.0811530844
vn -0.784217788 -0.619604836 -0.0330500906
vn -0.702917368 -0.699442715 0.129178414
vn -0.513163845 -0.853792039 -0.0877611678
vn -0.542058247 -0.483477966 -0.687329553
vn -0.497429313 -0.70632613 -0.503654124
vn -0.467526248 -0.796668216 -0.383065216
vn -0.585915198 -0.348624671 -0.731549191
vn -0.382054329 -0.469584674 -0.795942664
vn -0.423974741 -0.70766613 -0.565202678
vn -0.423974741 -0.70766613 -0.565202678
vn -0.497429313 -0.70632613 -0.503654124
vn -0.585915198 -0.348624671 -0.731549191
vn -0.581402247 -0.813570327 0.00864583074
vn -0.663121719 -0.644625801 -0.380430232
vn -0.444543098 -0.881075452 -0.161516195
vn -0.581402247 -0.813570327 0.00864583074
vn -0.513163845 -0.853792039 -0.0877611678
vn -0.702917368 -0.699442715 0.129178414
vn -0.444543098 -0.881075452 -0.161516195
vn -0.513163845 -0.853792039 -0.0877611678
vn -0.581402247 -0.813570327 0.00864583074
vn -0.513163845 -0.853792039 -0.0877611678
vn -0.718495468 -0.690781035 -0.0811530844
vn -0.784217788 -0.619604836 -0.0330500906
vn -0.663121719 -0.644625801 -0.380430232
vn -0.467526248 -0.796668216 -0.383065216
vn -0.444543098 -0.881075452 -0.161516195
vn -0.398438465 -0.902749444 -0.162142624
vn -0.444543098 -0.881075452 -0.161516195
vn -0.467526248 -0.796668216 -0.383065216
vn -0.513163845 -0.853792039 -0.0877611678
vn -0.444543098 -0.881075452 -0.161516195
vn -0.398438465 -0.902749444 -0.162142624
vn -0.423974741 -0.70766613 -0.565202678
vn -0.467526248 -0.796668216 -0.383065216
vn -0.497429313 -0.70632613 -0.503654124
vn -0.382054329 -0.469584674 -0.795942664
vn -0.0651423554 -0.650026555 -0.757114226
vn -0.423974741 -0.70766613 -0.565202678
vn -0.246778039 -0.908564144 -0.337063489
vn -0.467526248 -0.796668216 -0.383065216
vn -0.423974741 -0.70766613 -0.565202678
vn -0.0651423554 -0.650026555 -0.757114226
vn -0.086989598 -0.926019744 -0.367314911
vn -0.423974741 -0.70766613 -0.565202678
vn -0.361276871 -0.886461748 -0.289248322
vn -0.718495468 -0.690781035 -0.0811530844
vn -0.513163845 -0.853792039 -0.0877611678
vn -0.398438465 -0.902749444 -0.162142624
vn -0.467526248 -0.796668216 -0.383065216
vn -0.246778039 -0.908564144 -0.337063489
vn -0.157209433 -0.983239454 -0.0923329333
vn -0.513163845 -0.853792039 -0.0877611678
vn -0.398438465 -0.902749444 -0.162142624
vn -0.361276871 -0.886461748 -0.289248322
vn -0.513163845 -0.853792039 -0.0877611678
vn -0.49057612 -0.838368666 -0.237640591
vn -0.718495468 -0.690781035 -0.0811530844
vn -0.361276871 -0.886461748 -0.289248322
vn -0.28286202 -0.945399703 -0.161890333
vn -0.49057612 -0.838368666 -0.237640591
vn -0.513163845 -0.853792039 -0.0877611678
vn -0.157209433 -0.983239454 -0.0923329333
vn -0.28286202 -0.945399703 -0.161890333
vn -0.361276871 -0.886461748 -0.289248322
vn -0.49057612 -0.838368666 -0.237640591
vn -0.423974741 -0.70766613 -0.565202678
vn -0.086989598 -0.926019744 -0.367314911
vn -0.246778039 -0.908564144 -0.337063489
vn -0.639369221 -0.755064156 0.14520716
vn -0.718495468 -0.690781035 -0.0811530844
vn -0.28286202 -0.945399703 -0.161890333
vn -0.246778039 -0.908564144 -0.337063489
vn -0.0138661324 -0.979593413 -0.200510535
vn -0.398438465 -0.902749444 -0.162142624
vn -0.157209433 -0.983239454 -0.0923329333
vn -0.398438465 -0.902749444 -0.162142624
vn -0.197812139 -0.954034752 -0.225140066
vn -0.0138661324 -0.979593413 -0.200510535
vn -0.197812139 -0.954034752 -0.225140066
vn -0.398438465 -0.902749444 -0.162142624
vn -0.0437436489 -0.991208736 -0.124866866
vn -0.246778039 -0.908564144 -0.337063489
vn -0.086989598 -0.926019744 -0.367314911
vn -0.246778039 -0.908564144 -0.337063489
vn -0.0437436489 -0.991208736 -0.124866866
vn -0.000288803263 -0.964123185 -0.265455082
vn -0.28286202 -0.945399703 -0.161890333
vn -0.49057612 -0.838368666 -0.237640591
vn -0.157209433 -0.983239454 -0.0923329333
vn -0.246778039 -0.908564144 -0.337063489
vn -0.000288803263 -0.964123185 -0.265455082
vn -0.0138661324 -0.979593413 -0.200510535
vn -0.0138661324 -0.979593413 -0.200510535
vn -0.0775957295 -0.9678195 -0.239383203
vn -0.197812139 -0.954034752 -0.225140066
vn -0.28286202 -0.945399703 -0.161890333
vn -0.157209433 -0.983239454 -0.0923329333
vn -0.0871229828 -0.99105571 -0.101084938
vn -0.197812139 -0.954034752 -0.225140066
vn -0.0775957295 -0.9678195 -0.239383203
vn -0.157209433 -0.983239454 -0.0923329333
vn -0.0138661324 -0.979593413 -0.200510535
vn -0.000288803263 -0.964123185 -0.265455082
vn -0.0775957295 -0.9678195 -0.239383203
vn -0.0871229828 -0.99105571 -0.101084938
vn -0.0686618547 -0.997568503 -0.0119428655
vn -0.28286202 -0.945399703 -0.161890333
vn -0.0871229828 -0.99105571 -0.101084938
vn -0.157209433 -0.983239454 -0.0923329333
vn -0.0775957295 -0.9678195 -0.239383203
vn -0.134628688 -0.975918163 -0.171635824
vn -0.0662167335 -0.956304797 -0.284774437
vn -0.000288803263 -0.964123185 -0.265455082
vn -0.0437436489 -0.991208736 -0.124866866
vn -0.134628688 -0.975918163 -0.171635824
vn -0.000288803263 -0.964123185 -0.265455082
vn -0.000288803263 -0.964123185 -0.265455082
vn -0.0662167335 -0.956304797 -0.284774437
vn -0.0775957295 -0.9678195 -0.239383203
vn -0.0871229828 -0.99105571 -0.101084938
vn -0.0775957295 -0.9678195 -0.239383203
vn -0.0686618547 -0.997568503 -0.0119428655
vn -0.0662167335 -0.956304797 -0.284774437
vn -0.0112467004 -0.992345182 -0.122981917
vn -0.0775957295 -0.9678195 -0.239383203
vn -0.0112467004 -0.992345182 -0.122981917
vn -0.0686618547 -0.997568503 -0.0119428655
vn -0.0775957295 -0.9678195 -0.239383203
vn -0.0112467004 -0.992345182 -0.122981917
vn 0.0289060358 -0.978224799 0.205525383
vn -0.0686618547 -0.997568503 -0.0119428655
vn 0.0387688828 -0.999231015 -0.00586110758
vn -0.0662167335 -0.956304797 -0.284774437
vn -0.134628688 -0.975918163 -0.171635824
vn -0.0662167335 -0.956304797 -0.284774437
vn 0.0811930709 -0.991971837 -0.0969513253
vn -0.0112467004 -0.992345182 -0.122981917
vn 0.0811930709 -0.991971837 -0.0969513253
vn -0.0662167335 -0.956304797 -0.284774437
vn 0.0387688828 -0.999231015 -0.00586110758
vn 0.411823686 -0.900261931 -0.141172616
vn 0.15864695 -0.983366724 -0.0884365937
vn 0.295103993 -0.955179798 0.0233492513
vn 0.0289060358 -0.978224799 0.205525383
vn -0.0112467004 -0.992345182 -0.122981917
vn 0.0811930709 -0.991971837 -0.0969513253
vn 0.411823686 -0.900261931 -0.141172616
vn 0.0811930709 -0.991971837 -0.0969513253
vn 0.0387688828 -0.999231015 -0.00586110758
vn 0.0289060358 -0.978224799 0.205525383
vn 0.0811930709 -0.991971837 -0.0969513253
vn 0.161579628 -0.985655663 -0.0487333394
vn -0.657946491 0.00840185055 -0.753017811
vn -0.585915198 -0.348624671 -0.731549191
vn -0.795803027 -0.20913579 -0.56829549
vn -0.585915198 -0.348624671 -0.731549191
vn -0.657946491 0.00840185055 -0.753017811
vn -0.149385459 0.0200084997 -0.988576575
vn -0.585915198 -0.348624671 -0.731549191
vn -0.149385459 0.0200084997 -0.988576575
vn -0.311806674 -0.207318928 -0.927251562
vn -0.664985998 0.121156392 0.736963195
vn -0.837879154 0.225987829 0.49687828
vn -0.766239585 0.101416975 0.634500982
vn -0.837879154 0.225987829 0.49687828
vn -0.664985998 0.121156392 0.736963195
vn -0.777178788 0.121909004 0.617358345
vn -0.664985998 0.121156392 0.736963195
vn -0.86665404 -0.0143216225 0.498703987
vn -0.777178788 0.121909004 0.617358345
vn -0.9677528 0.000637448092 -0.251900997
vn -0.925643583 0.0945605283 -0.366390862
vn -0.872940409 -0.418264532 -0.251057413
vn -0.96024533 -0.20609521 0.188291452
vn -0.872940409 -0.418264532 -0.251057413
vn -0.925643583 0.0945605283 -0.366390862
vn -0.896698706 -0.437530633 -0.0670699248
vn -0.986701724 0.144300401 0.074813783
vn -0.9677528 0.000637448092 -0.251900997
vn -0.657946491 0.00840185055 -0.753017811
vn -0.795803027 -0.20913579 -0.56829549
vn -0.902027149 -0.131499427 -0.411162892
vn -0.86665404 -0.0143216225 0.498703987
vn -0.96024533 -0.20609521 0.188291452
vn -0.925643583 0.0945605283 -0.366390862
vn -0.986701724 0.144300401 0.074813783
vn -0.896698706 -0.437530633 -0.0670699248
vn -0.941768902 -0.0288732877 -0.335018909
vn -0.992355362 -0.0840650437 0.0903543248
vn -0.86665404 -0.0143216225 0.498703987
vn -0.925643583 0.0945605283 -0.366390862
vn -0.902027149 -0.131499427 -0.411162892
vn -0.795803027 -0.20913579 -0.56829549
vn -0.867853299 -0.0714153362 -0.491660961
vn -0.9677528 0.000637448092 -0.251900997
vn -0.986701724 0.144300401 0.074813783
vn -0.869986481 0.489874307 -0.056095336
vn -0.766820619 -0.151415398 -0.623746355
vn -0.867853299 -0.0714153362 -0.491660961
vn -0.795803027 -0.20913579 -0.56829549
vn -0.925643583 0.0945605283 -0.366390862
vn -0.9677528 0.000637448092 -0.251900997
vn -0.981014483 -0.187008752 -0.051364496
vn -0.777178788 0.121909004 0.617358345
vn -0.86665404 -0.0143216225 0.498703987
vn -0.992355362 -0.0840650437 0.0903543248
vn -0.777178788 0.121909004 0.617358345
vn -0.793923893 -0.232026303 0.562004134
vn -0.888839304 -0.102117851 0.446695238
vn -0.766820619 -0.151415398 -0.623746355
vn -0.941768902 -0.0288732877 -0.335018909
vn -0.867853299 -0.0714153362 -0.491660961
vn -0.941768902 -0.0288732877 -0.335018909
vn -0.869986481 0.489874307 -0.056095336
vn -0.986701724 0.144300401 0.074813783
vn -0.992355362 -0.0840650437 0.0903543248
vn -0.793923893 -0.232026303 0.562004134
vn -0.777178788 0.121909004 0.617358345
vn -0.981014483 -0.187008752 -0.051364496
vn -0.9677528 0.000637448092 -0.251900997
vn -0.869986481 0.489874307 -0.056095336
vn -0.925643583 0.0945605283 -0.366390862
vn -0.981014483 -0.187008752 -0.051364496
vn -0.992355362 -0.0840650437 0.0903543248
vn -0.869986481 0.489874307 -0.056095336
vn -0.941768902 -0.0288732877 -0.335018909
vn -0.913484105 0.010732879 -0.406732831
vn -0.913484105 0.010732879 -0.406732831
vn -0.941768902 -0.0288732877 -0.335018909
vn -0.766820619 -0.151415398 -0.623746355
vn -0.766820619 -0.151415398 -0.623746355
vn -0.795803027 -0.20913579 -0.56829549
vn -0.542058247 -0.483477966 -0.687329553
vn -0.956165211 -0.231995884 -0.178678482
vn -0.869986481 0.489874307 -0.056095336
vn -0.913484105 0.010732879 -0.406732831
vn -0.913484105 0.010732879 -0.406732831
vn -0.766820619 -0.151415398 -0.623746355
vn -0.68828635 -0.439826092 -0.576901126
vn -0.981014483 -0.187008752 -0.051364496
vn -0.869986481 0.489874307 -0.056095336
vn -0.956165211 -0.231995884 -0.178678482
vn -0.702917368 -0.699442715 0.129178414
vn -0.992355362 -0.0840650437 0.0903543248
vn -0.981014483 -0.187008752 -0.051364496
vn -0.581402247 -0.813570327 0.00864583074
vn -0.981014483 -0.187008752 -0.051364496
vn -0.956165211 -0.231995884 -0.178678482
vn -0.663121719 -0.644625801 -0.380430232
vn -0.956165211 -0.231995884 -0.178678482
vn -0.913484105 0.010732879 -0.406732831
vn -0.68828635 -0.439826092 -0.576901126
vn -0.663121719 -0.644625801 -0.380430232
vn -0.913484105 0.010732879 -0.406732831
vn -0.766820619 -0.151415398 -0.623746355
vn -0.542058247 -0.483477966 -0.687329553
vn -0.68828635 -0.439826092 -0.576901126
vn 0.411823686 -0.900261931 -0.141172616
vn 0.161579628 -0.985655663 -0.0487333394
vn 0.0811930709 -0.991971837 -0.0969513253
vn -0.28286202 -0.945399703 -0.161890333
vn -0.119437186 -0.990312976 -0.0708164379
vn -0.639369221 -0.755064156 0.14520716
vn -0.793923893 -0.232026303 0.562004134
vn -0.864156799 -0.386631347 0.322101271
vn -0.888839304 -0.102117851 0.446695238
vn -0.793923893 -0.232026303 0.562004134
vn -0.992355362 -0.0840650437 0.0903543248
vn -0.702917368 -0.699442715 0.129178414
vn -0.581402247 -0.813570327 0.00864583074
vn -0.956165211 -0.231995884 -0.178678482
vn -0.663121719 -0.644625801 -0.380430232
vn -0.68828635 -0.439826092 -0.576901126
vn -0.542058247 -0.483477966 -0.687329553
vn -0.467526248 -0.796668216 -0.383065216
vn 0.0289060358 -0.978224799 0.205525383
vn 0.161579628 -0.985655663 -0.0487333394
vn -0.135776402 -0.951425503 0.276322785
vn 0.418050872 -0.890674984 -0.178693987
vn 0.411823686 -0.900261931 -0.141172616
vn 0.295103993 -0.955179798 0.0233492513
vn -0.826829738 0.177002385 0.53387521
vn -0.777178788 0.121909004 0.617358345
vn -0.888839304 -0.102117851 0.446695238
vn -0.585915198 -0.348624671 -0.731549191
vn -0.542058247 -0.483477966 -0.687329553
vn -0.795803027 -0.20913579 -0.56829549
vn -0.981014483 -0.187008752 -0.051364496
vn -0.581402247 -0.813570327 0.00864583074
vn -0.702917368 -0.699442715 0.129178414
vn -0.595544868 0.679810516 0.427999968
vn -0.727815799 0.435918511 0.529395141
vn -0.50567697 0.781092561 0.366313
vn -0.800210543 0.29293147 0.523310845
vn -0.683214755 0.415120614 0.600743268
vn -0.630855854 0.208554684 0.74734586
vn 0.0327897357 0.965236983 0.259311397
vn 0.00524559559 0.999203749 0.0395518903
vn -0.294749388 0.952253728 -0.0795967081
vn 0.00524559559 0.999203749 0.0395518903
vn -0.146204452 0.91896877 -0.366224874
vn -0.294749388 0.952253728 -0.0795967081
vn -0.146204452 0.91896877 -0.366224874
vn 0.00524559559 0.999203749 0.0395518903
vn -0.0287547056 0.829348207 -0.557991684
vn -0.203184632 0.944208911 -0.259201733
vn -0.236444184 0.962312138 -0.134348412
vn -0.146204452 0.91896877 -0.366224874
vn -0.146204452 0.91896877 -0.366224874
vn -0.00451752263 0.883122263 -0.469121157
vn -0.203184632 0.944208911 -0.259201733
vn -0.240035909 0.903991472 -0.35381094
vn -0.104109698 0.900062095 -0.423142289
vn -0.282808969 0.85764429 -0.429494306
vn -0.203184632 0.944208911 -0.259201733
vn -0.00451752263 0.883122263 -0.469121157
vn -0.104109698 0.900062095 -0.423142289
vn -0.282808969 0.85764429 -0.429494306
vn -0.104109698 0.900062095 -0.423142289
vn -0.0997901508 0.886806807 -0.451237868
vn -0.0997901508 0.886806807 -0.451237868
vn -0.104109698 0.900062095 -0.423142289
vn 0.0910471045 0.824138616 -0.559022331
vn -0.0146031989 0.909683375 -0.415045664
vn -0.282808969 0.85764429 -0.429494306
vn -0.0997901508 0.886806807 -0.451237868
vn -0.0146031989 0.909683375 -0.415045664
vn -0.362340821 0.910936686 -0.197239659
vn -0.282808969 0.85764429 -0.429494306
vn -0.104109698 0.900062095 -0.423142289
vn -0.00451752263 0.883122263 -0.469121157
vn 0.0910471045 0.824138616 -0.559022331
vn -0.362340821 0.910936686 -0.197239659
vn -0.0146031989 0.909683375 -0.415045664
vn -0.205465909 0.803061767 -0.559352804
vn 0.0910471045 0.824138616 -0.559022331
vn -0.0146031989 0.909683375 -0.415045664
vn -0.0997901508 0.886806807 -0.451237868
vn -0.362340821 0.910936686 -0.197239659
vn -0.205465909 0.803061767 -0.559352804
vn -0.51538431 0.69405978 -0.502652996
vn -0.205465909 0.803061767 -0.559352804
vn -0.371486161 0.581653721 -0.723655292
vn -0.51538431 0.69405978 -0.502652996
vn -0.205465909 0.803061767 -0.559352804
vn -0.0146031989 0.909683375 -0.415045664
vn 0.0979883611 0.627273569 -0.77260996
vn -0.185582648 0.550020071 -0.814270841
vn -0.205465909 0.803061767 -0.559352804
vn 0.0979883611 0.627273569 -0.77260996
vn -0.371486161 0.581653721 -0.723655292
vn -0.205465909 0.803061767 -0.559352804
vn -0.185582648 0.550020071 -0.814270841
vn -0.371486161 0.581653721 -0.723655292
vn -0.185582648 0.550020071 -0.814270841
vn -0.196354338 0.637996103 -0.744584412
vn -0.196354338 0.637996103 -0.744584412
vn -0.185582648 0.550020071 -0.814270841
vn 0.0522810752 0.542561959 -0.838387267
vn 0.0522810752 0.542561959 -0.838387267
vn -0.185424969 0.653923512 -0.733485938
vn -0.196354338 0.637996103 -0.744584412
vn -0.185424969 0.653923512 -0.733485938
vn 0.0522810752 0.542561959 -0.838387267
vn -0.597638193 0.306455495 -0.74088705
vn 0.0522810752 0.542561959 -0.838387267
vn 0.154763642 0.544991025 -0.824034585
vn 0.202221847 0.344488303 -0.916751948
vn -0.597638193 0.306455495 -0.74088705
vn 0.0522810752 0.542561959 -0.838387267
vn 0.202221847 0.344488303 -0.916751948
vn -0.597638193 0.306455495 -0.74088705
vn 0.202221847 0.344488303 -0.916751948
vn -0.393885445 0.0128661174 -0.919069486
vn 0.202221847 0.344488303 -0.916751948
vn 0.154763642 0.544991025 -0.824034585
vn 0.189279461 0.326180031 -0.926164064
vn -0.393885445 0.0128661174 -0.919069486
vn 0.202221847 0.344488303 -0.916751948
vn 0.189279461 0.326180031 -0.926164064
vn 0.189279461 0.326180031 -0.926164064
vn 0.0827080328 0.147785175 -0.985555135
vn -0.393885445 0.0128661174 -0.919069486
vn 0.0827080328 0.147785175 -0.985555135
vn -0.401488289 -0.216235138 -0.88997164
vn -0.393885445 0.0128661174 -0.919069486
vn -0.871102993 -0.285947582 -0.399266272
vn -0.401488289 -0.216235138 -0.88997164
vn -0.710506586 -0.0846820283 -0.698576657
vn -0.401488289 -0.216235138 -0.88997164
vn 0.0827080328 0.147785175 -0.985555135
vn -0.710506586 -0.0846820283 -0.698576657
vn -0.710506586 -0.0846820283 -0.698576657
vn 0.0827080328 0.147785175 -0.985555135
vn -0.177799179 0.193890466 -0.964776627
vn -0.657946491 0.00840185055 -0.753017811
vn -0.710506586 -0.0846820283 -0.698576657
vn -0.177799179 0.193890466 -0.964776627
vn -0.236444184 0.962312138 -0.134348412
vn -0.595544868 0.679810516 0.427999968
vn -0.294749388 0.952253728 -0.0795967081
vn -0.524231368 0.72007077 0.454620236
vn -0.595544868 0.679810516 0.427999968
vn -0.236444184 0.962312138 -0.134348412
vn -0.524231368 0.72007077 0.454620236
vn -0.236444184 0.962312138 -0.134348412
vn -0.203184632 0.944208911 -0.259201733
vn -0.524231368 0.72007077 0.454620236
vn -0.203184632 0.944208911 -0.259201733
vn -0.592454373 0.748625218 0.297587126
vn -0.563261888 0.753695338 0.338643445
vn -0.592454373 0.748625218 0.297587126
vn -0.203184632 0.944208911 -0.259201733
vn -0.240035909 0.903991472 -0.35381094
vn -0.563162499 0.807737043 -0.174381388
vn -0.203184632 0.944208911 -0.259201733
vn -0.563162499 0.807737043 -0.174381388
vn -0.563261888 0.753695338 0.338643445
vn -0.203184632 0.944208911 -0.259201733
vn -0.563162499 0.807737043 -0.174381388
vn -0.240035909 0.903991472 -0.35381094
vn -0.428414305 0.695398423 -0.576959458
vn -0.282808969 0.85764429 -0.429494306
vn -0.428414305 0.695398423 -0.576959458
vn -0.240035909 0.903991472 -0.35381094
vn -0.563261888 0.753695338 0.338643445
vn -0.563162499 0.807737043 -0.174381388
vn -0.798750084 0.571054744 0.189459185
vn -0.592454373 0.748625218 0.297587126
vn -0.563261888 0.753695338 0.338643445
vn -0.602789204 0.448895887 0.659649649
vn -0.667477151 0.474516227 0.573854166
vn -0.595544868 0.679810516 0.427999968
vn -0.524231368 0.72007077 0.454620236
vn -0.524231368 0.72007077 0.454620236
vn -0.592454373 0.748625218 0.297587126
vn -0.667477151 0.474516227 0.573854166
vn -0.428414305 0.695398423 -0.576959458
vn -0.282808969 0.85764429 -0.429494306
vn -0.523730105 0.723914214 -0.449060117
vn -0.667477151 0.474516227 0.573854166
vn -0.592454373 0.748625218 0.297587126
vn -0.602789204 0.448895887 0.659649649
vn -0.798750084 0.571054744 0.189459185
vn -0.602789204 0.448895887 0.659649649
vn -0.563261888 0.753695338 0.338643445
vn -0.798750084 0.571054744 0.189459185
vn -0.563162499 0.807737043 -0.174381388
vn -0.631791303 0.746873807 -0.20741086
vn -0.428414305 0.695398423 -0.576959458
vn -0.631791303 0.746873807 -0.20741086
vn -0.563162499 0.807737043 -0.174381388
vn -0.667477151 0.474516227 0.573854166
vn -0.683214755 0.415120614 0.600743268
vn -0.595544868 0.679810516 0.427999968
vn -0.798750084 0.571054744 0.189459185
vn -0.589053653 0.297927629 0.751169037
vn -0.602789204 0.448895887 0.659649649
vn -0.631791303 0.746873807 -0.20741086
vn -0.428414305 0.695398423 -0.576959458
vn -0.523730105 0.723914214 -0.449060117
vn -0.282808969 0.85764429 -0.429494306
vn -0.362340821 0.910936686 -0.197239659
vn -0.523730105 0.723914214 -0.449060117
vn -0.589053653 0.297927629 0.751169037
vn -0.798750084 0.571054744 0.189459185
vn -0.749109839 0.272606632 0.603754977
vn -0.409118196 0.910721287 -0.0566483801
vn -0.631791303 0.746873807 -0.20741086
vn -0.523730105 0.723914214 -0.449060117
vn -0.631791303 0.746873807 -0.20741086
vn -0.749109839 0.272606632 0.603754977
vn -0.798750084 0.571054744 0.189459185
vn -0.641393915 0.383526156 0.664470867
vn -0.667477151 0.474516227 0.573854166
vn -0.602789204 0.448895887 0.659649649
vn -0.641393915 0.383526156 0.664470867
vn -0.683214755 0.415120614 0.600743268
vn -0.667477151 0.474516227 0.573854166
vn -0.409118196 0.910721287 -0.0566483801
vn -0.523730105 0.723914214 -0.449060117
vn -0.362340821 0.910936686 -0.197239659
vn -0.783281597 0.59510156 0.179788969
vn -0.631791303 0.746873807 -0.20741086
vn -0.409118196 0.910721287 -0.0566483801
vn -0.783281597 0.59510156 0.179788969
vn -0.749109839 0.272606632 0.603754977
vn -0.631791303 0.746873807 -0.20741086
vn -0.589053653 0.297927629 0.751169037
vn -0.641393915 0.383526156 0.664470867
vn -0.602789204 0.448895887 0.659649649
vn -0.783281597 0.59510156 0.179788969
vn -0.409118196 0.910721287 -0.0566483801
vn -0.816142373 0.555287356 -0.159898652
vn -0.362340821 0.910936686 -0.197239659
vn -0.51538431 0.69405978 -0.502652996
vn -0.409118196 0.910721287 -0.0566483801
vn -0.816142373 0.555287356 -0.159898652
vn -0.409118196 0.910721287 -0.0566483801
vn -0.51538431 0.69405978 -0.502652996
vn -0.935213881 0.328289911 0.132667744
vn -0.783281597 0.59510156 0.179788969
vn -0.816142373 0.555287356 -0.159898652
vn -0.641393915 0.383526156 0.664470867
vn -0.630855854 0.208554684 0.74734586
vn -0.683214755 0.415120614 0.600743268
vn -0.816142373 0.555287356 -0.159898652
vn -0.51538431 0.69405978 -0.502652996
vn -0.849452072 0.262561617 -0.457703587
vn -0.371486161 0.581653721 -0.723655292
vn -0.849452072 0.262561617 -0.457703587
vn -0.51538431 0.69405978 -0.502652996
vn -0.731880431 0.0691425376 0.677916178
vn -0.783281597 0.59510156 0.179788969
vn -0.935213881 0.328289911 0.132667744
vn -0.641393915 0.383526156 0.664470867
vn -0.589053653 0.297927629 0.751169037
vn -0.697962357 0.0743357479 0.712265923
vn -0.589053653 0.297927629 0.751169037
vn -0.749109839 0.272606632 0.603754977
vn -0.731880431 0.0691425376 0.677916178
vn -0.630855854 0.208554684 0.74734586
vn -0.641393915 0.383526156 0.664470867
vn -0.645690938 0.180750659 0.741897845
vn -0.935213881 0.328289911 0.132667744
vn -0.816142373 0.555287356 -0.159898652
vn -0.935906026 0.122607048 -0.330223291
vn -0.641393915 0.383526156 0.664470867
vn -0.697962357 0.0743357479 0.712265923
vn -0.645690938 0.180750659 0.741897845
vn -0.816142373 0.555287356 -0.159898652
vn -0.849452072 0.262561617 -0.457703587
vn -0.935906026 0.122607048 -0.330223291
vn -0.697962357 0.0743357479 0.712265923
vn -0.589053653 0.297927629 0.751169037
vn -0.731880431 0.0691425376 0.677916178
vn -0.371486161 0.581653721 -0.723655292
vn -0.704254641 0.413364776 -0.577195775
vn -0.849452072 0.262561617 -0.457703587
vn -0.704254641 0.413364776 -0.577195775
vn -0.371486161 0.581653721 -0.723655292
vn -0.196354338 0.637996103 -0.744584412
vn -0.697962357 0.0743357479 0.712265923
vn -0.742938666 0.0252854908 0.66888174
vn -0.645690938 0.180750659 0.741897845
vn -0.894240219 0.00395652986 -0.447569856
vn -0.849452072 0.262561617 -0.457703587
vn -0.704254641 0.413364776 -0.577195775
vn -0.849452072 0.262561617 -0.457703587
vn -0.894240219 0.00395652986 -0.447569856
vn -0.935906026 0.122607048 -0.330223291
vn -0.185424969 0.653923512 -0.733485938
vn -0.704254641 0.413364776 -0.577195775
vn -0.196354338 0.637996103 -0.744584412
vn -0.987817304 -0.0163412404 0.154757672
vn -0.731880431 0.0691425376 0.677916178
vn -0.935213881 0.328289911 0.132667744
vn -0.697962357 0.0743357479 0.712265923
vn -0.731880431 0.0691425376 0.677916178
vn -0.618284334 -0.0404137776 0.784914778
vn -0.618284334 -0.0404137776 0.784914778
vn -0.742938666 0.0252854908 0.66888174
vn -0.697962357 0.0743357479 0.712265923
vn -0.935906026 0.122607048 -0.330223291
vn -0.987817304 -0.0163412404 0.154757672
vn -0.935213881 0.328289911 0.132667744
vn -0.894240219 0.00395652986 -0.447569856
vn -0.704254641 0.413364776 -0.577195775
vn -0.597638193 0.306455495 -0.74088705
vn -0.704254641 0.413364776 -0.577195775
vn -0.185424969 0.653923512 -0.733485938
vn -0.597638193 0.306455495 -0.74088705
vn -0.731880431 0.0691425376 0.677916178
vn -0.987817304 -0.0163412404 0.154757672
vn -0.600805411 0.0212503098 0.799112809
vn -0.618284334 -0.0404137776 0.784914778
vn -0.731880431 0.0691425376 0.677916178
vn -0.600805411 0.0212503098 0.799112809
vn -0.935906026 0.122607048 -0.330223291
vn -0.894240219 0.00395652986 -0.447569856
vn -0.874730393 -0.212395351 -0.435585759
vn -0.987817304 -0.0163412404 0.154757672
vn -0.935906026 0.122607048 -0.330223291
vn -0.874730393 -0.212395351 -0.435585759
vn -0.893938095 0.189575813 0.406122758
vn -0.742938666 0.0252854908 0.66888174
vn -0.848482411 0.0270323989 0.528532731
vn -0.742938666 0.0252854908 0.66888174
vn -0.618284334 -0.0404137776 0.784914778
vn -0.69372515 0.0979998011 0.713541488
vn -0.69372515 0.0979998011 0.713541488
vn -0.618284334 -0.0404137776 0.784914778
vn -0.600805411 0.0212503098 0.799112809
vn -0.874730393 -0.212395351 -0.435585759
vn -0.894240219 0.00395652986 -0.447569856
vn -0.836879639 -0.282282153 -0.46898748
vn -0.742938666 0.0252854908 0.66888174
vn -0.69372515 0.0979998011 0.713541488
vn -0.848482411 0.0270323989 0.528532731
vn -0.600805411 0.0212503098 0.799112809
vn -0.987817304 -0.0163412404 0.154757672
vn -0.962993608 -0.2466035 0.108765922
vn -0.987817304 -0.0163412404 0.154757672
vn -0.874730393 -0.212395351 -0.435585759
vn -0.85568731 -0.400136404 -0.328161676
vn -0.894240219 0.00395652986 -0.447569856
vn -0.597638193 0.306455495 -0.74088705
vn -0.856927818 -0.276957544 -0.434705916
vn -0.856927818 -0.276957544 -0.434705916
vn -0.836879639 -0.282282153 -0.46898748
vn -0.894240219 0.00395652986 -0.447569856
vn -0.69372515 0.0979998011 0.713541488
vn -0.600805411 0.0212503098 0.799112809
vn -0.648676293 0.353801051 0.673827785
vn -0.987817304 -0.0163412404 0.154757672
vn -0.85568731 -0.400136404 -0.328161676
vn -0.962993608 -0.2466035 0.108765922
vn -0.69372515 0.0979998011 0.713541488
vn -0.648676293 0.353801051 0.673827785
vn -0.848482411 0.0270323989 0.528532731
vn -0.648676293 0.353801051 0.673827785
vn -0.600805411 0.0212503098 0.799112809
vn -0.972166649 -0.105318835 0.209284376
vn -0.85568731 -0.400136404 -0.328161676
vn -0.874730393 -0.212395351 -0.435585759
vn -0.836879639 -0.282282153 -0.46898748
vn -0.972166649 -0.105318835 0.209284376
vn -0.600805411 0.0212503098 0.799112809
vn -0.962993608 -0.2466035 0.108765922
vn -0.856927818 -0.276957544 -0.434705916
vn -0.810494111 -0.310370142 -0.496759168
vn -0.836879639 -0.282282153 -0.46898748
vn -0.882759868 0.134671017 0.45010969
vn -0.848482411 0.0270323989 0.528532731
vn -0.648676293 0.353801051 0.673827785
vn -0.962993608 -0.2466035 0.108765922
vn -0.85568731 -0.400136404 -0.328161676
vn -0.905210126 -0.317911442 -0.282005217
vn -0.648676293 0.353801051 0.673827785
vn -0.972166649 -0.105318835 0.209284376
vn -0.581770774 0.535535571 0.612163719
vn -0.810494111 -0.310370142 -0.496759168
vn -0.856927818 -0.276957544 -0.434705916
vn -0.871102993 -0.285947582 -0.399266272
vn -0.871102993 -0.285947582 -0.399266272
vn -0.856927818 -0.276957544 -0.434705916
vn -0.401488289 -0.216235138 -0.88997164
vn -0.648676293 0.353801051 0.673827785
vn -0.766239585 0.101416975 0.634500982
vn -0.882759868 0.134671017 0.45010969
vn -0.581770774 0.535535571 0.612163719
vn -0.766239585 0.101416975 0.634500982
vn -0.648676293 0.353801051 0.673827785
vn -0.85568731 -0.400136404 -0.328161676
vn -0.836879639 -0.282282153 -0.46898748
vn -0.777758773 -0.304567269 -0.549845496
vn -0.872940409 -0.418264532 -0.251057413
vn -0.962993608 -0.2466035 0.108765922
vn -0.905210126 -0.317911442 -0.282005217
vn -0.972166649 -0.105318835 0.209284376
vn -0.962993608 -0.2466035 0.108765922
vn -0.872940409 -0.418264532 -0.251057413
vn -0.581770774 0.535535571 0.612163719
vn -0.972166649 -0.105318835 0.209284376
vn -0.96024533 -0.20609521 0.188291452
vn -0.905210126 -0.317911442 -0.282005217
vn -0.85568731 -0.400136404 -0.328161676
vn -0.777758773 -0.304567269 -0.549845496
vn -0.810494111 -0.310370142 -0.496759168
vn -0.777758773 -0.304567269 -0.549845496
vn -0.836879639 -0.282282153 -0.46898748
vn -0.581770774 0.535535571 0.612163719
vn -0.96024533 -0.20609521 0.188291452
vn -0.664985998 0.121156392 0.736963195
vn -0.777758773 -0.304567269 -0.549845496
vn -0.810494111 -0.310370142 -0.496759168
vn -0.867853299 -0.0714153362 -0.491660961
vn -0.905210126 -0.317911442 -0.282005217
vn -0.777758773 -0.304567269 -0.549845496
vn -0.867853299 -0.0714153362 -0.491660961
vn -0.872940409 -0.418264532 -0.251057413
vn -0.96024533 -0.20609521 0.188291452
vn -0.972166649 -0.105318835 0.209284376
vn -0.902027149 -0.131499427 -0.411162892
vn -0.810494111 -0.310370142 -0.496759168
vn -0.871102993 -0.285947582 -0.399266272
vn -0.810494111 -0.310370142 -0.496759168
vn -0.902027149 -0.131499427 -0.411162892
vn -0.867853299 -0.0714153362 -0.491660961
vn -0.896698706 -0.437530633 -0.0670699248
vn -0.872940409 -0.418264532 -0.251057413
vn -0.905210126 -0.317911442 -0.282005217
vn -0.595544868 0.679810516 0.427999968
vn -0.50567697 0.781092561 0.366313
vn -0.294749388 0.952253728 -0.0795967081
vn -0.630855854 0.208554684 0.74734586
vn -0.645690938 0.180750659 0.741897845
vn -0.746052204 0.255353987 0.614980041
vn -0.746052204 0.255353987 0.614980041
vn -0.742938666 0.0252854908 0.66888174
vn -0.893938095 0.189575813 0.406122758
vn -0.203184632 0.944208911 -0.259201733
vn -0.104109698 0.900062095 -0.423142289
vn -0.240035909 0.903991472 -0.35381094
vn -0.401488289 -0.216235138 -0.88997164
vn -0.856927818 -0.276957544 -0.434705916
vn -0.393885445 0.0128661174 -0.919069486
vn -0.236444184 0.962312138 -0.134348412
vn -0.294749388 0.952253728 -0.0795967081
vn -0.146204452 0.91896877 -0.366224874
vn -0.727815799 0.435918511 0.529395141
vn -0.595544868 0.679810516 0.427999968
vn -0.683214755 0.415120614 0.600743268
vn -0.746052204 0.255353987 0.614980041
vn -0.645690938 0.180750659 0.741897845
vn -0.742938666 0.0252854908 0.66888174
vn -0.856927818 -0.276957544 -0.434705916
vn -0.597638193 0.306455495 -0.74088705
vn -0.393885445 0.0128661174 -0.919069486
vn -0.848482411 0.0270323989 0.528532731
vn -0.882759868 0.134671017 0.45010969
vn -0.893938095 0.189575813 0.406122758
vn 0.98111834 0.0472742328 0.187541861
vn 0.947684062 -0.31747121 0.0332708587
vn 0.999489895 -0.0308747065 -0.00816712291
vn 0.937599429 0.0290456007 0.346502039
vn 0.966772894 0.0228029708 0.254617745
vn 0.964325118 -0.0829928261 0.251374734
vn 0.950053666 -0.171456168 0.260769658
vn 0.933633558 -0.323489574 0.153892412
vn 0.98111834 0.0472742328 0.187541861
vn 0.97674993 -0.19128736 -0.0967921498
vn 0.924700771 -0.359686395 -0.124716405
vn 0.937201559 -0.308587521 -0.162563771
vn 0.789590361 -0.613626601 0.00307499874
vn 0.882310079 -0.445471339 -0.15193489
vn 0.924700771 -0.359686395 -0.124716405
vn 0.294617701 -0.95460087 0.0440180478
vn 0.402431023 -0.91495457 0.0301231714
vn 0.295103993 -0.955179798 0.0233492513
vn 0.411823686 -0.900261931 -0.141172616
vn 0.418050872 -0.890674984 -0.178693987
vn 0.161579628 -0.985655663 -0.0487333394
vn -0.4895233 0.15197553 0.8586445
vn -0.463816323 0.0138520731 0.885823086
vn -0.347097917 -0.0831872335 0.934132175
vn 0.716526287 -0.498124343 0.488325935
vn 0.966772894 0.0228029708 0.254617745
vn 0.446035633 0.0308902364 0.894481977
vn -0.0707489994 -0.496170638 0.865337666
vn 0.271079119 -0.84990673 0.451856904
vn 0.207742511 -0.881839747 0.423322228
vn 0.0289060358 -0.978224799 0.205525383
vn -0.135776402 -0.951425503 0.276322785
vn 0.0714812772 -0.995666882 0.0594801358
vn 0.352678015 -0.765431965 0.538267707
vn 0.31075575 -0.798055105 0.516274069
vn 0.343333444 -0.730688375 0.590098843
vn 0.352678015 -0.765431965 0.538267707
vn 0.246053439 -0.910674853 0.331856922
vn 0.31075575 -0.798055105 0.516274069
vn -0.00588568732 -0.995502613 -0.094551081
vn 0.118684429 -0.987145383 -0.10704204
vn -0.111879421 -0.993144016 0.0338815481
vn -0.598654814 0.256203327 0.758928368
vn -0.661097451 0.428668816 0.615786657
vn -0.549827918 0.237016075 0.800944842
vn -0.865037422 0.193799043 0.462765805
vn -0.882759868 0.134671017 0.45010969
vn -0.837879154 0.225987829 0.49687828
vn -0.328754387 0.0168045569 0.944265937
vn -0.560143765 0.0535106059 0.826665336
vn -0.412849583 -0.0551277372 0.909129339
vn 0.965850884 0.124848708 -0.227034954
vn 0.99821276 -0.0508968907 -0.0313176105
vn 0.979328136 -0.2017502 -0.0146034124
vn 0.460654022 0.778828802 0.425703616
vn 0.378334495 0.736726408 0.560443762
vn 0.37033435 0.815670475 0.444448135
vn 0.378334495 0.736726408 0.560443762
vn 0.421926264 0.83993853 0.341293851
vn 0.381906141 0.774184085 0.504764006
vn 0.126817007 0.990839814 0.0464102344
vn 0.259629161 0.944594923 0.200831101
vn 0.341298335 0.935011785 0.0962725709
vn 0.350898612 0.932786335 -0.0823396487
vn 0.366347837 0.930471047 -0.00359074113
vn 0.441995587 0.896645241 -0.0258304605
vn 0.429422147 0.842272654 0.325842595
vn 0.404790824 0.853714715 0.327590559
vn 0.431633657 0.862898838 0.262864951
vn 0.911197514 0.168592876 0.37589298
vn 0.918725174 0.219591971 0.328212463
vn 0.944424687 0.171370804 0.280524611
vn 0.923165039 0.131310069 -0.36128102
vn 0.972979098 0.220651469 -0.0680044463
vn 0.995581802 0.0646987108 -0.0680511069
vn 0.971438038 0.0546244599 -0.230920565
vn 0.995581802 0.0646987108 -0.0680511069
vn 0.965850884 0.124848708 -0.227034954
vn 0.906557244 0.00909024984 0.42198499
vn 0.902713164 0.162391768 0.398419198
vn 0.937599429 0.0290456007 0.346502039
vn 0.906557244 0.00909024984 0.42198499
vn 0.937599429 0.0290456007 0.346502039
vn 0.964325118 -0.0829928261 0.251374734
vn 0.380202091 0.876049236 0.296621149
vn 0.00524559559 0.999203749 0.0395518903
vn 0.0327897357 0.965236983 0.259311397
vn 0.380202091 0.876049236 0.296621149
vn 0.460654022 0.778828802 0.425703616
vn 0.00524559559 0.999203749 0.0395518903
vn 0.259629161 0.944594923 0.200831101
vn 0.278230901 0.947811469 0.155695168
vn 0.341298335 0.935011785 0.0962725709
vn 0.278230901 0.947811469 0.155695168
vn 0.265788899 0.949080716 0.169121421
vn 0.218380781 0.965573317 0.141343565
vn 0.527022107 0.832328056 0.171690727
vn 0.394184642 0.877440436 -0.273343647
vn 0.267691519 0.963439511 0.0112053136
vn -0.461657987 0.0332621161 0.886434168
vn -0.501101178 0.071531256 0.862427324
vn -0.468997053 -0.0437705574 0.88211445
vn -0.463816323 0.0138520731 0.885823086
vn 0.122826736 -0.232797258 0.964737803
vn 0.446035633 0.0308902364 0.894481977
vn -0.746052204 0.255353987 0.614980041
vn -0.795230363 0.202149936 0.57161532
vn -0.630855854 0.208554684 0.74734586
vn -0.798064657 0.30864245 0.517525499
vn -0.746052204 0.255353987 0.614980041
vn -0.661097451 0.428668816 0.615786657
vn 0.0943198365 0.309647147 -0.946161938
vn -0.13177129 0.145820342 -0.980496178
vn 0.0925386261 0.123480843 -0.988022816
vn 0.737510398 -0.181049112 -0.650614811
vn 0.896185806 0.0249521711 -0.442976738
vn 0.729320667 -0.146427695 -0.668319007
vn 0.729320667 -0.146427695 -0.668319007
vn 0.422826148 -0.118805403 -0.898389295
vn 0.737510398 -0.181049112 -0.650614811
vn 0.422826148 -0.118805403 -0.898389295
vn 0.729320667 -0.146427695 -0.668319007
vn 0.39886327 0.224770211 -0.889036807
vn 0.234215447 0.273871194 -0.932811714
vn -0.149385459 0.0200084997 -0.988576575
vn -0.177799179 0.193890466 -0.964776627
vn 0.522721195 0.731926152 0.437088847
vn 0.381906141 0.774184085 0.504764006
vn 0.421926264 0.83993853 0.341293851
vn 0.522721195 0.731926152 0.437088847
vn 0.421926264 0.83993853 0.341293851
vn 0.563914782 0.677505977 0.472213691
vn 0.438221076 0.823139031 0.361115527
vn 0.404790824 0.853714715 0.327590559
vn 0.429422147 0.842272654 0.325842595
vn 0.540822294 0.819227915 0.190727213
vn 0.429422147 0.842272654 0.325842595
vn 0.320281019 0.910370202 0.262004129
vn 0.923165039 0.131310069 -0.36128102
vn 0.948136315 0.251540553 -0.194331879
vn 0.972979098 0.220651469 -0.0680044463
vn 0.971438038 0.0546244599 -0.230920565
vn 0.923165039 0.131310069 -0.36128102
vn 0.995581802 0.0646987108 -0.0680511069
vn 0.0925386261 0.123480843 -0.988022816
vn 0.0466634118 0.368680751 -0.928384096
vn -0.167749712 -0.0631631441 -0.983804072
vn 0.0466634118 0.368680751 -0.928384096
vn 0.0674333121 0.0463451554 -0.996646816
vn -0.167749712 -0.0631631441 -0.983804072
vn 0.737510398 -0.181049112 -0.650614811
vn 0.957627677 0.10080022 -0.26979353
vn 0.896185806 0.0249521711 -0.442976738
vn 0.0910471045 0.824138616 -0.559022331
vn -0.00451752263 0.883122263 -0.469121157
vn 0.0781355105 0.816890275 -0.571476264
vn -0.0146031989 0.909683375 -0.415045664
vn 0.0910471045 0.824138616 -0.559022331
vn 0.0658000743 0.829849348 -0.554094225
vn 0.189279461 0.326180031 -0.926164064
vn 0.177386295 0.247563029 -0.95249496
vn 0.0827080328 0.147785175 -0.985555135
vn -0.177799179 0.193890466 -0.964776627
vn 0.0827080328 0.147785175 -0.985555135
vn 0.234215447 0.273871194 -0.932811714
vn 0.147955143 0.956590791 -0.251084317
vn 0.00524559559 0.999203749 0.0395518903
vn 0.37033435 0.815670475 0.444448135
vn -0.888839304 -0.102117851 0.446695238
vn -0.864156799 -0.386631347 0.322101271
vn -0.893453057 -0.188743158 0.407575337
vn -0.864156799 -0.386631347 0.322101271
vn -0.639369221 -0.755064156 0.14520716
vn -0.893453057 -0.188743158 0.407575337
vn -0.826829738 0.177002385 0.53387521
vn -0.865037422 0.193799043 0.462765805
vn -0.837879154 0.225987829 0.49687828
vn -0.086989598 -0.926019744 -0.367314911
vn -0.176569624 -0.949322157 -0.260020403
vn -0.0437436489 -0.991208736 -0.124866866
vn 0.0387688828 -0.999231015 -0.00586110758
vn 0.15864695 -0.983366724 -0.0884365937
vn 0.411823686 -0.900261931 -0.141172616
vn -0.657946491 0.00840185055 -0.753017811
vn -0.177799179 0.193890466 -0.964776627
vn -0.149385459 0.0200084997 -0.988576575
vn -0.664985998 0.121156392 0.736963195
vn -0.96024533 -0.20609521 0.188291452
vn -0.86665404 -0.0143216225 0.498703987
vn -0.905210126 -0.317911442 -0.282005217
vn -0.941768902 -0.0288732877 -0.335018909
vn -0.896698706 -0.437530633 -0.0670699248
vn -0.710506586 -0.0846820283 -0.698576657
vn -0.657946491 0.00840185055 -0.753017811
vn -0.902027149 -0.131499427 -0.411162892
vn 0.460654022 0.778828802 0.425703616
vn 0.37033435 0.815670475 0.444448135
vn 0.00524559559 0.999203749 0.0395518903
vn -0.683214755 0.415120614 0.600743268
vn -0.800210543 0.29293147 0.523310845
vn -0.727815799 0.435918511 0.529395141
vn -0.800210543 0.29293147 0.523310845
vn -0.630855854 0.208554684 0.74734586
vn -0.795230363 0.202149936 0.57161532
vn -0.0287547056 0.829348207 -0.557991684
vn -0.00451752263 0.883122263 -0.469121157
vn -0.146204452 0.91896877 -0.366224874
vn -0.0146031989 0.909683375 -0.415045664
vn 0.0658000743 0.829849348 -0.554094225
vn 0.0979883611 0.627273569 -0.77260996
vn 0.0979883611 0.627273569 -0.77260996
vn 0.0522810752 0.542561959 -0.838387267
vn -0.185582648 0.550020071 -0.814270841
vn 0.185861082 0.384818735 -0.904085283
vn 0.0384114925 0.64957562 -0.759326064
vn 0.0522810752 0.542561959 -0.838387267
vn 0.154763642 0.544991025 -0.824034585
vn 0.0522810752 0.542561959 -0.838387267
vn 0.0384114925 0.64957562 -0.759326064
vn -0.749109839 0.272606632 0.603754977
vn -0.783281597 0.59510156 0.179788969
vn -0.731880431 0.0691425376 0.677916178
vn -0.664985998 0.121156392 0.736963195
vn -0.766239585 0.101416975 0.634500982
vn -0.581770774 0.535535571 0.612163719
vn -0.872940409 -0.418264532 -0.251057413
vn -0.896698706 -0.437530633 -0.0670699248
vn -0.9677528 0.000637448092 -0.251900997
vn -0.871102993 -0.285947582 -0.399266272
vn -0.710506586 -0.0846820283 -0.698576657
vn -0.902027149 -0.131499427 -0.411162892
vn -0.867853299 -0.0714153362 -0.491660961
vn -0.941768902 -0.0288732877 -0.335018909
vn -0.905210126 -0.317911442 -0.282005217
f 2/1/1 151/2/2 3/3/3
f 151/4/4 1/5/5 3/6/6
f 111/7/7 5/8/8 6/9/9
f 3/10/10 1/11/11 7/12/12
f 1/13/13 495/14/14 7/15/15
f 251/16/16 2/17/17 3/18/18
f 5/19/19 172/20/20 37/21/21
f 7/22/22 495/23/23 4/24/24
f 9/25/25 3/26/26 7/27/27
f 3/28/28 9/29/29 251/30/30
f 8/31/31 6/32/32 5/33/33
f 4/34/34 114/35/35 8/36/36
f 4/37/37 10/38/38 7/39/39
f 5/40/40 37/41/41 13/42/42
f 12/43/43 8/44/44 5/45/45
f 4/46/46 8/47/47 11/48/48
f 9/49/49 7/50/50 14/51/51
f 5/52/52 16/53/53 12/54/54
f 15/55/55 10/56/56 4/57/57
f 14/58/58 7/59/59 10/60/60
f 16/61/61 5/62/62 13/63/63
f 11/64/64 15/65/65 4/66/66
f 11/67/67 8/68/68 17/69/69
f 15/70/70 14/71/71 10/72/72
f 8/73/73 12/74/74 17/75/75
f 18/76/76 16/77/77 13/78/78
f 15/79/79 11/80/80 19/81/81
f 14/82/82 217/83/83 9/84/84
f 14/85/85 15/86/86 19/87/87
f 20/88/88 217/89/89 14/90/90
f 14/91/91 19/92/92 20/93/93
f 19/94/94 11/95/95 17/96/96
f 21/97/97 17/98/98 12/99/99
f 21/100/100 12/101/101 16/102/102
f 16/103/103 18/104/104 21/105/105
f 20/106/106 496/107/107 217/108/108
f 21/109/109 18/110/110 24/111/111
f 19/112/112 25/113/113 20/114/114
f 17/115/115 22/116/116 19/117/117
f 20/118/118 23/119/119 496/120/120
f 22/121/121 17/122/122 21/123/123
f 23/124/124 25/125/125 29/126/126
f 20/127/127 25/128/128 23/129/129
f 26/130/130 23/131/131 29/132/132
f 27/133/133 500/134/134 26/135/135
f 25/136/136 19/137/137 28/138/138
f 29/139/139 27/140/140 26/141/141
f 22/142/142 28/143/143 19/144/144
f 26/145/145 496/146/146 23/147/147
f 22/148/148 21/149/149 31/150/150
f 27/151/151 29/152/152 30/153/153
f 31/154/154 21/155/155 24/156/156
f 29/157/157 25/158/158 28/159/159
f 30/160/160 29/161/161 28/162/162
f 33/163/163 30/164/164 28/165/165
f 30/166/166 32/167/167 27/168/168
f 500/169/169 27/170/170 32/171/171
f 28/172/172 22/173/173 31/174/174
f 28/175/175 31/176/176 33/177/177
f 30/178/178 33/179/179 50/180/180
f 32/181/181 30/182/182 367/183/183
f 52/184/184 50/185/185 33/186/186
f 61/187/187 34/188/188 56/189/189
f 36/190/190 34/191/191 35/192/192
f 171/193/193 36/194/194 37/195/195
f 35/196/196 38/197/197 36/198/198
f 39/199/199 36/200/200 38/201/201
f 37/202/202 36/203/203 39/204/204
f 39/205/205 40/206/206 41/207/207
f 13/208/208 37/209/209 39/210/210
f 41/211/211 40/212/212 42/213/213
f 39/214/214 41/215/215 13/216/216
f 18/217/217 41/218/218 43/219/219
f 42/220/220 43/221/221 41/222/222
f 43/223/223 42/224/224 44/225/225
f 18/226/226 43/227/227 24/228/228
f 47/229/229 43/230/230 44/231/231
f 51/232/232 84/233/233 45/234/234
f 46/235/235 47/236/236 44/237/237
f 43/238/238 47/239/239 24/240/240
f 24/241/241 47/242/242 52/243/243
f 49/244/244 47/245/245 46/246/246
f 51/247/247 45/248/248 367/249/249
f 48/250/250 53/251/251 49/252/252
f 53/253/253 51/254/254 367/255/255
f 52/256/256 47/257/257 49/258/258
f 53/259/259 50/260/260 49/261/261
f 367/262/262 50/263/263 53/264/264
f 48/265/265 49/266/266 46/267/267
f 52/268/268 31/269/269 24/270/270
f 50/271/271 52/272/272 49/273/273
f 18/274/274 13/275/275 41/276/276
f 30/277/277 50/278/278 367/279/279
f 33/280/280 31/281/281 52/282/282
f 54/283/283 99/284/284 58/285/285
f 54/286/286 55/287/287 101/288/288
f 104/289/289 57/290/290 60/291/291
f 56/292/292 55/293/293 59/294/294
f 58/295/295 104/296/296 60/297/297
f 62/298/298 54/299/299 58/300/300
f 56/301/301 59/302/302 61/303/303
f 59/304/304 55/305/305 54/306/306
f 62/307/307 59/308/308 54/309/309
f 60/310/310 57/311/311 63/312/312
f 63/313/313 105/314/314 107/315/315
f 62/316/316 58/317/317 64/318/318
f 106/319/319 67/320/320 107/321/321
f 57/322/322 105/323/323 63/324/324
f 67/325/325 106/326/326 405/327/327
f 61/328/328 59/329/329 35/330/330
f 59/331/331 62/332/332 65/333/333
f 60/334/334 63/335/335 66/336/336
f 58/337/337 60/338/338 70/339/339
f 59/340/340 65/341/341 35/342/342
f 64/343/343 58/344/344 70/345/345
f 60/346/346 66/347/347 70/348/348
f 107/349/349 67/350/350 68/351/351
f 63/352/352 107/353/353 68/354/354
f 63/355/355 68/356/356 66/357/357
f 62/358/358 64/359/359 65/360/360
f 69/361/361 35/362/362 65/363/363
f 38/364/364 35/365/365 69/366/366
f 71/367/367 64/368/368 70/369/369
f 38/370/370 69/371/371 40/372/372
f 69/373/373 65/374/374 75/375/375
f 76/376/376 66/377/377 68/378/378
f 70/379/379 66/380/380 72/381/381
f 72/382/382 66/383/383 76/384/384
f 68/385/385 67/386/386 74/387/387
f 65/388/388 73/389/389 75/390/390
f 65/391/391 64/392/392 73/393/393
f 69/394/394 42/395/395 40/396/396
f 74/397/397 76/398/398 68/399/399
f 42/400/400 69/401/401 75/402/402
f 71/403/403 70/404/404 78/405/405
f 72/406/406 78/407/407 70/408/408
f 64/409/409 71/410/410 73/411/411
f 78/412/412 77/413/413 71/414/414
f 80/415/415 74/416/416 79/417/417
f 76/418/418 74/419/419 80/420/420
f 72/421/421 76/422/422 81/423/423
f 83/424/424 42/425/425 75/426/426
f 78/427/427 72/428/428 82/429/429
f 76/430/430 80/431/431 81/432/432
f 83/433/433 75/434/434 73/435/435
f 72/436/436 81/437/437 82/438/438
f 71/439/439 77/440/440 73/441/441
f 77/442/442 78/443/443 82/444/444
f 83/445/445 73/446/446 89/447/447
f 77/448/448 89/449/449 73/450/450
f 81/451/451 85/452/452 82/453/453
f 81/454/454 80/455/455 87/456/456
f 85/457/457 81/458/458 87/459/459
f 84/460/460 87/461/461 79/462/462
f 84/463/463 79/464/464 365/465/465
f 79/466/466 87/467/467 80/468/468
f 53/469/469 88/470/470 86/471/471
f 87/472/472 84/473/473 51/474/474
f 87/475/475 86/476/476 85/477/477
f 46/478/478 83/479/479 89/480/480
f 51/481/481 86/482/482 87/483/483
f 86/484/484 88/485/485 85/486/486
f 77/487/487 82/488/488 89/489/489
f 82/490/490 88/491/491 89/492/492
f 85/493/493 88/494/494 82/495/495
f 48/496/496 88/497/497 53/498/498
f 88/499/499 46/500/500 89/501/501
f 48/502/502 46/503/503 88/504/504
f 203/505/505 417/506/506 90/507/507
f 91/508/508 203/509/509 90/510/510
f 90/511/511 417/512/512 418/513/513
f 97/514/514 91/515/515 90/516/516
f 92/517/517 204/518/518 94/519/519
f 90/520/520 418/521/521 93/522/522
f 91/523/523 94/524/524 204/525/525
f 97/526/526 90/527/527 93/528/528
f 91/529/529 97/530/530 94/531/531
f 94/532/532 95/533/533 92/534/534
f 96/535/535 100/536/536 93/537/537
f 93/538/538 100/539/539 97/540/540
f 94/541/541 97/542/542 98/543/543
f 209/544/544 95/545/545 99/546/546
f 98/547/547 97/548/548 100/549/549
f 95/550/550 94/551/551 99/552/552
f 98/553/553 99/554/554 94/555/555
f 100/556/556 96/557/557 102/558/558
f 100/559/559 105/560/560 98/561/561
f 209/562/562 99/563/563 54/564/564
f 101/565/565 209/566/566 54/567/567
f 99/568/568 98/569/569 104/570/570
f 96/571/571 103/572/572 102/573/573
f 102/574/574 105/575/575 100/576/576
f 98/577/577 105/578/578 57/579/579
f 102/580/580 103/581/581 105/582/582
f 103/583/583 107/584/584 105/585/585
f 103/586/586 106/587/587 107/588/588
f 103/589/589 405/590/590 106/591/591
f 99/592/592 104/593/593 58/594/594
f 104/595/595 98/596/596 57/597/597
f 110/598/598 146/599/599 108/600/600
f 110/601/601 108/602/602 112/603/603
f 150/604/604 149/605/605 110/606/606
f 108/607/607 109/608/608 111/609/609
f 108/610/610 111/611/611 112/612/612
f 150/613/613 110/614/614 114/615/615
f 151/616/616 150/617/617 495/618/618
f 112/619/619 111/620/620 6/621/621
f 114/622/622 110/623/623 112/624/624
f 1/625/625 151/626/626 495/627/627
f 495/628/628 150/629/629 114/630/630
f 112/631/631 6/632/632 114/633/633
f 277/634/634 497/635/635 115/636/636
f 498/637/637 277/638/638 115/639/639
f 116/640/640 498/641/641 115/642/642
f 117/643/643 498/644/644 116/645/645
f 498/646/646 117/647/647 118/648/648
f 498/649/649 118/650/650 279/651/651
f 117/652/652 156/653/653 120/654/654
f 118/655/655 117/656/656 120/657/657
f 156/658/658 161/659/659 119/660/660
f 119/661/661 121/662/662 156/663/663
f 120/664/664 156/665/665 121/666/666
f 124/667/667 119/668/668 161/669/669
f 124/670/670 161/671/671 125/672/672
f 119/673/673 124/674/674 127/675/675
f 118/676/676 123/677/677 279/678/678
f 122/679/679 118/680/680 120/681/681
f 119/682/682 127/683/683 129/684/684
f 128/685/685 123/686/686 118/687/687
f 121/688/688 119/689/689 129/690/690
f 118/691/691 122/692/692 128/693/693
f 127/694/694 124/695/695 125/696/696
f 132/697/697 125/698/698 164/699/699
f 130/700/700 129/701/701 127/702/702
f 164/703/703 126/704/704 134/705/705
f 125/706/706 132/707/707 127/708/708
f 121/709/709 128/710/710 122/711/711
f 123/712/712 128/713/713 133/714/714
f 130/715/715 127/716/716 131/717/717
f 127/718/718 132/719/719 131/720/720
f 132/721/721 164/722/722 134/723/723
f 129/724/724 128/725/725 121/726/726
f 131/727/727 132/728/728 135/729/729
f 133/730/730 128/731/731 139/732/732
f 130/733/733 128/734/734 129/735/735
f 139/736/736 128/737/737 130/738/738
f 133/739/739 136/740/740 280/741/741
f 134/742/742 135/743/743 132/744/744
f 138/745/745 130/746/746 131/747/747
f 138/748/748 131/749/749 135/750/750
f 137/751/751 139/752/752 130/753/753
f 138/754/754 137/755/755 130/756/756
f 136/757/757 133/758/758 139/759/759
f 135/760/760 134/761/761 141/762/762
f 140/763/763 136/764/764 139/765/765
f 140/766/766 139/767/767 137/768/768
f 136/769/769 140/770/770 285/771/771
f 141/772/772 134/773/773 214/774/774
f 143/775/775 138/776/776 135/777/777
f 285/778/778 140/779/779 142/780/780
f 281/781/781 285/782/782 142/783/783
f 143/784/784 135/785/785 141/786/786
f 138/787/787 143/788/788 137/789/789
f 142/790/790 140/791/791 144/792/792
f 137/793/793 144/794/794 140/795/795
f 137/796/796 143/797/797 145/798/798
f 145/799/799 144/800/800 137/801/801
f 143/802/802 141/803/803 146/804/804
f 143/805/805 149/806/806 145/807/807
f 144/808/808 145/809/809 149/810/810
f 144/811/811 148/812/812 142/813/813
f 143/814/814 146/815/815 149/816/816
f 147/817/817 168/818/818 109/819/819
f 146/820/820 141/821/821 147/822/822
f 148/823/823 144/824/824 150/825/825
f 146/826/826 110/827/827 149/828/828
f 144/829/829 149/830/830 150/831/831
f 113/832/832 148/833/833 151/834/834
f 148/835/835 150/836/836 151/837/837
f 147/838/838 109/839/839 108/840/840
f 147/841/841 108/842/842 146/843/843
f 168/844/844 166/845/845 170/846/846
f 168/847/847 170/848/848 152/849/849
f 109/850/850 168/851/851 152/852/852
f 497/853/853 153/854/854 154/855/855
f 154/856/856 153/857/857 177/858/858
f 497/859/859 154/860/860 115/861/861
f 155/862/862 115/863/863 154/864/864
f 155/865/865 154/866/866 177/867/867
f 116/868/868 115/869/869 155/870/870
f 157/871/871 155/872/872 177/873/873
f 186/874/874 158/875/875 157/876/876
f 157/877/877 156/878/878 155/879/879
f 160/880/880 158/881/881 159/882/882
f 158/883/883 161/884/884 157/885/885
f 159/886/886 162/887/887 160/888/888
f 159/889/889 163/890/890 162/891/891
f 160/892/892 161/893/893 158/894/894
f 161/895/895 160/896/896 125/897/897
f 125/898/898 160/899/899 162/900/900
f 125/901/901 162/902/902 164/903/903
f 163/904/904 126/905/905 162/906/906
f 165/907/907 163/908/908 198/909/909
f 163/910/910 165/911/911 126/912/912
f 134/913/913 126/914/914 165/915/915
f 134/916/916 165/917/917 214/918/918
f 214/919/919 166/920/920 167/921/921
f 166/922/922 214/923/923 206/924/924
f 167/925/925 141/926/926 214/927/927
f 141/928/928 167/929/929 168/930/930
f 167/931/931 166/932/932 168/933/933
f 213/934/934 169/935/935 211/936/936
f 169/937/937 213/938/938 34/939/939
f 213/940/940 56/941/941 34/942/942
f 170/943/943 169/944/944 171/945/945
f 169/946/946 34/947/947 171/948/948
f 499/949/949 419/950/950 173/951/951
f 499/952/952 175/953/953 174/954/954
f 175/955/955 499/956/956 173/957/957
f 175/958/958 173/959/959 416/960/960
f 153/961/961 174/962/962 177/963/963
f 177/964/964 174/965/965 176/966/966
f 175/967/967 179/968/968 174/969/969
f 416/970/970 178/971/971 175/972/972
f 175/973/973 178/974/974 179/975/975
f 174/976/976 179/977/977 181/978/978
f 180/979/979 176/980/980 174/981/981
f 180/982/982 174/983/983 181/984/984
f 182/985/985 177/986/986 176/987/987
f 182/988/988 176/989/989 180/990/990
f 179/991/991 178/992/992 184/993/993
f 180/994/994 181/995/995 185/996/996
f 182/997/997 180/998/998 183/999/999
f 177/1000/1000 182/1001/1001 157/1002/1002
f 186/1003/1003 182/1004/1004 183/1005/1005
f 179/1006/1006 187/1007/1007 181/1008/1008
f 182/1009/1009 186/1010/1010 157/1011/1011
f 187/1012/1012 185/1013/1013 181/1014/1014
f 183/1015/1015 180/1016/1016 185/1017/1017
f 179/1018/1018 184/1019/1019 187/1020/1020
f 158/1021/1021 186/1022/1022 190/1023/1023
f 186/1024/1024 183/1025/1025 188/1026/1026
f 190/1027/1027 186/1028/1028 188/1029/1029
f 185/1030/1030 189/1031/1031 183/1032/1032
f 158/1033/1033 190/1034/1034 159/1035/1035
f 189/1036/1036 188/1037/1037 183/1038/1038
f 192/1039/1039 159/1040/1040 190/1041/1041
f 191/1042/1042 185/1043/1043 193/1044/1044
f 189/1045/1045 185/1046/1046 194/1047/1047
f 191/1048/1048 194/1049/1049 185/1050/1050
f 184/1051/1051 417/1052/1052 195/1053/1053
f 184/1054/1054 195/1055/1055 187/1056/1056
f 185/1057/1057 187/1058/1058 193/1059/1059
f 192/1060/1060 190/1061/1061 196/1062/1062
f 188/1063/1063 196/1064/1064 190/1065/1065
f 193/1066/1066 187/1067/1067 195/1068/1068
f 189/1069/1069 196/1070/1070 188/1071/1071
f 192/1072/1072 196/1073/1073 198/1074/1074
f 198/1075/1075 196/1076/1076 197/1077/1077
f 196/1078/1078 189/1079/1079 199/1080/1080
f 191/1081/1081 193/1082/1082 203/1083/1083
f 189/1084/1084 194/1085/1085 202/1086/1086
f 195/1087/1087 203/1088/1088 193/1089/1089
f 200/1090/1090 201/1091/1091 198/1092/1092
f 202/1093/1093 199/1094/1094 189/1095/1095
f 191/1096/1096 204/1097/1097 194/1098/1098
f 191/1099/1099 203/1100/1100 204/1101/1101
f 197/1102/1102 196/1103/1103 199/1104/1104
f 214/1105/1105 198/1106/1106 201/1107/1107
f 200/1108/1108 198/1109/1109 197/1110/1110
f 194/1111/1111 204/1112/1112 202/1113/1113
f 199/1114/1114 202/1115/1115 207/1116/1116
f 202/1117/1117 204/1118/1118 92/1119/1119
f 201/1120/1120 200/1121/1121 205/1122/1122
f 197/1123/1123 199/1124/1124 207/1125/1125
f 92/1126/1126 207/1127/1127 202/1128/1128
f 201/1129/1129 205/1130/1130 206/1131/1131
f 197/1132/1132 207/1133/1133 209/1134/1134
f 208/1135/1135 200/1136/1136 197/1137/1137
f 209/1138/1138 210/1139/1139 197/1140/1140
f 207/1141/1141 92/1142/1142 209/1143/1143
f 208/1144/1144 197/1145/1145 210/1146/1146
f 205/1147/1147 200/1148/1148 208/1149/1149
f 209/1150/1150 92/1151/1151 95/1152/1152
f 205/1153/1153 208/1154/1154 212/1155/1155
f 206/1156/1156 205/1157/1157 211/1158/1158
f 208/1159/1159 210/1160/1160 101/1161/1161
f 101/1162/1162 212/1163/1163 208/1164/1164
f 205/1165/1165 213/1166/1166 211/1167/1167
f 205/1168/1168 212/1169/1169 213/1170/1170
f 166/1171/1171 206/1172/1172 211/1173/1173
f 166/1174/1174 211/1175/1175 170/1176/1176
f 213/1177/1177 212/1178/1178 56/1179/1179
f 212/1180/1180 101/1181/1181 55/1182/1182
f 169/1183/1183 170/1184/1184 211/1185/1185
f 159/1186/1186 192/1187/1187 163/1188/1188
f 214/1189/1189 201/1190/1190 206/1191/1191
f 152/1192/1192 170/1193/1193 171/1194/1194
f 152/1195/1195 171/1196/1196 172/1197/1197
f 174/1198/1198 153/1199/1199 499/1200/1200
f 198/1201/1201 163/1202/1202 192/1203/1203
f 198/1204/1204 214/1205/1205 165/1206/1206
f 113/1207/1207 2/1208/1208 215/1209/1209
f 251/1210/1210 9/1211/1211 216/1212/1212
f 263/1213/1213 216/1214/1214 217/1215/1215
f 263/1216/1216 496/1217/1217 264/1218/1218
f 222/1219/1219 220/1220/1220 221/1221/1221
f 220/1222/1222 223/1223/1223 221/1224/1224
f 222/1225/1225 221/1226/1226 371/1227/1227
f 223/1228/1228 220/1229/1229 240/1230/1230
f 221/1231/1231 373/1232/1232 371/1233/1233
f 373/1234/1234 221/1235/1235 225/1236/1236
f 223/1237/1237 224/1238/1238 221/1239/1239
f 225/1240/1240 221/1241/1241 224/1242/1242
f 224/1243/1243 223/1244/1244 246/1245/1245
f 246/1246/1246 226/1247/1247 224/1248/1248
f 225/1249/1249 224/1250/1250 228/1251/1251
f 228/1252/1252 227/1253/1253 225/1254/1254
f 226/1255/1255 228/1256/1256 224/1257/1257
f 227/1258/1258 228/1259/1259 229/1260/1260
f 226/1261/1261 262/1262/1262 230/1263/1263
f 228/1264/1264 226/1265/1265 230/1266/1266
f 231/1267/1267 391/1268/1268 229/1269/1269
f 230/1270/1270 229/1271/1271 228/1272/1272
f 229/1273/1273 235/1274/1274 231/1275/1275
f 234/1276/1276 500/1277/1277 232/1278/1278
f 233/1279/1279 231/1280/1280 235/1281/1281
f 500/1282/1282 234/1283/1283 218/1284/1284
f 235/1285/1285 229/1286/1286 230/1287/1287
f 234/1288/1288 232/1289/1289 233/1290/1290
f 236/1291/1291 26/1292/1292 218/1293/1293
f 235/1294/1294 237/1295/1295 233/1296/1296
f 235/1297/1297 230/1298/1298 271/1299/1299
f 233/1300/1300 237/1301/1301 234/1302/1302
f 235/1303/1303 272/1304/1304 237/1305/1305
f 273/1306/1306 236/1307/1307 218/1308/1308
f 273/1309/1309 218/1310/1310 234/1311/1311
f 273/1312/1312 237/1313/1313 272/1314/1314
f 273/1315/1315 234/1316/1316 237/1317/1317
f 292/1318/1318 219/1319/1319 238/1320/1320
f 303/1321/1321 238/1322/1322 239/1323/1323
f 241/1324/1324 238/1325/1325 113/1326/1326
f 220/1327/1327 242/1328/1328 240/1329/1329
f 241/1330/1330 239/1331/1331 238/1332/1332
f 244/1333/1333 501/1334/1334 239/1335/1335
f 239/1336/1336 241/1337/1337 244/1338/1338
f 215/1339/1339 241/1340/1340 113/1341/1341
f 242/1342/1342 307/1343/1343 246/1344/1344
f 245/1345/1345 305/1346/1346 306/1347/1347
f 240/1348/1348 242/1349/1349 246/1350/1350
f 306/1351/1351 243/1352/1352 245/1353/1353
f 307/1354/1354 305/1355/1355 245/1356/1356
f 307/1357/1357 245/1358/1358 249/1359/1359
f 248/1360/1360 244/1361/1361 241/1362/1362
f 223/1363/1363 240/1364/1364 246/1365/1365
f 307/1366/1366 249/1367/1367 246/1368/1368
f 501/1369/1369 247/1370/1370 243/1371/1371
f 251/1372/1372 241/1373/1373 215/1374/1374
f 244/1375/1375 247/1376/1376 501/1377/1377
f 252/1378/1378 241/1379/1379 251/1380/1380
f 248/1381/1381 241/1382/1382 252/1383/1383
f 253/1384/1384 245/1385/1385 250/1386/1386
f 253/1387/1387 249/1388/1388 245/1389/1389
f 254/1390/1390 245/1391/1391 243/1392/1392
f 251/1393/1393 216/1394/1394 252/1395/1395
f 244/1396/1396 248/1397/1397 252/1398/1398
f 247/1399/1399 254/1400/1400 243/1401/1401
f 255/1402/1402 246/1403/1403 249/1404/1404
f 255/1405/1405 249/1406/1406 253/1407/1407
f 247/1408/1408 244/1409/1409 256/1410/1410
f 252/1411/1411 216/1412/1412 259/1413/1413
f 246/1414/1414 255/1415/1415 226/1416/1416
f 245/1417/1417 257/1418/1418 250/1419/1419
f 244/1420/1420 252/1421/1421 256/1422/1422
f 257/1423/1423 245/1424/1424 254/1425/1425
f 250/1426/1426 260/1427/1427 253/1428/1428
f 258/1429/1429 247/1430/1430 256/1431/1431
f 255/1432/1432 253/1433/1433 261/1434/1434
f 256/1435/1435 252/1436/1436 259/1437/1437
f 261/1438/1438 253/1439/1439 260/1440/1440
f 226/1441/1441 255/1442/1442 262/1443/1443
f 259/1444/1444 216/1445/1445 263/1446/1446
f 250/1447/1447 257/1448/1448 260/1449/1449
f 264/1450/1450 259/1451/1451 263/1452/1452
f 254/1453/1453 247/1454/1454 258/1455/1455
f 262/1456/1456 255/1457/1457 261/1458/1458
f 265/1459/1459 259/1460/1460 264/1461/1461
f 256/1462/1462 259/1463/1463 265/1464/1464
f 257/1465/1465 254/1466/1466 266/1467/1467
f 269/1468/1468 258/1469/1469 256/1470/1470
f 254/1471/1471 258/1472/1472 269/1473/1473
f 261/1474/1474 260/1475/1475 267/1476/1476
f 269/1477/1477 256/1478/1478 265/1479/1479
f 266/1480/1480 254/1481/1481 269/1482/1482
f 260/1483/1483 257/1484/1484 267/1485/1485
f 257/1486/1486 266/1487/1487 268/1488/1488
f 261/1489/1489 271/1490/1490 262/1491/1491
f 265/1492/1492 264/1493/1493 273/1494/1494
f 271/1495/1495 261/1496/1496 267/1497/1497
f 267/1498/1498 257/1499/1499 268/1500/1500
f 269/1501/1501 270/1502/1502 266/1503/1503
f 264/1504/1504 496/1505/1505 236/1506/1506
f 270/1507/1507 268/1508/1508 266/1509/1509
f 496/1510/1510 26/1511/1511 236/1512/1512
f 272/1513/1513 271/1514/1514 267/1515/1515
f 267/1516/1516 270/1517/1517 272/1518/1518
f 265/1519/1519 273/1520/1520 269/1521/1521
f 270/1522/1522 267/1523/1523 268/1524/1524
f 273/1525/1525 270/1526/1526 269/1527/1527
f 273/1528/1528 264/1529/1529 236/1530/1530
f 270/1531/1531 273/1532/1532 272/1533/1533
f 274/1534/1534 361/1535/1535 222/1536/1536
f 275/1537/1537 222/1538/1538 361/1539/1539
f 371/1540/1540 274/1541/1541 222/1542/1542
f 275/1543/1543 220/1544/1544 222/1545/1545
f 262/1546/1546 271/1547/1547 230/1548/1548
f 235/1549/1549 271/1550/1550 272/1551/1551
f 238/1552/1552 219/1553/1553 113/1554/1554
f 2/1555/1555 251/1556/1556 215/1557/1557
f 310/1558/1558 276/1559/1559 277/1560/1560
f 279/1561/1561 325/1562/1562 278/1563/1563
f 325/1564/1564 279/1565/1565 334/1566/1566
f 334/1567/1567 279/1568/1568 123/1569/1569
f 292/1570/1570 290/1571/1571 219/1572/1572
f 333/1573/1573 282/1574/1574 283/1575/1575
f 344/1576/1576 333/1577/1577 283/1578/1578
f 283/1579/1579 284/1580/1580 344/1581/1581
f 286/1582/1582 344/1583/1583 284/1584/1584
f 285/1585/1585 283/1586/1586 282/1587/1587
f 287/1588/1588 283/1589/1589 285/1590/1590
f 284/1591/1591 283/1592/1592 287/1593/1593
f 286/1594/1594 284/1595/1595 293/1596/1596
f 286/1597/1597 289/1598/1598 288/1599/1599
f 287/1600/1600 285/1601/1601 281/1602/1602
f 289/1603/1603 286/1604/1604 293/1605/1605
f 284/1606/1606 287/1607/1607 293/1608/1608
f 290/1609/1609 293/1610/1610 287/1611/1611
f 287/1612/1612 281/1613/1613 290/1614/1614
f 351/1615/1615 288/1616/1616 291/1617/1617
f 288/1618/1618 289/1619/1619 291/1620/1620
f 293/1621/1621 290/1622/1622 292/1623/1623
f 293/1624/1624 295/1625/1625 289/1626/1626
f 357/1627/1627 351/1628/1628 297/1629/1629
f 291/1630/1630 289/1631/1631 295/1632/1632
f 291/1633/1633 295/1634/1634 296/1635/1635
f 297/1636/1636 351/1637/1637 291/1638/1638
f 297/1639/1639 291/1640/1640 296/1641/1641
f 357/1642/1642 297/1643/1643 298/1644/1644
f 292/1645/1645 303/1646/1646 293/1647/1647
f 357/1648/1648 298/1649/1649 294/1650/1650
f 295/1651/1651 293/1652/1652 303/1653/1653
f 238/1654/1654 303/1655/1655 292/1656/1656
f 296/1657/1657 295/1658/1658 300/1659/1659
f 299/1660/1660 359/1661/1661 294/1662/1662
f 301/1663/1663 297/1664/1664 296/1665/1665
f 359/1666/1666 299/1667/1667 304/1668/1668
f 300/1669/1669 295/1670/1670 303/1671/1671
f 302/1672/1672 297/1673/1673 301/1674/1674
f 298/1675/1675 297/1676/1676 302/1677/1677
f 304/1678/1678 299/1679/1679 294/1680/1680
f 294/1681/1681 298/1682/1682 305/1683/1683
f 220/1684/1684 362/1685/1685 304/1686/1686
f 307/1687/1687 304/1688/1688 294/1689/1689
f 301/1690/1690 296/1691/1691 300/1692/1692
f 307/1693/1693 294/1694/1694 305/1695/1695
f 298/1696/1696 302/1697/1697 306/1698/1698
f 308/1699/1699 302/1700/1700 301/1701/1701
f 301/1702/1702 300/1703/1703 308/1704/1704
f 306/1705/1705 305/1706/1706 298/1707/1707
f 306/1708/1708 302/1709/1709 243/1710/1710
f 302/1711/1711 308/1712/1712 243/1713/1713
f 309/1714/1714 312/1715/1715 420/1716/1716
f 309/1717/1717 311/1718/1718 312/1719/1719
f 315/1720/1720 502/1721/1721 312/1722/1722
f 313/1723/1723 311/1724/1724 309/1725/1725
f 313/1726/1726 309/1727/1727 310/1728/1728
f 311/1729/1729 314/1730/1730 312/1731/1731
f 310/1732/1732 278/1733/1733 313/1734/1734
f 314/1735/1735 315/1736/1736 312/1737/1737
f 311/1738/1738 313/1739/1739 319/1740/1740
f 319/1741/1741 318/1742/1742 311/1743/1743
f 311/1744/1744 318/1745/1745 314/1746/1746
f 315/1747/1747 314/1748/1748 317/1749/1749
f 316/1750/1750 313/1751/1751 325/1752/1752
f 314/1753/1753 321/1754/1754 317/1755/1755
f 316/1756/1756 319/1757/1757 313/1758/1758
f 317/1759/1759 321/1760/1760 320/1761/1761
f 318/1762/1762 326/1763/1763 314/1764/1764
f 318/1765/1765 319/1766/1766 316/1767/1767
f 314/1768/1768 326/1769/1769 321/1770/1770
f 324/1771/1771 318/1772/1772 316/1773/1773
f 323/1774/1774 320/1775/1775 322/1776/1776
f 326/1777/1777 318/1778/1778 329/1779/1779
f 322/1780/1780 320/1781/1781 321/1782/1782
f 324/1783/1783 316/1784/1784 330/1785/1785
f 322/1786/1786 327/1787/1787 323/1788/1788
f 329/1789/1789 318/1790/1790 324/1791/1791
f 325/1792/1792 330/1793/1793 316/1794/1794
f 321/1795/1795 326/1796/1796 328/1797/1797
f 322/1798/1798 321/1799/1799 328/1800/1800
f 324/1801/1801 330/1802/1802 331/1803/1803
f 327/1804/1804 322/1805/1805 332/1806/1806
f 328/1807/1807 326/1808/1808 335/1809/1809
f 330/1810/1810 325/1811/1811 334/1812/1812
f 324/1813/1813 336/1814/1814 329/1815/1815
f 334/1816/1816 333/1817/1817 330/1818/1818
f 331/1819/1819 336/1820/1820 324/1821/1821
f 335/1822/1822 326/1823/1823 329/1824/1824
f 430/1825/1825 323/1826/1826 327/1827/1827
f 330/1828/1828 333/1829/1829 337/1830/1830
f 328/1831/1831 332/1832/1832 322/1833/1833
f 331/1834/1834 330/1835/1835 337/1836/1836
f 332/1837/1837 328/1838/1838 335/1839/1839
f 327/1840/1840 332/1841/1841 338/1842/1842
f 336/1843/1843 331/1844/1844 340/1845/1845
f 335/1846/1846 329/1847/1847 339/1848/1848
f 343/1849/1849 332/1850/1850 335/1851/1851
f 331/1852/1852 344/1853/1853 340/1854/1854
f 329/1855/1855 336/1856/1856 341/1857/1857
f 336/1858/1858 340/1859/1859 341/1860/1860
f 327/1861/1861 338/1862/1862 342/1863/1863
f 339/1864/1864 329/1865/1865 341/1866/1866
f 344/1867/1867 331/1868/1868 337/1869/1869
f 337/1870/1870 333/1871/1871 344/1872/1872
f 338/1873/1873 332/1874/1874 343/1875/1875
f 341/1876/1876 340/1877/1877 344/1878/1878
f 345/1879/1879 341/1880/1880 344/1881/1881
f 343/1882/1882 335/1883/1883 349/1884/1884
f 346/1885/1885 335/1886/1886 339/1887/1887
f 345/1888/1888 339/1889/1889 341/1890/1890
f 350/1891/1891 338/1892/1892 343/1893/1893
f 342/1894/1894 338/1895/1895 350/1896/1896
f 349/1897/1897 335/1898/1898 346/1899/1899
f 350/1900/1900 343/1901/1901 347/1902/1902
f 348/1903/1903 343/1904/1904 349/1905/1905
f 344/1906/1906 286/1907/1907 345/1908/1908
f 345/1909/1909 346/1910/1910 339/1911/1911
f 347/1912/1912 343/1913/1913 348/1914/1914
f 288/1915/1915 345/1916/1916 286/1917/1917
f 432/1918/1918 342/1919/1919 350/1920/1920
f 346/1921/1921 345/1922/1922 351/1923/1923
f 432/1924/1924 350/1925/1925 353/1926/1926
f 355/1927/1927 349/1928/1928 346/1929/1929
f 350/1930/1930 347/1931/1931 356/1932/1932
f 352/1933/1933 432/1934/1934 353/1935/1935
f 354/1936/1936 350/1937/1937 356/1938/1938
f 355/1939/1939 346/1940/1940 357/1941/1941
f 348/1942/1942 349/1943/1943 355/1944/1944
f 347/1945/1945 348/1946/1946 356/1947/1947
f 353/1948/1948 350/1949/1949 354/1950/1950
f 346/1951/1951 351/1952/1952 357/1953/1953
f 348/1954/1954 355/1955/1955 294/1956/1956
f 348/1957/1957 294/1958/1958 359/1959/1959
f 356/1960/1960 348/1961/1961 359/1962/1962
f 356/1963/1963 359/1964/1964 362/1965/1965
f 354/1966/1966 356/1967/1967 362/1968/1968
f 354/1969/1969 362/1970/1970 360/1971/1971
f 353/1972/1972 354/1973/1973 361/1974/1974
f 361/1975/1975 354/1976/1976 360/1977/1977
f 358/1978/1978 353/1979/1979 361/1980/1980
f 360/1981/1981 362/1982/1982 275/1983/1983
f 361/1984/1984 360/1985/1985 275/1986/1986
f 276/1987/1987 310/1988/1988 309/1989/1989
f 282/1990/1990 334/1991/1991 280/1992/1992
f 285/1993/1993 282/1994/1994 136/1995/1995
f 355/1996/1996 357/1997/1997 294/1998/1998
f 362/1999/1999 359/2000/2000 304/2001/2001
f 313/2002/2002 278/2003/2003 325/2004/2004
f 282/2005/2005 333/2006/2006 334/2007/2007
f 345/2008/2008 288/2009/2009 351/2010/2010
f 74/2011/2011 370/2012/2012 378/2013/2013
f 387/2014/2014 365/2015/2015 79/2016/2016
f 365/2017/2017 366/2018/2018 84/2019/2019
f 93/2020/2020 491/2021/2021 368/2022/2022
f 103/2023/2023 368/2024/2024 399/2025/2025
f 370/2026/2026 369/2027/2027 414/2028/2028
f 372/2029/2029 371/2030/2030 373/2031/2031
f 413/2032/2032 372/2033/2033 374/2034/2034
f 370/2035/2035 414/2036/2036 377/2037/2037
f 415/2038/2038 383/2039/2039 376/2040/2040
f 370/2041/2041 377/2042/2042 378/2043/2043
f 377/2044/2044 414/2045/2045 380/2046/2046
f 413/2047/2047 374/2048/2048 383/2049/2049
f 372/2050/2050 373/2051/2051 379/2052/2052
f 379/2053/2053 374/2054/2054 372/2055/2055
f 375/2056/2056 376/2057/2057 381/2058/2058
f 375/2059/2059 380/2060/2060 414/2061/2061
f 381/2062/2062 380/2063/2063 375/2064/2064
f 380/2065/2065 378/2066/2066 377/2067/2067
f 376/2068/2068 383/2069/2069 381/2070/2070
f 382/2071/2071 381/2072/2072 383/2073/2073
f 380/2074/2074 381/2075/2075 382/2076/2076
f 379/2077/2077 383/2078/2078 374/2079/2079
f 373/2080/2080 225/2081/2081 379/2082/2082
f 385/2083/2083 383/2084/2084 379/2085/2085
f 225/2086/2086 227/2087/2087 379/2088/2088
f 384/2089/2089 378/2090/2090 380/2091/2091
f 382/2092/2092 383/2093/2093 385/2094/2094
f 386/2095/2095 380/2096/2096 382/2097/2097
f 384/2098/2098 380/2099/2099 388/2100/2100
f 378/2101/2101 384/2102/2102 387/2103/2103
f 388/2104/2104 380/2105/2105 386/2106/2106
f 387/2107/2107 384/2108/2108 388/2109/2109
f 379/2110/2110 227/2111/2111 385/2112/2112
f 74/2113/2113 378/2114/2114 387/2115/2115
f 385/2116/2116 389/2117/2117 382/2118/2118
f 386/2119/2119 382/2120/2120 392/2121/2121
f 389/2122/2122 392/2123/2123 382/2124/2124
f 391/2125/2125 385/2126/2126 227/2127/2127
f 385/2128/2128 391/2129/2129 393/2130/2130
f 387/2131/2131 388/2132/2132 386/2133/2133
f 385/2134/2134 393/2135/2135 389/2136/2136
f 389/2137/2137 394/2138/2138 392/2139/2139
f 387/2140/2140 386/2141/2141 390/2142/2142
f 392/2143/2143 394/2144/2144 386/2145/2145
f 389/2146/2146 393/2147/2147 394/2148/2148
f 390/2149/2149 365/2150/2150 387/2151/2151
f 390/2152/2152 386/2153/2153 394/2154/2154
f 231/2155/2155 395/2156/2156 393/2157/2157
f 391/2158/2158 231/2159/2159 393/2160/2160
f 393/2161/2161 395/2162/2162 394/2163/2163
f 390/2164/2164 394/2165/2165 365/2166/2166
f 395/2167/2167 396/2168/2168 394/2169/2169
f 396/2170/2170 365/2171/2171 394/2172/2172
f 396/2173/2173 366/2174/2174 365/2175/2175
f 233/2176/2176 395/2177/2177 231/2178/2178
f 395/2179/2179 397/2180/2180 396/2181/2181
f 397/2182/2182 395/2183/2183 233/2184/2184
f 364/2185/2185 232/2186/2186 500/2187/2187
f 366/2188/2188 396/2189/2189 397/2190/2190
f 364/2191/2191 397/2192/2192 233/2193/2193
f 366/2194/2194 397/2195/2195 367/2196/2196
f 439/2197/2197 372/2198/2198 403/2199/2199
f 372/2200/2200 439/2201/2201 274/2202/2202
f 372/2203/2203 274/2204/2204 371/2205/2205
f 492/2206/2206 368/2207/2207 491/2208/2208
f 368/2209/2209 492/2210/2210 399/2211/2211
f 492/2212/2212 398/2213/2213 399/2214/2214
f 400/2215/2215 402/2216/2216 488/2217/2217
f 490/2218/2218 488/2219/2219 402/2220/2220
f 401/2221/2221 404/2222/2222 400/2223/2223
f 439/2224/2224 403/2225/2225 494/2226/2226
f 398/2227/2227 490/2228/2228 402/2229/2229
f 404/2230/2230 401/2231/2231 406/2232/2232
f 407/2233/2233 398/2234/2234 402/2235/2235
f 494/2236/2236 403/2237/2237 493/2238/2238
f 400/2239/2239 404/2240/2240 408/2241/2241
f 410/2242/2242 493/2243/2243 403/2244/2244
f 402/2245/2245 400/2246/2246 409/2247/2247
f 399/2248/2248 398/2249/2249 407/2250/2250
f 399/2251/2251 369/2252/2252 405/2253/2253
f 410/2254/2254 406/2255/2255 493/2256/2256
f 406/2257/2257 408/2258/2258 404/2259/2259
f 407/2260/2260 369/2261/2261 399/2262/2262
f 409/2263/2263 400/2264/2264 408/2265/2265
f 402/2266/2266 409/2267/2267 407/2268/2268
f 408/2269/2269 406/2270/2270 411/2271/2271
f 411/2272/2272 406/2273/2273 410/2274/2274
f 410/2275/2275 403/2276/2276 413/2277/2277
f 412/2278/2278 408/2279/2279 411/2280/2280
f 411/2281/2281 410/2282/2282 415/2283/2283
f 409/2284/2284 408/2285/2285 412/2286/2286
f 414/2287/2287 407/2288/2288 409/2289/2289
f 375/2290/2290 409/2291/2291 412/2292/2292
f 376/2293/2293 412/2294/2294 411/2295/2295
f 415/2296/2296 376/2297/2297 411/2298/2298
f 410/2299/2299 413/2300/2300 415/2301/2301
f 364/2302/2302 367/2303/2303 397/2304/2304
f 387/2305/2305 79/2306/2306 74/2307/2307
f 369/2308/2308 370/2309/2309 405/2310/2310
f 369/2311/2311 407/2312/2312 414/2313/2313
f 375/2314/2314 412/2315/2315 376/2316/2316
f 415/2317/2317 413/2318/2318 383/2319/2319
f 366/2320/2320 367/2321/2321 45/2322/2322
f 32/2323/2323 364/2324/2324 500/2325/2325
f 103/2326/2326 399/2327/2327 405/2328/2328
f 372/2329/2329 413/2330/2330 403/2331/2331
f 409/2332/2332 375/2333/2333 414/2334/2334
f 440/2335/2335 416/2336/2336 173/2337/2337
f 178/2338/2338 455/2339/2339 462/2340/2340
f 499/2341/2341 420/2342/2342 419/2343/2343
f 420/2344/2344 421/2345/2345 419/2346/2346
f 421/2347/2347 420/2348/2348 312/2349/2349
f 446/2350/2350 443/2351/2351 421/2352/2352
f 421/2353/2353 502/2354/2354 446/2355/2355
f 447/2356/2356 422/2357/2357 423/2358/2358
f 446/2359/2359 502/2360/2360 422/2361/2361
f 423/2362/2362 422/2363/2363 424/2364/2364
f 424/2365/2365 422/2366/2366 317/2367/2367
f 426/2368/2368 423/2369/2369 424/2370/2370
f 426/2371/2371 425/2372/2372 423/2373/2373
f 422/2374/2374 502/2375/2375 317/2376/2376
f 425/2377/2377 426/2378/2378 427/2379/2379
f 317/2380/2380 426/2381/2381 424/2382/2382
f 425/2383/2383 427/2384/2384 461/2385/2385
f 427/2386/2386 428/2387/2387 461/2388/2388
f 427/2389/2389 426/2390/2390 323/2391/2391
f 429/2392/2392 427/2393/2393 323/2394/2394
f 428/2395/2395 427/2396/2396 429/2397/2397
f 428/2398/2398 429/2399/2399 470/2400/2400
f 470/2401/2401 429/2402/2402 430/2403/2403
f 430/2404/2404 431/2405/2405 470/2406/2406
f 431/2407/2407 430/2408/2408 433/2409/2409
f 430/2410/2410 432/2411/2411 434/2412/2412
f 433/2413/2413 430/2414/2414 434/2415/2415
f 433/2416/2416 434/2417/2417 435/2418/2418
f 434/2419/2419 432/2420/2420 352/2421/2421
f 435/2422/2422 434/2423/2423 352/2424/2424
f 352/2425/2425 358/2426/2426 435/2427/2427
f 358/2428/2428 436/2429/2429 435/2430/2430
f 437/2431/2431 436/2432/2432 438/2433/2433
f 436/2434/2434 358/2435/2435 438/2436/2436
f 438/2437/2437 358/2438/2438 363/2439/2439
f 439/2440/2440 438/2441/2441 363/2442/2442
f 443/2443/2443 440/2444/2444 419/2445/2445
f 441/2446/2446 440/2447/2447 443/2448/2448
f 441/2449/2449 443/2450/2450 446/2451/2451
f 441/2452/2452 446/2453/2453 442/2454/2454
f 444/2455/2455 442/2456/2456 446/2457/2457
f 447/2458/2458 445/2459/2459 446/2460/2460
f 445/2461/2461 444/2462/2462 446/2463/2463
f 445/2464/2464 447/2465/2465 448/2466/2466
f 423/2467/2467 448/2468/2468 447/2469/2469
f 444/2470/2470 445/2471/2471 449/2472/2472
f 442/2473/2473 444/2474/2474 450/2475/2475
f 451/2476/2476 440/2477/2477 441/2478/2478
f 441/2479/2479 442/2480/2480 451/2481/2481
f 448/2482/2482 423/2483/2483 453/2484/2484
f 451/2485/2485 442/2486/2486 450/2487/2487
f 449/2488/2488 450/2489/2489 444/2490/2490
f 449/2491/2491 445/2492/2492 454/2493/2493
f 448/2494/2494 454/2495/2495 445/2496/2496
f 451/2497/2497 455/2498/2498 440/2499/2499
f 449/2500/2500 452/2501/2501 450/2502/2502
f 454/2503/2503 448/2504/2504 453/2505/2505
f 423/2506/2506 425/2507/2507 453/2508/2508
f 452/2509/2509 449/2510/2510 458/2511/2511
f 460/2512/2512 454/2513/2513 453/2514/2514
f 454/2515/2515 458/2516/2516 449/2517/2517
f 456/2518/2518 451/2519/2519 450/2520/2520
f 456/2521/2521 455/2522/2522 451/2523/2523
f 460/2524/2524 453/2525/2525 425/2526/2526
f 457/2527/2527 454/2528/2528 460/2529/2529
f 457/2530/2530 458/2531/2531 454/2532/2532
f 452/2533/2533 456/2534/2534 450/2535/2535
f 457/2536/2536 460/2537/2537 459/2538/2538
f 425/2539/2539 461/2540/2540 460/2541/2541
f 459/2542/2542 460/2543/2543 461/2544/2544
f 469/2545/2545 457/2546/2546 459/2547/2547
f 456/2548/2548 462/2549/2549 455/2550/2550
f 459/2551/2551 461/2552/2552 464/2553/2553
f 428/2554/2554 464/2555/2555 461/2556/2556
f 465/2557/2557 457/2558/2558 469/2559/2559
f 456/2560/2560 452/2561/2561 466/2562/2562
f 452/2563/2563 458/2564/2564 465/2565/2565
f 462/2566/2566 456/2567/2567 463/2568/2568
f 469/2569/2569 459/2570/2570 468/2571/2571
f 456/2572/2572 466/2573/2573 463/2574/2574
f 459/2575/2575 464/2576/2576 468/2577/2577
f 466/2578/2578 452/2579/2579 465/2580/2580
f 428/2581/2581 467/2582/2582 464/2583/2583
f 467/2584/2584 428/2585/2585 470/2586/2586
f 466/2587/2587 471/2588/2588 463/2589/2589
f 472/2590/2590 464/2591/2591 467/2592/2592
f 464/2593/2593 472/2594/2594 468/2595/2595
f 431/2596/2596 467/2597/2597 470/2598/2598
f 474/2599/2599 465/2600/2600 469/2601/2601
f 466/2602/2602 465/2603/2603 473/2604/2604
f 473/2605/2605 471/2606/2606 466/2607/2607
f 468/2608/2608 474/2609/2609 469/2610/2610
f 472/2611/2611 467/2612/2612 433/2613/2613
f 467/2614/2614 431/2615/2615 433/2616/2616
f 465/2617/2617 474/2618/2618 475/2619/2619
f 473/2620/2620 465/2621/2621 475/2622/2622
f 468/2623/2623 472/2624/2624 476/2625/2625
f 474/2626/2626 468/2627/2627 476/2628/2628
f 418/2629/2629 471/2630/2630 477/2631/2631
f 471/2632/2632 473/2633/2633 478/2634/2634
f 478/2635/2635 473/2636/2636 475/2637/2637
f 476/2638/2638 472/2639/2639 482/2640/2640
f 471/2641/2641 478/2642/2642 477/2643/2643
f 475/2644/2644 474/2645/2645 480/2646/2646
f 474/2647/2647 476/2648/2648 481/2649/2649
f 472/2650/2650 433/2651/2651 479/2652/2652
f 479/2653/2653 482/2654/2654 472/2655/2655
f 478/2656/2656 475/2657/2657 483/2658/2658
f 474/2659/2659 481/2660/2660 480/2661/2661
f 478/2662/2662 483/2663/2663 477/2664/2664
f 483/2665/2665 475/2666/2666 484/2667/2667
f 481/2668/2668 476/2669/2669 482/2670/2670
f 484/2671/2671 475/2672/2672 480/2673/2673
f 479/2674/2674 486/2675/2675 482/2676/2676
f 93/2677/2677 477/2678/2678 483/2679/2679
f 480/2680/2680 481/2681/2681 489/2682/2682
f 483/2683/2683 484/2684/2684 485/2685/2685
f 486/2686/2686 479/2687/2687 437/2688/2688
f 437/2689/2689 479/2690/2690 436/2691/2691
f 483/2692/2692 491/2693/2693 93/2694/2694
f 485/2695/2695 491/2696/2696 483/2697/2697
f 481/2698/2698 482/2699/2699 487/2700/2700
f 488/2701/2701 480/2702/2702 489/2703/2703
f 484/2704/2704 480/2705/2705 488/2706/2706
f 485/2707/2707 484/2708/2708 490/2709/2709
f 489/2710/2710 481/2711/2711 487/2712/2712
f 486/2713/2713 487/2714/2714 482/2715/2715
f 485/2716/2716 490/2717/2717 492/2718/2718
f 487/2719/2719 486/2720/2720 493/2721/2721
f 489/2722/2722 487/2723/2723 493/2724/2724
f 488/2725/2725 490/2726/2726 484/2727/2727
f 494/2728/2728 486/2729/2729 437/2730/2730
f 486/2731/2731 494/2732/2732 493/2733/2733
f 401/2734/2734 488/2735/2735 489/2736/2736
f 440/2737/2737 173/2738/2738 419/2739/2739
f 462/2740/2740 463/2741/2741 417/2742/2742
f 417/2743/2743 471/2744/2744 418/2745/2745
f 446/2746/2746 422/2747/2747 447/2748/2748
f 436/2749/2749 479/2750/2750 435/2751/2751
f 443/2752/2752 419/2753/2753 421/2754/2754
f 416/2755/2755 440/2756/2756 455/2757/2757
f 417/2758/2758 463/2759/2759 471/2760/2760
f 479/2761/2761 433/2762/2762 435/2763/2763
f 477/2764/2764 93/2765/2765 418/2766/2766
f 114/2767/2767 4/2768/2768 495/2769/2769
f 152/2770/2770 172/2771/2771 5/2772/2772
f 6/2773/2773 8/2774/2774 114/2775/2775
f 9/2776/2776 217/2777/2777 216/2778/2778
f 496/2779/2779 263/2780/2780 217/2781/2781
f 218/2782/2782 26/2783/2783 500/2784/2784
f 364/2785/2785 32/2786/2786 367/2787/2787
f 35/2788/2788 34/2789/2789 61/2790/2790
f 37/2791/2791 172/2792/2792 171/2793/2793
f 38/2794/2794 40/2795/2795 39/2796/2796
f 366/2797/2797 45/2798/2798 84/2799/2799
f 83/2800/2800 44/2801/2801 42/2802/2802
f 83/2803/2803 46/2804/2804 44/2805/2805
f 53/2806/2806 86/2807/2807 51/2808/2808
f 204/2809/2809 203/2810/2810 91/2811/2811
f 96/2812/2812 93/2813/2813 368/2814/2814
f 210/2815/2815 209/2816/2816 101/2817/2817
f 113/2818/2818 151/2819/2819 2/2820/2820
f 497/2821/2821 277/2822/2822 276/2823/2823
f 277/2824/2824 498/2825/2825 310/2826/2826
f 116/2827/2827 155/2828/2828 117/2829/2829
f 121/2830/2830 122/2831/2831 120/2832/2832
f 280/2833/2833 123/2834/2834 133/2835/2835
f 147/2836/2836 141/2837/2837 168/2838/2838
f 290/2839/2839 142/2840/2840 148/2841/2841
f 219/2842/2842 148/2843/2843 113/2844/2844
f 111/2845/2845 109/2846/2846 152/2847/2847
f 111/2848/2848 152/2849/2849 5/2850/2850
f 153/2851/2851 420/2852/2852 499/2853/2853
f 153/2854/2854 497/2855/2855 420/2856/2856
f 155/2857/2857 156/2858/2858 117/2859/2859
f 156/2860/2860 157/2861/2861 161/2862/2862
f 126/2863/2863 164/2864/2864 162/2865/2865
f 212/2866/2866 55/2867/2867 56/2868/2868
f 34/2869/2869 36/2870/2870 171/2871/2871
f 417/2872/2872 184/2873/2873 462/2874/2874
f 195/2875/2875 417/2876/2876 203/2877/2877
f 275/2878/2878 362/2879/2879 220/2880/2880
f 300/2881/2881 239/2882/2882 501/2883/2883
f 501/2884/2884 308/2885/2885 300/2886/2886
f 308/2887/2887 501/2888/2888 243/2889/2889
f 361/2890/2890 274/2891/2891 363/2892/2892
f 278/2893/2893 310/2894/2894 498/2895/2895
f 278/2896/2896 498/2897/2897 279/2898/2898
f 334/2899/2899 123/2900/2900 280/2901/2901
f 282/2902/2902 280/2903/2903 136/2904/2904
f 290/2905/2905 281/2906/2906 142/2907/2907
f 219/2908/2908 290/2909/2909 148/2910/2910
f 220/2911/2911 304/2912/2912 242/2913/2913
f 304/2914/2914 307/2915/2915 242/2916/2916
f 300/2917/2917 303/2918/2918 239/2919/2919
f 317/2920/2920 502/2921/2921 315/2922/2922
f 426/2923/2923 317/2924/2924 320/2925/2925
f 352/2926/2926 353/2927/2927 358/2928/2928
f 363/2929/2929 358/2930/2930 361/2931/2931
f 309/2932/2932 420/2933/2933 276/2934/2934
f 405/2935/2935 370/2936/2936 67/2937/2937
f 370/2938/2938 74/2939/2939 67/2940/2940
f 103/2941/2941 96/2942/2942 368/2943/2943
f 227/2944/2944 229/2945/2945 391/2946/2946
f 233/2947/2947 232/2948/2948 364/2949/2949
f 439/2950/2950 363/2951/2951 274/2952/2952
f 492/2953/2953 490/2954/2954 398/2955/2955
f 489/2956/2956 406/2957/2957 401/2958/2958
f 438/2959/2959 439/2960/2960 494/2961/2961
f 497/2962/2962 276/2963/2963 420/2964/2964
f 455/2965/2965 178/2966/2966 416/2967/2967
f 178/2968/2968 462/2969/2969 184/2970/2970
f 312/2971/2971 502/2972/2972 421/2973/2973
f 426/2974/2974 320/2975/2975 323/2976/2976
f 323/2977/2977 430/2978/2978 429/2979/2979
f 327/2980/2980 342/2981/2981 430/2982/2982
f 432/2983/2983 430/2984/2984 342/2985/2985
f 458/2986/2986 457/2987/2987 465/2988/2988
f 492/2989/2989 491/2990/2990 485/2991/2991
f 488/2992/2992 401/2993/2993 400/2994/2994
f 437/2995/2995 438/2996/2996 494/2997/2997
f 493/2998/2998 406/2999/2999 489/3000/3000
