v 0.0295945574 0.00953937881 0.0328460038
v 0.0136934165 0.00954241864 0.0328460038
v 0.0295945574 0.00939242542 0.751543999
v 0.0136934165 0.00939540472 0.751543999
v 0.0136905592 -0.00965447724 0.751540899
v 0.00695540942 -0.00686342968 0.751540899
v 0.0136905592 -0.00950746331 0.0328418911
v 0.00695540942 -0.00671647675 0.0328429937
v 0.0041665677 -0.00012749889 0.751542985
v 0.0041665677 1.94699878e-05 0.032844007
v 0.00695856847 0.00660739793 0.751543999
v 0.00695856847 0.00675441045 0.0328460038
v 0.0295905042 -0.00951050315 0.0328418911
v 0.0295905042 -0.00965745654 0.751540899
v 0.0363265444 -0.00672249636 0.0328429937
v 0.0363265444 -0.00686944975 0.751540899
v 0.0391174201 1.24699891e-05 0.032844007
v 0.0391174201 -0.000134498885 0.751542985
v 0.0363285188 0.00674839038 0.0328460038
v 0.0363285188 0.00660143699 0.751543999
v -0.0391134303 0.00734643638 0.760585904
v -0.0391134303 0.00678645028 0.757766902
v -0.0192504209 0.0073424424 0.760585904
v -0.0192504209 0.00678239716 0.757766902
v -0.0391134303 0.00519041717 0.755376995
v -0.0192504209 0.00518642319 0.755376995
v -0.0391143803 0.00280140317 0.753780007
v -0.0192513708 0.00279740919 0.753780007
v -0.0391143803 -1.74985234e-05 0.753219008
v -0.0192513708 -2.1498523e-05 0.753219008
v -0.0391153898 -0.00283647981 0.753778994
v -0.0192523915 -0.00284047402 0.753778994
v -0.0391153898 -0.00522644771 0.755374998
v -0.0192523915 -0.00523044076 0.755374998
v -0.0391164105 -0.00682343496 0.757764995
v -0.0192535203 -0.00682742894 0.757764995
v -0.0391164105 -0.00738544622 0.760582983
v -0.0192535203 -0.00738944067 0.760582983
v -0.0192504209 0.00678144349 0.763404906
v -0.0391134303 0.00678543746 0.763404906
v -0.0192504209 0.00518445671 0.765794903
v -0.0391134303 0.00518845068 0.765794903
v -0.0192513708 0.00279442989 0.767390907
v -0.0391143803 0.00279842387 0.767390907
v -0.0192513708 -2.44978783e-05 0.767950892
v -0.0391143803 -2.04978787e-05 0.767950892
v -0.0192523915 -0.00284345332 0.767389894
v -0.0391153898 -0.00283946027 0.767389894
v -0.0192523915 -0.00523246732 0.765791893
v -0.0391153898 -0.00522847334 0.765791893
v -0.0192535203 -0.00682945456 0.763401896
v -0.0391164105 -0.00682444731 0.763401896
v -0.0192494113 0.00937043224 0.782430887
v -0.0192494113 0.00937341247 0.769144893
v -0.0192494113 0.00954441819 0.767903894
v -0.0192494113 0.0100464057 0.766756892
v -0.0192494113 0.0111503955 0.764411896
v -0.0192494113 0.0117164655 0.761882901
v -0.0192494113 0.0117164655 0.759292006
v -0.0192494113 0.0111524854 0.756761998
v -0.0192494113 0.0100494456 0.754417002
v -0.0192494113 0.0095474571 0.753268898
v -0.0192494113 0.00937645137 0.752029002
v -0.0192494113 0.00937942974 0.738742888
v -0.0192535203 -0.00941647589 0.738738894
v -0.0192535203 -0.00941945612 0.752025008
v -0.0192535203 -0.00959147513 0.753266007
v -0.0192535203 -0.0100934645 0.754413009
v -0.0192544106 -0.0111974552 0.756758004
v -0.0192544106 -0.0117624551 0.759287
v -0.0192544106 -0.0117634647 0.761877894
v -0.0192544106 -0.011198475 0.764407903
v -0.0192535203 -0.0100953644 0.766752899
v -0.0192535203 -0.00959445443 0.767899901
v -0.0192535203 -0.00942243543 0.769140899
v -0.0192535203 -0.00942547526 0.782426894
v -0.0193894207 -0.00993145909 0.769140899
v -0.0193904322 -0.0100834444 0.768037885
v -0.0193863809 -0.0105244638 0.767014891
v -0.0197593812 -0.0108444737 0.767210901
v -0.019762421 -0.010441374 0.768138885
v -0.0202703718 -0.0109624937 0.767282903
v -0.0202703718 -0.0105724437 0.7681759
v -0.0202694219 -0.0104384543 0.769140899
v -0.0197614115 -0.0103023741 0.769140899
v -0.0193904322 -0.0105263647 0.754148006
v -0.0193875115 -0.0116724446 0.756594896
v -0.0197593812 -0.0120274546 0.756473005
v -0.0197593812 -0.012635475 0.759189904
v -0.0202703718 -0.0123673752 0.757101893
v -0.0202703718 -0.0127724549 0.759175003
v -0.0202703718 -0.0128504746 0.760582
v -0.0197593812 -0.0126364948 0.761973888
v -0.0202703718 -0.0127724549 0.761989892
v -0.0202703718 -0.0123694651 0.764062911
v -0.0197593812 -0.0120294737 0.764691889
v -0.0202703718 -0.0121594742 0.764735907
v -0.0202703718 -0.0121584646 0.756428897
v -0.019762421 -0.0108434651 0.75395301
v -0.0202703718 -0.0109594548 0.753881991
v -0.0193875115 -0.0122624747 0.759231985
v -0.0193875115 -0.0122624747 0.761932909
v -0.0193875115 -0.0116734644 0.764569908
v -0.0202694219 -0.010435475 0.752025008
v -0.0197614115 -0.0102994544 0.752025008
v -0.0202703718 -0.0105684446 0.752990007
v -0.019762421 -0.0104373749 0.753026903
v -0.0193904322 -0.0100804651 0.753127992
v -0.0193894207 -0.00992746558 0.752025008
v -0.0381004494 -0.010955465 0.753881991
v -0.0381014626 -0.0121544646 0.756428897
v -0.0381014626 -0.0123644546 0.757101893
v -0.0381014626 -0.0127684548 0.759175003
v -0.0381014626 -0.0128464745 0.760582
v -0.0381014626 -0.0127694746 0.761989892
v -0.0381014626 -0.0123654753 0.764062911
v -0.0381014626 -0.012156494 0.764735907
v -0.0381004494 -0.0109584443 0.767282903
v -0.0193854216 0.0104804458 0.767021894
v -0.0193854216 0.0100334063 0.768041909
v -0.0193854216 0.00988040864 0.769144893
v -0.0197574217 0.0102533456 0.769144893
v -0.0197574217 0.0103914561 0.768142909
v -0.0202654321 0.0105224662 0.768179893
v -0.0202654321 0.0109134763 0.76728791
v -0.0197574217 0.0107974857 0.767216891
v -0.0202654321 0.0103894863 0.769144893
v -0.0193823818 0.0104784751 0.75415501
v -0.0193823818 0.0116274748 0.756599903
v -0.0193823818 0.0122164851 0.759236991
v -0.0193823818 0.0122154756 0.761937886
v -0.0197543819 0.0125894947 0.759195
v -0.0197543819 0.0125894947 0.761979908
v -0.0202654321 0.0128044849 0.76058799
v -0.0202654321 0.0127264652 0.761994898
v -0.0202654321 0.0123214554 0.764067888
v -0.0197543819 0.0119813457 0.764696896
v -0.0202654321 0.0121114664 0.764740884
v -0.0193823818 0.0116254454 0.764574885
v -0.0202654321 0.0127264652 0.759180009
v -0.0202654321 0.0123234754 0.7571069
v -0.0197543819 0.0119834952 0.756477892
v -0.0202654321 0.0121134948 0.756433904
v -0.0202654321 0.0109164547 0.753886998
v -0.0197543819 0.0107984953 0.753959
v -0.0193854216 0.00988440216 0.752029002
v -0.0193854216 0.0100364452 0.753131986
v -0.0197574217 0.010394495 0.753030896
v -0.0202654321 0.0105254455 0.752994001
v -0.0202654321 0.0103924647 0.752029002
v -0.0197574217 0.010256445 0.752029002
v -0.0380964521 0.0109194955 0.753886998
v -0.0380964521 0.0121174855 0.756433904
v -0.0380964521 0.0123263951 0.7571069
v -0.0380964521 0.0127303954 0.759180009
v -0.0380954426 0.012807345 0.76058799
v -0.0380964521 0.0127294455 0.761994898
v -0.0380964521 0.0123254452 0.764067888
v -0.0380964521 0.0121153956 0.764740884
v -0.0380964521 0.0109164556 0.76728791
v -0.0193884019 -0.00993044488 0.782426894
v -0.0197645109 -0.0103074443 0.782426894
v -0.0202694219 -0.010441374 0.782426894
v -0.0381004494 -0.0105684437 0.7681759
v -0.0381004494 -0.0104354741 0.769140899
v -0.0386084002 -0.0108424537 0.767211884
v -0.0386084002 -0.010437374 0.768138885
v -0.0389803927 -0.0105254743 0.767017901
v -0.0389803927 -0.0100794537 0.768037885
v -0.0391164105 -0.00959045999 0.767899901
v -0.0391164105 -0.00941844098 0.769140899
v -0.0389803927 -0.0099264523 0.769140899
v -0.0386084002 -0.0102994535 0.769140899
v -0.0391164105 -0.0100914938 0.766752899
v -0.0381004494 -0.010437374 0.782426894
v -0.0193894207 -0.00942547526 0.782934785
v -0.0194825213 -0.00983746164 0.782919884
v -0.019858392 -0.010213444 0.782919884
v -0.0202694219 -0.0103054736 0.782934785
v -0.0201155208 -0.0099563729 0.783278883
v -0.0202694219 -0.00993348472 0.783306897
v -0.0202694219 -0.00942547526 0.783443004
v -0.0197384004 -0.00958044734 0.783278883
v -0.0197614115 -0.00942547526 0.783306897
v -0.0386064295 -0.0103034442 0.782426894
v -0.0389824193 -0.0099264523 0.782426894
v -0.0391164105 -0.00942148082 0.782426894
v -0.0381004494 -0.00942243543 0.783443004
v -0.0381004494 -0.00993044488 0.783306897
v -0.0381004494 -0.0103014838 0.782934785
v -0.0193844121 0.00937043224 0.782936007
v -0.0197604019 0.00937043224 0.783311784
v -0.0202654321 0.00937043224 0.783446997
v -0.0193854216 0.00987844169 0.782430887
v -0.0197574217 0.0102504864 0.782430887
v -0.0202654321 0.0103864465 0.782430887
v -0.0380964521 0.0105263963 0.768179893
v -0.0380964521 0.0103924656 0.769144893
v -0.0386073794 0.0107994461 0.767215908
v -0.0386064295 0.0119854063 0.764696896
v -0.0389793795 0.0116294455 0.764574885
v -0.0389793795 0.0122194653 0.761937886
v -0.0391124096 0.0117203947 0.761882901
v -0.0391124096 0.0117203947 0.759292006
v -0.0389793795 0.0122204851 0.759236991
v -0.0389793795 0.0116314655 0.756599903
v -0.0386064295 0.0125934854 0.759195
v -0.0386064295 0.011987485 0.756477892
v -0.0386044029 0.0108035048 0.753957987
v -0.0389763992 0.0104863448 0.754152
v -0.0391124096 0.0111564752 0.756761998
v -0.0391124096 0.0100534353 0.754417002
v -0.0386064295 0.0125934854 0.761979908
v -0.0391124096 0.0111544551 0.764411896
v -0.0389793795 0.0104794856 0.767018884
v -0.0391124096 0.0100503964 0.766756892
v -0.0380964521 0.0105294948 0.752994001
v -0.0380964521 0.0103964051 0.752029002
v -0.0391124096 0.00955144968 0.753268898
v -0.0389763992 0.0100404453 0.753131986
v -0.0391124096 0.00938044395 0.752029002
v -0.0389763992 0.00988845527 0.752029002
v -0.0386044029 0.0102604451 0.752029002
v -0.0386044029 0.0103984848 0.753030896
v -0.0380964521 0.0103995046 0.738742888
v -0.0386044029 0.010263484 0.738742888
v -0.0389763992 0.00989143457 0.738742888
v -0.0391124096 0.00938342419 0.738742888
v -0.0391124096 0.00937740505 0.769144893
v -0.0389763992 0.00988541637 0.769144893
v -0.0391124096 0.00954841077 0.767903894
v -0.0389763992 0.0100374063 0.768041909
v -0.0386044029 0.0103954459 0.768142909
v -0.0386044029 0.010256446 0.769144893
v -0.0380964521 0.0103905061 0.782430887
v -0.0197344106 0.0102224164 0.782586008
v -0.0194784123 0.00986342225 0.78284201
v -0.019854391 0.00986342225 0.783217907
v -0.0202654321 0.00987844169 0.78331089
v -0.0201103911 0.0102224164 0.782961905
v -0.0202654321 0.0102504864 0.782938808
v -0.0391124096 0.00937442482 0.782430887
v -0.0389784221 0.00987945497 0.782430887
v -0.0386014227 0.010255496 0.782430887
v -0.0380964521 0.00937442482 0.783446997
v -0.0380964521 0.00988142192 0.78331089
v -0.0380964521 0.0102544865 0.782938808
v -0.0386044029 0.00937442482 0.78331089
v -0.0386084002 -0.00942148082 0.783306897
v -0.0389763992 0.00937442482 0.782938808
v -0.0389803927 -0.00942148082 0.782934785
v -0.0388844293 0.00978539884 0.782923907
v -0.0386274103 0.00952844415 0.783282906
v -0.0382514317 0.00990443025 0.783282906
v -0.0385074299 0.0101614362 0.782923907
v -0.0386314113 -0.0095764529 0.783278883
v -0.0388884228 -0.00983346906 0.782919884
v -0.0385114197 -0.0102094542 0.782919884
v -0.0382554214 -0.00995345321 0.783278883
v -0.0193844121 0.00988440122 0.738742888
v -0.0197604019 0.0102604441 0.738742888
v -0.0202654321 0.010395444 0.738742888
v -0.0202654321 0.00937942974 0.737726986
v -0.0202654321 0.00988744013 0.737862885
v -0.0201114099 0.00991044845 0.737890899
v -0.0202654321 0.0102594839 0.738234997
v -0.019854391 0.0101664439 0.738249898
v -0.0194784123 0.00979040377 0.738249898
v -0.0193863809 0.00937942974 0.738234997
v -0.0197344106 0.00953440182 0.737890899
v -0.0197574217 0.00937942974 0.737862885
v -0.0380964521 0.00938342419 0.737726986
v -0.0380964521 0.00989143457 0.737862885
v -0.0380964521 0.010263484 0.738234997
v -0.0193894207 -0.00941647589 0.738231003
v -0.0197614115 -0.00941647589 0.737858891
v -0.0202694219 -0.00941647589 0.737722993
v -0.0193884019 -0.00992144644 0.738738894
v -0.0197645109 -0.0102984458 0.738738894
v -0.0202694219 -0.0104324957 0.738738894
v -0.0381004494 -0.010431475 0.752025008
v -0.0381004494 -0.0105654653 0.752990007
v -0.0391164105 -0.011194475 0.764407903
v -0.0389843825 -0.0116694653 0.764569908
v -0.0386113804 -0.0120253637 0.764691889
v -0.0386123899 -0.0126324352 0.761973888
v -0.0386123899 -0.0126313651 0.759189904
v -0.0386113804 -0.0120234545 0.756473005
v -0.0386113804 -0.0108384546 0.753953993
v -0.0389834326 -0.0105173653 0.754150003
v -0.0389843825 -0.0116684549 0.756594896
v -0.0391164105 -0.011192455 0.756758004
v -0.0391174201 -0.0117584551 0.759287
v -0.0389843825 -0.0122574652 0.759231985
v -0.0391174201 -0.0117594646 0.761877894
v -0.0389843825 -0.012258485 0.761932909
v -0.0391164105 -0.0100894645 0.754413009
v -0.0391164105 -0.00958748069 0.753266007
v -0.0389803927 -0.0100764753 0.753127992
v -0.0386084002 -0.0104344552 0.753026903
v -0.0386084002 -0.0102954647 0.752025008
v -0.0389803927 -0.009923473 0.752025008
v -0.0391164105 -0.00941546168 0.752025008
v -0.0391164105 -0.00941248238 0.738738894
v -0.0386274103 0.0102353441 0.738588005
v -0.0382514317 0.0102353441 0.738211989
v -0.0385074299 0.0098764142 0.737955987
v -0.0386014227 0.00938342419 0.737861007
v -0.0388844293 0.0098764142 0.738332003
v -0.0389784221 0.00938342419 0.738238007
v -0.0381004494 -0.0104284957 0.738738894
v -0.0381004494 -0.00941248238 0.737722993
v -0.0202694219 -0.0102964761 0.738231003
v -0.019858392 -0.0102044456 0.738245904
v -0.0194825213 -0.00982745085 0.738245904
v -0.0197384004 -0.0095714489 0.737886906
v -0.0201155208 -0.00994749367 0.737886906
v -0.0202694219 -0.00992448721 0.737858891
v -0.0386084002 -0.00941248238 0.737858891
v -0.0389803927 -0.00941248238 0.738231003
v -0.0381004494 -0.00992037356 0.737858891
v -0.0381004494 -0.0102924863 0.738231003
v -0.0386064295 -0.0102944458 0.738738894
v -0.0389824193 -0.00991846714 0.738738894
v -0.0386314113 -0.00956745446 0.737886906
v -0.0388884228 -0.00982345641 0.738245904
v -0.0385114197 -0.0102004558 0.738245904
v -0.0382554214 -0.00994350109 0.737886906
v -0.0149314124 0.00890238304 0.0211389959
v -0.0149324257 0.00761039276 0.0179390013
v -0.0149314124 0.00890137069 0.0245890021
v -0.0149324257 0.00521339197 0.015455991
v -0.0149324257 0.00760836666 0.0277889967
v -0.0149324257 0.00521041267 0.030269891
v -0.0149333794 0.00205738633 0.0316729844
v -0.0149333794 0.00206137868 0.0140520036
v -0.0149333794 2.74691574e-05 0.0138199925
v -0.0149333794 2.34699473e-05 0.0319049954
v -0.0149343926 -0.00200645835 0.0140509903
v -0.0149343926 -0.00201051054 0.0316729844
v -0.0149343926 -0.00515948422 0.0154539943
v -0.0149343926 -0.00516246352 0.0302679837
v -0.0149355251 -0.00755648501 0.0179359913
v -0.0149355251 -0.00885050185 0.0211350024
v -0.0149355251 -0.0088515142 0.0245859921
v -0.0149355251 -0.00755946478 0.0277859867
v -0.00147143193 2.04699463e-05 0.0319049954
v -0.0014724452 -0.00186650536 0.0317049921
v -0.0014724452 -0.00410948833 0.0309050083
v -0.0014724452 -0.00516550336 0.0302679837
v -0.00147357769 -0.00606547436 0.0295479894
v -0.00147357769 -0.00735746464 0.0280869901
v -0.00146243162 -0.00756250462 0.0277850032
v -0.00142947026 -0.00776647171 0.0274539888
v -0.00118044205 -0.00838945992 0.0261780024
v -0.000782581046 -0.00886748824 0.0245169997
v -0.000599475577 -0.0090144733 0.0231609941
v -0.000666471198 -0.00896446593 0.0218609869
v -0.000797482207 -0.0088524688 0.0211310089
v -0.000976474956 -0.00866846833 0.0203680098
v -0.00102845021 -0.00860546622 0.0201570094
v -0.00127157755 -0.00822250638 0.0191490054
v -0.00133148022 -0.00808750372 0.0188629925
v -0.00134244747 -0.00805847533 0.0188058913
v -0.00146243162 -0.00756047806 0.017937988
v -0.00147357769 -0.00735549815 0.0176349878
v -0.00147357769 -0.00582747301 0.0159669816
v -0.0014724452 -0.00516246399 0.0154539943
v -0.0014724452 -0.00393347582 0.0147309899
v -0.00146457739 -0.00342349918 0.0145019889
v -0.00144347735 -0.00290350826 0.0143069923
v -0.00137546845 -0.00145749911 0.0139420033
v -0.00134244747 2.44691564e-05 0.0138199925
v -0.000711472705 -0.00797949824 0.0285269916
v -0.000803442672 -0.00768248877 0.0283170044
v -0.0006754715 -0.00830750261 0.0277589858
v -0.000757487491 -0.00827048812 0.0271289945
v -0.000462444499 -0.00881348643 0.0261020064
v -0.000621469691 -0.00868748222 0.0257569849
v -0.00021144934 -0.00910745654 0.0243229866
v -0.000457437709 -0.00895349868 0.0243389904
v -0.000899584964 -0.00859050546 0.0256620049
v -0.000993581489 -0.00811247621 0.0270068944
v -0.00128647871 -0.00805650745 0.0269269943
v -0.00110945292 -0.00743250642 0.0281400084
v -0.000934453681 -0.00753949769 0.0282160044
v -0.000130446628 -0.00917546544 0.0224820077
v -0.000450463966 -0.0089614857 0.0214498937
v -0.000613482669 -0.00870250259 0.0200310051
v -0.000892432407 -0.00860850699 0.0201239884
v -0.000991435722 -0.00813649874 0.018776983
v -0.00128647871 -0.00808547623 0.018855989
v -0.00110945292 -0.00743048126 0.017580986
v -0.000934453681 -0.00753747113 0.0175060034
v -0.000753434375 -0.00829147082 0.0186569989
v -0.000803442672 -0.00768046314 0.01740399
v -0.000711472705 -0.00797747355 0.0171940029
v -0.000601442531 -0.00854645856 0.0186510086
v -0.000301452354 -0.00901751313 0.0206879973
v -0.00110945292 -0.003973471 0.0146479905
v -0.00110945292 -0.00588749489 0.0158970058
v -0.000803442672 -0.00608550198 0.015662998
v -0.000711472705 -0.00632046303 0.015385896
v -0.000710459426 -0.00426648697 0.0140459836
v -0.000802488998 -0.00410746224 0.0143730044
v -0.000933440402 -0.00403051311 0.0145300031
v -0.000969441608 -0.00297449715 0.0141558945
v -0.00092545338 -0.00298850425 0.014120996
v -0.000686438754 -0.00315051037 0.013677001
v -0.000710459426 -0.00458650524 0.0140549839
v -0.000711472705 -0.00612347014 0.0144180059
v -0.000711472705 -0.00617449218 0.0144419968
v -0.000711472705 -0.006838487 0.0148609877
v -0.000711472705 -0.00749747595 0.0155799985
v -0.000711472705 -0.00783847552 0.0162779987
v -0.000711472705 -0.00797747355 0.0171200037
v 0.00259151869 -0.0031505106 0.0107710063
v 0.00259151869 -0.00322251255 0.0107719898
v 0.00180956535 -0.0031505106 0.0108650029
v 0.00248852186 -0.0045924657 0.0109370053
v 0.00158455782 -0.00433449633 0.0110200047
v 0.00127354078 -0.0054744957 0.0114020109
v 0.000220565125 -0.00505046733 0.0119479895
v 0.000105528161 -0.00609450229 0.0123899877
v -0.000517459586 -0.00565050729 0.0132069886
v -0.000538440421 -0.00655345805 0.0136500001
v -0.000556441024 -0.0073655122 0.0142909884
v -0.000570448115 -0.00801746733 0.0151169896
v -6.04707748e-05 -0.00793247111 0.0138520002
v -0.000117452815 -0.00859050639 0.0148479939
v 0.000676540658 -0.00837247353 0.0137020051
v 0.000553516671 -0.00897447951 0.0147840083
v 0.00114551 -0.00891046412 0.0144450068
v 0.000900415704 -0.00935851224 0.0157819986
v 0.000475553796 -0.00934146531 0.0159569979
v 0.000812558457 -0.00950150471 0.0171200037
v 8.55606049e-05 -0.00931649189 0.0171200037
v -0.000154586509 -0.00900750048 0.0159730017
v -0.000526459888 -0.00870447047 0.0171200037
v -0.000579448417 -0.0084465025 0.0160959959
v 0.00148251466 -0.00818447955 0.0132499933
v 0.00083556585 -0.00755749829 0.0127550066
v 0.00170156173 -0.00764046842 0.0126298964
v 0.00186756067 -0.00717948657 0.0122120082
v 0.00103041343 -0.00657145958 0.0119799972
v 0.00223055296 -0.00593947154 0.0114159882
v 1.45118684e-05 -0.00708048232 0.0130240023
v -0.000489445403 -0.00472949632 0.0129410028
v 0.0003665369 -0.0040444606 0.0116659999
v 0.00111952238 -0.00315051037 0.0111168921
v 0.000471560284 -0.00315051037 0.0115410089
v -0.000181587413 -0.00315051037 0.0122810006
v -0.000455470756 -0.00387351424 0.0128000081
v -0.000429483131 -0.00315051037 0.0127409995
v -0.000643463805 -0.00196449622 0.0134139955
v -0.000870438293 -0.0015075081 0.013756007
v -0.000604482368 2.44691309e-05 0.0132479966
v -0.000881584361 2.44691491e-05 0.0136640072
v -0.00144145079 0.00295240874 0.0143080056
v -0.000995488837 0.00301642367 0.0141760111
v -0.00137445517 0.00150741381 0.0139429867
v -0.000870438293 0.00155640882 0.0137569904
v -0.000620456412 0.00124741788 0.0133109987
v -0.00068548508 0.00319941062 0.0136779845
v -0.000921459869 0.00303841778 0.0141198933
v -0.000180574134 0.00319941062 0.0122819841
v -0.000428469852 0.00319941062 0.0127418935
v 0.000473527238 0.00319941062 0.0115430057
v 0.00112041645 0.00319941062 0.0111190081
v 0.00181051902 0.00319941039 0.0108659863
v 0.00259241275 0.00319941039 0.0107730031
v -0.000708432868 0.00431538792 0.0140478909
v -0.000801475719 0.0041564228 0.0143750012
v -0.000932486728 0.00407941407 0.0145319998
v -0.00110748596 0.00402237196 0.0146499872
v -0.00146243162 0.00347239967 0.0145039856
v -0.00147143193 0.00398237677 0.0147329867
v -0.00147143193 0.00190837472 0.0317060053
v -0.00147047825 0.00415141648 0.0309070051
v -0.00147047825 0.00520737236 0.030269891
v -0.00147047825 0.00610841531 0.0295499861
v -0.00147047825 0.00740040652 0.0280900002
v -0.00145945139 0.00760639925 0.0277869999
v -0.00133958645 0.00810439605 0.0269190073
v -0.00132844038 0.00813241024 0.0268609822
v -0.00126847811 0.00826741569 0.0265758932
v -0.00102546997 0.00865037553 0.0255669951
v -0.000972481444 0.00871438999 0.0253559947
v -0.000794442371 0.00889737625 0.0245929956
v -0.000662477687 0.00900937337 0.0238629878
v -0.000596435741 0.00906039588 0.0225639939
v -0.000779481605 0.00891239755 0.0212079883
v -0.00117758103 0.00843538158 0.0195468962
v -0.00142649002 0.0078123929 0.0182699859
v -0.00145945139 0.00760741299 0.0179390013
v -0.00147047825 0.00740338583 0.0176379979
v -0.00147047825 0.00587542076 0.0159699917
v -0.00147047825 0.0052104122 0.015455991
v -0.00110647269 0.00747640245 0.0281429887
v -0.0012824852 0.00813038461 0.026868999
v -0.000988455489 0.00818140525 0.026948005
v -0.000888438895 0.00865436811 0.0255999863
v -0.000609489158 0.00874741189 0.0256939828
v -0.000447483733 0.00900740642 0.0242739916
v -0.000126453117 0.00922037475 0.02324301
v -0.000207455829 0.00915242545 0.0214009881
v -0.000453444198 0.0089994194 0.0213859975
v -0.00061747618 0.00873239152 0.019968003
v -0.000895472243 0.00863636844 0.0200628936
v -0.000990482047 0.00815738458 0.0187169909
v -0.00128343888 0.00810236856 0.018796891
v -0.00110647269 0.007478368 0.0175839961
v -0.000931473449 0.00758541794 0.0175088942
v -0.000754447654 0.00831640977 0.0185959935
v -0.00080046244 0.00772840995 0.0174070001
v -0.000672431663 0.00835241005 0.0179649889
v -0.000708432868 0.00802440662 0.0171969831
v -0.000459583476 0.00885839574 0.0196219981
v -0.000298472121 0.00906242244 0.0250369906
v -0.00059744902 0.008591366 0.0270740092
v -0.000749440864 0.00833739154 0.0270679891
v -0.000708432868 0.00802238006 0.0285300016
v -0.00080046244 0.00772537058 0.0283199847
v -0.000931473449 0.00758237951 0.0282188952
v -0.00110748596 0.00593538303 0.0158990026
v -0.00080046244 0.00613339012 0.015666008
v -0.000708432868 0.00636841077 0.0153889954
v -0.000708432868 0.00463540619 0.0140568912
v -0.000708432868 0.00604839297 0.0143660009
v -0.000708432868 0.00688738795 0.0148639977
v -0.000708432868 0.0073154089 0.0152778924
v -0.000708432868 0.00788642187 0.0162810087
v -0.000708432868 0.00798941869 0.0166969895
v -0.000708432868 0.00802440662 0.0171239972
v 0.00250455551 0.00453741569 0.010914892
v 0.00158652477 0.00438339636 0.0110220015
v 0.00226041488 0.00587440655 0.0113638937
v 0.00127556734 0.00552440854 0.0114040077
v 0.0010325592 0.00662041828 0.0119830072
v 0.000108567998 0.00614340231 0.0123918951
v 1.75517052e-05 0.00713039655 0.0130269825
v -0.000536473468 0.00660241907 0.0136528909
v -0.000553580001 0.00741339894 0.0142939985
v -0.000567587093 0.00806541461 0.0151199996
v -0.000575574115 0.00849438831 0.0160999894
v -0.000523479655 0.00875140354 0.0171239972
v -0.000514479354 0.00569940731 0.0132088959
v -0.00048747845 0.00477941055 0.0129429996
v -0.000453444198 0.0039224145 0.0128009915
v 0.000367550179 0.00409437343 0.0116669834
v 0.000222412869 0.00509936735 0.0119499862
v 0.00192352943 0.00706942054 0.0120889843
v 0.00170442276 0.00768936845 0.0126329958
v 0.000838546082 0.00760639831 0.0127579868
v 0.00153955631 0.00810737535 0.013094008
v 0.00068041496 0.00842041988 0.0137049854
v 0.00117656402 0.00890339538 0.0143350065
v 0.000557510182 0.00902236626 0.0147869885
v 0.000918416306 0.00938237831 0.0156809986
v 0.000479547307 0.00938839838 0.0159609914
v 0.000816551968 0.00954837725 0.0170508921
v 0.000816551968 0.00954837725 0.0171239972
v 8.85408372e-05 0.00936342496 0.0171239972
v -0.000150473788 0.00905538723 0.0159769952
v -0.000114472583 0.00863839313 0.0148519874
v -5.64772636e-05 0.00798137113 0.0138559937
v 0.0295165349 0.00319339056 0.0107730031
v 0.0295155291 -0.0031564706 0.0107710063
v 0.0295145232 -0.00950746424 0.0171200037
v 0.0295145232 -0.00919650774 0.0151579976
v 0.0295145232 -0.00829349644 0.0133880079
v 0.0295145232 -0.00764648849 0.0126298964
v 0.0295145232 -0.00688849669 0.0119830072
v 0.0295155291 -0.00511847669 0.0110819936
v 0.0319804195 -0.00315647037 0.0110960007
v 0.0318994243 -0.00511847669 0.0113959908
v 0.031666534 -0.0068895095 0.01226601
v 0.0336705688 -0.0068895095 0.0130969882
v 0.0329685528 -0.00829451066 0.0143128932
v 0.0343985204 -0.0082954634 0.0154109895
v 0.0331465174 -0.00919746049 0.0166620016
v 0.0339635331 -0.00919746049 0.0177260041
v 0.0317595173 -0.00950746424 0.0180499852
v 0.0322635341 -0.00950847752 0.0187070072
v 0.0325815249 -0.00950847659 0.0194729865
v 0.0344765354 -0.00919745956 0.0189650059
v 0.0346515346 -0.00919847377 0.0202949941
v 0.0351195578 -0.00902550016 0.0202949941
v 0.0361865405 -0.00829647761 0.0185070038
v 0.0364215542 -0.00829647668 0.0202949941
v 0.0371795464 -0.00764946826 0.0202949941
v 0.0375435594 -0.00689147599 0.0181439817
v 0.0378275234 -0.0068924888 0.0202949941
v 0.0384155232 -0.00512151606 0.0179109871
v 0.0387295056 -0.0051224702 0.0202960074
v 0.0390405301 -0.00315950997 0.0202960074
v 0.038715573 -0.00315950997 0.0178309977
v 0.0383155588 -0.00315849693 0.0166510046
v 0.037494557 -0.00512151606 0.0156889856
v 0.0377645064 -0.00315849716 0.0155338943
v 0.0360305477 -0.00512050325 0.0137799978
v 0.0362505633 -0.00315748318 0.0135610104
v 0.0341225434 -0.00511948951 0.0123159885
v 0.0342784245 -0.00315748318 0.0120469928
v 0.0331605244 -0.00315748318 0.0114960074
v 0.0326894242 -0.00950847659 0.0202949941
v 0.0353925545 -0.00689046318 0.0144180059
v 0.0354965571 -0.0082954634 0.0168409944
v 0.0367135573 -0.00689147599 0.0161390007
v 0.031101549 -0.00950746424 0.0175448954
v 0.0320825148 -0.00919650774 0.0158459842
v 0.0313024241 -0.00829451066 0.0136229992
v 0.0308435205 -0.00919650774 0.0153329968
v 0.0303355698 -0.00950746424 0.0172280073
v 0.000812558457 -0.00950448401 0.0303789973
v 0.0326894242 -0.00951050315 0.0303789973
v 8.55606049e-05 -0.00931947026 0.0303789973
v -0.000526459888 -0.00870750938 0.0303789973
v -0.000711472705 -0.00797949824 0.0303789973
v -0.000711472705 -0.00657849154 0.030110985
v -0.000803442672 -0.00633447058 0.0298419893
v -0.00110945292 -0.00612746365 0.0296159983
v -0.00110945292 -0.00415150961 0.0309869945
v -0.00110247917 -0.00243745861 0.0316630006
v -0.00121143647 -0.00169550034 0.031787008
v -0.00139644928 -0.00047453033 0.0318948925
v -0.000973435119 -0.00334750256 0.0314529836
v -0.000829489902 -0.00450746855 0.0310939848
v -0.000711472705 -0.00627146754 0.0303789973
v 5.45661896e-05 -0.00798051152 0.0317009985
v 0.000195531175 -0.00871949084 0.0315600038
v 0.000812558457 -0.00798051152 0.0319029987
v 0.000812558457 -0.0087424973 0.0316990018
v 0.000580517575 -0.00925849564 0.0311749876
v 0.000812558457 -0.00930051692 0.0311408937
v 1.55251473e-05 -0.00925849564 0.0306110084
v -0.000368447974 -0.00871949084 0.0309959948
v -0.000509472564 -0.00797949824 0.0311369896
v 0.000812558457 -0.00627248175 0.0319029987
v 8.55606049e-05 -0.00627248175 0.0317189991
v -0.000270577148 -0.00627146754 0.0314520001
v -0.000526459888 -0.00627146754 0.0311070085
v -0.000608475879 -0.00627146754 0.0309298933
v 0.000650553033 -0.00484751258 0.0319038928
v -4.48897481e-07 -0.0046834806 0.0317820013
v -0.000495584682 -0.00480948575 0.0314280093
v 0.000576524064 -0.00453548273 0.0319038928
v 8.65142792e-05 -0.00307850656 0.0319038928
v 1.05183572e-05 -0.00293247565 0.0319038928
v 2.35121697e-05 -0.00292746862 0.0319038928
v 1.05183572e-05 -0.00289546046 0.0319038928
v -0.00054958649 -0.00316850957 0.0317719877
v -0.000725479797 -0.00144349132 0.0319038928
v -0.00072744675 -0.00135450135 0.0319038928
v -0.00105545111 -0.000739530311 0.0319038928
v -0.000690432265 -0.0014254913 0.0319038928
v 0.0326894242 -0.00798647292 0.0319029987
v 0.0326894242 -0.0087484587 0.0316990018
v 0.0326894242 -0.00930647645 0.0311408937
v 0.0346515346 -0.00920049939 0.0303789973
v 0.0345875341 -0.00900350697 0.0311450064
v 0.0344135407 -0.00846748147 0.0317040086
v 0.0341805536 -0.00775151048 0.0319029987
v 0.0355264191 -0.00706546148 0.0319029987
v 0.03596952 -0.00767551456 0.0317040086
v 0.0365945268 -0.00599847874 0.0319029987
v 0.0372035075 -0.00644146046 0.0317040086
v 0.0379965473 -0.00488649448 0.0317040086
v 0.0376595501 -0.00677250465 0.0311450064
v 0.0385325197 -0.00506048044 0.0311459899
v 0.0385565404 -0.00559149869 0.0303800106
v 0.0387295056 -0.00512449536 0.0303800106
v 0.0388365556 -0.00316248951 0.0311419964
v 0.0390405301 -0.00316248951 0.0303800106
v 0.0388335157 -0.00316248951 0.0311459899
v 0.0382785369 -0.00316248951 0.0316999853
v 0.0382705573 -0.00316248951 0.0317049921
v 0.0372805167 -0.00465349946 0.0319038928
v 0.0375165585 -0.00316248951 0.0319038928
v 0.0378275234 -0.00689451536 0.0303789973
v 0.0371795464 -0.00765149435 0.0303789973
v 0.0363005567 -0.00813149102 0.0311450064
v 0.0364215542 -0.0082985023 0.0303789973
v 0.0351195578 -0.00902746711 0.0303789973
v 0.0390415359 0.00318737049 0.0303809941
v 0.0390415359 0.00319040986 0.0202969909
v 0.0388375241 0.00318737049 0.0311430097
v 0.0388355497 0.00318737049 0.0311470032
v 0.0382795576 0.00318737049 0.0317009985
v 0.0382715706 0.00318737049 0.0317060053
v 0.0375175048 0.00318737049 0.0319049954
v 0.0387175251 0.00319040986 0.0178318918
v 0.038316505 0.00319040986 0.0166530013
v 0.0377655271 0.00319142384 0.015534997
v 0.0362525154 0.00319237681 0.0135619938
v 0.0342795495 0.00319237681 0.0120489895
v 0.0331615377 0.00319237681 0.0114980042
v 0.0319825727 0.00319339079 0.0110969841
v 0.0295175631 0.00515640946 0.0110839903
v 0.0319015551 0.00515539665 0.0113979876
v 0.0341245178 0.00515438244 0.0123179853
v 0.0360325146 0.0051543829 0.0137819946
v 0.0374965239 0.00515337009 0.0156908929
v 0.0384175349 0.00515241595 0.0179128945
v 0.0387315396 0.00515241595 0.0202980042
v 0.0375465397 0.00692339009 0.0181469917
v 0.0378295351 0.00692237588 0.0202980042
v 0.0371825267 0.00768036908 0.0202980042
v 0.0361895207 0.00832838938 0.0185109973
v 0.0364255477 0.00832737703 0.0202980042
v 0.0351235438 0.00905741565 0.0202989876
v 0.0344804171 0.0092303874 0.0189689994
v 0.034655543 0.0092303874 0.0202989876
v 0.0326935295 0.00954140443 0.0202989876
v 0.0325845052 0.00954140443 0.0194770098
v 0.0322675277 0.0095414035 0.0187110007
v 0.0339675192 0.00923038647 0.0177299976
v 0.0317635182 0.00954241771 0.0180540085
v 0.0331505183 0.00923140068 0.0166659951
v 0.0320865232 0.00923140068 0.0158500075
v 0.0344025064 0.00832940359 0.0154139996
v 0.032971533 0.00832940359 0.0143170059
v 0.0353955273 0.0069244029 0.0144209862
v 0.0336735491 0.00692541571 0.0130999982
v 0.031668568 0.00692541571 0.0122689903
v 0.0295175631 0.00692636939 0.0119859874
v 0.0295175631 0.00768340752 0.0126329958
v 0.0313055236 0.00833041687 0.0136260092
v 0.0308475066 0.00923140068 0.0153360069
v 0.0311055351 0.00954241771 0.0175490081
v 0.0303395558 0.00954241771 0.0172320008
v 0.0295185689 0.00954241771 0.0171239972
v 0.0295185689 0.00923241396 0.0151610076
v 0.0295175631 0.00833041687 0.0133909881
v 0.0367165376 0.00692339009 0.0161420107
v 0.0354994182 0.00832838938 0.0168449879
v 0.0326935295 0.00953937881 0.0303829908
v 0.034655543 0.00922842044 0.0303829908
v 0.0351235438 0.00905538816 0.0303829908
v 0.0364255477 0.00832541008 0.0303820074
v 0.0371825267 0.00767840259 0.0303820074
v 0.0378295351 0.00692040939 0.0303820074
v 0.0385585744 0.00561840646 0.0303820074
v 0.0387315396 0.00515039032 0.0303820074
v 0.000816551968 0.00954539888 0.0303829908
v 0.0326935295 0.00933237188 0.0311489999
v 0.0345915202 0.00903136749 0.0311489999
v 0.036303537 0.00815839879 0.0311479867
v 0.0376625303 0.00679941243 0.0311479867
v 0.0385345537 0.00508637447 0.0311479867
v 0.0379985142 0.00491238944 0.0317060053
v 0.0372814182 0.00467939442 0.0319060087
v 0.0326925237 0.00801439304 0.0319060087
v 0.0341845397 0.00777841825 0.0319060087
v 0.0326925237 0.00876839273 0.0317069888
v 0.0344175268 0.00849540345 0.0317069888
v 0.0359725598 0.00770242233 0.0317069888
v 0.0372065473 0.00646741455 0.0317069888
v 0.0365965534 0.00602437323 0.0319060087
v 0.0355295185 0.00709236925 0.0319060087
v 0.00081541948 0.00802136771 0.0319060087
v 0.00081541948 0.00877941959 0.0317049921
v 0.000816551968 0.00934339873 0.0311399996
v 8.85408372e-05 0.00936139841 0.0303829908
v -0.000523479655 0.00874937885 0.0303829908
v -0.000708432868 0.00802238006 0.0303820074
v -0.00116047449 0.00207836647 0.0317359865
v -0.00110748596 0.00419439143 0.0309889913
v -0.00110647269 0.00617040461 0.029617995
v -0.00080046244 0.00637639826 0.0298449993
v -0.000708432868 0.00662137335 0.0301139951
v -0.000708432868 0.00631339662 0.0303820074
v -0.000712485984 0.00604142062 0.0305039883
v -0.000787468627 0.00492740935 0.0309590101
v -0.000879438594 0.00410242146 0.0312460065
v -0.000972481444 0.00338937133 0.0314539969
v 0.00081541948 0.00631339662 0.0319060087
v 0.000788418576 0.00575239724 0.0319060087
v 0.000586418435 0.00460739248 0.0319060087
v 0.000499514863 0.00428838748 0.0319060087
v 2.45254487e-05 0.00296838349 0.0319049954
v -0.000191481784 0.00247938745 0.0319049954
v -0.000714452937 0.00141842465 0.0319049954
v 8.85408372e-05 0.00631339662 0.0317209959
v 8.85408372e-05 0.00802136771 0.0317220092
v -0.000267477706 0.00631339662 0.0314539969
v -0.000523479655 0.00802136771 0.0311099887
v -0.000523479655 0.00631339662 0.0311090052
v -0.000605436042 0.00631339662 0.0309329927
v -0.000462444499 0.00881840009 0.0306150019
v 7.65603036e-05 0.00920338649 0.0309990048
v 7.65603036e-05 0.00863839407 0.0315639973
v -0.000462444499 0.00825442187 0.0311790109
v -0.000493438914 0.00485141343 0.031430006
v -0.000547440723 0.00321037835 0.031773001
v -0.000724585727 0.00148440665 0.0319038928
v 1.5180558e-06 0.00472439546 0.031783998
v -0.0047754366 -0.00901846774 0.0228599906
v -0.0047754366 -0.00847248826 0.0197679996
v -0.0162054021 -0.00901650079 0.0228599906
v -0.0162054021 -0.00847046264 0.0197679996
v -0.0047754366 -0.00690250285 0.0170480013
v -0.0162054021 -0.00689946301 0.0170480013
v -0.00477448292 -0.00449650222 0.0150299966
v -0.0162043888 -0.00449346192 0.0150299966
v -0.00477448292 -0.00154446217 0.0139569938
v -0.0162043888 -0.0015424951 0.0139569938
v -0.00477346964 0.0015953898 0.0139580071
v -0.0162033755 0.00159741682 0.0139580071
v -0.00477245636 0.00454641599 0.0150319934
v -0.0162024219 0.00454838295 0.0150319934
v -0.00477245636 0.0069514038 0.0170508921
v -0.0162024219 0.00695337076 0.0170508921
v -0.00477245636 0.00852139015 0.0197710097
v -0.0162024219 0.00852341764 0.0197710097
v -0.00477144308 0.00906540267 0.0228638947
v -0.0162014086 0.00906838197 0.0228638947
v -0.0162054021 -0.00847147591 0.0259529948
v -0.0047754366 -0.00847451575 0.0259529948
v -0.0162054021 -0.00690250238 0.0286729932
v -0.0047754366 -0.00690446934 0.0286729932
v -0.0162043888 -0.00449751457 0.0306918919
v -0.00477448292 -0.00449948153 0.0306918919
v -0.0162043888 -0.00154648838 0.0317670107
v -0.00477448292 -0.00154851528 0.0317670107
v -0.0162033755 0.00159437768 0.0317679942
v -0.00477346964 0.00159139768 0.0317679942
v -0.0162024219 0.00454540364 0.0306940079
v -0.00477245636 0.00454337662 0.0306940079
v -0.0162024219 0.00695140427 0.0286760032
v -0.00477245636 0.00694937725 0.0286760032
v -0.0162024219 0.00852240343 0.0259569883
v -0.00477245636 0.00851942319 0.0259569883
v -0.00477144308 0.0132553633 0.0253390074
v -0.00477144308 0.0125754531 0.0277279913
v -0.00477144308 0.0114674633 0.0299510062
v -0.00477144308 0.00997037906 0.0319339931
v -0.00477245636 0.00813342445 0.0336070061
v -0.00477245636 0.00602139393 0.0349139869
v -0.00477346964 0.00370438164 0.035811007
v -0.00477346964 0.00126237993 0.0362668931
v -0.00477448292 -0.00122146413 0.0362668931
v -0.00477448292 -0.00366346631 0.0358099937
v -0.0047754366 -0.00597946392 0.0349119902
v -0.0047754366 -0.00809149537 0.033603996
v -0.0047754366 -0.0099264849 0.0319289863
v -0.00477644987 -0.0114235068 0.0299468935
v -0.00477644987 -0.012530487 0.0277229846
v -0.00477644987 -0.0132095069 0.0253329873
v -0.00477644987 -0.013438507 0.0228599906
v -0.00477644987 -0.0132084861 0.0203858912
v -0.00477644987 -0.0125283971 0.0179969966
v -0.00477644987 -0.0114205275 0.0157729983
v -0.0047754366 -0.0099235056 0.0137909949
v -0.0047754366 -0.00808648951 0.0121178925
v -0.0047754366 -0.00597445853 0.0108099878
v -0.00477448292 -0.00365750748 0.00991299748
v -0.00477448292 -0.00121550437 0.00945699215
v -0.00477346964 0.0012683986 0.00945800543
v -0.00477346964 0.00371040055 0.00991499424
v -0.00477245636 0.00602639839 0.0108129978
v -0.00477245636 0.0081383707 0.0121209919
v -0.00477144308 0.0099734189 0.0137949884
v -0.00477144308 0.0114704426 0.0157780051
v -0.00477144308 0.0125774229 0.0180020034
v -0.00477144308 0.0132563235 0.0203909874
v -0.00477144308 0.0134854438 0.0228649974
v -0.00500843115 -0.0146044865 0.0228590071
v -0.00500843115 -0.0143555263 0.0201709867
v -0.00500843115 -0.0136164874 0.0175749958
v -0.00500843115 -0.0124124074 0.0151590109
v -0.00500843115 -0.010785507 0.0130049884
v -0.00500747748 -0.00878946763 0.0111869872
v -0.00500747748 -0.00649450952 0.00976589322
v -0.00566843338 -0.00938551314 0.0103980005
v -0.00566843338 -0.00693451054 0.00888100266
v -0.00665743463 -0.00978349335 0.00986999273
v -0.00665643252 -0.00722848158 0.00828900933
v -0.00782337971 -0.00822846871 0.00856289268
v -0.00782337971 -0.00733147748 0.0080820024
v -0.00782242604 -0.00449048262 0.00698199868
v -0.00665643252 -0.00442748051 0.00720500946
v -0.00782242604 -0.00424550753 0.00691398978
v -0.00665543415 -0.00147448748 0.00665301085
v -0.00782242604 -0.0014954675 0.00642189384
v -0.00782141276 2.746883e-05 0.00635200739
v -0.00665543415 0.00152940745 0.00665399432
v -0.00782141276 0.00155038852 0.00642299652
v -0.00782039948 0.00430036755 0.00691598654
v -0.00665443204 0.00448138639 0.00720700622
v -0.00782039948 0.00454540271 0.00698289275
v -0.00782039948 0.00738639757 0.00808498263
v -0.00665343367 0.00728238747 0.00829198956
v -0.00782039948 0.00828237552 0.00856599212
v -0.00665343367 0.00983638782 0.00987398624
v -0.0078193862 0.0099763982 0.00968900323
v -0.0078193862 0.0117004625 0.0111899972
v -0.00665243156 0.0120554622 0.0118978918
v -0.0078193862 0.0122274226 0.0117419958
v -0.00781843252 0.014063363 0.0141738951
v -0.00665243156 0.0138654225 0.0142959952
v -0.00781843252 0.0143234227 0.0146099925
v -0.00665243156 0.0152034229 0.0169849992
v -0.00781843252 0.0154204424 0.0169009864
v -0.00781843252 0.015972442 0.018592
v -0.00665243156 0.0160254324 0.01987499
v -0.00781843252 0.016253422 0.0198319852
v -0.00781843252 0.0165344523 0.0228660107
v -0.00665243156 0.0163014634 0.0228660107
v -0.0056634862 0.0156404423 0.0228660107
v -0.0056634862 0.0153754437 0.0199959874
v -0.00500247069 0.014403413 0.0201770067
v -0.0056634862 0.0145874126 0.017223984
v -0.00500348397 0.0136654424 0.017580986
v -0.0056634862 0.0133034624 0.0146429837
v -0.00500348397 0.0124624427 0.0151639879
v -0.00566443987 0.0115674222 0.0123429894
v -0.00500348397 0.0108364327 0.0130089819
v -0.00566443987 0.0094373934 0.0104010105
v -0.00500348397 0.00884140655 0.0111899972
v -0.00566545315 0.00698740454 0.0088839829
v -0.00500443764 0.00654638931 0.00976899266
v -0.00566545315 0.00430036755 0.0078420043
v -0.00500545092 0.00402940437 0.00879299641
v -0.00566658564 0.00146741862 0.0073119998
v -0.00500545092 0.00137640256 0.00829598308
v -0.00566658564 -0.00141446537 0.00731098652
v -0.0050064642 -0.00132350833 0.00829598308
v -0.00566747971 -0.00424747355 0.00784000754
v -0.0050064642 -0.0039765113 0.00879099965
v -0.00500247069 0.0146513637 0.0228649974
v -0.00782337971 -0.00992249139 0.00968500972
v -0.00782439299 -0.0116475075 0.0111860037
v -0.00665743463 -0.0120034078 0.0118930042
v -0.00782439299 -0.0121745272 0.011736989
v -0.00665853359 -0.0138144875 0.014290005
v -0.00782439299 -0.0140114874 0.0141679943
v -0.00782439299 -0.014272497 0.0146040022
v -0.00665853359 -0.0151535077 0.0169790089
v -0.00782439299 -0.0153693976 0.0168949962
v -0.00782552548 -0.0159225268 0.0185860097
v -0.00665853359 -0.0159765268 0.0198679864
v -0.00782552548 -0.0162043972 0.0198248923
v -0.00665853359 -0.0162545284 0.0228590071
v -0.00782552548 -0.0164854983 0.0228590071
v -0.00566843338 -0.0115154777 0.0123389959
v -0.00566944666 -0.0132524772 0.0146380067
v -0.00566944666 -0.0145374974 0.0172179937
v -0.00566944666 -0.0153274965 0.0199889839
v -0.00566944666 -0.0155935064 0.0228590071
v -0.00781843252 0.0162524628 0.025898993
v -0.00665243156 0.0160244228 0.0258570015
v -0.0056634862 0.0153743131 0.0257349908
v -0.0056634862 0.0145854438 0.0285069942
v -0.00500348397 0.0136634232 0.0281490088
v -0.00500348397 0.0124594634 0.0305660069
v -0.00500348397 0.0108324336 0.0327199996
v -0.00500348397 0.00883640163 0.0345380008
v -0.00500443764 0.00654138392 0.0359579921
v -0.00500545092 0.0040233857 0.0369330049
v -0.00500545092 0.00137038284 0.0374290049
v -0.0050064642 -0.00132946705 0.0374279916
v -0.0050064642 -0.00398246991 0.0369310081
v -0.00500747748 -0.00649951492 0.0359559953
v -0.00566747971 -0.00425349316 0.0378828943
v -0.00566843338 -0.00694047008 0.0368410051
v -0.00665643252 -0.004434512 0.0385179818
v -0.00665643252 -0.00723450026 0.0374319851
v -0.00782337971 -0.00733850989 0.0376400054
v -0.00782337971 -0.00823347457 0.0371589959
v -0.00665743463 -0.00978849921 0.0358499885
v -0.00782337971 -0.00992851052 0.0360359848
v -0.00782439299 -0.0116525069 0.0345340073
v -0.00665743463 -0.0120085264 0.0338259935
v -0.00782439299 -0.0121794762 0.0339829922
v -0.00782439299 -0.0140145263 0.0315510035
v -0.00665853359 -0.0138174668 0.0314289927
v -0.00782439299 -0.0142754763 0.0311138928
v -0.00665853359 -0.015156487 0.0287390053
v -0.00782439299 -0.015372497 0.0288229883
v -0.00782552548 -0.0159244975 0.0271320045
v -0.00665853359 -0.0159774879 0.025849998
v -0.00782552548 -0.0162055278 0.0258930027
v -0.00566944666 -0.0153285069 0.0257290006
v -0.00500843115 -0.0143564763 0.0255469978
v -0.00500843115 -0.0136185065 0.028144002
v -0.00500843115 -0.0124155069 0.0305610001
v -0.00500843115 -0.0107884863 0.0327149928
v -0.00500747748 -0.00879447255 0.0345340073
v -0.00566843338 -0.0093904594 0.035322994
v -0.00566843338 -0.0115194768 0.0333808959
v -0.00566944666 -0.0132553969 0.031080991
v -0.00566944666 -0.0145404767 0.028501004
v -0.00782242604 -0.00449751411 0.0387409925
v -0.00782242604 -0.00425247895 0.0388090014
v -0.00665543415 -0.00148145901 0.0390709937
v -0.00782242604 -0.00150250003 0.0393019915
v -0.00782141276 2.04702737e-05 0.0393719971
v -0.00665543415 0.00152237504 0.0390709937
v -0.00782141276 0.00154436904 0.0393019915
v -0.00782039948 0.00429339474 0.0388109982
v -0.00665443204 0.00447536772 0.0385200083
v -0.00782039948 0.00453938404 0.0387429893
v -0.00665343367 0.00727636879 0.0374349952
v -0.00782039948 0.0073803789 0.0376429856
v -0.00782039948 0.00827641506 0.0371620059
v -0.00665343367 0.00983036868 0.0358538926
v -0.0078193862 0.00997037906 0.0360400081
v -0.0078193862 0.0116954539 0.0345388949
v -0.00665243156 0.0120514138 0.0338310003
v -0.0078193862 0.012222413 0.033987999
v -0.00781843252 0.0140594337 0.0315560102
v -0.00665243156 0.0138613638 0.0314339995
v -0.00781843252 0.0143204434 0.0311200023
v -0.00665243156 0.0152014531 0.0287460089
v -0.00781843252 0.0154184131 0.0288290083
v -0.00781843252 0.0159704117 0.027139008
v -0.0056634862 0.013300363 0.0310859978
v -0.00566443987 0.0115624135 0.0333859921
v -0.00566443987 0.00943238847 0.0353269875
v -0.00566545315 0.00698239869 0.0368439853
v -0.00566545315 0.00429440895 0.037883997
v -0.00566658564 0.00146139995 0.0384129882
v -0.00566658564 -0.00142048416 0.0384129882
v -0.00500247069 0.0144024538 0.0255529881
v -0.0146764237 0.0165354731 0.0228660107
v -0.0146764237 0.016253422 0.025898993
v -0.0146764237 0.015972442 0.027139008
v -0.0146764237 0.0154194338 0.0288290083
v -0.0146764237 0.0143214539 0.0311200023
v -0.0146764237 0.0140604433 0.0315560102
v -0.0146773774 0.0122244433 0.033987999
v -0.0146773774 0.0116974236 0.0345388949
v -0.0146773774 0.00997240655 0.0360400081
v -0.0146783907 0.00827736966 0.0371620059
v -0.0146783907 0.00738139311 0.0376429856
v -0.0146783907 0.00454039685 0.0387429893
v -0.0146783907 0.00429542176 0.0388109982
v -0.014679404 0.00154538301 0.0393019915
v -0.014679404 2.24702744e-05 0.0393719971
v -0.0146804173 -0.00150148699 0.0393019915
v -0.0146804173 -0.00425051199 0.0388090014
v -0.0146804173 -0.00449548708 0.0387409925
v -0.0146814305 -0.00733648287 0.0376400054
v -0.0146814305 -0.00823246036 0.0371589959
v -0.0146814305 -0.0099264849 0.0360359848
v -0.0146823842 -0.0116514964 0.0345340073
v -0.0146823842 -0.0121775065 0.0339829922
v -0.0146823842 -0.0140135065 0.0315510035
v -0.0146823842 -0.0142743969 0.0311138928
v -0.0146823842 -0.0153705264 0.0288229883
v -0.0146835167 -0.0159225268 0.0271320045
v -0.0146835167 -0.0162035068 0.0258930027
v -0.0146835167 -0.0164844776 0.0228590071
v -0.0162064154 -0.0139494967 0.0282729864
v -0.0162064154 -0.0127175264 0.0307489932
v -0.0162064154 -0.0110513968 0.0329560041
v -0.0162054021 -0.00900749955 0.0348199904
v -0.0162054021 -0.00665651308 0.0362758934
v -0.0162043888 -0.00407849299 0.0372749865
v -0.0162043888 -0.00136046205 0.037783891
v -0.0162033755 0.00140537089 0.0377849936
v -0.0162033755 0.00412340276 0.0372768939
v -0.0162024219 0.006702377 0.0362789929
v -0.0162014086 0.00905437581 0.0348230004
v -0.0162014086 0.0110984538 0.0329610109
v -0.0162014086 0.0127654132 0.0307539999
v -0.0162003953 0.0139984535 0.0282790065
v -0.0162003953 0.0147564532 0.0256190002
v -0.0162003953 0.0150114335 0.0228649974
v -0.0162003953 0.0147574637 0.0201120079
v -0.0162003953 0.0140014328 0.0174520016
v -0.0162014086 0.0127684521 0.0149759948
v -0.0162014086 0.0111024426 0.0127688944
v -0.0162014086 0.00905938167 0.0109049976
v -0.0162024219 0.00670839567 0.00944900513
v -0.0162033755 0.00412942143 0.0084489882
v -0.0162033755 0.00141138968 0.00793999434
v -0.0162043888 -0.00135348935 0.00793999434
v -0.0162043888 -0.00407247432 0.00844800472
v -0.0162054021 -0.00665150862 0.00944599509
v -0.0162054021 -0.00900249463 0.0109010041
v -0.0162064154 -0.0110465074 0.0127640069
v -0.0162064154 -0.0127134779 0.014970988
v -0.0162064154 -0.0139474077 0.0174458921
v -0.0162064154 -0.0147045068 0.0201059878
v -0.0162064154 -0.0149605069 0.0228590071
v -0.0162064154 -0.0147053963 0.0256130099
v -0.0146835167 -0.016202488 0.0198248923
v -0.0146835167 -0.0159205077 0.0185860097
v -0.0146823842 -0.0153685072 0.0168949962
v -0.0146823842 -0.0142705273 0.0146040022
v -0.0146823842 -0.0140093975 0.0141679943
v -0.0146823842 -0.0121735176 0.011736989
v -0.0146823842 -0.0116464878 0.0111860037
v -0.0146814305 -0.00992147811 0.00968500972
v -0.0146814305 -0.00822650176 0.00856289268
v -0.0146814305 -0.00733046466 0.0080820024
v -0.0146804173 -0.00448946841 0.00698199868
v -0.0146804173 -0.00424449332 0.00691398978
v -0.0146804173 -0.00149451452 0.00642189384
v -0.014679404 2.84688304e-05 0.00635200739
v -0.014679404 0.0015524145 0.00642299652
v -0.0146783907 0.00430138037 0.00691598654
v -0.0146783907 0.00454641553 0.00698289275
v -0.0146783907 0.00738741131 0.00808498263
v -0.0146783907 0.0082833888 0.00856599212
v -0.0146773774 0.00997741148 0.00968900323
v -0.0146773774 0.0117023624 0.0111899972
v -0.0146773774 0.0122283129 0.0117419958
v -0.0146764237 0.0140643222 0.0141738951
v -0.0146764237 0.0143254427 0.0146099925
v -0.0146764237 0.0154214529 0.0169009864
v -0.0146764237 0.0159734534 0.018592
v -0.0146764237 0.0162543124 0.0198319852
v -0.0160023887 -0.0157224974 0.0228590071
v -0.0160023887 -0.0154534969 0.019964993
v -0.0154453833 -0.0160015067 0.0198630095
v -0.0154444296 -0.0151775274 0.0169689953
v -0.0154444296 -0.0138364872 0.0142759979
v -0.0154444296 -0.0120224776 0.0118750036
v -0.0154434163 -0.00979851466 0.00984799862
v -0.0154434163 -0.00723950751 0.00826400518
v -0.0154425222 -0.00443350058 0.00717800856
v -0.0154425222 -0.00147550052 0.00662600994
v -0.0154413898 0.0015334005 0.00662600994
v -0.0154403765 0.00449140044 0.00718000531
v -0.0154403765 0.00729639456 0.00826689601
v -0.0154394228 0.00985438749 0.00985199213
v -0.0154394228 0.0120784128 0.0118798912
v -0.0154394228 0.0138904527 0.0142810047
v -0.0154384095 0.0152313225 0.0169748962
v -0.0154384095 0.0160544617 0.0198689997
v -0.0154384095 0.0163314426 0.0228660107
v -0.0154453833 -0.0162805179 0.0228590071
v -0.0160023887 -0.0146574778 0.0171699822
v -0.0160023887 -0.0133614978 0.0145688951
v -0.0160023887 -0.0116094779 0.0122509897
v -0.0160013754 -0.00946150906 0.0102930069
v -0.0160013754 -0.00699047931 0.00876399875
v -0.0160004217 -0.00428049453 0.0077149868
v -0.0159994084 -0.00142346544 0.00718098879
v -0.0159994084 0.00148237962 0.00718200207
v -0.0159983952 0.00433839532 0.00771600008
v -0.0159983952 0.00704838056 0.00876700878
v -0.0159973819 0.00951839611 0.0102970004
v -0.0159973819 0.0116654122 0.0122549832
v -0.0159964282 0.0134164123 0.0145750046
v -0.0159964282 0.0147114424 0.0171760023
v -0.0159964282 0.0155064538 0.0199719965
v -0.0159964282 0.0157734221 0.0228660107
v -0.0154453833 -0.0160035277 0.0258550048
v -0.0160023887 -0.0154545167 0.0257529914
v -0.0160023887 -0.0146595063 0.0285480022
v -0.0160023887 -0.0133654866 0.031149894
v -0.0160023887 -0.0116144866 0.0334689915
v -0.0154444296 -0.0138394069 0.0314429998
v -0.0154444296 -0.012026527 0.0338450074
v -0.0154434163 -0.00980351958 0.0358729959
v -0.0154434163 -0.00724546704 0.0374569893
v -0.0154425222 -0.00443945918 0.0385449827
v -0.0154425222 -0.00148247299 0.0390979946
v -0.0154413898 0.00152636901 0.0390990078
v -0.0154403765 0.00448436895 0.038545996
v -0.0154403765 0.00729037588 0.0374599993
v -0.0154394228 0.00984938256 0.0358769894
v -0.0154394228 0.0120734638 0.0338499844
v -0.0154394228 0.0138874138 0.0314489901
v -0.0154384095 0.0152294133 0.0287559927
v -0.0154384095 0.0160534428 0.0258620083
v -0.0159964282 0.0155054433 0.0257588923
v -0.0159964282 0.0147094233 0.0285539925
v -0.0159964282 0.013413433 0.0311549902
v -0.0159973819 0.0116614131 0.0334739983
v -0.0159973819 0.00951339025 0.0354309976
v -0.0159983952 0.00704242103 0.0369609892
v -0.0159983952 0.00433237711 0.0380100012
v -0.0159994084 0.00147540693 0.0385428965
v -0.0159994084 -0.00143049716 0.0385428965
v -0.0160004217 -0.00428651413 0.0380080044
v -0.0160013754 -0.00699649798 0.036958009
v -0.0160013754 -0.0094674686 0.0354270041
v -0.0154444296 -0.0151805067 0.0287489891
v -0.0047754366 -0.00906844344 0.760582983
v -0.0047754366 -0.00852246489 0.757490993
v -0.0162054021 -0.00906647649 0.760582983
v -0.0162054021 -0.00852043927 0.757490993
v -0.0047754366 -0.00695146574 0.754770994
v -0.0162054021 -0.00694943871 0.754770994
v -0.00477448292 -0.00454546511 0.7527529
v -0.0162043888 -0.00454343809 0.7527529
v -0.00477448292 -0.00159443892 0.751679897
v -0.0162043888 -0.00159247185 0.751679897
v -0.00477346964 0.0015454141 0.751679897
v -0.0162033755 0.00154845405 0.751679897
v -0.00477245636 0.00449644029 0.752754986
v -0.0162024219 0.00449840724 0.752754986
v -0.00477245636 0.0069014281 0.754774004
v -0.0162024219 0.00690440787 0.754774004
v -0.00477245636 0.00847141445 0.757494003
v -0.0162024219 0.00847344007 0.757494003
v -0.00477144308 0.00901643932 0.760587007
v -0.0162014086 0.00901840627 0.760587007
v -0.0162054021 -0.00852145161 0.763675898
v -0.0047754366 -0.0085234791 0.763675898
v -0.0162054021 -0.00695146527 0.766395897
v -0.0047754366 -0.0069544455 0.766395897
v -0.0162043888 -0.00454647746 0.768414885
v -0.00477448292 -0.00454844441 0.768414885
v -0.0162043888 -0.00159545103 0.769489884
v -0.00477448292 -0.00159843103 0.769489884
v -0.0162033755 0.00154440093 0.769489884
v -0.00477346964 0.00154243386 0.769489884
v -0.0162024219 0.00449542655 0.768416911
v -0.00477245636 0.00449340045 0.768416911
v -0.0162024219 0.00690142857 0.766398907
v -0.00477245636 0.00689940155 0.766398907
v -0.0162024219 0.00847242679 0.763678908
v -0.00477245636 0.00847040117 0.763678908
v -0.00477144308 0.0132064652 0.763060898
v -0.00477144308 0.0125254756 0.765450895
v -0.00477144308 0.0114174858 0.76767391
v -0.00477144308 0.00992040429 0.769655883
v -0.00477245636 0.00808440242 0.77132991
v -0.00477245636 0.00597141683 0.77263689
v -0.00477346964 0.00365541899 0.773533911
v -0.00477346964 0.00121347618 0.773990005
v -0.00477448292 -0.00127143983 0.773988903
v -0.00477448292 -0.00371242897 0.773532003
v -0.0047754366 -0.00602944102 0.772634
v -0.0047754366 -0.00814045779 0.771325886
v -0.0047754366 -0.00997645967 0.76965189
v -0.00477644987 -0.0114733642 0.767668903
v -0.00477644987 -0.0125804637 0.765444905
v -0.00477644987 -0.0132594854 0.763055891
v -0.00477644987 -0.0134884845 0.760582
v -0.00477644987 -0.0132584646 0.758109003
v -0.00477644987 -0.0125784948 0.755719006
v -0.00477644987 -0.0114704445 0.753495991
v -0.0047754366 -0.00997246802 0.751513898
v -0.0047754366 -0.00813646615 0.749839902
v -0.0047754366 -0.00602443516 0.748532891
v -0.00477448292 -0.00370748318 0.747635901
v -0.00477448292 -0.00126548111 0.747179985
v -0.00477346964 0.00121848192 0.747180909
v -0.00477346964 0.00366042485 0.747637987
v -0.00477245636 0.00597642269 0.748535991
v -0.00477245636 0.00808845367 0.749843895
v -0.00477144308 0.00992445648 0.751517892
v -0.00477144308 0.0114203449 0.753499985
v -0.00477144308 0.0125274453 0.755723894
v -0.00477144308 0.0132074747 0.75811401
v -0.00477144308 0.0134354653 0.76058799
v -0.00500843115 -0.014654465 0.760582
v -0.00500843115 -0.0144043649 0.757894009
v -0.00500843115 -0.0136654451 0.755297899
v -0.00500843115 -0.0124614947 0.752882004
v -0.00500843115 -0.0108344648 0.750727892
v -0.00500747748 -0.00883944333 0.748908907
v -0.00500747748 -0.00654442655 0.747489005
v -0.00566843338 -0.00943447556 0.748119891
v -0.00566843338 -0.00698442757 0.746603906
v -0.00665743463 -0.00983245578 0.747592986
v -0.00665643252 -0.00727845728 0.746012002
v -0.00782337971 -0.00827743113 0.746284902
v -0.00782337971 -0.00738145458 0.745803893
v -0.00782242604 -0.00454045832 0.744703889
v -0.00665643252 -0.00447745621 0.744928002
v -0.00782242604 -0.00429548323 0.744636893
v -0.00665543415 -0.0015244633 0.744375885
v -0.00782242604 -0.00154544425 0.744145006
v -0.00782141276 -2.24989235e-05 0.744074911
v -0.00665543415 0.00147943071 0.744376898
v -0.00782141276 0.00150142575 0.744145989
v -0.00782039948 0.00425045053 0.744637907
v -0.00665443204 0.00443242351 0.744928896
v -0.00782039948 0.00449542562 0.744706005
v -0.00782039948 0.0073364214 0.745806992
v -0.00665343367 0.00723241176 0.746014893
v -0.00782039948 0.00823239889 0.746288896
v -0.00665343367 0.00978641212 0.747597009
v -0.0078193862 0.00992642343 0.747411907
v -0.0078193862 0.0116514955 0.74891299
v -0.00665243156 0.0120064449 0.749621004
v -0.0078193862 0.012177445 0.749464989
v -0.00781843252 0.014013445 0.751895905
v -0.00665243156 0.0138154449 0.752018005
v -0.00781843252 0.0142743951 0.752332985
v -0.00665243156 0.015154345 0.754707992
v -0.00781843252 0.0153703447 0.754624009
v -0.00781843252 0.0159224654 0.756314993
v -0.00665243156 0.0159754558 0.757596999
v -0.00781843252 0.0162044568 0.757555008
v -0.00781843252 0.0164844757 0.76058799
v -0.00665243156 0.0162524963 0.76058799
v -0.0056634862 0.0155914854 0.76058799
v -0.0056634862 0.0153254652 0.757717997
v -0.00500247069 0.0143534951 0.7579
v -0.0056634862 0.0145374956 0.754945993
v -0.00500348397 0.0136153447 0.755302906
v -0.0056634862 0.0132534849 0.752366006
v -0.00500348397 0.0124124652 0.752886891
v -0.00566443987 0.0115174456 0.750065982
v -0.00500348397 0.0107864551 0.750732005
v -0.00566443987 0.0093874177 0.748124003
v -0.00500443764 0.00879143085 0.74891299
v -0.00566545315 0.00693844166 0.746605992
v -0.00500443764 0.00649641361 0.747491002
v -0.00566545315 0.00425045053 0.745564908
v -0.00500545092 0.00397942867 0.746515989
v -0.00566658564 0.00141845585 0.745034993
v -0.00500545092 0.00132642582 0.746018887
v -0.00566658564 -0.00146342814 0.745034009
v -0.0050064642 -0.00137342513 0.746018887
v -0.00566747971 -0.00429643737 0.745563
v -0.0050064642 -0.0040264274 0.746513903
v -0.00500247069 0.0146024656 0.76058799
v -0.00782337971 -0.00997246802 0.747408003
v -0.00782439299 -0.0116974851 0.748907983
v -0.00665743463 -0.012053445 0.749615997
v -0.00782439299 -0.0122244451 0.749459982
v -0.00665853359 -0.0138634546 0.752012998
v -0.00782439299 -0.0140604451 0.751890898
v -0.00782439299 -0.0143224653 0.752326906
v -0.00665853359 -0.0152033651 0.754702002
v -0.00782439299 -0.0154194953 0.754617989
v -0.00782552548 -0.0159724439 0.756309003
v -0.00665853359 -0.0160253746 0.757591009
v -0.00782552548 -0.0162534835 0.757548004
v -0.00665853359 -0.0163033744 0.760582
v -0.00782552548 -0.0165354731 0.760582
v -0.00566843338 -0.0115654552 0.750061005
v -0.00566944666 -0.0133024547 0.752361
v -0.00566944666 -0.014587475 0.754940003
v -0.00566944666 -0.0153764552 0.757712007
v -0.00566944666 -0.0156433647 0.760582
v -0.00781843252 0.0162024861 0.763621897
v -0.00665243156 0.0159745058 0.763578892
v -0.0056634862 0.0153244548 0.763457894
v -0.0056634862 0.0145354662 0.766229898
v -0.00500348397 0.0136134457 0.765871882
v -0.00500348397 0.0124094859 0.768287897
v -0.00500348397 0.0107824057 0.77044189
v -0.00500443764 0.0087874392 0.772260904
v -0.00500443764 0.00649140822 0.773680985
v -0.00500545092 0.00397442281 0.774655908
v -0.00500545092 0.00132040714 0.775150895
v -0.0050064642 -0.00137843087 0.775150895
v -0.0050064642 -0.004032447 0.774654001
v -0.00500747748 -0.00654943101 0.773677886
v -0.00566747971 -0.00430245604 0.775604904
v -0.00566843338 -0.00699044578 0.774563789
v -0.00665643252 -0.00448347488 0.776240885
v -0.00665643252 -0.00728447596 0.775154889
v -0.00782337971 -0.00738747278 0.775362998
v -0.00782337971 -0.00828345027 0.774880886
v -0.00665743463 -0.00983847491 0.773573011
v -0.00782337971 -0.00997747295 0.773757994
v -0.00782439299 -0.0117023643 0.772257
v -0.00665743463 -0.0120573742 0.771548986
v -0.00782439299 -0.0122284936 0.771705002
v -0.00782439299 -0.0140644442 0.769272894
v -0.00665853359 -0.0138674444 0.769150883
v -0.00782439299 -0.0143254437 0.768836886
v -0.00665853359 -0.0152054541 0.766461909
v -0.00782439299 -0.0154214641 0.766545892
v -0.00782552548 -0.0159734534 0.764854908
v -0.00665853359 -0.0160274645 0.763572901
v -0.00782552548 -0.0162554448 0.763614893
v -0.00566944666 -0.0153774749 0.763450891
v -0.00500843115 -0.0144064547 0.763269901
v -0.00500843115 -0.0136674736 0.765866905
v -0.00500843115 -0.0124653643 0.76828289
v -0.00500843115 -0.0108384537 0.770437896
v -0.00500747748 -0.00884444918 0.772257
v -0.00566843338 -0.00944043603 0.773045808
v -0.00566843338 -0.0115694543 0.771104008
v -0.00566944666 -0.0133054936 0.768803895
v -0.00566944666 -0.014589374 0.766223907
v -0.00782242604 -0.00454743113 0.776463985
v -0.00782242604 -0.00430144183 0.776531011
v -0.00665543415 -0.00153143576 0.776792884
v -0.00782242604 -0.00155247573 0.777024001
v -0.00782141276 -2.84974794e-05 0.777094901
v -0.00665543415 0.00147239922 0.776793897
v -0.00782141276 0.00149445329 0.777024984
v -0.00782039948 0.00424443185 0.776532888
v -0.00665443204 0.00442545209 0.776241809
v -0.00782039948 0.00448940694 0.776465893
v -0.00665343367 0.00722645316 0.775157988
v -0.00782039948 0.0073304032 0.775365889
v -0.00782039948 0.00822644029 0.774884909
v -0.00665343367 0.00978140626 0.773577005
v -0.0078193862 0.00992141664 0.773761988
v -0.0078193862 0.0116464859 0.772262007
v -0.00665243156 0.0120014958 0.771553993
v -0.0078193862 0.0121734561 0.771710008
v -0.00781843252 0.0140094562 0.769278884
v -0.00665243156 0.0138124656 0.769156903
v -0.00781843252 0.0142703457 0.768842906
v -0.00665243156 0.0151514858 0.766467899
v -0.00781843252 0.0153685063 0.766551882
v -0.00781843252 0.0159204965 0.764860898
v -0.0056634862 0.0132504562 0.768808901
v -0.00566443987 0.0115134558 0.771108985
v -0.00566443987 0.00938241184 0.773049891
v -0.00566545315 0.00693242298 0.774565905
v -0.00566545315 0.00424443185 0.77560699
v -0.00566658564 0.0014114232 0.776136011
v -0.00566658564 -0.00147045986 0.776134998
v -0.00500247069 0.0143524855 0.763275892
v -0.0146764237 0.0164854964 0.76058799
v -0.0146764237 0.0162044568 0.763621897
v -0.0146764237 0.0159224654 0.764860898
v -0.0146764237 0.0153694563 0.766551882
v -0.0146764237 0.0142724961 0.768842906
v -0.0146764237 0.0140114864 0.769278884
v -0.0146773774 0.0121743465 0.771710008
v -0.0146773774 0.0116474461 0.772262007
v -0.0146773774 0.00992242992 0.773761988
v -0.0146783907 0.00822745264 0.774884909
v -0.0146783907 0.00733141601 0.775365889
v -0.0146783907 0.00449042115 0.776465893
v -0.0146783907 0.00424544606 0.776532888
v -0.014679404 0.00149540626 0.777024984
v -0.014679404 -2.74974791e-05 0.777094901
v -0.0146804173 -0.00155044976 0.777024001
v -0.0146804173 -0.00430042902 0.776531011
v -0.0146804173 -0.00454546418 0.776463985
v -0.0146814305 -0.00738645904 0.775362998
v -0.0146814305 -0.00828243699 0.774880886
v -0.0146814305 -0.00997645967 0.773757994
v -0.0146823842 -0.0117004644 0.772257
v -0.0146823842 -0.0122273639 0.771705002
v -0.0146823842 -0.0140633639 0.769272894
v -0.0146823842 -0.0143234842 0.768836886
v -0.0146823842 -0.0154204443 0.766545892
v -0.0146835167 -0.0159724439 0.764854908
v -0.0146835167 -0.0162534835 0.763614893
v -0.0146835167 -0.0165344542 0.760582
v -0.0162064154 -0.0139984535 0.76599589
v -0.0162064154 -0.0127663743 0.768470883
v -0.0162064154 -0.0111004841 0.770678908
v -0.0162054021 -0.00905747619 0.77254191
v -0.0162054021 -0.00670643011 0.773999006
v -0.0162043888 -0.00412745588 0.77499789
v -0.0162043888 -0.00140942482 0.775507003
v -0.0162033755 0.00135545514 0.775507003
v -0.0162033755 0.00407443987 0.775000006
v -0.0162024219 0.00665341411 0.774000883
v -0.0162014086 0.00900440011 0.772545993
v -0.0162014086 0.0110484762 0.770682991
v -0.0162014086 0.0127154961 0.768476903
v -0.0162003953 0.0139494957 0.766000897
v -0.0162003953 0.0147064747 0.763341904
v -0.0162003953 0.0149624748 0.76058799
v -0.0162003953 0.0147074852 0.757833898
v -0.0162003953 0.013951405 0.755174011
v -0.0162014086 0.0127194952 0.752698004
v -0.0162014086 0.0110523552 0.750490904
v -0.0162014086 0.00900940504 0.748627901
v -0.0162024219 0.00665841857 0.747170985
v -0.0162033755 0.00408039847 0.746171892
v -0.0162033755 0.00136141386 0.745662987
v -0.0162043888 -0.00140346517 0.745662987
v -0.0162043888 -0.00412245141 0.746169984
v -0.0162054021 -0.00670047151 0.747168899
v -0.0162054021 -0.00905247033 0.748623997
v -0.0162064154 -0.0110963648 0.750487
v -0.0162064154 -0.0127634546 0.752692997
v -0.0162064154 -0.0139963748 0.755169004
v -0.0162064154 -0.0147543652 0.757827997
v -0.0162064154 -0.0150094749 0.760582
v -0.0162064154 -0.0147554949 0.763335884
v -0.0146835167 -0.0162524646 0.757548004
v -0.0146835167 -0.0159704732 0.756309003
v -0.0146823842 -0.0154184746 0.754617989
v -0.0146823842 -0.0143204452 0.752326906
v -0.0146823842 -0.014059375 0.751890898
v -0.0146823842 -0.0122224744 0.749459982
v -0.0146823842 -0.0116964653 0.748907983
v -0.0146814305 -0.00997044053 0.747408003
v -0.0146814305 -0.00827647652 0.746284902
v -0.0146814305 -0.00738044037 0.745803893
v -0.0146804173 -0.00453944551 0.744703889
v -0.0146804173 -0.00429345621 0.744636893
v -0.0146804173 -0.00154443027 0.744145006
v -0.014679404 -2.04989228e-05 0.744074911
v -0.014679404 0.0015024388 0.744145989
v -0.0146783907 0.00425241748 0.744637907
v -0.0146783907 0.00449745264 0.744706005
v -0.0146783907 0.00733743468 0.745806992
v -0.0146783907 0.0082334131 0.746288896
v -0.0146773774 0.00992844906 0.747411907
v -0.0146773774 0.0116524454 0.74891299
v -0.0146773774 0.0121794753 0.749464989
v -0.0146764237 0.0140143447 0.751895905
v -0.0146764237 0.0142754754 0.752332985
v -0.0146764237 0.0153724952 0.754624009
v -0.0146764237 0.0159244956 0.756314993
v -0.0146764237 0.0162053565 0.757555008
v -0.0160023887 -0.0157714533 0.760582
v -0.0160023887 -0.0155034745 0.757687986
v -0.0154453833 -0.0160514833 0.757586002
v -0.0154444296 -0.0152274445 0.754691899
v -0.0154444296 -0.013885445 0.751998007
v -0.0154444296 -0.0120714447 0.749596894
v -0.0154434163 -0.00984747708 0.747570992
v -0.0154434163 -0.00728948414 0.745986998
v -0.0154425222 -0.00448347628 0.744901001
v -0.0154425222 -0.00152547623 0.74434799
v -0.0154413898 0.0014834248 0.744349003
v -0.0154403765 0.00444142474 0.744902998
v -0.0154403765 0.00724743167 0.745990008
v -0.0154394228 0.00980542507 0.747574985
v -0.0154394228 0.0120284948 0.749601901
v -0.0154394228 0.0138414847 0.752003998
v -0.0154384095 0.0151813449 0.754698008
v -0.0154384095 0.0160044869 0.757591903
v -0.0154384095 0.016281466 0.76058799
v -0.0154453833 -0.0163294738 0.760582
v -0.0160023887 -0.0147074545 0.754893005
v -0.0160023887 -0.0134114753 0.752292007
v -0.0160023887 -0.0116594546 0.74997291
v -0.0160013754 -0.00951142609 0.748016
v -0.0160013754 -0.0070404564 0.746485889
v -0.0160004217 -0.00433047116 0.745436907
v -0.0159994084 -0.00147344114 0.744903982
v -0.0159994084 0.00143240287 0.744903982
v -0.0159983952 0.00428841868 0.745438993
v -0.0159983952 0.00699840346 0.746488988
v -0.0159973819 0.00946842134 0.748019993
v -0.0159973819 0.0116164451 0.749977887
v -0.0159964282 0.0133665055 0.752296984
v -0.0159964282 0.0146613549 0.754898906
v -0.0159964282 0.0154564753 0.757694006
v -0.0159964282 0.0157244066 0.76058799
v -0.0154453833 -0.0160524948 0.763577908
v -0.0160023887 -0.015504485 0.763474882
v -0.0160023887 -0.0147094838 0.766270906
v -0.0160023887 -0.0134144537 0.768871903
v -0.0160023887 -0.0116644641 0.771191895
v -0.0154444296 -0.0138894441 0.769165903
v -0.0154444296 -0.012076444 0.771567911
v -0.0154434163 -0.00985337701 0.773595005
v -0.0154434163 -0.00729544275 0.775179982
v -0.0154425222 -0.00448943488 0.776266992
v -0.0154425222 -0.00153143576 0.776820809
v -0.0154413898 0.00147740624 0.776822001
v -0.0154403765 0.00443445193 0.77626881
v -0.0154403765 0.007241413 0.775182784
v -0.0154394228 0.00979940593 0.77359879
v -0.0154394228 0.0120234862 0.771572888
v -0.0154394228 0.0138374958 0.769171894
v -0.0154384095 0.0151794963 0.766477883
v -0.0154384095 0.0160033563 0.763583899
v -0.0159964282 0.0154553447 0.763481885
v -0.0159964282 0.0146594457 0.766276896
v -0.0159964282 0.0133634061 0.768877894
v -0.0159973819 0.0116114458 0.771196902
v -0.0159973819 0.00946341548 0.773153782
v -0.0159983952 0.00699244486 0.774682909
v -0.0159983952 0.00428240001 0.775732994
v -0.0159994084 0.00142543111 0.776266009
v -0.0159994084 -0.0014804739 0.776266009
v -0.0160004217 -0.00433642976 0.775730997
v -0.0160013754 -0.00704647508 0.774681002
v -0.0160013754 -0.00951643102 0.773149788
v -0.0154444296 -0.0152294738 0.766471893
v -0.0391134303 0.00739641208 0.0228638947
v -0.0391134303 0.00683636684 0.020044893
v -0.0192504209 0.00739241904 0.0228638947
v -0.0192504209 0.00683237286 0.020044893
v -0.0391134303 0.00524039287 0.0176549852
v -0.0192504209 0.00523639889 0.0176549852
v -0.0391143803 0.00285036582 0.0160579979
v -0.0192513708 0.00284637185 0.0160579979
v -0.0391143803 3.14692297e-05 0.0154959857
v -0.0192513708 2.74692302e-05 0.0154959857
v -0.0391153898 -0.00278650434 0.0160560012
v -0.0192523915 -0.00279049831 0.0160560012
v -0.0391153898 -0.00517748483 0.0176529884
v -0.0192523915 -0.00518147787 0.0176529884
v -0.0391164105 -0.00677447207 0.0200420022
v -0.0192535203 -0.00677846605 0.0200420022
v -0.0391164105 -0.00733547099 0.0228610039
v -0.0192535203 -0.00733946403 0.0228610039
v -0.0192504209 0.00683142059 0.0256828964
v -0.0391134303 0.00683541363 0.0256828964
v -0.0192504209 0.00523341959 0.0280719995
v -0.0391134303 0.00523836631 0.0280719995
v -0.0192513708 0.00284339255 0.0296680033
v -0.0391143803 0.00284839934 0.0296680033
v -0.0192513708 2.44698731e-05 0.030227989
v -0.0391143803 2.94698748e-05 0.030227989
v -0.0192523915 -0.00279347762 0.02966699
v -0.0391153898 -0.00278948364 0.02966699
v -0.0192523915 -0.00518350443 0.0280700028
v -0.0391153898 -0.00517951045 0.0280700028
v -0.0192535203 -0.0067794784 0.0256800056
v -0.0391164105 -0.00677548442 0.0256800056
v -0.0192494113 0.00941939559 0.0447079837
v -0.0192494113 0.00942237489 0.0314219892
v -0.0192494113 0.00959439389 0.030182004
v -0.0192494113 0.0100963833 0.0290339887
v -0.0192494113 0.0112004336 0.026688993
v -0.0192494113 0.0117653739 0.0241599977
v -0.0192494113 0.011766443 0.0215689838
v -0.0192494113 0.0112014534 0.0190399885
v -0.0192494113 0.0100994222 0.0166940093
v -0.0192494113 0.00959737226 0.0155470073
v -0.0192494113 0.00942636654 0.0143060088
v -0.0192494113 0.0094283931 0.00101998448
v -0.0192535203 -0.00936751254 0.00101599097
v -0.0192535203 -0.00936947949 0.0143019855
v -0.0192535203 -0.0095414985 0.0155428946
v -0.0192535203 -0.0100434879 0.016689986
v -0.0192544106 -0.0111474767 0.0190348923
v -0.0192544106 -0.0117124766 0.0215640068
v -0.0192544106 -0.0117134862 0.0241560042
v -0.0192544106 -0.0111484965 0.0266849995
v -0.0192535203 -0.0100464066 0.0290299952
v -0.0192535203 -0.00954447873 0.0301780105
v -0.0192535203 -0.009373473 0.031419009
v -0.0192535203 -0.00937651191 0.0447039902
v -0.0193894207 -0.00988148246 0.0314179957
v -0.0193904322 -0.0100335265 0.0303148925
v -0.0193863809 -0.0104744863 0.0292919874
v -0.0197593812 -0.0107955169 0.0294888914
v -0.019762421 -0.0103915166 0.030415982
v -0.0202703718 -0.0109123969 0.0295608938
v -0.0202703718 -0.0105224065 0.0304529965
v -0.0202694219 -0.0103894863 0.0314179957
v -0.0197614115 -0.0102535263 0.0314179957
v -0.0193904322 -0.0104765072 0.0164249837
v -0.0193875115 -0.0116224065 0.0188719928
v -0.0197593812 -0.0119774779 0.0187509954
v -0.0197593812 -0.0125855068 0.0214678943
v -0.0202703718 -0.0123184761 0.0193789899
v -0.0202703718 -0.0127224764 0.0214520097
v -0.0202703718 -0.012800497 0.0228599906
v -0.0197593812 -0.0125863962 0.0242519975
v -0.0202703718 -0.0127234869 0.024266988
v -0.0202703718 -0.0123194866 0.0263409913
v -0.0197593812 -0.0119795064 0.0269689858
v -0.0202703718 -0.0121094966 0.0270139873
v -0.0202703718 -0.0121084871 0.0187059939
v -0.019762421 -0.0107934875 0.0162310004
v -0.0202703718 -0.0109094772 0.016158998
v -0.0193875115 -0.0122124963 0.0215089917
v -0.0193875115 -0.0122124963 0.0242109895
v -0.0193875115 -0.0116244964 0.0268470049
v -0.0202694219 -0.0103854975 0.0143019855
v -0.0197614115 -0.0102494778 0.0143019855
v -0.0202703718 -0.0105194878 0.0152669847
v -0.019762421 -0.0103884777 0.0153039992
v -0.0193904322 -0.0100304876 0.0154049993
v -0.0193894207 -0.00987749081 0.0143019855
v -0.0381004494 -0.0109064979 0.016158998
v -0.0381014626 -0.0121044973 0.0187059939
v -0.0381014626 -0.012314477 0.0193789899
v -0.0381014626 -0.0127194962 0.0214520097
v -0.0381014626 -0.0127965063 0.0228599906
v -0.0381014626 -0.0127194962 0.024266988
v -0.0381014626 -0.0123154968 0.0263409913
v -0.0381014626 -0.0121063963 0.0270139873
v -0.0381004494 -0.0109085264 0.0295608938
v -0.0193854216 0.0105294632 0.0293000042
v -0.0193854216 0.0100833839 0.0303199887
v -0.0193854216 0.00993038435 0.0314219892
v -0.0197574217 0.0103024337 0.0314230025
v -0.0197574217 0.0104414336 0.0304209888
v -0.0202654321 0.0105724437 0.0304580033
v -0.0202654321 0.0109634437 0.0295650065
v -0.0197574217 0.0108464435 0.0294939876
v -0.0202654321 0.0104384534 0.0314230025
v -0.0193823818 0.0105274422 0.0164319873
v -0.0193823818 0.0116774533 0.0188769996
v -0.0193823818 0.0122654531 0.0215139985
v -0.0193823818 0.0122654531 0.0242159963
v -0.0197543819 0.0126394136 0.0214729905
v -0.0197543819 0.0126384534 0.0242570043
v -0.0202654321 0.0128534539 0.0228649974
v -0.0202654321 0.0127753736 0.0242719948
v -0.0202654321 0.0123713734 0.026345998
v -0.0197543819 0.0120314434 0.0269739926
v -0.0202654321 0.012161443 0.0270189941
v -0.0193823818 0.0116753634 0.0268519819
v -0.0202654321 0.0127764437 0.0214579999
v -0.0202654321 0.012373453 0.0193839967
v -0.0197543819 0.012032452 0.0187560022
v -0.0202654321 0.0121634621 0.0187110007
v -0.0202654321 0.0109654125 0.0161640048
v -0.0197543819 0.0108484123 0.0162360072
v -0.0193854216 0.00993437786 0.0143060088
v -0.0193854216 0.0100863623 0.0154089928
v -0.0197574217 0.0104444129 0.0153079927
v -0.0202654321 0.0105754221 0.015271008
v -0.0202654321 0.0104424423 0.0143060088
v -0.0197574217 0.0103063621 0.0143060088
v -0.0380964521 0.0109694628 0.0161640048
v -0.0380964521 0.0121664526 0.0187110007
v -0.0380964521 0.0123763131 0.0193839967
v -0.0380964521 0.0127804335 0.0214579999
v -0.0380954426 0.0128574437 0.0228649974
v -0.0380964521 0.012779423 0.0242719948
v -0.0380964521 0.0123754237 0.026345998
v -0.0380964521 0.0121654337 0.0270189941
v -0.0380964521 0.0109663736 0.0295650065
v -0.0193884019 -0.00988148153 0.0447039902
v -0.0197645109 -0.0102575254 0.0447039902
v -0.0202694219 -0.0103915157 0.0447039902
v -0.0381004494 -0.0105184764 0.0304529965
v -0.0381004494 -0.0103854965 0.0314179957
v -0.0386084002 -0.0107924761 0.029489994
v -0.0386084002 -0.0103874067 0.030415982
v -0.0389803927 -0.0104754968 0.0292949975
v -0.0389803927 -0.0100294761 0.0303148925
v -0.0391164105 -0.00954048429 0.0301780105
v -0.0391164105 -0.00936947856 0.031419009
v -0.0389803927 -0.00987748988 0.0314179957
v -0.0386084002 -0.0102494769 0.0314179957
v -0.0391164105 -0.0100424066 0.0290299952
v -0.0381004494 -0.0103884758 0.0447039902
v -0.0193894207 -0.00937651191 0.0452120006
v -0.0194825213 -0.00978748593 0.04519701
v -0.019858392 -0.0101634059 0.04519701
v -0.0202694219 -0.010255496 0.0452120006
v -0.0201155208 -0.00990651548 0.0455569923
v -0.0202694219 -0.00988350902 0.0455839932
v -0.0202694219 -0.00937651191 0.0457198918
v -0.0197384004 -0.00953047071 0.0455569923
v -0.0197614115 -0.00937651191 0.0455839932
v -0.0386064295 -0.0102535253 0.0447039902
v -0.0389824193 -0.00987748895 0.0447039902
v -0.0391164105 -0.00937150419 0.0447039902
v -0.0381004494 -0.00937245879 0.0457198918
v -0.0381004494 -0.00988040864 0.0455839932
v -0.0381004494 -0.0102523956 0.0452120006
v -0.0193844121 0.00941939559 0.0452128947
v -0.0197604019 0.00941939559 0.0455898941
v -0.0202654321 0.00941939559 0.0457240045
v -0.0193854216 0.00992841832 0.0447079837
v -0.0197574217 0.0102994544 0.0447079837
v -0.0202654321 0.0104364241 0.0447079837
v -0.0380964521 0.0105764335 0.0304580033
v -0.0380964521 0.0104424432 0.0314230025
v -0.0386073794 0.0108494237 0.0294930041
v -0.0386064295 0.0120353131 0.0269739926
v -0.0389793795 0.011679423 0.0268519819
v -0.0389793795 0.0122694438 0.0242159963
v -0.0391124096 0.0117694233 0.0241599977
v -0.0391124096 0.0117704337 0.0215689838
v -0.0389793795 0.0122694438 0.0215139985
v -0.0389793795 0.0116814431 0.0188769996
v -0.0386064295 0.012643463 0.0214729905
v -0.0386064295 0.0120364521 0.0187560022
v -0.0386044029 0.0108534126 0.0162349939
v -0.0389763992 0.0105364425 0.0164290071
v -0.0391124096 0.0112054432 0.0190399885
v -0.0391124096 0.0101034129 0.0166940093
v -0.0386064295 0.0126424534 0.0242570043
v -0.0391124096 0.0112044336 0.026688993
v -0.0389793795 0.0105284536 0.0292969942
v -0.0391124096 0.0101003731 0.0290339887
v -0.0380964521 0.0105794128 0.015271008
v -0.0380964521 0.010446432 0.0143060088
v -0.0391124096 0.00960136671 0.0155470073
v -0.0389763992 0.0100904228 0.0154089928
v -0.0391124096 0.00943042058 0.0143060088
v -0.0389763992 0.00993837044 0.0143060088
v -0.0386044029 0.0103104226 0.0143060088
v -0.0386044029 0.0104484623 0.0153079927
v -0.0380964521 0.0104484623 0.00101998448
v -0.0386044029 0.0103124427 0.00101998448
v -0.0389763992 0.00994141027 0.00101998448
v -0.0391124096 0.00943238754 0.00101998448
v -0.0391124096 0.00942636747 0.0314219892
v -0.0389763992 0.00993437879 0.0314230025
v -0.0391124096 0.00959838647 0.030182004
v -0.0389763992 0.010087383 0.0303199887
v -0.0386044029 0.0104454234 0.0304209888
v -0.0386044029 0.010306363 0.0314230025
v -0.0380964521 0.0104394648 0.0447079837
v -0.0197344106 0.0102724545 0.0448628962
v -0.0194784123 0.00991238561 0.0451189876
v -0.019854391 0.00991238561 0.0454959869
v -0.0202654321 0.00992841832 0.0455879867
v -0.0201103911 0.0102724545 0.0452390015
v -0.0202654321 0.0102994544 0.0452159941
v -0.0391124096 0.00942440238 0.0447079837
v -0.0389784221 0.009929372 0.0447079837
v -0.0386014227 0.010305414 0.0447079837
v -0.0380964521 0.00942338817 0.0457240045
v -0.0380964521 0.00993139949 0.0455879867
v -0.0380964521 0.0103034442 0.0452159941
v -0.0386044029 0.00942338817 0.0455879867
v -0.0386084002 -0.00937245879 0.0455839932
v -0.0389763992 0.00942440238 0.0452159941
v -0.0389803927 -0.00937245879 0.0452120006
v -0.0388844293 0.0098353764 0.0452010036
v -0.0386274103 0.00957842078 0.0455609858
v -0.0382514317 0.00995440595 0.0455609858
v -0.0385074299 0.0102114147 0.0452010036
v -0.0386314113 -0.00952647626 0.0455569923
v -0.0388884228 -0.00978349149 0.04519701
v -0.0385114197 -0.0101594757 0.04519701
v -0.0382554214 -0.00990347564 0.0455569923
v -0.0193844121 0.00993437786 0.00101998448
v -0.0197604019 0.0103104226 0.00101998448
v -0.0202654321 0.0104454225 0.00101998448
v -0.0202654321 0.00942940637 3.9935112e-06
v -0.0202654321 0.00993741769 0.000140011311
v -0.0201114099 0.00996042415 0.000167995691
v -0.0202654321 0.0103094624 0.000512003899
v -0.019854391 0.0102163628 0.000526994467
v -0.0194784123 0.0098403804 0.000526994467
v -0.0193863809 0.00942940637 0.000512003899
v -0.0197344106 0.00958437845 0.000167995691
v -0.0197574217 0.00942940637 0.000140011311
v -0.0380964521 0.00943238754 3.9935112e-06
v -0.0380964521 0.00994141027 0.000140011311
v -0.0380964521 0.0103124427 0.000512003899
v -0.0193894207 -0.00936649926 0.000508010387
v -0.0197614115 -0.00936649926 0.000135987997
v -0.0202694219 -0.00936649926 0
v -0.0193884019 -0.00987248309 0.00101599097
v -0.0197645109 -0.0102484077 0.00101599097
v -0.0202694219 -0.0103825172 0.00101599097
v -0.0381004494 -0.0103815077 0.0143019855
v -0.0381004494 -0.0105154971 0.0152669847
v -0.0391164105 -0.0111444965 0.0266849995
v -0.0389843825 -0.0116205066 0.0268470049
v -0.0386113804 -0.0119755063 0.0269689858
v -0.0386123899 -0.0125825265 0.0242519975
v -0.0386123899 -0.0125825265 0.0214678943
v -0.0386113804 -0.0119744977 0.0187509954
v -0.0386113804 -0.0107884873 0.0162310004
v -0.0389834326 -0.0104675079 0.0164279938
v -0.0389843825 -0.0116184764 0.0188719928
v -0.0391164105 -0.0111434869 0.0190348923
v -0.0391174201 -0.0117084766 0.0215640068
v -0.0389843825 -0.0122085065 0.0215089917
v -0.0391174201 -0.0117094964 0.0241560042
v -0.0389843825 -0.0122085065 0.0242109895
v -0.0391164105 -0.0100394879 0.016689986
v -0.0391164105 -0.00953750592 0.0155428946
v -0.0389803927 -0.0100264978 0.0154049993
v -0.0386084002 -0.0103844879 0.0153039992
v -0.0386084002 -0.0102454871 0.0143019855
v -0.0389803927 -0.00987349637 0.0143019855
v -0.0391164105 -0.00936548691 0.0143019855
v -0.0391164105 -0.00936345942 0.00101599097
v -0.0386274103 0.0102854427 0.000865995884
v -0.0382514317 0.0102854427 0.000488996506
v -0.0385074299 0.00992537756 0.000232994556
v -0.0386014227 0.00943340082 0.000138998032
v -0.0388844293 0.00992537756 0.000608891249
v -0.0389784221 0.00943340082 0.000514894724
v -0.0381004494 -0.0103794774 0.00101599097
v -0.0381004494 -0.00936345942 0
v -0.0202694219 -0.0102464976 0.000508010387
v -0.019858392 -0.0101544075 0.000523000956
v -0.0194825213 -0.00977848656 0.000523000956
v -0.0197384004 -0.00952147134 0.00016400218
v -0.0201155208 -0.00989751704 0.00016400218
v -0.0202694219 -0.00987451058 0.000135987997
v -0.0386084002 -0.00936250668 0.000135987997
v -0.0389803927 -0.00936250668 0.000508010387
v -0.0381004494 -0.00987141021 0.000135987997
v -0.0381004494 -0.0102433972 0.000508010387
v -0.0386064295 -0.0102445278 0.00101599097
v -0.0389824193 -0.00986849051 0.00101599097
v -0.0386314113 -0.00951747876 0.00016400218
v -0.0388884228 -0.00977449305 0.000523000956
v -0.0385114197 -0.0101504773 0.000523000956
v -0.0382554214 -0.00989340432 0.00016400218
v -0.0149355251 -0.00890047755 0.762308896
v -0.0149355251 -0.00760842767 0.765507907
v -0.0149355251 -0.00890047755 0.758857906
v -0.0149355251 -0.00760646071 0.755658984
v -0.0149343926 -0.00521244062 0.767990887
v -0.0149343926 -0.00520945992 0.753176987
v -0.0149343926 -0.00205643382 0.751773894
v -0.0149343926 -0.00205947319 0.769394904
v -0.0149333794 -2.54978058e-05 0.769626886
v -0.0149333794 -2.24985961e-05 0.751542985
v -0.0149333794 0.00200842391 0.769395888
v -0.0149333794 0.00201140321 0.751774907
v -0.0149324257 0.00516043557 0.767992884
v -0.0149324257 0.00516341627 0.753178895
v -0.0149324257 0.00755845057 0.765510887
v -0.0149314124 0.00885145273 0.762311906
v -0.0149314124 0.00885240734 0.758861005
v -0.0149324257 0.00756041612 0.755661905
v -0.00134244747 -2.84978069e-05 0.769626886
v -0.00137445517 0.00145344494 0.769504905
v -0.00144145079 0.00289945281 0.769140899
v -0.00146243162 0.00341944373 0.768944889
v -0.00147143193 0.00392942177 0.768715888
v -0.00147047825 0.00515745534 0.767992884
v -0.00147047825 0.0058234185 0.767479897
v -0.00147047825 0.00735144364 0.765812904
v -0.00145945139 0.00755642354 0.76550889
v -0.00133958645 0.00805442128 0.764640898
v -0.00132844038 0.00808344688 0.764583886
v -0.00126847811 0.00821743812 0.764297903
v -0.00102546997 0.00860141218 0.763289899
v -0.000972481444 0.00866441429 0.763078898
v -0.000794442371 0.00884841289 0.762315899
v -0.000662477687 0.00895945728 0.761585891
v -0.000596435741 0.00901041925 0.760286003
v -0.000779481605 0.00886241999 0.758929998
v -0.00117758103 0.00838540401 0.757268906
v -0.00142649002 0.0077624172 0.755993009
v -0.00145945139 0.0075584501 0.755661905
v -0.00147047825 0.00735341012 0.755360007
v -0.00147047825 0.00606141891 0.753899992
v -0.00147047825 0.00516144931 0.753178895
v -0.00147047825 0.00410543289 0.7525419
v -0.00147143193 0.00186245108 0.751742005
v -0.00147143193 -2.54985953e-05 0.751542985
v -0.00110647269 0.00742642535 0.765865892
v -0.0012824852 0.00808142219 0.764590889
v -0.000988455489 0.00813244283 0.764669895
v -0.000888438895 0.00860445108 0.76332289
v -0.000609489158 0.00869743526 0.763415903
v -0.000447483733 0.00895742979 0.761996895
v -0.000126453117 0.0091714114 0.760965884
v -0.000207455829 0.0091034025 0.759124011
v -0.000453444198 0.00894944277 0.759108007
v -0.00061747618 0.00868241396 0.757689893
v -0.000895472243 0.00858645141 0.757784903
v -0.000990482047 0.00810740795 0.756439984
v -0.00128343888 0.0080524534 0.756520003
v -0.00110647269 0.00742845191 0.7553069
v -0.000931473449 0.00753544224 0.755230904
v -0.000754447654 0.00826643314 0.756318986
v -0.00080046244 0.00767843425 0.755129993
v -0.000672431663 0.00830243528 0.755687892
v -0.000708432868 0.0079754442 0.754920006
v -0.000459583476 0.00880943239 0.757344902
v -0.000298472121 0.00901339948 0.762758911
v -0.00059744902 0.00854240358 0.764796883
v -0.000749440864 0.00828741491 0.764790893
v -0.000708432868 0.00797240529 0.766252905
v -0.00080046244 0.00767640769 0.766042888
v -0.000931473449 0.00753341662 0.765941888
v -0.000708432868 0.00631640851 0.768060893
v -0.00080046244 0.00608043373 0.76778391
v -0.000709446147 0.00426243246 0.769400895
v -0.000801475719 0.00410340773 0.769073904
v -0.000932486728 0.0040263976 0.768916905
v -0.00110748596 0.00588242663 0.767549902
v -0.00110748596 0.00396941556 0.768798888
v -0.000968487933 0.00297044287 0.769290894
v -0.000924440101 0.00298444973 0.769325882
v -0.00068548508 0.00314645469 0.769769907
v -0.000708432868 0.00797240529 0.766326904
v -0.000708432868 0.00783441961 0.767168909
v -0.000708432868 0.00749342144 0.76786691
v -0.000708432868 0.00683443248 0.768585891
v -0.000708432868 0.00617043674 0.769004911
v -0.000708432868 0.00611941563 0.769028902
v -0.000708432868 0.00458244979 0.769391894
v 0.00259241275 0.00314442907 0.772675991
v 0.00259241275 0.00321643101 0.772675991
v 0.00181051902 0.00314442907 0.772581995
v 0.00249054842 0.00458644424 0.772509992
v 0.00158652477 0.00432942808 0.772426903
v 0.00127556734 0.00546942698 0.772045791
v 0.000222412869 0.00504539907 0.771499008
v 0.000108567998 0.00608943403 0.771057785
v -0.000514479354 0.00564645324 0.770240903
v -0.000536473468 0.00654940261 0.769796908
v -0.000553580001 0.00736044347 0.769156903
v -0.000567587093 0.00801239908 0.768330902
v -5.64772636e-05 0.00792740285 0.769594908
v -0.000114472583 0.00858543906 0.768598884
v 0.00068041496 0.00836740527 0.769744903
v 0.000557510182 0.00896941219 0.768663883
v 0.00114956312 0.0089054564 0.769001901
v 0.000904528424 0.00935344398 0.767665893
v 0.000479547307 0.00933645666 0.76748991
v 0.000816551968 0.00949643645 0.766326904
v 8.85408372e-05 0.00931243598 0.766326904
v -0.000150473788 0.00900243316 0.767473906
v -0.000523479655 0.00870041642 0.766326904
v -0.000575574115 0.00844244659 0.767350882
v 0.00148656778 0.00817941222 0.770196885
v 0.000838546082 0.00755243003 0.770692885
v 0.00170442276 0.00763540016 0.770816982
v 0.0018705409 0.00717441784 0.771234989
v 0.0010325592 0.00656645 0.771467
v 0.00223251991 0.00593344914 0.772031903
v 1.75517052e-05 0.00707642781 0.770422906
v -0.00048747845 0.0047254418 0.770505905
v 0.000367550179 0.00403945195 0.771782011
v 0.00112041645 0.00314544188 0.772329986
v 0.000473527238 0.00314544188 0.77190581
v -0.000180574134 0.00314544188 0.771165997
v -0.000453444198 0.00386844575 0.770647883
v -0.000428469852 0.00314544188 0.770705909
v -0.000870438293 0.00150243996 0.769690901
v -0.000642450526 0.0019604417 0.770033896
v -0.000604482368 -2.94977799e-05 0.770198882
v -0.000881584361 -2.84977996e-05 0.769782901
v -0.000620456412 -0.00125242607 0.770135909
v -0.000870438293 -0.0015604631 0.769689888
v -0.000686438754 -0.00320346514 0.769768894
v -0.000923486426 -0.00304247322 0.769326895
v -0.000996442512 -0.00302047911 0.769270897
v -0.00137546845 -0.00151045504 0.769504905
v -0.00144347735 -0.00295646326 0.769138902
v -0.000181587413 -0.00320447818 0.771164894
v -0.000429483131 -0.00320447818 0.770704985
v 0.000471560284 -0.00320447818 0.771904886
v 0.00111952238 -0.00320447818 0.772327811
v 0.00180956535 -0.00320543186 0.772581011
v 0.00259151869 -0.00320543186 0.772675008
v -0.000710459426 -0.00432045665 0.769399911
v -0.000802488998 -0.00416047731 0.76907289
v -0.000933440402 -0.00408448139 0.768914908
v -0.00110945292 -0.00402642647 0.768796891
v -0.00146457739 -0.00347645418 0.768942893
v -0.0014724452 -0.00398643222 0.768713892
v -0.0014724452 -0.00521446625 0.767990887
v -0.00147357769 -0.00587947527 0.7674779
v -0.00147357769 -0.00740744034 0.765809894
v -0.00146243162 -0.0076114675 0.765507907
v -0.00142947026 -0.00781644695 0.765176892
v -0.00118044205 -0.00843943562 0.763899893
v -0.000782581046 -0.0089164516 0.76223889
v -0.000599475577 -0.00906444993 0.760883987
v -0.000666471198 -0.00901342928 0.75958389
v -0.000797482207 -0.0089024445 0.758854002
v -0.000976474956 -0.00871844497 0.758091003
v -0.00102845021 -0.00865544286 0.757880002
v -0.00127157755 -0.00827146973 0.756871998
v -0.00133148022 -0.00813646615 0.756585896
v -0.00134244747 -0.00810845196 0.756529003
v -0.00146243162 -0.00761045469 0.755659997
v -0.00147357769 -0.00740446104 0.755356997
v -0.00147357769 -0.00611247076 0.753896892
v -0.0014724452 -0.00521142688 0.753176987
v -0.0014724452 -0.00415547192 0.752539992
v -0.0014724452 -0.00191344286 0.751740992
v -0.000711472705 -0.00802947395 0.766249895
v -0.000803442672 -0.00773246447 0.766039908
v -0.0006754715 -0.00835646503 0.765481889
v -0.000757487491 -0.00832046382 0.764850885
v -0.000462444499 -0.008863464 0.76382491
v -0.000621469691 -0.00873644557 0.763479888
v -0.00021144934 -0.00915743411 0.76204589
v -0.000457437709 -0.00900347531 0.762061894
v -0.000899584964 -0.00864048302 0.763384908
v -0.000993581489 -0.00816143863 0.764729887
v -0.00128647871 -0.00810648408 0.764649898
v -0.00110945292 -0.00748248352 0.765862882
v -0.000934453681 -0.00758947339 0.765938908
v -0.000130446628 -0.00922544301 0.760205001
v -0.000450463966 -0.00901146233 0.759173006
v -0.000613482669 -0.00875248015 0.757753998
v -0.000892432407 -0.00865848269 0.757846892
v -0.000991435722 -0.00818647351 0.756500006
v -0.00128647871 -0.00813443866 0.756578982
v -0.00110945292 -0.00748045696 0.755304009
v -0.000934453681 -0.00758744683 0.755227983
v -0.000753434375 -0.00834144559 0.756379008
v -0.000803442672 -0.00773043884 0.755126894
v -0.000711472705 -0.00802643597 0.754916906
v -0.000601442531 -0.00859643519 0.756372988
v -0.000301452354 -0.00906743109 0.758410007
v -0.00110945292 -0.00593943847 0.767547905
v -0.000803442672 -0.00613744464 0.7677809
v -0.000711472705 -0.0063734795 0.768058896
v -0.000711472705 -0.00802947395 0.766323894
v -0.000711472705 -0.00799347274 0.766750902
v -0.000711472705 -0.00789142959 0.767165899
v -0.000711472705 -0.00731946435 0.768168896
v -0.000711472705 -0.00689245621 0.76858291
v -0.000711472705 -0.00605244841 0.769081891
v -0.000710459426 -0.00463946024 0.769389898
v -0.000526459888 -0.0087564718 0.766323894
v -0.000579448417 -0.00849844422 0.767347902
v -0.000570448115 -0.00807048194 0.768326908
v -0.000556441024 -0.00741846766 0.769153893
v -0.000538440421 -0.00660742726 0.769793898
v -0.000517459586 -0.00570447603 0.770237893
v -0.000489445403 -0.00478346506 0.770503908
v -0.000455470756 -0.00392748276 0.770646006
v 0.0003665369 -0.00409842888 0.771779895
v 0.00158455782 -0.00438846508 0.77242589
v 0.00250252895 -0.00454343716 0.772531986
v 0.00225755386 -0.0058794748 0.772082984
v 0.00127354078 -0.0055294768 0.77204299
v 0.00103041343 -0.00662542693 0.77146399
v 0.000105528161 -0.00614847103 0.771054983
v 1.45118684e-05 -0.00713445107 0.770419896
v -6.04707748e-05 -0.00798542704 0.769591898
v -0.000117452815 -0.00864244904 0.768594891
v -0.000154586509 -0.00905944314 0.767469883
v 8.55606049e-05 -0.00936843269 0.766322911
v 0.000475553796 -0.00939346664 0.7674869
v 0.000812558457 -0.00955344643 0.766322911
v 0.000812558457 -0.00955344643 0.766395897
v 0.000914422795 -0.00938744657 0.767765909
v 0.000553516671 -0.00902743451 0.76865989
v 0.00117251091 -0.00890947692 0.769111902
v 0.000676540658 -0.0084254276 0.769741893
v 0.00153651647 -0.00811244361 0.7703529
v 0.00083556585 -0.00761146704 0.770689785
v 0.00170156173 -0.00769443717 0.770813882
v 0.0019205492 -0.00707442919 0.771357894
v 0.000220565125 -0.00510443607 0.771496892
v 0.0295165349 0.00313942204 0.772675991
v 0.0295155291 -0.00321043888 0.772675008
v 0.0295175631 0.0051014279 0.772365987
v 0.0295175631 0.00687240111 0.77146399
v 0.0295175631 0.00762944017 0.770816982
v 0.0295175631 0.00827740226 0.7700589
v 0.0295185689 0.00917939935 0.76828891
v 0.0295185689 0.00949041639 0.766326904
v 0.0319825727 0.00313840783 0.77235201
v 0.0319015551 0.0051014279 0.77205199
v 0.031668568 0.00687144697 0.771180987
v 0.0313055236 0.00827644765 0.769823909
v 0.0308475066 0.00917939935 0.768113911
v 0.0303395558 0.00949041639 0.766218901
v 0.0311055351 0.00949041639 0.765901893
v 0.0320865232 0.00917939935 0.767600894
v 0.0331505183 0.00917844474 0.766784906
v 0.032971533 0.00827644765 0.769133896
v 0.0344025064 0.00827644765 0.768035889
v 0.0336735491 0.00687144697 0.77034989
v 0.0353955273 0.0068714465 0.769028902
v 0.0341245178 0.00510041509 0.771131009
v 0.0360325146 0.00510041462 0.76966691
v 0.0362525154 0.00313840783 0.769885898
v 0.0377655271 0.00313840783 0.767912894
v 0.0374965239 0.00510041462 0.767758906
v 0.038316505 0.0031384076 0.766795903
v 0.0384175349 0.00510142744 0.765535891
v 0.0387175251 0.0031384076 0.76561591
v 0.0390415359 0.00313942158 0.763150901
v 0.0387315396 0.00510142744 0.763150901
v 0.0375465397 0.0068714465 0.765302896
v 0.0378295351 0.00687240064 0.763151884
v 0.0371825267 0.0076294397 0.763151884
v 0.0361895207 0.00827644765 0.764939904
v 0.0364255477 0.00827740133 0.763151884
v 0.0351235438 0.00900642481 0.763151884
v 0.0344804171 0.00917939842 0.764481902
v 0.034655543 0.00917939842 0.763151884
v 0.0326935295 0.00949041545 0.763151884
v 0.0325845052 0.00949041545 0.763973892
v 0.0322675277 0.00949041639 0.764739901
v 0.0339675192 0.00917939935 0.765720904
v 0.0354994182 0.00827644765 0.766605884
v 0.0367165376 0.0068714465 0.767307907
v 0.0317635182 0.00949041639 0.765396893
v 0.0342795495 0.00313840783 0.771400005
v 0.0331615377 0.00313840783 0.771950901
v 0.0326935295 0.00949244108 0.753068984
v 0.000816551968 0.00949941482 0.753068984
v 8.85408372e-05 0.00931440201 0.753068984
v -0.000523479655 0.00870244112 0.753068
v -0.000708432868 0.0079754442 0.753068
v -0.000708432868 0.00657443609 0.753335893
v -0.00080046244 0.00632940233 0.753605008
v -0.00110647269 0.00612340821 0.753830999
v -0.00110748596 0.00414745416 0.752460003
v -0.00110158511 0.00243340409 0.751783997
v -0.00121048279 0.00169144513 0.751661003
v -0.001395436 0.000470501109 0.751551986
v -0.000972481444 0.00334344711 0.751993895
v -0.000827463344 0.0045034131 0.752352893
v -0.000708432868 0.00626741303 0.753068
v 0.00081541948 0.00873742905 0.751749009
v 0.00081541948 0.0079754442 0.751543999
v 0.000199524686 0.00871442165 0.751886904
v 5.75464219e-05 0.0079754442 0.751745999
v -0.000365586951 0.00871442165 0.752451003
v -0.000506432727 0.0079754442 0.752310008
v 1.95186585e-05 0.00925342739 0.752835989
v 0.000583557412 0.00925342739 0.752271891
v 0.000816551968 0.00929544773 0.752305984
v -0.000605436042 0.00626741303 0.752516985
v -0.000523479655 0.00626741303 0.752341002
v -0.000267477706 0.00626741303 0.751996011
v 8.85408372e-05 0.00626741303 0.751728892
v 0.00081541948 0.00626741303 0.751543999
v -0.00105443783 0.000735501118 0.751542985
v -0.000726433471 0.00134943414 0.751542985
v -0.000724585727 0.00143842306 0.751542985
v -0.000689478591 0.00142143609 0.751542985
v 1.15316361e-05 0.00289140618 0.751542985
v -0.000547440723 0.00316445506 0.751675904
v 1.15316361e-05 0.0029284202 0.751542985
v 1.5180558e-06 0.00467841327 0.751664996
v 8.75275582e-05 0.00307343807 0.751542985
v 0.000578550622 0.00453041401 0.751542985
v 0.000652519986 0.00484244525 0.751543999
v -0.000493438914 0.0048054303 0.752018988
v 2.45254487e-05 0.00292240013 0.751542985
v 0.0326925237 0.00796942413 0.751543999
v 0.0326925237 0.00873045623 0.751749009
v 0.0326935295 0.00928841531 0.752305984
v 0.0341845397 0.00773243513 0.751543999
v 0.0344175268 0.00844942033 0.751744002
v 0.0355295185 0.0070464462 0.751543999
v 0.0359725598 0.00765644014 0.751744002
v 0.0365965534 0.00597845018 0.751543999
v 0.0372065473 0.00642143097 0.751742899
v 0.0372814182 0.0046334113 0.751542985
v 0.0379985142 0.00486640632 0.751742899
v 0.0382715706 0.0031414472 0.751742899
v 0.0382795576 0.0031414472 0.751746893
v 0.0385345537 0.00503943814 0.752301008
v 0.0388355497 0.0031414472 0.752301008
v 0.0388375241 0.0031414472 0.752305001
v 0.0387315396 0.00510345306 0.753068
v 0.0390415359 0.0031414472 0.753066897
v 0.0375175048 0.00314240111 0.751542985
v 0.0385585744 0.00557140913 0.753068
v 0.0376625303 0.00675241603 0.752301991
v 0.0378295351 0.00687341299 0.753068
v 0.0371825267 0.00763140619 0.753068
v 0.036303537 0.00811241474 0.752301991
v 0.0364255477 0.00827942695 0.753068
v 0.0351235438 0.0090084523 0.753068
v 0.0345915202 0.00898544397 0.752301991
v 0.034655543 0.00918142404 0.753068
v 0.0390405301 -0.00320847286 0.753066003
v 0.0390405301 -0.00321043935 0.763149887
v 0.0388365556 -0.00320847286 0.752303898
v 0.0388335157 -0.00320847286 0.752299905
v 0.0382785369 -0.00320847286 0.751745999
v 0.0382705573 -0.00320847286 0.751740992
v 0.0375165585 -0.00320745981 0.751542002
v 0.0319804195 -0.00321145216 0.772349894
v 0.0331605244 -0.00321145216 0.771949887
v 0.0342784245 -0.00321145216 0.771398783
v 0.0362505633 -0.00321145216 0.769884884
v 0.0377645064 -0.00321145216 0.767911911
v 0.0383155588 -0.00321145239 0.76679489
v 0.038715573 -0.00321145239 0.765614897
v 0.0295155291 -0.00517244497 0.772363782
v 0.0318994243 -0.00517345779 0.772049785
v 0.0341225434 -0.00517345779 0.771128893
v 0.0360305477 -0.00517345825 0.769664884
v 0.037494557 -0.00517345825 0.767755896
v 0.0384155232 -0.00517345825 0.765533894
v 0.0387295056 -0.00517244544 0.763148904
v 0.0375435594 -0.00694347825 0.765299886
v 0.0378275234 -0.00694246544 0.763148904
v 0.0371795464 -0.00770045724 0.763148904
v 0.0361865405 -0.00834746473 0.764935911
v 0.0364215542 -0.00834746566 0.763148904
v 0.0351195578 -0.00907643046 0.763148904
v 0.0344765354 -0.00924946275 0.764477909
v 0.0346515346 -0.00924946275 0.763148904
v 0.0326894242 -0.0095594665 0.763147891
v 0.0325815249 -0.0095594665 0.763969898
v 0.0322635341 -0.00955946557 0.764735907
v 0.0339635331 -0.00924946181 0.76571691
v 0.0317595173 -0.00955946557 0.765393883
v 0.0331465174 -0.00924946181 0.766780883
v 0.0320825148 -0.00924946181 0.7675969
v 0.0343985204 -0.00834746473 0.768032908
v 0.0329685528 -0.00834746473 0.769130886
v 0.0353925545 -0.00694347825 0.769026905
v 0.0336705688 -0.00694347778 0.770347893
v 0.031666534 -0.00694347778 0.771177888
v 0.0295145232 -0.00694246497 0.771460891
v 0.0295145232 -0.00770045677 0.770813882
v 0.0313024241 -0.00834746473 0.769820899
v 0.0308435205 -0.00924946181 0.768110901
v 0.031101549 -0.00955946557 0.7658979
v 0.0303355698 -0.00955946557 0.766214907
v 0.0295145232 -0.00955946557 0.766322911
v 0.0295145232 -0.00924946181 0.7682859
v 0.0295145232 -0.00834746473 0.77005589
v 0.0367135573 -0.00694347825 0.767304897
v 0.0354965571 -0.00834746473 0.76660189
v 0.0387295056 -0.00517047895 0.753066003
v 0.0385565404 -0.00563843502 0.75306499
v 0.0378275234 -0.00694043888 0.75306499
v 0.0371795464 -0.00769843068 0.75306499
v 0.0364215542 -0.00834544003 0.75306499
v 0.0351195578 -0.00907446351 0.75306499
v 0.0346515346 -0.00924648251 0.75306499
v 0.0326894242 -0.00955743995 0.75306499
v 0.000812558457 -0.00955046713 0.75306499
v 0.0372795705 -0.00469948305 0.751542002
v 0.0379965473 -0.00493247807 0.751740992
v 0.0372035075 -0.00648744404 0.751740992
v 0.0385325197 -0.00510646403 0.752298892
v 0.0376595501 -0.00681944191 0.752298892
v 0.0363005567 -0.00817842688 0.752298892
v 0.0345875341 -0.00905044284 0.752298892
v 0.0326894242 -0.00935043395 0.752298892
v 0.0365945268 -0.00604446186 0.751540899
v 0.03596952 -0.007721439 0.751740009
v 0.0355264191 -0.00711144507 0.751540899
v 0.0344135407 -0.00851447787 0.751740009
v 0.0341805536 -0.00779743493 0.751540899
v 0.0326894242 -0.00878645387 0.751740009
v 0.0326894242 -0.00803346932 0.751540899
v 0.000812558457 -0.00934846699 0.752306998
v 0.000812558457 -0.00878442824 0.751742899
v 0.000812558457 -0.00802643597 0.751540899
v 8.55606049e-05 -0.00936545432 0.75306499
v -0.000526459888 -0.00875343289 0.75306499
v -0.000711472705 -0.00802643597 0.75306499
v -0.00116047449 -0.00208248198 0.751710892
v -0.00110945292 -0.00419844594 0.752458006
v -0.00110945292 -0.00617446005 0.753829002
v -0.000803442672 -0.00638146698 0.753601998
v -0.000711472705 -0.00662542786 0.753333002
v -0.000711472705 -0.00631846394 0.75306499
v -0.000715585425 -0.00604547467 0.752943993
v -0.00078943558 -0.00493146386 0.752487898
v -0.000881584361 -0.0041064769 0.752200902
v -0.000973435119 -0.00339443889 0.751993001
v 0.000812558457 -0.00631846394 0.751540899
v 0.000785557553 -0.00575746596 0.751540899
v 0.000584511086 -0.0046124598 0.751542002
v 0.00049754791 -0.00429244293 0.751542002
v 2.35121697e-05 -0.00297345198 0.751542002
v -0.000192435458 -0.00248445501 0.751542002
v -0.000715585425 -0.00142247893 0.751542002
v -0.000608475879 -0.00631846394 0.752514005
v -0.000526459888 -0.00802643597 0.752337992
v -0.000526459888 -0.00631846394 0.752337992
v -0.000270577148 -0.00631846394 0.751993001
v 8.55606049e-05 -0.00802643597 0.751726002
v 8.55606049e-05 -0.00631846394 0.751726002
v -0.000465484336 -0.00882346928 0.752833009
v 7.25667924e-05 -0.00920744147 0.752447903
v 7.35204667e-05 -0.00864346325 0.751883984
v -0.000465484336 -0.00825847592 0.752267897
v -4.48897481e-07 -0.00472946372 0.751662999
v -0.00054958649 -0.00321443286 0.751673996
v -0.000725479797 -0.0014894749 0.751542985
v -0.000495584682 -0.00485546794 0.752016902
vt 0 0
vt 1 0
vt 1 1
vt 0 0
vt 1 0
vt 1 1
vt 0 0
vt 1 0
vt 1 1
vt 0 0
vt 1 0
vt 1 1
vt 0 0
vt 1 0
vt 1 1
vt 0 0
vt 1 0
vt 1 1
vt 0 0
vt 1 0
vt 1 1
vt 0 0
vt 1 0
vt 1 1
vt 0 0
vt 1 0
vt 1 1
vt 0 0
vt 1 0
vt 1 1
vt 0 0
vt 1 0
vt 1 1
vt 0 0
vt 1 0
vt 1 1
vt 0 0
vt 1 0
vt 1 1
vt 0 0
vt 1 0
vt 1 1
vt 0 0
vt 1 0
vt 1 1
vt 0 0
vt 1 0
vt 1 1
vt 0 0
vt 1 0
vt 1 1
vt 0 0
vt 1 0
vt 1 1
vt 0 0
vt 1 0
vt 1 1
vt 0 0
vt 1 0
vt 1 1
vt 0 0
vt 1 0
vt 1 1
vt 0 0
vt 1 0
vt 1 1
vt 0 0
vt 1 0
vt 1 1
vt 0 0
vt 1 0
vt 1 1
vt 0 0
vt 1 0
vt 1 1
vt 0 0
vt 1 0
vt 1 1
vt 0 0
vt 1 0
vt 1 1
vt 0 0
vt 1 0
vt 1 1
vt 0 0
vt 1 0
vt 1 1
vt 0 0
vt 1 0
vt 1 1
vt 0 0
vt 1 0
vt 1 1
vt 0 0
vt 1 0
vt 1 1
vt 0 0
vt 1 0
vt 1 1
vt 0 0
vt 1 0
vt 1 1
vt 0 0
vt 1 0
vt 1 1
vt 0 0
vt 1 0
vt 1 1
vt 0 0
vt 1 0
vt 1 1
vt 0 0
vt 1 0
vt 1 1
vt 0 0
vt 1 0
vt 1 1
vt 0 0
vt 1 0
vt 1 1
vt 0 0
vt 1 0
vt 1 1
vt 0 0
vt 1 0
vt 1 1
vt 0 0
vt 1 0
vt 1 1
vt 0 0
vt 1 0
vt 1 1
vt 0 0
vt 1 0
vt 1 1
vt 0 0
vt 1 0
vt 1 1
vt 0 0
vt 1 0
vt 1 1
vt 0 0
vt 1 0
vt 1 1
vt 0 0
vt 1 0
vt 1 1
vt 0 0
vt 1 0
vt 1 1
vt 0 0
vt 1 0
vt 1 1
vt 0 0
vt 1 0
vt 1 1
vt 0 0
vt 1 0
vt 1 1
vt 0 0
vt 1 0
vt 1 1
vt 0 0
vt 1 0
vt 1 1
vt 0 0
vt 1 0
vt 1 1
vt 0 0
vt 1 0
vt 1 1
vt 0 0
vt 1 0
vt 1 1
vt 0 0
vt 1 0
vt 1 1
vt 0 0
vt 1 0
vt 1 1
vt 0 0
vt 1 0
vt 1 1
vt 0 0
vt 1 0
vt 1 1
vt 0 0
vt 1 0
vt 1 1
vt 0 0
vt 1 0
vt 1 1
vt 0 0
vt 1 0
vt 1 1
vt 0 0
vt 1 0
vt 1 1
vt 0 0
vt 1 0
vt 1 1
vt 0 0
vt 1 0
vt 1 1
vt 0 0
vt 1 0
vt 1 1
vt 0 0
vt 1 0
vt 1 1
vt 0 0
vt 1 0
vt 1 1
vt 0 0
vt 1 0
vt 1 1
vt 0 0
vt 1 0
vt 1 1
vt 0 0
vt 1 0
vt 1 1
vt 0 0
vt 1 0
vt 1 1
vt 0 0
vt 1 0
vt 1 1
vt 0 0
vt 1 0
vt 1 1
vt 0 0
vt 1 0
vt 1 1
vt 0 0
vt 1 0
vt 1 1
vt 0 0
vt 1 0
vt 1 1
vt 0 0
vt 1 0
vt 1 1
vt 0 0
vt 1 0
vt 1 1
vt 0 0
vt 1 0
vt 1 1
vt 0 0
vt 1 0
vt 1 1
vt 0 0
vt 1 0
vt 1 1
vt 0 0
vt 1 0
vt 1 1
vt 0 0
vt 1 0
vt 1 1
vt 0 0
vt 1 0
vt 1 1
vt 0 0
vt 1 0
vt 1 1
vt 0 0
vt 1 0
vt 1 1
vt 0 0
vt 1 0
vt 1 1
vt 0 0
vt 1 0
vt 1 1
vt 0 0
vt 1 0
vt 1 1
vt 0 0
vt 1 0
vt 1 1
vt 0 0
vt 1 0
vt 1 1
vt 0 0
vt 1 0
vt 1 1
vt 0 0
vt 1 0
vt 1 1
vt 0 0
vt 1 0
vt 1 1
vt 0 0
vt 1 0
vt 1 1
vt 0 0
vt 1 0
vt 1 1
vt 0 0
vt 1 0
vt 1 1
vt 0 0
vt 1 0
vt 1 1
vt 0 0
vt 1 0
vt 1 1
vt 0 0
vt 1 0
vt 1 1
vt 0 0
vt 1 0
vt 1 1
vt 0 0
vt 1 0
vt 1 1
vt 0 0
vt 1 0
vt 1 1
vt 0 0
vt 1 0
vt 1 1
vt 0 0
vt 1 0
vt 1 1
vt 0 0
vt 1 0
vt 1 1
vt 0 0
vt 1 0
vt 1 1
vt 0 0
vt 1 0
vt 1 1
vt 0 0
vt 1 0
vt 1 1
vt 0 0
vt 1 0
vt 1 1
vt 0 0
vt 1 0
vt 1 1
vt 0 0
vt 1 0
vt 1 1
vt 0 0
vt 1 0
vt 1 1
vt 0 0
vt 1 0
vt 1 1
vt 0 0
vt 1 0
vt 1 1
vt 0 0
vt 1 0
vt 1 1
vt 0 0
vt 1 0
vt 1 1
vt 0 0
vt 1 0
vt 1 1
vt 0 0
vt 1 0
vt 1 1
vt 0 0
vt 1 0
vt 1 1
vt 0 0
vt 1 0
vt 1 1
vt 0 0
vt 1 0
vt 1 1
vt 0 0
vt 1 0
vt 1 1
vt 0 0
vt 1 0
vt 1 1
vt 0 0
vt 1 0
vt 1 1
vt 0 0
vt 1 0
vt 1 1
vt 0 0
vt 1 0
vt 1 1
vt 0 0
vt 1 0
vt 1 1
vt 0 0
vt 1 0
vt 1 1
vt 0 0
vt 1 0
vt 1 1
vt 0 0
vt 1 0
vt 1 1
vt 0 0
vt 1 0
vt 1 1
vt 0 0
vt 1 0
vt 1 1
vt 0 0
vt 1 0
vt 1 1
vt 0 0
vt 1 0
vt 1 1
vt 0 0
vt 1 0
vt 1 1
vt 0 0
vt 1 0
vt 1 1
vt 0 0
vt 1 0
vt 1 1
vt 0 0
vt 1 0
vt 1 1
vt 0 0
vt 1 0
vt 1 1
vt 0 0
vt 1 0
vt 1 1
vt 0 0
vt 1 0
vt 1 1
vt 0 0
vt 1 0
vt 1 1
vt 0 0
vt 1 0
vt 1 1
vt 0 0
vt 1 0
vt 1 1
vt 0 0
vt 1 0
vt 1 1
vt 0 0
vt 1 0
vt 1 1
vt 0 0
vt 1 0
vt 1 1
vt 0 0
vt 1 0
vt 1 1
vt 0 0
vt 1 0
vt 1 1
vt 0 0
vt 1 0
vt 1 1
vt 0 0
vt 1 0
vt 1 1
vt 0 0
vt 1 0
vt 1 1
vt 0 0
vt 1 0
vt 1 1
vt 0 0
vt 1 0
vt 1 1
vt 0 0
vt 1 0
vt 1 1
vt 0 0
vt 1 0
vt 1 1
vt 0 0
vt 1 0
vt 1 1
vt 0 0
vt 1 0
vt 1 1
vt 0 0
vt 1 0
vt 1 1
vt 0 0
vt 1 0
vt 1 1
vt 0 0
vt 1 0
vt 1 1
vt 0 0
vt 1 0
vt 1 1
vt 0 0
vt 1 0
vt 1 1
vt 0 0
vt 1 0
vt 1 1
vt 0 0
vt 1 0
vt 1 1
vt 0 0
vt 1 0
vt 1 1
vt 0 0
vt 1 0
vt 1 1
vt 0 0
vt 1 0
vt 1 1
vt 0 0
vt 1 0
vt 1 1
vt 0 0
vt 1 0
vt 1 1
vt 0 0
vt 1 0
vt 1 1
vt 0 0
vt 1 0
vt 1 1
vt 0 0
vt 1 0
vt 1 1
vt 0 0
vt 1 0
vt 1 1
vt 0 0
vt 1 0
vt 1 1
vt 0 0
vt 1 0
vt 1 1
vt 0 0
vt 1 0
vt 1 1
vt 0 0
vt 1 0
vt 1 1
vt 0 0
vt 1 0
vt 1 1
vt 0 0
vt 1 0
vt 1 1
vt 0 0
vt 1 0
vt 1 1
vt 0 0
vt 1 0
vt 1 1
vt 0 0
vt 1 0
vt 1 1
vt 0 0
vt 1 0
vt 1 1
vt 0 0
vt 1 0
vt 1 1
vt 0 0
vt 1 0
vt 1 1
vt 0 0
vt 1 0
vt 1 1
vt 0 0
vt 1 0
vt 1 1
vt 0 0
vt 1 0
vt 1 1
vt 0 0
vt 1 0
vt 1 1
vt 0 0
vt 1 0
vt 1 1
vt 0 0
vt 1 0
vt 1 1
vt 0 0
vt 1 0
vt 1 1
vt 0 0
vt 1 0
vt 1 1
vt 0 0
vt 1 0
vt 1 1
vt 0 0
vt 1 0
vt 1 1
vt 0 0
vt 1 0
vt 1 1
vt 0 0
vt 1 0
vt 1 1
vt 0 0
vt 1 0
vt 1 1
vt 0 0
vt 1 0
vt 1 1
vt 0 0
vt 1 0
vt 1 1
vt 0 0
vt 1 0
vt 1 1
vt 0 0
vt 1 0
vt 1 1
vt 0 0
vt 1 0
vt 1 1
vt 0 0
vt 1 0
vt 1 1
vt 0 0
vt 1 0
vt 1 1
vt 0 0
vt 1 0
vt 1 1
vt 0 0
vt 1 0
vt 1 1
vt 0 0
vt 1 0
vt 1 1
vt 0 0
vt 1 0
vt 1 1
vt 0 0
vt 1 0
vt 1 1
vt 0 0
vt 1 0
vt 1 1
vt 0 0
vt 1 0
vt 1 1
vt 0 0
vt 1 0
vt 1 1
vt 0 0
vt 1 0
vt 1 1
vt 0 0
vt 1 0
vt 1 1
vt 0 0
vt 1 0
vt 1 1
vt 0 0
vt 1 0
vt 1 1
vt 0 0
vt 1 0
vt 1 1
vt 0 0
vt 1 0
vt 1 1
vt 0 0
vt 1 0
vt 1 1
vt 0 0
vt 1 0
vt 1 1
vt 0 0
vt 1 0
vt 1 1
vt 0 0
vt 1 0
vt 1 1
vt 0 0
vt 1 0
vt 1 1
vt 0 0
vt 1 0
vt 1 1
vt 0 0
vt 1 0
vt 1 1
vt 0 0
vt 1 0
vt 1 1
vt 0 0
vt 1 0
vt 1 1
vt 0 0
vt 1 0
vt 1 1
vt 0 0
vt 1 0
vt 1 1
vt 0 0
vt 1 0
vt 1 1
vt 0 0
vt 1 0
vt 1 1
vt 0 0
vt 1 0
vt 1 1
vt 0 0
vt 1 0
vt 1 1
vt 0 0
vt 1 0
vt 1 1
vt 0 0
vt 1 0
vt 1 1
vt 0 0
vt 1 0
vt 1 1
vt 0 0
vt 1 0
vt 1 1
vt 0 0
vt 1 0
vt 1 1
vt 0 0
vt 1 0
vt 1 1
vt 0 0
vt 1 0
vt 1 1
vt 0 0
vt 1 0
vt 1 1
vt 0 0
vt 1 0
vt 1 1
vt 0 0
vt 1 0
vt 1 1
vt 0 0
vt 1 0
vt 1 1
vt 0 0
vt 1 0
vt 1 1
vt 0 0
vt 1 0
vt 1 1
vt 0 0
vt 1 0
vt 1 1
vt 0 0
vt 1 0
vt 1 1
vt 0 0
vt 1 0
vt 1 1
vt 0 0
vt 1 0
vt 1 1
vt 0 0
vt 1 0
vt 1 1
vt 0 0
vt 1 0
vt 1 1
vt 0 0
vt 1 0
vt 1 1
vt 0 0
vt 1 0
vt 1 1
vt 0 0
vt 1 0
vt 1 1
vt 0 0
vt 1 0
vt 1 1
vt 0 0
vt 1 0
vt 1 1
vt 0 0
vt 1 0
vt 1 1
vt 0 0
vt 1 0
vt 1 1
vt 0 0
vt 1 0
vt 1 1
vt 0 0
vt 1 0
vt 1 1
vt 0 0
vt 1 0
vt 1 1
vt 0 0
vt 1 0
vt 1 1
vt 0 0
vt 1 0
vt 1 1
vt 0 0
vt 1 0
vt 1 1
vt 0 0
vt 1 0
vt 1 1
vt 0 0
vt 1 0
vt 1 1
vt 0 0
vt 1 0
vt 1 1
vt 0 0
vt 1 0
vt 1 1
vt 0 0
vt 1 0
vt 1 1
vt 0 0
vt 1 0
vt 1 1
vt 0 0
vt 1 0
vt 1 1
vt 0 0
vt 1 0
vt 1 1
vt 0 0
vt 1 0
vt 1 1
vt 0 0
vt 1 0
vt 1 1
vt 0 0
vt 1 0
vt 1 1
vt 0 0
vt 1 0
vt 1 1
vt 0 0
vt 1 0
vt 1 1
vt 0 0
vt 1 0
vt 1 1
vt 0 0
vt 1 0
vt 1 1
vt 0 0
vt 1 0
vt 1 1
vt 0 0
vt 1 0
vt 1 1
vt 0 0
vt 1 0
vt 1 1
vt 0 0
vt 1 0
vt 1 1
vt 0 0
vt 1 0
vt 1 1
vt 0 0
vt 1 0
vt 1 1
vt 0 0
vt 1 0
vt 1 1
vt 0 0
vt 1 0
vt 1 1
vt 0 0
vt 1 0
vt 1 1
vt 0 0
vt 1 0
vt 1 1
vt 0 0
vt 1 0
vt 1 1
vt 0 0
vt 1 0
vt 1 1
vt 0 0
vt 1 0
vt 1 1
vt 0 0
vt 1 0
vt 1 1
vt 0 0
vt 1 0
vt 1 1
vt 0 0
vt 1 0
vt 1 1
vt 0 0
vt 1 0
vt 1 1
vt 0 0
vt 1 0
vt 1 1
vt 0 0
vt 1 0
vt 1 1
vt 0 0
vt 1 0
vt 1 1
vt 0 0
vt 1 0
vt 1 1
vt 0 0
vt 1 0
vt 1 1
vt 0 0
vt 1 0
vt 1 1
vt 0 0
vt 1 0
vt 1 1
vt 0 0
vt 1 0
vt 1 1
vt 0 0
vt 1 0
vt 1 1
vt 0 0
vt 1 0
vt 1 1
vt 0 0
vt 1 0
vt 1 1
vt 0 0
vt 1 0
vt 1 1
vt 0 0
vt 1 0
vt 1 1
vt 0 0
vt 1 0
vt 1 1
vt 0 0
vt 1 0
vt 1 1
vt 0 0
vt 1 0
vt 1 1
vt 0 0
vt 1 0
vt 1 1
vt 0 0
vt 1 0
vt 1 1
vt 0 0
vt 1 0
vt 1 1
vt 0 0
vt 1 0
vt 1 1
vt 0 0
vt 1 0
vt 1 1
vt 0 0
vt 1 0
vt 1 1
vt 0 0
vt 1 0
vt 1 1
vt 0 0
vt 1 0
vt 1 1
vt 0 0
vt 1 0
vt 1 1
vt 0 0
vt 1 0
vt 1 1
vt 0 0
vt 1 0
vt 1 1
vt 0 0
vt 1 0
vt 1 1
vt 0 0
vt 1 0
vt 1 1
vt 0 0
vt 1 0
vt 1 1
vt 0 0
vt 1 0
vt 1 1
vt 0 0
vt 1 0
vt 1 1
vt 0 0
vt 1 0
vt 1 1
vt 0 0
vt 1 0
vt 1 1
vt 0 0
vt 1 0
vt 1 1
vt 0 0
vt 1 0
vt 1 1
vt 0 0
vt 1 0
vt 1 1
vt 0 0
vt 1 0
vt 1 1
vt 0 0
vt 1 0
vt 1 1
vt 0 0
vt 1 0
vt 1 1
vt 0 0
vt 1 0
vt 1 1
vt 0 0
vt 1 0
vt 1 1
vt 0 0
vt 1 0
vt 1 1
vt 0 0
vt 1 0
vt 1 1
vt 0 0
vt 1 0
vt 1 1
vt 0 0
vt 1 0
vt 1 1
vt 0 0
vt 1 0
vt 1 1
vt 0 0
vt 1 0
vt 1 1
vt 0 0
vt 1 0
vt 1 1
vt 0 0
vt 1 0
vt 1 1
vt 0 0
vt 1 0
vt 1 1
vt 0 0
vt 1 0
vt 1 1
vt 0 0
vt 1 0
vt 1 1
vt 0 0
vt 1 0
vt 1 1
vt 0 0
vt 1 0
vt 1 1
vt 0 0
vt 1 0
vt 1 1
vt 0 0
vt 1 0
vt 1 1
vt 0 0
vt 1 0
vt 1 1
vt 0 0
vt 1 0
vt 1 1
vt 0 0
vt 1 0
vt 1 1
vt 0 0
vt 1 0
vt 1 1
vt 0 0
vt 1 0
vt 1 1
vt 0 0
vt 1 0
vt 1 1
vt 0 0
vt 1 0
vt 1 1
vt 0 0
vt 1 0
vt 1 1
vt 0 0
vt 1 0
vt 1 1
vt 0 0
vt 1 0
vt 1 1
vt 0 0
vt 1 0
vt 1 1
vt 0 0
vt 1 0
vt 1 1
vt 0 0
vt 1 0
vt 1 1
vt 0 0
vt 1 0
vt 1 1
vt 0 0
vt 1 0
vt 1 1
vt 0 0
vt 1 0
vt 1 1
vt 0 0
vt 1 0
vt 1 1
vt 0 0
vt 1 0
vt 1 1
vt 0 0
vt 1 0
vt 1 1
vt 0 0
vt 1 0
vt 1 1
vt 0 0
vt 1 0
vt 1 1
vt 0 0
vt 1 0
vt 1 1
vt 0 0
vt 1 0
vt 1 1
vt 0 0
vt 1 0
vt 1 1
vt 0 0
vt 1 0
vt 1 1
vt 0 0
vt 1 0
vt 1 1
vt 0 0
vt 1 0
vt 1 1
vt 0 0
vt 1 0
vt 1 1
vt 0 0
vt 1 0
vt 1 1
vt 0 0
vt 1 0
vt 1 1
vt 0 0
vt 1 0
vt 1 1
vt 0 0
vt 1 0
vt 1 1
vt 0 0
vt 1 0
vt 1 1
vt 0 0
vt 1 0
vt 1 1
vt 0 0
vt 1 0
vt 1 1
vt 0 0
vt 1 0
vt 1 1
vt 0 0
vt 1 0
vt 1 1
vt 0 0
vt 1 0
vt 1 1
vt 0 0
vt 1 0
vt 1 1
vt 0 0
vt 1 0
vt 1 1
vt 0 0
vt 1 0
vt 1 1
vt 0 0
vt 1 0
vt 1 1
vt 0 0
vt 1 0
vt 1 1
vt 0 0
vt 1 0
vt 1 1
vt 0 0
vt 1 0
vt 1 1
vt 0 0
vt 1 0
vt 1 1
vt 0 0
vt 1 0
vt 1 1
vt 0 0
vt 1 0
vt 1 1
vt 0 0
vt 1 0
vt 1 1
vt 0 0
vt 1 0
vt 1 1
vt 0 0
vt 1 0
vt 1 1
vt 0 0
vt 1 0
vt 1 1
vt 0 0
vt 1 0
vt 1 1
vt 0 0
vt 1 0
vt 1 1
vt 0 0
vt 1 0
vt 1 1
vt 0 0
vt 1 0
vt 1 1
vt 0 0
vt 1 0
vt 1 1
vt 0 0
vt 1 0
vt 1 1
vt 0 0
vt 1 0
vt 1 1
vt 0 0
vt 1 0
vt 1 1
vt 0 0
vt 1 0
vt 1 1
vt 0 0
vt 1 0
vt 1 1
vt 0 0
vt 1 0
vt 1 1
vt 0 0
vt 1 0
vt 1 1
vt 0 0
vt 1 0
vt 1 1
vt 0 0
vt 1 0
vt 1 1
vt 0 0
vt 1 0
vt 1 1
vt 0 0
vt 1 0
vt 1 1
vt 0 0
vt 1 0
vt 1 1
vt 0 0
vt 1 0
vt 1 1
vt 0 0
vt 1 0
vt 1 1
vt 0 0
vt 1 0
vt 1 1
vt 0 0
vt 1 0
vt 1 1
vt 0 0
vt 1 0
vt 1 1
vt 0 0
vt 1 0
vt 1 1
vt 0 0
vt 1 0
vt 1 1
vt 0 0
vt 1 0
vt 1 1
vt 0 0
vt 1 0
vt 1 1
vt 0 0
vt 1 0
vt 1 1
vt 0 0
vt 1 0
vt 1 1
vt 0 0
vt 1 0
vt 1 1
vt 0 0
vt 1 0
vt 1 1
vt 0 0
vt 1 0
vt 1 1
vt 0 0
vt 1 0
vt 1 1
vt 0 0
vt 1 0
vt 1 1
vt 0 0
vt 1 0
vt 1 1
vt 0 0
vt 1 0
vt 1 1
vt 0 0
vt 1 0
vt 1 1
vt 0 0
vt 1 0
vt 1 1
vt 0 0
vt 1 0
vt 1 1
vt 0 0
vt 1 0
vt 1 1
vt 0 0
vt 1 0
vt 1 1
vt 0 0
vt 1 0
vt 1 1
vt 0 0
vt 1 0
vt 1 1
vt 0 0
vt 1 0
vt 1 1
vt 0 0
vt 1 0
vt 1 1
vt 0 0
vt 1 0
vt 1 1
vt 0 0
vt 1 0
vt 1 1
vt 0 0
vt 1 0
vt 1 1
vt 0 0
vt 1 0
vt 1 1
vt 0 0
vt 1 0
vt 1 1
vt 0 0
vt 1 0
vt 1 1
vt 0 0
vt 1 0
vt 1 1
vt 0 0
vt 1 0
vt 1 1
vt 0 0
vt 1 0
vt 1 1
vt 0 0
vt 1 0
vt 1 1
vt 0 0
vt 1 0
vt 1 1
vt 0 0
vt 1 0
vt 1 1
vt 0 0
vt 1 0
vt 1 1
vt 0 0
vt 1 0
vt 1 1
vt 0 0
vt 1 0
vt 1 1
vt 0 0
vt 1 0
vt 1 1
vt 0 0
vt 1 0
vt 1 1
vt 0 0
vt 1 0
vt 1 1
vt 0 0
vt 1 0
vt 1 1
vt 0 0
vt 1 0
vt 1 1
vt 0 0
vt 1 0
vt 1 1
vt 0 0
vt 1 0
vt 1 1
vt 0 0
vt 1 0
vt 1 1
vt 0 0
vt 1 0
vt 1 1
vt 0 0
vt 1 0
vt 1 1
vt 0 0
vt 1 0
vt 1 1
vt 0 0
vt 1 0
vt 1 1
vt 0 0
vt 1 0
vt 1 1
vt 0 0
vt 1 0
vt 1 1
vt 0 0
vt 1 0
vt 1 1
vt 0 0
vt 1 0
vt 1 1
vt 0 0
vt 1 0
vt 1 1
vt 0 0
vt 1 0
vt 1 1
vt 0 0
vt 1 0
vt 1 1
vt 0 0
vt 1 0
vt 1 1
vt 0 0
vt 1 0
vt 1 1
vt 0 0
vt 1 0
vt 1 1
vt 0 0
vt 1 0
vt 1 1
vt 0 0
vt 1 0
vt 1 1
vt 0 0
vt 1 0
vt 1 1
vt 0 0
vt 1 0
vt 1 1
vt 0 0
vt 1 0
vt 1 1
vt 0 0
vt 1 0
vt 1 1
vt 0 0
vt 1 0
vt 1 1
vt 0 0
vt 1 0
vt 1 1
vt 0 0
vt 1 0
vt 1 1
vt 0 0
vt 1 0
vt 1 1
vt 0 0
vt 1 0
vt 1 1
vt 0 0
vt 1 0
vt 1 1
vt 0 0
vt 1 0
vt 1 1
vt 0 0
vt 1 0
vt 1 1
vt 0 0
vt 1 0
vt 1 1
vt 0 0
vt 1 0
vt 1 1
vt 0 0
vt 1 0
vt 1 1
vt 0 0
vt 1 0
vt 1 1
vt 0 0
vt 1 0
vt 1 1
vt 0 0
vt 1 0
vt 1 1
vt 0 0
vt 1 0
vt 1 1
vt 0 0
vt 1 0
vt 1 1
vt 0 0
vt 1 0
vt 1 1
vt 0 0
vt 1 0
vt 1 1
vt 0 0
vt 1 0
vt 1 1
vt 0 0
vt 1 0
vt 1 1
vt 0 0
vt 1 0
vt 1 1
vt 0 0
vt 1 0
vt 1 1
vt 0 0
vt 1 0
vt 1 1
vt 0 0
vt 1 0
vt 1 1
vt 0 0
vt 1 0
vt 1 1
vt 0 0
vt 1 0
vt 1 1
vt 0 0
vt 1 0
vt 1 1
vt 0 0
vt 1 0
vt 1 1
vt 0 0
vt 1 0
vt 1 1
vt 0 0
vt 1 0
vt 1 1
vt 0 0
vt 1 0
vt 1 1
vt 0 0
vt 1 0
vt 1 1
vt 0 0
vt 1 0
vt 1 1
vt 0 0
vt 1 0
vt 1 1
vt 0 0
vt 1 0
vt 1 1
vt 0 0
vt 1 0
vt 1 1
vt 0 0
vt 1 0
vt 1 1
vt 0 0
vt 1 0
vt 1 1
vt 0 0
vt 1 0
vt 1 1
vt 0 0
vt 1 0
vt 1 1
vt 0 0
vt 1 0
vt 1 1
vt 0 0
vt 1 0
vt 1 1
vt 0 0
vt 1 0
vt 1 1
vt 0 0
vt 1 0
vt 1 1
vt 0 0
vt 1 0
vt 1 1
vt 0 0
vt 1 0
vt 1 1
vt 0 0
vt 1 0
vt 1 1
vt 0 0
vt 1 0
vt 1 1
vt 0 0
vt 1 0
vt 1 1
vt 0 0
vt 1 0
vt 1 1
vt 0 0
vt 1 0
vt 1 1
vt 0 0
vt 1 0
vt 1 1
vt 0 0
vt 1 0
vt 1 1
vt 0 0
vt 1 0
vt 1 1
vt 0 0
vt 1 0
vt 1 1
vt 0 0
vt 1 0
vt 1 1
vt 0 0
vt 1 0
vt 1 1
vt 0 0
vt 1 0
vt 1 1
vt 0 0
vt 1 0
vt 1 1
vt 0 0
vt 1 0
vt 1 1
vt 0 0
vt 1 0
vt 1 1
vt 0 0
vt 1 0
vt 1 1
vt 0 0
vt 1 0
vt 1 1
vt 0 0
vt 1 0
vt 1 1
vt 0 0
vt 1 0
vt 1 1
vt 0 0
vt 1 0
vt 1 1
vt 0 0
vt 1 0
vt 1 1
vt 0 0
vt 1 0
vt 1 1
vt 0 0
vt 1 0
vt 1 1
vt 0 0
vt 1 0
vt 1 1
vt 0 0
vt 1 0
vt 1 1
vt 0 0
vt 1 0
vt 1 1
vt 0 0
vt 1 0
vt 1 1
vt 0 0
vt 1 0
vt 1 1
vt 0 0
vt 1 0
vt 1 1
vt 0 0
vt 1 0
vt 1 1
vt 0 0
vt 1 0
vt 1 1
vt 0 0
vt 1 0
vt 1 1
vt 0 0
vt 1 0
vt 1 1
vt 0 0
vt 1 0
vt 1 1
vt 0 0
vt 1 0
vt 1 1
vt 0 0
vt 1 0
vt 1 1
vt 0 0
vt 1 0
vt 1 1
vt 0 0
vt 1 0
vt 1 1
vt 0 0
vt 1 0
vt 1 1
vt 0 0
vt 1 0
vt 1 1
vt 0 0
vt 1 0
vt 1 1
vt 0 0
vt 1 0
vt 1 1
vt 0 0
vt 1 0
vt 1 1
vt 0 0
vt 1 0
vt 1 1
vt 0 0
vt 1 0
vt 1 1
vt 0 0
vt 1 0
vt 1 1
vt 0 0
vt 1 0
vt 1 1
vt 0 0
vt 1 0
vt 1 1
vt 0 0
vt 1 0
vt 1 1
vt 0 0
vt 1 0
vt 1 1
vt 0 0
vt 1 0
vt 1 1
vt 0 0
vt 1 0
vt 1 1
vt 0 0
vt 1 0
vt 1 1
vt 0 0
vt 1 0
vt 1 1
vt 0 0
vt 1 0
vt 1 1
vt 0 0
vt 1 0
vt 1 1
vt 0 0
vt 1 0
vt 1 1
vt 0 0
vt 1 0
vt 1 1
vt 0 0
vt 1 0
vt 1 1
vt 0 0
vt 1 0
vt 1 1
vt 0 0
vt 1 0
vt 1 1
vt 0 0
vt 1 0
vt 1 1
vt 0 0
vt 1 0
vt 1 1
vt 0 0
vt 1 0
vt 1 1
vt 0 0
vt 1 0
vt 1 1
vt 0 0
vt 1 0
vt 1 1
vt 0 0
vt 1 0
vt 1 1
vt 0 0
vt 1 0
vt 1 1
vt 0 0
vt 1 0
vt 1 1
vt 0 0
vt 1 0
vt 1 1
vt 0 0
vt 1 0
vt 1 1
vt 0 0
vt 1 0
vt 1 1
vt 0 0
vt 1 0
vt 1 1
vt 0 0
vt 1 0
vt 1 1
vt 0 0
vt 1 0
vt 1 1
vt 0 0
vt 1 0
vt 1 1
vt 0 0
vt 1 0
vt 1 1
vt 0 0
vt 1 0
vt 1 1
vt 0 0
vt 1 0
vt 1 1
vt 0 0
vt 1 0
vt 1 1
vt 0 0
vt 1 0
vt 1 1
vt 0 0
vt 1 0
vt 1 1
vt 0 0
vt 1 0
vt 1 1
vt 0 0
vt 1 0
vt 1 1
vt 0 0
vt 1 0
vt 1 1
vt 0 0
vt 1 0
vt 1 1
vt 0 0
vt 1 0
vt 1 1
vt 0 0
vt 1 0
vt 1 1
vt 0 0
vt 1 0
vt 1 1
vt 0 0
vt 1 0
vt 1 1
vt 0 0
vt 1 0
vt 1 1
vt 0 0
vt 1 0
vt 1 1
vt 0 0
vt 1 0
vt 1 1
vt 0 0
vt 1 0
vt 1 1
vt 0 0
vt 1 0
vt 1 1
vt 0 0
vt 1 0
vt 1 1
vt 0 0
vt 1 0
vt 1 1
vt 0 0
vt 1 0
vt 1 1
vt 0 0
vt 1 0
vt 1 1
vt 0 0
vt 1 0
vt 1 1
vt 0 0
vt 1 0
vt 1 1
vt 0 0
vt 1 0
vt 1 1
vt 0 0
vt 1 0
vt 1 1
vt 0 0
vt 1 0
vt 1 1
vt 0 0
vt 1 0
vt 1 1
vt 0 0
vt 1 0
vt 1 1
vt 0 0
vt 1 0
vt 1 1
vt 0 0
vt 1 0
vt 1 1
vt 0 0
vt 1 0
vt 1 1
vt 0 0
vt 1 0
vt 1 1
vt 0 0
vt 1 0
vt 1 1
vt 0 0
vt 1 0
vt 1 1
vt 0 0
vt 1 0
vt 1 1
vt 0 0
vt 1 0
vt 1 1
vt 0 0
vt 1 0
vt 1 1
vt 0 0
vt 1 0
vt 1 1
vt 0 0
vt 1 0
vt 1 1
vt 0 0
vt 1 0
vt 1 1
vt 0 0
vt 1 0
vt 1 1
vt 0 0
vt 1 0
vt 1 1
vt 0 0
vt 1 0
vt 1 1
vt 0 0
vt 1 0
vt 1 1
vt 0 0
vt 1 0
vt 1 1
vt 0 0
vt 1 0
vt 1 1
vt 0 0
vt 1 0
vt 1 1
vt 0 0
vt 1 0
vt 1 1
vt 0 0
vt 1 0
vt 1 1
vt 0 0
vt 1 0
vt 1 1
vt 0 0
vt 1 0
vt 1 1
vt 0 0
vt 1 0
vt 1 1
vt 0 0
vt 1 0
vt 1 1
vt 0 0
vt 1 0
vt 1 1
vt 0 0
vt 1 0
vt 1 1
vt 0 0
vt 1 0
vt 1 1
vt 0 0
vt 1 0
vt 1 1
vt 0 0
vt 1 0
vt 1 1
vt 0 0
vt 1 0
vt 1 1
vt 0 0
vt 1 0
vt 1 1
vt 0 0
vt 1 0
vt 1 1
vt 0 0
vt 1 0
vt 1 1
vt 0 0
vt 1 0
vt 1 1
vt 0 0
vt 1 0
vt 1 1
vt 0 0
vt 1 0
vt 1 1
vt 0 0
vt 1 0
vt 1 1
vt 0 0
vt 1 0
vt 1 1
vt 0 0
vt 1 0
vt 1 1
vt 0 0
vt 1 0
vt 1 1
vt 0 0
vt 1 0
vt 1 1
vt 0 0
vt 1 0
vt 1 1
vt 0 0
vt 1 0
vt 1 1
vt 0 0
vt 1 0
vt 1 1
vt 0 0
vt 1 0
vt 1 1
vt 0 0
vt 1 0
vt 1 1
vt 0 0
vt 1 0
vt 1 1
vt 0 0
vt 1 0
vt 1 1
vt 0 0
vt 1 0
vt 1 1
vt 0 0
vt 1 0
vt 1 1
vt 0 0
vt 1 0
vt 1 1
vt 0 0
vt 1 0
vt 1 1
vt 0 0
vt 1 0
vt 1 1
vt 0 0
vt 1 0
vt 1 1
vt 0 0
vt 1 0
vt 1 1
vt 0 0
vt 1 0
vt 1 1
vt 0 0
vt 1 0
vt 1 1
vt 0 0
vt 1 0
vt 1 1
vt 0 0
vt 1 0
vt 1 1
vt 0 0
vt 1 0
vt 1 1
vt 0 0
vt 1 0
vt 1 1
vt 0 0
vt 1 0
vt 1 1
vt 0 0
vt 1 0
vt 1 1
vt 0 0
vt 1 0
vt 1 1
vt 0 0
vt 1 0
vt 1 1
vt 0 0
vt 1 0
vt 1 1
vt 0 0
vt 1 0
vt 1 1
vt 0 0
vt 1 0
vt 1 1
vt 0 0
vt 1 0
vt 1 1
vt 0 0
vt 1 0
vt 1 1
vt 0 0
vt 1 0
vt 1 1
vt 0 0
vt 1 0
vt 1 1
vt 0 0
vt 1 0
vt 1 1
vt 0 0
vt 1 0
vt 1 1
vt 0 0
vt 1 0
vt 1 1
vt 0 0
vt 1 0
vt 1 1
vt 0 0
vt 1 0
vt 1 1
vt 0 0
vt 1 0
vt 1 1
vt 0 0
vt 1 0
vt 1 1
vt 0 0
vt 1 0
vt 1 1
vt 0 0
vt 1 0
vt 1 1
vt 0 0
vt 1 0
vt 1 1
vt 0 0
vt 1 0
vt 1 1
vt 0 0
vt 1 0
vt 1 1
vt 0 0
vt 1 0
vt 1 1
vt 0 0
vt 1 0
vt 1 1
vt 0 0
vt 1 0
vt 1 1
vt 0 0
vt 1 0
vt 1 1
vt 0 0
vt 1 0
vt 1 1
vt 0 0
vt 1 0
vt 1 1
vt 0 0
vt 1 0
vt 1 1
vt 0 0
vt 1 0
vt 1 1
vt 0 0
vt 1 0
vt 1 1
vt 0 0
vt 1 0
vt 1 1
vt 0 0
vt 1 0
vt 1 1
vt 0 0
vt 1 0
vt 1 1
vt 0 0
vt 1 0
vt 1 1
vt 0 0
vt 1 0
vt 1 1
vt 0 0
vt 1 0
vt 1 1
vt 0 0
vt 1 0
vt 1 1
vt 0 0
vt 1 0
vt 1 1
vt 0 0
vt 1 0
vt 1 1
vt 0 0
vt 1 0
vt 1 1
vt 0 0
vt 1 0
vt 1 1
vt 0 0
vt 1 0
vt 1 1
vt 0 0
vt 1 0
vt 1 1
vt 0 0
vt 1 0
vt 1 1
vt 0 0
vt 1 0
vt 1 1
vt 0 0
vt 1 0
vt 1 1
vt 0 0
vt 1 0
vt 1 1
vt 0 0
vt 1 0
vt 1 1
vt 0 0
vt 1 0
vt 1 1
vt 0 0
vt 1 0
vt 1 1
vt 0 0
vt 1 0
vt 1 1
vt 0 0
vt 1 0
vt 1 1
vt 0 0
vt 1 0
vt 1 1
vt 0 0
vt 1 0
vt 1 1
vt 0 0
vt 1 0
vt 1 1
vt 0 0
vt 1 0
vt 1 1
vt 0 0
vt 1 0
vt 1 1
vt 0 0
vt 1 0
vt 1 1
vt 0 0
vt 1 0
vt 1 1
vt 0 0
vt 1 0
vt 1 1
vt 0 0
vt 1 0
vt 1 1
vt 0 0
vt 1 0
vt 1 1
vt 0 0
vt 1 0
vt 1 1
vt 0 0
vt 1 0
vt 1 1
vt 0 0
vt 1 0
vt 1 1
vt 0 0
vt 1 0
vt 1 1
vt 0 0
vt 1 0
vt 1 1
vt 0 0
vt 1 0
vt 1 1
vt 0 0
vt 1 0
vt 1 1
vt 0 0
vt 1 0
vt 1 1
vt 0 0
vt 1 0
vt 1 1
vt 0 0
vt 1 0
vt 1 1
vt 0 0
vt 1 0
vt 1 1
vt 0 0
vt 1 0
vt 1 1
vt 0 0
vt 1 0
vt 1 1
vt 0 0
vt 1 0
vt 1 1
vt 0 0
vt 1 0
vt 1 1
vt 0 0
vt 1 0
vt 1 1
vt 0 0
vt 1 0
vt 1 1
vt 0 0
vt 1 0
vt 1 1
vt 0 0
vt 1 0
vt 1 1
vt 0 0
vt 1 0
vt 1 1
vt 0 0
vt 1 0
vt 1 1
vt 0 0
vt 1 0
vt 1 1
vt 0 0
vt 1 0
vt 1 1
vt 0 0
vt 1 0
vt 1 1
vt 0 0
vt 1 0
vt 1 1
vt 0 0
vt 1 0
vt 1 1
vt 0 0
vt 1 0
vt 1 1
vt 0 0
vt 1 0
vt 1 1
vt 0 0
vt 1 0
vt 1 1
vt 0 0
vt 1 0
vt 1 1
vt 0 0
vt 1 0
vt 1 1
vt 0 0
vt 1 0
vt 1 1
vt 0 0
vt 1 0
vt 1 1
vt 0 0
vt 1 0
vt 1 1
vt 0 0
vt 1 0
vt 1 1
vt 0 0
vt 1 0
vt 1 1
vt 0 0
vt 1 0
vt 1 1
vt 0 0
vt 1 0
vt 1 1
vt 0 0
vt 1 0
vt 1 1
vt 0 0
vt 1 0
vt 1 1
vt 0 0
vt 1 0
vt 1 1
vt 0 0
vt 1 0
vt 1 1
vt 0 0
vt 1 0
vt 1 1
vt 0 0
vt 1 0
vt 1 1
vt 0 0
vt 1 0
vt 1 1
vt 0 0
vt 1 0
vt 1 1
vt 0 0
vt 1 0
vt 1 1
vt 0 0
vt 1 0
vt 1 1
vt 0 0
vt 1 0
vt 1 1
vt 0 0
vt 1 0
vt 1 1
vt 0 0
vt 1 0
vt 1 1
vt 0 0
vt 1 0
vt 1 1
vt 0 0
vt 1 0
vt 1 1
vt 0 0
vt 1 0
vt 1 1
vt 0 0
vt 1 0
vt 1 1
vt 0 0
vt 1 0
vt 1 1
vt 0 0
vt 1 0
vt 1 1
vt 0 0
vt 1 0
vt 1 1
vt 0 0
vt 1 0
vt 1 1
vt 0 0
vt 1 0
vt 1 1
vt 0 0
vt 1 0
vt 1 1
vt 0 0
vt 1 0
vt 1 1
vt 0 0
vt 1 0
vt 1 1
vt 0 0
vt 1 0
vt 1 1
vt 0 0
vt 1 0
vt 1 1
vt 0 0
vt 1 0
vt 1 1
vt 0 0
vt 1 0
vt 1 1
vt 0 0
vt 1 0
vt 1 1
vt 0 0
vt 1 0
vt 1 1
vt 0 0
vt 1 0
vt 1 1
vt 0 0
vt 1 0
vt 1 1
vt 0 0
vt 1 0
vt 1 1
vt 0 0
vt 1 0
vt 1 1
vt 0 0
vt 1 0
vt 1 1
vt 0 0
vt 1 0
vt 1 1
vt 0 0
vt 1 0
vt 1 1
vt 0 0
vt 1 0
vt 1 1
vt 0 0
vt 1 0
vt 1 1
vt 0 0
vt 1 0
vt 1 1
vt 0 0
vt 1 0
vt 1 1
vt 0 0
vt 1 0
vt 1 1
vt 0 0
vt 1 0
vt 1 1
vt 0 0
vt 1 0
vt 1 1
vt 0 0
vt 1 0
vt 1 1
vt 0 0
vt 1 0
vt 1 1
vt 0 0
vt 1 0
vt 1 1
vt 0 0
vt 1 0
vt 1 1
vt 0 0
vt 1 0
vt 1 1
vt 0 0
vt 1 0
vt 1 1
vt 0 0
vt 1 0
vt 1 1
vt 0 0
vt 1 0
vt 1 1
vt 0 0
vt 1 0
vt 1 1
vt 0 0
vt 1 0
vt 1 1
vt 0 0
vt 1 0
vt 1 1
vt 0 0
vt 1 0
vt 1 1
vt 0 0
vt 1 0
vt 1 1
vt 0 0
vt 1 0
vt 1 1
vt 0 0
vt 1 0
vt 1 1
vt 0 0
vt 1 0
vt 1 1
vt 0 0
vt 1 0
vt 1 1
vt 0 0
vt 1 0
vt 1 1
vt 0 0
vt 1 0
vt 1 1
vt 0 0
vt 1 0
vt 1 1
vt 0 0
vt 1 0
vt 1 1
vt 0 0
vt 1 0
vt 1 1
vt 0 0
vt 1 0
vt 1 1
vt 0 0
vt 1 0
vt 1 1
vt 0 0
vt 1 0
vt 1 1
vt 0 0
vt 1 0
vt 1 1
vt 0 0
vt 1 0
vt 1 1
vt 0 0
vt 1 0
vt 1 1
vt 0 0
vt 1 0
vt 1 1
vt 0 0
vt 1 0
vt 1 1
vt 0 0
vt 1 0
vt 1 1
vt 0 0
vt 1 0
vt 1 1
vt 0 0
vt 1 0
vt 1 1
vt 0 0
vt 1 0
vt 1 1
vt 0 0
vt 1 0
vt 1 1
vt 0 0
vt 1 0
vt 1 1
vt 0 0
vt 1 0
vt 1 1
vt 0 0
vt 1 0
vt 1 1
vt 0 0
vt 1 0
vt 1 1
vt 0 0
vt 1 0
vt 1 1
vt 0 0
vt 1 0
vt 1 1
vt 0 0
vt 1 0
vt 1 1
vt 0 0
vt 1 0
vt 1 1
vt 0 0
vt 1 0
vt 1 1
vt 0 0
vt 1 0
vt 1 1
vt 0 0
vt 1 0
vt 1 1
vt 0 0
vt 1 0
vt 1 1
vt 0 0
vt 1 0
vt 1 1
vt 0 0
vt 1 0
vt 1 1
vt 0 0
vt 1 0
vt 1 1
vt 0 0
vt 1 0
vt 1 1
vt 0 0
vt 1 0
vt 1 1
vt 0 0
vt 1 0
vt 1 1
vt 0 0
vt 1 0
vt 1 1
vt 0 0
vt 1 0
vt 1 1
vt 0 0
vt 1 0
vt 1 1
vt 0 0
vt 1 0
vt 1 1
vt 0 0
vt 1 0
vt 1 1
vt 0 0
vt 1 0
vt 1 1
vt 0 0
vt 1 0
vt 1 1
vt 0 0
vt 1 0
vt 1 1
vt 0 0
vt 1 0
vt 1 1
vt 0 0
vt 1 0
vt 1 1
vt 0 0
vt 1 0
vt 1 1
vt 0 0
vt 1 0
vt 1 1
vt 0 0
vt 1 0
vt 1 1
vt 0 0
vt 1 0
vt 1 1
vt 0 0
vt 1 0
vt 1 1
vt 0 0
vt 1 0
vt 1 1
vt 0 0
vt 1 0
vt 1 1
vt 0 0
vt 1 0
vt 1 1
vt 0 0
vt 1 0
vt 1 1
vt 0 0
vt 1 0
vt 1 1
vt 0 0
vt 1 0
vt 1 1
vt 0 0
vt 1 0
vt 1 1
vt 0 0
vt 1 0
vt 1 1
vt 0 0
vt 1 0
vt 1 1
vt 0 0
vt 1 0
vt 1 1
vt 0 0
vt 1 0
vt 1 1
vt 0 0
vt 1 0
vt 1 1
vt 0 0
vt 1 0
vt 1 1
vt 0 0
vt 1 0
vt 1 1
vt 0 0
vt 1 0
vt 1 1
vt 0 0
vt 1 0
vt 1 1
vt 0 0
vt 1 0
vt 1 1
vt 0 0
vt 1 0
vt 1 1
vt 0 0
vt 1 0
vt 1 1
vt 0 0
vt 1 0
vt 1 1
vt 0 0
vt 1 0
vt 1 1
vt 0 0
vt 1 0
vt 1 1
vt 0 0
vt 1 0
vt 1 1
vt 0 0
vt 1 0
vt 1 1
vt 0 0
vt 1 0
vt 1 1
vt 0 0
vt 1 0
vt 1 1
vt 0 0
vt 1 0
vt 1 1
vt 0 0
vt 1 0
vt 1 1
vt 0 0
vt 1 0
vt 1 1
vt 0 0
vt 1 0
vt 1 1
vt 0 0
vt 1 0
vt 1 1
vt 0 0
vt 1 0
vt 1 1
vt 0 0
vt 1 0
vt 1 1
vt 0 0
vt 1 0
vt 1 1
vt 0 0
vt 1 0
vt 1 1
vt 0 0
vt 1 0
vt 1 1
vt 0 0
vt 1 0
vt 1 1
vt 0 0
vt 1 0
vt 1 1
vt 0 0
vt 1 0
vt 1 1
vt 0 0
vt 1 0
vt 1 1
vt 0 0
vt 1 0
vt 1 1
vt 0 0
vt 1 0
vt 1 1
vt 0 0
vt 1 0
vt 1 1
vt 0 0
vt 1 0
vt 1 1
vt 0 0
vt 1 0
vt 1 1
vt 0 0
vt 1 0
vt 1 1
vt 0 0
vt 1 0
vt 1 1
vt 0 0
vt 1 0
vt 1 1
vt 0 0
vt 1 0
vt 1 1
vt 0 0
vt 1 0
vt 1 1
vt 0 0
vt 1 0
vt 1 1
vt 0 0
vt 1 0
vt 1 1
vt 0 0
vt 1 0
vt 1 1
vt 0 0
vt 1 0
vt 1 1
vt 0 0
vt 1 0
vt 1 1
vt 0 0
vt 1 0
vt 1 1
vt 0 0
vt 1 0
vt 1 1
vt 0 0
vt 1 0
vt 1 1
vt 0 0
vt 1 0
vt 1 1
vt 0 0
vt 1 0
vt 1 1
vt 0 0
vt 1 0
vt 1 1
vt 0 0
vt 1 0
vt 1 1
vt 0 0
vt 1 0
vt 1 1
vt 0 0
vt 1 0
vt 1 1
vt 0 0
vt 1 0
vt 1 1
vt 0 0
vt 1 0
vt 1 1
vt 0 0
vt 1 0
vt 1 1
vt 0 0
vt 1 0
vt 1 1
vt 0 0
vt 1 0
vt 1 1
vt 0 0
vt 1 0
vt 1 1
vt 0 0
vt 1 0
vt 1 1
vt 0 0
vt 1 0
vt 1 1
vt 0 0
vt 1 0
vt 1 1
vt 0 0
vt 1 0
vt 1 1
vt 0 0
vt 1 0
vt 1 1
vt 0 0
vt 1 0
vt 1 1
vt 0 0
vt 1 0
vt 1 1
vt 0 0
vt 1 0
vt 1 1
vt 0 0
vt 1 0
vt 1 1
vt 0 0
vt 1 0
vt 1 1
vt 0 0
vt 1 0
vt 1 1
vt 0 0
vt 1 0
vt 1 1
vt 0 0
vt 1 0
vt 1 1
vt 0 0
vt 1 0
vt 1 1
vt 0 0
vt 1 0
vt 1 1
vt 0 0
vt 1 0
vt 1 1
vt 0 0
vt 1 0
vt 1 1
vt 0 0
vt 1 0
vt 1 1
vt 0 0
vt 1 0
vt 1 1
vt 0 0
vt 1 0
vt 1 1
vt 0 0
vt 1 0
vt 1 1
vt 0 0
vt 1 0
vt 1 1
vt 0 0
vt 1 0
vt 1 1
vt 0 0
vt 1 0
vt 1 1
vt 0 0
vt 1 0
vt 1 1
vt 0 0
vt 1 0
vt 1 1
vt 0 0
vt 1 0
vt 1 1
vt 0 0
vt 1 0
vt 1 1
vt 0 0
vt 1 0
vt 1 1
vt 0 0
vt 1 0
vt 1 1
vt 0 0
vt 1 0
vt 1 1
vt 0 0
vt 1 0
vt 1 1
vt 0 0
vt 1 0
vt 1 1
vt 0 0
vt 1 0
vt 1 1
vt 0 0
vt 1 0
vt 1 1
vt 0 0
vt 1 0
vt 1 1
vt 0 0
vt 1 0
vt 1 1
vt 0 0
vt 1 0
vt 1 1
vt 0 0
vt 1 0
vt 1 1
vt 0 0
vt 1 0
vt 1 1
vt 0 0
vt 1 0
vt 1 1
vt 0 0
vt 1 0
vt 1 1
vt 0 0
vt 1 0
vt 1 1
vt 0 0
vt 1 0
vt 1 1
vt 0 0
vt 1 0
vt 1 1
vt 0 0
vt 1 0
vt 1 1
vt 0 0
vt 1 0
vt 1 1
vt 0 0
vt 1 0
vt 1 1
vt 0 0
vt 1 0
vt 1 1
vt 0 0
vt 1 0
vt 1 1
vt 0 0
vt 1 0
vt 1 1
vt 0 0
vt 1 0
vt 1 1
vt 0 0
vt 1 0
vt 1 1
vt 0 0
vt 1 0
vt 1 1
vt 0 0
vt 1 0
vt 1 1
vt 0 0
vt 1 0
vt 1 1
vt 0 0
vt 1 0
vt 1 1
vt 0 0
vt 1 0
vt 1 1
vt 0 0
vt 1 0
vt 1 1
vt 0 0
vt 1 0
vt 1 1
vt 0 0
vt 1 0
vt 1 1
vt 0 0
vt 1 0
vt 1 1
vt 0 0
vt 1 0
vt 1 1
vt 0 0
vt 1 0
vt 1 1
vt 0 0
vt 1 0
vt 1 1
vt 0 0
vt 1 0
vt 1 1
vt 0 0
vt 1 0
vt 1 1
vt 0 0
vt 1 0
vt 1 1
vt 0 0
vt 1 0
vt 1 1
vt 0 0
vt 1 0
vt 1 1
vt 0 0
vt 1 0
vt 1 1
vt 0 0
vt 1 0
vt 1 1
vt 0 0
vt 1 0
vt 1 1
vt 0 0
vt 1 0
vt 1 1
vt 0 0
vt 1 0
vt 1 1
vt 0 0
vt 1 0
vt 1 1
vt 0 0
vt 1 0
vt 1 1
vt 0 0
vt 1 0
vt 1 1
vt 0 0
vt 1 0
vt 1 1
vt 0 0
vt 1 0
vt 1 1
vt 0 0
vt 1 0
vt 1 1
vt 0 0
vt 1 0
vt 1 1
vt 0 0
vt 1 0
vt 1 1
vt 0 0
vt 1 0
vt 1 1
vt 0 0
vt 1 0
vt 1 1
vt 0 0
vt 1 0
vt 1 1
vt 0 0
vt 1 0
vt 1 1
vt 0 0
vt 1 0
vt 1 1
vt 0 0
vt 1 0
vt 1 1
vt 0 0
vt 1 0
vt 1 1
vt 0 0
vt 1 0
vt 1 1
vt 0 0
vt 1 0
vt 1 1
vt 0 0
vt 1 0
vt 1 1
vt 0 0
vt 1 0
vt 1 1
vt 0 0
vt 1 0
vt 1 1
vt 0 0
vt 1 0
vt 1 1
vt 0 0
vt 1 0
vt 1 1
vt 0 0
vt 1 0
vt 1 1
vt 0 0
vt 1 0
vt 1 1
vt 0 0
vt 1 0
vt 1 1
vt 0 0
vt 1 0
vt 1 1
vt 0 0
vt 1 0
vt 1 1
vt 0 0
vt 1 0
vt 1 1
vt 0 0
vt 1 0
vt 1 1
vt 0 0
vt 1 0
vt 1 1
vt 0 0
vt 1 0
vt 1 1
vt 0 0
vt 1 0
vt 1 1
vt 0 0
vt 1 0
vt 1 1
vt 0 0
vt 1 0
vt 1 1
vt 0 0
vt 1 0
vt 1 1
vt 0 0
vt 1 0
vt 1 1
vt 0 0
vt 1 0
vt 1 1
vt 0 0
vt 1 0
vt 1 1
vt 0 0
vt 1 0
vt 1 1
vt 0 0
vt 1 0
vt 1 1
vt 0 0
vt 1 0
vt 1 1
vt 0 0
vt 1 0
vt 1 1
vt 0 0
vt 1 0
vt 1 1
vt 0 0
vt 1 0
vt 1 1
vt 0 0
vt 1 0
vt 1 1
vt 0 0
vt 1 0
vt 1 1
vt 0 0
vt 1 0
vt 1 1
vt 0 0
vt 1 0
vt 1 1
vt 0 0
vt 1 0
vt 1 1
vt 0 0
vt 1 0
vt 1 1
vt 0 0
vt 1 0
vt 1 1
vt 0 0
vt 1 0
vt 1 1
vt 0 0
vt 1 0
vt 1 1
vt 0 0
vt 1 0
vt 1 1
vt 0 0
vt 1 0
vt 1 1
vt 0 0
vt 1 0
vt 1 1
vt 0 0
vt 1 0
vt 1 1
vt 0 0
vt 1 0
vt 1 1
vt 0 0
vt 1 0
vt 1 1
vt 0 0
vt 1 0
vt 1 1
vt 0 0
vt 1 0
vt 1 1
vt 0 0
vt 1 0
vt 1 1
vt 0 0
vt 1 0
vt 1 1
vt 0 0
vt 1 0
vt 1 1
vt 0 0
vt 1 0
vt 1 1
vt 0 0
vt 1 0
vt 1 1
vt 0 0
vt 1 0
vt 1 1
vt 0 0
vt 1 0
vt 1 1
vt 0 0
vt 1 0
vt 1 1
vt 0 0
vt 1 0
vt 1 1
vt 0 0
vt 1 0
vt 1 1
vt 0 0
vt 1 0
vt 1 1
vt 0 0
vt 1 0
vt 1 1
vt 0 0
vt 1 0
vt 1 1
vt 0 0
vt 1 0
vt 1 1
vt 0 0
vt 1 0
vt 1 1
vt 0 0
vt 1 0
vt 1 1
vt 0 0
vt 1 0
vt 1 1
vt 0 0
vt 1 0
vt 1 1
vt 0 0
vt 1 0
vt 1 1
vt 0 0
vt 1 0
vt 1 1
vt 0 0
vt 1 0
vt 1 1
vt 0 0
vt 1 0
vt 1 1
vt 0 0
vt 1 0
vt 1 1
vt 0 0
vt 1 0
vt 1 1
vt 0 0
vt 1 0
vt 1 1
vt 0 0
vt 1 0
vt 1 1
vt 0 0
vt 1 0
vt 1 1
vt 0 0
vt 1 0
vt 1 1
vt 0 0
vt 1 0
vt 1 1
vt 0 0
vt 1 0
vt 1 1
vt 0 0
vt 1 0
vt 1 1
vt 0 0
vt 1 0
vt 1 1
vt 0 0
vt 1 0
vt 1 1
vt 0 0
vt 1 0
vt 1 1
vt 0 0
vt 1 0
vt 1 1
vt 0 0
vt 1 0
vt 1 1
vt 0 0
vt 1 0
vt 1 1
vt 0 0
vt 1 0
vt 1 1
vt 0 0
vt 1 0
vt 1 1
vt 0 0
vt 1 0
vt 1 1
vt 0 0
vt 1 0
vt 1 1
vt 0 0
vt 1 0
vt 1 1
vt 0 0
vt 1 0
vt 1 1
vt 0 0
vt 1 0
vt 1 1
vt 0 0
vt 1 0
vt 1 1
vt 0 0
vt 1 0
vt 1 1
vt 0 0
vt 1 0
vt 1 1
vt 0 0
vt 1 0
vt 1 1
vt 0 0
vt 1 0
vt 1 1
vt 0 0
vt 1 0
vt 1 1
vt 0 0
vt 1 0
vt 1 1
vt 0 0
vt 1 0
vt 1 1
vt 0 0
vt 1 0
vt 1 1
vt 0 0
vt 1 0
vt 1 1
vt 0 0
vt 1 0
vt 1 1
vt 0 0
vt 1 0
vt 1 1
vt 0 0
vt 1 0
vt 1 1
vt 0 0
vt 1 0
vt 1 1
vt 0 0
vt 1 0
vt 1 1
vt 0 0
vt 1 0
vt 1 1
vt 0 0
vt 1 0
vt 1 1
vt 0 0
vt 1 0
vt 1 1
vt 0 0
vt 1 0
vt 1 1
vt 0 0
vt 1 0
vt 1 1
vt 0 0
vt 1 0
vt 1 1
vt 0 0
vt 1 0
vt 1 1
vt 0 0
vt 1 0
vt 1 1
vt 0 0
vt 1 0
vt 1 1
vt 0 0
vt 1 0
vt 1 1
vt 0 0
vt 1 0
vt 1 1
vt 0 0
vt 1 0
vt 1 1
vt 0 0
vt 1 0
vt 1 1
vt 0 0
vt 1 0
vt 1 1
vt 0 0
vt 1 0
vt 1 1
vt 0 0
vt 1 0
vt 1 1
vt 0 0
vt 1 0
vt 1 1
vt 0 0
vt 1 0
vt 1 1
vt 0 0
vt 1 0
vt 1 1
vt 0 0
vt 1 0
vt 1 1
vt 0 0
vt 1 0
vt 1 1
vt 0 0
vt 1 0
vt 1 1
vt 0 0
vt 1 0
vt 1 1
vt 0 0
vt 1 0
vt 1 1
vt 0 0
vt 1 0
vt 1 1
vt 0 0
vt 1 0
vt 1 1
vt 0 0
vt 1 0
vt 1 1
vt 0 0
vt 1 0
vt 1 1
vt 0 0
vt 1 0
vt 1 1
vt 0 0
vt 1 0
vt 1 1
vt 0 0
vt 1 0
vt 1 1
vt 0 0
vt 1 0
vt 1 1
vt 0 0
vt 1 0
vt 1 1
vt 0 0
vt 1 0
vt 1 1
vt 0 0
vt 1 0
vt 1 1
vt 0 0
vt 1 0
vt 1 1
vt 0 0
vt 1 0
vt 1 1
vt 0 0
vt 1 0
vt 1 1
vt 0 0
vt 1 0
vt 1 1
vt 0 0
vt 1 0
vt 1 1
vt 0 0
vt 1 0
vt 1 1
vt 0 0
vt 1 0
vt 1 1
vt 0 0
vt 1 0
vt 1 1
vt 0 0
vt 1 0
vt 1 1
vt 0 0
vt 1 0
vt 1 1
vt 0 0
vt 1 0
vt 1 1
vt 0 0
vt 1 0
vt 1 1
vt 0 0
vt 1 0
vt 1 1
vt 0 0
vt 1 0
vt 1 1
vt 0 0
vt 1 0
vt 1 1
vt 0 0
vt 1 0
vt 1 1
vt 0 0
vt 1 0
vt 1 1
vt 0 0
vt 1 0
vt 1 1
vt 0 0
vt 1 0
vt 1 1
vt 0 0
vt 1 0
vt 1 1
vt 0 0
vt 1 0
vt 1 1
vt 0 0
vt 1 0
vt 1 1
vt 0 0
vt 1 0
vt 1 1
vt 0 0
vt 1 0
vt 1 1
vt 0 0
vt 1 0
vt 1 1
vt 0 0
vt 1 0
vt 1 1
vt 0 0
vt 1 0
vt 1 1
vt 0 0
vt 1 0
vt 1 1
vt 0 0
vt 1 0
vt 1 1
vt 0 0
vt 1 0
vt 1 1
vt 0 0
vt 1 0
vt 1 1
vt 0 0
vt 1 0
vt 1 1
vt 0 0
vt 1 0
vt 1 1
vt 0 0
vt 1 0
vt 1 1
vt 0 0
vt 1 0
vt 1 1
vt 0 0
vt 1 0
vt 1 1
vt 0 0
vt 1 0
vt 1 1
vt 0 0
vt 1 0
vt 1 1
vt 0 0
vt 1 0
vt 1 1
vt 0 0
vt 1 0
vt 1 1
vt 0 0
vt 1 0
vt 1 1
vt 0 0
vt 1 0
vt 1 1
vt 0 0
vt 1 0
vt 1 1
vt 0 0
vt 1 0
vt 1 1
vt 0 0
vt 1 0
vt 1 1
vt 0 0
vt 1 0
vt 1 1
vt 0 0
vt 1 0
vt 1 1
vt 0 0
vt 1 0
vt 1 1
vt 0 0
vt 1 0
vt 1 1
vt 0 0
vt 1 0
vt 1 1
vt 0 0
vt 1 0
vt 1 1
vt 0 0
vt 1 0
vt 1 1
vt 0 0
vt 1 0
vt 1 1
vt 0 0
vt 1 0
vt 1 1
vt 0 0
vt 1 0
vt 1 1
vt 0 0
vt 1 0
vt 1 1
vt 0 0
vt 1 0
vt 1 1
vt 0 0
vt 1 0
vt 1 1
vt 0 0
vt 1 0
vt 1 1
vt 0 0
vt 1 0
vt 1 1
vt 0 0
vt 1 0
vt 1 1
vt 0 0
vt 1 0
vt 1 1
vt 0 0
vt 1 0
vt 1 1
vt 0 0
vt 1 0
vt 1 1
vt 0 0
vt 1 0
vt 1 1
vt 0 0
vt 1 0
vt 1 1
vt 0 0
vt 1 0
vt 1 1
vt 0 0
vt 1 0
vt 1 1
vt 0 0
vt 1 0
vt 1 1
vt 0 0
vt 1 0
vt 1 1
vt 0 0
vt 1 0
vt 1 1
vt 0 0
vt 1 0
vt 1 1
vt 0 0
vt 1 0
vt 1 1
vt 0 0
vt 1 0
vt 1 1
vt 0 0
vt 1 0
vt 1 1
vt 0 0
vt 1 0
vt 1 1
vt 0 0
vt 1 0
vt 1 1
vt 0 0
vt 1 0
vt 1 1
vt 0 0
vt 1 0
vt 1 1
vt 0 0
vt 1 0
vt 1 1
vt 0 0
vt 1 0
vt 1 1
vt 0 0
vt 1 0
vt 1 1
vt 0 0
vt 1 0
vt 1 1
vt 0 0
vt 1 0
vt 1 1
vt 0 0
vt 1 0
vt 1 1
vt 0 0
vt 1 0
vt 1 1
vt 0 0
vt 1 0
vt 1 1
vt 0 0
vt 1 0
vt 1 1
vt 0 0
vt 1 0
vt 1 1
vt 0 0
vt 1 0
vt 1 1
vt 0 0
vt 1 0
vt 1 1
vt 0 0
vt 1 0
vt 1 1
vt 0 0
vt 1 0
vt 1 1
vt 0 0
vt 1 0
vt 1 1
vt 0 0
vt 1 0
vt 1 1
vt 0 0
vt 1 0
vt 1 1
vt 0 0
vt 1 0
vt 1 1
vt 0 0
vt 1 0
vt 1 1
vt 0 0
vt 1 0
vt 1 1
vt 0 0
vt 1 0
vt 1 1
vt 0 0
vt 1 0
vt 1 1
vt 0 0
vt 1 0
vt 1 1
vt 0 0
vt 1 0
vt 1 1
vt 0 0
vt 1 0
vt 1 1
vt 0 0
vt 1 0
vt 1 1
vt 0 0
vt 1 0
vt 1 1
vt 0 0
vt 1 0
vt 1 1
vt 0 0
vt 1 0
vt 1 1
vt 0 0
vt 1 0
vt 1 1
vt 0 0
vt 1 0
vt 1 1
vt 0 0
vt 1 0
vt 1 1
vt 0 0
vt 1 0
vt 1 1
vt 0 0
vt 1 0
vt 1 1
vt 0 0
vt 1 0
vt 1 1
vt 0 0
vt 1 0
vt 1 1
vt 0 0
vt 1 0
vt 1 1
vt 0 0
vt 1 0
vt 1 1
vt 0 0
vt 1 0
vt 1 1
vt 0 0
vt 1 0
vt 1 1
vt 0 0
vt 1 0
vt 1 1
vt 0 0
vt 1 0
vt 1 1
vt 0 0
vt 1 0
vt 1 1
vt 0 0
vt 1 0
vt 1 1
vt 0 0
vt 1 0
vt 1 1
vt 0 0
vt 1 0
vt 1 1
vt 0 0
vt 1 0
vt 1 1
vt 0 0
vt 1 0
vt 1 1
vt 0 0
vt 1 0
vt 1 1
vt 0 0
vt 1 0
vt 1 1
vt 0 0
vt 1 0
vt 1 1
vt 0 0
vt 1 0
vt 1 1
vt 0 0
vt 1 0
vt 1 1
vt 0 0
vt 1 0
vt 1 1
vt 0 0
vt 1 0
vt 1 1
vt 0 0
vt 1 0
vt 1 1
vt 0 0
vt 1 0
vt 1 1
vt 0 0
vt 1 0
vt 1 1
vt 0 0
vt 1 0
vt 1 1
vt 0 0
vt 1 0
vt 1 1
vt 0 0
vt 1 0
vt 1 1
vt 0 0
vt 1 0
vt 1 1
vt 0 0
vt 1 0
vt 1 1
vt 0 0
vt 1 0
vt 1 1
vt 0 0
vt 1 0
vt 1 1
vt 0 0
vt 1 0
vt 1 1
vt 0 0
vt 1 0
vt 1 1
vt 0 0
vt 1 0
vt 1 1
vt 0 0
vt 1 0
vt 1 1
vt 0 0
vt 1 0
vt 1 1
vt 0 0
vt 1 0
vt 1 1
vt 0 0
vt 1 0
vt 1 1
vt 0 0
vt 1 0
vt 1 1
vt 0 0
vt 1 0
vt 1 1
vt 0 0
vt 1 0
vt 1 1
vt 0 0
vt 1 0
vt 1 1
vt 0 0
vt 1 0
vt 1 1
vt 0 0
vt 1 0
vt 1 1
vt 0 0
vt 1 0
vt 1 1
vt 0 0
vt 1 0
vt 1 1
vt 0 0
vt 1 0
vt 1 1
vt 0 0
vt 1 0
vt 1 1
vt 0 0
vt 1 0
vt 1 1
vt 0 0
vt 1 0
vt 1 1
vt 0 0
vt 1 0
vt 1 1
vt 0 0
vt 1 0
vt 1 1
vt 0 0
vt 1 0
vt 1 1
vt 0 0
vt 1 0
vt 1 1
vt 0 0
vt 1 0
vt 1 1
vt 0 0
vt 1 0
vt 1 1
vt 0 0
vt 1 0
vt 1 1
vt 0 0
vt 1 0
vt 1 1
vt 0 0
vt 1 0
vt 1 1
vt 0 0
vt 1 0
vt 1 1
vt 0 0
vt 1 0
vt 1 1
vt 0 0
vt 1 0
vt 1 1
vt 0 0
vt 1 0
vt 1 1
vt 0 0
vt 1 0
vt 1 1
vt 0 0
vt 1 0
vt 1 1
vt 0 0
vt 1 0
vt 1 1
vt 0 0
vt 1 0
vt 1 1
vt 0 0
vt 1 0
vt 1 1
vt 0 0
vt 1 0
vt 1 1
vt 0 0
vt 1 0
vt 1 1
vt 0 0
vt 1 0
vt 1 1
vt 0 0
vt 1 0
vt 1 1
vt 0 0
vt 1 0
vt 1 1
vt 0 0
vt 1 0
vt 1 1
vt 0 0
vt 1 0
vt 1 1
vt 0 0
vt 1 0
vt 1 1
vt 0 0
vt 1 0
vt 1 1
vt 0 0
vt 1 0
vt 1 1
vt 0 0
vt 1 0
vt 1 1
vt 0 0
vt 1 0
vt 1 1
vt 0 0
vt 1 0
vt 1 1
vt 0 0
vt 1 0
vt 1 1
vt 0 0
vt 1 0
vt 1 1
vt 0 0
vt 1 0
vt 1 1
vt 0 0
vt 1 0
vt 1 1
vt 0 0
vt 1 0
vt 1 1
vt 0 0
vt 1 0
vt 1 1
vt 0 0
vt 1 0
vt 1 1
vt 0 0
vt 1 0
vt 1 1
vt 0 0
vt 1 0
vt 1 1
vt 0 0
vt 1 0
vt 1 1
vt 0 0
vt 1 0
vt 1 1
vt 0 0
vt 1 0
vt 1 1
vt 0 0
vt 1 0
vt 1 1
vt 0 0
vt 1 0
vt 1 1
vt 0 0
vt 1 0
vt 1 1
vt 0 0
vt 1 0
vt 1 1
vt 0 0
vt 1 0
vt 1 1
vt 0 0
vt 1 0
vt 1 1
vt 0 0
vt 1 0
vt 1 1
vt 0 0
vt 1 0
vt 1 1
vt 0 0
vt 1 0
vt 1 1
vt 0 0
vt 1 0
vt 1 1
vt 0 0
vt 1 0
vt 1 1
vt 0 0
vt 1 0
vt 1 1
vt 0 0
vt 1 0
vt 1 1
vt 0 0
vt 1 0
vt 1 1
vt 0 0
vt 1 0
vt 1 1
vt 0 0
vt 1 0
vt 1 1
vt 0 0
vt 1 0
vt 1 1
vt 0 0
vt 1 0
vt 1 1
vt 0 0
vt 1 0
vt 1 1
vt 0 0
vt 1 0
vt 1 1
vt 0 0
vt 1 0
vt 1 1
vt 0 0
vt 1 0
vt 1 1
vt 0 0
vt 1 0
vt 1 1
vt 0 0
vt 1 0
vt 1 1
vt 0 0
vt 1 0
vt 1 1
vt 0 0
vt 1 0
vt 1 1
vt 0 0
vt 1 0
vt 1 1
vt 0 0
vt 1 0
vt 1 1
vt 0 0
vt 1 0
vt 1 1
vt 0 0
vt 1 0
vt 1 1
vt 0 0
vt 1 0
vt 1 1
vt 0 0
vt 1 0
vt 1 1
vt 0 0
vt 1 0
vt 1 1
vt 0 0
vt 1 0
vt 1 1
vt 0 0
vt 1 0
vt 1 1
vt 0 0
vt 1 0
vt 1 1
vt 0 0
vt 1 0
vt 1 1
vt 0 0
vt 1 0
vt 1 1
vt 0 0
vt 1 0
vt 1 1
vt 0 0
vt 1 0
vt 1 1
vt 0 0
vt 1 0
vt 1 1
vt 0 0
vt 1 0
vt 1 1
vt 0 0
vt 1 0
vt 1 1
vt 0 0
vt 1 0
vt 1 1
vt 0 0
vt 1 0
vt 1 1
vt 0 0
vt 1 0
vt 1 1
vt 0 0
vt 1 0
vt 1 1
vt 0 0
vt 1 0
vt 1 1
vt 0 0
vt 1 0
vt 1 1
vt 0 0
vt 1 0
vt 1 1
vt 0 0
vt 1 0
vt 1 1
vt 0 0
vt 1 0
vt 1 1
vt 0 0
vt 1 0
vt 1 1
vt 0 0
vt 1 0
vt 1 1
vt 0 0
vt 1 0
vt 1 1
vt 0 0
vt 1 0
vt 1 1
vt 0 0
vt 1 0
vt 1 1
vt 0 0
vt 1 0
vt 1 1
vt 0 0
vt 1 0
vt 1 1
vt 0 0
vt 1 0
vt 1 1
vt 0 0
vt 1 0
vt 1 1
vt 0 0
vt 1 0
vt 1 1
vt 0 0
vt 1 0
vt 1 1
vt 0 0
vt 1 0
vt 1 1
vt 0 0
vt 1 0
vt 1 1
vt 0 0
vt 1 0
vt 1 1
vt 0 0
vt 1 0
vt 1 1
vt 0 0
vt 1 0
vt 1 1
vt 0 0
vt 1 0
vt 1 1
vt 0 0
vt 1 0
vt 1 1
vt 0 0
vt 1 0
vt 1 1
vt 0 0
vt 1 0
vt 1 1
vt 0 0
vt 1 0
vt 1 1
vt 0 0
vt 1 0
vt 1 1
vt 0 0
vt 1 0
vt 1 1
vt 0 0
vt 1 0
vt 1 1
vt 0 0
vt 1 0
vt 1 1
vt 0 0
vt 1 0
vt 1 1
vt 0 0
vt 1 0
vt 1 1
vt 0 0
vt 1 0
vt 1 1
vt 0 0
vt 1 0
vt 1 1
vt 0 0
vt 1 0
vt 1 1
vt 0 0
vt 1 0
vt 1 1
vt 0 0
vt 1 0
vt 1 1
vt 0 0
vt 1 0
vt 1 1
vt 0 0
vt 1 0
vt 1 1
vt 0 0
vt 1 0
vt 1 1
vt 0 0
vt 1 0
vt 1 1
vt 0 0
vt 1 0
vt 1 1
vt 0 0
vt 1 0
vt 1 1
vt 0 0
vt 1 0
vt 1 1
vt 0 0
vt 1 0
vt 1 1
vt 0 0
vt 1 0
vt 1 1
vt 0 0
vt 1 0
vt 1 1
vt 0 0
vt 1 0
vt 1 1
vt 0 0
vt 1 0
vt 1 1
vt 0 0
vt 1 0
vt 1 1
vt 0 0
vt 1 0
vt 1 1
vt 0 0
vt 1 0
vt 1 1
vt 0 0
vt 1 0
vt 1 1
vt 0 0
vt 1 0
vt 1 1
vt 0 0
vt 1 0
vt 1 1
vt 0 0
vt 1 0
vt 1 1
vt 0 0
vt 1 0
vt 1 1
vt 0 0
vt 1 0
vt 1 1
vt 0 0
vt 1 0
vt 1 1
vt 0 0
vt 1 0
vt 1 1
vt 0 0
vt 1 0
vt 1 1
vt 0 0
vt 1 0
vt 1 1
vt 0 0
vt 1 0
vt 1 1
vt 0 0
vt 1 0
vt 1 1
vt 0 0
vt 1 0
vt 1 1
vt 0 0
vt 1 0
vt 1 1
vt 0 0
vt 1 0
vt 1 1
vt 0 0
vt 1 0
vt 1 1
vt 0 0
vt 1 0
vt 1 1
vt 0 0
vt 1 0
vt 1 1
vt 0 0
vt 1 0
vt 1 1
vt 0 0
vt 1 0
vt 1 1
vt 0 0
vt 1 0
vt 1 1
vt 0 0
vt 1 0
vt 1 1
vt 0 0
vt 1 0
vt 1 1
vt 0 0
vt 1 0
vt 1 1
vt 0 0
vt 1 0
vt 1 1
vt 0 0
vt 1 0
vt 1 1
vt 0 0
vt 1 0
vt 1 1
vt 0 0
vt 1 0
vt 1 1
vt 0 0
vt 1 0
vt 1 1
vt 0 0
vt 1 0
vt 1 1
vt 0 0
vt 1 0
vt 1 1
vt 0 0
vt 1 0
vt 1 1
vt 0 0
vt 1 0
vt 1 1
vt 0 0
vt 1 0
vt 1 1
vt 0 0
vt 1 0
vt 1 1
vt 0 0
vt 1 0
vt 1 1
vt 0 0
vt 1 0
vt 1 1
vt 0 0
vt 1 0
vt 1 1
vt 0 0
vt 1 0
vt 1 1
vt 0 0
vt 1 0
vt 1 1
vt 0 0
vt 1 0
vt 1 1
vt 0 0
vt 1 0
vt 1 1
vt 0 0
vt 1 0
vt 1 1
vt 0 0
vt 1 0
vt 1 1
vt 0 0
vt 1 0
vt 1 1
vt 0 0
vt 1 0
vt 1 1
vt 0 0
vt 1 0
vt 1 1
vt 0 0
vt 1 0
vt 1 1
vt 0 0
vt 1 0
vt 1 1
vt 0 0
vt 1 0
vt 1 1
vt 0 0
vt 1 0
vt 1 1
vt 0 0
vt 1 0
vt 1 1
vt 0 0
vt 1 0
vt 1 1
vt 0 0
vt 1 0
vt 1 1
vt 0 0
vt 1 0
vt 1 1
vt 0 0
vt 1 0
vt 1 1
vt 0 0
vt 1 0
vt 1 1
vt 0 0
vt 1 0
vt 1 1
vt 0 0
vt 1 0
vt 1 1
vt 0 0
vt 1 0
vt 1 1
vt 0 0
vt 1 0
vt 1 1
vt 0 0
vt 1 0
vt 1 1
vt 0 0
vt 1 0
vt 1 1
vt 0 0
vt 1 0
vt 1 1
vt 0 0
vt 1 0
vt 1 1
vt 0 0
vt 1 0
vt 1 1
vt 0 0
vt 1 0
vt 1 1
vt 0 0
vt 1 0
vt 1 1
vt 0 0
vt 1 0
vt 1 1
vt 0 0
vt 1 0
vt 1 1
vt 0 0
vt 1 0
vt 1 1
vt 0 0
vt 1 0
vt 1 1
vt 0 0
vt 1 0
vt 1 1
vt 0 0
vt 1 0
vt 1 1
vt 0 0
vt 1 0
vt 1 1
vt 0 0
vt 1 0
vt 1 1
vt 0 0
vt 1 0
vt 1 1
vt 0 0
vt 1 0
vt 1 1
vt 0 0
vt 1 0
vt 1 1
vt 0 0
vt 1 0
vt 1 1
vt 0 0
vt 1 0
vt 1 1
vt 0 0
vt 1 0
vt 1 1
vt 0 0
vt 1 0
vt 1 1
vt 0 0
vt 1 0
vt 1 1
vt 0 0
vt 1 0
vt 1 1
vt 0 0
vt 1 0
vt 1 1
vt 0 0
vt 1 0
vt 1 1
vt 0 0
vt 1 0
vt 1 1
vt 0 0
vt 1 0
vt 1 1
vt 0 0
vt 1 0
vt 1 1
vt 0 0
vt 1 0
vt 1 1
vt 0 0
vt 1 0
vt 1 1
vt 0 0
vt 1 0
vt 1 1
vt 0 0
vt 1 0
vt 1 1
vt 0 0
vt 1 0
vt 1 1
vt 0 0
vt 1 0
vt 1 1
vt 0 0
vt 1 0
vt 1 1
vt 0 0
vt 1 0
vt 1 1
vt 0 0
vt 1 0
vt 1 1
vt 0 0
vt 1 0
vt 1 1
vt 0 0
vt 1 0
vt 1 1
vt 0 0
vt 1 0
vt 1 1
vt 0 0
vt 1 0
vt 1 1
vt 0 0
vt 1 0
vt 1 1
vt 0 0
vt 1 0
vt 1 1
vt 0 0
vt 1 0
vt 1 1
vt 0 0
vt 1 0
vt 1 1
vt 0 0
vt 1 0
vt 1 1
vt 0 0
vt 1 0
vt 1 1
vt 0 0
vt 1 0
vt 1 1
vt 0 0
vt 1 0
vt 1 1
vt 0 0
vt 1 0
vt 1 1
vt 0 0
vt 1 0
vt 1 1
vt 0 0
vt 1 0
vt 1 1
vt 0 0
vt 1 0
vt 1 1
vt 0 0
vt 1 0
vt 1 1
vt 0 0
vt 1 0
vt 1 1
vt 0 0
vt 1 0
vt 1 1
vt 0 0
vt 1 0
vt 1 1
vt 0 0
vt 1 0
vt 1 1
vt 0 0
vt 1 0
vt 1 1
vt 0 0
vt 1 0
vt 1 1
vt 0 0
vt 1 0
vt 1 1
vt 0 0
vt 1 0
vt 1 1
vt 0 0
vt 1 0
vt 1 1
vt 0 0
vt 1 0
vt 1 1
vt 0 0
vt 1 0
vt 1 1
vt 0 0
vt 1 0
vt 1 1
vt 0 0
vt 1 0
vt 1 1
vt 0 0
vt 1 0
vt 1 1
vt 0 0
vt 1 0
vt 1 1
vt 0 0
vt 1 0
vt 1 1
vt 0 0
vt 1 0
vt 1 1
vt 0 0
vt 1 0
vt 1 1
vt 0 0
vt 1 0
vt 1 1
vt 0 0
vt 1 0
vt 1 1
vt 0 0
vt 1 0
vt 1 1
vt 0 0
vt 1 0
vt 1 1
vt 0 0
vt 1 0
vt 1 1
vt 0 0
vt 1 0
vt 1 1
vt 0 0
vt 1 0
vt 1 1
vt 0 0
vt 1 0
vt 1 1
vt 0 0
vt 1 0
vt 1 1
vt 0 0
vt 1 0
vt 1 1
vt 0 0
vt 1 0
vt 1 1
vt 0 0
vt 1 0
vt 1 1
vt 0 0
vt 1 0
vt 1 1
vt 0 0
vt 1 0
vt 1 1
vt 0 0
vt 1 0
vt 1 1
vt 0 0
vt 1 0
vt 1 1
vt 0 0
vt 1 0
vt 1 1
vt 0 0
vt 1 0
vt 1 1
vt 0 0
vt 1 0
vt 1 1
vt 0 0
vt 1 0
vt 1 1
vt 0 0
vt 1 0
vt 1 1
vt 0 0
vt 1 0
vt 1 1
vt 0 0
vt 1 0
vt 1 1
vt 0 0
vt 1 0
vt 1 1
vt 0 0
vt 1 0
vt 1 1
vt 0 0
vt 1 0
vt 1 1
vt 0 0
vt 1 0
vt 1 1
vt 0 0
vt 1 0
vt 1 1
vt 0 0
vt 1 0
vt 1 1
vt 0 0
vt 1 0
vt 1 1
vt 0 0
vt 1 0
vt 1 1
vt 0 0
vt 1 0
vt 1 1
vt 0 0
vt 1 0
vt 1 1
vt 0 0
vt 1 0
vt 1 1
vt 0 0
vt 1 0
vt 1 1
vt 0 0
vt 1 0
vt 1 1
vt 0 0
vt 1 0
vt 1 1
vt 0 0
vt 1 0
vt 1 1
vt 0 0
vt 1 0
vt 1 1
vt 0 0
vt 1 0
vt 1 1
vt 0 0
vt 1 0
vt 1 1
vt 0 0
vt 1 0
vt 1 1
vt 0 0
vt 1 0
vt 1 1
vt 0 0
vt 1 0
vt 1 1
vt 0 0
vt 1 0
vt 1 1
vt 0 0
vt 1 0
vt 1 1
vt 0 0
vt 1 0
vt 1 1
vt 0 0
vt 1 0
vt 1 1
vt 0 0
vt 1 0
vt 1 1
vt 0 0
vt 1 0
vt 1 1
vt 0 0
vt 1 0
vt 1 1
vt 0 0
vt 1 0
vt 1 1
vt 0 0
vt 1 0
vt 1 1
vt 0 0
vt 1 0
vt 1 1
vt 0 0
vt 1 0
vt 1 1
vt 0 0
vt 1 0
vt 1 1
vt 0 0
vt 1 0
vt 1 1
vt 0 0
vt 1 0
vt 1 1
vt 0 0
vt 1 0
vt 1 1
vt 0 0
vt 1 0
vt 1 1
vt 0 0
vt 1 0
vt 1 1
vt 0 0
vt 1 0
vt 1 1
vt 0 0
vt 1 0
vt 1 1
vt 0 0
vt 1 0
vt 1 1
vt 0 0
vt 1 0
vt 1 1
vt 0 0
vt 1 0
vt 1 1
vt 0 0
vt 1 0
vt 1 1
vt 0 0
vt 1 0
vt 1 1
vt 0 0
vt 1 0
vt 1 1
vt 0 0
vt 1 0
vt 1 1
vt 0 0
vt 1 0
vt 1 1
vt 0 0
vt 1 0
vt 1 1
vt 0 0
vt 1 0
vt 1 1
vt 0 0
vt 1 0
vt 1 1
vt 0 0
vt 1 0
vt 1 1
vt 0 0
vt 1 0
vt 1 1
vt 0 0
vt 1 0
vt 1 1
vt 0 0
vt 1 0
vt 1 1
vt 0 0
vt 1 0
vt 1 1
vt 0 0
vt 1 0
vt 1 1
vt 0 0
vt 1 0
vt 1 1
vt 0 0
vt 1 0
vt 1 1
vt 0 0
vt 1 0
vt 1 1
vt 0 0
vt 1 0
vt 1 1
vt 0 0
vt 1 0
vt 1 1
vt 0 0
vt 1 0
vt 1 1
vt 0 0
vt 1 0
vt 1 1
vt 0 0
vt 1 0
vt 1 1
vt 0 0
vt 1 0
vt 1 1
vt 0 0
vt 1 0
vt 1 1
vt 0 0
vt 1 0
vt 1 1
vt 0 0
vt 1 0
vt 1 1
vt 0 0
vt 1 0
vt 1 1
vt 0 0
vt 1 0
vt 1 1
vt 0 0
vt 1 0
vt 1 1
vt 0 0
vt 1 0
vt 1 1
vt 0 0
vt 1 0
vt 1 1
vt 0 0
vt 1 0
vt 1 1
vt 0 0
vt 1 0
vt 1 1
vt 0 0
vt 1 0
vt 1 1
vt 0 0
vt 1 0
vt 1 1
vt 0 0
vt 1 0
vt 1 1
vt 0 0
vt 1 0
vt 1 1
vt 0 0
vt 1 0
vt 1 1
vt 0 0
vt 1 0
vt 1 1
vt 0 0
vt 1 0
vt 1 1
vt 0 0
vt 1 0
vt 1 1
vt 0 0
vt 1 0
vt 1 1
vt 0 0
vt 1 0
vt 1 1
vt 0 0
vt 1 0
vt 1 1
vt 0 0
vt 1 0
vt 1 1
vt 0 0
vt 1 0
vt 1 1
vt 0 0
vt 1 0
vt 1 1
vt 0 0
vt 1 0
vt 1 1
vt 0 0
vt 1 0
vt 1 1
vt 0 0
vt 1 0
vt 1 1
vt 0 0
vt 1 0
vt 1 1
vt 0 0
vt 1 0
vt 1 1
vt 0 0
vt 1 0
vt 1 1
vt 0 0
vt 1 0
vt 1 1
vt 0 0
vt 1 0
vt 1 1
vt 0 0
vt 1 0
vt 1 1
vt 0 0
vt 1 0
vt 1 1
vt 0 0
vt 1 0
vt 1 1
vt 0 0
vt 1 0
vt 1 1
vt 0 0
vt 1 0
vt 1 1
vt 0 0
vt 1 0
vt 1 1
vt 0 0
vt 1 0
vt 1 1
vt 0 0
vt 1 0
vt 1 1
vt 0 0
vt 1 0
vt 1 1
vt 0 0
vt 1 0
vt 1 1
vt 0 0
vt 1 0
vt 1 1
vt 0 0
vt 1 0
vt 1 1
vt 0 0
vt 1 0
vt 1 1
vt 0 0
vt 1 0
vt 1 1
vt 0 0
vt 1 0
vt 1 1
vt 0 0
vt 1 0
vt 1 1
vt 0 0
vt 1 0
vt 1 1
vt 0 0
vt 1 0
vt 1 1
vt 0 0
vt 1 0
vt 1 1
vt 0 0
vt 1 0
vt 1 1
vt 0 0
vt 1 0
vt 1 1
vt 0 0
vt 1 0
vt 1 1
vt 0 0
vt 1 0
vt 1 1
vt 0 0
vt 1 0
vt 1 1
vt 0 0
vt 1 0
vt 1 1
vt 0 0
vt 1 0
vt 1 1
vt 0 0
vt 1 0
vt 1 1
vt 0 0
vt 1 0
vt 1 1
vt 0 0
vt 1 0
vt 1 1
vt 0 0
vt 1 0
vt 1 1
vt 0 0
vt 1 0
vt 1 1
vt 0 0
vt 1 0
vt 1 1
vt 0 0
vt 1 0
vt 1 1
vt 0 0
vt 1 0
vt 1 1
vt 0 0
vt 1 0
vt 1 1
vt 0 0
vt 1 0
vt 1 1
vt 0 0
vt 1 0
vt 1 1
vt 0 0
vt 1 0
vt 1 1
vt 0 0
vt 1 0
vt 1 1
vt 0 0
vt 1 0
vt 1 1
vt 0 0
vt 1 0
vt 1 1
vt 0 0
vt 1 0
vt 1 1
vt 0 0
vt 1 0
vt 1 1
vt 0 0
vt 1 0
vt 1 1
vt 0 0
vt 1 0
vt 1 1
vt 0 0
vt 1 0
vt 1 1
vt 0 0
vt 1 0
vt 1 1
vt 0 0
vt 1 0
vt 1 1
vt 0 0
vt 1 0
vt 1 1
vt 0 0
vt 1 0
vt 1 1
vt 0 0
vt 1 0
vt 1 1
vt 0 0
vt 1 0
vt 1 1
vt 0 0
vt 1 0
vt 1 1
vt 0 0
vt 1 0
vt 1 1
vt 0 0
vt 1 0
vt 1 1
vt 0 0
vt 1 0
vt 1 1
vt 0 0
vt 1 0
vt 1 1
vt 0 0
vt 1 0
vt 1 1
vt 0 0
vt 1 0
vt 1 1
vt 0 0
vt 1 0
vt 1 1
vt 0 0
vt 1 0
vt 1 1
vt 0 0
vt 1 0
vt 1 1
vt 0 0
vt 1 0
vt 1 1
vt 0 0
vt 1 0
vt 1 1
vt 0 0
vt 1 0
vt 1 1
vt 0 0
vt 1 0
vt 1 1
vt 0 0
vt 1 0
vt 1 1
vt 0 0
vt 1 0
vt 1 1
vt 0 0
vt 1 0
vt 1 1
vt 0 0
vt 1 0
vt 1 1
vt 0 0
vt 1 0
vt 1 1
vt 0 0
vt 1 0
vt 1 1
vt 0 0
vt 1 0
vt 1 1
vt 0 0
vt 1 0
vt 1 1
vt 0 0
vt 1 0
vt 1 1
vt 0 0
vt 1 0
vt 1 1
vt 0 0
vt 1 0
vt 1 1
vt 0 0
vt 1 0
vt 1 1
vt 0 0
vt 1 0
vt 1 1
vt 0 0
vt 1 0
vt 1 1
vt 0 0
vt 1 0
vt 1 1
vt 0 0
vt 1 0
vt 1 1
vt 0 0
vt 1 0
vt 1 1
vt 0 0
vt 1 0
vt 1 1
vt 0 0
vt 1 0
vt 1 1
vt 0 0
vt 1 0
vt 1 1
vt 0 0
vt 1 0
vt 1 1
vt 0 0
vt 1 0
vt 1 1
vt 0 0
vt 1 0
vt 1 1
vt 0 0
vt 1 0
vt 1 1
vt 0 0
vt 1 0
vt 1 1
vt 0 0
vt 1 0
vt 1 1
vt 0 0
vt 1 0
vt 1 1
vt 0 0
vt 1 0
vt 1 1
vt 0 0
vt 1 0
vt 1 1
vt 0 0
vt 1 0
vt 1 1
vt 0 0
vt 1 0
vt 1 1
vt 0 0
vt 1 0
vt 1 1
vt 0 0
vt 1 0
vt 1 1
vt 0 0
vt 1 0
vt 1 1
vt 0 0
vt 1 0
vt 1 1
vt 0 0
vt 1 0
vt 1 1
vt 0 0
vt 1 0
vt 1 1
vt 0 0
vt 1 0
vt 1 1
vt 0 0
vt 1 0
vt 1 1
vt 0 0
vt 1 0
vt 1 1
vt 0 0
vt 1 0
vt 1 1
vt 0 0
vt 1 0
vt 1 1
vt 0 0
vt 1 0
vt 1 1
vt 0 0
vt 1 0
vt 1 1
vt 0 0
vt 1 0
vt 1 1
vt 0 0
vt 1 0
vt 1 1
vt 0 0
vt 1 0
vt 1 1
vt 0 0
vt 1 0
vt 1 1
vt 0 0
vt 1 0
vt 1 1
vt 0 0
vt 1 0
vt 1 1
vt 0 0
vt 1 0
vt 1 1
vt 0 0
vt 1 0
vt 1 1
vt 0 0
vt 1 0
vt 1 1
vt 0 0
vt 1 0
vt 1 1
vt 0 0
vt 1 0
vt 1 1
vt 0 0
vt 1 0
vt 1 1
vt 0 0
vt 1 0
vt 1 1
vt 0 0
vt 1 0
vt 1 1
vt 0 0
vt 1 0
vt 1 1
vt 0 0
vt 1 0
vt 1 1
vt 0 0
vt 1 0
vt 1 1
vt 0 0
vt 1 0
vt 1 1
vt 0 0
vt 1 0
vt 1 1
vt 0 0
vt 1 0
vt 1 1
vt 0 0
vt 1 0
vt 1 1
vt 0 0
vt 1 0
vt 1 1
vt 0 0
vt 1 0
vt 1 1
vt 0 0
vt 1 0
vt 1 1
vt 0 0
vt 1 0
vt 1 1
vt 0 0
vt 1 0
vt 1 1
vt 0 0
vt 1 0
vt 1 1
vt 0 0
vt 1 0
vt 1 1
vt 0 0
vt 1 0
vt 1 1
vt 0 0
vt 1 0
vt 1 1
vt 0 0
vt 1 0
vt 1 1
vt 0 0
vt 1 0
vt 1 1
vt 0 0
vt 1 0
vt 1 1
vt 0 0
vt 1 0
vt 1 1
vt 0 0
vt 1 0
vt 1 1
vt 0 0
vt 1 0
vt 1 1
vt 0 0
vt 1 0
vt 1 1
vt 0 0
vt 1 0
vt 1 1
vt 0 0
vt 1 0
vt 1 1
vt 0 0
vt 1 0
vt 1 1
vt 0 0
vt 1 0
vt 1 1
vt 0 0
vt 1 0
vt 1 1
vt 0 0
vt 1 0
vt 1 1
vt 0 0
vt 1 0
vt 1 1
vt 0 0
vt 1 0
vt 1 1
vt 0 0
vt 1 0
vt 1 1
vt 0 0
vt 1 0
vt 1 1
vt 0 0
vt 1 0
vt 1 1
vt 0 0
vt 1 0
vt 1 1
vt 0 0
vt 1 0
vt 1 1
vt 0 0
vt 1 0
vt 1 1
vt 0 0
vt 1 0
vt 1 1
vt 0 0
vt 1 0
vt 1 1
vt 0 0
vt 1 0
vt 1 1
vt 0 0
vt 1 0
vt 1 1
vt 0 0
vt 1 0
vt 1 1
vt 0 0
vt 1 0
vt 1 1
vt 0 0
vt 1 0
vt 1 1
vt 0 0
vt 1 0
vt 1 1
vt 0 0
vt 1 0
vt 1 1
vt 0 0
vt 1 0
vt 1 1
vt 0 0
vt 1 0
vt 1 1
vt 0 0
vt 1 0
vt 1 1
vt 0 0
vt 1 0
vt 1 1
vt 0 0
vt 1 0
vt 1 1
vt 0 0
vt 1 0
vt 1 1
vt 0 0
vt 1 0
vt 1 1
vt 0 0
vt 1 0
vt 1 1
vt 0 0
vt 1 0
vt 1 1
vt 0 0
vt 1 0
vt 1 1
vt 0 0
vt 1 0
vt 1 1
vt 0 0
vt 1 0
vt 1 1
vt 0 0
vt 1 0
vt 1 1
vt 0 0
vt 1 0
vt 1 1
vt 0 0
vt 1 0
vt 1 1
vt 0 0
vt 1 0
vt 1 1
vt 0 0
vt 1 0
vt 1 1
vt 0 0
vt 1 0
vt 1 1
vt 0 0
vt 1 0
vt 1 1
vt 0 0
vt 1 0
vt 1 1
vt 0 0
vt 1 0
vt 1 1
vt 0 0
vt 1 0
vt 1 1
vt 0 0
vt 1 0
vt 1 1
vt 0 0
vt 1 0
vt 1 1
vt 0 0
vt 1 0
vt 1 1
vt 0 0
vt 1 0
vt 1 1
vt 0 0
vt 1 0
vt 1 1
vt 0 0
vt 1 0
vt 1 1
vt 0 0
vt 1 0
vt 1 1
vt 0 0
vt 1 0
vt 1 1
vt 0 0
vt 1 0
vt 1 1
vt 0 0
vt 1 0
vt 1 1
vt 0 0
vt 1 0
vt 1 1
vt 0 0
vt 1 0
vt 1 1
vt 0 0
vt 1 0
vt 1 1
vt 0 0
vt 1 0
vt 1 1
vt 0 0
vt 1 0
vt 1 1
vt 0 0
vt 1 0
vt 1 1
vt 0 0
vt 1 0
vt 1 1
vt 0 0
vt 1 0
vt 1 1
vt 0 0
vt 1 0
vt 1 1
vt 0 0
vt 1 0
vt 1 1
vt 0 0
vt 1 0
vt 1 1
vt 0 0
vt 1 0
vt 1 1
vt 0 0
vt 1 0
vt 1 1
vt 0 0
vt 1 0
vt 1 1
vt 0 0
vt 1 0
vt 1 1
vt 0 0
vt 1 0
vt 1 1
vt 0 0
vt 1 0
vt 1 1
vt 0 0
vt 1 0
vt 1 1
vt 0 0
vt 1 0
vt 1 1
vt 0 0
vt 1 0
vt 1 1
vt 0 0
vt 1 0
vt 1 1
vt 0 0
vt 1 0
vt 1 1
vt 0 0
vt 1 0
vt 1 1
vt 0 0
vt 1 0
vt 1 1
vt 0 0
vt 1 0
vt 1 1
vt 0 0
vt 1 0
vt 1 1
vt 0 0
vt 1 0
vt 1 1
vt 0 0
vt 1 0
vt 1 1
vt 0 0
vt 1 0
vt 1 1
vt 0 0
vt 1 0
vt 1 1
vt 0 0
vt 1 0
vt 1 1
vt 0 0
vt 1 0
vt 1 1
vt 0 0
vt 1 0
vt 1 1
vt 0 0
vt 1 0
vt 1 1
vt 0 0
vt 1 0
vt 1 1
vt 0 0
vt 1 0
vt 1 1
vt 0 0
vt 1 0
vt 1 1
vt 0 0
vt 1 0
vt 1 1
vt 0 0
vt 1 0
vt 1 1
vt 0 0
vt 1 0
vt 1 1
vt 0 0
vt 1 0
vt 1 1
vt 0 0
vt 1 0
vt 1 1
vt 0 0
vt 1 0
vt 1 1
vt 0 0
vt 1 0
vt 1 1
vt 0 0
vt 1 0
vt 1 1
vt 0 0
vt 1 0
vt 1 1
vt 0 0
vt 1 0
vt 1 1
vt 0 0
vt 1 0
vt 1 1
vt 0 0
vt 1 0
vt 1 1
vt 0 0
vt 1 0
vt 1 1
vt 0 0
vt 1 0
vt 1 1
vt 0 0
vt 1 0
vt 1 1
vt 0 0
vt 1 0
vt 1 1
vt 0 0
vt 1 0
vt 1 1
vt 0 0
vt 1 0
vt 1 1
vt 0 0
vt 1 0
vt 1 1
vt 0 0
vt 1 0
vt 1 1
vt 0 0
vt 1 0
vt 1 1
vt 0 0
vt 1 0
vt 1 1
vt 0 0
vt 1 0
vt 1 1
vt 0 0
vt 1 0
vt 1 1
vt 0 0
vt 1 0
vt 1 1
vt 0 0
vt 1 0
vt 1 1
vt 0 0
vt 1 0
vt 1 1
vt 0 0
vt 1 0
vt 1 1
vt 0 0
vt 1 0
vt 1 1
vt 0 0
vt 1 0
vt 1 1
vt 0 0
vt 1 0
vt 1 1
vt 0 0
vt 1 0
vt 1 1
vt 0 0
vt 1 0
vt 1 1
vt 0 0
vt 1 0
vt 1 1
vt 0 0
vt 1 0
vt 1 1
vt 0 0
vt 1 0
vt 1 1
vt 0 0
vt 1 0
vt 1 1
vt 0 0
vt 1 0
vt 1 1
vt 0 0
vt 1 0
vt 1 1
vt 0 0
vt 1 0
vt 1 1
vt 0 0
vt 1 0
vt 1 1
vt 0 0
vt 1 0
vt 1 1
vt 0 0
vt 1 0
vt 1 1
vt 0 0
vt 1 0
vt 1 1
vt 0 0
vt 1 0
vt 1 1
vt 0 0
vt 1 0
vt 1 1
vt 0 0
vt 1 0
vt 1 1
vt 0 0
vt 1 0
vt 1 1
vt 0 0
vt 1 0
vt 1 1
vt 0 0
vt 1 0
vt 1 1
vt 0 0
vt 1 0
vt 1 1
vt 0 0
vt 1 0
vt 1 1
vt 0 0
vt 1 0
vt 1 1
vt 0 0
vt 1 0
vt 1 1
vt 0 0
vt 1 0
vt 1 1
vt 0 0
vt 1 0
vt 1 1
vt 0 0
vt 1 0
vt 1 1
vt 0 0
vt 1 0
vt 1 1
vt 0 0
vt 1 0
vt 1 1
vt 0 0
vt 1 0
vt 1 1
vt 0 0
vt 1 0
vt 1 1
vt 0 0
vt 1 0
vt 1 1
vt 0 0
vt 1 0
vt 1 1
vt 0 0
vt 1 0
vt 1 1
vt 0 0
vt 1 0
vt 1 1
vt 0 0
vt 1 0
vt 1 1
vt 0 0
vt 1 0
vt 1 1
vt 0 0
vt 1 0
vt 1 1
vt 0 0
vt 1 0
vt 1 1
vt 0 0
vt 1 0
vt 1 1
vt 0 0
vt 1 0
vt 1 1
vt 0 0
vt 1 0
vt 1 1
vt 0 0
vt 1 0
vt 1 1
vt 0 0
vt 1 0
vt 1 1
vt 0 0
vt 1 0
vt 1 1
vt 0 0
vt 1 0
vt 1 1
vt 0 0
vt 1 0
vt 1 1
vt 0 0
vt 1 0
vt 1 1
vt 0 0
vt 1 0
vt 1 1
vt 0 0
vt 1 0
vt 1 1
vt 0 0
vt 1 0
vt 1 1
vt 0 0
vt 1 0
vt 1 1
vt 0 0
vt 1 0
vt 1 1
vt 0 0
vt 1 0
vt 1 1
vt 0 0
vt 1 0
vt 1 1
vt 0 0
vt 1 0
vt 1 1
vt 0 0
vt 1 0
vt 1 1
vt 0 0
vt 1 0
vt 1 1
vt 0 0
vt 1 0
vt 1 1
vt 0 0
vt 1 0
vt 1 1
vt 0 0
vt 1 0
vt 1 1
vt 0 0
vt 1 0
vt 1 1
vt 0 0
vt 1 0
vt 1 1
vt 0 0
vt 1 0
vt 1 1
vt 0 0
vt 1 0
vt 1 1
vt 0 0
vt 1 0
vt 1 1
vt 0 0
vt 1 0
vt 1 1
vt 0 0
vt 1 0
vt 1 1
vt 0 0
vt 1 0
vt 1 1
vt 0 0
vt 1 0
vt 1 1
vt 0 0
vt 1 0
vt 1 1
vt 0 0
vt 1 0
vt 1 1
vt 0 0
vt 1 0
vt 1 1
vt 0 0
vt 1 0
vt 1 1
vt 0 0
vt 1 0
vt 1 1
vt 0 0
vt 1 0
vt 1 1
vt 0 0
vt 1 0
vt 1 1
vt 0 0
vt 1 0
vt 1 1
vt 0 0
vt 1 0
vt 1 1
vt 0 0
vt 1 0
vt 1 1
vt 0 0
vt 1 0
vt 1 1
vt 0 0
vt 1 0
vt 1 1
vt 0 0
vt 1 0
vt 1 1
vt 0 0
vt 1 0
vt 1 1
vt 0 0
vt 1 0
vt 1 1
vt 0 0
vt 1 0
vt 1 1
vt 0 0
vt 1 0
vt 1 1
vt 0 0
vt 1 0
vt 1 1
vt 0 0
vt 1 0
vt 1 1
vt 0 0
vt 1 0
vt 1 1
vt 0 0
vt 1 0
vt 1 1
vt 0 0
vt 1 0
vt 1 1
vt 0 0
vt 1 0
vt 1 1
vt 0 0
vt 1 0
vt 1 1
vt 0 0
vt 1 0
vt 1 1
vt 0 0
vt 1 0
vt 1 1
vt 0 0
vt 1 0
vt 1 1
vt 0 0
vt 1 0
vt 1 1
vt 0 0
vt 1 0
vt 1 1
vt 0 0
vt 1 0
vt 1 1
vt 0 0
vt 1 0
vt 1 1
vt 0 0
vt 1 0
vt 1 1
vt 0 0
vt 1 0
vt 1 1
vt 0 0
vt 1 0
vt 1 1
vt 0 0
vt 1 0
vt 1 1
vt 0 0
vt 1 0
vt 1 1
vt 0 0
vt 1 0
vt 1 1
vt 0 0
vt 1 0
vt 1 1
vt 0 0
vt 1 0
vt 1 1
vt 0 0
vt 1 0
vt 1 1
vt 0 0
vt 1 0
vt 1 1
vt 0 0
vt 1 0
vt 1 1
vt 0 0
vt 1 0
vt 1 1
vt 0 0
vt 1 0
vt 1 1
vt 0 0
vt 1 0
vt 1 1
vt 0 0
vt 1 0
vt 1 1
vt 0 0
vt 1 0
vt 1 1
vt 0 0
vt 1 0
vt 1 1
vt 0 0
vt 1 0
vt 1 1
vt 0 0
vt 1 0
vt 1 1
vt 0 0
vt 1 0
vt 1 1
vt 0 0
vt 1 0
vt 1 1
vt 0 0
vt 1 0
vt 1 1
vt 0 0
vt 1 0
vt 1 1
vt 0 0
vt 1 0
vt 1 1
vt 0 0
vt 1 0
vt 1 1
vt 0 0
vt 1 0
vt 1 1
vt 0 0
vt 1 0
vt 1 1
vt 0 0
vt 1 0
vt 1 1
vt 0 0
vt 1 0
vt 1 1
vt 0 0
vt 1 0
vt 1 1
vt 0 0
vt 1 0
vt 1 1
vt 0 0
vt 1 0
vt 1 1
vt 0 0
vt 1 0
vt 1 1
vt 0 0
vt 1 0
vt 1 1
vt 0 0
vt 1 0
vt 1 1
vt 0 0
vt 1 0
vt 1 1
vt 0 0
vt 1 0
vt 1 1
vt 0 0
vt 1 0
vt 1 1
vt 0 0
vt 1 0
vt 1 1
vt 0 0
vt 1 0
vt 1 1
vt 0 0
vt 1 0
vt 1 1
vt 0 0
vt 1 0
vt 1 1
vt 0 0
vt 1 0
vt 1 1
vt 0 0
vt 1 0
vt 1 1
vt 0 0
vt 1 0
vt 1 1
vt 0 0
vt 1 0
vt 1 1
vt 0 0
vt 1 0
vt 1 1
vt 0 0
vt 1 0
vt 1 1
vt 0 0
vt 1 0
vt 1 1
vt 0 0
vt 1 0
vt 1 1
vt 0 0
vt 1 0
vt 1 1
vt 0 0
vt 1 0
vt 1 1
vt 0 0
vt 1 0
vt 1 1
vt 0 0
vt 1 0
vt 1 1
vt 0 0
vt 1 0
vt 1 1
vt 0 0
vt 1 0
vt 1 1
vt 0 0
vt 1 0
vt 1 1
vt 0 0
vt 1 0
vt 1 1
vt 0 0
vt 1 0
vt 1 1
vt 0 0
vt 1 0
vt 1 1
vt 0 0
vt 1 0
vt 1 1
vt 0 0
vt 1 0
vt 1 1
vt 0 0
vt 1 0
vt 1 1
vt 0 0
vt 1 0
vt 1 1
vt 0 0
vt 1 0
vt 1 1
vt 0 0
vt 1 0
vt 1 1
vt 0 0
vt 1 0
vt 1 1
vt 0 0
vt 1 0
vt 1 1
vt 0 0
vt 1 0
vt 1 1
vt 0 0
vt 1 0
vt 1 1
vt 0 0
vt 1 0
vt 1 1
vt 0 0
vt 1 0
vt 1 1
vt 0 0
vt 1 0
vt 1 1
vt 0 0
vt 1 0
vt 1 1
vt 0 0
vt 1 0
vt 1 1
vt 0 0
vt 1 0
vt 1 1
vt 0 0
vt 1 0
vt 1 1
vt 0 0
vt 1 0
vt 1 1
vt 0 0
vt 1 0
vt 1 1
vt 0 0
vt 1 0
vt 1 1
vt 0 0
vt 1 0
vt 1 1
vt 0 0
vt 1 0
vt 1 1
vt 0 0
vt 1 0
vt 1 1
vt 0 0
vt 1 0
vt 1 1
vt 0 0
vt 1 0
vt 1 1
vt 0 0
vt 1 0
vt 1 1
vt 0 0
vt 1 0
vt 1 1
vt 0 0
vt 1 0
vt 1 1
vt 0 0
vt 1 0
vt 1 1
vt 0 0
vt 1 0
vt 1 1
vt 0 0
vt 1 0
vt 1 1
vt 0 0
vt 1 0
vt 1 1
vt 0 0
vt 1 0
vt 1 1
vt 0 0
vt 1 0
vt 1 1
vt 0 0
vt 1 0
vt 1 1
vt 0 0
vt 1 0
vt 1 1
vt 0 0
vt 1 0
vt 1 1
vt 0 0
vt 1 0
vt 1 1
vt 0 0
vt 1 0
vt 1 1
vt 0 0
vt 1 0
vt 1 1
vt 0 0
vt 1 0
vt 1 1
vt 0 0
vt 1 0
vt 1 1
vt 0 0
vt 1 0
vt 1 1
vt 0 0
vt 1 0
vt 1 1
vt 0 0
vt 1 0
vt 1 1
vt 0 0
vt 1 0
vt 1 1
vt 0 0
vt 1 0
vt 1 1
vt 0 0
vt 1 0
vt 1 1
vt 0 0
vt 1 0
vt 1 1
vt 0 0
vt 1 0
vt 1 1
vt 0 0
vt 1 0
vt 1 1
vt 0 0
vt 1 0
vt 1 1
vt 0 0
vt 1 0
vt 1 1
vt 0 0
vt 1 0
vt 1 1
vt 0 0
vt 1 0
vt 1 1
vt 0 0
vt 1 0
vt 1 1
vt 0 0
vt 1 0
vt 1 1
vt 0 0
vt 1 0
vt 1 1
vt 0 0
vt 1 0
vt 1 1
vt 0 0
vt 1 0
vt 1 1
vt 0 0
vt 1 0
vt 1 1
vt 0 0
vt 1 0
vt 1 1
vt 0 0
vt 1 0
vt 1 1
vt 0 0
vt 1 0
vt 1 1
vt 0 0
vt 1 0
vt 1 1
vt 0 0
vt 1 0
vt 1 1
vt 0 0
vt 1 0
vt 1 1
vt 0 0
vt 1 0
vt 1 1
vt 0 0
vt 1 0
vt 1 1
vt 0 0
vt 1 0
vt 1 1
vt 0 0
vt 1 0
vt 1 1
vt 0 0
vt 1 0
vt 1 1
vt 0 0
vt 1 0
vt 1 1
vt 0 0
vt 1 0
vt 1 1
vt 0 0
vt 1 0
vt 1 1
vt 0 0
vt 1 0
vt 1 1
vt 0 0
vt 1 0
vt 1 1
vt 0 0
vt 1 0
vt 1 1
vt 0 0
vt 1 0
vt 1 1
vt 0 0
vt 1 0
vt 1 1
vt 0 0
vt 1 0
vt 1 1
vt 0 0
vt 1 0
vt 1 1
vt 0 0
vt 1 0
vt 1 1
vt 0 0
vt 1 0
vt 1 1
vt 0 0
vt 1 0
vt 1 1
vt 0 0
vt 1 0
vt 1 1
vt 0 0
vt 1 0
vt 1 1
vt 0 0
vt 1 0
vt 1 1
vt 0 0
vt 1 0
vt 1 1
vt 0 0
vt 1 0
vt 1 1
vt 0 0
vt 1 0
vt 1 1
vt 0 0
vt 1 0
vt 1 1
vt 0 0
vt 1 0
vt 1 1
vt 0 0
vt 1 0
vt 1 1
vt 0 0
vt 1 0
vt 1 1
vt 0 0
vt 1 0
vt 1 1
vt 0 0
vt 1 0
vt 1 1
vt 0 0
vt 1 0
vt 1 1
vt 0 0
vt 1 0
vt 1 1
vt 0 0
vt 1 0
vt 1 1
vt 0 0
vt 1 0
vt 1 1
vt 0 0
vt 1 0
vt 1 1
vt 0 0
vt 1 0
vt 1 1
vt 0 0
vt 1 0
vt 1 1
vt 0 0
vt 1 0
vt 1 1
vt 0 0
vt 1 0
vt 1 1
vt 0 0
vt 1 0
vt 1 1
vt 0 0
vt 1 0
vt 1 1
vt 0 0
vt 1 0
vt 1 1
vt 0 0
vt 1 0
vt 1 1
vt 0 0
vt 1 0
vt 1 1
vt 0 0
vt 1 0
vt 1 1
vt 0 0
vt 1 0
vt 1 1
vt 0 0
vt 1 0
vt 1 1
vt 0 0
vt 1 0
vt 1 1
vt 0 0
vt 1 0
vt 1 1
vt 0 0
vt 1 0
vt 1 1
vt 0 0
vt 1 0
vt 1 1
vt 0 0
vt 1 0
vt 1 1
vt 0 0
vt 1 0
vt 1 1
vt 0 0
vt 1 0
vt 1 1
vt 0 0
vt 1 0
vt 1 1
vt 0 0
vt 1 0
vt 1 1
vt 0 0
vt 1 0
vt 1 1
vt 0 0
vt 1 0
vt 1 1
vt 0 0
vt 1 0
vt 1 1
vt 0 0
vt 1 0
vt 1 1
vt 0 0
vt 1 0
vt 1 1
vt 0 0
vt 1 0
vt 1 1
vt 0 0
vt 1 0
vt 1 1
vt 0 0
vt 1 0
vt 1 1
vt 0 0
vt 1 0
vt 1 1
vt 0 0
vt 1 0
vt 1 1
vt 0 0
vt 1 0
vt 1 1
vt 0 0
vt 1 0
vt 1 1
vt 0 0
vt 1 0
vt 1 1
vt 0 0
vt 1 0
vt 1 1
vt 0 0
vt 1 0
vt 1 1
vt 0 0
vt 1 0
vt 1 1
vt 0 0
vt 1 0
vt 1 1
vt 0 0
vt 1 0
vt 1 1
vt 0 0
vt 1 0
vt 1 1
vt 0 0
vt 1 0
vt 1 1
vt 0 0
vt 1 0
vt 1 1
vt 0 0
vt 1 0
vt 1 1
vt 0 0
vt 1 0
vt 1 1
vt 0 0
vt 1 0
vt 1 1
vt 0 0
vt 1 0
vt 1 1
vt 0 0
vt 1 0
vt 1 1
vt 0 0
vt 1 0
vt 1 1
vt 0 0
vt 1 0
vt 1 1
vt 0 0
vt 1 0
vt 1 1
vt 0 0
vt 1 0
vt 1 1
vt 0 0
vt 1 0
vt 1 1
vt 0 0
vt 1 0
vt 1 1
vt 0 0
vt 1 0
vt 1 1
vt 0 0
vt 1 0
vt 1 1
vt 0 0
vt 1 0
vt 1 1
vt 0 0
vt 1 0
vt 1 1
vt 0 0
vt 1 0
vt 1 1
vt 0 0
vt 1 0
vt 1 1
vt 0 0
vt 1 0
vt 1 1
vt 0 0
vt 1 0
vt 1 1
vt 0 0
vt 1 0
vt 1 1
vt 0 0
vt 1 0
vt 1 1
vt 0 0
vt 1 0
vt 1 1
vt 0 0
vt 1 0
vt 1 1
vt 0 0
vt 1 0
vt 1 1
vt 0 0
vt 1 0
vt 1 1
vt 0 0
vt 1 0
vt 1 1
vt 0 0
vt 1 0
vt 1 1
vt 0 0
vt 1 0
vt 1 1
vt 0 0
vt 1 0
vt 1 1
vt 0 0
vt 1 0
vt 1 1
vt 0 0
vt 1 0
vt 1 1
vt 0 0
vt 1 0
vt 1 1
vt 0 0
vt 1 0
vt 1 1
vt 0 0
vt 1 0
vt 1 1
vt 0 0
vt 1 0
vt 1 1
vt 0 0
vt 1 0
vt 1 1
vt 0 0
vt 1 0
vt 1 1
vt 0 0
vt 1 0
vt 1 1
vt 0 0
vt 1 0
vt 1 1
vt 0 0
vt 1 0
vt 1 1
vt 0 0
vt 1 0
vt 1 1
vt 0 0
vt 1 0
vt 1 1
vt 0 0
vt 1 0
vt 1 1
vt 0 0
vt 1 0
vt 1 1
vt 0 0
vt 1 0
vt 1 1
vt 0 0
vt 1 0
vt 1 1
vt 0 0
vt 1 0
vt 1 1
vt 0 0
vt 1 0
vt 1 1
vt 0 0
vt 1 0
vt 1 1
vt 0 0
vt 1 0
vt 1 1
vt 0 0
vt 1 0
vt 1 1
vt 0 0
vt 1 0
vt 1 1
vt 0 0
vt 1 0
vt 1 1
vt 0 0
vt 1 0
vt 1 1
vt 0 0
vt 1 0
vt 1 1
vt 0 0
vt 1 0
vt 1 1
vt 0 0
vt 1 0
vt 1 1
vt 0 0
vt 1 0
vt 1 1
vt 0 0
vt 1 0
vt 1 1
vt 0 0
vt 1 0
vt 1 1
vt 0 0
vt 1 0
vt 1 1
vt 0 0
vt 1 0
vt 1 1
vt 0 0
vt 1 0
vt 1 1
vt 0 0
vt 1 0
vt 1 1
vt 0 0
vt 1 0
vt 1 1
vt 0 0
vt 1 0
vt 1 1
vt 0 0
vt 1 0
vt 1 1
vt 0 0
vt 1 0
vt 1 1
vt 0 0
vt 1 0
vt 1 1
vt 0 0
vt 1 0
vt 1 1
vt 0 0
vt 1 0
vt 1 1
vt 0 0
vt 1 0
vt 1 1
vt 0 0
vt 1 0
vt 1 1
vt 0 0
vt 1 0
vt 1 1
vt 0 0
vt 1 0
vt 1 1
vt 0 0
vt 1 0
vt 1 1
vt 0 0
vt 1 0
vt 1 1
vt 0 0
vt 1 0
vt 1 1
vt 0 0
vt 1 0
vt 1 1
vt 0 0
vt 1 0
vt 1 1
vt 0 0
vt 1 0
vt 1 1
vt 0 0
vt 1 0
vt 1 1
vt 0 0
vt 1 0
vt 1 1
vt 0 0
vt 1 0
vt 1 1
vt 0 0
vt 1 0
vt 1 1
vt 0 0
vt 1 0
vt 1 1
vt 0 0
vt 1 0
vt 1 1
vt 0 0
vt 1 0
vt 1 1
vt 0 0
vt 1 0
vt 1 1
vt 0 0
vt 1 0
vt 1 1
vt 0 0
vt 1 0
vt 1 1
vt 0 0
vt 1 0
vt 1 1
vt 0 0
vt 1 0
vt 1 1
vt 0 0
vt 1 0
vt 1 1
vt 0 0
vt 1 0
vt 1 1
vt 0 0
vt 1 0
vt 1 1
vt 0 0
vt 1 0
vt 1 1
vt 0 0
vt 1 0
vt 1 1
vt 0 0
vt 1 0
vt 1 1
vt 0 0
vt 1 0
vt 1 1
vt 0 0
vt 1 0
vt 1 1
vt 0 0
vt 1 0
vt 1 1
vt 0 0
vt 1 0
vt 1 1
vt 0 0
vt 1 0
vt 1 1
vt 0 0
vt 1 0
vt 1 1
vt 0 0
vt 1 0
vt 1 1
vt 0 0
vt 1 0
vt 1 1
vt 0 0
vt 1 0
vt 1 1
vt 0 0
vt 1 0
vt 1 1
vt 0 0
vt 1 0
vt 1 1
vt 0 0
vt 1 0
vt 1 1
vt 0 0
vt 1 0
vt 1 1
vt 0 0
vt 1 0
vt 1 1
vt 0 0
vt 1 0
vt 1 1
vt 0 0
vt 1 0
vt 1 1
vt 0 0
vt 1 0
vt 1 1
vt 0 0
vt 1 0
vt 1 1
vt 0 0
vt 1 0
vt 1 1
vt 0 0
vt 1 0
vt 1 1
vt 0 0
vt 1 0
vt 1 1
vt 0 0
vt 1 0
vt 1 1
vt 0 0
vt 1 0
vt 1 1
vt 0 0
vt 1 0
vt 1 1
vt 0 0
vt 1 0
vt 1 1
vt 0 0
vt 1 0
vt 1 1
vt 0 0
vt 1 0
vt 1 1
vt 0 0
vt 1 0
vt 1 1
vt 0 0
vt 1 0
vt 1 1
vt 0 0
vt 1 0
vt 1 1
vt 0 0
vt 1 0
vt 1 1
vt 0 0
vt 1 0
vt 1 1
vt 0 0
vt 1 0
vt 1 1
vt 0 0
vt 1 0
vt 1 1
vt 0 0
vt 1 0
vt 1 1
vt 0 0
vt 1 0
vt 1 1
vt 0 0
vt 1 0
vt 1 1
vt 0 0
vt 1 0
vt 1 1
vt 0 0
vt 1 0
vt 1 1
vt 0 0
vt 1 0
vt 1 1
vt 0 0
vt 1 0
vt 1 1
vt 0 0
vt 1 0
vt 1 1
vt 0 0
vt 1 0
vt 1 1
vt 0 0
vt 1 0
vt 1 1
vt 0 0
vt 1 0
vt 1 1
vt 0 0
vt 1 0
vt 1 1
vt 0 0
vt 1 0
vt 1 1
vt 0 0
vt 1 0
vt 1 1
vt 0 0
vt 1 0
vt 1 1
vt 0 0
vt 1 0
vt 1 1
vt 0 0
vt 1 0
vt 1 1
vt 0 0
vt 1 0
vt 1 1
vt 0 0
vt 1 0
vt 1 1
vt 0 0
vt 1 0
vt 1 1
vt 0 0
vt 1 0
vt 1 1
vt 0 0
vt 1 0
vt 1 1
vt 0 0
vt 1 0
vt 1 1
vt 0 0
vt 1 0
vt 1 1
vt 0 0
vt 1 0
vt 1 1
vt 0 0
vt 1 0
vt 1 1
vt 0 0
vt 1 0
vt 1 1
vt 0 0
vt 1 0
vt 1 1
vt 0 0
vt 1 0
vt 1 1
vt 0 0
vt 1 0
vt 1 1
vt 0 0
vt 1 0
vt 1 1
vt 0 0
vt 1 0
vt 1 1
vt 0 0
vt 1 0
vt 1 1
vt 0 0
vt 1 0
vt 1 1
vt 0 0
vt 1 0
vt 1 1
vt 0 0
vt 1 0
vt 1 1
vt 0 0
vt 1 0
vt 1 1
vt 0 0
vt 1 0
vt 1 1
vt 0 0
vt 1 0
vt 1 1
vt 0 0
vt 1 0
vt 1 1
vt 0 0
vt 1 0
vt 1 1
vt 0 0
vt 1 0
vt 1 1
vt 0 0
vt 1 0
vt 1 1
vt 0 0
vt 1 0
vt 1 1
vt 0 0
vt 1 0
vt 1 1
vt 0 0
vt 1 0
vt 1 1
vt 0 0
vt 1 0
vt 1 1
vt 0 0
vt 1 0
vt 1 1
vt 0 0
vt 1 0
vt 1 1
vt 0 0
vt 1 0
vt 1 1
vt 0 0
vt 1 0
vt 1 1
vt 0 0
vt 1 0
vt 1 1
vt 0 0
vt 1 0
vt 1 1
vt 0 0
vt 1 0
vt 1 1
vt 0 0
vt 1 0
vt 1 1
vt 0 0
vt 1 0
vt 1 1
vt 0 0
vt 1 0
vt 1 1
vt 0 0
vt 1 0
vt 1 1
vt 0 0
vt 1 0
vt 1 1
vt 0 0
vt 1 0
vt 1 1
vt 0 0
vt 1 0
vt 1 1
vt 0 0
vt 1 0
vt 1 1
vt 0 0
vt 1 0
vt 1 1
vt 0 0
vt 1 0
vt 1 1
vt 0 0
vt 1 0
vt 1 1
vt 0 0
vt 1 0
vt 1 1
vt 0 0
vt 1 0
vt 1 1
vt 0 0
vt 1 0
vt 1 1
vt 0 0
vt 1 0
vt 1 1
vt 0 0
vt 1 0
vt 1 1
vt 0 0
vt 1 0
vt 1 1
vt 0 0
vt 1 0
vt 1 1
vt 0 0
vt 1 0
vt 1 1
vt 0 0
vt 1 0
vt 1 1
vt 0 0
vt 1 0
vt 1 1
vt 0 0
vt 1 0
vt 1 1
vt 0 0
vt 1 0
vt 1 1
vt 0 0
vt 1 0
vt 1 1
vt 0 0
vt 1 0
vt 1 1
vt 0 0
vt 1 0
vt 1 1
vt 0 0
vt 1 0
vt 1 1
vt 0 0
vt 1 0
vt 1 1
vt 0 0
vt 1 0
vt 1 1
vt 0 0
vt 1 0
vt 1 1
vt 0 0
vt 1 0
vt 1 1
vt 0 0
vt 1 0
vt 1 1
vt 0 0
vt 1 0
vt 1 1
vt 0 0
vt 1 0
vt 1 1
vt 0 0
vt 1 0
vt 1 1
vt 0 0
vt 1 0
vt 1 1
vt 0 0
vt 1 0
vt 1 1
vt 0 0
vt 1 0
vt 1 1
vt 0 0
vt 1 0
vt 1 1
vt 0 0
vt 1 0
vt 1 1
vt 0 0
vt 1 0
vt 1 1
vt 0 0
vt 1 0
vt 1 1
vt 0 0
vt 1 0
vt 1 1
vt 0 0
vt 1 0
vt 1 1
vt 0 0
vt 1 0
vt 1 1
vt 0 0
vt 1 0
vt 1 1
vt 0 0
vt 1 0
vt 1 1
vt 0 0
vt 1 0
vt 1 1
vt 0 0
vt 1 0
vt 1 1
vt 0 0
vt 1 0
vt 1 1
vt 0 0
vt 1 0
vt 1 1
vt 0 0
vt 1 0
vt 1 1
vt 0 0
vt 1 0
vt 1 1
vt 0 0
vt 1 0
vt 1 1
vt 0 0
vt 1 0
vt 1 1
vt 0 0
vt 1 0
vt 1 1
vt 0 0
vt 1 0
vt 1 1
vt 0 0
vt 1 0
vt 1 1
vt 0 0
vt 1 0
vt 1 1
vt 0 0
vt 1 0
vt 1 1
vt 0 0
vt 1 0
vt 1 1
vt 0 0
vt 1 0
vt 1 1
vt 0 0
vt 1 0
vt 1 1
vt 0 0
vt 1 0
vt 1 1
vt 0 0
vt 1 0
vt 1 1
vt 0 0
vt 1 0
vt 1 1
vt 0 0
vt 1 0
vt 1 1
vt 0 0
vt 1 0
vt 1 1
vt 0 0
vt 1 0
vt 1 1
vt 0 0
vt 1 0
vt 1 1
vt 0 0
vt 1 0
vt 1 1
vt 0 0
vt 1 0
vt 1 1
vt 0 0
vt 1 0
vt 1 1
vt 0 0
vt 1 0
vt 1 1
vt 0 0
vt 1 0
vt 1 1
vt 0 0
vt 1 0
vt 1 1
vt 0 0
vt 1 0
vt 1 1
vt 0 0
vt 1 0
vt 1 1
vt 0 0
vt 1 0
vt 1 1
vt 0 0
vt 1 0
vt 1 1
vt 0 0
vt 1 0
vt 1 1
vt 0 0
vt 1 0
vt 1 1
vt 0 0
vt 1 0
vt 1 1
vt 0 0
vt 1 0
vt 1 1
vt 0 0
vt 1 0
vt 1 1
vt 0 0
vt 1 0
vt 1 1
vt 0 0
vt 1 0
vt 1 1
vt 0 0
vt 1 0
vt 1 1
vt 0 0
vt 1 0
vt 1 1
vt 0 0
vt 1 0
vt 1 1
vt 0 0
vt 1 0
vt 1 1
vt 0 0
vt 1 0
vt 1 1
vt 0 0
vt 1 0
vt 1 1
vt 0 0
vt 1 0
vt 1 1
vt 0 0
vt 1 0
vt 1 1
vt 0 0
vt 1 0
vt 1 1
vt 0 0
vt 1 0
vt 1 1
vt 0 0
vt 1 0
vt 1 1
vt 0 0
vt 1 0
vt 1 1
vt 0 0
vt 1 0
vt 1 1
vt 0 0
vt 1 0
vt 1 1
vt 0 0
vt 1 0
vt 1 1
vt 0 0
vt 1 0
vt 1 1
vt 0 0
vt 1 0
vt 1 1
vt 0 0
vt 1 0
vt 1 1
vt 0 0
vt 1 0
vt 1 1
vt 0 0
vt 1 0
vt 1 1
vt 0 0
vt 1 0
vt 1 1
vt 0 0
vt 1 0
vt 1 1
vt 0 0
vt 1 0
vt 1 1
vt 0 0
vt 1 0
vt 1 1
vt 0 0
vt 1 0
vt 1 1
vt 0 0
vt 1 0
vt 1 1
vt 0 0
vt 1 0
vt 1 1
vt 0 0
vt 1 0
vt 1 1
vt 0 0
vt 1 0
vt 1 1
vt 0 0
vt 1 0
vt 1 1
vt 0 0
vt 1 0
vt 1 1
vt 0 0
vt 1 0
vt 1 1
vt 0 0
vt 1 0
vt 1 1
vt 0 0
vt 1 0
vt 1 1
vt 0 0
vt 1 0
vt 1 1
vt 0 0
vt 1 0
vt 1 1
vt 0 0
vt 1 0
vt 1 1
vt 0 0
vt 1 0
vt 1 1
vt 0 0
vt 1 0
vt 1 1
vt 0 0
vt 1 0
vt 1 1
vt 0 0
vt 1 0
vt 1 1
vt 0 0
vt 1 0
vt 1 1
vt 0 0
vt 1 0
vt 1 1
vt 0 0
vt 1 0
vt 1 1
vt 0 0
vt 1 0
vt 1 1
vt 0 0
vt 1 0
vt 1 1
vt 0 0
vt 1 0
vt 1 1
vt 0 0
vt 1 0
vt 1 1
vt 0 0
vt 1 0
vt 1 1
vt 0 0
vt 1 0
vt 1 1
vt 0 0
vt 1 0
vt 1 1
vt 0 0
vt 1 0
vt 1 1
vt 0 0
vt 1 0
vt 1 1
vt 0 0
vt 1 0
vt 1 1
vt 0 0
vt 1 0
vt 1 1
vt 0 0
vt 1 0
vt 1 1
vt 0 0
vt 1 0
vt 1 1
vt 0 0
vt 1 0
vt 1 1
vt 0 0
vt 1 0
vt 1 1
vt 0 0
vt 1 0
vt 1 1
vt 0 0
vt 1 0
vt 1 1
vt 0 0
vt 1 0
vt 1 1
vt 0 0
vt 1 0
vt 1 1
vt 0 0
vt 1 0
vt 1 1
vt 0 0
vt 1 0
vt 1 1
vt 0 0
vt 1 0
vt 1 1
vt 0 0
vt 1 0
vt 1 1
vt 0 0
vt 1 0
vt 1 1
vt 0 0
vt 1 0
vt 1 1
vt 0 0
vt 1 0
vt 1 1
vt 0 0
vt 1 0
vt 1 1
vt 0 0
vt 1 0
vt 1 1
vt 0 0
vt 1 0
vt 1 1
vt 0 0
vt 1 0
vt 1 1
vt 0 0
vt 1 0
vt 1 1
vt 0 0
vt 1 0
vt 1 1
vt 0 0
vt 1 0
vt 1 1
vt 0 0
vt 1 0
vt 1 1
vt 0 0
vt 1 0
vt 1 1
vt 0 0
vt 1 0
vt 1 1
vt 0 0
vt 1 0
vt 1 1
vt 0 0
vt 1 0
vt 1 1
vt 0 0
vt 1 0
vt 1 1
vt 0 0
vt 1 0
vt 1 1
vt 0 0
vt 1 0
vt 1 1
vt 0 0
vt 1 0
vt 1 1
vt 0 0
vt 1 0
vt 1 1
vt 0 0
vt 1 0
vt 1 1
vt 0 0
vt 1 0
vt 1 1
vt 0 0
vt 1 0
vt 1 1
vt 0 0
vt 1 0
vt 1 1
vt 0 0
vt 1 0
vt 1 1
vt 0 0
vt 1 0
vt 1 1
vt 0 0
vt 1 0
vt 1 1
vt 0 0
vt 1 0
vt 1 1
vt 0 0
vt 1 0
vt 1 1
vt 0 0
vt 1 0
vt 1 1
vt 0 0
vt 1 0
vt 1 1
vt 0 0
vt 1 0
vt 1 1
vt 0 0
vt 1 0
vt 1 1
vt 0 0
vt 1 0
vt 1 1
vt 0 0
vt 1 0
vt 1 1
vt 0 0
vt 1 0
vt 1 1
vt 0 0
vt 1 0
vt 1 1
vt 0 0
vt 1 0
vt 1 1
vt 0 0
vt 1 0
vt 1 1
vt 0 0
vt 1 0
vt 1 1
vt 0 0
vt 1 0
vt 1 1
vt 0 0
vt 1 0
vt 1 1
vt 0 0
vt 1 0
vt 1 1
vt 0 0
vt 1 0
vt 1 1
vt 0 0
vt 1 0
vt 1 1
vt 0 0
vt 1 0
vt 1 1
vt 0 0
vt 1 0
vt 1 1
vt 0 0
vt 1 0
vt 1 1
vt 0 0
vt 1 0
vt 1 1
vt 0 0
vt 1 0
vt 1 1
vt 0 0
vt 1 0
vt 1 1
vt 0 0
vt 1 0
vt 1 1
vt 0 0
vt 1 0
vt 1 1
vt 0 0
vt 1 0
vt 1 1
vt 0 0
vt 1 0
vt 1 1
vt 0 0
vt 1 0
vt 1 1
vt 0 0
vt 1 0
vt 1 1
vt 0 0
vt 1 0
vt 1 1
vt 0 0
vt 1 0
vt 1 1
vt 0 0
vt 1 0
vt 1 1
vt 0 0
vt 1 0
vt 1 1
vt 0 0
vt 1 0
vt 1 1
vt 0 0
vt 1 0
vt 1 1
vt 0 0
vt 1 0
vt 1 1
vt 0 0
vt 1 0
vt 1 1
vt 0 0
vt 1 0
vt 1 1
vt 0 0
vt 1 0
vt 1 1
vt 0 0
vt 1 0
vt 1 1
vt 0 0
vt 1 0
vt 1 1
vt 0 0
vt 1 0
vt 1 1
vt 0 0
vt 1 0
vt 1 1
vt 0 0
vt 1 0
vt 1 1
vt 0 0
vt 1 0
vt 1 1
vt 0 0
vt 1 0
vt 1 1
vt 0 0
vt 1 0
vt 1 1
vt 0 0
vt 1 0
vt 1 1
vt 0 0
vt 1 0
vt 1 1
vt 0 0
vt 1 0
vt 1 1
vt 0 0
vt 1 0
vt 1 1
vt 0 0
vt 1 0
vt 1 1
vt 0 0
vt 1 0
vt 1 1
vt 0 0
vt 1 0
vt 1 1
vt 0 0
vt 1 0
vt 1 1
vt 0 0
vt 1 0
vt 1 1
vt 0 0
vt 1 0
vt 1 1
vt 0 0
vt 1 0
vt 1 1
vt 0 0
vt 1 0
vt 1 1
vt 0 0
vt 1 0
vt 1 1
vt 0 0
vt 1 0
vt 1 1
vt 0 0
vt 1 0
vt 1 1
vt 0 0
vt 1 0
vt 1 1
vt 0 0
vt 1 0
vt 1 1
vt 0 0
vt 1 0
vt 1 1
vt 0 0
vt 1 0
vt 1 1
vt 0 0
vt 1 0
vt 1 1
vt 0 0
vt 1 0
vt 1 1
vt 0 0
vt 1 0
vt 1 1
vt 0 0
vt 1 0
vt 1 1
vt 0 0
vt 1 0
vt 1 1
vt 0 0
vt 1 0
vt 1 1
vt 0 0
vt 1 0
vt 1 1
vt 0 0
vt 1 0
vt 1 1
vt 0 0
vt 1 0
vt 1 1
vt 0 0
vt 1 0
vt 1 1
vt 0 0
vt 1 0
vt 1 1
vt 0 0
vt 1 0
vt 1 1
vt 0 0
vt 1 0
vt 1 1
vt 0 0
vt 1 0
vt 1 1
vt 0 0
vt 1 0
vt 1 1
vt 0 0
vt 1 0
vt 1 1
vt 0 0
vt 1 0
vt 1 1
vt 0 0
vt 1 0
vt 1 1
vt 0 0
vt 1 0
vt 1 1
vt 0 0
vt 1 0
vt 1 1
vt 0 0
vt 1 0
vt 1 1
vt 0 0
vt 1 0
vt 1 1
vt 0 0
vt 1 0
vt 1 1
vt 0 0
vt 1 0
vt 1 1
vt 0 0
vt 1 0
vt 1 1
vt 0 0
vt 1 0
vt 1 1
vt 0 0
vt 1 0
vt 1 1
vt 0 0
vt 1 0
vt 1 1
vt 0 0
vt 1 0
vt 1 1
vt 0 0
vt 1 0
vt 1 1
vt 0 0
vt 1 0
vt 1 1
vt 0 0
vt 1 0
vt 1 1
vt 0 0
vt 1 0
vt 1 1
vt 0 0
vt 1 0
vt 1 1
vt 0 0
vt 1 0
vt 1 1
vt 0 0
vt 1 0
vt 1 1
vt 0 0
vt 1 0
vt 1 1
vt 0 0
vt 1 0
vt 1 1
vt 0 0
vt 1 0
vt 1 1
vt 0 0
vt 1 0
vt 1 1
vt 0 0
vt 1 0
vt 1 1
vt 0 0
vt 1 0
vt 1 1
vt 0 0
vt 1 0
vt 1 1
vt 0 0
vt 1 0
vt 1 1
vt 0 0
vt 1 0
vt 1 1
vt 0 0
vt 1 0
vt 1 1
vt 0 0
vt 1 0
vt 1 1
vt 0 0
vt 1 0
vt 1 1
vt 0 0
vt 1 0
vt 1 1
vt 0 0
vt 1 0
vt 1 1
vt 0 0
vt 1 0
vt 1 1
vt 0 0
vt 1 0
vt 1 1
vt 0 0
vt 1 0
vt 1 1
vt 0 0
vt 1 0
vt 1 1
vt 0 0
vt 1 0
vt 1 1
vt 0 0
vt 1 0
vt 1 1
vt 0 0
vt 1 0
vt 1 1
vt 0 0
vt 1 0
vt 1 1
vt 0 0
vt 1 0
vt 1 1
vt 0 0
vt 1 0
vt 1 1
vt 0 0
vt 1 0
vt 1 1
vt 0 0
vt 1 0
vt 1 1
vt 0 0
vt 1 0
vt 1 1
vt 0 0
vt 1 0
vt 1 1
vt 0 0
vt 1 0
vt 1 1
vt 0 0
vt 1 0
vt 1 1
vt 0 0
vt 1 0
vt 1 1
vt 0 0
vt 1 0
vt 1 1
vt 0 0
vt 1 0
vt 1 1
vt 0 0
vt 1 0
vt 1 1
vt 0 0
vt 1 0
vt 1 1
vt 0 0
vt 1 0
vt 1 1
vt 0 0
vt 1 0
vt 1 1
vt 0 0
vt 1 0
vt 1 1
vt 0 0
vt 1 0
vt 1 1
vt 0 0
vt 1 0
vt 1 1
vt 0 0
vt 1 0
vt 1 1
vt 0 0
vt 1 0
vt 1 1
vt 0 0
vt 1 0
vt 1 1
vt 0 0
vt 1 0
vt 1 1
vt 0 0
vt 1 0
vt 1 1
vt 0 0
vt 1 0
vt 1 1
vt 0 0
vt 1 0
vt 1 1
vt 0 0
vt 1 0
vt 1 1
vt 0 0
vt 1 0
vt 1 1
vt 0 0
vt 1 0
vt 1 1
vt 0 0
vt 1 0
vt 1 1
vt 0 0
vt 1 0
vt 1 1
vt 0 0
vt 1 0
vt 1 1
vt 0 0
vt 1 0
vt 1 1
vt 0 0
vt 1 0
vt 1 1
vt 0 0
vt 1 0
vt 1 1
vt 0 0
vt 1 0
vt 1 1
vt 0 0
vt 1 0
vt 1 1
vt 0 0
vt 1 0
vt 1 1
vt 0 0
vt 1 0
vt 1 1
vt 0 0
vt 1 0
vt 1 1
vt 0 0
vt 1 0
vt 1 1
vt 0 0
vt 1 0
vt 1 1
vt 0 0
vt 1 0
vt 1 1
vt 0 0
vt 1 0
vt 1 1
vt 0 0
vt 1 0
vt 1 1
vt 0 0
vt 1 0
vt 1 1
vt 0 0
vt 1 0
vt 1 1
vt 0 0
vt 1 0
vt 1 1
vt 0 0
vt 1 0
vt 1 1
vt 0 0
vt 1 0
vt 1 1
vt 0 0
vt 1 0
vt 1 1
vt 0 0
vt 1 0
vt 1 1
vt 0 0
vt 1 0
vt 1 1
vt 0 0
vt 1 0
vt 1 1
vt 0 0
vt 1 0
vt 1 1
vt 0 0
vt 1 0
vt 1 1
vt 0 0
vt 1 0
vt 1 1
vt 0 0
vt 1 0
vt 1 1
vt 0 0
vt 1 0
vt 1 1
vt 0 0
vt 1 0
vt 1 1
vt 0 0
vt 1 0
vt 1 1
vt 0 0
vt 1 0
vt 1 1
vt 0 0
vt 1 0
vt 1 1
vt 0 0
vt 1 0
vt 1 1
vt 0 0
vt 1 0
vt 1 1
vt 0 0
vt 1 0
vt 1 1
vt 0 0
vt 1 0
vt 1 1
vt 0 0
vt 1 0
vt 1 1
vt 0 0
vt 1 0
vt 1 1
vt 0 0
vt 1 0
vt 1 1
vt 0 0
vt 1 0
vt 1 1
vt 0 0
vt 1 0
vt 1 1
vt 0 0
vt 1 0
vt 1 1
vt 0 0
vt 1 0
vt 1 1
vt 0 0
vt 1 0
vt 1 1
vt 0 0
vt 1 0
vt 1 1
vt 0 0
vt 1 0
vt 1 1
vt 0 0
vt 1 0
vt 1 1
vt 0 0
vt 1 0
vt 1 1
vt 0 0
vt 1 0
vt 1 1
vt 0 0
vt 1 0
vt 1 1
vt 0 0
vt 1 0
vt 1 1
vt 0 0
vt 1 0
vt 1 1
vt 0 0
vt 1 0
vt 1 1
vt 0 0
vt 1 0
vt 1 1
vt 0 0
vt 1 0
vt 1 1
vt 0 0
vt 1 0
vt 1 1
vt 0 0
vt 1 0
vt 1 1
vt 0 0
vt 1 0
vt 1 1
vt 0 0
vt 1 0
vt 1 1
vt 0 0
vt 1 0
vt 1 1
vt 0 0
vt 1 0
vt 1 1
vt 0 0
vt 1 0
vt 1 1
vt 0 0
vt 1 0
vt 1 1
vt 0 0
vt 1 0
vt 1 1
vt 0 0
vt 1 0
vt 1 1
vt 0 0
vt 1 0
vt 1 1
vt 0 0
vt 1 0
vt 1 1
vt 0 0
vt 1 0
vt 1 1
vt 0 0
vt 1 0
vt 1 1
vt 0 0
vt 1 0
vt 1 1
vt 0 0
vt 1 0
vt 1 1
vt 0 0
vt 1 0
vt 1 1
vt 0 0
vt 1 0
vt 1 1
vt 0 0
vt 1 0
vt 1 1
vt 0 0
vt 1 0
vt 1 1
vt 0 0
vt 1 0
vt 1 1
vt 0 0
vt 1 0
vt 1 1
vt 0 0
vt 1 0
vt 1 1
vt 0 0
vt 1 0
vt 1 1
vt 0 0
vt 1 0
vt 1 1
vt 0 0
vt 1 0
vt 1 1
vt 0 0
vt 1 0
vt 1 1
vt 0 0
vt 1 0
vt 1 1
vt 0 0
vt 1 0
vt 1 1
vt 0 0
vt 1 0
vt 1 1
vt 0 0
vt 1 0
vt 1 1
vt 0 0
vt 1 0
vt 1 1
vt 0 0
vt 1 0
vt 1 1
vt 0 0
vt 1 0
vt 1 1
vt 0 0
vt 1 0
vt 1 1
vt 0 0
vt 1 0
vt 1 1
vt 0 0
vt 1 0
vt 1 1
vt 0 0
vt 1 0
vt 1 1
vt 0 0
vt 1 0
vt 1 1
vt 0 0
vt 1 0
vt 1 1
vt 0 0
vt 1 0
vt 1 1
vt 0 0
vt 1 0
vt 1 1
vt 0 0
vt 1 0
vt 1 1
vt 0 0
vt 1 0
vt 1 1
vt 0 0
vt 1 0
vt 1 1
vt 0 0
vt 1 0
vt 1 1
vt 0 0
vt 1 0
vt 1 1
vt 0 0
vt 1 0
vt 1 1
vt 0 0
vt 1 0
vt 1 1
vt 0 0
vt 1 0
vt 1 1
vt 0 0
vt 1 0
vt 1 1
vt 0 0
vt 1 0
vt 1 1
vt 0 0
vt 1 0
vt 1 1
vt 0 0
vt 1 0
vt 1 1
vt 0 0
vt 1 0
vt 1 1
vt 0 0
vt 1 0
vt 1 1
vt 0 0
vt 1 0
vt 1 1
vt 0 0
vt 1 0
vt 1 1
vt 0 0
vt 1 0
vt 1 1
vt 0 0
vt 1 0
vt 1 1
vt 0 0
vt 1 0
vt 1 1
vt 0 0
vt 1 0
vt 1 1
vt 0 0
vt 1 0
vt 1 1
vt 0 0
vt 1 0
vt 1 1
vt 0 0
vt 1 0
vt 1 1
vt 0 0
vt 1 0
vt 1 1
vt 0 0
vt 1 0
vt 1 1
vt 0 0
vt 1 0
vt 1 1
vt 0 0
vt 1 0
vt 1 1
vt 0 0
vt 1 0
vt 1 1
vt 0 0
vt 1 0
vt 1 1
vt 0 0
vt 1 0
vt 1 1
vt 0 0
vt 1 0
vt 1 1
vt 0 0
vt 1 0
vt 1 1
vt 0 0
vt 1 0
vt 1 1
vt 0 0
vt 1 0
vt 1 1
vt 0 0
vt 1 0
vt 1 1
vt 0 0
vt 1 0
vt 1 1
vt 0 0
vt 1 0
vt 1 1
vt 0 0
vt 1 0
vt 1 1
vt 0 0
vt 1 0
vt 1 1
vt 0 0
vt 1 0
vt 1 1
vt 0 0
vt 1 0
vt 1 1
vt 0 0
vt 1 0
vt 1 1
vt 0 0
vt 1 0
vt 1 1
vt 0 0
vt 1 0
vt 1 1
vt 0 0
vt 1 0
vt 1 1
vt 0 0
vt 1 0
vt 1 1
vt 0 0
vt 1 0
vt 1 1
vt 0 0
vt 1 0
vt 1 1
vt 0 0
vt 1 0
vt 1 1
vt 0 0
vt 1 0
vt 1 1
vt 0 0
vt 1 0
vt 1 1
vt 0 0
vt 1 0
vt 1 1
vt 0 0
vt 1 0
vt 1 1
vt 0 0
vt 1 0
vt 1 1
vt 0 0
vt 1 0
vt 1 1
vt 0 0
vt 1 0
vt 1 1
vt 0 0
vt 1 0
vt 1 1
vt 0 0
vt 1 0
vt 1 1
vt 0 0
vt 1 0
vt 1 1
vt 0 0
vt 1 0
vt 1 1
vt 0 0
vt 1 0
vt 1 1
vt 0 0
vt 1 0
vt 1 1
vt 0 0
vt 1 0
vt 1 1
vt 0 0
vt 1 0
vt 1 1
vt 0 0
vt 1 0
vt 1 1
vt 0 0
vt 1 0
vt 1 1
vt 0 0
vt 1 0
vt 1 1
vt 0 0
vt 1 0
vt 1 1
vt 0 0
vt 1 0
vt 1 1
vt 0 0
vt 1 0
vt 1 1
vt 0 0
vt 1 0
vt 1 1
vt 0 0
vt 1 0
vt 1 1
vt 0 0
vt 1 0
vt 1 1
vt 0 0
vt 1 0
vt 1 1
vt 0 0
vt 1 0
vt 1 1
vt 0 0
vt 1 0
vt 1 1
vt 0 0
vt 1 0
vt 1 1
vt 0 0
vt 1 0
vt 1 1
vt 0 0
vt 1 0
vt 1 1
vt 0 0
vt 1 0
vt 1 1
vt 0 0
vt 1 0
vt 1 1
vt 0 0
vt 1 0
vt 1 1
vt 0 0
vt 1 0
vt 1 1
vt 0 0
vt 1 0
vt 1 1
vt 0 0
vt 1 0
vt 1 1
vt 0 0
vt 1 0
vt 1 1
vt 0 0
vt 1 0
vt 1 1
vt 0 0
vt 1 0
vt 1 1
vt 0 0
vt 1 0
vt 1 1
vt 0 0
vt 1 0
vt 1 1
vt 0 0
vt 1 0
vt 1 1
vt 0 0
vt 1 0
vt 1 1
vt 0 0
vt 1 0
vt 1 1
vt 0 0
vt 1 0
vt 1 1
vt 0 0
vt 1 0
vt 1 1
vt 0 0
vt 1 0
vt 1 1
vt 0 0
vt 1 0
vt 1 1
vt 0 0
vt 1 0
vt 1 1
vt 0 0
vt 1 0
vt 1 1
vt 0 0
vt 1 0
vt 1 1
vt 0 0
vt 1 0
vt 1 1
vt 0 0
vt 1 0
vt 1 1
vt 0 0
vt 1 0
vt 1 1
vt 0 0
vt 1 0
vt 1 1
vt 0 0
vt 1 0
vt 1 1
vt 0 0
vt 1 0
vt 1 1
vt 0 0
vt 1 0
vt 1 1
vt 0 0
vt 1 0
vt 1 1
vt 0 0
vt 1 0
vt 1 1
vt 0 0
vt 1 0
vt 1 1
vt 0 0
vt 1 0
vt 1 1
vt 0.750005722 0.916987777
vt 0.573317111 0.843794525
vt 0.926694989 0.843808472
vt 0.926694989 0.843808472
vt 0.573317111 0.843794525
vt 0.500135422 0.667130828
vt 0.926694989 0.843808472
vt 0.500135422 0.667130828
vt 0.999864578 0.667119503
vt 0.999864578 0.667119503
vt 0.500135422 0.667130828
vt 0.999864578 0.250021398
vt 0.999864578 0.250021398
vt 0.500135422 0.667130828
vt 0.500135422 0.250003815
vt 0.999864578 0.250021398
vt 0.500135422 0.250003815
vt 0.573305309 0.0733436272
vt 0.999864578 0.250021398
vt 0.573305309 0.0733436272
vt 0.926681697 0.0733285472
vt 0.926681697 0.0733285472
vt 0.573305309 0.0733436272
vt 0.74999398 0.000135377995
vt 0.249995694 0.916987777
vt 0.0733057782 0.843808889
vt 0.426683694 0.843793929
vt 0.426683694 0.843793929
vt 0.0733057782 0.843808889
vt 0.000135377995 0.667120218
vt 0.426683694 0.843793929
vt 0.000135377995 0.667120218
vt 0.499864608 0.667129815
vt 0.499864608 0.667129815
vt 0.000135377995 0.667120218
vt 0.499864697 0.250002891
vt 0.499864697 0.250002891
vt 0.000135377995 0.667120218
vt 0.000135573006 0.250022113
vt 0.499864697 0.250002891
vt 0.000135573006 0.250022113
vt 0.0733166337 0.0733290911
vt 0.499864697 0.250002891
vt 0.0733166337 0.0733290911
vt 0.426694512 0.0733429715
vt 0.426694512 0.0733429715
vt 0.0733166337 0.0733290911
vt 0.250004411 0.000135377995
vt 0 0
vt 1 0
vt 1 1
vt 0 0
vt 1 0
vt 1 1
vt 0 0
vt 1 0
vt 1 1
vt 0 0
vt 1 0
vt 1 1
vt 0 0
vt 1 0
vt 1 1
vt 0 0
vt 1 0
vt 1 1
vt 0 0
vt 1 0
vt 1 1
vt 0 0
vt 1 0
vt 1 1
vt 0 0
vt 1 0
vt 1 1
vt 0 0
vt 1 0
vt 1 1
vt 0 0
vt 1 0
vt 1 1
vt 0 0
vt 1 0
vt 1 1
vt 0 0
vt 1 0
vt 1 1
vt 0 0
vt 1 0
vt 1 1
vt 0 0
vt 1 0
vt 1 1
vt 0 0
vt 1 0
vt 1 1
vt 0 0
vt 1 0
vt 1 1
vt 0 0
vt 1 0
vt 1 1
vt 0 0
vt 1 0
vt 1 1
vt 0 0
vt 1 0
vt 1 1
vt 0 0
vt 1 0
vt 1 1
vt 0 0
vt 1 0
vt 1 1
vt 0 0
vt 1 0
vt 1 1
vt 0 0
vt 1 0
vt 1 1
vt 0 0
vt 1 0
vt 1 1
vt 0 0
vt 1 0
vt 1 1
vt 0 0
vt 1 0
vt 1 1
vt 0 0
vt 1 0
vt 1 1
vt 0 0
vt 1 0
vt 1 1
vt 0 0
vt 1 0
vt 1 1
vt 0 0
vt 1 0
vt 1 1
vt 0 0
vt 1 0
vt 1 1
vt 0 0
vt 1 0
vt 1 1
vt 0 0
vt 1 0
vt 1 1
vt 0 0
vt 1 0
vt 1 1
vt 0 0
vt 1 0
vt 1 1
vt 0 0
vt 1 0
vt 1 1
vt 0 0
vt 1 0
vt 1 1
vt 0 0
vt 1 0
vt 1 1
vt 0 0
vt 1 0
vt 1 1
vt 0 0
vt 1 0
vt 1 1
vt 0 0
vt 1 0
vt 1 1
vt 0 0
vt 1 0
vt 1 1
vt 0 0
vt 1 0
vt 1 1
vt 0 0
vt 1 0
vt 1 1
vt 0 0
vt 1 0
vt 1 1
vt 0 0
vt 1 0
vt 1 1
vt 0 0
vt 1 0
vt 1 1
vt 0 0
vt 1 0
vt 1 1
vt 0 0
vt 1 0
vt 1 1
vt 0 0
vt 1 0
vt 1 1
vt 0 0
vt 1 0
vt 1 1
vt 0 0
vt 1 0
vt 1 1
vt 0 0
vt 1 0
vt 1 1
vt 0 0
vt 1 0
vt 1 1
vt 0 0
vt 1 0
vt 1 1
vt 0 0
vt 1 0
vt 1 1
vt 0 0
vt 1 0
vt 1 1
vt 0 0
vt 1 0
vt 1 1
vt 0 0
vt 1 0
vt 1 1
vt 0 0
vt 1 0
vt 1 1
vt 0 0
vt 1 0
vt 1 1
vt 0 0
vt 1 0
vt 1 1
vt 0 0
vt 1 0
vt 1 1
vt 0 0
vt 1 0
vt 1 1
vt 0 0
vt 1 0
vt 1 1
vt 0 0
vt 1 0
vt 1 1
vt 0 0
vt 1 0
vt 1 1
vt 0 0
vt 1 0
vt 1 1
vt 0 0
vt 1 0
vt 1 1
vt 0 0
vt 1 0
vt 1 1
vt 0 0
vt 1 0
vt 1 1
vt 0 0
vt 1 0
vt 1 1
vt 0 0
vt 1 0
vt 1 1
vt 0 0
vt 1 0
vt 1 1
vt 0 0
vt 1 0
vt 1 1
vt 0 0
vt 1 0
vt 1 1
vt 0 0
vt 1 0
vt 1 1
vt 0 0
vt 1 0
vt 1 1
vt 0 0
vt 1 0
vt 1 1
vt 0 0
vt 1 0
vt 1 1
vt 0 0
vt 1 0
vt 1 1
vt 0 0
vt 1 0
vt 1 1
vt 0 0
vt 1 0
vt 1 1
vt 0 0
vt 1 0
vt 1 1
vt 0 0
vt 1 0
vt 1 1
vt 0 0
vt 1 0
vt 1 1
vt 0 0
vt 1 0
vt 1 1
vt 0 0
vt 1 0
vt 1 1
vt 0 0
vt 1 0
vt 1 1
vt 0 0
vt 1 0
vt 1 1
vt 0 0
vt 1 0
vt 1 1
vt 0 0
vt 1 0
vt 1 1
vt 0 0
vt 1 0
vt 1 1
vt 0 0
vt 1 0
vt 1 1
vt 0 0
vt 1 0
vt 1 1
vt 0 0
vt 1 0
vt 1 1
vt 0 0
vt 1 0
vt 1 1
vt 0 0
vt 1 0
vt 1 1
vt 0 0
vt 1 0
vt 1 1
vt 0 0
vt 1 0
vt 1 1
vt 0 0
vt 1 0
vt 1 1
vt 0 0
vt 1 0
vt 1 1
vt 0 0
vt 1 0
vt 1 1
vt 0 0
vt 1 0
vt 1 1
vt 0 0
vt 1 0
vt 1 1
vt 0 0
vt 1 0
vt 1 1
vt 0 0
vt 1 0
vt 1 1
vt 0 0
vt 1 0
vt 1 1
vt 0 0
vt 1 0
vt 1 1
vt 0 0
vt 1 0
vt 1 1
vt 0 0
vt 1 0
vt 1 1
vt 0 0
vt 1 0
vt 1 1
vt 0 0
vt 1 0
vt 1 1
vt 0 0
vt 1 0
vt 1 1
vt 0 0
vt 1 0
vt 1 1
vt 0 0
vt 1 0
vt 1 1
vt 0 0
vt 1 0
vt 1 1
vt 0 0
vt 1 0
vt 1 1
vt 0 0
vt 1 0
vt 1 1
vt 0 0
vt 1 0
vt 1 1
vt 0 0
vt 1 0
vt 1 1
vt 0 0
vt 1 0
vt 1 1
vt 0 0
vt 1 0
vt 1 1
vt 0 0
vt 1 0
vt 1 1
vt 0 0
vt 1 0
vt 1 1
vt 0 0
vt 1 0
vt 1 1
vt 0 0
vt 1 0
vt 1 1
vt 0 0
vt 1 0
vt 1 1
vt 0 0
vt 1 0
vt 1 1
vt 0 0
vt 1 0
vt 1 1
vt 0 0
vt 1 0
vt 1 1
vt 0 0
vt 1 0
vt 1 1
vt 0 0
vt 1 0
vt 1 1
vt 0 0
vt 1 0
vt 1 1
vt 0 0
vt 1 0
vt 1 1
vt 0 0
vt 1 0
vt 1 1
vt 0 0
vt 1 0
vt 1 1
vt 0 0
vt 1 0
vt 1 1
vt 0 0
vt 1 0
vt 1 1
vt 0 0
vt 1 0
vt 1 1
vt 0 0
vt 1 0
vt 1 1
vt 0 0
vt 1 0
vt 1 1
vt 0 0
vt 1 0
vt 1 1
vt 0 0
vt 1 0
vt 1 1
vt 0 0
vt 1 0
vt 1 1
vt 0 0
vt 1 0
vt 1 1
vt 0 0
vt 1 0
vt 1 1
vt 0 0
vt 1 0
vt 1 1
vt 0 0
vt 1 0
vt 1 1
vt 0 0
vt 1 0
vt 1 1
vt 0 0
vt 1 0
vt 1 1
vt 0 0
vt 1 0
vt 1 1
vt 0 0
vt 1 0
vt 1 1
vt 0 0
vt 1 0
vt 1 1
vt 0 0
vt 1 0
vt 1 1
vt 0 0
vt 1 0
vt 1 1
vt 0 0
vt 1 0
vt 1 1
vt 0 0
vt 1 0
vt 1 1
vt 0 0
vt 1 0
vt 1 1
vt 0 0
vt 1 0
vt 1 1
vt 0 0
vt 1 0
vt 1 1
vt 0 0
vt 1 0
vt 1 1
vt 0 0
vt 1 0
vt 1 1
vt 0 0
vt 1 0
vt 1 1
vt 0 0
vt 1 0
vt 1 1
vt 0 0
vt 1 0
vt 1 1
vt 0 0
vt 1 0
vt 1 1
vt 0 0
vt 1 0
vt 1 1
vt 0 0
vt 1 0
vt 1 1
vt 0 0
vt 1 0
vt 1 1
vt 0 0
vt 1 0
vt 1 1
vt 0 0
vt 1 0
vt 1 1
vt 0 0
vt 1 0
vt 1 1
vt 0 0
vt 1 0
vt 1 1
vt 0 0
vt 1 0
vt 1 1
vt 0 0
vt 1 0
vt 1 1
vt 0 0
vt 1 0
vt 1 1
vt 0 0
vt 1 0
vt 1 1
vt 0 0
vt 1 0
vt 1 1
vt 0 0
vt 1 0
vt 1 1
vt 0 0
vt 1 0
vt 1 1
vt 0 0
vt 1 0
vt 1 1
vt 0 0
vt 1 0
vt 1 1
vt 0 0
vt 1 0
vt 1 1
vt 0 0
vt 1 0
vt 1 1
vt 0 0
vt 1 0
vt 1 1
vt 0 0
vt 1 0
vt 1 1
vt 0 0
vt 1 0
vt 1 1
vt 0 0
vt 1 0
vt 1 1
vt 0 0
vt 1 0
vt 1 1
vt 0 0
vt 1 0
vt 1 1
vt 0 0
vt 1 0
vt 1 1
vt 0 0
vt 1 0
vt 1 1
vt 0 0
vt 1 0
vt 1 1
vt 0 0
vt 1 0
vt 1 1
vt 0 0
vt 1 0
vt 1 1
vt 0 0
vt 1 0
vt 1 1
vt 0 0
vt 1 0
vt 1 1
vt 0 0
vt 1 0
vt 1 1
vt 0 0
vt 1 0
vt 1 1
vt 0 0
vt 1 0
vt 1 1
vt 0 0
vt 1 0
vt 1 1
vt 0 0
vt 1 0
vt 1 1
vt 0 0
vt 1 0
vt 1 1
vt 0 0
vt 1 0
vt 1 1
vt 0 0
vt 1 0
vt 1 1
vt 0 0
vt 1 0
vt 1 1
vt 0 0
vt 1 0
vt 1 1
vt 0 0
vt 1 0
vt 1 1
vt 0 0
vt 1 0
vt 1 1
vt 0 0
vt 1 0
vt 1 1
vt 0 0
vt 1 0
vt 1 1
vt 0 0
vt 1 0
vt 1 1
vt 0 0
vt 1 0
vt 1 1
vt 0 0
vt 1 0
vt 1 1
vt 0 0
vt 1 0
vt 1 1
vt 0 0
vt 1 0
vt 1 1
vt 0 0
vt 1 0
vt 1 1
vt 0 0
vt 1 0
vt 1 1
vt 0 0
vt 1 0
vt 1 1
vt 0 0
vt 1 0
vt 1 1
vt 0 0
vt 1 0
vt 1 1
vt 0 0
vt 1 0
vt 1 1
vt 0 0
vt 1 0
vt 1 1
vt 0 0
vt 1 0
vt 1 1
vt 0 0
vt 1 0
vt 1 1
vt 0 0
vt 1 0
vt 1 1
vt 0 0
vt 1 0
vt 1 1
vt 0 0
vt 1 0
vt 1 1
vt 0 0
vt 1 0
vt 1 1
vt 0 0
vt 1 0
vt 1 1
vt 0 0
vt 1 0
vt 1 1
vt 0 0
vt 1 0
vt 1 1
vt 0 0
vt 1 0
vt 1 1
vt 0 0
vt 1 0
vt 1 1
vt 0 0
vt 1 0
vt 1 1
vt 0 0
vt 1 0
vt 1 1
vt 0 0
vt 1 0
vt 1 1
vt 0 0
vt 1 0
vt 1 1
vt 0 0
vt 1 0
vt 1 1
vt 0 0
vt 1 0
vt 1 1
vt 0 0
vt 1 0
vt 1 1
vt 0 0
vt 1 0
vt 1 1
vt 0 0
vt 1 0
vt 1 1
vt 0 0
vt 1 0
vt 1 1
vt 0 0
vt 1 0
vt 1 1
vt 0 0
vt 1 0
vt 1 1
vt 0 0
vt 1 0
vt 1 1
vt 0 0
vt 1 0
vt 1 1
vt 0 0
vt 1 0
vt 1 1
vt 0 0
vt 1 0
vt 1 1
vt 0 0
vt 1 0
vt 1 1
vt 0 0
vt 1 0
vt 1 1
vt 0 0
vt 1 0
vt 1 1
vt 0 0
vt 1 0
vt 1 1
vt 0 0
vt 1 0
vt 1 1
vt 0 0
vt 1 0
vt 1 1
vt 0 0
vt 1 0
vt 1 1
vt 0 0
vt 1 0
vt 1 1
vt 0 0
vt 1 0
vt 1 1
vt 0 0
vt 1 0
vt 1 1
vt 0 0
vt 1 0
vt 1 1
vt 0 0
vt 1 0
vt 1 1
vt 0 0
vt 1 0
vt 1 1
vt 0 0
vt 1 0
vt 1 1
vt 0 0
vt 1 0
vt 1 1
vt 0 0
vt 1 0
vt 1 1
vt 0 0
vt 1 0
vt 1 1
vt 0 0
vt 1 0
vt 1 1
vt 0 0
vt 1 0
vt 1 1
vt 0 0
vt 1 0
vt 1 1
vt 0 0
vt 1 0
vt 1 1
vt 0 0
vt 1 0
vt 1 1
vt 0 0
vt 1 0
vt 1 1
vt 0 0
vt 1 0
vt 1 1
vt 0 0
vt 1 0
vt 1 1
vt 0 0
vt 1 0
vt 1 1
vt 0 0
vt 1 0
vt 1 1
vt 0 0
vt 1 0
vt 1 1
vt 0 0
vt 1 0
vt 1 1
vt 0 0
vt 1 0
vt 1 1
vt 0 0
vt 1 0
vt 1 1
vt 0 0
vt 1 0
vt 1 1
vt 0 0
vt 1 0
vt 1 1
vt 0 0
vt 1 0
vt 1 1
vt 0 0
vt 1 0
vt 1 1
vt 0 0
vt 1 0
vt 1 1
vt 0 0
vt 1 0
vt 1 1
vt 0 0
vt 1 0
vt 1 1
vt 0 0
vt 1 0
vt 1 1
vt 0 0
vt 1 0
vt 1 1
vt 0 0
vt 1 0
vt 1 1
vt 0 0
vt 1 0
vt 1 1
vt 0 0
vt 1 0
vt 1 1
vt 0 0
vt 1 0
vt 1 1
vt 0 0
vt 1 0
vt 1 1
vt 0 0
vt 1 0
vt 1 1
vt 0 0
vt 1 0
vt 1 1
vt 0 0
vt 1 0
vt 1 1
vt 0 0
vt 1 0
vt 1 1
vt 0 0
vt 1 0
vt 1 1
vt 0 0
vt 1 0
vt 1 1
vt 0 0
vt 1 0
vt 1 1
vt 0 0
vt 1 0
vt 1 1
vt 0 0
vt 1 0
vt 1 1
vt 0 0
vt 1 0
vt 1 1
vt 0 0
vt 1 0
vt 1 1
vt 0 0
vt 1 0
vt 1 1
vt 0 0
vt 1 0
vt 1 1
vt 0 0
vt 1 0
vt 1 1
vt 0 0
vt 1 0
vt 1 1
vt 0 0
vt 1 0
vt 1 1
vt 0 0
vt 1 0
vt 1 1
vt 0 0
vt 1 0
vt 1 1
vt 0 0
vt 1 0
vt 1 1
vt 0 0
vt 1 0
vt 1 1
vt 0 0
vt 1 0
vt 1 1
vt 0 0
vt 1 0
vt 1 1
vt 0 0
vt 1 0
vt 1 1
vt 0 0
vt 1 0
vt 1 1
vt 0 0
vt 1 0
vt 1 1
vt 0 0
vt 1 0
vt 1 1
vt 0 0
vt 1 0
vt 1 1
vt 0 0
vt 1 0
vt 1 1
vt 0 0
vt 1 0
vt 1 1
vt 0 0
vt 1 0
vt 1 1
vt 0 0
vt 1 0
vt 1 1
vt 0 0
vt 1 0
vt 1 1
vt 0 0
vt 1 0
vt 1 1
vt 0 0
vt 1 0
vt 1 1
vt 0 0
vt 1 0
vt 1 1
vt 0 0
vt 1 0
vt 1 1
vt 0 0
vt 1 0
vt 1 1
vt 0 0
vt 1 0
vt 1 1
vt 0 0
vt 1 0
vt 1 1
vt 0 0
vt 1 0
vt 1 1
vt 0 0
vt 1 0
vt 1 1
vt 0 0
vt 1 0
vt 1 1
vt 0 0
vt 1 0
vt 1 1
vt 0 0
vt 1 0
vt 1 1
vt 0 0
vt 1 0
vt 1 1
vt 0 0
vt 1 0
vt 1 1
vt 0 0
vt 1 0
vt 1 1
vt 0 0
vt 1 0
vt 1 1
vt 0 0
vt 1 0
vt 1 1
vt 0 0
vt 1 0
vt 1 1
vt 0 0
vt 1 0
vt 1 1
vt 0 0
vt 1 0
vt 1 1
vt 0 0
vt 1 0
vt 1 1
vt 0 0
vt 1 0
vt 1 1
vt 0 0
vt 1 0
vt 1 1
vt 0 0
vt 1 0
vt 1 1
vt 0 0
vt 1 0
vt 1 1
vt 0 0
vt 1 0
vt 1 1
vt 0 0
vt 1 0
vt 1 1
vt 0 0
vt 1 0
vt 1 1
vt 0 0
vt 1 0
vt 1 1
vt 0 0
vt 1 0
vt 1 1
vt 0 0
vt 1 0
vt 1 1
vt 0 0
vt 1 0
vt 1 1
vt 0 0
vt 1 0
vt 1 1
vt 0 0
vt 1 0
vt 1 1
vt 0 0
vt 1 0
vt 1 1
vt 0 0
vt 1 0
vt 1 1
vt 0 0
vt 1 0
vt 1 1
vt 0 0
vt 1 0
vt 1 1
vt 0 0
vt 1 0
vt 1 1
vt 0 0
vt 1 0
vt 1 1
vt 0 0
vt 1 0
vt 1 1
vt 0 0
vt 1 0
vt 1 1
vt 0 0
vt 1 0
vt 1 1
vt 0 0
vt 1 0
vt 1 1
vt 0 0
vt 1 0
vt 1 1
vt 0 0
vt 1 0
vt 1 1
vt 0 0
vt 1 0
vt 1 1
vt 0 0
vt 1 0
vt 1 1
vt 0 0
vt 1 0
vt 1 1
vt 0 0
vt 1 0
vt 1 1
vt 0 0
vt 1 0
vt 1 1
vt 0 0
vt 1 0
vt 1 1
vt 0 0
vt 1 0
vt 1 1
vt 0 0
vt 1 0
vt 1 1
vt 0 0
vt 1 0
vt 1 1
vt 0 0
vt 1 0
vt 1 1
vt 0 0
vt 1 0
vt 1 1
vt 0 0
vt 1 0
vt 1 1
vt 0 0
vt 1 0
vt 1 1
vt 0 0
vt 1 0
vt 1 1
vt 0 0
vt 1 0
vt 1 1
vt 0 0
vt 1 0
vt 1 1
vt 0 0
vt 1 0
vt 1 1
vt 0 0
vt 1 0
vt 1 1
vt 0 0
vt 1 0
vt 1 1
vt 0 0
vt 1 0
vt 1 1
vt 0 0
vt 1 0
vt 1 1
vt 0 0
vt 1 0
vt 1 1
vt 0 0
vt 1 0
vt 1 1
vt 0 0
vt 1 0
vt 1 1
vt 0 0
vt 1 0
vt 1 1
vt 0 0
vt 1 0
vt 1 1
vt 0 0
vt 1 0
vt 1 1
vt 0 0
vt 1 0
vt 1 1
vt 0 0
vt 1 0
vt 1 1
vt 0 0
vt 1 0
vt 1 1
vt 0 0
vt 1 0
vt 1 1
vt 0 0
vt 1 0
vt 1 1
vt 0 0
vt 1 0
vt 1 1
vt 0 0
vt 1 0
vt 1 1
vt 0 0
vt 1 0
vt 1 1
vt 0 0
vt 1 0
vt 1 1
vt 0 0
vt 1 0
vt 1 1
vt 0 0
vt 1 0
vt 1 1
vt 0 0
vt 1 0
vt 1 1
vt 0 0
vt 1 0
vt 1 1
vt 0 0
vt 1 0
vt 1 1
vt 0 0
vt 1 0
vt 1 1
vt 0 0
vt 1 0
vt 1 1
vt 0 0
vt 1 0
vt 1 1
vt 0 0
vt 1 0
vt 1 1
vt 0 0
vt 1 0
vt 1 1
vt 0 0
vt 1 0
vt 1 1
vt 0 0
vt 1 0
vt 1 1
vt 0 0
vt 1 0
vt 1 1
vt 0 0
vt 1 0
vt 1 1
vt 0 0
vt 1 0
vt 1 1
vt 0 0
vt 1 0
vt 1 1
vt 0 0
vt 1 0
vt 1 1
vt 0 0
vt 1 0
vt 1 1
vt 0 0
vt 1 0
vt 1 1
vt 0 0
vt 1 0
vt 1 1
vt 0 0
vt 1 0
vt 1 1
vt 0 0
vt 1 0
vt 1 1
vt 0 0
vt 1 0
vt 1 1
vt 0 0
vt 1 0
vt 1 1
vt 0 0
vt 1 0
vt 1 1
vt 0 0
vt 1 0
vt 1 1
vt 0 0
vt 1 0
vt 1 1
vt 0 0
vt 1 0
vt 1 1
vt 0 0
vt 1 0
vt 1 1
vt 0 0
vt 1 0
vt 1 1
vt 0 0
vt 1 0
vt 1 1
vt 0 0
vt 1 0
vt 1 1
vt 0 0
vt 1 0
vt 1 1
vt 0 0
vt 1 0
vt 1 1
vt 0 0
vt 1 0
vt 1 1
vt 0 0
vt 1 0
vt 1 1
vt 0 0
vt 1 0
vt 1 1
vt 0 0
vt 1 0
vt 1 1
vt 0 0
vt 1 0
vt 1 1
vt 0 0
vt 1 0
vt 1 1
vt 0 0
vt 1 0
vt 1 1
vt 0 0
vt 1 0
vt 1 1
vt 0 0
vt 1 0
vt 1 1
vt 0 0
vt 1 0
vt 1 1
vt 0 0
vt 1 0
vt 1 1
vt 0 0
vt 1 0
vt 1 1
vt 0 0
vt 1 0
vt 1 1
vt 0 0
vt 1 0
vt 1 1
vt 0 0
vt 1 0
vt 1 1
vt 0 0
vt 1 0
vt 1 1
vt 0 0
vt 1 0
vt 1 1
vt 0 0
vt 1 0
vt 1 1
vt 0 0
vt 1 0
vt 1 1
vt 0 0
vt 1 0
vt 1 1
vt 0 0
vt 1 0
vt 1 1
vt 0 0
vt 1 0
vt 1 1
vt 0 0
vt 1 0
vt 1 1
vt 0 0
vt 1 0
vt 1 1
vt 0 0
vt 1 0
vt 1 1
vt 0 0
vt 1 0
vt 1 1
vt 0 0
vt 1 0
vt 1 1
vt 0 0
vt 1 0
vt 1 1
vt 0 0
vt 1 0
vt 1 1
vt 0 0
vt 1 0
vt 1 1
vt 0 0
vt 1 0
vt 1 1
vt 0 0
vt 1 0
vt 1 1
vt 0 0
vt 1 0
vt 1 1
vt 0 0
vt 1 0
vt 1 1
vt 0 0
vt 1 0
vt 1 1
vt 0 0
vt 1 0
vt 1 1
vt 0 0
vt 1 0
vt 1 1
vt 0 0
vt 1 0
vt 1 1
vt 0 0
vt 1 0
vt 1 1
vt 0 0
vt 1 0
vt 1 1
vt 0 0
vt 1 0
vt 1 1
vt 0 0
vt 1 0
vt 1 1
vt 0 0
vt 1 0
vt 1 1
vt 0 0
vt 1 0
vt 1 1
vt 0 0
vt 1 0
vt 1 1
vt 0 0
vt 1 0
vt 1 1
vt 0 0
vt 1 0
vt 1 1
vt 0 0
vt 1 0
vt 1 1
vt 0 0
vt 1 0
vt 1 1
vt 0 0
vt 1 0
vt 1 1
vt 0 0
vt 1 0
vt 1 1
vt 0 0
vt 1 0
vt 1 1
vt 0 0
vt 1 0
vt 1 1
vt 0 0
vt 1 0
vt 1 1
vt 0 0
vt 1 0
vt 1 1
vt 0 0
vt 1 0
vt 1 1
vt 0 0
vt 1 0
vt 1 1
vt 0 0
vt 1 0
vt 1 1
vt 0 0
vt 1 0
vt 1 1
vt 0 0
vt 1 0
vt 1 1
vt 0 0
vt 1 0
vt 1 1
vt 0 0
vt 1 0
vt 1 1
vt 0 0
vt 1 0
vt 1 1
vt 0 0
vt 1 0
vt 1 1
vt 0 0
vt 1 0
vt 1 1
vt 0 0
vt 1 0
vt 1 1
vt 0 0
vt 1 0
vt 1 1
vt 0 0
vt 1 0
vt 1 1
vt 0 0
vt 1 0
vt 1 1
vt 0 0
vt 1 0
vt 1 1
vt 0 0
vt 1 0
vt 1 1
vt 0 0
vt 1 0
vt 1 1
vt 0 0
vt 1 0
vt 1 1
vt 0 0
vt 1 0
vt 1 1
vt 0 0
vt 1 0
vt 1 1
vt 0 0
vt 1 0
vt 1 1
vt 0 0
vt 1 0
vt 1 1
vt 0 0
vt 1 0
vt 1 1
vt 0 0
vt 1 0
vt 1 1
vt 0 0
vt 1 0
vt 1 1
vt 0 0
vt 1 0
vt 1 1
vt 0 0
vt 1 0
vt 1 1
vt 0 0
vt 1 0
vt 1 1
vt 0 0
vt 1 0
vt 1 1
vt 0 0
vt 1 0
vt 1 1
vt 0 0
vt 1 0
vt 1 1
vt 0 0
vt 1 0
vt 1 1
vt 0 0
vt 1 0
vt 1 1
vt 0 0
vt 1 0
vt 1 1
vt 0 0
vt 1 0
vt 1 1
vt 0 0
vt 1 0
vt 1 1
vt 0 0
vt 1 0
vt 1 1
vt 0 0
vt 1 0
vt 1 1
vt 0 0
vt 1 0
vt 1 1
vt 0 0
vt 1 0
vt 1 1
vt 0 0
vt 1 0
vt 1 1
vt 0 0
vt 1 0
vt 1 1
vt 0 0
vt 1 0
vt 1 1
vt 0 0
vt 1 0
vt 1 1
vt 0 0
vt 1 0
vt 1 1
vt 0 0
vt 1 0
vt 1 1
vt 0 0
vt 1 0
vt 1 1
vt 0 0
vt 1 0
vt 1 1
vt 0 0
vt 1 0
vt 1 1
vt 0 0
vt 1 0
vt 1 1
vt 0 0
vt 1 0
vt 1 1
vt 0 0
vt 1 0
vt 1 1
vt 0 0
vt 1 0
vt 1 1
vt 0 0
vt 1 0
vt 1 1
vt 0 0
vt 1 0
vt 1 1
vt 0 0
vt 1 0
vt 1 1
vt 0 0
vt 1 0
vt 1 1
vt 0 0
vt 1 0
vt 1 1
vt 0 0
vt 1 0
vt 1 1
vt 0 0
vt 1 0
vt 1 1
vt 0 0
vt 1 0
vt 1 1
vt 0 0
vt 1 0
vt 1 1
vt 0 0
vt 1 0
vt 1 1
vt 0 0
vt 1 0
vt 1 1
vt 0 0
vt 1 0
vt 1 1
vt 0 0
vt 1 0
vt 1 1
vt 0 0
vt 1 0
vt 1 1
vt 0 0
vt 1 0
vt 1 1
vt 0 0
vt 1 0
vt 1 1
vt 0 0
vt 1 0
vt 1 1
vt 0 0
vt 1 0
vt 1 1
vt 0 0
vt 1 0
vt 1 1
vt 0 0
vt 1 0
vt 1 1
vt 0 0
vt 1 0
vt 1 1
vt 0 0
vt 1 0
vt 1 1
vt 0 0
vt 1 0
vt 1 1
vt 0 0
vt 1 0
vt 1 1
vt 0 0
vt 1 0
vt 1 1
vt 0 0
vt 1 0
vt 1 1
vt 0 0
vt 1 0
vt 1 1
vt 0 0
vt 1 0
vt 1 1
vt 0 0
vt 1 0
vt 1 1
vt 0 0
vt 1 0
vt 1 1
vt 0 0
vt 1 0
vt 1 1
vt 0 0
vt 1 0
vt 1 1
vt 0 0
vt 1 0
vt 1 1
vt 0 0
vt 1 0
vt 1 1
vt 0 0
vt 1 0
vt 1 1
vt 0 0
vt 1 0
vt 1 1
vt 0 0
vt 1 0
vt 1 1
vt 0 0
vt 1 0
vt 1 1
vt 0 0
vt 1 0
vt 1 1
vt 0 0
vt 1 0
vt 1 1
vt 0 0
vt 1 0
vt 1 1
vt 0 0
vt 1 0
vt 1 1
vt 0 0
vt 1 0
vt 1 1
vt 0 0
vt 1 0
vt 1 1
vt 0 0
vt 1 0
vt 1 1
vt 0 0
vt 1 0
vt 1 1
vt 0 0
vt 1 0
vt 1 1
vt 0 0
vt 1 0
vt 1 1
vt 0 0
vt 1 0
vt 1 1
vt 0 0
vt 1 0
vt 1 1
vt 0 0
vt 1 0
vt 1 1
vt 0 0
vt 1 0
vt 1 1
vt 0 0
vt 1 0
vt 1 1
vt 0 0
vt 1 0
vt 1 1
vt 0 0
vt 1 0
vt 1 1
vt 0 0
vt 1 0
vt 1 1
vt 0 0
vt 1 0
vt 1 1
vt 0 0
vt 1 0
vt 1 1
vt 0 0
vt 1 0
vt 1 1
vt 0 0
vt 1 0
vt 1 1
vt 0 0
vt 1 0
vt 1 1
vt 0 0
vt 1 0
vt 1 1
vt 0 0
vt 1 0
vt 1 1
vt 0 0
vt 1 0
vt 1 1
vt 0 0
vt 1 0
vt 1 1
vt 0 0
vt 1 0
vt 1 1
vt 0 0
vt 1 0
vt 1 1
vt 0 0
vt 1 0
vt 1 1
vt 0 0
vt 1 0
vt 1 1
vt 0 0
vt 1 0
vt 1 1
vt 0 0
vt 1 0
vt 1 1
vt 0 0
vt 1 0
vt 1 1
vt 0 0
vt 1 0
vt 1 1
vt 0 0
vt 1 0
vt 1 1
vt 0 0
vt 1 0
vt 1 1
vt 0 0
vt 1 0
vt 1 1
vt 0 0
vt 1 0
vt 1 1
vt 0 0
vt 1 0
vt 1 1
vt 0 0
vt 1 0
vt 1 1
vt 0 0
vt 1 0
vt 1 1
vt 0 0
vt 1 0
vt 1 1
vt 0 0
vt 1 0
vt 1 1
vt 0 0
vt 1 0
vt 1 1
vt 0 0
vt 1 0
vt 1 1
vt 0 0
vt 1 0
vt 1 1
vt 0 0
vt 1 0
vt 1 1
vt 0 0
vt 1 0
vt 1 1
vt 0 0
vt 1 0
vt 1 1
vt 0 0
vt 1 0
vt 1 1
vt 0 0
vt 1 0
vt 1 1
vt 0 0
vt 1 0
vt 1 1
vt 0 0
vt 1 0
vt 1 1
vt 0 0
vt 1 0
vt 1 1
vt 0 0
vt 1 0
vt 1 1
vt 0 0
vt 1 0
vt 1 1
vt 0 0
vt 1 0
vt 1 1
vt 0 0
vt 1 0
vt 1 1
vt 0 0
vt 1 0
vt 1 1
vt 0 0
vt 1 0
vt 1 1
vt 0 0
vt 1 0
vt 1 1
vt 0 0
vt 1 0
vt 1 1
vt 0 0
vt 1 0
vt 1 1
vt 0 0
vt 1 0
vt 1 1
vt 0 0
vt 1 0
vt 1 1
vt 0 0
vt 1 0
vt 1 1
vt 0 0
vt 1 0
vt 1 1
vt 0 0
vt 1 0
vt 1 1
vt 0 0
vt 1 0
vt 1 1
vt 0 0
vt 1 0
vt 1 1
vt 0 0
vt 1 0
vt 1 1
vt 0 0
vt 1 0
vt 1 1
vt 0 0
vt 1 0
vt 1 1
vt 0 0
vt 1 0
vt 1 1
vt 0 0
vt 1 0
vt 1 1
vt 0 0
vt 1 0
vt 1 1
vt 0 0
vt 1 0
vt 1 1
vt 0 0
vt 1 0
vt 1 1
vt 0 0
vt 1 0
vt 1 1
vt 0 0
vt 1 0
vt 1 1
vt 0 0
vt 1 0
vt 1 1
vt 0 0
vt 1 0
vt 1 1
vt 0 0
vt 1 0
vt 1 1
vt 0 0
vt 1 0
vt 1 1
vt 0 0
vt 1 0
vt 1 1
vt 0 0
vt 1 0
vt 1 1
vt 0 0
vt 1 0
vt 1 1
vt 0 0
vt 1 0
vt 1 1
vt 0 0
vt 1 0
vt 1 1
vt 0 0
vt 1 0
vt 1 1
vt 0 0
vt 1 0
vt 1 1
vt 0 0
vt 1 0
vt 1 1
vt 0 0
vt 1 0
vt 1 1
vt 0 0
vt 1 0
vt 1 1
vt 0 0
vt 1 0
vt 1 1
vt 0 0
vt 1 0
vt 1 1
vt 0 0
vt 1 0
vt 1 1
vt 0 0
vt 1 0
vt 1 1
vt 0 0
vt 1 0
vt 1 1
vt 0 0
vt 1 0
vt 1 1
vt 0 0
vt 1 0
vt 1 1
vt 0 0
vt 1 0
vt 1 1
vt 0 0
vt 1 0
vt 1 1
vt 0 0
vt 1 0
vt 1 1
vt 0 0
vt 1 0
vt 1 1
vt 0 0
vt 1 0
vt 1 1
vt 0 0
vt 1 0
vt 1 1
vt 0 0
vt 1 0
vt 1 1
vt 0 0
vt 1 0
vt 1 1
vt 0 0
vt 1 0
vt 1 1
vt 0 0
vt 1 0
vt 1 1
vt 0 0
vt 1 0
vt 1 1
vt 0 0
vt 1 0
vt 1 1
vt 0 0
vt 1 0
vt 1 1
vt 0 0
vt 1 0
vt 1 1
vt 0 0
vt 1 0
vt 1 1
vt 0 0
vt 1 0
vt 1 1
vt 0 0
vt 1 0
vt 1 1
vt 0 0
vt 1 0
vt 1 1
vt 0 0
vt 1 0
vt 1 1
vt 0 0
vt 1 0
vt 1 1
vt 0 0
vt 1 0
vt 1 1
vt 0 0
vt 1 0
vt 1 1
vt 0 0
vt 1 0
vt 1 1
vt 0 0
vt 1 0
vt 1 1
vt 0 0
vt 1 0
vt 1 1
vt 0 0
vt 1 0
vt 1 1
vt 0 0
vt 1 0
vt 1 1
vt 0 0
vt 1 0
vt 1 1
vt 0 0
vt 1 0
vt 1 1
vt 0 0
vt 1 0
vt 1 1
vt 0 0
vt 1 0
vt 1 1
vt 0 0
vt 1 0
vt 1 1
vt 0 0
vt 1 0
vt 1 1
vt 0 0
vt 1 0
vt 1 1
vt 0 0
vt 1 0
vt 1 1
vt 0 0
vt 1 0
vt 1 1
vt 0 0
vt 1 0
vt 1 1
vt 0 0
vt 1 0
vt 1 1
vt 0 0
vt 1 0
vt 1 1
vt 0 0
vt 1 0
vt 1 1
vt 0 0
vt 1 0
vt 1 1
vt 0 0
vt 1 0
vt 1 1
vt 0 0
vt 1 0
vt 1 1
vt 0 0
vt 1 0
vt 1 1
vt 0 0
vt 1 0
vt 1 1
vt 0 0
vt 1 0
vt 1 1
vt 0 0
vt 1 0
vt 1 1
vt 0 0
vt 1 0
vt 1 1
vt 0 0
vt 1 0
vt 1 1
vt 0 0
vt 1 0
vt 1 1
vt 0 0
vt 1 0
vt 1 1
vt 0 0
vt 1 0
vt 1 1
vt 0 0
vt 1 0
vt 1 1
vt 0 0
vt 1 0
vt 1 1
vt 0 0
vt 1 0
vt 1 1
vt 0 0
vt 1 0
vt 1 1
vt 0 0
vt 1 0
vt 1 1
vt 0 0
vt 1 0
vt 1 1
vt 0 0
vt 1 0
vt 1 1
vt 0 0
vt 1 0
vt 1 1
vt 0 0
vt 1 0
vt 1 1
vt 0 0
vt 1 0
vt 1 1
vt 0 0
vt 1 0
vt 1 1
vt 0 0
vt 1 0
vt 1 1
vt 0 0
vt 1 0
vt 1 1
vt 0 0
vt 1 0
vt 1 1
vt 0 0
vt 1 0
vt 1 1
vt 0 0
vt 1 0
vt 1 1
vt 0 0
vt 1 0
vt 1 1
vt 0 0
vt 1 0
vt 1 1
vt 0 0
vt 1 0
vt 1 1
vt 0 0
vt 1 0
vt 1 1
vt 0 0
vt 1 0
vt 1 1
vt 0 0
vt 1 0
vt 1 1
vt 0 0
vt 1 0
vt 1 1
vt 0 0
vt 1 0
vt 1 1
vt 0 0
vt 1 0
vt 1 1
vt 0 0
vt 1 0
vt 1 1
vt 0 0
vt 1 0
vt 1 1
vt 0 0
vt 1 0
vt 1 1
vt 0 0
vt 1 0
vt 1 1
vt 0 0
vt 1 0
vt 1 1
vt 0 0
vt 1 0
vt 1 1
vt 0 0
vt 1 0
vt 1 1
vt 0 0
vt 1 0
vt 1 1
vt 0 0
vt 1 0
vt 1 1
vt 0 0
vt 1 0
vt 1 1
vt 0 0
vt 1 0
vt 1 1
vt 0 0
vt 1 0
vt 1 1
vt 0 0
vt 1 0
vt 1 1
vt 0 0
vt 1 0
vt 1 1
vt 0 0
vt 1 0
vt 1 1
vt 0 0
vt 1 0
vt 1 1
vt 0 0
vt 1 0
vt 1 1
vt 0 0
vt 1 0
vt 1 1
vt 0 0
vt 1 0
vt 1 1
vt 0 0
vt 1 0
vt 1 1
vt 0 0
vt 1 0
vt 1 1
vt 0 0
vt 1 0
vt 1 1
vt 0 0
vt 1 0
vt 1 1
vt 0 0
vt 1 0
vt 1 1
vt 0 0
vt 1 0
vt 1 1
vt 0 0
vt 1 0
vt 1 1
vt 0 0
vt 1 0
vt 1 1
vt 0 0
vt 1 0
vt 1 1
vt 0 0
vt 1 0
vt 1 1
vt 0 0
vt 1 0
vt 1 1
vt 0 0
vt 1 0
vt 1 1
vt 0 0
vt 1 0
vt 1 1
vt 0 0
vt 1 0
vt 1 1
vt 0 0
vt 1 0
vt 1 1
vt 0 0
vt 1 0
vt 1 1
vt 0 0
vt 1 0
vt 1 1
vt 0 0
vt 1 0
vt 1 1
vt 0 0
vt 1 0
vt 1 1
vt 0 0
vt 1 0
vt 1 1
vt 0 0
vt 1 0
vt 1 1
vt 0 0
vt 1 0
vt 1 1
vt 0 0
vt 1 0
vt 1 1
vt 0 0
vt 1 0
vt 1 1
vt 0 0
vt 1 0
vt 1 1
vt 0 0
vt 1 0
vt 1 1
vt 0 0
vt 1 0
vt 1 1
vt 0 0
vt 1 0
vt 1 1
vt 0 0
vt 1 0
vt 1 1
vt 0 0
vt 1 0
vt 1 1
vt 0 0
vt 1 0
vt 1 1
vt 0 0
vt 1 0
vt 1 1
vt 0 0
vt 1 0
vt 1 1
vt 0 0
vt 1 0
vt 1 1
vt 0 0
vt 1 0
vt 1 1
vt 0 0
vt 1 0
vt 1 1
vt 0 0
vt 1 0
vt 1 1
vt 0 0
vt 1 0
vt 1 1
vt 0 0
vt 1 0
vt 1 1
vt 0 0
vt 1 0
vt 1 1
vt 0 0
vt 1 0
vt 1 1
vt 0 0
vt 1 0
vt 1 1
vt 0 0
vt 1 0
vt 1 1
vt 0 0
vt 1 0
vt 1 1
vt 0 0
vt 1 0
vt 1 1
vt 0 0
vt 1 0
vt 1 1
vt 0 0
vt 1 0
vt 1 1
vt 0 0
vt 1 0
vt 1 1
vt 0 0
vt 1 0
vt 1 1
vt 0 0
vt 1 0
vt 1 1
vt 0 0
vt 1 0
vt 1 1
vt 0 0
vt 1 0
vt 1 1
vt 0 0
vt 1 0
vt 1 1
vt 0 0
vt 1 0
vt 1 1
vt 0 0
vt 1 0
vt 1 1
vt 0 0
vt 1 0
vt 1 1
vt 0 0
vt 1 0
vt 1 1
vt 0 0
vt 1 0
vt 1 1
vt 0 0
vt 1 0
vt 1 1
vt 0 0
vt 1 0
vt 1 1
vt 0 0
vt 1 0
vt 1 1
vt 0 0
vt 1 0
vt 1 1
vt 0 0
vt 1 0
vt 1 1
vt 0 0
vt 1 0
vt 1 1
vt 0 0
vt 1 0
vt 1 1
vt 0 0
vt 1 0
vt 1 1
vt 0 0
vt 1 0
vt 1 1
vt 0 0
vt 1 0
vt 1 1
vt 0 0
vt 1 0
vt 1 1
vt 0 0
vt 1 0
vt 1 1
vt 0 0
vt 1 0
vt 1 1
vt 0 0
vt 1 0
vt 1 1
vt 0 0
vt 1 0
vt 1 1
vt 0 0
vt 1 0
vt 1 1
vt 0 0
vt 1 0
vt 1 1
vt 0 0
vt 1 0
vt 1 1
vt 0 0
vt 1 0
vt 1 1
vt 0 0
vt 1 0
vt 1 1
vt 0 0
vt 1 0
vt 1 1
vt 0 0
vt 1 0
vt 1 1
vt 0 0
vt 1 0
vt 1 1
vt 0 0
vt 1 0
vt 1 1
vt 0 0
vt 1 0
vt 1 1
vt 0 0
vt 1 0
vt 1 1
vt 0 0
vt 1 0
vt 1 1
vt 0 0
vt 1 0
vt 1 1
vt 0 0
vt 1 0
vt 1 1
vt 0 0
vt 1 0
vt 1 1
vt 0 0
vt 1 0
vt 1 1
vt 0 0
vt 1 0
vt 1 1
vt 0 0
vt 1 0
vt 1 1
vt 0 0
vt 1 0
vt 1 1
vt 0 0
vt 1 0
vt 1 1
vt 0 0
vt 1 0
vt 1 1
vt 0 0
vt 1 0
vt 1 1
vt 0 0
vt 1 0
vt 1 1
vt 0 0
vt 1 0
vt 1 1
vt 0 0
vt 1 0
vt 1 1
vt 0 0
vt 1 0
vt 1 1
vt 0 0
vt 1 0
vt 1 1
vt 0 0
vt 1 0
vt 1 1
vt 0 0
vt 1 0
vt 1 1
vt 0 0
vt 1 0
vt 1 1
vt 0 0
vt 1 0
vt 1 1
vt 0 0
vt 1 0
vt 1 1
vt 0 0
vt 1 0
vt 1 1
vt 0 0
vt 1 0
vt 1 1
vt 0 0
vt 1 0
vt 1 1
vt 0 0
vt 1 0
vt 1 1
vt 0 0
vt 1 0
vt 1 1
vt 0 0
vt 1 0
vt 1 1
vt 0 0
vt 1 0
vt 1 1
vt 0 0
vt 1 0
vt 1 1
vt 0 0
vt 1 0
vt 1 1
vt 0 0
vt 1 0
vt 1 1
vt 0 0
vt 1 0
vt 1 1
vt 0 0
vt 1 0
vt 1 1
vt 0 0
vt 1 0
vt 1 1
vt 0 0
vt 1 0
vt 1 1
vt 0 0
vt 1 0
vt 1 1
vt 0 0
vt 1 0
vt 1 1
vt 0 0
vt 1 0
vt 1 1
vt 0 0
vt 1 0
vt 1 1
vt 0 0
vt 1 0
vt 1 1
vt 0 0
vt 1 0
vt 1 1
vt 0 0
vt 1 0
vt 1 1
vt 0 0
vt 1 0
vt 1 1
vt 0 0
vt 1 0
vt 1 1
vt 0 0
vt 1 0
vt 1 1
vt 0 0
vt 1 0
vt 1 1
vt 0 0
vt 1 0
vt 1 1
vt 0 0
vt 1 0
vt 1 1
vt 0 0
vt 1 0
vt 1 1
vt 0 0
vt 1 0
vt 1 1
vt 0 0
vt 1 0
vt 1 1
vt 0 0
vt 1 0
vt 1 1
vt 0 0
vt 1 0
vt 1 1
vt 0 0
vt 1 0
vt 1 1
vt 0 0
vt 1 0
vt 1 1
vt 0 0
vt 1 0
vt 1 1
vt 0 0
vt 1 0
vt 1 1
vt 0 0
vt 1 0
vt 1 1
vt 0 0
vt 1 0
vt 1 1
vt 0 0
vt 1 0
vt 1 1
vt 0 0
vt 1 0
vt 1 1
vt 0 0
vt 1 0
vt 1 1
vt 0 0
vt 1 0
vt 1 1
vt 0 0
vt 1 0
vt 1 1
vt 0 0
vt 1 0
vt 1 1
vt 0 0
vt 1 0
vt 1 1
vt 0 0
vt 1 0
vt 1 1
vt 0 0
vt 1 0
vt 1 1
vt 0 0
vt 1 0
vt 1 1
vt 0 0
vt 1 0
vt 1 1
vt 0 0
vt 1 0
vt 1 1
vt 0 0
vt 1 0
vt 1 1
vt 0 0
vt 1 0
vt 1 1
vt 0 0
vt 1 0
vt 1 1
vt 0 0
vt 1 0
vt 1 1
vt 0 0
vt 1 0
vt 1 1
vt 0 0
vt 1 0
vt 1 1
vt 0 0
vt 1 0
vt 1 1
vt 0 0
vt 1 0
vt 1 1
vt 0 0
vt 1 0
vt 1 1
vt 0 0
vt 1 0
vt 1 1
vt 0 0
vt 1 0
vt 1 1
vt 0 0
vt 1 0
vt 1 1
vt 0 0
vt 1 0
vt 1 1
vt 0 0
vt 1 0
vt 1 1
vt 0 0
vt 1 0
vt 1 1
vt 0 0
vt 1 0
vt 1 1
vt 0 0
vt 1 0
vt 1 1
vt 0 0
vt 1 0
vt 1 1
vt 0 0
vt 1 0
vt 1 1
vt 0 0
vt 1 0
vt 1 1
vt 0 0
vt 1 0
vt 1 1
vt 0 0
vt 1 0
vt 1 1
vt 0 0
vt 1 0
vt 1 1
vt 0 0
vt 1 0
vt 1 1
vt 0 0
vt 1 0
vt 1 1
vt 0 0
vt 1 0
vt 1 1
vt 0 0
vt 1 0
vt 1 1
vt 0 0
vt 1 0
vt 1 1
vt 0 0
vt 1 0
vt 1 1
vt 0 0
vt 1 0
vt 1 1
vt 0 0
vt 1 0
vt 1 1
vt 0 0
vt 1 0
vt 1 1
vt 0 0
vt 1 0
vt 1 1
vt 0 0
vt 1 0
vt 1 1
vt 0 0
vt 1 0
vt 1 1
vt 0 0
vt 1 0
vt 1 1
vt 0 0
vt 1 0
vt 1 1
vt 0 0
vt 1 0
vt 1 1
vt 0 0
vt 1 0
vt 1 1
vt 0 0
vt 1 0
vt 1 1
vt 0 0
vt 1 0
vt 1 1
vt 0 0
vt 1 0
vt 1 1
vt 0 0
vt 1 0
vt 1 1
vt 0 0
vt 1 0
vt 1 1
vt 0 0
vt 1 0
vt 1 1
vt 0 0
vt 1 0
vt 1 1
vt 0 0
vt 1 0
vt 1 1
vt 0 0
vt 1 0
vt 1 1
vt 0 0
vt 1 0
vt 1 1
vt 0 0
vt 1 0
vt 1 1
vt 0 0
vt 1 0
vt 1 1
vt 0 0
vt 1 0
vt 1 1
vt 0 0
vt 1 0
vt 1 1
vt 0 0
vt 1 0
vt 1 1
vt 0 0
vt 1 0
vt 1 1
vt 0 0
vt 1 0
vt 1 1
vt 0 0
vt 1 0
vt 1 1
vt 0 0
vt 1 0
vt 1 1
vt 0 0
vt 1 0
vt 1 1
vt 0 0
vt 1 0
vt 1 1
vt 0 0
vt 1 0
vt 1 1
vt 0 0
vt 1 0
vt 1 1
vt 0 0
vt 1 0
vt 1 1
vt 0 0
vt 1 0
vt 1 1
vt 0 0
vt 1 0
vt 1 1
vt 0 0
vt 1 0
vt 1 1
vt 0 0
vt 1 0
vt 1 1
vt 0 0
vt 1 0
vt 1 1
vt 0 0
vt 1 0
vt 1 1
vt 0 0
vt 1 0
vt 1 1
vt 0 0
vt 1 0
vt 1 1
vt 0 0
vt 1 0
vt 1 1
vt 0 0
vt 1 0
vt 1 1
vt 0 0
vt 1 0
vt 1 1
vt 0 0
vt 1 0
vt 1 1
vt 0 0
vt 1 0
vt 1 1
vt 0 0
vt 1 0
vt 1 1
vt 0 0
vt 1 0
vt 1 1
vt 0 0
vt 1 0
vt 1 1
vt 0 0
vt 1 0
vt 1 1
vt 0 0
vt 1 0
vt 1 1
vt 0 0
vt 1 0
vt 1 1
vt 0 0
vt 1 0
vt 1 1
vt 0 0
vt 1 0
vt 1 1
vt 0 0
vt 1 0
vt 1 1
vt 0 0
vt 1 0
vt 1 1
vt 0 0
vt 1 0
vt 1 1
vt 0 0
vt 1 0
vt 1 1
vt 0 0
vt 1 0
vt 1 1
vt 0 0
vt 1 0
vt 1 1
vt 0 0
vt 1 0
vt 1 1
vt 0 0
vt 1 0
vt 1 1
vt 0 0
vt 1 0
vt 1 1
vt 0 0
vt 1 0
vt 1 1
vt 0 0
vt 1 0
vt 1 1
vt 0 0
vt 1 0
vt 1 1
vt 0 0
vt 1 0
vt 1 1
vt 0 0
vt 1 0
vt 1 1
vt 0 0
vt 1 0
vt 1 1
vt 0 0
vt 1 0
vt 1 1
vt 0 0
vt 1 0
vt 1 1
vt 0 0
vt 1 0
vt 1 1
vt 0 0
vt 1 0
vt 1 1
vt 0 0
vt 1 0
vt 1 1
vt 0 0
vt 1 0
vt 1 1
vt 0 0
vt 1 0
vt 1 1
vt 0 0
vt 1 0
vt 1 1
vt 0 0
vt 1 0
vt 1 1
vt 0 0
vt 1 0
vt 1 1
vt 0 0
vt 1 0
vt 1 1
vt 0 0
vt 1 0
vt 1 1
vt 0 0
vt 1 0
vt 1 1
vt 0 0
vt 1 0
vt 1 1
vt 0 0
vt 1 0
vt 1 1
vt 0 0
vt 1 0
vt 1 1
vt 0 0
vt 1 0
vt 1 1
vt 0 0
vt 1 0
vt 1 1
vt 0 0
vt 1 0
vt 1 1
vt 0 0
vt 1 0
vt 1 1
vt 0 0
vt 1 0
vt 1 1
vt 0 0
vt 1 0
vt 1 1
vt 0 0
vt 1 0
vt 1 1
vt 0 0
vt 1 0
vt 1 1
vt 0 0
vt 1 0
vt 1 1
vt 0 0
vt 1 0
vt 1 1
vt 0 0
vt 1 0
vt 1 1
vt 0 0
vt 1 0
vt 1 1
vt 0 0
vt 1 0
vt 1 1
vt 0 0
vt 1 0
vt 1 1
vt 0 0
vt 1 0
vt 1 1
vt 0 0
vt 1 0
vt 1 1
vt 0 0
vt 1 0
vt 1 1
vt 0 0
vt 1 0
vt 1 1
vt 0 0
vt 1 0
vt 1 1
vt 0 0
vt 1 0
vt 1 1
vt 0 0
vt 1 0
vt 1 1
vt 0 0
vt 1 0
vt 1 1
vt 0 0
vt 1 0
vt 1 1
vt 0 0
vt 1 0
vt 1 1
vt 0 0
vt 1 0
vt 1 1
vt 0 0
vt 1 0
vt 1 1
vt 0 0
vt 1 0
vt 1 1
vt 0 0
vt 1 0
vt 1 1
vt 0 0
vt 1 0
vt 1 1
vt 0 0
vt 1 0
vt 1 1
vt 0 0
vt 1 0
vt 1 1
vt 0 0
vt 1 0
vt 1 1
vt 0 0
vt 1 0
vt 1 1
vt 0 0
vt 1 0
vt 1 1
vt 0 0
vt 1 0
vt 1 1
vt 0 0
vt 1 0
vt 1 1
vt 0 0
vt 1 0
vt 1 1
vt 0 0
vt 1 0
vt 1 1
vt 0 0
vt 1 0
vt 1 1
vt 0 0
vt 1 0
vt 1 1
vt 0 0
vt 1 0
vt 1 1
vt 0 0
vt 1 0
vt 1 1
vt 0 0
vt 1 0
vt 1 1
vt 0 0
vt 1 0
vt 1 1
vt 0 0
vt 1 0
vt 1 1
vt 0 0
vt 1 0
vt 1 1
vt 0 0
vt 1 0
vt 1 1
vt 0 0
vt 1 0
vt 1 1
vt 0 0
vt 1 0
vt 1 1
vt 0 0
vt 1 0
vt 1 1
vt 0 0
vt 1 0
vt 1 1
vt 0 0
vt 1 0
vt 1 1
vt 0 0
vt 1 0
vt 1 1
vt 0 0
vt 1 0
vt 1 1
vt 0 0
vt 1 0
vt 1 1
vt 0 0
vt 1 0
vt 1 1
vt 0 0
vt 1 0
vt 1 1
vt 0 0
vt 1 0
vt 1 1
vt 0 0
vt 1 0
vt 1 1
vt 0 0
vt 1 0
vt 1 1
vt 0 0
vt 1 0
vt 1 1
vt 0 0
vt 1 0
vt 1 1
vt 0 0
vt 1 0
vt 1 1
vt 0 0
vt 1 0
vt 1 1
vt 0 0
vt 1 0
vt 1 1
vt 0 0
vt 1 0
vt 1 1
vt 0 0
vt 1 0
vt 1 1
vt 0 0
vt 1 0
vt 1 1
vt 0 0
vt 1 0
vt 1 1
vt 0 0
vt 1 0
vt 1 1
vt 0 0
vt 1 0
vt 1 1
vt 0 0
vt 1 0
vt 1 1
vt 0 0
vt 1 0
vt 1 1
vt 0 0
vt 1 0
vt 1 1
vt 0 0
vt 1 0
vt 1 1
vt 0 0
vt 1 0
vt 1 1
vt 0 0
vt 1 0
vt 1 1
vt 0 0
vt 1 0
vt 1 1
vt 0 0
vt 1 0
vt 1 1
vt 0 0
vt 1 0
vt 1 1
vt 0 0
vt 1 0
vt 1 1
vt 0 0
vt 1 0
vt 1 1
vt 0 0
vt 1 0
vt 1 1
vt 0 0
vt 1 0
vt 1 1
vt 0 0
vt 1 0
vt 1 1
vt 0 0
vt 1 0
vt 1 1
vt 0 0
vt 1 0
vt 1 1
vt 0 0
vt 1 0
vt 1 1
vt 0 0
vt 1 0
vt 1 1
vt 0 0
vt 1 0
vt 1 1
vt 0 0
vt 1 0
vt 1 1
vt 0 0
vt 1 0
vt 1 1
vt 0 0
vt 1 0
vt 1 1
vt 0 0
vt 1 0
vt 1 1
vt 0 0
vt 1 0
vt 1 1
vt 0 0
vt 1 0
vt 1 1
vt 0 0
vt 1 0
vt 1 1
vt 0 0
vt 1 0
vt 1 1
vt 0 0
vt 1 0
vt 1 1
vt 0 0
vt 1 0
vt 1 1
vt 0 0
vt 1 0
vt 1 1
vt 0 0
vt 1 0
vt 1 1
vt 0 0
vt 1 0
vt 1 1
vt 0 0
vt 1 0
vt 1 1
vt 0 0
vt 1 0
vt 1 1
vt 0 0
vt 1 0
vt 1 1
vt 0 0
vt 1 0
vt 1 1
vt 0 0
vt 1 0
vt 1 1
vt 0 0
vt 1 0
vt 1 1
vt 0 0
vt 1 0
vt 1 1
vt 0 0
vt 1 0
vt 1 1
vt 0 0
vt 1 0
vt 1 1
vt 0 0
vt 1 0
vt 1 1
vt 0 0
vt 1 0
vt 1 1
vt 0 0
vt 1 0
vt 1 1
vt 0 0
vt 1 0
vt 1 1
vt 0 0
vt 1 0
vt 1 1
vt 0 0
vt 1 0
vt 1 1
vt 0 0
vt 1 0
vt 1 1
vt 0 0
vt 1 0
vt 1 1
vt 0 0
vt 1 0
vt 1 1
vt 0 0
vt 1 0
vt 1 1
vt 0 0
vt 1 0
vt 1 1
vt 0 0
vt 1 0
vt 1 1
vt 0 0
vt 1 0
vt 1 1
vt 0 0
vt 1 0
vt 1 1
vt 0 0
vt 1 0
vt 1 1
vt 0 0
vt 1 0
vt 1 1
vt 0 0
vt 1 0
vt 1 1
vt 0 0
vt 1 0
vt 1 1
vt 0 0
vt 1 0
vt 1 1
vt 0 0
vt 1 0
vt 1 1
vt 0 0
vt 1 0
vt 1 1
vt 0 0
vt 1 0
vt 1 1
vt 0 0
vt 1 0
vt 1 1
vt 0 0
vt 1 0
vt 1 1
vt 0 0
vt 1 0
vt 1 1
vt 0 0
vt 1 0
vt 1 1
vt 0 0
vt 1 0
vt 1 1
vt 0 0
vt 1 0
vt 1 1
vt 0 0
vt 1 0
vt 1 1
vt 0 0
vt 1 0
vt 1 1
vt 0 0
vt 1 0
vt 1 1
vt 0 0
vt 1 0
vt 1 1
vt 0 0
vt 1 0
vt 1 1
vt 0 0
vt 1 0
vt 1 1
vt 0 0
vt 1 0
vt 1 1
vt 0 0
vt 1 0
vt 1 1
vt 0 0
vt 1 0
vt 1 1
vt 0 0
vt 1 0
vt 1 1
vt 0 0
vt 1 0
vt 1 1
vt 0 0
vt 1 0
vt 1 1
vt 0 0
vt 1 0
vt 1 1
vt 0 0
vt 1 0
vt 1 1
vt 0 0
vt 1 0
vt 1 1
vt 0 0
vt 1 0
vt 1 1
vt 0 0
vt 1 0
vt 1 1
vt 0 0
vt 1 0
vt 1 1
vt 0 0
vt 1 0
vt 1 1
vt 0 0
vt 1 0
vt 1 1
vt 0 0
vt 1 0
vt 1 1
vt 0 0
vt 1 0
vt 1 1
vt 0 0
vt 1 0
vt 1 1
vt 0 0
vt 1 0
vt 1 1
vt 0 0
vt 1 0
vt 1 1
vt 0 0
vt 1 0
vt 1 1
vt 0 0
vt 1 0
vt 1 1
vt 0 0
vt 1 0
vt 1 1
vt 0 0
vt 1 0
vt 1 1
vt 0 0
vt 1 0
vt 1 1
vt 0 0
vt 1 0
vt 1 1
vt 0 0
vt 1 0
vt 1 1
vt 0 0
vt 1 0
vt 1 1
vt 0 0
vt 1 0
vt 1 1
vt 0 0
vt 1 0
vt 1 1
vt 0 0
vt 1 0
vt 1 1
vt 0 0
vt 1 0
vt 1 1
vt 0 0
vt 1 0
vt 1 1
vt 0 0
vt 1 0
vt 1 1
vt 0 0
vt 1 0
vt 1 1
vt 0 0
vt 1 0
vt 1 1
vt 0 0
vt 1 0
vt 1 1
vt 0 0
vt 1 0
vt 1 1
vt 0 0
vt 1 0
vt 1 1
vt 0 0
vt 1 0
vt 1 1
vt 0 0
vt 1 0
vt 1 1
vt 0 0
vt 1 0
vt 1 1
vt 0 0
vt 1 0
vt 1 1
vt 0 0
vt 1 0
vt 1 1
vt 0 0
vt 1 0
vt 1 1
vt 0 0
vt 1 0
vt 1 1
vt 0 0
vt 1 0
vt 1 1
vt 0 0
vt 1 0
vt 1 1
vt 0 0
vt 1 0
vt 1 1
vt 0 0
vt 1 0
vt 1 1
vt 0 0
vt 1 0
vt 1 1
vt 0 0
vt 1 0
vt 1 1
vt 0 0
vt 1 0
vt 1 1
vt 0 0
vt 1 0
vt 1 1
vt 0 0
vt 1 0
vt 1 1
vt 0 0
vt 1 0
vt 1 1
vt 0 0
vt 1 0
vt 1 1
vt 0 0
vt 1 0
vt 1 1
vt 0 0
vt 1 0
vt 1 1
vt 0 0
vt 1 0
vt 1 1
vt 0 0
vt 1 0
vt 1 1
vt 0 0
vt 1 0
vt 1 1
vt 0 0
vt 1 0
vt 1 1
vt 0 0
vt 1 0
vt 1 1
vt 0 0
vt 1 0
vt 1 1
vt 0 0
vt 1 0
vt 1 1
vt 0 0
vt 1 0
vt 1 1
vt 0 0
vt 1 0
vt 1 1
vt 0 0
vt 1 0
vt 1 1
vt 0 0
vt 1 0
vt 1 1
vt 0 0
vt 1 0
vt 1 1
vt 0 0
vt 1 0
vt 1 1
vt 0 0
vt 1 0
vt 1 1
vt 0 0
vt 1 0
vt 1 1
vt 0 0
vt 1 0
vt 1 1
vt 0 0
vt 1 0
vt 1 1
vt 0 0
vt 1 0
vt 1 1
vt 0 0
vt 1 0
vt 1 1
vt 0 0
vt 1 0
vt 1 1
vt 0 0
vt 1 0
vt 1 1
vt 0 0
vt 1 0
vt 1 1
vt 0 0
vt 1 0
vt 1 1
vt 0 0
vt 1 0
vt 1 1
vt 0 0
vt 1 0
vt 1 1
vt 0 0
vt 1 0
vt 1 1
vt 0 0
vt 1 0
vt 1 1
vt 0 0
vt 1 0
vt 1 1
vt 0 0
vt 1 0
vt 1 1
vt 0 0
vt 1 0
vt 1 1
vt 0 0
vt 1 0
vt 1 1
vt 0 0
vt 1 0
vt 1 1
vt 0 0
vt 1 0
vt 1 1
vt 0 0
vt 1 0
vt 1 1
vt 0 0
vt 1 0
vt 1 1
vt 0 0
vt 1 0
vt 1 1
vt 0 0
vt 1 0
vt 1 1
vt 0 0
vt 1 0
vt 1 1
vt 0 0
vt 1 0
vt 1 1
vt 0 0
vt 1 0
vt 1 1
vt 0 0
vt 1 0
vt 1 1
vt 0 0
vt 1 0
vt 1 1
vt 0 0
vt 1 0
vt 1 1
vt 0 0
vt 1 0
vt 1 1
vt 0 0
vt 1 0
vt 1 1
vt 0 0
vt 1 0
vt 1 1
vt 0 0
vt 1 0
vt 1 1
vt 0 0
vt 1 0
vt 1 1
vt 0 0
vt 1 0
vt 1 1
vt 0 0
vt 1 0
vt 1 1
vt 0 0
vt 1 0
vt 1 1
vt 0 0
vt 1 0
vt 1 1
vt 0 0
vt 1 0
vt 1 1
vt 0 0
vt 1 0
vt 1 1
vt 0 0
vt 1 0
vt 1 1
vt 0 0
vt 1 0
vt 1 1
vt 0 0
vt 1 0
vt 1 1
vt 0 0
vt 1 0
vt 1 1
vt 0 0
vt 1 0
vt 1 1
vt 0 0
vt 1 0
vt 1 1
vt 0 0
vt 1 0
vt 1 1
vt 0 0
vt 1 0
vt 1 1
vt 0 0
vt 1 0
vt 1 1
vt 0 0
vt 1 0
vt 1 1
vt 0 0
vt 1 0
vt 1 1
vt 0 0
vt 1 0
vt 1 1
vt 0 0
vt 1 0
vt 1 1
vt 0 0
vt 1 0
vt 1 1
vt 0 0
vt 1 0
vt 1 1
vt 0 0
vt 1 0
vt 1 1
vt 0 0
vt 1 0
vt 1 1
vt 0 0
vt 1 0
vt 1 1
vt 0 0
vt 1 0
vt 1 1
vt 0 0
vt 1 0
vt 1 1
vt 0 0
vt 1 0
vt 1 1
vt 0 0
vt 1 0
vt 1 1
vt 0 0
vt 1 0
vt 1 1
vt 0 0
vt 1 0
vt 1 1
vt 0 0
vt 1 0
vt 1 1
vt 0 0
vt 1 0
vt 1 1
vt 0 0
vt 1 0
vt 1 1
vt 0 0
vt 1 0
vt 1 1
vt 0 0
vt 1 0
vt 1 1
vt 0 0
vt 1 0
vt 1 1
vt 0 0
vt 1 0
vt 1 1
vt 0 0
vt 1 0
vt 1 1
vt 0 0
vt 1 0
vt 1 1
vt 0 0
vt 1 0
vt 1 1
vt 0 0
vt 1 0
vt 1 1
vt 0 0
vt 1 0
vt 1 1
vt 0 0
vt 1 0
vt 1 1
vt 0 0
vt 1 0
vt 1 1
vt 0 0
vt 1 0
vt 1 1
vt 0 0
vt 1 0
vt 1 1
vt 0 0
vt 1 0
vt 1 1
vt 0 0
vt 1 0
vt 1 1
vt 0 0
vt 1 0
vt 1 1
vt 0 0
vt 1 0
vt 1 1
vt 0 0
vt 1 0
vt 1 1
vt 0 0
vt 1 0
vt 1 1
vt 0 0
vt 1 0
vt 1 1
vt 0 0
vt 1 0
vt 1 1
vt 0 0
vt 1 0
vt 1 1
vt 0 0
vt 1 0
vt 1 1
vt 0 0
vt 1 0
vt 1 1
vt 0 0
vt 1 0
vt 1 1
vt 0 0
vt 1 0
vt 1 1
vt 0 0
vt 1 0
vt 1 1
vt 0 0
vt 1 0
vt 1 1
vt 0 0
vt 1 0
vt 1 1
vt 0 0
vt 1 0
vt 1 1
vt 0 0
vt 1 0
vt 1 1
vt 0 0
vt 1 0
vt 1 1
vt 0 0
vt 1 0
vt 1 1
vt 0 0
vt 1 0
vt 1 1
vt 0 0
vt 1 0
vt 1 1
vt 0 0
vt 1 0
vt 1 1
vt 0 0
vt 1 0
vt 1 1
vt 0 0
vt 1 0
vt 1 1
vt 0 0
vt 1 0
vt 1 1
vt 0 0
vt 1 0
vt 1 1
vt 0 0
vt 1 0
vt 1 1
vt 0 0
vt 1 0
vt 1 1
vt 0 0
vt 1 0
vt 1 1
vt 0 0
vt 1 0
vt 1 1
vt 0 0
vt 1 0
vt 1 1
vt 0 0
vt 1 0
vt 1 1
vt 0 0
vt 1 0
vt 1 1
vt 0 0
vt 1 0
vt 1 1
vt 0 0
vt 1 0
vt 1 1
vt 0 0
vt 1 0
vt 1 1
vt 0 0
vt 1 0
vt 1 1
vt 0 0
vt 1 0
vt 1 1
vt 0 0
vt 1 0
vt 1 1
vt 0 0
vt 1 0
vt 1 1
vt 0 0
vt 1 0
vt 1 1
vt 0 0
vt 1 0
vt 1 1
vt 0 0
vt 1 0
vt 1 1
vt 0 0
vt 1 0
vt 1 1
vt 0 0
vt 1 0
vt 1 1
vt 0 0
vt 1 0
vt 1 1
vt 0 0
vt 1 0
vt 1 1
vt 0 0
vt 1 0
vt 1 1
vt 0 0
vt 1 0
vt 1 1
vt 0 0
vt 1 0
vt 1 1
vt 0 0
vt 1 0
vt 1 1
vt 0 0
vt 1 0
vt 1 1
vt 0 0
vt 1 0
vt 1 1
vt 0 0
vt 1 0
vt 1 1
vt 0 0
vt 1 0
vt 1 1
vt 0 0
vt 1 0
vt 1 1
vt 0 0
vt 1 0
vt 1 1
vt 0 0
vt 1 0
vt 1 1
vt 0 0
vt 1 0
vt 1 1
vt 0 0
vt 1 0
vt 1 1
vt 0 0
vt 1 0
vt 1 1
vt 0 0
vt 1 0
vt 1 1
vt 0 0
vt 1 0
vt 1 1
vt 0 0
vt 1 0
vt 1 1
vt 0 0
vt 1 0
vt 1 1
vt 0 0
vt 1 0
vt 1 1
vt 0 0
vt 1 0
vt 1 1
vt 0 0
vt 1 0
vt 1 1
vt 0 0
vt 1 0
vt 1 1
vt 0 0
vt 1 0
vt 1 1
vt 0 0
vt 1 0
vt 1 1
vt 0 0
vt 1 0
vt 1 1
vt 0 0
vt 1 0
vt 1 1
vt 0 0
vt 1 0
vt 1 1
vt 0 0
vt 1 0
vt 1 1
vt 0 0
vt 1 0
vt 1 1
vt 0 0
vt 1 0
vt 1 1
vt 0 0
vt 1 0
vt 1 1
vt 0 0
vt 1 0
vt 1 1
vt 0 0
vt 1 0
vt 1 1
vt 0 0
vt 1 0
vt 1 1
vt 0 0
vt 1 0
vt 1 1
vt 0 0
vt 1 0
vt 1 1
vt 0 0
vt 1 0
vt 1 1
vt 0 0
vt 1 0
vt 1 1
vt 0 0
vt 1 0
vt 1 1
vt 0 0
vt 1 0
vt 1 1
vt 0 0
vt 1 0
vt 1 1
vt 0 0
vt 1 0
vt 1 1
vt 0 0
vt 1 0
vt 1 1
vt 0 0
vt 1 0
vt 1 1
vt 0 0
vt 1 0
vt 1 1
vt 0 0
vt 1 0
vt 1 1
vt 0 0
vt 1 0
vt 1 1
vt 0 0
vt 1 0
vt 1 1
vt 0 0
vt 1 0
vt 1 1
vt 0 0
vt 1 0
vt 1 1
vt 0 0
vt 1 0
vt 1 1
vt 0 0
vt 1 0
vt 1 1
vt 0 0
vt 1 0
vt 1 1
vt 0 0
vt 1 0
vt 1 1
vt 0 0
vt 1 0
vt 1 1
vt 0 0
vt 1 0
vt 1 1
vt 0 0
vt 1 0
vt 1 1
vt 0 0
vt 1 0
vt 1 1
vt 0 0
vt 1 0
vt 1 1
vt 0 0
vt 1 0
vt 1 1
vt 0 0
vt 1 0
vt 1 1
vt 0 0
vt 1 0
vt 1 1
vt 0 0
vt 1 0
vt 1 1
vt 0 0
vt 1 0
vt 1 1
vt 0 0
vt 1 0
vt 1 1
vt 0 0
vt 1 0
vt 1 1
vt 0 0
vt 1 0
vt 1 1
vt 0 0
vt 1 0
vt 1 1
vt 0 0
vt 1 0
vt 1 1
vt 0 0
vt 1 0
vt 1 1
vt 0 0
vt 1 0
vt 1 1
vt 0 0
vt 1 0
vt 1 1
vt 0 0
vt 1 0
vt 1 1
vt 0 0
vt 1 0
vt 1 1
vt 0 0
vt 1 0
vt 1 1
vt 0 0
vt 1 0
vt 1 1
vt 0 0
vt 1 0
vt 1 1
vt 0 0
vt 1 0
vt 1 1
vt 0 0
vt 1 0
vt 1 1
vt 0 0
vt 1 0
vt 1 1
vt 0 0
vt 1 0
vt 1 1
vt 0 0
vt 1 0
vt 1 1
vt 0 0
vt 1 0
vt 1 1
vt 0 0
vt 1 0
vt 1 1
vt 0 0
vt 1 0
vt 1 1
vt 0 0
vt 1 0
vt 1 1
vt 0 0
vt 1 0
vt 1 1
vt 0 0
vt 1 0
vt 1 1
vt 0 0
vt 1 0
vt 1 1
vt 0 0
vt 1 0
vt 1 1
vt 0 0
vt 1 0
vt 1 1
vt 0 0
vt 1 0
vt 1 1
vt 0 0
vt 1 0
vt 1 1
vt 0 0
vt 1 0
vt 1 1
vt 0 0
vt 1 0
vt 1 1
vt 0 0
vt 1 0
vt 1 1
vt 0 0
vt 1 0
vt 1 1
vt 0 0
vt 1 0
vt 1 1
vt 0 0
vt 1 0
vt 1 1
vt 0 0
vt 1 0
vt 1 1
vt 0 0
vt 1 0
vt 1 1
vt 0 0
vt 1 0
vt 1 1
vt 0 0
vt 1 0
vt 1 1
vt 0 0
vt 1 0
vt 1 1
vt 0 0
vt 1 0
vt 1 1
vt 0 0
vt 1 0
vt 1 1
vt 0 0
vt 1 0
vt 1 1
vt 0 0
vt 1 0
vt 1 1
vt 0 0
vt 1 0
vt 1 1
vt 0 0
vt 1 0
vt 1 1
vt 0 0
vt 1 0
vt 1 1
vt 0 0
vt 1 0
vt 1 1
vt 0 0
vt 1 0
vt 1 1
vt 0 0
vt 1 0
vt 1 1
vt 0 0
vt 1 0
vt 1 1
vt 0 0
vt 1 0
vt 1 1
vt 0 0
vt 1 0
vt 1 1
vt 0 0
vt 1 0
vt 1 1
vt 0 0
vt 1 0
vt 1 1
vt 0 0
vt 1 0
vt 1 1
vt 0 0
vt 1 0
vt 1 1
vt 0 0
vt 1 0
vt 1 1
vt 0 0
vt 1 0
vt 1 1
vt 0 0
vt 1 0
vt 1 1
vt 0 0
vt 1 0
vt 1 1
vt 0 0
vt 1 0
vt 1 1
vt 0 0
vt 1 0
vt 1 1
vt 0 0
vt 1 0
vt 1 1
vt 0 0
vt 1 0
vt 1 1
vt 0 0
vt 1 0
vt 1 1
vt 0 0
vt 1 0
vt 1 1
vt 0 0
vt 1 0
vt 1 1
vt 0 0
vt 1 0
vt 1 1
vt 0 0
vt 1 0
vt 1 1
vt 0 0
vt 1 0
vt 1 1
vt 0 0
vt 1 0
vt 1 1
vt 0 0
vt 1 0
vt 1 1
vt 0 0
vt 1 0
vt 1 1
vt 0 0
vt 1 0
vt 1 1
vt 0 0
vt 1 0
vt 1 1
vt 0 0
vt 1 0
vt 1 1
vt 0 0
vt 1 0
vt 1 1
vt 0 0
vt 1 0
vt 1 1
vt 0 0
vt 1 0
vt 1 1
vt 0 0
vt 1 0
vt 1 1
vn -0.000196976005 -0.980834901 0.194840744
vn -0.000200034003 -0.980830908 0.19486095
vn -0.000169552994 -0.831615627 0.555351853
vn -0.000167103994 -0.831620216 0.555344939
vn -0.000111681999 -0.555736959 0.831358194
vn -0.000111886999 -0.55574733 0.83135128
vn -3.93068985e-05 -0.195184752 0.980766475
vn -3.93068985e-05 -0.195184857 0.980766475
vn 3.92371985e-05 0.194843739 0.980834424
vn 3.91378017e-05 0.194836944 0.980835676
vn 0.000111560999 0.555348277 0.831618011
vn 0.000111848 0.555335283 0.831626713
vn 0.000167449005 0.831465185 0.555576861
vn 0.000167450999 0.831462502 0.555580854
vn 0.000197532005 0.980686188 0.195587948
vn 0.000197464993 0.980686784 0.195584953
vn -0.000196969006 -0.980766475 -0.195185155
vn -0.000197030007 -0.980767071 -0.195181951
vn -0.000167033999 -0.831466317 -0.555575252
vn -0.000167003003 -0.831466317 -0.555575252
vn -0.000111542999 -0.555327952 -0.831631482
vn -0.000111829999 -0.555327237 -0.831632078
vn -3.92375987e-05 -0.194854051 -0.980832279
vn -3.92356997e-05 -0.194838241 -0.980835378
vn 3.93066002e-05 0.195190951 -0.980765402
vn 3.92071015e-05 0.195167154 -0.980769992
vn 0.000111674999 0.555985749 -0.831191897
vn 0.000111674999 0.555985749 -0.831191778
vn 0.000167006001 0.831458926 -0.555586338
vn 0.000209739999 0.831621408 -0.555343032
vn 0.000247388001 0.980834424 -0.194843248
vn 0.000197475994 0.98076719 -0.195181042
vn 1 -0.000303768989 1.32800784e-11
vn 1 -0.000336519006 0.000122075013
vn 1 -0.000214679007 -3.02575918e-05
vn 1 -0.000188980994 -8.16483953e-05
vn 1 -0.000181369003 -0.000121390993
vn 1 -0.000206148005 -9.70626934e-05
vn 1 -0.000217306995 -4.88438891e-05
vn 1 -0.000215534004 -4.30450891e-05
vn 1 -0.000228253994 9.9792119e-12
vn 1 -0.000215581997 4.26358092e-05
vn 1 -0.000217313995 4.88267106e-05
vn 1 -0.000206156998 9.6746604e-05
vn 1 -0.000181391006 0.000121132005
vn 1 -0.000188987993 8.1578808e-05
vn 1 -0.000214622007 3.02746084e-05
vn 1 -0.000336505997 -0.00012308298
vn 1 -0.000303804001 1.32816085e-11
vn 1 -2.43304949e-05 0.000122209996
vn 1 -0.000218115005 -3.68972042e-06
vn 1 -0.000339844992 7.54751163e-05
vn 1 -0.000167314007 7.31543992e-12
vn 1 -0.000119584009 -0.000179276001
vn 1 -0.000236559994 -3.27592898e-05
vn 1 -0.000208326994 -9.12348914e-05
vn 1 -0.000280414999 0.000273420999
vn 1 -0.000265476992 0.000258131011
vn 1 -0.000195790999 -4.3827491e-05
vn 1 -0.000194249005 -3.90239911e-05
vn 1 -0.000205705001 6.42115992e-07
vn 1 -0.000194253997 3.88725057e-05
vn 1 -0.000195847999 4.38227071e-05
vn 1 -0.000265495997 -0.000258873013
vn 1 -0.000280368986 -0.000272912002
vn 1 -0.000208393001 9.12599062e-05
vn 1 -0.000236517997 3.14937097e-05
vn 1 -0.000119697994 0.000179715993
vn 1 -0.000167334001 -1.66483687e-07
vn 1 -0.000339793012 -7.5314987e-05
vn 1 -0.000218115005 3.36888957e-06
vn 1 -2.42893057e-05 -0.000122213998
vn 0.965547621 -0.257761806 0.0357316807
vn 0.964908481 -0.260244906 0.0349894203
vn 0.964872777 -0.239862993 0.107174009
vn 0.705802381 -0.64952898 0.282763422
vn 0.703627408 -0.650911927 0.284995317
vn 0.25883171 -0.885651827 0.385521919
vn 0.256716311 -0.885703325 0.386816025
vn 0.256711215 -0.957338989 0.132671043
vn 0.25650689 -0.957408011 0.132567644
vn 0.702720821 -0.70481199 0.0970753729
vn 0.7035743 -0.704054117 0.0963902101
vn 0.966197908 -0.236256003 0.103173107
vn 0.965093672 -0.237101093 -0.111252993
vn 0.96623081 -0.232908398 -0.11023619
vn 0.708308101 -0.638934672 -0.300103664
vn 0.708203197 -0.688969314 -0.154174164
vn 0.35548529 -0.912122607 -0.204114154
vn 0.259535909 -0.947806299 -0.185214549
vn 0.260040909 -0.96411711 -0.0534498803
vn 0.387043804 -0.922061384 -0.000330742681
vn 0.258389294 -0.96456182 0.0534375124
vn 0.25816521 -0.94834727 0.184359342
vn 0.356095105 -0.91198498 0.203665748
vn 0.259319395 -0.921947598 0.287691116
vn 0.257819802 -0.874284327 0.411286026
vn 0.259699106 -0.873980403 0.410748929
vn 0.261023194 -0.921937227 -0.286179662
vn 0.259469211 -0.873965979 -0.410924673
vn 0.705181777 -0.641401172 -0.302197278
vn 0.257166713 -0.874328017 -0.411601365
vn 0.966233373 -0.25147 -0.056179028
vn 0.966341078 -0.251057386 -0.0561709292
vn 0.708317697 -0.688862622 -0.154124975
vn 0.708167791 -0.706044078 -0.000253021164
vn 0.709088326 -0.705119729 3.082177e-08
vn 0.709042788 -0.688212276 0.153694823
vn 0.709127426 -0.688124418 0.153698236
vn 0.709163785 -0.637974381 0.300125718
vn 0.707052112 -0.640137911 0.300500929
vn 0.966203928 -0.233469099 0.109280705
vn 0.966410697 -0.232698604 0.109094709
vn 0.966205418 -0.251574188 0.0561907329
vn 0.96621871 -0.251527905 0.0561701097
vn 0.966219425 -0.257721096 1.12653513e-08
vn 0.966350675 -0.257228494 -9.90376575e-05
vn 0.256371498 -0.95756191 -0.131714955
vn 0.256661713 -0.95751071 -0.131522149
vn 0.256671309 -0.88518548 -0.388029069
vn 0.256373495 -0.885202706 -0.388186574
vn 0.703981817 -0.650420129 -0.285242677
vn 0.702769876 -0.651856184 -0.28495267
vn 0.964874923 -0.240714595 -0.105228394
vn 0.964943528 -0.240437001 -0.105233595
vn 0.964944899 -0.259966999 -0.0360350497
vn 0.965442717 -0.258260995 -0.03495197
vn 0.703778028 -0.703768611 -0.0969861969
vn 0.702596605 -0.705037177 -0.0963354409
vn -0.000202944997 -0.904759109 -0.425923675
vn -0.000202859999 -0.904759884 -0.425921977
vn -0.000214155996 -0.954604924 -0.297874868
vn -0.000155335001 -0.955047727 -0.296452075
vn -0.000159678995 -0.981535375 -0.191281155
vn -0.000220229995 -0.981436372 -0.191787362
vn -0.000223985 -0.998466909 -0.0553528145
vn -0.000223993004 -0.99846679 -0.0553548448
vn -0.000223980998 -0.998507917 0.0546068363
vn -0.000167984996 -0.998468995 0.0553160757
vn -0.000165189005 -0.981534421 0.191285938
vn -0.000220169997 -0.981624126 0.190824941
vn -0.000214247004 -0.955007315 0.296582341
vn -0.000160616997 -0.954604626 0.29787603
vn -0.000152149994 -0.904896796 0.425631016
vn -0.000203150994 -0.905032814 0.425341845
vn 0.965452611 0.238718793 0.104472794
vn 0.96537137 0.238940507 0.104716592
vn 0.965370476 0.258440793 0.0356113203
vn 0.965231776 0.258915603 0.0359194092
vn 0.704639077 0.702835083 0.0975017771
vn 0.703734279 0.703809917 0.0970042571
vn 0.25651139 0.957489491 0.13196896
vn 0.256508589 0.885225117 0.388046473
vn 0.256370306 0.885238826 0.388106585
vn 0.703890085 0.650529027 0.285220861
vn 0.703729808 0.650719702 0.285181165
vn 0.256531805 0.957483709 0.131971151
vn 0.966362119 0.232725605 -0.109467506
vn 0.966242671 0.233170003 -0.109575607
vn 0.966251194 0.251430303 -0.0560491718
vn 0.966391206 0.250893801 -0.0560383312
vn 0.966394305 0.257064402 9.46217624e-05
vn 0.708047688 0.706164598 0.000261416135
vn 0.70899868 0.705209911 -3.082571e-08
vn 0.38781479 0.921737373 -4.02904305e-08
vn 0.260040998 0.964117229 0.0534492284
vn 0.259537101 0.947814703 0.185170054
vn 0.355755299 0.912015319 0.204123259
vn 0.259512901 0.921897829 0.287676066
vn 0.258032292 0.874326706 0.411062181
vn 0.257162094 0.874462724 0.411318183
vn 0.705093622 0.641490221 0.302214265
vn 0.708990574 0.638414919 0.299597681
vn 0.708943188 0.688238382 0.154037565
vn 0.70914191 0.688054919 0.153942674
vn 0.966297209 0.251218498 0.0562066287
vn 0.966264606 0.251332015 0.0562585406
vn 0.966267109 0.257542104 -1.12575238e-08
vn 0.96629262 0.232722893 0.110085391
vn 0.965672791 0.235020205 0.11064209
vn 0.260041088 0.964119375 -0.0534105115
vn 0.259556711 0.947981179 -0.184288248
vn 0.356393814 0.911928594 -0.203395441
vn 0.259325087 0.921946108 -0.287690639
vn 0.257835686 0.874432325 -0.41096133
vn 0.259702891 0.873827815 -0.41107133
vn 0.708039224 0.63899821 -0.300602734
vn 0.709085703 0.638164997 -0.299905032
vn 0.709035814 0.688214421 -0.153717831
vn 0.708241105 0.689040482 -0.153680727
vn 0.965361297 0.258470505 -0.0356474593
vn 0.965355515 0.258493096 -0.0356382206
vn 0.965274811 0.238767698 -0.10599371
vn 0.706763327 0.6486637 -0.282349437
vn 0.70367378 0.650638223 -0.285505116
vn 0.258866102 0.885327876 -0.386242121
vn 0.256519586 0.885387719 -0.387668222
vn 0.256507903 0.957491219 -0.131963938
vn 0.256352007 0.957544029 -0.131882846
vn 0.703827381 0.703727782 -0.0969243273
vn 0.70370692 0.703833282 -0.097032629
vn 0.966143608 0.236395702 -0.103362605
vn 0.000152317996 0.905033588 -0.425340116
vn 0.000202962998 0.904896677 -0.425631225
vn 0.000214140993 0.954611123 -0.29785502
vn 0.000155190995 0.955047429 -0.296453416
vn 0.000159599993 0.981623173 -0.190829545
vn 0.000214643995 0.981535375 -0.191280842
vn 0.000218482004 0.998468995 -0.0553154163
vn 0.000162355005 0.998507917 -0.0546079054
vn 0.000162469005 0.998466671 0.0553551465
vn 0.000167954 0.998470902 0.0552819446
vn 0.000164976998 0.981446326 0.191737354
vn 0.000220251997 0.981534421 0.191285849
vn 0.000214301006 0.954604626 0.29787606
vn 0.000208793994 0.954564273 0.298004776
vn 0.000197961999 0.904896915 0.425630867
vn 0.000152128996 0.904773593 0.42589286
vn 0.966125011 -0.258075207 -5.90517193e-05
vn 0.966162324 -0.257934988 -5.33010243e-05
vn 0.707951605 -0.706260979 -9.76763417e-08
vn 0.706057429 -0.708154619 -0.000107124048
vn 0.258788913 -0.965933919 -0.000310396776
vn 0.256343007 -0.966585875 -0.00021091575
vn -0.000205621007 -0.916413307 0.400233537
vn -0.000205716002 -0.916422009 0.400213718
vn -0.000222207993 -0.990495801 0.13754344
vn -0.000166611993 -0.990635812 0.136531249
vn -0.25634101 -0.885796785 0.386850536
vn -0.256724387 -0.8856197 0.387001932
vn -0.703436375 -0.651287675 0.284607738
vn -0.703650117 -0.651035607 0.284656435
vn -0.965380907 -0.238995001 0.104505509
vn -0.965382874 -0.258365899 0.0358169712
vn -0.965365291 -0.258428514 0.0358430222
vn -0.704686701 -0.702789307 0.0974884927
vn -0.703591406 -0.7039693 0.0968837366
vn -0.256704092 -0.957463682 0.131781638
vn -0.256362885 -0.957529485 0.131967351
vn -0.965440512 -0.238835603 0.104317911
vn -0.000168181999 -1 -0.000142955279
vn -0.000224447998 -1 -0.000218240282
vn 0.941913307 -0.221985891 0.252034992
vn 0.9409042 -0.251329392 0.227008522
vn 0.683745325 -0.682139218 0.259188324
vn 0.682804704 -0.682690799 0.260213643
vn 0.249657795 -0.941338718 0.22705175
vn 0.2200865 -0.942325711 0.252159119
vn 0.187267005 -0.730233729 0.657031178
vn 0.0234488193 -0.707021713 0.706802964
vn 0.136086598 -0.256058156 0.957034409
vn 0.226307005 -0.227006361 0.947234511
vn 0.256223202 -0.13490665 0.957157314
vn 0.707022488 -0.0231941584 0.706810594
vn 0.730707705 -0.188781574 0.656069994
vn 0.496676087 -0.498145461 0.710748911
vn 0.496871799 -0.496762961 0.711579323
vn -0.255837113 -0.966719925 -0.000138206742
vn -0.258628905 -0.965976775 -0.000251943769
vn -0.708054304 -0.706158102 -0.000105745137
vn -0.708046317 -0.706166089 -0.000106678133
vn -0.965987623 -0.258588403 -0.000144726699
vn -0.966552377 -0.256469607 -5.92099896e-05
vn -4.41021002e-05 -0.258599579 0.965984702
vn -4.35246002e-05 -0.258526385 0.966004312
vn -0.000119197 -0.708192468 0.70601958
vn -0.000158598006 -0.707191765 0.707021832
vn -0.000216635002 -0.9660151 0.258485734
vn -0.000216732005 -0.9660151 0.258485615
vn 0.966076314 -0.000266580697 0.258257002
vn 0.966015995 -0.000271811703 0.258482099
vn 0.707213998 -0.000226566088 0.7069996
vn 0.707008004 -0.000224219097 0.707205474
vn 0.258588612 -0.000264952774 0.965987504
vn 0.258425087 -0.000263575785 0.966031313
vn 0.965853274 0.259089798 5.82827743e-05
vn 0.965985417 0.258596808 3.81186983e-05
vn 0.708008587 0.706203818 0.000104192128
vn 0.707115114 0.707098424 0.000154269088
vn 0.258785009 0.965934873 0.000210789789
vn 0.258611202 0.965981603 0.000218081768
vn 0.000154135007 0.91621232 0.400693357
vn 0.000200270006 0.915872812 0.401468575
vn 0.000216746004 0.990510285 0.137438357
vn 0.000166611993 0.990635693 0.136532262
vn -0.25813821 0.87411201 0.411452264
vn -0.258357614 0.874073207 0.41139698
vn -0.708017409 0.639038384 0.300568461
vn -0.707992613 0.689181209 0.15419367
vn -0.966274977 0.251299292 0.0562248081
vn -0.966280103 0.257493407 -1.12553984e-08
vn -0.966404974 0.257023901 9.4423267e-05
vn -0.966402471 0.250851899 -0.056031052
vn -0.707292914 0.689920425 -0.154099628
vn -0.708072305 0.689205408 -0.153718933
vn -0.355321497 0.912326813 -0.203486249
vn -0.259799689 0.92225492 -0.286269039
vn -0.258329302 0.874277592 -0.410980433
vn -0.257181406 0.874458015 -0.411316127
vn -0.704742074 0.641901672 -0.302160531
vn -0.708171785 0.639199615 -0.299861044
vn -0.966222525 0.232973695 -0.11016991
vn -0.966250777 0.25143379 -0.0560394004
vn -0.965539277 0.235506907 -0.110771105
vn -0.259862989 0.947815478 -0.184707642
vn -0.260355085 0.964082479 -0.0525370613
vn -0.386144608 0.922438323 -4.03210692e-08
vn -0.258781314 0.964469016 0.0532162301
vn -0.2582995 0.948227108 0.184788555
vn -0.356399685 0.911774993 0.204072461
vn -0.259846002 0.921776474 0.28776437
vn -0.708192229 0.688973904 0.15420337
vn -0.708075106 0.706137121 0.000260066125
vn -0.707101822 0.707111716 -3.09088435e-08
vn -0.966284513 0.25126341 0.0562242679
vn -0.966293812 0.232942507 0.109609291
vn -0.708456695 0.638588428 0.300489455
vn -0.966368973 0.232662201 0.109540895
vn 0.000154038993 0.916036785 -0.401094317
vn 0.000205713994 0.916413605 -0.400232822
vn 0.000222218994 0.990635693 -0.136532351
vn 0.000216665998 0.990621805 -0.136632651
vn -0.965314329 0.239221603 -0.104600206
vn -0.965326428 0.239188701 -0.104565009
vn -0.965353608 0.258499086 -0.0356457904
vn -0.965372622 0.258433104 -0.0356103815
vn -0.703778386 0.703769028 -0.0969801173
vn -0.703701377 0.703851581 -0.0969396532
vn -0.256520212 0.957500577 -0.131871551
vn -0.256583303 0.885730207 -0.386842728
vn -0.25635311 0.885748208 -0.386953741
vn -0.703518927 0.65124011 -0.284513116
vn -0.703750074 0.65096432 -0.284572244
vn -0.256190896 0.95756042 -0.132077038
vn -0.258634001 0.965975404 0.000225301774
vn -0.258455187 0.966023326 0.000218170768
vn -0.707125604 0.707088113 0.000159493095
vn -0.707106829 0.707106829 0.000158586088
vn -0.96598351 0.25860399 5.7782996e-05
vn -0.965983689 0.258603007 5.80311971e-05
vn -0.965372801 0.258432508 0.0356089287
vn -0.965370119 0.258442402 0.0356130376
vn -0.965328276 0.238580793 0.105926596
vn -0.70715028 0.648301005 0.282213271
vn -0.703697085 0.650499225 0.285764366
vn -0.257291704 0.885557175 0.386767775
vn -0.25639081 0.885587394 0.387296855
vn -0.256389707 0.957400501 0.13284865
vn -0.256347001 0.957415581 0.132822052
vn -0.702805221 0.704634726 0.0977489576
vn -0.703749716 0.703796923 0.0969854221
vn -0.966153502 0.236325994 0.103428595
vn 0.000168181999 1 0.000225741285
vn 0.000224447998 1 0.000150456282
vn 0.256139308 0.957156599 0.135070458
vn 0.706967413 0.706872702 0.022981789
vn 0.730647922 0.655982018 0.189317971
vn 0.941809714 0.252116293 0.222332984
vn 0.940766811 0.22740452 0.251486093
vn 0.682646275 0.260253638 0.68283391
vn 0.68272239 0.260276139 0.682749212
vn 0.251659989 0.22731784 0.940741122
vn 0.222361803 0.25205493 0.94181931
vn 0.189337507 0.655985236 0.730639994
vn 0.0224416796 0.707019746 0.706837714
vn 0.134912699 0.957138181 0.256290972
vn 0.226567 0.947279215 0.22656025
vn 0.497851402 0.71014601 0.49783206
vn 0.497900099 0.710052311 0.497916877
vn -0.966556311 0.256455004 5.71103919e-05
vn -0.965983689 0.258603185 -2.87742023e-05
vn -0.706168115 0.708044171 0.000210816055
vn -0.706193507 0.708019018 0.000212922052
vn -0.258629203 0.965976715 0.000131049776
vn -0.258284211 0.966069102 0.000145331767
vn 5.80222004e-05 0.258614123 0.965980828
vn 4.32896995e-05 0.25900653 0.965875626
vn 0.000118163 0.707231462 0.706982136
vn 0.000158474999 0.706213474 0.707999051
vn 0.000216721004 0.965967715 0.258662671
vn 0.000216818007 0.965967774 0.258662581
vn -1.91068991e-15 -0.000211146282 1
vn -1.91068991e-15 -0.000211785286 1
vn -0.258611202 -0.000147182771 0.965981483
vn -0.258605301 -0.000152913766 0.965983212
vn -0.707217097 3.09038057e-08 0.7069965
vn -0.707211196 1.11146403e-06 0.707002401
vn -0.965971172 0.000150940308 0.258649707
vn -0.96596539 0.000150962311 0.258671701
vn -0.941301584 0.249720812 0.227136478
vn -0.9422791 0.220104218 0.252318412
vn -0.730344415 0.187253326 0.656912029
vn -0.70702672 0.0229781512 0.706813514
vn -0.256209612 0.135996848 0.957006574
vn -0.226783603 0.226684138 0.947197676
vn -0.134927198 0.256613731 0.957049727
vn -0.0231584907 0.706059158 0.707774162
vn -0.188976005 0.729673684 0.657163858
vn -0.222318202 0.941789627 0.252204657
vn -0.251525402 0.940765917 0.227364749
vn -0.681811929 0.683621705 0.26037246
vn -0.681820214 0.683596313 0.26041767
vn -0.496767908 0.497986138 0.710796475
vn -0.496933103 0.496904641 0.711437523
vn -0.256468803 -0.135217562 0.957047522
vn -0.707027972 -0.0231939778 0.70680511
vn -0.730553329 -0.186827272 0.656800926
vn -0.942392886 -0.219580591 0.252348989
vn -0.941406429 -0.249790683 0.226624817
vn -0.683874786 -0.682054222 0.259070039
vn -0.68159622 -0.683351874 0.261642933
vn -0.249114797 -0.941378117 0.227484643
vn -0.220086902 -0.942331314 0.252138019
vn -0.187537104 -0.731620908 0.655408978
vn -0.0225230996 -0.707965136 0.705888271
vn -0.135011598 -0.25609076 0.957177877
vn -0.226932794 -0.226336062 0.947245181
vn -0.498588294 -0.497144371 0.710110605
vn -0.496214509 -0.497605264 0.711449385
vn 0.966071427 0.258275092 5.81373097e-05
vn 0.965976119 0.258631915 7.27601946e-05
vn 0.707164526 0.707049072 5.32615959e-05
vn 0.707162619 0.707050979 5.30885955e-05
vn 0.258607298 0.965982616 0.000232376769
vn 0.258261204 0.966075182 0.000218096771
vn 0.000224325006 1 0.000225741285
vn 0.000218674002 1 0.000233241284
vn 0.135823607 0.256086767 -0.957063973
vn 0.0229468308 0.707010329 -0.706830859
vn 0.189099699 0.730448008 -0.656267643
vn 0.222253695 0.941814125 -0.252169728
vn 0.25150159 0.940774322 -0.227355748
vn 0.682777405 0.682660222 -0.260365337
vn 0.682799518 0.682642102 -0.260354817
vn 0.940783918 0.251486093 -0.22733362
vn 0.941823781 0.220063478 -0.254047304
vn 0.73160708 0.18748337 -0.655439615
vn 0.707982123 0.0225108489 -0.705871701
vn 0.256216496 0.135167062 -0.957122326
vn 0.226343602 0.226823449 -0.947269678
vn 0.49723509 0.498575062 -0.710056424
vn 0.497409314 0.497410983 -0.71075058
vn 5.78776999e-05 0.258618474 -0.965979576
vn 5.79771986e-05 0.258530676 -0.96600312
vn 0.000158690003 0.70717293 -0.707040668
vn 0.000158581999 0.707221746 -0.706991851
vn 0.000216526998 0.965967715 -0.25866273
vn 0.000216818007 0.965968072 -0.258660942
vn 0.966015279 -0.000155365298 -0.258484691
vn 0.965492308 -9.87794847e-05 -0.260431707
vn 0.707214117 3.82256949e-05 -0.706999421
vn 0.708163917 -3.08623527e-08 -0.706048191
vn 0.258587301 0.000147175771 -0.96598798
vn 0.258588701 0.000152766777 -0.965987504
vn 0.96612519 -0.258074105 -5.78728177e-05
vn 0.966032803 -0.258419812 -4.38556053e-05
vn 0.707951605 -0.706260979 -0.000265678129
vn 0.707108915 -0.707104683 -0.000218182089
vn 0.258606195 -0.965982914 -0.000133023772
vn 0.256520301 -0.966538906 -0.000218260757
vn -0.000222324001 -0.990635693 -0.136531457
vn -0.000166597994 -0.990496516 -0.137538359
vn -0.000154087 -0.915872574 -0.40146926
vn -0.000205603996 -0.916249871 -0.400607169
vn -0.965665519 -0.235083506 0.11057201
vn -0.966698527 -0.2312406 0.109643809
vn -0.708084226 -0.639271975 0.299913615
vn -0.708005011 -0.689168692 0.154192835
vn -0.356706202 -0.911721408 0.203776747
vn -0.259903312 -0.947804213 0.184709638
vn -0.26015839 -0.964125216 0.0527286306
vn -0.387153596 -0.92201519 -0.000364627689
vn -0.260247797 -0.964061379 -0.0534477979
vn -0.259733886 -0.947848976 -0.184717461
vn -0.357723296 -0.9112674 -0.204024062
vn -0.261527508 -0.921382606 -0.287502259
vn -0.25995189 -0.873614192 -0.411367565
vn -0.258129209 -0.874210179 -0.411249369
vn -0.708977878 -0.63814801 -0.300195873
vn -0.707215071 -0.639537692 -0.301393867
vn -0.96687758 -0.230777904 -0.109038293
vn -0.966899216 -0.248916894 -0.0560934991
vn -0.966268003 -0.251345307 -0.0561410002
vn -0.966270983 -0.25752759 -9.78687458e-05
vn -0.966266274 -0.257545114 -9.65015424e-05
vn -0.966267705 -0.251346588 0.056141261
vn -0.708937109 -0.688313007 0.153731734
vn -0.708984613 -0.705223978 -0.000278668187
vn -0.70892781 -0.705281079 -0.000260445173
vn -0.709038973 -0.688099384 -0.154217273
vn -0.707147479 -0.690062821 -0.154129371
vn -0.966288328 -0.232976198 -0.109585389
vn -0.966744602 -0.249514401 0.0561035909
vn -0.26165241 -0.921737671 0.286247641
vn -0.260088801 -0.873957098 0.410552025
vn -0.704660714 -0.641976297 0.302191526
vn -0.257181197 -0.874419272 0.411398828
vn -0.966068923 -0.236617297 -0.103553191
vn -0.965332925 -0.238631293 -0.105771594
vn -0.707699776 -0.647959709 -0.281619281
vn -0.703654826 -0.650537372 -0.285781175
vn -0.257277995 -0.885564327 -0.386760682
vn -0.256554514 -0.885580778 -0.387203366
vn -0.256554902 -0.957344711 -0.132931262
vn -0.256346792 -0.957414985 -0.132827058
vn -0.703724027 -0.703734279 -0.0976240933
vn -0.703747272 -0.703712225 -0.0976163968
vn -0.965365827 -0.2584261 -0.0358444303
vn -0.96537751 -0.258385509 -0.0358237475
vn -1 0.000215548993 -4.45805126e-05
vn -1 0.000228278994 -9.98030478e-12
vn -1 0.000215563996 4.2647589e-05
vn -1 8.65266848e-05 -0.000373209012
vn -1 0 -1.91068991e-15
vn -1 0.000254315004 -0.000247157004
vn -1 0.000188941005 8.16313914e-05
vn -1 0.000214549 3.02392909e-05
vn -1 0.000108453009 0.000164419005
vn -1 0.000151743006 -6.63480989e-12
vn -1 0.000339207996 -8.24224117e-05
vn -1 0.000212861996 2.13887688e-07
vn -1 2.43526938e-05 -0.000121579003
vn -1 0.000304087007 -1.32939796e-11
vn -1 0.000336486992 0.000121844983
vn -1 0.000215420994 -3.02747085e-05
vn -1 0.000189690996 -8.63776077e-05
vn -1 0.000182068005 -0.000120025004
vn -1 0.000206925004 -9.7388307e-05
vn -1 0.000218134999 -5.00797105e-05
vn -1 0.000216393004 -4.18008094e-05
vn -1 0.000229106998 -1.0016498e-11
vn -1 0.000216343993 4.31851877e-05
vn -1 0.000218112997 4.75910892e-05
vn -1 0.000206911995 9.8661294e-05
vn -1 0.000182043004 0.000121667996
vn -1 0.000189693994 8.16483953e-05
vn -1 0.000215477005 3.02575918e-05
vn -1 0.000336503988 -0.000121828016
vn -1 0.000304053014 -1.3292493e-11
vn -1 2.43090053e-05 0.000122529003
vn -1 0.000212863 -2.13906304e-07
vn -1 0.000339154998 8.21041831e-05
vn -1 0.000151761997 -6.63563995e-12
vn -1 0.00010855899 -0.000163378005
vn -1 0.000214511994 -3.02340086e-05
vn -1 0.000188987004 -8.16510073e-05
vn -1 0.000254293001 0.000248316996
vn -1 8.63988171e-05 0.000375541014
vn -0.706880808 0.706950486 -0.0232489426
vn -0.256094307 0.957121015 -0.135407239
vn -0.226637602 0.947241426 -0.226647645
vn -0.135374695 0.957069814 -0.256302744
vn -0.0228544399 0.707078159 -0.706766069
vn -0.189347893 0.655997515 -0.730626106
vn -0.222370401 0.252208084 -0.941776216
vn -0.249674693 0.228809059 -0.94090867
vn -0.681545317 0.261698782 -0.6833812
vn -0.682726383 0.260325462 -0.682726383
vn -0.941286027 0.227145091 -0.249771714
vn -0.942297518 0.252219588 -0.220138013
vn -0.730490029 0.656676471 -0.187510923
vn -0.497325897 0.710854411 -0.497346044
vn -0.497189701 0.710121214 -0.498528332
vn -0.000224325006 -1 -0.00022581128
vn -0.000224325995 -1 -0.000225812284
vn 1.91068991e-15 0.000211146282 -1
vn 1.91068991e-15 0.00021255028 -1
vn 0.220079407 -0.942281187 -0.252331883
vn 0.249807194 -0.941299021 -0.22705166
vn 0.68376261 -0.681724906 -0.26023078
vn 0.68352443 -0.681865275 -0.26048848
vn 0.940795183 -0.251301199 -0.227490783
vn 0.941806972 -0.222467721 -0.252007812
vn 0.730735123 -0.189313531 -0.655886173
vn 0.707027316 -0.0228374321 -0.706817508
vn 0.256227404 -0.134819046 -0.957168519
vn 0.226321802 -0.226961747 -0.947241724
vn 0.135924101 -0.256065428 -0.957055509
vn 0.0229845606 -0.707032382 -0.706807613
vn 0.187283903 -0.730335772 -0.656912625
vn 0.496180594 -0.497514427 -0.711536586
vn 0.498635799 -0.497208416 -0.710032523
vn -0.256480098 0.00026078074 -0.966549516
vn -0.258607805 0.000197245769 -0.965982378
vn -0.707105994 0.000336858095 -0.707107484
vn -0.707205176 0.000335446093 -0.707008302
vn -0.965971172 0.000197300687 -0.258649707
vn -0.966552317 0.000260020781 -0.256469697
vn -5.78535983e-05 -0.25861913 -0.965979397
vn -5.94915982e-05 -0.258578539 -0.965990305
vn -0.000162572003 -0.707191885 -0.707021713
vn -0.000158662006 -0.707146883 -0.707066834
vn -0.000216721004 -0.965967774 -0.258662462
vn -0.256012112 -0.966673613 -0.000218371744
vn -0.258628905 -0.965976775 -0.000111520778
vn -0.707106829 -0.707106829 -0.000160017094
vn -0.707105577 -0.707108021 -0.00015944909
vn -0.965985119 -0.258597702 4.73911023e-05
vn -0.966677785 -0.255996495 -5.70226111e-05
vn -0.256246597 -0.134830549 -0.957161784
vn -0.707025409 -0.023015881 -0.706813574
vn -0.730579913 -0.187355131 -0.656621099
vn -0.942287326 -0.22005792 -0.252327591
vn -0.941333592 -0.249250412 -0.227520287
vn -0.682477891 -0.682467878 -0.261651456
vn -0.682474673 -0.682478011 -0.261633456
vn -0.249312207 -0.941313982 -0.227533355
vn -0.220085204 -0.942285001 -0.252312362
vn -0.187364802 -0.73056829 -0.656631112
vn -0.0224149805 -0.706932068 -0.706926346
vn -0.134837106 -0.256174237 -0.957180202
vn -0.226501003 -0.22650525 -0.947308123
vn -0.497402608 -0.497360736 -0.710790515
vn -0.49740541 -0.497372031 -0.710780621
vn -0.999999702 0.000773616019 4.07756175e-07
vn -1 -0.000195029992 0.000188263017
vn -0.999999881 0.000522478018 -0.000101387021
vn -1 0 -1.91068991e-15
vn -1 0.000317258993 -1.38697456e-11
vn -1 0.000317302998 -1.38716686e-11
vn -1 0 -1.91068991e-15
vn -0.999999881 0.000491788029 -2.14986518e-11
vn -0.999999881 0.000491750019 -2.14969917e-11
vn -1 0 -1.91068991e-15
vn -0.999999881 0.000458569004 -2.00466033e-11
vn -1 0.000148863997 6.01542924e-05
vn -1 0.000297761988 -1.30175037e-11
vn -0.999999702 0.000787868979 -0.00031786802
vn -2.34850995e-05 -0.105400555 0.994429827
vn -0.00115013099 -0.113339156 0.993555784
vn 0.00135403802 -0.335945666 0.941880405
vn -0.0113722598 -0.407096475 0.913314521
vn -0.000116629002 -0.516528547 0.856270015
vn -0.000141033001 -0.624729514 0.780841172
vn -0.0110949799 -0.719265163 0.694647133
vn -0.0035716889 -0.74909699 0.662450731
vn -0.000144428996 -0.827341676 0.561698973
vn -0.000152602996 -0.851373672 0.524559855
vn -0.00500911381 -0.927254498 0.37439844
vn -0.0201672893 -0.899977922 0.435468733
vn 0.000264731003 -0.960979223 0.276620924
vn -0.000596683007 -0.994184494 0.107689142
vn -0.0151011301 -0.999176502 -0.0376600139
vn -0.0355772302 -0.988746107 -0.145311758
vn -0.000138685995 -1 -0.000292493292
vn -0.000200969007 -0.972140074 -0.234400749
vn -0.00318097998 -0.958424926 -0.285327375
vn -0.00836753845 -0.935448706 -0.353363574
vn -0.0199115798 -0.905709922 -0.423430473
vn -0.0250146296 -0.892870605 -0.44961828
vn -0.0339871012 -0.868884802 -0.493846178
vn -0.000218150002 -0.927032173 -0.374981672
vn -0.000160986005 -0.828311384 -0.560268044
vn -0.00409471896 -0.737357318 -0.675490439
vn -0.00921958592 -0.719282269 -0.694656849
vn -0.000135213995 -0.610835433 -0.791757584
vn -0.000112244998 -0.507062674 -0.86190927
vn -0.01204425 -0.406493038 -0.913574576
vn -0.01253145 -0.409451038 -0.912246108
vn -0.00556141092 -0.350867033 -0.936408877
vn 0.00211757398 -0.244877547 -0.969551802
vn -0.00341945793 -0.112862043 -0.993604779
vn -1.81114992e-05 -0.0820272937 -0.996630073
vn -0.96508348 -0.254174709 0.0633175373
vn -0.951036394 -0.290064901 0.106734216
vn -0.813089371 -0.577684402 0.0718788728
vn -0.761513472 -0.637277722 0.118213631
vn -0.660819113 -0.749917984 0.0306795537
vn -0.52334702 -0.846435189 0.0982626975
vn -0.522457719 -0.845954716 0.106765337
vn -0.215723798 -0.973461628 0.0763924569
vn -0.168004602 -0.972224414 0.162954852
vn -0.378370106 -0.907800496 0.180926248
vn -0.400363803 -0.871915698 0.281907439
vn -0.0678951666 -0.941571474 0.329899132
vn -0.268858612 -0.893691897 0.359207541
vn -0.612066925 -0.751155496 0.24726443
vn -0.075889051 -0.882132411 0.464847744
vn -0.192867994 -0.843815923 0.500776231
vn -0.244581804 -0.806339324 0.53851378
vn -0.310883105 -0.930575907 0.19333984
vn -0.287960112 -0.833828092 0.470966816
vn -0.596047819 -0.713920414 0.367484242
vn -0.639653683 -0.682032108 0.354507327
vn -0.794782877 -0.555593312 0.24420543
vn -0.608461797 -0.77405709 0.174956724
vn -0.295590103 -0.955055118 0.0222772118
vn -0.347979397 -0.937327027 -0.0181231592
vn -0.230955794 -0.964459777 -0.128361851
vn -0.201730907 -0.972893178 -0.113064453
vn -0.159483999 -0.974231482 -0.159492552
vn -0.368804306 -0.910737216 -0.185852751
vn -0.388830692 -0.878020704 -0.279088467
vn -0.135304794 -0.938118219 -0.318790078
vn -0.258840501 -0.879949987 -0.398358762
vn -0.0251380205 -0.906085014 -0.42234838
vn -0.02985912 -0.893124104 -0.448818266
vn -0.0185030103 -0.888305306 -0.458880574
vn -0.161025196 -0.865503073 -0.474315673
vn -0.245840907 -0.807044327 -0.536881566
vn -0.270994186 -0.840402901 -0.46934548
vn -0.594420671 -0.71680361 -0.364495277
vn -0.629122794 -0.691866517 -0.354295582
vn -0.794969976 -0.557171702 -0.23996377
vn -0.966737807 -0.2429692 -0.0798997134
vn -0.852719486 -0.505179822 -0.132902592
vn -0.857816517 -0.509815216 -0.0651094094
vn -0.601171076 -0.793459475 -0.0949484333
vn -0.634862721 -0.769666612 -0.0675477535
vn -0.485377908 -0.873766601 -0.0306623112
vn -0.597280622 -0.783065081 -0.173392177
vn -0.101530999 -0.937869489 -0.331801683
vn -0.0859327316 -0.960264325 -0.265533566
vn 0.00765848113 -0.971695721 -0.236111954
vn -0.245147705 -0.491595119 -0.8356058
vn -0.0692358017 -0.545172334 -0.835460007
vn -0.245132506 -0.591956377 -0.767787576
vn -0.243788198 -0.715118289 -0.655113161
vn -0.244412795 -0.714918673 -0.65509814
vn -0.594946623 -0.592616677 -0.542995393
vn -0.703947425 -0.532728314 -0.469743371
vn -0.799438775 -0.442960918 -0.405811965
vn -0.968927205 -0.182383001 -0.167082578
vn -0.969002128 -0.182132393 -0.166921481
vn -0.968918622 -0.134834319 -0.207403898
vn -0.968999803 -0.134622008 -0.207163095
vn -0.798147917 -0.328824937 -0.504811108
vn -0.704073191 -0.376506716 -0.602099419
vn -0.59416312 -0.439578235 -0.673603296
vn -0.245837897 -0.393809944 -0.885707319
vn -0.254572392 -0.398358643 -0.881194293
vn -0.595898926 -0.286061525 -0.750382185
vn -0.650481522 -0.273171037 -0.708697021
vn -0.799085617 -0.214362726 -0.561703622
vn -0.891739905 -0.190458611 -0.410518795
vn -0.968098283 -0.0596511997 -0.243366897
vn -0.330809891 -0.319437027 -0.887989223
vn -0.999999702 -2.1887834e-05 -0.000780201983
vn -0.999999821 0.000682368991 0.000138712974
vn -1 -5.56306235e-14 -1.27268004e-06
vn -1 -5.53364456e-14 -1.26595e-06
vn -1 -1.29172431e-14 -2.95511995e-07
vn -0.1193299 -0.013340394 -0.992765129
vn -0.1273496 -0.109183542 -0.985830128
vn -0.120892398 -0.106255546 -0.986962497
vn -0.164808899 -0.272647023 -0.947893322
vn -0.501717925 -0.148662835 -0.852161229
vn -0.528506875 -0.280925423 -0.801100075
vn -0.822859406 -0.142287523 -0.550142705
vn -0.830087721 -0.229928017 -0.508023083
vn -0.980755508 -0.0671333075 -0.183335602
vn -0.981149375 -0.0821709111 -0.174910501
vn -0.980884492 -0.103842705 -0.164567307
vn -0.980129719 -0.109056704 -0.165687501
vn -0.980491579 -0.145869598 -0.131750807
vn -0.822302878 -0.439819545 -0.361077368
vn -0.807028711 -0.470398039 -0.356974185
vn -0.517909706 -0.699798524 -0.491987467
vn -0.471914113 -0.746539772 -0.46901527
vn -0.1910218 -0.848374307 -0.493732572
vn -0.0879608914 -0.939530075 -0.330977678
vn -0.163058296 -0.938460529 -0.30447337
vn -0.0856298804 -0.990075409 -0.111437358
vn -0.246147797 -0.967261612 -0.0617761798
vn -0.466565311 -0.873702228 -0.13770026
vn -0.706483781 -0.706456304 -0.042428989
vn -0.803700328 -0.585534513 -0.105902076
vn -0.969045997 -0.246590406 -0.0119655589
vn -0.978721321 -0.202453807 -0.0334246643
vn -0.978497624 -0.1853282 -0.0905320495
vn -0.978578091 -0.185104594 -0.0901176259
vn -0.980101407 -0.146331504 -0.134121001
vn -0.813201606 -0.530257106 -0.239855275
vn -0.799221218 -0.554504812 -0.231883675
vn -0.493664294 -0.810016811 -0.316494077
vn -0.453524798 -0.84154129 -0.293468356
vn -0.106739603 -0.836135924 -0.538036764
vn -0.199847907 -0.725831628 -0.658201516
vn -0.166751593 -0.711206973 -0.682919264
vn -0.169835195 -0.627689362 -0.759711981
vn -0.202645496 -0.580055952 -0.788967788
vn -0.132740006 -0.507628441 -0.851289511
vn -0.192864999 -0.423586339 -0.885086417
vn -0.136188 -0.308688521 -0.941362917
vn -0.513800323 -0.308039516 -0.800700307
vn -0.539845288 -0.419455022 -0.72981137
vn -0.820859373 -0.253382027 -0.511847198
vn -0.828107476 -0.335905731 -0.448782206
vn -0.815227509 -0.365109533 -0.449554473
vn -0.534177721 -0.564495027 -0.629284978
vn -0.493063301 -0.616797924 -0.613554299
vn -0.508602679 -0.467654526 -0.722926319
vn -0.984029114 -0.0403169356 -0.173382699
vn -0.981185675 -0.025441708 -0.191382796
vn -0.826072276 -0.133053333 -0.547632694
vn -0.819059014 -0.0415277071 -0.572204471
vn -0.492799103 -0.167795852 -0.853811383
vn -0.487389803 -0.120607138 -0.864815116
vn -0.342422605 -0.057662461 -0.937774897
vn -0.546793103 -0.0526457764 -0.835610986
vn -0.749747217 -0.00445303181 -0.661709487
vn -0.812668622 -0.103754424 -0.573415101
vn -0.880293489 -0.00707694003 -0.474376708
vn -0.9642272 0.0130626392 -0.264755398
vn -0.975222826 -0.0502604917 -0.215440303
vn -0.980057776 0.00622718595 -0.198615506
vn -0.981003582 -0.00546611147 -0.193913102
vn -0.812554479 -0.0631378442 -0.579455614
vn -0.888667107 -0.0683187395 -0.453435212
vn -0.87806052 -0.083523944 -0.471204489
vn -0.849317014 -0.0273463316 -0.527174473
vn -0.831612527 -0.0392962247 -0.553964376
vn -0.320014387 -0.0590852797 -0.945568621
vn -0.350758404 -0.069070667 -0.933915317
vn -0.35623461 -0.223351449 -0.907309771
vn -0.325727791 -0.216942042 -0.92023778
vn -0.645080924 -0.160107031 -0.747152209
vn -0.305775404 0.219841853 -0.92637521
vn -0.356579602 0.229392052 -0.905665696
vn -0.351390213 0.0698711425 -0.933618188
vn -0.320002913 0.0597058088 -0.945533395
vn -0.860512912 0.037079908 -0.508077621
vn -0.832125783 0.0176475961 -0.554306209
vn -0.848549128 0.0703412592 -0.524420202
vn -0.891021907 0.078820318 -0.447065204
vn -0.626074314 0.165111274 -0.762082279
vn -0.964037776 -0.0237459615 -0.26470229
vn -0.875003219 0.109686777 -0.471527815
vn -0.930383623 -0.0123339957 -0.366380095
vn -0.915966272 0.000204130469 -0.40125519
vn -0.924559414 0.00754348701 -0.380963385
vn -0.879116476 -0.0516637117 -0.473798603
vn -0.964162409 0.017667219 -0.264723986
vn -0.748800516 0.000213605032 -0.662795424
vn -0.74975431 0.000449854066 -0.661716282
vn -0.54820317 0.000438450457 -0.836345077
vn -0.547553182 0.000352286414 -0.836770773
vn -0.344237298 0.00034915196 -0.938882709
vn -0.342993289 0.000185218931 -0.939337909
vn -0.118087403 0.000162936587 -0.993003309
vn -0.1193408 0.0003314286 -0.992853284
vn -0.967504501 0.0613773279 -0.245291501
vn -0.893164098 0.188988879 -0.408094406
vn -0.799108028 0.213938475 -0.561833501
vn -0.630997717 0.279745579 -0.723591328
vn -0.597943485 0.286189258 -0.748705029
vn -0.241404593 0.391492873 -0.887951076
vn -0.245336294 0.393525869 -0.885972679
vn -0.310993701 0.324162066 -0.893421471
vn 2.33556002e-05 0.104807042 0.99449259
vn -0.00118273403 0.113311842 0.993558884
vn 0.00140356994 0.335581839 0.942010105
vn -0.0112528196 0.406521618 0.913571894
vn 0.000116688003 0.516550362 0.856256902
vn 0.000140995005 0.624240577 0.781232297
vn -0.0107955895 0.718995988 0.694930434
vn -0.00324881007 0.74887979 0.662697911
vn 0.00020296 0.826956272 0.562266052
vn 0.000190348001 0.927172482 0.374634564
vn -0.0337101817 0.868892729 0.493851274
vn -0.0211182199 0.901813924 0.43160817
vn -0.0197447501 0.905171275 0.424588174
vn -0.00795209408 0.935529172 0.353159964
vn -0.00309455302 0.957130373 0.289640963
vn 0.000208661004 0.972415388 0.233255759
vn 0.000282252004 1 0.00029555129
vn -0.0351611897 0.988755524 0.145349056
vn -0.0148388101 0.999148905 0.0384868458
vn -0.000174531 0.994099021 -0.108476348
vn 0.000665961008 0.961108625 -0.276169837
vn -0.0198209193 0.900081873 -0.435270041
vn -0.00469368603 0.927264392 -0.374377936
vn 0.000187950005 0.850171387 -0.526506066
vn 0.000183026001 0.827784002 -0.561047137
vn -0.00376391411 0.737385511 -0.67546165
vn -0.00886404514 0.719427645 -0.694510877
vn 0.000135327005 0.611506164 -0.791239679
vn 0.000112285001 0.507371843 -0.861727178
vn -0.0118525596 0.406853259 -0.913416803
vn -0.0122778397 0.409380376 -0.912281215
vn -0.0055214758 0.352516085 -0.935789585
vn 0.00221508695 0.245018959 -0.9695158
vn -0.00335734989 0.113339052 -0.993550718
vn 1.82487001e-05 0.0826774389 -0.996576428
vn -0.246590406 0.805613875 0.538683116
vn -0.159772903 0.865605474 0.474552363
vn -0.00444370508 0.889377594 0.457151979
vn -0.0347202383 0.902532279 0.429219961
vn -0.0332896709 0.905916095 0.422146857
vn -0.259839088 0.879431307 0.398853779
vn -0.135781094 0.9379673 0.31903097
vn -0.38721469 0.878589928 0.279543668
vn -0.366622686 0.911635816 0.18576315
vn -0.161845297 0.973787129 0.159827262
vn -0.205269307 0.97227031 0.112048857
vn -0.233126596 0.964172304 0.12658526
vn -0.346916109 0.937699616 0.0192018896
vn -0.293030709 0.955841184 -0.0223749001
vn -0.520436525 0.847165525 -0.107034639
vn -0.521194696 0.847636402 -0.0993418396
vn -0.170216605 0.971780121 -0.16330874
vn -0.375784814 0.908852875 -0.181031242
vn -0.310196608 0.930879176 -0.19298175
vn -0.0665299818 0.941509306 -0.330354542
vn -0.266099006 0.894385576 -0.359535515
vn -0.28533119 0.834694624 -0.471031934
vn -0.0757170916 0.882134795 -0.464871138
vn -0.196905404 0.842189014 -0.501942277
vn -0.245896295 0.806490123 -0.537688434
vn -0.217764795 0.972974718 -0.0768035427
vn -0.612762272 0.750721991 -0.246858224
vn -0.594901979 0.714850008 -0.367533833
vn -0.640623629 0.681415975 -0.35394004
vn -0.795429528 0.554913402 -0.243645936
vn -0.950810373 0.290716201 -0.106975414
vn -0.964905381 0.254781812 -0.0635917187
vn -0.812047303 0.579072595 -0.0724854022
vn -0.762938976 0.635866404 -0.116610929
vn -0.662534595 0.748438001 -0.0298104528
vn -0.609965622 0.773195207 -0.173525825
vn -0.397984207 0.872812629 -0.28250134
vn -0.481729209 0.875774622 0.0309205204
vn -0.634859025 0.769587398 0.0684797317
vn -0.602372229 0.792559087 0.0948571712
vn -0.856918573 0.51130271 0.0652700365
vn -0.851819515 0.506654978 0.133057088
vn -0.966706216 0.243221104 0.0795168132
vn -0.794348717 0.557887971 0.240356773
vn -0.629313886 0.691717327 0.35424757
vn -0.593074322 0.717723429 0.364878058
vn -0.271887809 0.840348721 0.468925685
vn -0.597693384 0.782897711 0.172724977
vn 0.0104107801 0.971818984 0.235498458
vn -0.0924739763 0.959038019 0.267759174
vn -0.106895901 0.937837899 0.330202162
vn -0.244643107 0.492103159 -0.835454524
vn -0.0698498413 0.545351744 -0.835291982
vn -0.596193075 0.438902557 -0.672248721
vn -0.701955974 0.378276974 -0.603460312
vn -0.798142612 0.329691678 -0.504253805
vn -0.968327105 0.136860386 -0.208834901
vn -0.968932629 0.135256678 -0.2070636
vn -0.968929172 0.182372794 -0.167081922
vn -0.968879521 0.1825376 -0.16719082
vn -0.799445927 0.44295156 -0.405808121
vn -0.701975822 0.534327507 -0.470876038
vn -0.595243394 0.592795014 -0.542475402
vn -0.244458094 0.715213716 -0.654759288
vn -0.246093199 0.714701712 -0.654705882
vn -0.247763798 0.592481017 -0.76653707
vn -1 2.84408219e-14 6.50650009e-07
vn -1 1.47351559e-13 3.37101005e-06
vn -0.117528699 0.0971627384 -0.988304913
vn -0.132523298 0.104814254 -0.985622406
vn -0.158477798 0.288237572 -0.9443537
vn -0.1382505 0.280317783 -0.949899375
vn -0.187385693 0.426050782 -0.885080397
vn -0.513729811 0.308939576 -0.800398827
vn -0.53968358 0.419752955 -0.729759574
vn -0.820557415 0.253820658 -0.512113929
vn -0.827851176 0.337016076 -0.448422492
vn -0.980156422 0.109792091 -0.165042996
vn -0.980624616 0.136186004 -0.140815094
vn -0.97821039 0.154576406 -0.138602495
vn -0.98187381 0.164715305 -0.0937701464
vn -0.978224277 0.187079906 -0.0898798183
vn -0.978706419 0.199248999 -0.0493320264
vn -0.970227301 0.241930097 -0.01135296
vn -0.968912423 0.246577993 -0.0202034209
vn -0.982067227 0.0962275714 -0.162123993
vn -0.980541885 0.0668642446 -0.184572205
vn -0.983533323 0.038615033 -0.176553696
vn -0.981186807 0.026482923 -0.191235706
vn -0.981002808 0.00546621345 -0.1939165
vn -0.980075598 -0.00597734097 -0.198534995
vn -0.975129306 0.0513870604 -0.215597704
vn -0.964246213 -0.0117457015 -0.26474759
vn -0.880261719 0.00831989385 -0.4744156
vn -0.813025177 0.104267478 -0.572816074
vn -0.748796582 0.00314685702 -0.662792504
vn -0.547493279 0.0508900434 -0.835261285
vn -0.486459106 0.120596565 -0.865340471
vn -0.343647093 0.0585083477 -0.937274516
vn -0.812915981 0.0636449754 -0.578892887
vn -0.819221616 0.0427558757 -0.571880996
vn -0.492006093 0.169399962 -0.853951812
vn -0.501752913 0.148568466 -0.852156997
vn -0.528728127 0.281326681 -0.800813317
vn -0.822949827 0.142945871 -0.549836397
vn -0.830070972 0.229658991 -0.508172214
vn -0.826075613 0.134045869 -0.547385395
vn -0.141243607 0.484110057 -0.863532186
vn -0.211420193 0.601373255 -0.770488024
vn -0.170481607 0.587975919 -0.790708721
vn -0.167312995 0.699811041 -0.694457233
vn -0.203301996 0.725460589 -0.657552481
vn -0.0956164002 0.824932516 -0.557085156
vn -0.197645605 0.846925676 -0.493612319
vn -0.0735531375 0.935031295 -0.346852422
vn -0.180875406 0.935450315 -0.303672433
vn -0.066070728 0.989970505 -0.124872744
vn -0.428642899 0.903473973 -3.94921109e-08
vn -0.245760605 0.967355609 -0.0618463494
vn -0.465607107 0.87420398 -0.137759551
vn -0.706475616 0.706459105 -0.0425184593
vn -0.803578377 0.585664511 -0.106108122
vn -0.799150705 0.554876029 -0.231237933
vn -0.812933624 0.531014621 -0.239086926
vn -0.806652427 0.470679969 -0.357452422
vn -0.821788013 0.440383375 -0.361562222
vn -0.814745903 0.366683066 -0.449146628
vn -0.533905029 0.56571728 -0.628418207
vn -0.508259177 0.468157858 -0.722842216
vn -0.493319094 0.617230713 -0.612913311
vn -0.517818987 0.699935317 -0.491888225
vn -0.471930504 0.746570885 -0.468949437
vn -0.493522704 0.810254574 -0.316105723
vn -0.452669889 0.842272699 -0.292688817
vn 1.91068991e-15 0.000305009278 -1
vn 1.91068991e-15 0.000309201278 -1
vn -0.000206433004 -0.994336307 -0.106279552
vn 0.00984287169 -0.94867301 -0.316105872
vn -0.00602394296 -0.987654805 -0.156530261
vn 0.00440364983 -0.85517633 -0.518318653
vn -0.00122618605 -0.890773416 -0.454446077
vn 0.000324010995 -0.751732171 -0.659468353
vn -0.000164647994 -0.760611296 -0.649207652
vn -0.000145387996 -0.671615064 -0.740900278
vn 0.000532653998 -0.649211943 -0.760607421
vn -0.00128871202 -0.53993386 -0.841706574
vn 0.00274074008 -0.453665644 -0.891167819
vn -0.00146180298 -0.334775329 -0.942296922
vn 0.00299256993 -0.119842745 -0.992788374
vn 0.000349023991 -0.156542137 -0.987671316
vn -2.93120002e-06 -0.0124884034 -0.999921978
vn 0.129121706 -0.155225039 -0.979404271
vn 0.129008099 -0.155076846 -0.979442775
vn 0.116602503 -0.450244129 -0.885259509
vn 0.342011899 -0.450199038 -0.824832618
vn 0.272078514 -0.703853309 -0.656173527
vn 0.432332903 -0.703836977 -0.56365037
vn 0.278086603 -0.889351904 -0.362933964
vn 0.362576187 -0.889397204 -0.278408676
vn 0.124814801 -0.987540424 -0.0958395675
vn 0.124611698 -0.987442315 -0.0971070081
vn 0.1457479 -0.987469614 -0.0605082661
vn 0.145878896 -0.987456977 -0.0603993647
vn 0.156355903 -0.987470508 -0.0213302467
vn 0.346323788 -0.936972618 -0.0462855808
vn 0.442982793 -0.891052425 -0.0989541635
vn 0.487545699 -0.870742977 -0.0640782937
vn 0.646878183 -0.757839203 -0.0850204527
vn 0.695961177 -0.70602423 -0.131026477
vn 0.755854011 -0.64704299 -0.10010007
vn 0.884691417 -0.451251298 -0.117019579
vn 0.884920597 -0.450888902 -0.116683081
vn 0.979427576 -0.155174598 -0.1290057
vn 0.979434907 -0.155022502 -0.129133299
vn 0.935434282 -0.155960619 -0.317236602
vn 0.906073213 -0.194900319 -0.375559986
vn 0.885800898 -0.156347618 -0.436935097
vn 0.783854008 -0.155315027 -0.601207316
vn 0.783721924 -0.154915929 -0.601482272
vn 0.601356328 -0.154818431 -0.783837974
vn 0.601574421 -0.155234426 -0.783588409
vn 0.436669201 -0.156168148 -0.885963678
vn 0.374974698 -0.194939047 -0.90630728
vn 0.316960007 -0.156115949 -0.935502112
vn 0.156019196 -0.987541795 -0.0204787981
vn 0.341111302 -0.451013029 -0.824760973
vn 0.543042123 -0.451160729 -0.708208621
vn 0.432020009 -0.704015076 -0.563667834
vn 0.563207924 -0.704116404 -0.432454675
vn 0.362586886 -0.889392376 -0.27840966
vn 0.422355086 -0.889401913 -0.174873158
vn 0.421779007 -0.889605701 -0.175226361
vn 0.655690491 -0.70433712 -0.271991462
vn 0.656210423 -0.703984022 -0.271651566
vn 0.824773371 -0.450747132 -0.341432184
vn 0.824432194 -0.451152921 -0.341720164
vn 0.708255529 -0.450669527 -0.543388605
vn 0.707846999 -0.451078832 -0.543581307
vn 0.543147802 -0.451069832 -0.708185375
vn 0.562969029 -0.704261601 -0.43252936
vn 0.0958033204 -0.987543106 -0.124821857
vn 0.0954558775 -0.987475514 -0.125620261
vn 0.277558595 -0.889507174 -0.362957478
vn 0.174870402 -0.889449 -0.422256768
vn 0.271711111 -0.704065084 -0.656098664
vn 0.130652606 -0.706060469 -0.695994616
vn 0.0992312431 -0.645985961 -0.756872177
vn 0.1161879 -0.450627118 -0.885119021
vn 0.0845837519 -0.757887781 -0.646878362
vn 0.059116181 -0.889210701 -0.453662485
vn 0.0596705005 -0.889432728 -0.453154773
vn 0.0206070505 -0.987463295 -0.15649806
vn 0.0205913708 -0.9874596 -0.156523153
vn 0.060357511 -0.987462819 -0.145856857
vn 0.0603954084 -0.987459898 -0.145860851
vn 0.174838603 -0.889454424 -0.422258765
vn -1.01757996e-05 -1 4.37113989e-08
vn -0.00308233406 -0.999994993 0.000826901698
vn 0.000509098987 -0.999999821 -0.0006598623
vn 0.000197411006 -1 -0.00048273729
vn 4.82104006e-05 -1 -0.0003664213
vn -0.000207667996 -1 -0.000110589288
vn -0.000196282999 -1 -0.000224726289
vn -0.000188866994 -1 -0.000201294286
vn -0.246621594 -0.969111919 -0.000217787645
vn -0.246638104 -0.969107687 -0.00021705564
vn -0.549958229 -0.835192204 -0.000187016485
vn -0.611733615 -0.791060507 0.00230756868
vn -0.725147307 -0.688498378 0.0114599699
vn -0.707064211 -0.707115293 0.00694116997
vn -0.926921129 -0.375228494 -0.00457237475
vn -0.983948588 -0.176067203 0.0290780682
vn -0.969197273 -0.246285796 1.07654952e-08
vn -0.644637883 -0.764465809 -0.00586106954
vn -0.77601558 -0.629932404 -0.0313852727
vn -0.706611693 -0.706563711 0.0383097194
vn -0.969412327 -0.244426101 -0.0222614892
vn -0.969122529 -0.246579707 1.07783418e-08
vn -0.96912539 -0.184689701 0.163357913
vn -0.969024003 -0.185040802 0.163561612
vn -0.798970997 -0.450574458 0.398281425
vn -0.704801977 -0.541612029 0.458160132
vn -0.597760022 -0.600589275 0.531013727
vn -0.243267193 -0.726650894 0.642494857
vn -0.243702695 -0.726511002 0.642488062
vn -0.244554102 -0.605561554 0.757290304
vn -0.0349345803 -0.569714963 0.821099579
vn -0.245506495 -0.500704765 0.830073118
vn -0.244934604 -0.354828864 0.902276814
vn -0.380483598 -0.310687482 0.871037126
vn -0.180292606 -0.187861159 0.965506613
vn -0.225446001 -0.119647853 0.966880679
vn -0.48916021 -0.0916535407 0.867365003
vn -0.722620904 -0.251060367 0.644040227
vn -0.646708488 -0.297650278 0.702262402
vn -0.720387399 -0.395377457 0.569840908
vn -0.704712927 -0.407866776 0.580538094
vn -0.973178208 -0.139304191 0.183080807
vn -0.969375014 -0.161478281 0.185032204
vn -0.250759214 -0.227388158 0.94096458
vn -0.221604094 -0.25225237 0.941945016
vn -0.1889835 -0.656538248 0.730234802
vn -0.0243308507 -0.706919312 0.706875682
vn -0.135761306 -0.957045376 0.256189734
vn -0.226344094 -0.947286308 0.226753742
vn -0.242731005 -0.953739226 0.177378938
vn -0.706843913 -0.706834793 -0.0275031589
vn -0.737838328 -0.651553214 0.176275924
vn -0.941706181 -0.23929368 0.23649092
vn -0.9410308 -0.227093086 0.250778586
vn -0.683021486 -0.260139167 0.682502329
vn -0.682666302 -0.260574073 0.682691574
vn -0.497482598 -0.710634708 0.497503132
vn -0.497349799 -0.710204303 0.498250037
vn -0.245358601 4.23752482e-08 0.969432473
vn -0.25750041 -0.00549401576 0.966262579
vn -0.599926472 0.00244996394 0.800051272
vn -0.706810474 -0.031473659 0.706702411
vn -0.803162813 0.00245949207 0.595754623
vn -0.907384515 -0.00164846657 0.420298606
vn -0.965979576 -0.0247929487 0.257427514
vn -0.982972205 8.03217937e-09 0.183754802
vn -0.245258793 -0.0285579078 0.969036877
vn -0.195919797 -0.0494455807 0.979372621
vn -0.598818004 -0.0640856251 0.798317015
vn -0.567515075 -0.0738985762 0.820040226
vn -0.798009813 -0.11312478 0.59193182
vn -0.904971182 -0.072916016 0.419178396
vn -0.7649405 -0.153997764 0.62542069
vn -0.973447084 -0.13887319 0.181975499
vn -0.195183903 -0.0462777801 0.97967428
vn -0.190594196 -0.0640928224 0.979574323
vn -0.130780101 -0.0680726841 0.989071608
vn -1.91068991e-15 4.37113989e-08 1
vn -0.229328394 4.2546457e-08 0.973349214
vn -0.184822395 -0.0937084034 0.978294313
vn -0.324177206 -0.104949653 0.940156817
vn -0.139205202 -0.183125854 0.97318387
vn -0.231395006 -0.00538416347 0.972845018
vn -0.172247306 -0.0918693021 0.980760396
vn -0.106590897 -0.103578053 0.98889327
vn -0.0476627313 -0.0273189079 0.998489916
vn -1.91068928e-15 0.000908617687 0.999999702
vn -0.507504225 -0.261365682 0.821052611
vn -0.483144313 -0.313052863 0.817661107
vn -0.765543699 -0.156026274 0.62417829
vn -0.538627505 -0.189786375 0.820890903
vn -0.202069402 -0.0667875558 0.977091312
vn -4.83676013e-05 -0.258670181 0.965965688
vn -4.83586009e-05 -0.258670062 0.965965807
vn -0.000132215006 -0.70711267 0.707101047
vn -0.000132222005 -0.707076252 0.707137465
vn -0.000180589996 -0.965993106 0.258568227
vn -0.000182443997 -0.965968907 0.258658439
vn 0.150873199 -0.954915404 0.255683631
vn 0.1517483 -0.954142213 0.258041024
vn 0.110674202 -0.702753246 0.702772677
vn 0.111962698 -0.699584067 0.70572418
vn 0.0388890505 -0.255875677 0.965927184
vn 0.117399 -0.230277553 0.966017485
vn 0.117116503 -0.230180249 0.966075003
vn 0.182458594 -0.182649449 0.966099381
vn 0.182761595 -0.182743251 0.96602428
vn 0.230270207 -0.117417052 0.966017008
vn 0.631247878 -0.321914256 0.705618322
vn 0.630641222 -0.321971983 0.706134379
vn 0.842621088 -0.429829299 0.324401736
vn 0.905263126 -0.335343301 0.260852188
vn 0.954042494 -0.152267292 0.258104086
vn 0.954854488 -0.151354983 0.255625993
vn 0.0407243297 -0.258408159 0.965177119
vn 0.793327272 -0.126415864 0.595525622
vn 0.702087224 -0.111345373 0.703332007
vn 0.698821425 -0.112685271 0.706364393
vn 0.528525829 -0.0846467838 0.844686627
vn 0.256278813 -0.0413072295 0.965719998
vn 0.254931897 -0.0403673202 0.966116071
vn 0.231120095 -0.118591353 0.965670586
vn 0.84262079 -0.471628606 0.259916842
vn 0.733376384 -0.627795279 0.260829926
vn 0.663549423 -0.663515329 0.34561494
vn 0.62704438 -0.734591722 0.259211123
vn 0.471918911 -0.842951477 0.258312523
vn 0.42912361 -0.842987418 0.324384123
vn 0.334782809 -0.905477583 0.260827243
vn 0.501088679 -0.501108766 0.705549419
vn 0.501132071 -0.501099765 0.705525219
vn 0.321490109 -0.631540656 0.705549896
vn 0.321439713 -0.631440043 0.705662787
vn 0.156064004 -0.987746894 -0.00019882682
vn 0.156058401 -0.987747788 -0.000197827831
vn 0.346693486 -0.937978506 -0.000187774
vn 0.346775591 -0.937948108 -0.000183208002
vn 0.488552988 -0.872534215 -0.000170166866
vn 0.488519698 -0.872552812 -0.000175548863
vn 0.64922601 -0.76059562 -0.000153094748
vn 0.64922601 -0.76059562 -0.000153201749
vn 0.759673476 -0.650304615 -0.000131034583
vn 0.759673417 -0.650304914 -0.000130587578
vn 0.872703016 -0.488251388 -9.85621591e-05
vn 0.890966117 -0.454032511 -0.00583342602
vn 0.937727273 -0.347372413 -7.04994163e-05
vn 0.987680614 -0.156483695 -3.19413593e-05
vn 0.987668872 -0.156557605 -4.61134587e-05
vn 1 -0.000157225993 6.87447885e-12
vn 1 -0.000157225993 -9.09013124e-07
vn 0.965979517 -0.000194635693 0.2586191
vn 0.965982318 -0.000191583691 0.258608192
vn 0.799772203 -0.000222276765 0.60030371
vn 0.893463373 -0.000348464353 0.449135989
vn 0.706487179 -0.000333113072 0.707725823
vn 0.7058447 -0.000227702039 0.708366692
vn 0.5303967 -0.000219971946 0.847749591
vn 0.530833721 -0.000220153946 0.847476125
vn 0.255141288 -0.000188039747 0.966903806
vn 0.255138397 -0.000199791742 0.966904521
vn 0.99142009 -0.000136416726 -0.1307147
vn 0.991472483 -0.0002939837 -0.130316004
vn 0.947065175 -0.000253835024 -0.321041286
vn 0.946736574 -4.85648743e-05 -0.322009295
vn 0.896830976 -7.37995697e-06 -0.442373514
vn 0.896979392 -6.93761249e-05 -0.442072511
vn 0.793336928 -3.68857109e-05 -0.608783007
vn 0.793531895 -0.000152008608 -0.608528674
vn 0.608956814 -6.63997707e-05 -0.793203473
vn 0.608524024 0.000154425303 -0.793535471
vn 0.442095488 0.000213258798 -0.896968007
vn 0.44206351 0.000217422799 -0.896983802
vn 0.32101649 0.000250079611 -0.947073579
vn 0.322020411 4.02708174e-05 -0.946732819
vn 0.130705699 0.000110565663 -0.991421223
vn 0.130271494 0.000286316674 -0.991478324
vn 0.1286944 0.155133963 -0.979475021
vn 0.129058197 0.155564651 -0.979358912
vn 0.318167299 0.156584561 -0.935013771
vn 0.375163406 0.194615453 -0.906298697
vn 0.436652094 0.155970156 -0.886007011
vn 0.601394475 0.154969066 -0.783778787
vn 0.601144314 0.155286863 -0.783907771
vn 0.783938229 0.155309975 -0.601098716
vn 0.783927679 0.155284166 -0.60111922
vn 0.886027813 0.156181291 -0.436534405
vn 0.906175911 0.194509983 -0.375514597
vn 0.93512553 0.156123787 -0.318065792
vn 0.979476929 0.155082896 -0.128741607
vn 0.979489207 0.154827699 -0.128955096
vn 0.885047376 0.450681597 -0.116521522
vn 0.884934485 0.450982004 -0.116216324
vn 0.756843686 0.6460132 -0.0992702469
vn 0.695972502 0.706074297 -0.130696431
vn 0.647374511 0.757410407 -0.0850641429
vn 0.488036513 0.870476723 -0.0639585555
vn 0.443641394 0.890755773 -0.0986739174
vn 0.3463085 0.937012315 -0.0455910303
vn 0.156536907 0.987457097 -0.0206073932
vn 0.156439707 0.987469673 -0.0207451936
vn 0.145820007 0.987468779 -0.0603473559
vn 0.145825803 0.987466812 -0.0603668429
vn 0.125832498 0.987491786 -0.0950062647
vn 0.125744507 0.987445116 -0.0956058353
vn 0.0960650966 0.987461686 -0.125263542
vn 0.278136909 0.889441907 -0.362674832
vn 0.278096199 0.889412224 -0.362778723
vn 0.432150096 0.703875124 -0.563743174
vn 0.43236199 0.704269409 -0.563087881
vn 0.543364108 0.451125175 -0.707984209
vn 0.543314517 0.45102948 -0.708083212
vn 0.341718107 0.45107758 -0.824474275
vn 0.341515601 0.450798184 -0.824711025
vn 0.116632901 0.450830162 -0.884957075
vn 0.116742097 0.450940967 -0.884886324
vn 0.099804163 0.64647007 -0.756383181
vn 0.131028101 0.706027627 -0.695957363
vn 0.2719374 0.703966916 -0.656110346
vn 0.272313207 0.704370081 -0.655521572
vn 0.175454393 0.88958782 -0.421722144
vn 0.175147101 0.88941288 -0.422218323
vn 0.0604943 0.987458706 -0.145827845
vn 0.0961244702 0.987456918 -0.125255749
vn 0.0603496395 0.987469614 -0.145814046
vn 0.0205833893 0.987468123 -0.156471044
vn 0.0212868396 0.987534523 -0.155956745
vn 0.0603582188 0.889342427 -0.453240544
vn 0.0595164783 0.889628708 -0.452789932
vn 0.0850280523 0.75784272 -0.646873176
vn 0.70836252 0.45095557 -0.543011725
vn 0.708295822 0.450593084 -0.543399572
vn 0.824792325 0.450530559 -0.34167254
vn 0.824768901 0.450758159 -0.341428518
vn 0.656043708 0.704166114 -0.271582335
vn 0.656072378 0.704070807 -0.271759629
vn 0.422515005 0.889298201 -0.175014451
vn 0.422497511 0.889329076 -0.174899548
vn 0.363064796 0.889348507 -0.277926922
vn 0.363090694 0.889410615 -0.277693927
vn 0.563689291 0.704260528 -0.431592137
vn 0.563673317 0.703876078 -0.432239443
vn 0.156567305 0.987667322 0.000198637819
vn 0.1565319 0.987672985 0.000191919826
vn 0.346673101 0.937986016 0.000182352989
vn 0.346800387 0.937938988 0.000188851001
vn 0.489073306 0.872242689 0.000175427878
vn 0.489034504 0.872264624 0.000169628867
vn 0.64972192 0.760172129 0.00014777678
vn 0.649726391 0.760168314 0.000147414772
vn 0.7605955 0.649226129 0.00012594962
vn 0.760595977 0.649225414 0.000126673622
vn 0.872541606 0.488539904 9.47513472e-05
vn 0.890959322 0.45404759 -0.00569613697
vn 0.9379673 0.346724212 6.93962429e-05
vn 0.987759411 0.155984998 3.04904825e-05
vn 0.987747014 0.156064093 4.72791799e-05
vn 0.000207628007 1 -4.37113989e-08
vn 0.000512057974 0.992744029 -0.120247044
vn 0.0115399901 0.942756772 -0.333281636
vn -0.00692027807 0.987735271 -0.155984744
vn 0.00591856195 0.842493713 -0.538673878
vn -0.00228285696 0.890978694 -0.454039216
vn 0.00122088101 0.741040111 -0.671459734
vn 0.000163310004 0.760581791 -0.649242282
vn 0.000141584998 0.659590364 -0.75162518
vn 0.000530683028 0.64970386 -0.760187209
vn -0.000502943993 0.518594146 -0.855020404
vn 0.00280898809 0.45404017 -0.890976906
vn -0.00135743595 0.31814307 -0.948041677
vn 0.00379890203 0.105765052 -0.994383991
vn 3.49867005e-05 0.156471953 -0.987682521
vn 0.00435894681 0.999988914 -0.00180195167
vn -0.000979720964 0.999998808 0.00127436232
vn -0.000317625003 0.999999702 0.000767900259
vn -6.86030035e-05 0.999999881 0.000518193294
vn 0.000368006004 1 -4.86998106e-05
vn 0.000116354997 1 0.000201202289
vn 0.000188880993 1 0.000183999291
vn 0.000207632998 1 0.00022465628
vn 0.151242703 0.954267979 0.257872581
vn 0.151331604 0.95418942 0.25811106
vn 0.334790498 0.905454814 0.260896862
vn 0.429793894 0.842447102 0.324900359
vn 0.472499907 0.842432022 0.258944571
vn 0.627401829 0.734010577 0.259991169
vn 0.663519382 0.663540781 0.345623583
vn 0.734597623 0.627040029 0.259204984
vn 0.842910409 0.4719868 0.258322179
vn 0.842971325 0.429102689 0.32445398
vn 0.90549618 0.334705502 0.260861486
vn 0.954164386 0.151569113 0.258064598
vn 0.954953611 0.150670409 0.255660415
vn 0.884747028 0.13921091 0.444795787
vn 0.70149982 0.110824428 0.703999877
vn 0.699019909 0.111807927 0.706307471
vn 0.52918458 0.0838116184 0.844357312
vn 0.256152689 0.0405863896 0.965784013
vn 0.254936606 0.0396784917 0.96614331
vn 0.0403330885 0.254941344 0.966115117
vn 0.0403629504 0.255037636 0.966088414
vn 0.110600099 0.698901474 0.706614852
vn 0.110892497 0.699239671 0.706234217
vn 0.321972013 0.630620778 0.706152618
vn 0.321931303 0.631261766 0.705598295
vn 0.501120925 0.501106679 0.705528319
vn 0.500983775 0.500566065 0.706009209
vn 0.631281376 0.321350038 0.705845594
vn 0.631047726 0.320974141 0.706225574
vn 0.231256604 0.117157944 0.965812802
vn 0.230097607 0.117158644 0.966089606
vn 0.182650104 0.182491452 0.966093123
vn 0.182680905 0.182500646 0.966085494
vn 0.117288098 0.230050951 0.966085017
vn 0.1173333 0.230057746 0.966077924
vn 5.58040992e-05 0.255211234 0.966885388
vn 2.89474992e-05 0.256235331 0.966614425
vn 0.000199264003 0.703335643 0.710858047
vn 4.5246099e-05 0.707733572 0.70647943
vn 0.000260083994 0.965370893 0.260881364
vn 0.000182468997 0.966196716 0.257806361
vn -0.969130874 0.246546999 -1.07769162e-08
vn -0.968878686 0.240784198 -0.0574206226
vn -0.930999279 0.364929289 0.00818513241
vn -0.707072675 0.70703572 -0.0121957306
vn -0.713143706 0.700862229 -0.0147790005
vn -0.605997205 0.79546231 -0.00269642868
vn -0.551413596 0.834231973 0.000127751526
vn -0.650112629 0.759824276 0.00456902012
vn -0.794709682 0.606530428 0.0236094836
vn -0.707006276 0.706979573 -0.0179482922
vn -0.975580275 0.219349906 0.0113441208
vn -0.969114125 0.246613204 -1.07798099e-08
vn -0.246230394 0.96921128 0.000148378633
vn -0.245042607 0.969512284 0.000217806621
vn -0.151392207 0.103593543 0.983030379
vn -0.264514714 0.32371214 0.908428729
vn -0.244838804 0.328215718 0.912320375
vn -0.246619493 0.500626385 0.829790413
vn -0.0365907513 0.569663584 0.821063221
vn -0.244602695 0.605290473 0.75749141
vn -0.243771598 0.726285696 0.642716527
vn -0.245114699 0.725859225 0.642687321
vn -0.595484674 0.601490676 0.532547593
vn -0.704632521 0.54158771 0.458449364
vn -0.79897809 0.450418741 0.398443162
vn -0.969143629 0.184630603 0.163316578
vn -0.969125092 0.184689194 0.163359791
vn -0.969472885 0.160968319 0.184964001
vn -0.979311705 0.0946415067 0.178862303
vn -0.967425704 0.148782909 0.204819903
vn -0.94218421 0.198881209 0.269694686
vn -0.588468075 0.438829839 0.679068327
vn -0.662857771 0.288054138 0.691118181
vn -0.736459017 0.241526634 0.631896377
vn -0.704700828 0.404684424 0.582775593
vn -1.91068991e-15 0.000113836715 1
vn -1.91068991e-15 -4.66658867e-06 1
vn -1.91068991e-15 3.85699095e-05 1
vn -2.00617997e-05 -0.000721712306 0.999999821
vn 2.72521993e-05 -5.42526868e-06 1
vn 2.71526005e-05 3.73256116e-05 1
vn 4.49306981e-06 -0.000777838286 0.999999821
vn -1.91068991e-15 -4.73085856e-06 1
vn -1.91068991e-15 -5.09603888e-06 1
vn -1.91068991e-15 2.2777715e-06 1
vn 0.000103685998 -0.00122620235 0.999999285
vn -2.49162003e-05 -4.30126893e-05 1
vn -2.49501009e-05 -4.85372911e-05 1
vn -2.50763005e-05 -1.26957884e-05 1
vn -2.53465005e-05 -0.000201802293 1
vn -2.53037997e-05 2.71105127e-05 1
vn -2.56277999e-05 -6.0188986e-06 1
vn -2.61338992e-05 -2.31104877e-05 1
vn 7.29366002e-06 -0.000159092291 1
vn 3.54275994e-06 -0.000650957285 0.999999821
vn -1.43241996e-05 -0.000261118286 1
vn 0.000487565994 -0.0010178244 0.999999404
vn -1.91068991e-15 0.000113990711 1
vn -0.246658295 4.23608277e-08 0.969102502
vn -0.245389193 -0.000590813637 0.969424486
vn -0.599955499 -0.000497784 0.800033212
vn -0.706650972 0.0364179313 0.706624508
vn -0.803056896 -0.000337126956 0.595902324
vn -0.906454027 -0.000241307527 0.4223046
vn -0.968970478 0.0210003313 0.246282697
vn -0.982971907 8.03222733e-09 0.183755904
vn -0.953595102 0.242434308 0.178555891
vn -0.706863523 0.706927001 -0.0244590323
vn -0.652214587 0.737225413 0.176394165
vn -0.238075107 0.941893101 0.236976549
vn -0.225927606 0.941218615 0.25112617
vn -0.259361506 0.68375206 0.68206656
vn -0.260587305 0.682672083 0.682680845
vn -0.227283701 0.24963215 0.941289604
vn -0.2384222 0.236581549 0.941904604
vn -0.65213728 0.176164523 0.737348676
vn -0.706911385 -0.0243401788 0.706883192
vn -0.95369643 0.17776081 0.242619678
vn -0.947324097 0.226469517 0.226470187
vn -0.710186601 0.497815728 0.497809768
vn -0.710200727 0.497788936 0.497816473
vn -0.978395522 0.0963850096 0.182899699
vn -0.978219926 0.131471798 0.160626993
vn -0.833436489 0.119544119 0.539530218
vn -0.794503391 0.276670635 0.540571928
vn -0.675629973 0.172067732 0.716880023
vn -0.48739621 0.302522719 0.819100082
vn -0.511613429 0.250188529 0.821983874
vn -0.238975406 0.0977734178 0.966090679
vn -0.219728202 0.112805746 0.969017327
vn -0.0221044403 0.0118077742 0.999686003
vn -0.0237638894 0.0115801441 0.999650478
vn -0.174022496 0.092286095 0.980407774
vn -0.190137699 0.0839527622 0.978161275
vn -0.198223501 0.0648054257 0.978012204
vn -0.183248296 0.0651892275 0.98090291
vn -0.193789393 0.0528535023 0.97961849
vn -0.194458902 0.0494627096 0.979662895
vn -0.225442097 0.0397998393 0.973443329
vn -0.246641606 0.0118436022 0.969034493
vn -0.598708272 0.0644471347 0.798370183
vn -0.567417622 0.0742461383 0.820076227
vn -0.538567603 0.189328432 0.821035802
vn -0.797857702 0.113627024 0.592040598
vn -0.903974473 0.0739323571 0.421146214
vn 0.000168985993 0.984764814 0.173891351
vn 0.000174050001 0.984762371 0.173905358
vn 0.000153032001 0.866080999 0.499903679
vn 0.000230423 0.865940273 0.500147343
vn 0.000170988002 0.642622352 0.766183078
vn 0.000170885003 0.642629862 0.766176879
vn 9.08446964e-05 0.341593117 0.939848006
vn 5.88926014e-05 0.341725439 0.939799905
vn -1.91068991e-15 -0.000310350297 1
vn -1.91068991e-15 -0.00033729928 1
vn -6.04312008e-05 -0.341990381 0.939703524
vn -5.89369993e-05 -0.342000484 0.939699829
vn -0.000110788998 -0.642955661 0.765903413
vn -0.000110888002 -0.642970622 0.765890777
vn -0.000149279003 -0.866086185 0.499894917
vn -0.000153026995 -0.866079271 0.499906719
vn -0.000174121 -0.98488158 0.173229039
vn -0.000256811007 -0.984829307 0.173526242
vn 0.000169039995 0.984826803 -0.173540145
vn 0.000261885987 0.984885514 -0.173206747
vn 0.000230396006 0.866220176 -0.499662519
vn 0.000148467007 0.866077781 -0.499909431
vn 0.000110230001 0.64296037 -0.765899479
vn 0.000110838002 0.642972469 -0.765889406
vn 5.90183008e-05 0.342269063 -0.939602017
vn 6.07922993e-05 0.34229818 -0.939591408
vn 1.91068991e-15 0.000332154275 -1
vn 1.91068991e-15 0.000311350275 -1
vn -8.91645032e-05 -0.341979235 -0.939707577
vn -6.07297989e-05 -0.341920018 -0.939729095
vn -0.000114128001 -0.642614663 -0.766189575
vn -0.000114128001 -0.642614543 -0.766189694
vn -0.000153754998 -0.865868926 -0.500270963
vn -0.000225755997 -0.865993619 -0.500055015
vn -0.000256789994 -0.984775126 -0.173833355
vn -0.000256783009 -0.984775901 -0.173828959
vn 1 -0.00017331398 0.000293362013
vn 1 -0.000219755995 -6.24893946e-05
vn 1 -0.000202908006 -0.000101189995
vn 1 -0.000190723003 -0.000110132991
vn 1 -0.000182842996 -0.00013799798
vn 1 -0.000447630009 0.000107519023
vn 1 0 1.91068991e-15
vn 1 -0.000379442994 0.000132940011
vn 1 -0.000284168986 0.000148486011
vn 1 -0.000403440004 -2.9543382e-05
vn 1 -0.000319151994 2.31808153e-05
vn 1 0 1.91068991e-15
vn 1 -0.00046022801 7.51184198e-05
vn 1 -0.000120371995 0.000194331005
vn 1 -0.000345339999 -8.31300858e-05
vn 1 -0.000299220992 -0.000277726998
vn 1 -0.000190007006 0.000109709006
vn 1 -0.000202222 0.00010072501
vn 1 -0.000218993999 6.2145009e-05
vn 1 -0.000215823005 3.80118108e-05
vn 1 -0.000225876007 2.09729096e-05
vn 1 -0.000225872005 -2.10993912e-05
vn 1 -0.000215777996 -3.80164893e-05
vn 1 -0.000218939007 -6.23228916e-05
vn 1 -0.000202177005 -0.000100741992
vn 1 -0.000190024002 -0.000109718996
vn 1 -0.000299326988 0.000277581014
vn 1 -0.000345384004 8.29026176e-05
vn 1 -0.000120402008 -0.000194462002
vn 1 -0.000460106996 -7.54412758e-05
vn 1 0 1.91068991e-15
vn 1 -0.000403417012 -2.93718822e-05
vn 1 -0.000319156999 2.31004142e-05
vn 1 0 1.91068991e-15
vn 1 -0.000284206995 -0.000148710984
vn 1 -0.000379467005 -0.000133062989
vn 1 0 1.91068991e-15
vn 1 -0.000447747996 -0.000107775981
vn 1 -0.000182863005 0.000138096017
vn 1 -0.000190741994 0.000110039007
vn 1 -0.000202997995 0.000100981008
vn 1 -0.000219818001 6.2571009e-05
vn 1 -0.000173209017 -0.000293552992
vn 1 0 1.91068991e-15
vn 1 0 1.91068991e-15
vn 0.980615973 -0.195098802 -0.0181376208
vn 0.980643988 -0.194965005 -0.0180601906
vn 0.980646491 -0.188304797 -0.0536074527
vn 0.980647922 -0.188299 -0.0536038727
vn 0.98064971 -0.175231993 -0.0872928947
vn 0.980632901 -0.175291702 -0.0873606727
vn 0.980638623 -0.156498894 -0.117712691
vn 0.980469406 -0.156938002 -0.118533589
vn 0.980468512 -0.132429793 -0.145410299
vn 0.980627 -0.132170394 -0.144574001
vn 0.980632722 -0.103106409 -0.166519105
vn 0.830253899 -0.293432117 -0.473894686
vn 0.830109596 -0.29345572 -0.474132687
vn 0.554189205 -0.438069135 -0.707792282
vn 0.554360926 -0.43808943 -0.707645178
vn 0.243745595 -0.510381639 -0.824680924
vn 0.1942624 -0.463520229 -0.864529371
vn 0.193553194 -0.354301631 -0.91488111
vn 0.194087401 -0.354063541 -0.914860308
vn 0.194914505 -0.262303442 -0.94509542
vn 0.211712196 -0.179658145 -0.960677326
vn 0.194265902 -0.172771141 -0.965614319
vn 0.194781303 -0.0451522209 -0.9798069
vn 0.250351012 0.000337831676 -0.968155205
vn 0.194946796 0.0456675999 -0.979750097
vn 0.194422603 0.173013359 -0.965539277
vn 0.211852804 0.179887056 -0.960603476
vn 0.195958897 0.25860706 -0.945897818
vn 0.195179507 0.354684681 -0.914387226
vn 0.193851501 0.354289979 -0.914822519
vn 0.194645494 0.46396488 -0.864204705
vn 0.244007602 0.510662615 -0.824429512
vn 0.194758698 0.541870832 -0.817584872
vn 0.194688097 0.644067466 -0.739779472
vn 0.236384302 0.654735744 -0.717943907
vn 0.195083305 0.709398329 -0.677271485
vn 0.1943831 0.782858372 -0.591056883
vn 0.194710001 0.782882214 -0.590917766
vn 0.195518598 0.842223227 -0.502426744
vn 0.225719795 0.872187912 -0.433980316
vn 0.195139498 0.88459599 -0.423568815
vn 0.195429906 0.932300389 -0.304340422
vn 0.249189705 0.931508303 -0.26494664
vn 0.195039302 0.9565413 -0.21676825
vn 0.194324404 0.976757109 -0.0904634967
vn 0.195157498 0.97662282 -0.0901199952
vn 0.554042876 0.828966379 -0.0764941275
vn 0.554141223 0.828896821 -0.0765351951
vn 0.830233812 0.555054605 -0.0512497053
vn 0.830218911 0.536192715 -0.152427033
vn 0.830627501 0.535521924 -0.152559936
vn 0.830611408 0.49856779 -0.248022422
vn 0.830765009 0.498308986 -0.248027518
vn 0.830774128 0.44409129 -0.335555643
vn 0.830277622 0.444912106 -0.335696816
vn 0.830274224 0.37550956 -0.411870539
vn 0.830246985 0.37555477 -0.411884338
vn 0.830233574 0.293196261 -0.474076092
vn 0.830272675 0.293142378 -0.474040896
vn 0.830252528 0.201527774 -0.519680202
vn 0.830665708 0.201008573 -0.51922071
vn 0.830631495 0.102091581 -0.547383606
vn 0.8300457 0.102676481 -0.548162222
vn 0.830070674 0.000204420619 -0.557658076
vn 0.830731928 -0.000321506319 -0.556672573
vn 0.830698073 -0.102439024 -0.547217607
vn 0.830245316 -0.102250822 -0.54793942
vn 0.830262005 -0.201610431 -0.519632876
vn 0.830143571 -0.201599136 -0.519826412
vn 0.98062259 -0.071072109 -0.182559699
vn 0.980632186 -0.0710793138 -0.182505697
vn 0.980626583 -0.10313601 -0.166536406
vn 0.980629206 -0.0359545387 -0.192545503
vn 0.980615973 -0.0359439291 -0.192614496
vn 0.980619013 -0.000360890554 -0.195924401
vn 0.980639696 -0.000316413556 -0.195821002
vn 0.980646729 0.0360100716 -0.192445606
vn 0.980630875 0.036066521 -0.192515403
vn 0.980633914 0.070468232 -0.182733804
vn 0.980617702 0.0704638809 -0.182822093
vn 0.98062402 0.103148192 -0.166544303
vn 0.980790615 0.102376193 -0.166039199
vn 0.980802715 0.131128505 -0.144331306
vn 0.980654716 0.1318845 -0.144647405
vn 0.980656624 0.156220093 -0.117932506
vn 0.980635524 0.156333402 -0.117957406
vn 0.980635226 0.175325498 -0.0872685388
vn 0.980633318 0.175335601 -0.0872688293
vn 0.980634391 0.188387901 -0.0535364188
vn 0.98079741 0.187497094 -0.053679347
vn 0.980805278 0.194158807 -0.0179797485
vn 0.980774105 0.194322199 -0.0179212689
vn 0.830315292 0.554938912 -0.0511791967
vn 0.554445088 -0.300825119 -0.775947928
vn 0.55345118 -0.300600022 -0.776744127
vn 0.553508699 -0.153058425 -0.818658292
vn 0.553836286 -0.15318583 -0.818412781
vn 0.553934872 0.000306040631 -0.832560003
vn 0.553959429 0.000277289626 -0.832543671
vn 0.554060221 0.152881965 -0.818318129
vn 0.553590119 0.153169274 -0.818582475
vn 0.553611577 0.301086277 -0.776441514
vn 0.554638505 0.300382882 -0.77598089
vn 0.554675281 0.437870175 -0.707534373
vn 0.554001927 0.438381672 -0.707745314
vn 0.554079115 0.560859025 -0.615169525
vn 0.554092824 0.560854614 -0.6151613
vn 0.55408442 0.664325118 -0.50165993
vn 0.553707004 0.664635897 -0.501665115
vn 0.553768516 0.745514929 -0.370874643
vn 0.553911924 0.745396078 -0.37089932
vn 0.553855598 0.800880909 -0.227670625
vn 0.554097295 0.800694406 -0.227738425
vn 0.194298595 -0.541688979 -0.817815006
vn 0.194148704 -0.643992484 -0.739986479
vn 0.235556796 -0.65462327 -0.718318701
vn 0.194582403 -0.708859086 -0.677979648
vn 0.193840802 -0.782769024 -0.591353059
vn 0.194133699 -0.782656312 -0.591406226
vn 0.194920301 -0.84155339 -0.50377965
vn 0.225624993 -0.872077107 -0.434252381
vn 0.194371998 -0.884744883 -0.423610866
vn 0.194617793 -0.932315826 -0.304813474
vn 0.248425707 -0.931587398 -0.265385658
vn 0.1947923 -0.95640111 -0.217607558
vn 0.194102794 -0.976771116 -0.0907873064
vn 0.193378493 -0.976940393 -0.0905113369
vn 0.554136574 -0.560698211 -0.615264297
vn 0.554068804 -0.560710192 -0.615314603
vn 0.553987503 -0.664358377 -0.501722813
vn 0.553987205 -0.664368629 -0.50170958
vn 0.553992808 -0.745238006 -0.371096283
vn 0.553840876 -0.745297074 -0.371204168
vn 0.553825498 -0.800773203 -0.228122368
vn 0.553476274 -0.800950885 -0.228345871
vn 0.55354178 -0.829247117 -0.0770752057
vn 0.553983092 -0.82897532 -0.0768299252
vn 0.830304086 -0.554932177 -0.0514325723
vn 0.830268085 -0.554988205 -0.0514101647
vn 0.830272079 -0.536061227 -0.152599469
vn 0.829995692 -0.536396325 -0.152925372
vn 0.829982281 -0.499224901 -0.248805091
vn 0.830168426 -0.499040008 -0.248554781
vn 0.830195606 -0.444847792 -0.335985065
vn 0.830461919 -0.444647312 -0.335591882
vn 0.830490828 -0.375309944 -0.411615968
vn 0.830263793 -0.37542063 -0.411972582
vn 0.195146501 0.976562202 0.0907986239
vn 0.194249794 0.976772308 0.0904597118
vn 0.554263711 0.828794718 0.0767548829
vn 0.554314673 0.800518572 0.22782737
vn 0.830688775 0.535474002 0.152393878
vn 0.830723107 0.498286396 0.248213381
vn 0.980650723 0.175228506 0.087287955
vn 0.980653405 0.156200796 0.11798469
vn 0.980631828 0.156317502 0.118009195
vn 0.980631828 0.131885901 0.144801304
vn 0.980804324 0.1310049 0.144432396
vn 0.980788171 0.102331907 0.166080594
vn 0.980625629 0.103081807 0.166576698
vn 0.980616271 0.0704151988 0.182848006
vn 0.980636418 0.0703315139 0.182772696
vn 0.980629921 0.0359972157 0.192534
vn 0.980649889 0.0359354056 0.192443594
vn 0.980640173 -0.000395503448 0.195818499
vn 0.980622172 -0.000437400449 0.195907906
vn 0.980616212 -0.0360429734 0.192595199
vn 0.980600774 -0.0360900015 0.192664802
vn 0.980593204 -0.0711542219 0.182686195
vn 0.830498219 -0.201489463 0.51930213
vn 0.830259323 -0.201786771 0.519568801
vn 0.553631902 -0.301267684 0.776356578
vn 0.553913176 -0.301062465 0.77623558
vn 0.194621503 -0.354695678 0.914501727
vn 0.195361301 -0.464303583 0.863861203
vn 0.244339094 -0.510694742 0.824311495
vn 0.195469603 -0.541658461 0.817556024
vn 0.195328102 -0.64429456 0.739413023
vn 0.235969707 -0.654706955 0.718106627
vn 0.195058405 -0.708821416 0.677882373
vn 0.194232196 -0.783055723 0.590844989
vn 0.194145694 -0.783057928 0.59087044
vn 0.194907099 -0.842088997 0.502889156
vn 0.225322604 -0.872200727 0.434161127
vn 0.194422007 -0.884720802 0.423638225
vn 0.194674596 -0.932480872 0.304271638
vn 0.248559698 -0.931725383 0.264775336
vn 0.194885403 -0.956533015 0.216943249
vn 0.1941645 -0.976818204 0.0901471749
vn 0.193382606 -0.976942599 0.0904781669
vn 0.553993821 -0.828973413 0.076774098
vn 0.553520203 -0.829307914 0.0765751973
vn 0.830306411 -0.554946601 0.051240705
vn 0.830258727 -0.555021107 0.0512075648
vn 0.98061198 -0.195131004 0.0180029292
vn 0.980640709 -0.194982201 0.0180553198
vn 0.980640113 -0.188361093 0.0535281859
vn 0.980633676 -0.188395396 0.0535226464
vn 0.980633318 -0.175335601 0.0872688293
vn 0.980635226 -0.175325304 0.0872685984
vn 0.9806422 -0.156486005 0.117699005
vn 0.980469525 -0.156934097 0.118537709
vn 0.980472803 -0.132578298 0.145245597
vn 0.980601311 -0.132370993 0.144565597
vn 0.980606377 -0.103189491 0.166622803
vn 0.980626285 -0.10317269 0.166516006
vn 0.980633676 -0.071173653 0.182460606
vn 0.830242813 -0.29358536 0.473819196
vn 0.830251992 -0.293567866 0.473813802
vn 0.830225825 -0.375903279 0.411608815
vn 0.830660403 -0.375217766 0.411357522
vn 0.830666602 -0.444277287 0.335575521
vn 0.830018878 -0.4453426 0.33576563
vn 0.829996884 -0.499337614 0.24853012
vn 0.830222726 -0.498959988 0.248534322
vn 0.830224812 -0.536198378 0.152375132
vn 0.830284715 -0.536099672 0.152395532
vn 0.553652108 -0.801012397 0.227702737
vn 0.553504825 -0.801126599 0.227659136
vn 0.553602278 -0.745522201 0.371108145
vn 0.554047108 -0.745162725 0.371166319
vn 0.554055512 -0.664606392 0.50131911
vn 0.554142714 -0.664535105 0.501317203
vn 0.554103315 -0.560841918 0.615163326
vn 0.553679407 -0.561187029 0.615230381
vn 0.553691924 -0.438668668 0.707810104
vn 0.553866327 -0.438524574 0.707762778
vn 0.194076195 -0.354518056 0.914686501
vn 0.194901407 -0.262423575 0.945064783
vn 0.211641595 -0.17995505 0.960637271
vn 0.194223106 -0.17309925 0.965564072
vn 0.194736093 -0.0451817699 0.979814529
vn 0.249956593 4.23238724e-08 0.968257129
vn 0.194930702 0.0450300314 0.979782879
vn 0.194529101 0.172388643 0.965629697
vn 0.211801097 0.179183945 0.960746288
vn 0.195130393 0.261291027 0.945331216
vn 0.194377601 0.354278326 0.914715409
vn 0.194614306 0.354168236 0.91470772
vn 0.195368201 0.463872731 0.864091218
vn 0.244497702 0.510365069 0.824468672
vn 0.195477694 0.541465878 0.817681789
vn 0.195347801 0.643776774 0.739858687
vn 0.236264497 0.654251575 0.718424678
vn 0.1950562 0.708790004 0.677915812
vn 0.1942368 0.782710314 0.591300964
vn 0.194834098 0.782760024 0.591038644
vn 0.195648894 0.841460586 0.503652215
vn 0.226203904 0.871747911 0.434611857
vn 0.194798395 0.884503126 0.423919678
vn 0.195192501 0.932294905 0.304509878
vn 0.248626903 0.931537211 0.265373766
vn 0.194837794 0.95641607 0.217501059
vn 0.553875029 0.800741613 0.228112772
vn 0.553888679 0.745201707 0.37132436
vn 0.830631375 0.498378098 0.248335779
vn 0.830595613 0.444358498 0.33564356
vn 0.830085278 0.444734186 0.336407363
vn 0.830075204 0.37550512 0.412275761
vn 0.830254376 0.375425935 0.411986381
vn 0.830223501 0.293025017 0.474199593
vn 0.830495119 0.292999119 0.473739892
vn 0.830474615 0.200862825 0.519582629
vn 0.8306759 0.200895235 0.519248307
vn 0.830645502 0.102334023 0.547317028
vn 0.830057621 0.102045521 0.548262
vn 0.830024481 -0.000509212608 0.5577268
vn 0.83070302 2.43348239e-08 0.556715727
vn 0.83068198 -0.102511674 0.547228515
vn 0.830517173 -0.10267958 0.547446907
vn 0.553968072 -0.153274372 0.818306923
vn 0.553637028 -0.153463274 0.818495691
vn 0.553982019 3.63909898e-08 0.832528591
vn 0.553982079 3.63909933e-08 0.83252871
vn 0.554001629 0.15252693 0.818424106
vn 0.554177821 0.152577937 0.818295121
vn 0.554201126 0.300504327 0.776246309
vn 0.553868711 0.30042693 0.776513517
vn 0.553856611 0.438246638 0.707942724
vn 0.553650498 0.438221216 0.708119571
vn 0.553683996 0.560596108 0.615764678
vn 0.554477513 0.560534179 0.615106702
vn 0.55455339 0.664093673 0.501448214
vn 0.5535447 0.664347112 0.502226472
vn 0.553529084 0.745336413 0.371590167
vn 0.980630279 0.175300807 0.0873721689
vn 0.98064208 0.188227504 0.0539594144
vn 0.830244005 0.536017478 0.152905568
vn 0.830241621 0.555029273 0.0513940752
vn 0.830349624 0.554861426 0.0514626242
vn 0.554026306 0.828941524 0.0768837556
vn 0.980802476 0.187555999 0.0533772632
vn 0.980805218 0.194159806 0.0179786514
vn 0.980771601 0.194321007 0.0180732515
vn 0.000144892998 0.995705426 0.0925788358
vn 0.000145590006 0.995705426 0.0925788358
vn 0.000142664998 0.975102127 0.221756458
vn 0.000284545007 0.975271583 0.221009851
vn 0.000276887004 0.950580597 0.310477972
vn 0.000138418996 0.950414717 0.310985774
vn 0.000131548004 0.901777923 0.432199568
vn 0.000131548004 0.901778102 0.432199359
vn 0.000124751998 0.858007312 0.513637543
vn 0.000125520004 0.858042479 0.513578653
vn 0.000116616 0.797938824 0.60273844
vn 0.000232577004 0.798105299 0.602518022
vn 0.000210808998 0.722678065 0.691184759
vn 0.000210461003 0.722678065 0.691184819
vn 0.000191389001 0.656420946 0.754394829
vn 0.000193246 0.656425357 0.754391074
vn 0.000162522003 0.552201569 0.833710611
vn 7.64631986e-05 0.551950574 0.833877027
vn 6.55256008e-05 0.473025739 0.88104862
vn 7.03569021e-05 0.47300303 0.881060779
vn 5.37175001e-05 0.361065328 0.932540476
vn 5.31514015e-05 0.361064136 0.932541072
vn 3.92305992e-05 0.266573042 0.963814795
vn 7.91943021e-05 0.267356336 0.963597775
vn 5.20493013e-05 0.175821841 0.984422088
vn 2.61340992e-05 0.17576094 0.984432876
vn 6.82819018e-06 0.0458887033 0.998946607
vn 1.33973999e-05 0.0459626131 0.99894321
vn -1.33964004e-05 -0.0459616259 0.998943329
vn -6.82805012e-06 -0.0459298566 0.998944581
vn -2.62501999e-05 -0.176446557 0.98431021
vn -5.0463801e-05 -0.176528558 0.984295487
vn -7.64680008e-05 -0.267285675 0.963617504
vn -7.91557977e-05 -0.267603368 0.963529229
vn -0.000106943997 -0.361336559 0.932435513
vn -0.000106421001 -0.36133936 0.93243438
vn -0.000139465003 -0.473412782 0.880840778
vn -7.03569021e-05 -0.473002583 0.881061077
vn -8.20506975e-05 -0.552307367 0.833640575
vn -0.000161035001 -0.552529216 0.833493471
vn -0.000191397994 -0.656899333 0.753978312
vn -9.57860029e-05 -0.656661451 0.754185617
vn -0.000105223997 -0.722720563 0.691140473
vn -0.000211000006 -0.723333538 0.690498888
vn -0.000232970997 -0.798262477 0.602309883
vn -0.000116288997 -0.798104823 0.602518857
vn -0.000125058999 -0.858535707 0.512754083
vn -0.000137577998 -0.858621776 0.512609839
vn -0.000144933001 -0.901936412 0.431868941
vn -0.000262763991 -0.902069509 0.431590736
vn -0.000277342013 -0.950632215 0.31031993
vn -0.000277351006 -0.950629175 0.310329139
vn -0.000283917994 -0.975234985 0.221171141
vn -0.000285185 -0.975232422 0.221182749
vn -0.000290403987 -0.995768487 0.0918971151
vn -0.000144848993 -0.995738506 0.0922226161
vn -1 0.000150530002 -7.48772072e-05
vn -1 0.000142370001 -8.23950104e-05
vn -1 0.000135241993 -0.00010204401
vn -1 0.000372217997 0.000127312989
vn -1 0.000323037006 0.000110475987
vn -1 8.95028934e-05 -0.000144657999
vn -1 0.000397797005 -2.52751179e-05
vn -1 0.000361640006 -1.11486152e-05
vn -1 0.000318450999 9.82929669e-06
vn -1 0.000290422991 -0.000133165013
vn -1 0.000337417994 -0.000130523011
vn -1 0.000343213993 -0.000132318019
vn -1 0.000106048006 0.000126341998
vn -1 0.00011301101 0.000123838006
vn -1 0.000135465001 0.00010247199
vn -1 0.000142595003 8.23989903e-05
vn -0.999999881 0.000443080004 -0.000183491022
vn -1 0.000325939007 9.27534857e-05
vn -1 0.000306292 -0.000268981006
vn -1 0.000168301995 1.53641922e-05
vn -1 0.000168309998 -1.54819081e-05
vn -1 0.000306155998 0.000269387005
vn -1 0.000325964997 -9.29278176e-05
vn -0.999999881 0.000442849996 0.00018341899
vn -1 0.000142631005 -8.20093046e-05
vn -1 0.000135509006 -0.000102501006
vn -1 0.000113117996 -0.000124047001
vn -1 0.000106103995 -0.000126152998
vn -1 0.000343218009 0.000132813992
vn -1 0.000337253005 0.000130505985
vn -1 0.000290382013 0.000133431982
vn -1 0.000361759012 -1.1150415e-05
vn -1 0.000318547012 1.01570868e-05
vn -1 0.000397678989 2.5490981e-05
vn -1 8.94622062e-05 0.000144463993
vn -1 0.000323034998 -0.000110668014
vn -1 0.000372334005 -0.000127134015
vn -1 0.000135227005 0.000101812991
vn -1 0.000142350007 8.23815935e-05
vn -1 0.000150478998 7.4884796e-05
vn -1 0.000162659999 4.63467914e-05
vn -1 0.000161699005 2.85838923e-05
vn -1 0.000167961 1.52561925e-05
vn -1 0.000167962993 -1.52514076e-05
vn -1 0.000161707998 -2.8576007e-05
vn -1 0.000162673998 -4.58504073e-05
vn -0.000145541999 -0.995735586 -0.0922532156
vn -0.000275756 -0.995708406 -0.092545934
vn -0.00027012499 -0.975076795 -0.221867457
vn -0.000283883011 -0.975062609 -0.221929848
vn -0.000276692997 -0.950449705 -0.310878575
vn -0.000124947997 -0.950636625 -0.310306668
vn -0.000118206997 -0.901946902 -0.431847066
vn -0.000263096998 -0.901777923 -0.432199478
vn -0.000250285986 -0.858007312 -0.513637364
vn -0.000262757007 -0.857956111 -0.513722718
vn -0.000244427996 -0.7978338 -0.602877557
vn -0.00011632 -0.798007309 -0.602647841
vn -0.000105411003 -0.722635567 -0.691229343
vn -0.000105403997 -0.722678065 -0.691184819
vn -9.55814976e-05 -0.65641278 -0.754402101
vn -9.60453981e-05 -0.656413138 -0.754401803
vn -8.05372983e-05 -0.552229881 -0.833692014
vn -0.000157882998 -0.551989138 -0.833851278
vn -0.000135120994 -0.472533137 -0.881312907
vn -6.9637601e-05 -0.472922117 -0.881104171
vn -5.31947007e-05 -0.36108464 -0.932533085
vn -5.37175983e-05 -0.361054718 -0.932544827
vn -3.97721014e-05 -0.267594039 -0.963531792
vn -3.94177005e-05 -0.267355531 -0.963598013
vn -2.59542994e-05 -0.176136151 -0.984365821
vn -2.44003004e-05 -0.176116347 -0.984369397
vn -6.35760989e-06 -0.0458740331 -0.998947322
vn -6.69239989e-06 -0.0459320955 -0.998944581
vn 6.78954984e-06 0.046584677 -0.998914421
vn 1.37736997e-05 0.0465088561 -0.998917878
vn 5.22388e-05 0.176469356 -0.984306216
vn 2.62476005e-05 0.176503763 -0.984300017
vn 3.92180009e-05 0.26380828 -0.964575171
vn 3.88279987e-05 0.263818473 -0.96457243
vn 5.32257982e-05 0.361646563 -0.93231529
vn 5.38349013e-05 0.361645371 -0.932315826
vn 7.04214981e-05 0.472998679 -0.881063104
vn 6.97701034e-05 0.47300297 -0.881060779
vn 8.13017032e-05 0.552536011 -0.83348912
vn 8.13012011e-05 0.552544236 -0.833483577
vn 9.70028996e-05 0.65664196 -0.754202485
vn 0.000181889001 0.656432152 -0.754384995
vn 0.000200366005 0.723272741 -0.690562487
vn 9.51366019e-05 0.723970056 -0.689831436
vn 0.000105149004 0.798120499 -0.602498055
vn 0.000116288997 0.798102975 -0.602521062
vn 0.000125388004 0.858788073 -0.512331069
vn 0.000250260986 0.857920825 -0.513782084
vn 0.000263135007 0.901936412 -0.43186903
vn 0.000131171997 0.902089715 -0.431548536
vn 0.000138372998 0.950632274 -0.31031993
vn 0.000138671006 0.950632274 -0.31031993
vn 0.000141855999 0.975271583 -0.22100994
vn 0.000128083004 0.975291312 -0.220923141
vn 0.000130921006 0.995738506 -0.0922226161
vn 0.000144848993 0.995735407 -0.0922553912
vn -0.965702891 -0.258534491 -0.0240412187
vn -0.96571207 -0.25850141 -0.0240267981
vn -0.70589298 -0.705278397 -0.065555118
vn -0.70580709 -0.681260705 -0.194217265
vn -0.336144298 -0.905779421 -0.258013159
vn -0.259255707 -0.918081105 -0.299856365
vn -0.25889051 -0.871032476 -0.417466372
vn -0.303017288 -0.853070319 -0.424795866
vn -0.258397102 -0.828802109 -0.496304572
vn -0.257496089 -0.770970702 -0.582494557
vn -0.258242995 -0.770939529 -0.582205236
vn -0.259247392 -0.697954714 -0.667570114
vn -0.318516403 -0.638464689 -0.700649977
vn -0.258226514 -0.634062231 -0.728892624
vn -0.258344889 -0.533253074 -0.805542827
vn -0.328756094 -0.497076243 -0.803016126
vn -0.257845908 -0.45693022 -0.851310909
vn -0.256878197 -0.34887132 -0.901278198
vn -0.257362008 -0.348700136 -0.901206613
vn -0.258341104 -0.25857693 -0.930805027
vn -0.282966286 -0.175943047 -0.942854285
vn -0.258798897 -0.170122847 -0.950832009
vn -0.259385198 -0.0441242196 -0.964765608
vn -0.338156998 0.000117300864 -0.941089809
vn -0.258228689 0.0449368507 -0.965038121
vn -0.257637411 0.170670956 -0.951049089
vn -0.282645106 0.176682651 -0.942812324
vn -0.259302109 0.254705161 -0.931604922
vn -0.258147389 0.349395275 -0.90071249
vn -0.256913394 0.349190474 -0.901144624
vn -0.257877886 0.457011163 -0.851257801
vn -0.329335392 0.497425079 -0.802562416
vn -0.258378804 0.533877015 -0.805118501
vn -0.258251607 0.634166837 -0.728792429
vn -0.318952292 0.638590038 -0.700337172
vn -0.25826931 0.699377775 -0.666459143
vn -0.257153302 0.771371186 -0.582115889
vn -0.25745669 0.771252096 -0.582139432
vn -0.258529902 0.828753114 -0.496317238
vn -0.303342402 0.853096128 -0.424512029
vn -0.257905394 0.871572077 -0.41694963
vn -0.25821659 0.91839391 -0.299794823
vn -0.335563093 0.906083703 -0.257701516
vn -0.2575894 0.94237721 -0.213477939
vn -0.256781101 0.962367773 -0.0889472738
vn -0.257576108 0.962137282 -0.0891430154
vn -0.259148389 -0.941750884 -0.214353457
vn -0.258238614 -0.961934984 -0.0894090682
vn -0.257600009 -0.962089419 -0.0895905569
vn -0.706211329 -0.704951108 -0.0656476915
vn -0.965726495 -0.249646902 -0.0710554644
vn -0.965686619 -0.249778107 -0.0711357445
vn -0.705306828 -0.681791186 -0.194173068
vn -0.705245018 -0.634633482 -0.31602186
vn -0.705704689 -0.634147227 -0.315971971
vn -0.70557493 -0.565408111 -0.42717427
vn -0.705958128 -0.565013111 -0.427063763
vn -0.70587641 -0.476983637 -0.523665071
vn -0.705789387 -0.477058738 -0.523714125
vn -0.705684006 -0.372905433 -0.602454782
vn -0.705988824 -0.372654825 -0.602252603
vn -0.705954075 -0.25543794 -0.660590887
vn -0.70591259 -0.255463541 -0.660625279
vn -0.705856383 -0.129951224 -0.696332872
vn -0.705967009 -0.129882336 -0.69623369
vn -0.705871701 0.000258315034 -0.708339572
vn -0.705842376 0.000241541027 -0.708368897
vn -0.705751181 0.13065207 -0.696308315
vn -0.705180526 0.130556867 -0.696904182
vn -0.705224812 0.256176472 -0.661083579
vn -0.705753326 0.256160557 -0.66052562
vn -0.705616713 0.373424381 -0.602212191
vn -0.705362022 0.373476267 -0.602478206
vn -0.705331028 0.477639079 -0.523802519
vn -0.705455005 0.477580279 -0.52368921
vn -0.705562413 0.565649211 -0.42687574
vn -0.706118882 0.565329611 -0.426378638
vn -0.706033707 0.634088814 -0.315353632
vn -0.705206513 0.634688675 -0.315996915
vn -0.705245197 0.681918919 -0.193948135
vn -0.70537442 0.681809902 -0.193861634
vn -0.705293 0.705907285 -0.0652439818
vn -0.705609977 0.705603719 -0.0650996193
vn -0.965700626 0.25856021 -0.0238552112
vn -0.965699077 0.258565396 -0.0238561109
vn -0.965704322 0.249745101 -0.0710117295
vn -0.965675175 0.2498575 -0.0710115507
vn -0.965690672 0.232475206 -0.115745105
vn -0.965384126 0.233638301 -0.115960307
vn -0.965388715 0.208167002 -0.157134518
vn -0.965718925 0.207398504 -0.15611802
vn -0.965737402 0.174873888 -0.19175671
vn -0.965686321 0.175044686 -0.191858113
vn -0.965699971 0.137011185 -0.220570803
vn -0.965703011 0.137009889 -0.220558703
vn -0.96571523 0.0941806361 -0.241917893
vn -0.965404809 0.094284825 -0.243113294
vn -0.9654091 0.0482443385 -0.256238014
vn -0.965649605 0.0478325896 -0.25540781
vn -0.96564728 0.000355344644 -0.259855986
vn -0.965405107 8.91638992e-05 -0.260755002
vn -0.96540159 -0.0478948429 -0.256331593
vn -0.965697825 -0.0473789014 -0.255310088
vn -0.965707481 -0.0933762789 -0.242260307
vn -0.965664327 -0.0934787989 -0.242392704
vn -0.965667605 -0.136689618 -0.220911995
vn -0.965690315 -0.13666521 -0.220828101
vn -0.96569711 -0.17466481 -0.192149088
vn -0.965668201 -0.174760908 -0.192207292
vn -0.965679824 -0.207257196 -0.156547382
vn -0.96575892 -0.206970006 -0.156439289
vn -0.965752304 -0.232207999 -0.115767293
vn -0.965696573 -0.232419893 -0.115806796
vn -0.257618397 -0.962129116 0.0891098157
vn -0.257040888 -0.962296188 0.0889721364
vn -0.706237614 -0.704968214 0.0651796088
vn -0.706511915 -0.704686105 0.0652579889
vn -0.965705216 -0.258534998 0.0239421204
vn -0.965711594 -0.25851059 0.0239455216
vn -0.965713918 -0.249720901 0.0709654093
vn -0.965653718 -0.249918997 0.0710870102
vn -0.965655386 -0.2326217 0.115744509
vn -0.965706229 -0.232475907 0.115614109
vn -0.965704978 -0.207209006 0.156455219
vn -0.705049813 -0.565949202 0.427324742
vn -0.70542419 -0.565737426 0.426987231
vn -0.258640498 -0.771021307 0.581920385
vn -0.258197814 -0.771039307 0.582093179
vn -0.259197801 -0.698643327 0.666868985
vn -0.318889409 -0.638699412 0.700266123
vn -0.258277804 -0.63429606 0.728670776
vn -0.258412987 -0.533778846 0.805172622
vn -0.329889387 -0.496985465 0.802607179
vn -0.258995295 -0.456868857 0.850995004
vn -0.2580989 -0.349209875 0.900798202
vn -0.257378906 -0.349070072 0.901058376
vn -0.258360803 -0.258575559 0.930799901
vn -0.282872289 -0.176312357 0.942813516
vn -0.25871861 -0.170516253 0.950783372
vn -0.259314299 -0.0441650301 0.964782715
vn -0.337602288 -0.000190995866 0.941288829
vn -0.258152187 0.0443886928 0.965084076
vn -0.257587492 0.169902846 0.951200187
vn -0.284049004 0.176316142 0.942458928
vn -0.259564787 0.258253038 0.93055439
vn -0.258535296 0.348668844 0.900882721
vn -0.258025795 0.348837942 0.900963426
vn -0.25893411 0.456878036 0.851008594
vn -0.329478294 0.49681443 0.802882016
vn -0.258421391 0.533322275 0.805472493
vn -0.258293092 0.634155035 0.728788078
vn -0.318398714 0.638545036 0.700630128
vn -0.259193987 0.697965503 0.66757977
vn -0.258206099 0.770820022 0.582379818
vn -0.256561309 0.771445274 0.582278669
vn -0.257582992 0.829052925 0.496308565
vn -0.302037805 0.8532691 0.425094068
vn -0.257300913 0.871415615 0.417649567
vn -0.25776729 0.918295383 0.300482273
vn -0.335949093 0.905875087 0.257931173
vn -0.257679403 0.942340314 0.213532954
vn -0.256906509 0.962285817 0.0894710571
vn -0.257579893 0.962123871 0.0892754868
vn -0.705589712 0.705589712 0.0654710829
vn -0.705308616 0.705878079 0.0653917417
vn -0.965712726 0.258506507 0.0239473395
vn -0.965701818 0.2585482 0.0239393581
vn -0.965699673 0.249719799 0.0711622089
vn -0.965738297 0.249593705 0.0710814446
vn -0.965729177 0.232310206 0.115754895
vn -0.706079721 0.633808076 0.315814584
vn -0.706111908 0.56498301 0.426849365
vn -0.705429077 0.565675199 0.427061379
vn -0.705460012 0.477418542 0.523829877
vn -0.705797076 0.477096826 0.523668826
vn -0.705857515 0.372860521 0.602279305
vn -0.705058217 0.373526841 0.602802515
vn -0.70511198 0.255943418 0.661294222
vn -0.705037177 0.255993426 0.661354601
vn -0.70509851 0.130541831 0.696990013
vn -0.705803096 0.130154133 0.696349025
vn -0.705870271 1.23100626e-05 0.7083413
vn -0.705922008 3.09603294e-08 0.708289623
vn -0.705984592 -0.130184665 0.696159422
vn -0.705860972 -0.130171075 0.696287215
vn -0.705876112 -0.255892456 0.660498381
vn -0.705314875 -0.255880862 0.661102116
vn -0.705375016 -0.373177171 0.602648318
vn -0.705894113 -0.373060077 0.60211283
vn -0.705812812 -0.477260679 0.523498476
vn -0.705459118 -0.477401674 0.523846507
vn -0.965685785 -0.174758881 0.192120418
vn -0.965675473 -0.174772978 0.192159921
vn -0.965684891 -0.207282707 0.156482115
vn -0.96566093 -0.136790782 0.220878601
vn -0.965714097 -0.136729479 0.220683604
vn -0.965701878 -0.0934998244 0.242234498
vn -0.965705514 -0.0934912413 0.242223799
vn -0.965707481 -0.0477863997 0.255196989
vn -0.965407729 -0.0476828106 0.256348401
vn -0.965400815 0.000254293409 0.260771006
vn -0.96563971 1.13599192e-08 0.259884596
vn -0.965636373 0.0477508418 0.2554726
vn -0.965406716 0.0481430925 0.256266207
vn -0.965408206 0.0941230655 0.243162498
vn -0.965713382 0.0940145254 0.241989702
vn -0.965707183 0.13695541 0.220574304
vn -0.965698481 0.136985317 0.220593601
vn -0.965693116 0.174874321 0.191979378
vn -0.965673923 0.174939722 0.192015991
vn -0.965678215 0.207263499 0.156548783
vn -0.965391576 0.208294302 0.156947985
vn -0.965382278 0.233626693 0.115997694
vn -0.705527902 0.634394825 0.315869778
vn -0.705482781 0.681623816 0.194121569
vn -0.705370486 0.681743026 0.194110364
vn -0.259618491 -0.829185009 0.495025843
vn -0.303591013 -0.85295701 0.424613923
vn -0.25782901 -0.871575475 0.416989833
vn -0.2581352 -0.918362617 0.299960822
vn -0.335727215 -0.906003773 0.257768124
vn -0.258006006 -0.942212999 0.213699549
vn -0.705080509 -0.634819806 0.316014916
vn -0.705831885 -0.634273171 0.315434515
vn -0.705919504 -0.681214094 0.193972036
vn -0.706438303 -0.680771828 0.193635434
vn 0.000169594001 0.984764874 0.173891053
vn 0.000174151006 0.984762907 0.173902154
vn 0.000153007 0.865940273 0.500147343
vn 0.000153817993 0.865939021 0.500149667
vn 0.000114075003 0.642632782 0.766174376
vn 0.000114076 0.642629743 0.766177118
vn 6.06782014e-05 0.341720432 0.939801693
vn 5.8906e-05 0.341703534 0.939807773
vn -1.91068991e-15 1.60676118e-05 1
vn -9.10414019e-05 -0.342295468 0.939592421
vn -5.90121017e-05 -0.342379779 0.939561725
vn -0.000110836998 -0.642970741 0.765890777
vn -0.000167557999 -0.642812312 0.766023695
vn -0.000225697004 -0.866079807 0.499905944
vn -0.000153157001 -0.86621201 0.499676734
vn -0.000173906999 -0.984827101 0.173539251
vn -0.000169851002 -0.984830081 0.173521742
vn 0.000169749997 0.98482728 -0.173537239
vn 0.000174923 0.984829903 -0.173523039
vn 0.000153842993 0.866079628 -0.499906242
vn 0.000225933996 0.86621058 -0.499679238
vn 0.000167649996 0.642970026 -0.765891314
vn 0.000110759 0.642812312 -0.766023815
vn 5.89927004e-05 0.342293173 -0.939593315
vn 8.92570024e-05 0.342396557 -0.939555526
vn 1.91068991e-15 -1.47435112e-05 -1
vn 1.91068991e-15 -4.37113989e-08 -1
vn -5.86003007e-05 -0.341712832 -0.939804494
vn -6.06920003e-05 -0.341726542 -0.939799607
vn -0.000114176997 -0.642629743 -0.766176879
vn -0.000113569004 -0.642628133 -0.76617831
vn -0.000153007 -0.865940511 -0.500147164
vn -0.000153817993 -0.865941823 -0.50014466
vn -0.000174960995 -0.984766006 -0.173885062
vn -0.000169801002 -0.984760821 -0.173914254
vn 1 -0.000173295979 0.00029345401
vn 1 -0.000219759997 -6.26528927e-05
vn 1 -0.000202926996 -0.000101115991
vn 1 -0.000190713996 -0.000110217996
vn 1 -0.000182831995 -0.00013801099
vn 0.999999881 -0.000447708007 0.000107537024
vn 1 -0.000379589008 0.000132909016
vn 1 -0.000284306996 0.000148520019
vn 1 0 1.91068991e-15
vn 1 -0.000403259008 -2.9523082e-05
vn 1 -0.000319045997 2.3186114e-05
vn 1 0 1.91068991e-15
vn 1 0 1.91068991e-15
vn 1 -0.000460020994 7.50987238e-05
vn 1 -0.000120427991 0.000194337001
vn 1 -0.000345254986 -8.30311837e-05
vn 1 0 1.91068991e-15
vn 1 -0.000299145991 -0.000277782994
vn 1 -0.000190049002 0.000109734006
vn 1 -0.000202198004 0.000100713005
vn 1 -0.000218949004 6.21587096e-05
vn 1 -0.000215784006 3.80056117e-05
vn 1 -0.000225879005 2.09650098e-05
vn 1 -0.000225868993 -2.09414902e-05
vn 1 -0.000215780005 -3.81440877e-05
vn 1 -0.000218931003 -6.22743901e-05
vn 1 -0.000202137002 -0.000100682992
vn 1 -0.00018997 -0.000109815992
vn 1 -0.000299234991 0.000277532003
vn 1 -0.000345343986 8.30036151e-05
vn 1 -0.000120313009 -0.000194380002
vn 0.999999881 -0.000460068986 -7.53531785e-05
vn 1 0 1.91068991e-15
vn 1 -0.000403415004 -2.95344817e-05
vn 1 -0.000319148996 2.32419152e-05
vn 1 0 1.91068991e-15
vn 1 -0.000284151 -0.000148783991
vn 1 -0.000379467994 -0.000133142981
vn 0.999999881 -0.00044755399 -0.000107727981
vn 1 -0.000182846998 0.000137943018
vn 1 -0.000190723993 0.000110158006
vn 1 -0.000202968004 0.000101054007
vn 1 -0.000219780995 6.25516041e-05
vn 1 -0.000173169014 -0.000293493009
vn 1 0 1.91068991e-15
vn 1 0 1.91068991e-15
vn 0.980612218 -0.195116401 -0.0181466211
vn 0.980609477 -0.195129201 -0.0181556214
vn 0.980612993 -0.188474402 -0.0536254533
vn 0.980605006 -0.1885079 -0.0536546037
vn 0.98060298 -0.175421998 -0.0874353498
vn 0.980607629 -0.175405994 -0.087414965
vn 0.980614126 -0.156560197 -0.117834494
vn 0.980469525 -0.156936094 -0.118535593
vn 0.980470479 -0.132503003 -0.145328805
vn 0.980626822 -0.132246301 -0.144505903
vn 0.980632782 -0.103051409 -0.166552693
vn 0.830101311 -0.293401539 -0.474180907
vn 0.830121279 -0.293381929 -0.47415781
vn 0.553669274 -0.438166231 -0.708138883
vn 0.554381073 -0.43822664 -0.707544506
vn 0.244096205 -0.510503054 -0.82450223
vn 0.194960803 -0.463935316 -0.864149511
vn 0.194299996 -0.35422194 -0.914753795
vn 0.194939196 -0.353975236 -0.914713323
vn 0.195787907 -0.258684844 -0.945912004
vn 0.211798802 -0.17968604 -0.960653007
vn 0.194242597 -0.172755048 -0.965621829
vn 0.194757402 -0.045175232 -0.979810715
vn 0.250351012 0.000321740692 -0.968155086
vn 0.194960207 0.0457013398 -0.979745805
vn 0.194547698 0.172724858 -0.965565801
vn 0.211738095 0.179502755 -0.96070081
vn 0.194919407 0.262480974 -0.945045173
vn 0.194098994 0.354481667 -0.914695799
vn 0.194601506 0.354630679 -0.914531171
vn 0.195344895 0.464612156 -0.863699019
vn 0.244010493 0.51067543 -0.82442081
vn 0.194800705 0.541846931 -0.817590714
vn 0.194727197 0.643872142 -0.739939213
vn 0.236519501 0.654542267 -0.718075871
vn 0.194500998 0.710124373 -0.676677883
vn 0.193743706 0.782828927 -0.591305733
vn 0.194773704 0.782916605 -0.59085083
vn 0.195595205 0.84203589 -0.50271076
vn 0.225955799 0.872086704 -0.434060931
vn 0.194413304 0.88487649 -0.423316836
vn 0.194657102 0.932432771 -0.304430127
vn 0.248785302 0.9316594 -0.264795929
vn 0.195629105 0.956262529 -0.217466146
vn 0.195049599 0.976640522 -0.0901618451
vn 0.194351107 0.976752222 -0.0904594436
vn 0.55403161 0.828948319 -0.0767707005
vn 0.554149508 0.828864813 -0.0768211186
vn 0.830264509 0.554991126 -0.0514372773
vn 0.830291629 0.536088526 -0.152397335
vn 0.83065033 0.535499573 -0.152513832
vn 0.83063519 0.498495311 -0.248088017
vn 0.830758274 0.498288512 -0.248091608
vn 0.830757976 0.444119692 -0.33555764
vn 0.830280602 0.444905192 -0.335698634
vn 0.830281496 0.375487357 -0.411876321
vn 0.830633819 0.374938279 -0.411665916
vn 0.830612898 0.29313606 -0.473448485
vn 0.830394506 0.293441057 -0.473642588
vn 0.830338717 0.201270863 -0.519641995
vn 0.830685675 0.200834274 -0.519256175
vn 0.830643475 0.102113575 -0.547361195
vn 0.830085993 0.102682978 -0.548099875
vn 0.830063105 0.000187387632 -0.55766958
vn 0.830724001 -0.000308398332 -0.556684673
vn 0.830644429 -0.102445424 -0.547297716
vn 0.830206871 -0.10226132 -0.547995687
vn 0.830179214 -0.201607123 -0.519766629
vn 0.8301512 -0.201600626 -0.519813716
vn 0.980621994 -0.0710731745 -0.1825625
vn 0.9806301 -0.0710890293 -0.182512999
vn 0.980626404 -0.10307961 -0.166573107
vn 0.98062861 -0.035959959 -0.192547604
vn 0.980616927 -0.035934329 -0.192611605
vn 0.980620027 -0.000364925567 -0.195919305
vn 0.980639577 -0.000321353553 -0.195821196
vn 0.980646312 0.0360205024 -0.192445993
vn 0.980631173 0.0360619314 -0.192515105
vn 0.98063463 0.0704127401 -0.182750806
vn 0.980645478 0.0704136342 -0.182692394
vn 0.98064971 0.103075489 -0.166438594
vn 0.980633914 0.103150696 -0.166484699
vn 0.980640411 0.131636605 -0.144969806
vn 0.980624199 0.131722793 -0.145001397
vn 0.980629802 0.156340405 -0.117996208
vn 0.980619609 0.156395599 -0.118007608
vn 0.980623603 0.175374299 -0.087300837
vn 0.980629802 0.175339594 -0.0872999504
vn 0.980631888 0.188383594 -0.0535979867
vn 0.980763078 0.187665999 -0.0537133291
vn 0.980768323 0.194352299 -0.0179113187
vn 0.980808318 0.194143206 -0.0179846901
vn 0.830304921 0.554933429 -0.0514066443
vn 0.554469287 -0.300725818 -0.775969028
vn 0.553585172 -0.300540537 -0.776671708
vn 0.553533316 -0.153022528 -0.818648279
vn 0.553961396 -0.153204426 -0.818324625
vn 0.553952098 0.000306036614 -0.832548618
vn 0.553976715 0.000260971632 -0.832532227
vn 0.553966522 0.152943566 -0.818369985
vn 0.55426091 0.152757168 -0.818205476
vn 0.554376304 0.300601959 -0.77608341
vn 0.553955615 0.300880373 -0.776275814
vn 0.55390501 0.438481361 -0.70775938
vn 0.554044724 0.438379765 -0.707713008
vn 0.554122508 0.560819626 -0.615166426
vn 0.554480791 0.560534716 -0.615103185
vn 0.554552913 0.664075971 -0.501472116
vn 0.554061711 0.66448611 -0.501471817
vn 0.554035127 0.745298803 -0.370910823
vn 0.554117799 0.745229006 -0.370927632
vn 0.554197311 0.8006621 -0.227608427
vn 0.554103374 0.800735176 -0.227579832
vn 0.194788307 -0.54171437 -0.817681611
vn 0.194723994 -0.643673956 -0.740112484
vn 0.236209407 -0.654330373 -0.718371093
vn 0.194496498 -0.709483683 -0.67735064
vn 0.193741694 -0.782960117 -0.591132641
vn 0.194136605 -0.782810628 -0.591200948
vn 0.194926202 -0.840702116 -0.505196869
vn 0.226232097 -0.871834517 -0.434423566
vn 0.194495797 -0.884711325 -0.423624068
vn 0.194755107 -0.932303429 -0.304763764
vn 0.248946905 -0.9315449 -0.265046477
vn 0.1949635 -0.956517875 -0.216939658
vn 0.194263801 -0.976739109 -0.090787366
vn 0.194255501 -0.976741076 -0.0907833651
vn 0.553699911 -0.56073308 -0.61562562
vn 0.553692877 -0.56073308 -0.615631819
vn 0.553685308 -0.664671481 -0.50164181
vn 0.553555429 -0.6647017 -0.501745105
vn 0.553496122 -0.745433927 -0.37144357
vn 0.55353272 -0.745423019 -0.371411175
vn 0.553605795 -0.80098778 -0.227901563
vn 0.55342871 -0.801080525 -0.228006274
vn 0.55348891 -0.829281926 -0.0770814642
vn 0.553393722 -0.829341173 -0.0771272331
vn 0.830266774 -0.554971397 -0.0516110323
vn 0.830304623 -0.554913104 -0.0516319536
vn 0.830304503 -0.536020517 -0.152566969
vn 0.830301881 -0.536024213 -0.152567476
vn 0.830327392 -0.498771399 -0.248563483
vn 0.830383122 -0.498714805 -0.248490483
vn 0.830387115 -0.444610208 -0.335825861
vn 0.830815077 -0.444305003 -0.335170478
vn 0.830869377 -0.375147134 -0.410999775
vn 0.830093384 -0.375489533 -0.412253171
vn 0.194335401 0.97672528 0.0907833055
vn 0.194342405 0.976723671 0.0907849148
vn 0.554165184 0.828834176 0.0770387799
vn 0.554095924 0.800652385 0.227889374
vn 0.830694973 0.535459995 0.152408972
vn 0.830717623 0.498250306 0.248304188
vn 0.980635822 0.175280899 0.0873504132
vn 0.980633616 0.156278297 0.118046992
vn 0.980630875 0.156292304 0.118050791
vn 0.980625272 0.131719097 0.144997701
vn 0.980641127 0.131639302 0.144962698
vn 0.980633676 0.103013307 0.166571498
vn 0.980626523 0.103049204 0.166590899
vn 0.980617702 0.0704360679 0.182832599
vn 0.980636001 0.0703588799 0.182764396
vn 0.980628312 0.0359148383 0.192557201
vn 0.980610609 0.0359674692 0.192637801
vn 0.980605006 -0.000469884457 0.195994094
vn 0.980651677 -0.00036462344 0.195760295
vn 0.980640113 -0.0360400528 0.192473605
vn 0.980637014 -0.036043331 0.192489207
vn 0.980632782 -0.0711443946 0.182477295
vn 0.830166817 -0.201853871 0.519690514
vn 0.830471516 -0.20147647 0.519350111
vn 0.554166973 -0.300817877 0.776149213
vn 0.553969204 -0.300968766 0.776231885
vn 0.194304198 -0.354607165 0.914603472
vn 0.194958299 -0.464644283 0.863769174
vn 0.243662193 -0.510784447 0.824456215
vn 0.194343507 -0.541989625 0.817605019
vn 0.194184497 -0.644024014 0.739949584
vn 0.236321896 -0.654826462 0.717881799
vn 0.194560394 -0.710052311 0.676736474
vn 0.193802103 -0.782980621 0.591085672
vn 0.194147393 -0.782997429 0.590950131
vn 0.194920495 -0.841554284 0.503778338
vn 0.225739405 -0.872182608 0.433980823
vn 0.194431901 -0.884872973 0.423315525
vn 0.194670901 -0.9324826 0.304269016
vn 0.248114794 -0.931748927 0.26510942
vn 0.194685996 -0.956444919 0.217510045
vn 0.194085404 -0.976830781 0.0901794881
vn 0.194272801 -0.976800501 0.0901055112
vn 0.553429782 -0.829374671 0.0765059888
vn 0.554155409 -0.828861415 0.0768174306
vn 0.830275476 -0.554974914 0.0514354371
vn 0.829976022 -0.555440307 0.0512470864
vn 0.980616271 -0.195109695 0.01800186
vn 0.980639875 -0.194986507 0.0180483498
vn 0.980638385 -0.188350499 0.053596437
vn 0.980611682 -0.188495502 0.0535734892
vn 0.980619192 -0.175410494 0.0872769952
vn 0.980635285 -0.175321504 0.0872746184
vn 0.980642796 -0.156517297 0.117652707
vn 0.980467618 -0.156969905 0.118506007
vn 0.980469108 -0.132507294 0.145334497
vn 0.980647802 -0.132211596 0.144395202
vn 0.980651319 -0.103110395 0.166407093
vn 0.980624676 -0.103128694 0.166552097
vn 0.980632126 -0.0711442754 0.182481006
vn 0.830461085 -0.293250859 0.47364369
vn 0.830227971 -0.29359898 0.473836601
vn 0.830207884 -0.375927359 0.41162324
vn 0.830678105 -0.375182569 0.411354244
vn 0.830674529 -0.444350302 0.335458934
vn 0.830211878 -0.445109189 0.33559823
vn 0.830151677 -0.499163985 0.248361811
vn 0.830201089 -0.499081403 0.248362616
vn 0.830200374 -0.536180317 0.152571231
vn 0.829965174 -0.536566317 0.152494326
vn 0.553707123 -0.800989985 0.227648124
vn 0.554222226 -0.800592124 0.227793932
vn 0.553652823 -0.745554209 0.37096864
vn 0.553739429 -0.745480895 0.370986432
vn 0.553664505 -0.664779902 0.501521111
vn 0.553632975 -0.664798915 0.501530707
vn 0.553678572 -0.561184108 0.615233719
vn 0.553744912 -0.561131299 0.615222216
vn 0.553764403 -0.438631475 0.707776427
vn 0.553922117 -0.438505083 0.707731426
vn 0.194376901 -0.354627877 0.914580107
vn 0.195129305 -0.257720977 0.946310997
vn 0.210918099 -0.179748356 0.960835218
vn 0.194244906 -0.173142552 0.965551972
vn 0.194764599 -0.0458239503 0.979779124
vn 0.250350714 -0.000321748696 0.968155205
vn 0.194957301 0.0450575128 0.979776323
vn 0.194558501 0.172670245 0.96557337
vn 0.211965993 0.179538846 0.960643709
vn 0.195993096 0.258663833 0.945875108
vn 0.195221007 0.353889227 0.914686382
vn 0.194578007 0.354155838 0.914720178
vn 0.195331901 0.463842839 0.864115417
vn 0.244318202 0.510273576 0.824578404
vn 0.194793299 0.541634679 0.817733228
vn 0.194727004 0.643614173 0.740163684
vn 0.236663595 0.654342234 0.718210697
vn 0.195080906 0.709398687 0.677271724
vn 0.194390103 0.782724023 0.591232359
vn 0.194117904 0.78270638 0.591345012
vn 0.194898903 0.841648221 0.503629744
vn 0.225534305 0.872096777 0.434259683
vn 0.195133001 0.88443172 0.42391476
vn 0.195429906 0.932300389 0.304340363
vn 0.248630807 0.931538701 0.265364766
vn 0.195039406 0.956336796 0.217668459
vn 0.553712904 0.800846577 0.228137866
vn 0.553627491 0.745365322 0.371385574
vn 0.830774605 0.498191208 0.248231992
vn 0.830769718 0.444151193 0.335486978
vn 0.830479026 0.444350988 0.335941881
vn 0.830471277 0.375107139 0.411840081
vn 0.830476284 0.375101924 0.411834776
vn 0.830479205 0.293018132 0.473755985
vn 0.830276608 0.293013036 0.47411409
vn 0.830226123 0.201051429 0.519906878
vn 0.830578327 0.201124832 0.519315481
vn 0.830592215 0.102126122 0.547436595
vn 0.830327272 0.10196542 0.547868371
vn 0.830306828 -0.000309037627 0.557306528
vn 0.830454409 -0.000187475656 0.557086706
vn 0.830478072 -0.102547474 0.547531009
vn 0.830232978 -0.10277278 0.547860503
vn 0.553948522 -0.153330177 0.818309903
vn 0.554174602 -0.153177977 0.81818521
vn 0.553976715 -0.000260977627 0.832532227
vn 0.553952217 -0.000306035625 0.832548499
vn 0.553969324 0.152843133 0.818386912
vn 0.553518176 0.152649432 0.818728089
vn 0.553594708 0.300365925 0.776732385
vn 0.55445838 0.30055052 0.776044726
vn 0.554395378 0.437938839 0.707711279
vn 0.553962708 0.437905937 0.708070517
vn 0.554080307 0.560566604 0.615434885
vn 0.554084599 0.560548007 0.615448117
vn 0.554089129 0.66420567 0.501812816
vn 0.554051697 0.664201975 0.501859009
vn 0.554044724 0.745209575 0.371075779
vn 0.980632126 0.175292 0.0873702615
vn 0.980641782 0.188229203 0.0539585836
vn 0.830264211 0.535988629 0.152897477
vn 0.830277801 0.554954827 0.0516150855
vn 0.830291212 0.554933608 0.0516268946
vn 0.554014027 0.828927875 0.0771173462
vn 0.980776489 0.187664896 0.0534735844
vn 0.980774879 0.194304302 0.0180719905
vn 0.980807602 0.194147706 0.0179781206
vn 0.000145540995 0.995708287 0.0925474241
vn 0.000290400989 0.995738208 0.0922246054
vn 0.000284301001 0.975062311 0.221931159
vn 0.000283883011 0.975062609 0.221929848
vn 0.000277343002 0.950632274 0.310319871
vn 0.000138349002 0.950466216 0.310828269
vn 0.000131542998 0.901767671 0.432221085
vn 0.000275664992 0.901936412 0.43186897
vn 0.000262579008 0.858093679 0.513493061
vn 0.000250257988 0.858043313 0.513577342
vn 0.000232642997 0.797975123 0.602690339
vn 0.000104801002 0.797824383 0.602889955
vn 9.52304035e-05 0.723272979 0.690562367
vn 0.000105138002 0.723380685 0.690449536
vn 9.56063013e-05 0.656167567 0.754615307
vn 9.65348008e-05 0.656169534 0.754613578
vn 8.12700018e-05 0.552321076 0.833631575
vn 8.21829017e-05 0.552331746 0.833624601
vn 7.03531987e-05 0.472978234 0.881074309
vn 6.97006035e-05 0.47297433 0.881076276
vn 5.31949991e-05 0.361064225 0.932541072
vn 3.88353001e-05 0.263868034 0.96455878
vn 3.92611983e-05 0.26387924 0.9645558
vn 2.62160993e-05 0.176116943 0.984369278
vn 2.43879003e-05 0.176108345 0.984370887
vn 6.36011009e-06 0.0458724834 0.998947322
vn 6.69601013e-06 0.0459629148 0.99894321
vn -6.78768993e-06 -0.0465532653 0.998915792
vn -1.37197003e-05 -0.0465978459 0.998913825
vn -5.19962996e-05 -0.176532254 0.984294891
vn -2.60009001e-05 -0.176445961 0.984310329
vn -3.87194996e-05 -0.26286006 0.964833975
vn -7.57961971e-05 -0.263818562 0.96457243
vn -0.000103883001 -0.361461163 0.932387173
vn -5.31883015e-05 -0.361363679 0.932425022
vn -6.97384967e-05 -0.473723471 0.880673707
vn -7.03886981e-05 -0.47377938 0.880643606
vn -8.20846981e-05 -0.552536011 0.83348912
vn -8.06500029e-05 -0.552508414 0.833507419
vn -9.5580901e-05 -0.656468153 0.754353821
vn -0.000181940006 -0.656645715 0.754199207
vn -0.000200529001 -0.723861814 0.689944983
vn -0.000116087002 -0.723381042 0.690449059
vn -0.000128126005 -0.798104823 0.602518857
vn -0.000128123997 -0.79811281 0.602508187
vn -0.000137801006 -0.858008206 0.513636172
vn -0.000250253011 -0.858787417 0.512332439
vn -0.000263180002 -0.902089715 0.431548536
vn -0.000131567998 -0.901936591 0.431868643
vn -0.000138372998 -0.950632095 0.310320318
vn -0.000138371994 -0.950632572 0.310318828
vn -0.000142247998 -0.975102127 0.221756548
vn -0.000284545007 -0.975271583 0.22100994
vn -0.000289804011 -0.995765686 0.0919277444
vn -0.000145593993 -0.995735705 0.092252776
vn -1 0.000150538996 -7.53560089e-05
vn -1 0.000142367993 -8.20124042e-05
vn -1 0.000135274997 -0.000102022008
vn -1 0.000372334005 0.000127373991
vn -1 0.000322987005 0.000110478984
vn -1 8.95468911e-05 -0.000144398
vn -1 0.000397644995 -2.5265419e-05
vn -1 8.38004338e-15 1.91712999e-07
vn -1 -1.95601524e-14 -4.47484013e-07
vn -1 0.000361756014 -1.11523159e-05
vn -1 0.000318558014 1.0061186e-05
vn -1 -9.77732164e-15 -2.23678995e-07
vn -1 0.000290455006 -0.000133393012
vn -1 0.000337342004 -0.000130298009
vn -1 0.000343341992 -0.000132614019
vn -1 0.000106046005 0.000126339
vn -1 0.000113054004 0.000124262006
vn -1 0.000135456998 0.000102282989
vn -1 0.000142600999 8.23749942e-05
vn -1 0.000442933 -0.00018304601
vn -1 0.000325911009 9.28367881e-05
vn -1 0.000306336995 -0.000269445998
vn -1 0.000168270999 1.5500993e-05
vn -1 0.000168280007 -1.53623077e-05
vn -1 0.000306197006 0.000269376003
vn -1 0.000325950008 -9.23685147e-05
vn -0.999999881 0.000442944991 0.00018365799
vn -1 0.000142635006 -8.20130081e-05
vn -1 0.000135476002 -0.000102253005
vn -1 0.000113092996 -0.000124080005
vn -1 0.000106079991 -0.000126507002
vn -1 0.000343183987 0.00013299998
vn -1 0.000337408012 0.000130542991
vn -1 0.000290422002 0.000133473979
vn -1 0.000318448991 9.96146628e-06
vn -1 0 -1.91068991e-15
vn -1 0.000397849013 2.52781811e-05
vn -1 8.94360055e-05 0.000144428006
vn -1 0.00032303101 -0.000110474015
vn -1 0.000372348004 -0.000127358013
vn -1 0.000135202994 0.000102280996
vn -1 0.000142335004 8.23746959e-05
vn -1 0.000150534994 7.48814928e-05
vn -1 0.000162658005 4.61413911e-05
vn -1 0.000161698001 2.85837923e-05
vn -1 0.000167987993 1.54481932e-05
vn -1 0.000167992999 -1.55872076e-05
vn -1 0.000161703996 -2.8575907e-05
vn -1 0.000162675002 -4.59622061e-05
vn -0.000145193 -0.995708287 -0.0925474241
vn -0.000145544007 -0.995708108 -0.0925494581
vn -0.000141965997 -0.975232482 -0.221182659
vn -0.000284301001 -0.97506237 -0.221931249
vn -0.000277293992 -0.950465977 -0.310828477
vn -0.000138371994 -0.950633407 -0.310316473
vn -0.000131567998 -0.901936591 -0.431868583
vn -0.000262673013 -0.90178287 -0.432189077
vn -0.000250032987 -0.857140303 -0.515082955
vn -0.000137526004 -0.857920885 -0.513781726
vn -0.000127812003 -0.797983408 -0.602679551
vn -0.000232941995 -0.797849298 -0.602857053
vn -0.000210953003 -0.723315239 -0.690517962
vn -0.000105578998 -0.723927855 -0.689875841
vn -9.58376986e-05 -0.656192958 -0.754593194
vn -0.000191152998 -0.655955553 -0.754799604
vn -0.000161103002 -0.552281976 -0.833657503
vn -7.73858992e-05 -0.552563787 -0.833470821
vn -6.63136016e-05 -0.472998828 -0.881063223
vn -6.95708004e-05 -0.472978234 -0.881074309
vn -5.32384984e-05 -0.361064136 -0.932541072
vn -5.31514015e-05 -0.361069232 -0.932539105
vn -3.88367989e-05 -0.263878316 -0.964555979
vn -7.77695022e-05 -0.262612134 -0.964901507
vn -5.21221991e-05 -0.176136151 -0.984365821
vn -2.59401004e-05 -0.176152349 -0.984363019
vn -6.76258014e-06 -0.0459182039 -0.998945296
vn -1.33812e-05 -0.0459320955 -0.998944581
vn 1.35748996e-05 0.0465539135 -0.998915792
vn 6.86013982e-06 0.0465840735 -0.998914421
vn 2.59400003e-05 0.176175758 -0.984358788
vn 5.06044016e-05 0.176117256 -0.984369278
vn 7.68055033e-05 0.267592967 -0.963531971
vn 7.91080965e-05 0.267285466 -0.963617384
vn 0.000106943 0.361354768 -0.93242842
vn 5.32486993e-05 0.361467481 -0.932384729
vn 6.98044023e-05 0.473728061 -0.880671203
vn 7.05185012e-05 0.473775566 -0.880645573
vn 8.22151997e-05 0.552535951 -0.833489001
vn 0.000162537995 0.552300632 -0.833645105
vn 0.000193244996 0.656423032 -0.754392922
vn 9.56107979e-05 0.656643927 -0.754200697
vn 0.000105571999 0.723970056 -0.689831376
vn 0.000210967002 0.723272741 -0.690562487
vn 0.000232634993 0.797991514 -0.602668941
vn 0.000104849998 0.798157394 -0.602449179
vn 0.000112823996 0.858621001 -0.51261127
vn 0.00013755 0.858448505 -0.512899876
vn 0.000144958001 0.902089715 -0.431548536
vn 0.00027608301 0.901936412 -0.431868732
vn 0.000290756987 0.950615525 -0.310370922
vn 0.000277343002 0.950632274 -0.31031993
vn 0.000284495996 0.975102127 -0.221756548
vn 0.000128088999 0.975288391 -0.220936149
vn 0.000130966 0.995765924 -0.0919257253
vn 0.000145601007 0.995762587 -0.0919619054
vn -0.965704799 -0.2585361 -0.0239478797
vn -0.965711772 -0.258510411 -0.023939589
vn -0.70588398 -0.70530951 -0.0653168187
vn -0.705814779 -0.681253195 -0.194215372
vn -0.336152911 -0.905778229 -0.258005977
vn -0.259237111 -0.91808188 -0.299869567
vn -0.258860201 -0.871045172 -0.417458475
vn -0.303458005 -0.852880776 -0.42486167
vn -0.258830607 -0.828702509 -0.496244967
vn -0.257763207 -0.77092278 -0.582439721
vn -0.257501394 -0.770944774 -0.582526565
vn -0.258426487 -0.69930023 -0.666479647
vn -0.3194713 -0.638062537 -0.700581372
vn -0.258370697 -0.633608341 -0.729236007
vn -0.258503407 -0.533751369 -0.805162013
vn -0.329955399 -0.496980131 -0.802583516
vn -0.259025186 -0.456841737 -0.851000428
vn -0.258129507 -0.348751515 -0.900967121
vn -0.258610308 -0.348590016 -0.900891721
vn -0.259637207 -0.253724515 -0.931779206
vn -0.282786608 -0.176305547 -0.942840517
vn -0.257606298 -0.170211151 -0.951139927
vn -0.25818491 -0.044159811 -0.965085804
vn -0.337684214 0.000466379861 -0.941259384
vn -0.258334994 0.0450136177 -0.965006113
vn -0.257752091 0.170247257 -0.951093972
vn -0.28392449 0.176567554 -0.942449272
vn -0.259556502 0.258185267 -0.93057549
vn -0.258521289 0.349194556 -0.900682986
vn -0.257593304 0.349036485 -0.901010215
vn -0.258363605 0.457621574 -0.850782514
vn -0.328775108 0.49752906 -0.802727818
vn -0.258425713 0.533651114 -0.805253327
vn -0.258287013 0.634367943 -0.728604972
vn -0.318226486 0.638754725 -0.700517118
vn -0.258419812 0.698669672 -0.667143166
vn -0.257488608 0.771260798 -0.582113862
vn -0.257191598 0.771362007 -0.582111061
vn -0.258067995 0.829393506 -0.495486915
vn -0.302466989 0.853475928 -0.424373537
vn -0.258977592 0.871160209 -0.417146027
vn -0.259341389 0.91810739 -0.299701333
vn -0.33660239 0.905726671 -0.257600337
vn -0.258730412 0.942079604 -0.213411838
vn -0.257950902 0.962055027 -0.0889478177
vn -0.257596701 0.962158203 -0.0888585225
vn -0.259156108 -0.941748619 -0.21435456
vn -0.258230209 -0.961937428 -0.0894083455
vn -0.258784294 -0.961803317 -0.0892475918
vn -0.706220627 -0.704963505 -0.0654148087
vn -0.965708315 -0.249682605 -0.0711768717
vn -0.965768874 -0.249484003 -0.0710519999
vn -0.705310822 -0.681788206 -0.194168568
vn -0.705258906 -0.634571373 -0.316115767
vn -0.705423713 -0.634397626 -0.316096783
vn -0.70545578 -0.565507114 -0.427239776
vn -0.705438972 -0.565522611 -0.427246958
vn -0.705443323 -0.477120429 -0.524124026
vn -0.70538938 -0.47717452 -0.524147213
vn -0.705371678 -0.373176217 -0.602652729
vn -0.70536232 -0.373191923 -0.60265398
vn -0.705280304 -0.255679935 -0.661216676
vn -0.705258012 -0.25568682 -0.661237717
vn -0.705176771 -0.130324826 -0.696951389
vn -0.706611395 -0.129529327 -0.695645392
vn -0.706506073 0.000516201078 -0.707706809
vn -0.705127597 -3.09949009e-08 -0.709080517
vn -0.705058098 0.130754769 -0.696990907
vn -0.705231726 0.130770266 -0.696812272
vn -0.705263615 0.256092072 -0.661074996
vn -0.705375075 0.256087184 -0.660957992
vn -0.705406427 0.373543471 -0.602384627
vn -0.705763996 0.37345916 -0.60201782
vn -0.705816805 0.477298379 -0.523458719
vn -0.705464602 0.477436364 -0.523807406
vn -0.705425024 0.565725625 -0.427001417
vn -0.706261218 0.565253317 -0.42624402
vn -0.706325829 0.633924603 -0.315029323
vn -0.705251515 0.634703398 -0.315867126
vn -0.70529002 0.681876123 -0.193935931
vn -0.705207527 0.681944907 -0.193993837
vn -0.705237925 0.705959916 -0.0652700886
vn -0.7050246 0.706163704 -0.0653712377
vn -0.965700984 0.258551508 -0.0239349119
vn -0.965698004 0.258561999 -0.0239408705
vn -0.96570152 0.249746397 -0.0710445046
vn -0.965653598 0.249932006 -0.0710442662
vn -0.965654492 0.232617199 -0.115761809
vn -0.965302825 0.233950093 -0.116008706
vn -0.965318978 0.208320096 -0.157359019
vn -0.965742886 0.207341596 -0.15604502
vn -0.965739429 0.174817383 -0.191797912
vn -0.965680778 0.175011188 -0.191916212
vn -0.965693295 0.137092888 -0.220549703
vn -0.965699494 0.137093291 -0.220522195
vn -0.965714574 0.0941242427 -0.241942406
vn -0.965374827 0.0942478627 -0.243246406
vn -0.965392888 0.0483462699 -0.256279707
vn -0.965735197 0.0477577299 -0.255097687
vn -0.965734303 0.000348205649 -0.259532511
vn -0.965407193 -1.13976206e-08 -0.260747105
vn -0.965404093 -0.0477961898 -0.256340891
vn -0.9656955 -0.0472953394 -0.255333811
vn -0.965705693 -0.0934870839 -0.242224693
vn -0.965776384 -0.09332335 -0.242005602
vn -0.965784729 -0.136536121 -0.220494702
vn -0.96567452 -0.136659011 -0.220901102
vn -0.965685129 -0.174696609 -0.192180485
vn -0.965735316 -0.174531415 -0.192078978
vn -0.965738773 -0.2070456 -0.15646328
vn -0.965706825 -0.207161605 -0.156506985
vn -0.965710878 -0.232402101 -0.115723096
vn -0.965773106 -0.2321648 -0.115679592
vn -0.25879091 -0.961814225 0.0891114846
vn -0.258106589 -0.962013602 0.0889435261
vn -0.706236124 -0.704969704 0.065179728
vn -0.705926597 -0.705287695 0.0650916919
vn -0.965707183 -0.258534998 0.0238607619
vn -0.965691507 -0.258594513 0.0238497313
vn -0.965679288 -0.249817595 0.0710958838
vn -0.965736091 -0.249631405 0.0709790587
vn -0.965730608 -0.232349202 0.115665704
vn -0.965716422 -0.232388303 0.115705006
vn -0.965715528 -0.207255006 0.156330213
vn -0.706013083 -0.565392971 0.426469743
vn -0.705425024 -0.565725625 0.427001417
vn -0.257726103 -0.771200716 0.582088351
vn -0.257398695 -0.771218181 0.582209945
vn -0.258318692 -0.698798478 0.667047262
vn -0.318331003 -0.638639212 0.700574875
vn -0.25835529 -0.634270966 0.728665113
vn -0.258480608 -0.533746243 0.805172503
vn -0.329244405 -0.49736166 0.802639127
vn -0.258935004 -0.457551956 0.850646198
vn -0.258025408 -0.348939776 0.900924027
vn -0.258496702 -0.348982483 0.900772274
vn -0.259520799 -0.254657567 0.931557
vn -0.282798111 -0.17656365 0.94278878
vn -0.257717788 -0.170455158 0.951066077
vn -0.258300811 -0.0448905379 0.965021014
vn -0.337684214 -0.000214868865 0.941259503
vn -0.258166909 0.0443404093 0.965082407
vn -0.257436514 0.170269549 0.951175511
vn -0.282995492 0.176452249 0.942750275
vn -0.259668797 0.254737139 0.931493998
vn -0.258643389 0.348554224 0.900896072
vn -0.257721901 0.348867744 0.901038706
vn -0.25848791 0.456906736 0.851128876
vn -0.329532087 0.497156143 0.802648485
vn -0.258514494 0.533653259 0.805223405
vn -0.258381397 0.633880377 0.7289958
vn -0.318637699 0.638317883 0.700728476
vn -0.258318692 0.698798478 0.667047143
vn -0.257406205 0.771007717 0.582485318
vn -0.257542312 0.770947576 0.582504749
vn -0.258630604 0.828814387 0.496162385
vn -0.303162187 0.853007317 0.424819171
vn -0.257796496 0.871450186 0.417271674
vn -0.258111507 0.918259978 0.300294876
vn -0.336017489 0.905861676 0.257889181
vn -0.259226888 0.941732705 0.214338258
vn -0.258314908 0.961943686 0.0890953019
vn -0.257576287 0.962122023 0.0893069655
vn -0.70500797 0.706163704 0.0655489191
vn -0.705261588 0.705904126 0.0656168684
vn -0.965695679 0.258561909 0.0240340084
vn -0.965695918 0.258561403 0.0240351986
vn -0.965693772 0.249759406 0.0711040944
vn -0.965678215 0.249810606 0.0711362213
vn -0.965688825 0.232442498 0.115826793
vn -0.706113994 0.633773029 0.315808266
vn -0.706144214 0.564957201 0.426829875
vn -0.70542407 0.565696716 0.427041173
vn -0.705452979 0.477281541 0.523964226
vn -0.705354273 0.47737214 0.524014473
vn -0.705356717 0.373390138 0.602537811
vn -0.705889523 0.372943133 0.602190614
vn -0.705877006 0.255581915 0.660617471
vn -0.704951704 0.256245524 0.661348224
vn -0.705014408 0.130621731 0.697059989
vn -0.705884814 0.130150124 0.696267009
vn -0.705831826 3.09642587e-08 0.708379507
vn -0.705826104 3.0964511e-08 0.708385229
vn -0.705762625 -0.130395964 0.696344793
vn -0.705271602 -0.130295575 0.696860909
vn -0.705336511 -0.255862176 0.661086321
vn -0.705346882 -0.255876482 0.661069691
vn -0.705399275 -0.373345464 0.602515519
vn -0.705730319 -0.373283863 0.602165997
vn -0.705804825 -0.477119684 0.523637772
vn -0.705454171 -0.477263868 0.52397871
vn -0.965686202 -0.174706787 0.192166016
vn -0.965726316 -0.174637884 0.192026719
vn -0.965745211 -0.2071466 0.156290218
vn -0.965682805 -0.136812881 0.220769495
vn -0.965710819 -0.136786178 0.220663607
vn -0.965699077 -0.0934616253 0.242260695
vn -0.965732217 -0.0934575126 0.242130294
vn -0.965720117 -0.0477843098 0.25514999
vn -0.965422809 -0.0476773791 0.256292194
vn -0.965398371 0.000354801421 0.260779411
vn -0.96572721 1.13457137e-08 0.259559602
vn -0.965723574 0.0475780405 0.255175412
vn -0.965390205 0.0481556095 0.256325901
vn -0.965375304 0.0942450166 0.243245393
vn -0.965683401 0.0941414908 0.242060393
vn -0.96566081 0.137020618 0.220736593
vn -0.965687215 0.136943817 0.220668793
vn -0.965680122 0.174965218 0.191961482
vn -0.965737283 0.174770519 0.191851288
vn -0.96573019 0.207077801 0.156474188
vn -0.965388894 0.208305404 0.156949684
vn -0.965376794 0.233625904 0.116045393
vn -0.7052688 0.634667218 0.315901458
vn -0.705313325 0.681791484 0.19414857
vn -0.705185592 0.681927085 0.194135875
vn -0.258822203 -0.829503 0.494910032
vn -0.302747995 -0.853340626 0.424445033
vn -0.258863807 -0.871192873 0.417148143
vn -0.259235799 -0.918082118 0.299870431
vn -0.336761206 -0.905648708 0.257667035
vn -0.258873105 -0.942026496 0.213473052
vn -0.705987811 -0.634114027 0.315405816
vn -0.705249727 -0.634644926 0.31598863
vn -0.705301523 -0.681807101 0.194136634
vn -0.706007719 -0.681203008 0.193689629
vn -0.000181638999 -0.000226358286 1
vn -9.35212011e-05 -0.000220675283 1
vn 6.60518999e-05 -0.000159856281 1
vn -1.91068991e-15 -0.000156768292 1
vn -1.91068991e-15 -0.000156757291 1
vn 6.60613005e-05 -0.000159664283 1
vn -9.35049029e-05 -0.00022377829 1
vn 0.000181520998 -0.000229133293 1
vn -0.000181558004 0.000225687283 -1
vn 5.70314005e-05 0.000225769283 -1
vn 8.81742017e-05 0.00021390029 -1
vn 1.91068991e-15 0.000215174281 -1
vn 1.91068991e-15 0.00021211429 -1
vn -6.22758016e-05 0.000214076281 -1
vn -9.3423303e-05 0.000224816293 -1
vn 0.000181601004 0.000222938281 -1
vn -0.000197485002 -0.980830908 0.19486095
vn -0.000197040004 -0.980831623 0.194857642
vn -0.000167039994 -0.831620216 0.555344939
vn -0.000167482998 -0.831623495 0.555339932
vn -0.000111870999 -0.555576921 0.831465185
vn -0.000111601003 -0.555575311 0.831466198
vn -3.92764996e-05 -0.195514962 0.980700672
vn -3.9373801e-05 -0.195530057 0.980697691
vn 3.92508009e-05 0.194904342 0.980822325
vn 3.91532994e-05 0.194904149 0.980822325
vn 0.00011157 0.555421054 0.831569314
vn 0.00011157 0.555421174 0.831569374
vn 0.000166988 0.831357777 0.555737555
vn 0.000166986996 0.831361771 0.555731535
vn 0.000197030007 0.980768025 0.195177555
vn 0.000197472997 0.980767906 0.195177957
vn -0.000197472997 -0.980767608 -0.195178851
vn -0.000197536006 -0.980767608 -0.195178851
vn -0.000167402002 -0.831194818 -0.555981457
vn -0.000206789002 -0.831345916 -0.555755317
vn -0.000138130999 -0.555354834 -0.831613719
vn -0.000139793003 -0.555346489 -0.831619203
vn -4.90474995e-05 -0.194854051 -0.980832279
vn -4.90476014e-05 -0.194838241 -0.980835378
vn 4.91487008e-05 0.195252359 -0.980753005
vn 3.92092006e-05 0.195167854 -0.980769873
vn 0.000111601003 0.555573761 -0.831467271
vn 0.000111854999 0.555586457 -0.831458688
vn 0.000167418999 0.831627727 -0.555333674
vn 0.000167067003 0.831630111 -0.555330276
vn 0.000197043002 0.980834424 -0.194843248
vn 0.000197486006 0.980835676 -0.194836646
vn 1 -0.000303770008 1.32801227e-11
vn 1 -0.000336522004 0.000123062011
vn 1 -0.000214543004 -3.02605913e-05
vn 1 -0.000188948994 -8.27694894e-05
vn 1 -0.000181312003 -0.000121127996
vn 1 -0.000206162993 -9.73877904e-05
vn 1 -0.000217335997 -4.75987908e-05
vn 1 -0.000215594002 -4.30560904e-05
vn 1 -0.000228282996 9.98047998e-12
vn 1 -0.000215573004 4.29823122e-05
vn 1 -0.000217342997 4.82255127e-05
vn 1 -0.000206227996 9.73784045e-05
vn 1 -0.000181362993 0.000121116005
vn 1 -0.000188955004 8.2841907e-05
vn 1 -0.000214637999 2.8990009e-05
vn 1 -0.000336444995 -0.000122292986
vn 1 -0.000303754001 -1.66449723e-07
vn 1 -2.43699942e-05 0.000121869998
vn 1 -0.000218114001 -3.68973042e-06
vn 1 -0.000339952006 7.5815311e-05
vn 1 -0.000167317994 7.31561426e-12
vn 1 -0.000119589007 -0.000179173003
vn 1 -0.000236613996 -3.27653906e-05
vn 1 -0.000208348007 -9.12443938e-05
vn 1 -0.000280531996 0.000273540005
vn 1 -0.000265531999 0.000258184999
vn 1 -0.000195832996 -4.38370917e-05
vn 1 -0.000194260996 -3.8176393e-05
vn 1 -0.000205705001 8.99356457e-12
vn 1 -0.000194255001 3.83146071e-05
vn 1 -0.000195853005 4.44688085e-05
vn 1 -0.000265464012 -0.00025891501
vn 1 -0.000280340988 -0.000273237005
vn 1 -0.000208387006 8.99835068e-05
vn 1 -0.000236666994 3.40319093e-05
vn 1 -0.000119627992 0.000179477996
vn 1 -0.000167307997 7.31517711e-12
vn 1 -0.000339904014 -7.59709874e-05
vn 1 -0.000218115994 3.58279954e-06
vn 1 -2.42869046e-05 -0.000122213998
vn 0.96540451 -0.258316308 0.0355936922
vn 0.964891076 -0.260308594 0.0349959806
vn 0.964819729 -0.240041703 0.107251905
vn 0.707055926 -0.648379624 0.282269239
vn 0.703655183 -0.6505391 0.285776734
vn 0.257100701 -0.885605693 0.386784017
vn 0.256412804 -0.885631621 0.387181222
vn 0.256339908 -0.957584202 0.131614849
vn 0.256361097 -0.95757699 0.131625637
vn 0.703813314 -0.703837276 0.0962277874
vn 0.703665078 -0.703965783 0.0963728726
vn 0.966081083 -0.236611098 0.103453204
vn 0.965105772 -0.237060606 -0.111233994
vn 0.966215372 -0.232969403 -0.110241994
vn 0.708019674 -0.639216721 -0.300183684
vn 0.708096802 -0.689073324 -0.154197469
vn 0.357533097 -0.911360025 -0.203943849
vn 0.259881288 -0.947808683 -0.184717357
vn 0.260146707 -0.964090824 -0.0534094684
vn 0.387117207 -0.922030509 -0.000298139697
vn 0.260224491 -0.964105606 0.0527614094
vn 0.259735405 -0.947864413 0.184636638
vn 0.356401086 -0.911861598 0.20368275
vn 0.259853214 -0.921810687 0.28764832
vn 0.258599192 -0.874289572 0.410784721
vn 0.257941097 -0.874394715 0.41097483
vn 0.261528492 -0.921379685 -0.287510782
vn 0.260182589 -0.873791397 -0.410845071
vn 0.704680324 -0.641852498 -0.302408665
vn 0.257935911 -0.87414968 -0.411498964
vn 0.966220617 -0.251516491 -0.056190297
vn 0.96634078 -0.251056314 -0.0561809391
vn 0.708108306 -0.689061105 -0.15419957
vn 0.708165288 -0.7060467 -0.000228206132
vn 0.708990991 -0.705217481 3.08260439e-08
vn 0.70895201 -0.68829459 0.153745428
vn 0.708196819 -0.689079583 0.153709531
vn 0.708327174 -0.638878584 0.30017814
vn 0.708341122 -0.638863802 0.300176442
vn 0.966319084 -0.233040407 0.109176807
vn 0.966289103 -0.233151793 0.109205507
vn 0.966328502 -0.2511397 0.0560195521
vn 0.966216624 -0.251530707 0.0561956801
vn 0.966219127 -0.257722408 1.12654091e-08
vn 0.966350198 -0.257230192 -9.89944601e-05
vn 0.256317288 -0.957442582 -0.132684559
vn 0.256541014 -0.957401216 -0.132551253
vn 0.2565808 -0.885572374 -0.387205064
vn 0.257058591 -0.885562122 -0.38691178
vn 0.703414023 -0.651333809 -0.284557372
vn 0.703715384 -0.650975823 -0.284631878
vn 0.96489048 -0.240651995 -0.105228491
vn 0.964942575 -0.240441397 -0.10523209
vn 0.964945972 -0.259962887 -0.0360344499
vn 0.965444922 -0.258253306 -0.0349512473
vn 0.703715324 -0.703837574 -0.0969407186
vn -0.000152156994 -0.904899418 -0.425625563
vn -0.000203001997 -0.904763222 -0.425914764
vn -0.000214012005 -0.954604924 -0.297874779
vn -0.000220135 -0.981445312 -0.191742063
vn -0.000165096004 -0.981533527 -0.191290349
vn -0.000167986 -0.998507977 -0.0546067469
vn -0.000223972005 -0.998468995 -0.0553138964
vn -0.000223840994 -0.99850601 0.0546431951
vn -0.000224129995 -0.99850601 0.0546431951
vn -0.000220247006 -0.981551528 0.191197649
vn -0.000220058995 -0.981550694 0.191202343
vn -0.000214237996 -0.95496732 0.296711326
vn -0.000165959005 -0.954611123 0.29785502
vn -0.000157299 -0.904910505 0.425602019
vn -0.000198000998 -0.905019224 0.425370842
vn 0.965381801 0.238991201 0.104504392
vn 0.965379894 0.2389936 0.104517393
vn 0.965377927 0.25838089 0.0358425193
vn 0.96536082 0.258439898 0.0358806103
vn 0.703918815 0.703531682 0.0976806507
vn 0.70377171 0.703688502 0.0976118073
vn 0.256555587 0.957361996 0.132805958
vn 0.256561786 0.885377526 0.387663275
vn 0.258007705 0.885340273 0.386787474
vn 0.703408778 0.651338518 0.284559876
vn 0.703777492 0.650902212 0.284646362
vn 0.256322205 0.957404315 0.132951856
vn 0.966240525 0.233195201 -0.109541811
vn 0.966408014 0.232571498 -0.109389506
vn 0.966405094 0.250840396 -0.056038443
vn 0.966270328 0.251356989 -0.0560495928
vn 0.966267109 0.257542312 -1.12575327e-08
vn 0.708995223 0.705213308 -3.08258592e-08
vn 0.708073616 0.70613867 0.00025335711
vn 0.387051791 0.922057986 0.000331246702
vn 0.25987491 0.964158177 0.0535158105
vn 0.2593925 0.947954774 0.184654549
vn 0.356207907 0.911926806 0.203729451
vn 0.259850502 0.921849906 0.28752467
vn 0.258579612 0.874044299 0.411318958
vn 0.25881651 0.874005914 0.411251277
vn 0.704661787 0.64177072 0.302625477
vn 0.709189773 0.63819021 0.299605072
vn 0.7091313 0.688113213 0.153730869
vn 0.707999527 0.689156771 0.154271573
vn 0.966273487 0.251298398 0.0562563986
vn 0.966429889 0.250751406 0.0560092181
vn 0.966412485 0.256996214 0.000109509769
vn 0.966266692 0.232797906 0.110154495
vn 0.9656111 0.235225603 0.11074429
vn 0.26003921 0.964155376 -0.0527663007
vn 0.259550899 0.947998822 -0.184205547
vn 0.357913703 0.911289513 -0.203591451
vn 0.261530489 0.921378076 -0.287514031
vn 0.260179192 0.873739302 -0.410957932
vn 0.258096814 0.874414921 -0.410834342
vn 0.708880186 0.638378203 -0.299937129
vn 0.707809091 0.639228702 -0.300654143
vn 0.707883477 0.689398825 -0.153721526
vn 0.708951175 0.688288927 -0.153774634
vn 0.965370297 0.258441508 -0.035611283
vn 0.965373218 0.25843069 -0.0356131829
vn 0.965334713 0.238646701 -0.105720304
vn 0.707596779 0.648115873 -0.28151834
vn 0.703708827 0.650596976 -0.285512924
vn 0.25724569 0.885718405 -0.386429429
vn 0.256593615 0.885733902 -0.386827141
vn 0.25653851 0.9574821 -0.13197054
vn 0.256520808 0.957488 -0.131962538
vn 0.703741074 0.703802884 -0.0970050916
vn 0.703726292 0.703821123 -0.0969803631
vn 0.966031075 0.236738905 -0.103627607
vn 0.000203104995 0.904900074 -0.425624043
vn 0.000152170993 0.905036986 -0.425333023
vn 0.000160616997 0.954604626 -0.29787612
vn 0.000155125002 0.954644799 -0.297747225
vn 0.000159622999 0.981640279 -0.190741539
vn 0.000220244998 0.981542706 -0.191243142
vn 0.000223848998 0.998505771 -0.0546452254
vn 0.000224156 0.998505771 -0.0546464734
vn 0.000223992 0.998462975 0.0554221943
vn 0.000229622994 0.998467028 0.0553509071
vn 0.000225654003 0.981551528 0.191197559
vn 0.000225654003 0.981551528 0.191197559
vn 0.000219374997 0.954644799 0.297747284
vn 0.000214155996 0.954604626 0.297875971
vn 0.000202879994 0.904836416 0.425759584
vn 0.000147240993 0.904685676 0.426079571
vn 0.966123819 -0.258079499 -5.90573181e-05
vn 0.966034591 -0.258413106 -7.27520091e-05
vn 0.707012117 -0.7072016 -5.31303886e-05
vn 0.707108021 -0.707105577 -4.77409922e-05
vn 0.258606195 -0.965982914 -0.000230325764
vn 0.256521404 -0.966538608 -0.000145515762
vn -0.000200459006 -0.916258574 0.400587618
vn -0.000200459006 -0.916258574 0.400587618
vn -0.000216683999 -0.990649521 0.136431947
vn -0.000222218994 -0.990635693 0.136532351
vn -0.256351709 -0.885648429 0.387183338
vn -0.256755412 -0.88545388 0.387360424
vn -0.70382452 -0.650820911 0.284716129
vn -0.703656018 -0.651022196 0.284672439
vn -0.965331793 -0.239159599 0.104582109
vn -0.965356529 -0.258492202 0.0356196798
vn -0.965358973 -0.258482993 0.0356171206
vn -0.703796923 -0.703750074 0.0969837606
vn -0.703582823 -0.703978717 0.0968774781
vn -0.256720692 -0.957460403 0.131773651
vn -0.256359488 -0.957530379 0.13196744
vn -0.965335786 -0.239153594 0.104558706
vn -0.000224204006 -1 -0.000225813288
vn -0.000168305996 -1 -0.000150527281
vn 0.941810489 -0.222520381 0.25194779
vn 0.940787673 -0.251330405 0.22748971
vn 0.68264401 -0.682744503 0.260493934
vn 0.682739615 -0.682699382 0.260361642
vn 0.249793202 -0.941259027 0.227232948
vn 0.220364496 -0.9422369 0.252248734
vn 0.187806994 -0.731154978 0.655851364
vn 0.0183821898 -0.707009017 0.706965685
vn 0.129647404 -0.256760657 0.95773977
vn 0.225324199 -0.226017252 0.947705209
vn 0.256357193 -0.129541561 0.957862198
vn 0.706985772 -0.0185020175 0.706985772
vn 0.731289506 -0.18963927 0.655173779
vn 0.4974491 -0.498779178 0.70976311
vn 0.497600287 -0.497668773 0.710436225
vn -0.257800102 -0.966198325 -0.00021813577
vn -0.258625209 -0.965977788 -0.000251943769
vn -0.707106829 -0.707106829 -0.000106148094
vn -0.707106829 -0.707106829 -0.000106563093
vn -0.965987325 -0.258589506 -0.000144727688
vn -0.966679275 -0.255990505 -3.92248112e-05
vn -5.88789007e-05 -0.258550256 0.965997875
vn -4.50145017e-05 -0.259006679 0.965875626
vn -0.000122989004 -0.707092524 0.707121134
vn -0.000122939993 -0.707092464 0.707121134
vn -0.000167965001 -0.965939879 0.258766532
vn -0.000162461001 -0.965981126 0.258612931
vn 0.966073215 -0.00026585572 0.258268297
vn 0.966030478 -0.000269911718 0.258428186
vn 0.707100928 -0.000220715097 0.70711273
vn 0.708043277 -0.000261695124 0.706169128
vn 0.258534312 -0.000320898776 0.966002107
vn 0.256563097 -0.000263712747 0.966527522
vn 0.965983987 0.258602113 5.80433953e-05
vn 0.96611172 0.258124202 3.8275517e-05
vn 0.707143128 0.707070529 0.000104841092
vn 0.706163824 0.708048522 0.000159836054
vn 0.258610398 0.965981722 0.000218074769
vn 0.260385603 0.965504825 0.000145279802
vn 0.000149083004 0.916451097 0.400146872
vn 0.000205420001 0.916036785 0.401094258
vn 0.000222083007 0.990496278 0.137539759
vn 0.000222293005 0.990496278 0.137539759
vn -0.257989198 0.874061227 0.41165328
vn -0.259237796 0.873859882 0.411296576
vn -0.708040476 0.639017403 0.300558567
vn -0.708010077 0.689151525 0.154246375
vn -0.966414392 0.250784308 0.0561291389
vn -0.96639818 0.257049799 0.000100394769
vn -0.966267109 0.257542312 -1.12575362e-08
vn -0.966268599 0.251363099 -0.0560510829
vn -0.708014429 0.689270079 -0.153695628
vn -0.706968606 0.690228283 -0.15420863
vn -0.356840312 0.911689579 -0.203683645
vn -0.260339707 0.921726584 -0.287477732
vn -0.259107709 0.874290228 -0.410463125
vn -0.257171988 0.874596417 -0.41102764
vn -0.704641283 0.64213711 -0.301895231
vn -0.706897318 0.640370011 -0.300370932
vn -0.966391981 0.232401296 -0.109891407
vn -0.9664042 0.25084421 -0.0560370721
vn -0.965545595 0.235542506 -0.110641807
vn -0.260042697 0.947774827 -0.184664041
vn -0.260530293 0.964033484 -0.0525696613
vn -0.387071908 0.922049522 0.00033159068
vn -0.2605398 0.963993609 0.0532507375
vn -0.26006189 0.947778106 0.184619755
vn -0.357124001 0.911577404 0.20368886
vn -0.260506302 0.921645403 0.287586778
vn -0.707079172 0.690116107 0.154203877
vn -0.70709908 0.707114518 -3.09089643e-08
vn -0.70804131 0.706170976 0.000254445127
vn -0.966281772 0.251291901 0.0561421998
vn -0.966291428 0.232930407 0.109655991
vn -0.708934307 0.638103306 0.300394058
vn -0.966305077 0.232879594 0.109643295
vn 0.000205495002 0.916422188 -0.400213122
vn 0.000205609002 0.916413605 -0.400232822
vn 0.000222230999 0.99063462 -0.136539549
vn -0.965328276 0.239132598 -0.104675606
vn -0.965389192 0.238968998 -0.104487807
vn -0.96538198 0.258400589 -0.0355919115
vn -0.965361416 0.2584728 -0.0356281996
vn -0.70382148 0.703721702 -0.0970109999
vn -0.70367533 0.703877926 -0.0969391689
vn -0.256547809 0.957493305 -0.131870538
vn -0.256610215 0.88573271 -0.386819035
vn -0.256361991 0.885728478 -0.386992931
vn -0.70341301 0.651336074 -0.284555018
vn -0.703739107 0.650946677 -0.284639418
vn -0.256376892 0.957525194 -0.131971046
vn -0.258634001 0.965975404 0.000145370766
vn -0.2586312 0.965976179 0.000145411774
vn -0.706161797 0.708050609 0.000106550047
vn -0.707154691 0.707058907 0.000161742093
vn -0.96611321 0.258119106 5.92342185e-05
vn -0.965976179 0.2586312 3.77984943e-05
vn -0.965380609 0.258371204 0.035841208
vn -0.965378523 0.258379191 0.0358422771
vn -0.965336502 0.238641605 0.105715692
vn -0.707596719 0.64812851 0.281489879
vn -0.703715503 0.650590181 0.285511583
vn -0.257097304 0.885761499 0.386429369
vn -0.256627202 0.885757208 0.386751473
vn -0.256585509 0.957335711 0.132937059
vn -0.256515592 0.957359195 0.132902458
vn -0.703692913 0.703754723 0.0977024138
vn -0.703779221 0.703680873 0.0976113901
vn -0.966078877 0.236614406 0.103465892
vn 0.000224221003 1 0.000150468288
vn 0.000168319006 1 0.000225759286
vn 0.258276612 0.957483709 0.128523454
vn 0.706102312 0.707867026 0.0185409989
vn 0.730780125 0.655366421 0.19093287
vn 0.941795528 0.2516357 0.222936884
vn 0.94078362 0.22731261 0.251506001
vn 0.683626473 0.260347635 0.681816697
vn 0.683627188 0.260348529 0.681815684
vn 0.249860197 0.227115348 0.941269577
vn 0.220805094 0.251806825 0.942251801
vn 0.189197704 0.655976176 0.73068428
vn 0.0185084306 0.707892478 0.706077754
vn 0.128469601 0.957505703 0.258222163
vn 0.226469293 0.947331071 0.226440862
vn 0.498647213 0.709058523 0.498585165
vn 0.498800606 0.709728479 0.497477084
vn -0.966548979 0.256482214 3.8248887e-05
vn -0.96598351 0.258603811 -4.80267045e-05
vn -0.706213474 0.70799911 0.000159906049
vn -0.707057476 0.707156122 0.000207571095
vn -0.2588121 0.96592772 0.000123763792
vn -0.256495506 0.966545522 0.000218274756
vn 5.77462997e-05 0.258139729 0.966107607
vn 4.32324996e-05 0.258618534 0.965979576
vn 0.000118347001 0.70803386 0.706178546
vn 0.000158601993 0.707113683 0.707099915
vn 0.000216572007 0.965504527 0.260386467
vn 0.000162461001 0.965981007 0.258612961
vn -1.91068991e-15 -0.00021670328 1
vn -1.91068991e-15 -0.000215102293 1
vn -0.258665711 -0.00015307877 0.96596688
vn -0.258554101 -0.000148478764 0.965996802
vn -0.707100987 3.09088826e-08 0.70711261
vn -0.707098186 -4.28953996e-07 0.707115471
vn -0.965986729 0.000150899301 0.258591801
vn -0.96598053 0.000150952314 0.258614898
vn -0.941289425 0.249801815 0.227098182
vn -0.942283392 0.220151916 0.252260208
vn -0.731169105 0.187625825 0.655887604
vn -0.706955791 0.0182031617 0.707023501
vn -0.25650689 0.128859147 0.957914174
vn -0.225253999 0.225335941 0.947884202
vn -0.128832102 0.256419122 0.957941413
vn -0.0182104092 0.706956148 0.707022965
vn -0.1876854 0.731434584 0.655574262
vn -0.220174894 0.942276776 0.252264678
vn -0.249797001 0.941286325 0.227115661
vn -0.681908429 0.683524191 0.260376155
vn -0.681837678 0.683610499 0.260334462
vn -0.497478187 0.498684734 0.709809303
vn -0.497627288 0.497644037 0.710434675
vn -0.256363302 -0.129852861 0.957818508
vn -0.70697701 -0.0183154587 0.706999421
vn -0.731170416 -0.18754977 0.65590781
vn -0.942393422 -0.22011438 0.251881808
vn -0.941432118 -0.249325886 0.227029413
vn -0.682723224 -0.682716489 0.260360032
vn -0.681569397 -0.683381915 0.261633933
vn -0.251035601 -0.940800428 0.22776264
vn -0.222135097 -0.94179821 0.252333641
vn -0.189319193 -0.731659472 0.654853284
vn -0.0177975204 -0.706950128 0.707039475
vn -0.128693402 -0.256434768 0.957955778
vn -0.225645393 -0.224989057 0.947873473
vn -0.499278098 -0.497891366 0.709101915
vn -0.4969244 -0.498301566 0.710465789
vn 0.966201425 0.257788807 3.93352348e-05
vn 0.965983629 0.258603394 7.27525912e-05
vn 0.707154214 0.707059383 5.32626909e-05
vn 0.707057297 0.70715642 5.84776899e-05
vn 0.258787096 0.965934515 0.00023958979
vn 0.258262187 0.966074824 0.000218163768
vn 0.000168183004 1 0.000225812284
vn 0.000224325995 1 0.000150527281
vn 0.135804206 0.256247967 -0.957023621
vn 0.02297258 0.706931353 -0.70690906
vn 0.189361602 0.730374813 -0.656273663
vn 0.222460195 0.941776872 -0.252126634
vn 0.251496196 0.940753877 -0.227446139
vn 0.682755411 0.682658315 -0.260428339
vn 0.682705998 0.682739496 -0.260344535
vn 0.940917909 0.2510432 -0.227268517
vn 0.941937208 0.220114678 -0.253581911
vn 0.731502116 0.187714875 -0.655490577
vn 0.707864881 0.0228715781 -0.705977619
vn 0.256268203 0.135165155 -0.957108796
vn 0.226382494 0.226867259 -0.947249889
vn 0.49726361 0.498482972 -0.710101187
vn 0.497402191 0.497480959 -0.710706472
vn 4.31504996e-05 0.258227378 -0.966084182
vn 5.80232008e-05 0.258618474 -0.965979576
vn 0.000158879993 0.70803386 -0.706178486
vn 0.000118914999 0.70708245 -0.707131147
vn 0.000162461001 0.965981126 -0.25861302
vn 0.000162444994 0.965987802 -0.258588225
vn 0.966031313 -0.000156067297 -0.258425295
vn 0.965507627 -9.84819781e-05 -0.260374814
vn 0.707100689 3.82317921e-05 -0.707113028
vn 0.708050489 -3.27743737e-06 -0.706161797
vn 0.258641511 0.000150118765 -0.965973377
vn 0.258639991 0.000148300765 -0.965973914
vn 0.966123521 -0.258080393 -3.80989186e-05
vn 0.966034472 -0.258413613 -2.44601033e-05
vn 0.706917226 -0.707296312 -0.000213029081
vn 0.707108915 -0.707104683 -0.000223518087
vn 0.258606195 -0.965982914 -0.000140345772
vn 0.256701499 -0.966490805 -0.000218179761
vn -0.000222094997 -0.990495205 -0.137547061
vn -0.000222304996 -0.990496278 -0.137539357
vn -0.000205603996 -0.916249812 -0.400607258
vn -0.000153981993 -0.915872574 -0.40146926
vn -0.965557873 -0.235479906 0.110667311
vn -0.966809094 -0.230825707 0.109543607
vn -0.707290709 -0.63989979 0.30044663
vn -0.707184017 -0.689963102 0.154407933
vn -0.356849909 -0.911659122 0.203803346
vn -0.259594798 -0.947900772 0.184647352
vn -0.260064811 -0.964148521 0.0527640916
vn -0.386312515 -0.92236799 4.03179961e-08
vn -0.260154396 -0.964126408 -0.0527265184
vn -0.2598975 -0.947718918 -0.185154557
vn -0.356463313 -0.911729813 -0.204163253
vn -0.260346591 -0.921687305 -0.287597358
vn -0.259082407 -0.87396121 -0.411179066
vn -0.259728998 -0.873755217 -0.411208779
vn -0.709311604 -0.637788177 -0.300172269
vn -0.707681596 -0.639083683 -0.30126217
vn -0.966759622 -0.231166393 -0.109260991
vn -0.966770828 -0.249412894 -0.0561034493
vn -0.966390014 -0.250877708 -0.0561314076
vn -0.966400325 -0.257041603 -0.000100355763
vn -0.966268003 -0.257538706 1.12573755e-08
vn -0.966269016 -0.251357704 0.0560693815
vn -0.708948672 -0.688344419 0.153537631
vn -0.709006727 -0.705201685 3.08253512e-08
vn -0.708995581 -0.70521301 3.08258485e-08
vn -0.708920419 -0.688210309 -0.154268071
vn -0.70789063 -0.689279795 -0.154221669
vn -0.966246128 -0.233082905 -0.109730795
vn -0.966867924 -0.249054193 0.0560232997
vn -0.261851102 -0.921648204 0.286354244
vn -0.260534495 -0.8738994 0.410392225
vn -0.705044508 -0.641668677 0.301949739
vn -0.257180899 -0.874429107 0.411378235
vn -0.966028273 -0.236755997 -0.103613891
vn -0.965338409 -0.238637894 -0.105705895
vn -0.707951188 -0.647813976 -0.281322271
vn -0.703636706 -0.65054512 -0.285808682
vn -0.25889951 -0.885156214 -0.386613071
vn -0.256568402 -0.885214508 -0.388031185
vn -0.256571501 -0.957340181 -0.132932156
vn -0.256329507 -0.957421482 -0.132812858
vn -0.703744829 -0.703714013 -0.0976212323
vn -0.703739405 -0.703719914 -0.0976174697
vn -0.965366721 -0.258422196 -0.0358501486
vn -0.965379179 -0.258379698 -0.0358173102
vn -1 0.000215571999 -4.45843107e-05
vn -1 0.000228274002 -9.98008707e-12
vn -1 0.000215578999 4.20776887e-05
vn -1 8.65343827e-05 -0.000373241986
vn -1 0.000254426006 -0.000247265009
vn -1 0.000188960999 8.16399915e-05
vn -1 0.000214590007 3.02449916e-05
vn -1 0.000108460008 0.000164323996
vn -1 0.000151746004 -6.63494086e-12
vn -1 0.000339313992 -8.37125117e-05
vn -1 0.000212864004 -9.30649394e-12
vn -1 2.43946943e-05 -0.000121869998
vn -1 0.000304034009 -1.32916629e-11
vn -1 0.000336419005 0.00012476799
vn -1 0.000215442007 -3.52931092e-05
vn -1 0.000189658997 -8.16414104e-05
vn -1 0.000182047006 -0.000120564007
vn -1 0.000206993005 -9.73781061e-05
vn -1 0.000218154993 -5.01044124e-05
vn -1 0.000216378001 -4.12407098e-05
vn -1 0.000229127996 -2.56834005e-06
vn -1 0.000216394998 4.319449e-05
vn -1 0.000218140995 5.01035902e-05
vn -1 0.000206933997 9.7387594e-05
vn -1 0.000182033997 0.000121156991
vn -1 0.000189696002 8.15846943e-05
vn -1 0.000215374996 3.53112882e-05
vn -1 0.000336538011 -0.00012282902
vn -1 0.000304106012 3.32988691e-07
vn -1 2.43116046e-05 0.000122529993
vn -1 0.000212863 -4.27805304e-07
vn -1 0.000339155988 8.30520876e-05
vn -1 0.000151735003 -6.63445991e-12
vn -1 0.000108495995 -0.000163388002
vn -1 0.000214637999 -3.02504086e-05
vn -1 0.000188994003 -8.15852109e-05
vn -1 0.000254254002 0.000247794
vn -1 8.63738169e-05 0.000375794014
vn -0.70609951 0.707866788 -0.0186600909
vn -0.256459504 0.957823277 -0.129627243
vn -0.225672394 0.94784677 -0.225074545
vn -0.128839597 0.957929015 -0.25646162
vn -0.0185257699 0.707923055 -0.706046581
vn -0.190924093 0.655383646 -0.730767012
vn -0.222923696 0.251586556 -0.941811681
vn -0.251072198 0.227735355 -0.94079721
vn -0.68170768 0.260856271 -0.683541179
vn -0.681726813 0.260756373 -0.683560371
vn -0.941327572 0.227470785 -0.249318212
vn -0.942272425 0.251787096 -0.220739722
vn -0.730397582 0.656324327 -0.189097732
vn -0.498316199 0.710404575 -0.496997416
vn -0.497943491 0.709060609 -0.499285042
vn -0.000168183004 -1 -0.000150456282
vn -0.000224449002 -1 -0.000225742289
vn 1.91068991e-15 0.000213924286 -1
vn 1.91068991e-15 0.000210297279 -1
vn 0.220360801 -0.942237318 -0.252249777
vn 0.249992505 -0.941242218 -0.227083862
vn 0.682714701 -0.682781577 -0.260211259
vn 0.682513714 -0.682878792 -0.260483474
vn 0.940794528 -0.251304686 -0.227490589
vn 0.941815972 -0.221987709 -0.252396494
vn 0.730604887 -0.189011633 -0.656118274
vn 0.706915021 -0.0229524616 -0.706926107
vn 0.256266803 -0.13516444 -0.957109213
vn 0.226362497 -0.226955846 -0.947233379
vn 0.135910407 -0.256228328 -0.957013905
vn 0.0230394602 -0.706896782 -0.706941545
vn 0.187644497 -0.730222225 -0.656936049
vn 0.496204108 -0.497636616 -0.711434722
vn 0.497429699 -0.497401237 -0.710743129
vn -0.258289486 0.000260650762 -0.966067612
vn -0.258658707 0.000250243756 -0.965968728
vn -0.70615381 0.000375117059 -0.708058417
vn -0.707091987 0.000338443089 -0.707121491
vn -0.965986073 0.0001987297 -0.258593887
vn -0.966558814 0.000259961787 -0.256445199
vn -4.40803997e-05 -0.258614242 -0.965980828
vn -4.49582003e-05 -0.258642524 -0.965973198
vn -0.000122939993 -0.707092762 -0.707120955
vn -0.000122882993 -0.707142174 -0.707071424
vn -0.000167892998 -0.965981126 -0.258612871
vn -0.000162452998 -0.965933681 -0.258789659
vn -0.257800102 -0.966198325 -0.000145453771
vn -0.258626014 -0.965977609 -0.000111521775
vn -0.707106829 -0.707106829 -0.000160018099
vn -0.707106173 -0.707107484 -0.00015944909
vn -0.965985894 -0.258594692 4.79114024e-05
vn -0.966560006 -0.25644061 -3.88976914e-05
vn -0.256538898 -0.134673148 -0.957105577
vn -0.706916809 -0.0228411816 -0.706927896
vn -0.730465114 -0.186987236 -0.656853616
vn -0.94229728 -0.21961461 -0.252676398
vn -0.941304982 -0.24973461 -0.22710678
vn -0.682749927 -0.682686329 -0.260368973
vn -0.681569695 -0.683382213 -0.261632264
vn -0.251009494 -0.940812171 -0.227742255
vn -0.222134501 -0.941798806 -0.252331674
vn -0.188932806 -0.729660273 -0.657191157
vn -0.0274354797 -0.706844866 -0.706836343
vn -0.136612907 -0.256243229 -0.956909776
vn -0.226809904 -0.226827547 -0.947157204
vn -0.496846914 -0.496927321 -0.711481929
vn -0.496669203 -0.49805963 -0.71081388
vn -1 0 -1.91068991e-15
vn -0.999999881 0.00045857401 -2.00468218e-11
vn -0.999999881 0.000458569004 -2.00466033e-11
vn -1 0 -1.91068991e-15
vn -0.999999881 0.000491752988 2.02981496e-07
vn -1 0.000491780986 -2.14983448e-11
vn -1 0 -1.91068991e-15
vn -1 0.000317358004 -1.38740729e-11
vn -1 0.000317305006 1.28939135e-07
vn -1 0.000522509974 -0.000101479025
vn -1 0.000271027006 -1.18488804e-11
vn -0.999999702 -0.000556850981 0.000537529006
vn 1.81114992e-05 0.0820275322 0.996630073
vn -0.00336617208 0.112841748 0.993607283
vn 0.00220322609 0.244207039 0.969720721
vn -0.00558763696 0.352438241 0.935818493
vn -0.0123416102 0.409495831 0.912228703
vn -0.0118791396 0.406618834 0.913520694
vn 0.000112310998 0.507335484 0.861748695
vn 0.000135092996 0.610288978 0.792178929
vn -0.00893843081 0.71913594 0.694811821
vn -0.00382459094 0.737160385 0.675706923
vn 0.000205930002 0.829124212 0.559064448
vn 0.000193843996 0.927129328 0.374741584
vn -0.0336668417 0.868908405 0.493826658
vn -0.0247471891 0.892741919 0.449888468
vn -0.0190834403 0.906939983 0.420827478
vn -0.00810045004 0.935106695 0.354273856
vn -0.00284367707 0.958393514 0.285436481
vn 0.000142781006 0.972123325 0.234470248
vn 0.000214913001 1 0.000275231287
vn -0.0349385105 0.988945305 0.144106254
vn -0.0148323104 0.999151886 0.0384148471
vn -0.000174435001 0.9940992 -0.108475544
vn 0.000665972009 0.961107492 -0.27617383
vn -0.0198566299 0.899952114 -0.435536534
vn -0.00468903687 0.927225173 -0.374474823
vn 0.000124487997 0.851334274 -0.524623752
vn 0.000120942997 0.827337384 -0.56170547
vn -0.00334864808 0.748879373 -0.662697852
vn -0.0107917096 0.719413817 -0.694497883
vn 9.15120036e-05 0.625241756 -0.780431211
vn 7.55708024e-05 0.516532242 -0.85626781
vn -0.0112455999 0.406865776 -0.913418829
vn 0.00141078199 0.33592397 -0.941887975
vn -0.00117874099 0.113312356 -0.993558824
vn 2.33627998e-05 0.104840852 -0.994489074
vn -0.244516 0.807963073 0.536104262
vn -0.160909399 0.865528822 0.474308074
vn -0.0181991402 0.888293803 0.458915174
vn -0.0286925994 0.892965674 0.449209481
vn -0.0236419402 0.907208085 0.42001757
vn -0.25934419 0.880677223 0.396419376
vn -0.138293102 0.937829018 0.318357974
vn -0.386137396 0.879106879 0.279408157
vn -0.36607641 0.911665022 0.186695158
vn -0.158600897 0.974228084 0.160391748
vn -0.2033692 0.972767174 0.111198053
vn -0.234012902 0.963878512 0.127185449
vn -0.348535091 0.937102377 0.019039169
vn -0.2949664 0.955247521 -0.0222964603
vn -0.522428989 0.845916927 -0.107204139
vn -0.52330327 0.846392393 -0.0988620296
vn -0.170243993 0.971776128 -0.163303941
vn -0.375640303 0.90891552 -0.181016639
vn -0.310527295 0.930790603 -0.192877248
vn -0.0661400482 0.941437185 -0.33063814
vn -0.26597631 0.89426738 -0.359920233
vn -0.285149902 0.834755003 -0.471034735
vn -0.0760352612 0.882105529 -0.464874744
vn -0.192787796 0.843877912 -0.500702679
vn -0.244685799 0.806293428 -0.538534939
vn -0.217808902 0.972965002 -0.0768022984
vn -0.611917078 0.751210809 -0.247466728
vn -0.596030712 0.714208126 -0.366952717
vn -0.640597999 0.681573093 -0.353684127
vn -0.794730484 0.555722117 -0.244083226
vn -0.950816393 0.290697604 -0.106972612
vn -0.965053678 0.254352808 -0.0630573109
vn -0.812513709 0.578405619 -0.072584942
vn -0.764152825 0.634490728 -0.116155431
vn -0.664506972 0.746710122 -0.0292302035
vn -0.60999018 0.773153126 -0.173626825
vn -0.397933096 0.872755527 -0.282749444
vn -0.484610587 0.874196291 0.0305510312
vn -0.636633098 0.768157423 0.0680632144
vn -0.604771197 0.790828526 0.0940325409
vn -0.857843101 0.509823978 0.0646891892
vn -0.85274142 0.505180418 0.13275899
vn -0.966525316 0.243893594 0.0796542615
vn -0.794280171 0.558136702 0.240005076
vn -0.628415406 0.692510426 0.354292959
vn -0.59576273 0.716001213 0.363880873
vn -0.271864086 0.840227902 0.469155669
vn -0.596023917 0.784083724 0.173113376
vn 0.00773721887 0.971694529 0.236114457
vn -0.0852729604 0.960368216 0.265370458
vn -0.101028003 0.937558711 0.332832158
vn -0.968880475 0.182533205 0.167188987
vn -0.969045103 0.181989297 0.166827589
vn -0.969025195 0.135267109 0.206622794
vn -0.968972623 0.135408118 0.2067772
vn -0.798155308 0.329493344 0.504363418
vn -0.702955127 0.377629638 0.60270232
vn -0.596093118 0.438943326 0.672310829
vn -0.0698496103 0.54537636 0.835275888
vn -0.244647905 0.492077827 0.835468113
vn -0.244413599 0.59171766 0.768200815
vn -0.242718101 0.715125203 0.655502737
vn -0.242727906 0.715111673 0.655513823
vn -0.596985996 0.59150368 0.541969717
vn -0.702812672 0.5333727 0.47070998
vn -0.798357129 0.443891734 0.406923056
vn -0.245330602 0.39358443 0.8859483
vn -0.254971892 0.398366839 0.881075025
vn -0.597856224 0.285669029 0.748973429
vn -0.650517225 0.273144722 0.708674371
vn -0.799128473 0.214327529 0.561655998
vn -0.891741097 0.190457821 0.410516292
vn -0.968095422 0.0596671812 0.243374705
vn -0.329771399 0.321270734 0.887713909
vn -1 -5.26311477e-14 -1.20406003e-06
vn -1 2.76680907e-14 6.32971989e-07
vn -1 1.75701467e-14 4.01958005e-07
vn -1 5.6141608e-14 1.28437e-06
vn -0.999985874 0.00323843933 0.0042202468
vn -0.119355403 4.33989342e-08 0.992851675
vn -0.128599003 0.109864846 0.985592306
vn -0.120828599 0.106215142 0.986974597
vn -0.164415494 0.27208972 0.948121727
vn -0.502064526 0.147893429 0.852090776
vn -0.528938293 0.280698121 0.800895095
vn -0.822810173 0.142654836 0.550121009
vn -0.829948604 0.229719311 0.508345008
vn -0.980942786 0.0659665465 0.182755694
vn -0.981348515 0.0816662982 0.174027905
vn -0.981098294 0.103261106 0.163656205
vn -0.980191708 0.10954161 0.1650002
vn -0.980511606 0.145792693 0.131688103
vn -0.821472883 0.440770537 0.361806363
vn -0.806626022 0.470461637 0.357799262
vn -0.517919421 0.699554026 0.492324769
vn -0.4718813 0.746379316 0.469303668
vn -0.1904127 0.848320901 0.494059563
vn -0.0875239298 0.939529121 0.331096381
vn -0.163519204 0.938451588 0.30425328
vn -0.0856978819 0.99007839 0.111358754
vn -0.244576901 0.967630327 0.0622403175
vn -0.466642588 0.873479724 0.138844863
vn -0.706442416 0.706418574 0.0437273607
vn -0.803094506 0.586199999 0.106812075
vn -0.969119012 0.2462648 0.0127324285
vn -0.978427708 0.203870296 0.0334079713
vn -0.978214324 0.186525106 0.0911335796
vn -0.978529811 0.185674399 0.0894679353
vn -0.980123878 0.146254107 0.134040803
vn -0.812950373 0.530780792 0.239548668
vn -0.798692524 0.555446029 0.231451973
vn -0.493532807 0.81024611 0.316111773
vn -0.453647912 0.841551483 0.293248564
vn -0.106709003 0.836099625 0.53809917
vn -0.199370801 0.726402521 0.657716334
vn -0.165951297 0.711640179 0.682662845
vn -0.1689827 0.627880037 0.759744525
vn -0.202156305 0.579817176 0.789268792
vn -0.132844195 0.507934451 0.85109061
vn -0.192846999 0.424149126 0.8848207
vn -0.135740802 0.308196634 0.941588819
vn -0.513749123 0.308639526 0.800502121
vn -0.539750814 0.419668943 0.729758322
vn -0.820421278 0.253917336 0.512284219
vn -0.827668011 0.336804122 0.448919713
vn -0.814446211 0.36670813 0.44966957
vn -0.534365773 0.565137029 0.628548801
vn -0.493334204 0.617228627 0.612903118
vn -0.508779228 0.467382818 0.722977996
vn -0.983983099 0.0409720577 0.173489898
vn -0.981184423 0.0262771882 0.191276699
vn -0.826067924 0.133320227 0.547574282
vn -0.819225013 0.0427174158 0.571879089
vn -0.492101312 0.169259042 0.85392499
vn -0.486548305 0.120666936 0.865280509
vn -0.342369586 0.0579547621 0.937776327
vn -0.547576189 0.0507836081 0.835213423
vn -0.749207973 0.00299969176 0.662328124
vn -0.812996328 0.10365922 0.572967589
vn -0.880280316 0.00759246014 0.474393308
vn -0.964245677 -0.0121093793 0.264733195
vn -0.975061119 0.0504922308 0.216116607
vn -0.979918301 -0.00584327197 0.199314296
vn -0.981057107 0.00849915296 0.193532795
vn -0.812897503 0.0636514649 0.578918278
vn -0.324551105 0.216713145 0.920707405
vn -0.356552005 0.223401248 0.907172918
vn -0.645129085 0.16051203 0.747023702
vn -0.877932906 0.0841106921 0.471337795
vn -0.888697922 0.0686809644 0.453319997
vn -0.849023402 0.0275428426 0.527637124
vn -0.831606209 0.0393159576 0.553972423
vn -0.320013702 0.0591240898 0.945566416
vn -0.351353794 0.0693052784 0.933673978
vn -0.832180977 -0.0176819861 0.554222226
vn -0.860580802 -0.0370690562 0.507963181
vn -0.848826408 -0.0698730648 0.524034202
vn -0.890165627 -0.0781140104 0.448891491
vn -0.631166101 -0.163174465 0.758289874
vn -0.354782194 -0.229477555 0.906349719
vn -0.305065006 -0.220143855 0.926537693
vn -0.349212408 -0.0691496357 0.934488714
vn -0.320002407 -0.0597300678 0.945532084
vn -0.964029074 0.0239646509 0.264714301
vn -0.875024498 -0.109369576 0.47156179
vn -0.930372119 0.0126175955 0.366399407
vn -0.915963709 8.25465395e-05 0.401261389
vn -0.924847901 -0.00748584932 0.380263686
vn -0.87910682 0.0520858914 0.473770291
vn -0.964178801 -0.0171747096 0.264696687
vn -0.749755025 2.78915231e-05 0.661715627
vn -0.749211371 0.000129051958 0.662330925
vn -0.54652667 4.74223052e-05 0.837441683
vn -0.548284829 -0.000195423447 0.836291671
vn -0.3443892 -0.000274348975 0.938826919
vn -0.343021005 -9.27825386e-05 0.939327717
vn -0.1193408 -0.0001396156 0.992853403
vn -0.119355902 -0.00014846561 0.992851615
vn -0.968133628 -0.0595376901 0.2432542
vn -0.892401218 -0.189594582 0.409480214
vn -0.800092816 -0.213892072 0.560447812
vn -0.63617301 -0.278378457 0.719575882
vn -0.596965015 -0.286115885 0.749513626
vn -0.241071507 -0.391380161 0.888091207
vn -0.245829701 -0.393775463 0.885725021
vn -0.310268193 -0.324284375 0.893629313
vn -1.81115993e-05 -0.0820277482 0.996630073
vn -0.003469944 -0.113322258 0.993552327
vn 0.00207596994 -0.245441258 0.969409406
vn -0.00568401814 -0.352604568 0.935755193
vn -0.0124472296 -0.40924558 0.912339389
vn -0.0120152803 -0.40675047 0.913460374
vn -7.61379997e-05 -0.507357061 0.86173588
vn -9.16174977e-05 -0.610835433 0.791757584
vn -0.00919395592 -0.719574749 0.694354177
vn -0.00414210511 -0.737382174 0.67546314
vn -0.000186977995 -0.828639925 0.559782267
vn -0.000191838 -0.850213706 0.526437938
vn -0.00510179903 -0.927217722 0.374488443
vn -0.0201695506 -0.900104105 0.435207933
vn 0.000279941014 -0.961128771 0.276100338
vn -0.000585931994 -0.994096279 0.108499847
vn -0.0152479997 -0.999145091 -0.0384259969
vn -0.0353348814 -0.988942206 -0.144030556
vn -0.000139287993 -1 4.37113989e-08
vn -0.000201706003 -0.972140372 -0.234399348
vn -0.00318097998 -0.958424926 -0.285327256
vn -0.00843161345 -0.935135603 -0.354190081
vn -0.0198379103 -0.905732572 -0.423385262
vn -0.0225923005 -0.898886621 -0.437598765
vn -0.0338978693 -0.869132519 -0.49341616
vn -0.000246406009 -0.927027702 -0.374992967
vn -0.000202648007 -0.827029407 -0.562158525
vn -0.00363028003 -0.748878717 -0.662697017
vn -0.0110980198 -0.719265461 -0.694646716
vn -9.09107985e-05 -0.624236584 -0.781235516
vn -7.52178021e-05 -0.51655376 -0.856254876
vn -0.0114003401 -0.406512737 -0.91357398
vn 0.00125920703 -0.335711032 -0.941964209
vn -0.00123435201 -0.112808146 -0.993616104
vn -2.32454004e-05 -0.104337946 -0.994542003
vn -0.9650563 -0.254341692 0.0630619004
vn -0.950819373 -0.290689498 0.106967017
vn -0.812457025 -0.578487217 0.0725688487
vn -0.762675226 -0.636051118 0.117327027
vn -0.662897527 -0.748105407 0.030087024
vn -0.52330792 -0.846389294 0.0988636985
vn -0.52247411 -0.84594363 0.10677284
vn -0.218607098 -0.972792923 0.0767124668
vn -0.171233296 -0.971626103 0.163162038
vn -0.375392795 -0.909101307 0.180596545
vn -0.397821903 -0.872717023 0.28302452
vn -0.0677601025 -0.941353977 0.330547124
vn -0.265996307 -0.894442677 0.359469622
vn -0.613989174 -0.74996227 0.24611783
vn -0.0760475919 -0.882109404 0.464865535
vn -0.196975797 -0.842234671 0.501838088
vn -0.244661003 -0.807508111 0.536723137
vn -0.313759804 -0.929908812 0.191897243
vn -0.2852543 -0.834733129 0.471010536
vn -0.596015513 -0.714189827 0.367012829
vn -0.640428007 -0.681677222 0.353791326
vn -0.794738114 -0.555710375 0.244085133
vn -0.609925807 -0.77310288 0.174076527
vn -0.29557839 -0.955058813 0.0222765002
vn -0.348858386 -0.936987102 -0.0187954493
vn -0.233627304 -0.963942707 -0.127408162
vn -0.203176707 -0.972778976 -0.111446954
vn -0.159458295 -0.974237323 -0.159482658
vn -0.368791699 -0.910743117 -0.185848549
vn -0.388829201 -0.878019512 -0.279094458
vn -0.138350904 -0.937788725 -0.318451673
vn -0.261664808 -0.879299402 -0.397949964
vn -0.0245855991 -0.906041324 -0.422474563
vn -0.0271202307 -0.899131417 -0.436837882
vn -0.00465720799 -0.889516175 -0.456879973
vn -0.159387797 -0.865872085 -0.474195272
vn -0.2465422 -0.805657625 -0.538639843
vn -0.27365461 -0.839862227 -0.468769282
vn -0.595772386 -0.715986729 -0.363893181
vn -0.630007625 -0.691318393 -0.353792667
vn -0.794358671 -0.557819724 -0.240481675
vn -0.966575503 -0.243504107 -0.0802349895
vn -0.852665722 -0.505157113 -0.133332178
vn -0.85782218 -0.509811282 -0.0650648773
vn -0.601340175 -0.793340802 -0.0948704034
vn -0.634913921 -0.769625902 -0.0675310642
vn -0.485356599 -0.873777807 -0.0306827612
vn -0.597732306 -0.782773674 -0.173151866
vn -0.101720601 -0.937556207 -0.332628071
vn 0.00765895797 -0.971692085 -0.236127049
vn -0.245138407 -0.491880774 0.835440278
vn -0.0697216913 -0.545354545 0.835300684
vn -0.595790684 -0.439063877 0.672500074
vn -0.703092098 -0.377436757 0.602663279
vn -0.798650801 -0.328949481 0.503933609
vn -0.969079316 -0.134646982 0.206774294
vn -0.969149828 -0.134461388 0.206564903
vn -0.969163001 -0.1816971 0.166460812
vn -0.969004929 -0.182222098 0.166807011
vn -0.798295319 -0.444078267 0.406840324
vn -0.703165829 -0.53321749 0.470358431
vn -0.596988022 -0.591652274 0.541805327
vn -0.242891699 -0.715405703 0.655132473
vn -0.243700296 -0.715145826 0.655115962
vn -0.2450573 -0.591968834 0.767801881
vn -1 2.69799865e-14 6.1723e-07
vn -1 -4.53173537e-14 -1.03673995e-06
vn -0.999999821 0.000758429 -0.000237726024
vn -0.999999821 -2.45659648e-05 0.000780527014
vn -0.968900919 -0.246574596 0.0207872409
vn -0.970422208 -0.241183907 0.0105497902
vn -0.978938222 -0.198251307 0.0487513579
vn -0.978452981 -0.185732603 0.0901833773
vn -0.981886089 -0.164591104 0.0938595608
vn -0.978244126 -0.154537395 0.138407901
vn -0.980632424 -0.136338696 0.1406129
vn -0.980139613 -0.108990796 0.165672705
vn -0.981849194 -0.0968620628 0.163064405
vn -0.980359018 -0.0682011694 0.185054198
vn -0.983587801 -0.0377567932 0.176435396
vn -0.981190026 -0.025445452 0.191360801
vn -0.981016517 -0.00608115457 0.193829104
vn -0.980044603 0.00596488407 0.198688507
vn -0.97523129 -0.0501965098 0.215416804
vn -0.964230418 0.0130525911 0.264744192
vn -0.880279601 -0.0070868521 0.474402696
vn -0.812661409 -0.103755981 0.573424995
vn -0.749746621 -0.00449416135 0.661709785
vn -0.545765817 -0.0527709313 0.836274505
vn -0.487277299 -0.11970856 0.865003288
vn -0.343891501 -0.0573946387 0.937253773
vn -0.131425306 -0.104180358 0.985836685
vn -0.118770003 -0.0977007225 0.98810339
vn -0.157749906 -0.288495183 0.944396913
vn -0.138547093 -0.280986279 0.949658573
vn -0.187497705 -0.426023275 0.885069907
vn -0.513399005 -0.309066385 0.800562024
vn -0.539397895 -0.420178384 0.729726017
vn -0.820909381 -0.253753066 0.511582971
vn -0.828119278 -0.335797578 0.448841304
vn -0.814975202 -0.365621269 0.449596316
vn -0.822088718 -0.440249771 0.361040443
vn -0.806433678 -0.471525759 0.356830835
vn -0.812603176 -0.531240106 0.239708334
vn -0.799027681 -0.554747403 0.231970027
vn -0.803640306 -0.58560431 0.105972521
vn -0.70640552 -0.706533015 0.0424560606
vn -0.466794312 -0.87359339 0.137614146
vn -0.246143803 -0.967269421 0.0616711117
vn -0.429043204 -0.903284073 3.94838118e-08
vn -0.0657888576 -0.989992619 0.124846146
vn -0.180357605 -0.935476899 0.303898335
vn -0.0747318789 -0.935107827 0.346393526
vn -0.199138507 -0.846549809 0.493657142
vn -0.0962148905 -0.824421406 0.557738483
vn -0.202811807 -0.725859702 0.657263458
vn -0.166577801 -0.700072467 0.694370687
vn -0.169672802 -0.587569833 0.791184604
vn -0.211562306 -0.601374149 0.770448208
vn -0.141343802 -0.484036982 0.863556802
vn -0.509065509 -0.467012763 0.723015606
vn -0.534756482 -0.564584076 0.628713191
vn -0.493266791 -0.617358506 0.612826586
vn -0.518015802 -0.700335801 0.491110533
vn -0.4733437 -0.74576962 0.468800038
vn -0.494966388 -0.809299707 0.316294938
vn -0.453998595 -0.841524005 0.292784333
vn -0.830120802 -0.230336592 0.50778389
vn -0.822865784 -0.142269164 0.550137818
vn -0.826072514 -0.133053273 0.547632396
vn -0.819120586 -0.0420874655 0.572075307
vn -0.812560618 -0.063841559 0.579370081
vn -0.492876709 -0.168619156 0.853604317
vn -0.501961172 -0.149066865 0.851947308
vn -0.528700829 -0.280891478 0.800984085
vn -1.91068991e-15 -0.000163379285 1
vn -1.91068991e-15 -0.000149843283 1
vn 0.000446396996 0.156040549 0.98775059
vn 0.00299316598 0.120527841 0.992705524
vn -0.00134605099 0.334254831 0.942481875
vn 0.00293183303 0.453820527 0.891088426
vn -0.00106966402 0.540192783 0.841540813
vn 0.000800749986 0.64968276 0.760205209
vn 0.000143961006 0.671780467 0.740750372
vn 0.000162905999 0.760139585 0.649759948
vn 0.000617872982 0.751757622 0.659439325
vn -0.000879587024 0.890984178 0.454033464
vn 0.004766881 0.855217814 0.518246949
vn -0.0056022401 0.987651825 0.156565458
vn 0.0102570597 0.948628128 0.316227168
vn 0.000208533995 0.99434787 0.106171057
vn 0.128765404 0.154704645 0.979533613
vn 0.1290043 0.15499714 0.979455829
vn 0.1165649 0.450745225 0.885009408
vn 0.116631098 0.450834334 0.884955287
vn 0.0998019502 0.646465361 0.756387711
vn 0.131033495 0.706027269 0.695956767
vn 0.0854942724 0.757370889 0.647363961
vn 0.0600771904 0.889248073 0.453462958
vn 0.0596846901 0.889378488 0.453258872
vn 0.0206105709 0.987457395 0.156535149
vn 0.0205942895 0.987456679 0.156541452
vn 0.0603705607 0.987457991 0.145883963
vn 0.0604057908 0.98745513 0.145889059
vn 0.0966946408 0.987442017 0.124934256
vn 0.278947502 0.88917923 0.362696379
vn 0.278308004 0.889370203 0.362719476
vn 0.432419688 0.703844309 0.563574612
vn 0.432349592 0.703879118 0.563584924
vn 0.543342173 0.45070374 0.708269417
vn 0.543447614 0.450618625 0.708242714
vn 0.601406991 0.154920429 0.783778906
vn 0.78394258 0.154989332 0.601175785
vn 0.783816278 0.154686525 0.601418495
vn 0.885872602 0.155772611 0.436995089
vn 0.906189322 0.194413319 0.375532299
vn 0.935244203 0.15588741 0.31783241
vn 0.979490578 0.154942304 0.128806502
vn 0.979499102 0.154761598 0.128958806
vn 0.884975195 0.450825304 0.116513379
vn 0.885022402 0.45070079 0.11663758
vn 0.756400585 0.646450222 0.0998024568
vn 0.695950329 0.706035078 0.131024763
vn 0.647863209 0.756896079 0.0859168991
vn 0.487534195 0.870694578 0.0648181662
vn 0.443997413 0.890556276 0.0988723263
vn 0.346315295 0.937009573 0.0455940478
vn 0.156536296 0.987457216 0.0206081979
vn 0.156436995 0.987469971 0.0207461268
vn 0.145823002 0.987468719 0.0603439957
vn 0.145819396 0.987468004 0.0603641346
vn 0.1248364 0.987450302 0.0967357829
vn 0.362148792 0.889426827 0.27886948
vn 0.363154501 0.889114916 0.278556377
vn 0.563613415 0.703876019 0.432317585
vn 0.563322484 0.704056084 0.432403564
vn 0.708175123 0.450550228 0.543592274
vn 0.708351374 0.450368226 0.543513596
vn 0.824982524 0.450306237 0.341508776
vn 0.824588478 0.450775832 0.341840565
vn 0.656221211 0.703974605 0.271649659
vn 0.656055212 0.704090416 0.27175048
vn 0.422809601 0.889134228 0.175135955
vn 0.422910899 0.889098704 0.175071359
vn 0.125636294 0.987383306 0.0963839367
vn 0.0963908434 0.98738867 0.125588059
vn 0.60143888 0.154933423 0.783751905
vn 0.436672598 0.15594855 0.886000812
vn 0.375530601 0.194422543 0.906188071
vn 0.318054914 0.156003252 0.935149312
vn 0.341848314 0.450729042 0.824611127
vn 0.341789991 0.450764716 0.824615598
vn 0.271990687 0.70384872 0.656214952
vn 0.271754891 0.70398438 0.65616715
vn 0.175057501 0.889208376 0.422685981
vn 0.175011903 0.889221609 0.42267707
vn 0.000218948 1 0.00020029828
vn 0.000211207996 1 0.000224745279
vn 0.000209748003 1 0.000209702281
vn 2.00892003e-07 1 -4.37113989e-08
vn -1.13471003e-06 1 -4.37113989e-08
vn 9.02709985e-07 1 -4.37113989e-08
vn -1.74747004e-06 1 -4.37113989e-08
vn 5.13641999e-06 1 -4.37113989e-08
vn -0.969157517 0.246442303 -1.07723395e-08
vn -0.969492912 0.244159594 0.021675868
vn -0.706596375 0.706552505 -0.0387947187
vn -0.776563704 0.629251301 0.031490054
vn -0.643729806 0.765231907 0.00568595156
vn -0.55063802 0.834744215 0.000123994512
vn -0.611499727 0.791241407 -0.00232062163
vn -0.724042773 0.689661503 -0.0113625797
vn -0.707065403 0.707112312 -0.0071246326
vn -0.927137077 0.37469539 0.00447861664
vn -0.983879805 0.176462203 -0.0290126279
vn -0.969111502 0.246623293 -1.07802505e-08
vn -0.246304795 0.969192505 0.000143958634
vn -0.2450414 0.969512701 0.000217892622
vn -0.969124913 0.184694394 -0.163355112
vn -0.969159484 0.184576198 -0.16328381
vn -0.798898101 0.450489163 -0.398524016
vn -0.703862429 0.542214572 -0.458891243
vn -0.597795904 0.600561798 -0.531004488
vn -0.243425906 0.726619601 -0.642470181
vn -0.245454296 0.725967824 -0.642435133
vn -0.246605903 0.605944514 -0.756317914
vn -0.0348260887 0.569721758 -0.82109952
vn -0.245378703 0.50072515 -0.830098629
vn -0.244799897 0.35501197 -0.902241528
vn -0.38087669 0.310733557 -0.870848775
vn -0.177864298 0.186267957 -0.966265321
vn -0.221715495 0.120032258 -0.967695475
vn -0.492836088 0.0912243947 -0.865327001
vn -0.723866582 0.250992775 -0.642666221
vn -0.647168577 0.298077881 -0.701656878
vn -0.720555305 0.395525455 -0.569526017
vn -0.704012215 0.40866667 -0.580825686
vn -0.973158002 0.139759779 -0.182841003
vn -0.969482601 0.161228791 -0.184685796
vn -0.220482096 0.253390759 -0.941902816
vn -0.250774801 0.227647051 -0.940897882
vn -0.681890428 0.261346877 -0.683171511
vn -0.682683229 0.260485768 -0.682708502
vn -0.940989792 0.227274179 -0.250768393
vn -0.941662788 0.239611179 -0.236342221
vn -0.737151802 0.652409077 -0.175981626
vn -0.706904411 0.706890523 0.0243322477
vn -0.242381006 0.953742504 -0.177839652
vn -0.226266503 0.947425187 -0.226250142
vn -0.135251507 0.957200527 -0.25587973
vn -0.0240229294 0.706255913 -0.707548976
vn -0.188230902 0.656108618 -0.730814874
vn -0.497335315 0.710202277 -0.498267442
vn -0.497454613 0.710710227 -0.497423321
vn -0.982972205 -8.03217937e-09 -0.183754802
vn -0.965979278 0.0247875284 -0.257428706
vn -0.906454682 0.00136284146 -0.422301114
vn -0.803054273 -0.00281610712 -0.595899284
vn -0.706752717 0.0310258474 -0.706780076
vn -0.600038826 -0.00291476096 -0.79996562
vn -0.257532805 0.00499637565 -0.966256678
vn -0.246583998 -4.23616555e-08 -0.969121516
vn -0.0459063612 0.0251634866 -0.998628676
vn -0.107337497 0.104578152 -0.988707304
vn -0.173553705 0.0927119926 -0.980450809
vn -0.233565196 0.00517793139 -0.972327411
vn -0.186480999 0.094493337 -0.977903903
vn -0.231427804 -4.25247286e-08 -0.97285217
vn -0.204072803 0.0669623762 -0.976662815
vn -0.130172998 0.0681954771 -0.989143312
vn -0.190653697 0.0642687157 -0.979551315
vn -0.194508404 0.0492631309 -0.979663074
vn -0.194688901 0.0500930101 -0.979585111
vn -0.246486306 0.0281446073 -0.968737602
vn -0.598775327 0.0649327263 -0.798280716
vn -0.56730032 0.0748037845 -0.820106685
vn -0.797821879 0.114003778 -0.59201628
vn -0.903955817 0.0742242783 -0.421135008
vn -0.764909625 0.154418364 -0.625354588
vn -0.973372102 0.139416292 -0.181961507
vn -0.53856802 0.189328969 -0.821035326
vn -0.765299916 0.155745775 -0.624547303
vn -0.480682701 0.313548476 -0.81892091
vn -0.505248129 0.261391461 -0.822434783
vn -0.322628289 0.105573058 -0.940619707
vn -0.141545206 0.182070449 -0.973044395
vn 1.91068991e-15 0.000388225279 -1
vn 4.91147002e-05 0.260076672 -0.965587974
vn 5.67954994e-05 0.259774268 -0.965669513
vn 0.000154477006 0.706485748 -0.707727253
vn 0.000155834001 0.70648247 -0.707730532
vn 0.000213099993 0.96607691 -0.258254826
vn 0.000211506995 0.966060996 -0.258314222
vn 0.0412763283 0.259850979 -0.964766204
vn 0.039014101 0.256657064 -0.965714812
vn 0.117850602 0.231077552 -0.965771496
vn 0.117823303 0.231036559 -0.965784609
vn 0.1835116 0.183304653 -0.965775907
vn 0.182269901 0.18293196 -0.966081619
vn 0.229663596 0.117648654 -0.966133296
vn 0.231084198 0.117698252 -0.965788424
vn 0.256153911 0.0405336805 -0.965785801
vn 0.445633709 0.0706033334 -0.892427027
vn 0.699018717 0.112233169 -0.70624119
vn 0.701469302 0.111237668 -0.703965306
vn 0.884434223 0.140933692 -0.444875211
vn 0.954213917 0.151788279 -0.25775221
vn 0.954904616 0.151000485 -0.255648702
vn 0.256187886 0.0405109674 -0.965777695
vn 0.905558407 0.334787905 -0.260540485
vn 0.842979014 0.429328412 -0.324135333
vn 0.842934787 0.471938998 -0.258330524
vn 0.734605908 0.627028704 -0.259209037
vn 0.663900197 0.663350701 -0.345257133
vn 0.627925813 0.733578026 -0.259947121
vn 0.471884698 0.842786491 -0.25891313
vn 0.429822296 0.842841506 -0.323838145
vn 0.334787309 0.905794322 -0.25971964
vn 0.151808202 0.954447508 -0.256874025
vn 0.151244894 0.954945982 -0.255349338
vn 0.110589698 0.702056944 -0.703481376
vn 0.111827299 0.699025154 -0.706299186
vn 0.321645111 0.630762219 -0.706175208
vn 0.321648687 0.630731642 -0.706200778
vn 0.500604987 0.500744462 -0.706151307
vn 0.501311481 0.500944018 -0.705508173
vn 0.631493926 0.321623266 -0.705531001
vn 0.631059587 0.321664184 -0.705900788
vn 0.987747014 0.156063601 3.19589781e-05
vn 0.987747073 0.156063303 3.07680784e-05
vn 0.937951982 0.346765101 7.01345416e-05
vn 0.891064703 0.453838587 0.00586495688
vn 0.872540414 0.488541991 4.92993458e-05
vn 0.76059711 0.649224222 6.58573263e-05
vn 0.76019299 0.649697423 0.000126895597
vn 0.65031153 0.759667695 0.000148766791
vn 0.650274396 0.759699523 0.000152859793
vn 0.488550603 0.872535527 0.000175485853
vn 0.48855719 0.872531772 0.000174539862
vn 0.346691012 0.937979519 0.000187954996
vn 0.346670598 0.93798691 0.000188786988
vn 0.156567305 0.987667322 0.00019881982
vn 0.156562507 0.987667978 0.00019784183
vn 1 -0.000157225004 6.87443548e-12
vn 1 -0.000157226998 -9.0903211e-07
vn 0.96598798 -0.000110399305 -0.258587092
vn 0.965980113 -0.000110656307 -0.258616805
vn 0.894287407 -7.01809549e-05 -0.447493315
vn 0.79889369 -0.000150451291 -0.601472378
vn 0.705847979 -0.000105137966 -0.708363414
vn 0.706446707 -5.87579734e-06 -0.707766294
vn 0.446934104 6.40783983e-05 -0.894567013
vn 0.530400276 0.000174452944 -0.847747326
vn 0.256352305 0.000258477754 -0.966583371
vn 0.255211204 0.000117505733 -0.966885388
vn 0.130717695 -0.000169557665 0.991419673
vn 0.130271405 -0.000353912677 0.991478324
vn 0.321019799 -0.000411927613 0.947072387
vn 0.321994394 -0.000190125618 0.946741581
vn 0.442172498 -0.00021324979 0.896929979
vn 0.442082703 -0.000229349796 0.896974325
vn 0.608926594 -0.000243311326 0.7932266
vn 0.608788013 -0.000307173323 0.793332875
vn 0.793346703 -0.000339073391 0.608770072
vn 0.793531775 -0.0002188074 0.608528674
vn 0.896821618 -0.000213415668 0.442392498
vn 0.896821618 -0.000211008664 0.442392498
vn 0.947066128 -0.000202308976 0.321038902
vn 0.946819723 -0.000350008952 0.321764499
vn 0.99142009 -0.0003336503 0.130713806
vn 0.991472006 -0.000176826317 0.130320907
vn 0.129069299 -0.155319452 0.979396224
vn 0.128941998 -0.155139849 0.979441524
vn 0.317079008 -0.15617606 0.935451806
vn 0.375346988 -0.195119753 0.90611428
vn 0.436718404 -0.15655145 0.885871708
vn 0.601333678 -0.155587777 0.78370291
vn 0.601539314 -0.155303866 0.783601522
vn 0.783718526 -0.155318066 0.601383328
vn 0.783851087 -0.155656576 0.601122797
vn 0.885751903 -0.15663439 0.436931908
vn 0.906020522 -0.195183679 0.37553969
vn 0.935451686 -0.15612638 0.317103803
vn 0.979432523 -0.155090898 0.129069507
vn 0.979421914 -0.155316696 0.128878206
vn 0.88478142 -0.451262712 0.116292424
vn 0.884900987 -0.450942904 0.11662282
vn 0.756321728 -0.646580875 0.0995528921
vn 0.695691586 -0.706324279 0.130840436
vn 0.646864712 -0.757845521 0.0850668773
vn 0.48752299 -0.870753288 0.0641105473
vn 0.4435004 -0.890834928 0.098593384
vn 0.346406013 -0.936975181 0.0456137992
vn 0.156008199 -0.987542212 0.020542603
vn 0.156062007 -0.987534881 0.0204860326
vn 0.145363703 -0.987536371 0.0603447929
vn 0.145353705 -0.987547815 0.0601825565
vn 0.124886103 -0.987548888 0.0956598967
vn 0.124854401 -0.987532377 0.0958703533
vn 0.0957984924 -0.987531722 0.124915645
vn 0.278137505 -0.889441788 0.362674743
vn 0.278226495 -0.889549911 0.362341344
vn 0.432221889 -0.704511106 0.562892973
vn 0.432097286 -0.704277098 0.563281357
vn 0.54321748 -0.451060683 0.70813781
vn 0.54326731 -0.451174885 0.708026826
vn 0.3415263 -0.451085657 0.824549317
vn 0.341553509 -0.451092958 0.824533999
vn 0.116150998 -0.451184571 0.884839714
vn 0.116341501 -0.451351464 0.884729683
vn 0.0992273614 -0.646017313 0.756845772
vn 0.130782306 -0.706337214 0.69568938
vn 0.271645695 -0.704336405 0.655834675
vn 0.271619886 -0.704303801 0.655880272
vn 0.174866095 -0.889454305 0.422247738
vn 0.175050706 -0.889565825 0.421936125
vn 0.0603097603 -0.98753792 0.145367548
vn 0.095695667 -0.987539113 0.124935344
vn 0.0601463914 -0.987550616 0.145349041
vn 0.0205203798 -0.987547815 0.155975446
vn 0.0205343906 -0.987551093 0.155952543
vn 0.0596805215 -0.889395714 0.453225642
vn 0.0595705509 -0.889427304 0.453178316
vn 0.0850331113 -0.757831991 0.646884978
vn 0.708215714 -0.451056063 0.543119907
vn 0.708200276 -0.450900882 0.543268621
vn 0.824546576 -0.450907379 0.341768324
vn 0.824502707 -0.45132786 0.341318935
vn 0.655813277 -0.704417109 0.271487743
vn 0.65585041 -0.704326928 0.271632224
vn 0.422336102 -0.889401972 0.174917847
vn 0.422313601 -0.889425278 0.17485404
vn 0.362584412 -0.889392972 0.278410941
vn 0.362585604 -0.889454424 0.278213024
vn 0.563104272 -0.704435408 0.432070136
vn 0.563103914 -0.704500914 0.431963623
vn 0.987668693 -0.156558499 -3.05038575e-05
vn 0.987668872 -0.1565575 -3.04117566e-05
vn 0.937957406 -0.346750796 -6.79655423e-05
vn 0.890965402 -0.454035491 0.00569637585
vn 0.872540712 -0.488541394 -9.82428464e-05
vn 0.76010561 -0.649799526 -0.000130933593
vn 0.760101318 -0.649804473 -0.000130210596
vn 0.649227202 -0.760594726 -0.000152008754
vn 0.649225414 -0.760595977 -0.000152733744
vn 0.488552511 -0.872534513 -0.000175003865
vn 0.488525003 -0.872549891 -0.000170653861
vn 0.344998986 -0.938603103 -0.000183377982
vn 0.346776813 -0.937947571 -0.000277245999
vn 0.156530604 -0.987673223 -0.000291884848
vn 0.156058505 -0.987747788 -0.000197756817
vn -0.000209744001 -1 4.37113989e-08
vn 9.77508025e-05 -0.992740214 0.120279148
vn 0.0111157801 -0.942960203 0.332720339
vn -0.0073025818 -0.987733424 0.155979246
vn 0.00561296893 -0.842139781 0.539230287
vn -0.00266528106 -0.890972078 0.454050422
vn 0.000902694999 -0.741022706 0.671479464
vn -0.000164615005 -0.760611296 0.649207771
vn -0.000142756006 -0.659505248 0.751699924
vn 0.000266007002 -0.649227858 0.760593891
vn -0.000711443019 -0.518535256 0.855055988
vn 0.00260692812 -0.454388559 0.89079988
vn -0.00151216902 -0.318365574 0.947966814
vn 0.00370794511 -0.106468752 0.994309187
vn -2.91459e-05 -0.156644851 0.987655103
vn -0.000209714999 -1 -0.000224674281
vn -0.000218991001 -1 -0.000204752287
vn -0.000200466005 -1 -0.00020029828
vn 8.02342015e-07 -1 4.37113989e-08
vn 0 -1 4.37113989e-08
vn 0.254953712 -0.0404813625 -0.966105521
vn 0.254994005 -0.0405337028 -0.966092825
vn 0.230037004 -0.117340848 -0.966081917
vn 0.630729198 -0.321639538 -0.706207275
vn 0.630536079 -0.321334332 -0.70651871
vn 0.842701018 -0.429480612 -0.324656069
vn 0.842688918 -0.471829712 -0.259330481
vn 0.733949304 -0.6274423 -0.260066956
vn 0.663529515 -0.663537025 -0.345611483
vn 0.627021909 -0.734611392 -0.259209871
vn 0.471968114 -0.842918813 -0.258329868
vn 0.429130197 -0.842954874 -0.324460059
vn 0.333155692 -0.906375289 -0.25979048
vn 0.150880605 -0.954583883 -0.256913662
vn 0.151236802 -0.954267979 -0.257876277
vn 0.905751884 -0.334277302 -0.260523111
vn 0.954155922 -0.152151421 -0.257752597
vn 0.954855978 -0.151362121 -0.255615801
vn 0.792759299 -0.124803431 -0.596621215
vn 0.702084005 -0.110968232 -0.703394771
vn 0.698877573 -0.112263829 -0.706376016
vn 0.528523505 -0.0846470296 -0.844687998
vn 0.231825799 -0.117295146 -0.965659797
vn 0.183964401 -0.183167443 -0.965715826
vn 0.182466596 -0.182634249 -0.966100812
vn 0.117241003 -0.230030447 -0.966095626
vn 0.117251202 -0.230065942 -0.966085792
vn 0.0402379595 -0.255031735 -0.966095209
vn 0.0404170714 -0.255406827 -0.965988517
vn 0.110372499 -0.699631333 -0.70592773
vn 0.110621601 -0.699964345 -0.705558538
vn 0.321460813 -0.631552935 -0.70555222
vn 0.321527988 -0.630850554 -0.706149817
vn 0.500781119 -0.500843465 -0.70595628
vn 0.500616372 -0.500003934 -0.7066679
vn -0.000211574996 -0.96627599 -0.257508665
vn -0.000125524006 -0.965373218 -0.260873079
vn -0.000222190996 -0.707111657 -0.707101941
vn -0.000111235 -0.703941762 -0.710257828
vn -0.000106740998 -0.257508427 -0.966276109
vn -5.64428992e-05 -0.255535841 -0.966799617
vn -0.969123185 -0.246577293 1.0778237e-08
vn -0.968907714 -0.240745902 0.0570897497
vn -0.931263208 -0.364253908 -0.00825481024
vn -0.707013309 -0.707095683 0.0121656312
vn -0.713729322 -0.700260699 0.0150158703
vn -0.605340779 -0.795961678 0.00276926579
vn -0.54829967 -0.836282015 -0.000187908445
vn -0.650951803 -0.759103775 -0.00480755791
vn -0.793834984 -0.607675374 -0.0235953648
vn -0.707010925 -0.706985474 0.0175251625
vn -0.975800514 -0.218346804 -0.0117597403
vn -0.969115376 -0.246607706 1.07795657e-08
vn -0.246623293 -0.969111502 -0.00021773664
vn -0.246624798 -0.969111085 -0.000217737645
vn -0.150495499 -0.103056744 -0.983224571
vn -0.262980312 -0.323878229 -0.908814907
vn -0.244966596 -0.328001618 -0.912363112
vn -0.246737093 -0.500568271 -0.829790592
vn -0.0365808606 -0.569669783 -0.821059406
vn -0.244419307 -0.60514003 -0.757670581
vn -0.2436115 -0.726318598 -0.642739952
vn -0.245034903 -0.725860476 -0.642716467
vn -0.597729087 -0.60023731 -0.531446278
vn -0.705577672 -0.540792525 -0.457933962
vn -0.798970699 -0.450433344 -0.398441583
vn -0.969020605 -0.184987903 -0.163641691
vn -0.968998671 -0.185065299 -0.163684189
vn -0.969361305 -0.161561713 -0.185031399
vn -0.979382217 -0.0939923599 -0.178818807
vn -0.967533588 -0.14803791 -0.204850405
vn -0.941474974 -0.199604616 -0.271629989
vn -0.588855803 -0.438377827 -0.6790241
vn -0.663265109 -0.287440538 -0.690982878
vn -0.736642003 -0.240855023 -0.631939471
vn -0.705405772 -0.404054523 -0.582359612
vn 1.91068991e-15 -2.66147126e-05 -1
vn 1.91068991e-15 0.000165038291 -1
vn 1.91068991e-15 9.27124856e-05 -1
vn 6.01356987e-06 0.00073178031 -0.999999821
vn 2.78941006e-05 -4.37113989e-08 -1
vn -3.34430006e-05 0.000898307306 -0.999999583
vn 1.91068991e-15 -6.52403105e-05 -1
vn 1.91068991e-15 -9.48114121e-06 -1
vn 1.91068991e-15 -3.22732149e-06 -1
vn 1.91068991e-15 -4.44586112e-06 -1
vn 3.47415989e-05 0.000745707308 -0.999999821
vn -2.48769993e-05 3.75135896e-05 -1
vn -2.49100995e-05 -2.50979119e-05 -1
vn -2.49669993e-05 0.0004755423 -1
vn -2.50728008e-05 -1.27813109e-05 -1
vn -2.52917998e-05 0.000875339261 -0.999999702
vn -2.53009002e-05 -6.43953172e-05 -1
vn -2.56229996e-05 3.49215861e-06 -1
vn 0.00062193902 0.00307454215 -0.999995172
vn -2.01272996e-05 0.000159094285 -1
vn -2.76884002e-05 -4.37113989e-08 -1
vn -2.76452993e-05 7.33963861e-06 -1
vn -1.51079003e-05 0.000277347281 -1
vn 0.000518961984 0.0010181223 -0.999999404
vn 1.91068991e-15 0.000113804286 -1
vn -0.982972026 -8.03221045e-09 -0.183755502
vn -0.96889931 -0.0211003516 -0.2465543
vn -0.906462371 -1.84587385e-08 -0.4222866
vn -0.80316478 -2.60413717e-08 -0.595757008
vn -0.706637084 -0.0368697308 -0.706614912
vn -0.599932373 -3.49713325e-08 -0.800050676
vn -0.246628001 -4.23611688e-08 -0.96911031
vn -0.246627495 -4.23611723e-08 -0.969110429
vn -0.953722 -0.242698714 -0.177515581
vn -0.706860304 -0.70681721 0.0275330823
vn -0.651930511 -0.737762928 -0.175193071
vn -0.239639401 -0.941718221 -0.236092955
vn -0.227087706 -0.941035688 -0.250764668
vn -0.260185987 -0.682720363 -0.682785749
vn -0.260488302 -0.682492554 -0.682898164
vn -0.2273992 -0.250709236 -0.940975308
vn -0.239633501 -0.236479551 -0.941622674
vn -0.651540279 -0.176277623 -0.737849176
vn -0.706849873 0.0275233574 -0.706827879
vn -0.953719914 -0.177538618 -0.242689982
vn -0.947327673 -0.226470217 -0.22645399
vn -0.710877776 -0.497335643 -0.497302771
vn -0.710204124 -0.497153133 -0.498446584
vn -1 1.73715209e-13 3.97413987e-06
vn -0.246610403 -0.0118939616 -0.969041705
vn -0.226129204 -0.0388228111 -0.973323405
vn -0.192836195 -0.0492949821 -0.979991972
vn -0.192236006 -0.0521601215 -0.979961574
vn -0.181256503 -0.0651332512 -0.981276572
vn -0.198111296 -0.0646624342 -0.978044271
vn -0.190043196 -0.0839588419 -0.978179216
vn -0.173988506 -0.0921889916 -0.980422974
vn -0.0236136895 -0.0120048942 -0.999649107
vn -0.0230036899 -0.0117342239 -0.999666572
vn -0.220745593 -0.112475045 -0.968824506
vn -0.239645407 -0.0977887958 -0.965923071
vn -0.5123384 -0.249687031 -0.821684778
vn -0.487960398 -0.302167118 -0.8188954
vn -0.675601006 -0.172079027 -0.716904581
vn -0.794568121 -0.276707739 -0.540457606
vn -0.833631098 -0.118908122 -0.539370179
vn -0.978313386 -0.130673796 -0.160708696
vn -0.978451073 -0.0957971886 -0.182910606
vn -0.904022574 -0.0733227879 -0.421149492
vn -0.798017025 -0.113038421 -0.591938674
vn -0.567526102 -0.0738487542 -0.820037007
vn -0.598700702 -0.0640622675 -0.798406899
vn -0.538771272 -0.189290136 -0.82091099
f 21/1/1 22/2/1 23/3/1
f 23/4/2 22/5/2 24/6/2
f 24/7/3 22/8/3 25/9/3
f 24/10/4 25/11/4 26/12/4
f 26/13/5 25/14/5 27/15/5
f 26/16/6 27/17/6 28/18/6
f 28/19/7 27/20/7 29/21/7
f 28/22/8 29/23/8 30/24/8
f 30/25/9 29/26/9 31/27/9
f 30/28/10 31/29/10 32/30/10
f 32/31/11 31/32/11 33/33/11
f 32/34/12 33/35/12 34/36/12
f 34/37/13 33/38/13 35/39/13
f 34/40/14 35/41/14 36/42/14
f 36/43/15 35/44/15 37/45/15
f 36/46/16 37/47/16 38/48/16
f 23/49/17 39/50/17 21/51/17
f 21/52/18 39/53/18 40/54/18
f 40/55/19 39/56/19 41/57/19
f 40/58/20 41/59/20 42/60/20
f 42/61/21 41/62/21 43/63/21
f 42/64/22 43/65/22 44/66/22
f 44/67/23 43/68/23 45/69/23
f 44/70/24 45/71/24 46/72/24
f 46/73/25 45/74/25 47/75/25
f 46/76/26 47/77/26 48/78/26
f 48/79/27 47/80/27 49/81/27
f 48/82/28 49/83/28 50/84/28
f 50/85/29 49/86/29 51/87/29
f 50/88/30 51/89/30 52/90/30
f 52/91/31 51/92/31 38/93/31
f 52/94/32 38/95/32 37/96/32
f 53/97/33 43/98/33 54/99/33
f 54/100/34 43/101/34 41/102/34
f 54/103/35 41/104/35 55/105/35
f 55/106/36 41/107/36 56/108/36
f 56/109/37 41/110/37 39/111/37
f 39/112/38 57/113/38 56/114/38
f 57/115/39 39/116/39 58/117/39
f 58/118/40 39/119/40 23/120/40
f 58/121/41 23/122/41 59/123/41
f 59/124/42 23/125/42 24/126/42
f 59/127/43 24/128/43 60/129/43
f 60/130/44 24/131/44 61/132/44
f 61/133/45 24/134/45 26/135/45
f 61/136/46 26/137/46 62/138/46
f 62/139/47 26/140/47 63/141/47
f 63/142/48 26/143/48 28/144/48
f 63/145/49 28/146/49 64/147/49
f 64/148/50 28/149/50 30/150/50
f 64/151/51 30/152/51 65/153/51
f 65/154/52 30/155/52 32/156/52
f 65/157/53 32/158/53 66/159/53
f 66/160/54 32/161/54 34/162/54
f 66/163/55 34/164/55 67/165/55
f 67/166/56 34/167/56 68/168/56
f 68/169/57 34/170/57 36/171/57
f 68/172/58 36/173/58 69/174/58
f 69/175/59 36/176/59 70/177/59
f 70/178/60 36/179/60 38/180/60
f 70/181/61 38/182/61 71/183/61
f 71/184/62 38/185/62 51/186/62
f 71/187/63 51/188/63 72/189/63
f 72/190/64 51/191/64 73/192/64
f 73/193/65 51/194/65 49/195/65
f 73/196/66 49/197/66 74/198/66
f 74/199/67 49/200/67 75/201/67
f 75/202/68 49/203/68 47/204/68
f 75/205/69 47/206/69 76/207/69
f 76/208/70 47/209/70 45/210/70
f 76/211/71 45/212/71 53/213/71
f 53/214/72 45/215/72 43/216/72
f 75/217/73 77/218/73 74/219/73
f 74/220/74 77/221/74 78/222/74
f 74/223/75 78/224/75 79/225/75
f 79/226/76 78/227/76 80/228/76
f 80/229/77 78/230/77 81/231/77
f 80/232/78 81/233/78 82/234/78
f 82/235/79 81/236/79 83/237/79
f 83/238/80 81/239/80 84/240/80
f 84/241/81 81/242/81 85/243/81
f 85/244/82 81/245/82 77/246/82
f 77/247/83 81/248/83 78/249/83
f 73/250/84 74/251/84 79/252/84
f 68/253/85 69/254/85 86/255/85
f 86/256/86 69/257/86 87/258/86
f 86/259/87 87/260/87 88/261/87
f 88/262/88 87/263/88 89/264/88
f 88/265/89 89/266/89 90/267/89
f 90/268/90 89/269/90 91/270/90
f 91/271/91 89/272/91 92/273/91
f 92/274/92 89/275/92 93/276/92
f 92/277/93 93/278/93 94/279/93
f 94/280/94 93/281/94 95/282/94
f 95/283/95 93/284/95 96/285/95
f 95/286/96 96/287/96 97/288/96
f 97/289/97 96/290/97 80/291/97
f 97/292/98 80/293/98 82/294/98
f 90/295/99 98/296/99 88/297/99
f 88/298/100 98/299/100 99/300/100
f 88/301/101 99/302/101 86/303/101
f 100/304/102 99/305/102 98/306/102
f 69/307/103 70/308/103 87/309/103
f 87/310/104 70/311/104 101/312/104
f 87/313/105 101/314/105 89/315/105
f 89/316/106 101/317/106 93/318/106
f 93/319/107 101/320/107 102/321/107
f 93/322/108 102/323/108 96/324/108
f 96/325/109 102/326/109 103/327/109
f 96/328/110 103/329/110 80/330/110
f 80/331/111 103/332/111 79/333/111
f 79/334/112 103/335/112 72/336/112
f 79/337/113 72/338/113 73/339/113
f 103/340/114 102/341/114 72/342/114
f 72/343/115 102/344/115 71/345/115
f 71/346/116 102/347/116 101/348/116
f 71/349/117 101/350/117 70/351/117
f 104/352/118 105/353/118 106/354/118
f 106/355/119 105/356/119 107/357/119
f 106/358/120 107/359/120 100/360/120
f 100/361/121 107/362/121 99/363/121
f 99/364/122 107/365/122 86/366/122
f 86/367/123 107/368/123 108/369/123
f 86/370/124 108/371/124 68/372/124
f 68/373/125 108/374/125 67/375/125
f 67/376/126 108/377/126 66/378/126
f 66/379/127 108/380/127 109/381/127
f 109/382/128 108/383/128 105/384/128
f 105/385/129 108/386/129 107/387/129
f 110/388/130 100/389/130 111/390/130
f 111/391/131 100/392/131 98/393/131
f 111/394/132 98/395/132 112/396/132
f 112/397/133 98/398/133 90/399/133
f 112/400/134 90/401/134 113/402/134
f 113/403/135 90/404/135 91/405/135
f 113/406/136 91/407/136 114/408/136
f 114/409/137 91/410/137 92/411/137
f 114/412/138 92/413/138 115/414/138
f 115/415/139 92/416/139 94/417/139
f 115/418/140 94/419/140 116/420/140
f 116/421/141 94/422/141 95/423/141
f 116/424/142 95/425/142 117/426/142
f 117/427/143 95/428/143 97/429/143
f 117/430/144 97/431/144 118/432/144
f 118/433/145 97/434/145 82/435/145
f 56/436/146 119/437/146 55/438/146
f 55/439/147 119/440/147 120/441/147
f 55/442/148 120/443/148 54/444/148
f 54/445/149 120/446/149 121/447/149
f 121/448/150 120/449/150 122/450/150
f 122/451/151 120/452/151 123/453/151
f 122/454/152 123/455/152 124/456/152
f 124/457/153 123/458/153 125/459/153
f 125/460/154 123/461/154 126/462/154
f 126/463/155 123/464/155 119/465/155
f 119/466/156 123/467/156 120/468/156
f 122/469/157 124/470/157 127/471/157
f 61/472/158 128/473/158 60/474/158
f 60/475/159 128/476/159 129/477/159
f 60/478/160 129/479/160 59/480/160
f 59/481/161 129/482/161 130/483/161
f 59/484/162 130/485/162 131/486/162
f 131/487/163 130/488/163 132/489/163
f 131/490/164 132/491/164 133/492/164
f 133/493/165 132/494/165 134/495/165
f 133/496/166 134/497/166 135/498/166
f 133/499/167 135/500/167 136/501/167
f 133/502/168 136/503/168 137/504/168
f 137/505/169 136/506/169 138/507/169
f 137/508/170 138/509/170 126/510/170
f 126/511/171 138/512/171 125/513/171
f 126/514/172 119/515/172 137/516/172
f 137/517/173 119/518/173 139/519/173
f 137/520/174 139/521/174 133/522/174
f 133/523/175 139/524/175 131/525/175
f 139/526/176 57/527/176 131/528/176
f 131/529/177 57/530/177 58/531/177
f 131/532/178 58/533/178 59/534/178
f 119/535/179 57/536/179 139/537/179
f 57/538/180 119/539/180 56/540/180
f 134/541/181 132/542/181 140/543/181
f 140/544/182 132/545/182 141/546/182
f 141/547/183 132/548/183 142/549/183
f 141/550/184 142/551/184 143/552/184
f 143/553/185 142/554/185 144/555/185
f 144/556/186 142/557/186 145/558/186
f 145/559/187 142/560/187 128/561/187
f 128/562/188 142/563/188 129/564/188
f 129/565/189 142/566/189 130/567/189
f 130/568/190 142/569/190 132/570/190
f 63/571/191 146/572/191 62/573/191
f 62/574/192 146/575/192 147/576/192
f 62/577/193 147/578/193 128/579/193
f 128/580/194 147/581/194 145/582/194
f 145/583/195 147/584/195 148/585/195
f 145/586/196 148/587/196 144/588/196
f 144/589/197 148/590/197 149/591/197
f 149/592/198 148/593/198 150/594/198
f 150/595/199 148/596/199 151/597/199
f 151/598/200 148/599/200 146/600/200
f 146/601/201 148/602/201 147/603/201
f 61/604/202 62/605/202 128/606/202
f 144/607/203 152/608/203 143/609/203
f 143/610/204 152/611/204 153/612/204
f 143/613/205 153/614/205 141/615/205
f 141/616/206 153/617/206 154/618/206
f 141/619/207 154/620/207 140/621/207
f 140/622/208 154/623/208 155/624/208
f 140/625/209 155/626/209 134/627/209
f 134/628/210 155/629/210 156/630/210
f 134/631/211 156/632/211 135/633/211
f 135/634/212 156/635/212 157/636/212
f 135/637/213 157/638/213 136/639/213
f 136/640/214 157/641/214 158/642/214
f 136/643/215 158/644/215 138/645/215
f 138/646/216 158/647/216 159/648/216
f 138/649/217 159/650/217 125/651/217
f 125/652/218 159/653/218 160/654/218
f 76/655/219 161/656/219 75/657/219
f 75/658/220 161/659/220 77/660/220
f 77/661/221 161/662/221 162/663/221
f 77/664/222 162/665/222 85/666/222
f 85/667/223 162/668/223 84/669/223
f 84/670/224 162/671/224 163/672/224
f 82/673/225 83/674/225 118/675/225
f 118/676/226 83/677/226 164/678/226
f 164/679/227 83/680/227 84/681/227
f 164/682/228 84/683/228 165/684/228
f 118/685/229 164/686/229 166/687/229
f 166/688/230 164/689/230 167/690/230
f 166/691/231 167/692/231 168/693/231
f 168/694/232 167/695/232 169/696/232
f 168/697/233 169/698/233 170/699/233
f 170/700/234 169/701/234 171/702/234
f 171/703/235 169/704/235 172/705/235
f 172/706/236 169/707/236 173/708/236
f 173/709/237 169/710/237 167/711/237
f 173/712/238 167/713/238 164/714/238
f 173/715/239 164/716/239 165/717/239
f 174/718/240 168/719/240 170/720/240
f 165/721/241 84/722/241 175/723/241
f 175/724/242 84/725/242 163/726/242
f 176/727/243 177/728/243 76/729/243
f 76/730/244 177/731/244 161/732/244
f 161/733/245 177/734/245 162/735/245
f 162/736/246 177/737/246 178/738/246
f 162/739/247 178/740/247 163/741/247
f 163/742/248 178/743/248 179/744/248
f 179/745/249 178/746/249 180/747/249
f 179/748/250 180/749/250 181/750/250
f 181/751/251 180/752/251 182/753/251
f 182/754/252 180/755/252 183/756/252
f 182/757/253 183/758/253 184/759/253
f 184/760/254 183/761/254 176/762/254
f 176/763/255 183/764/255 177/765/255
f 177/766/256 183/767/256 180/768/256
f 177/769/257 180/770/257 178/771/257
f 175/772/258 185/773/258 165/774/258
f 165/775/259 185/776/259 173/777/259
f 173/778/260 185/779/260 172/780/260
f 172/781/261 185/782/261 186/783/261
f 172/784/262 186/785/262 171/786/262
f 171/787/263 186/788/263 187/789/263
f 188/790/264 189/791/264 182/792/264
f 182/793/265 189/794/265 181/795/265
f 181/796/266 189/797/266 190/798/266
f 181/799/267 190/800/267 179/801/267
f 179/802/268 190/803/268 175/804/268
f 179/805/269 175/806/269 163/807/269
f 53/808/270 191/809/270 76/810/270
f 76/811/271 191/812/271 176/813/271
f 176/814/272 191/815/272 184/816/272
f 184/817/273 191/818/273 192/819/273
f 184/820/274 192/821/274 182/822/274
f 182/823/275 192/824/275 193/825/275
f 54/826/276 121/827/276 53/828/276
f 53/829/277 121/830/277 194/831/277
f 194/832/278 121/833/278 122/834/278
f 194/835/279 122/836/279 195/837/279
f 195/838/280 122/839/280 127/840/280
f 195/841/281 127/842/281 196/843/281
f 160/844/282 197/845/282 125/846/282
f 125/847/283 197/848/283 124/849/283
f 124/850/284 197/851/284 198/852/284
f 124/853/285 198/854/285 127/855/285
f 160/856/286 159/857/286 199/858/286
f 199/859/287 159/860/287 200/861/287
f 199/862/288 200/863/288 201/864/288
f 201/865/289 200/866/289 202/867/289
f 201/868/290 202/869/290 203/870/290
f 203/871/291 202/872/291 204/873/291
f 204/874/292 202/875/292 205/876/292
f 204/877/293 205/878/293 206/879/293
f 206/880/294 205/881/294 207/882/294
f 206/883/295 207/884/295 208/885/295
f 208/886/296 207/887/296 154/888/296
f 208/889/297 154/890/297 153/891/297
f 208/892/298 153/893/298 209/894/298
f 209/895/299 153/896/299 152/897/299
f 209/898/300 210/899/300 208/900/300
f 208/901/301 210/902/301 206/903/301
f 206/904/302 210/905/302 211/906/302
f 206/907/303 211/908/303 204/909/303
f 211/910/304 210/911/304 212/912/304
f 154/913/305 207/914/305 155/915/305
f 155/916/306 207/917/306 156/918/306
f 156/919/307 207/920/307 213/921/307
f 156/922/308 213/923/308 157/924/308
f 157/925/309 213/926/309 158/927/309
f 158/928/310 213/929/310 200/930/310
f 158/931/311 200/932/311 159/933/311
f 200/934/312 213/935/312 202/936/312
f 202/937/313 213/938/313 205/939/313
f 205/940/314 213/941/314 207/942/314
f 203/943/315 214/944/315 201/945/315
f 201/946/316 214/947/316 215/948/316
f 201/949/317 215/950/317 199/951/317
f 216/952/318 215/953/318 214/954/318
f 144/955/319 149/956/319 152/957/319
f 152/958/320 149/959/320 217/960/320
f 217/961/321 149/962/321 150/963/321
f 217/964/322 150/965/322 218/966/322
f 212/967/323 210/968/323 219/969/323
f 219/970/324 210/971/324 220/972/324
f 219/973/325 220/974/325 221/975/325
f 221/976/326 220/977/326 222/978/326
f 222/979/327 220/980/327 223/981/327
f 223/982/328 220/983/328 224/984/328
f 223/985/329 224/986/329 217/987/329
f 217/988/330 224/989/330 152/990/330
f 152/991/331 224/992/331 209/993/331
f 209/994/332 224/995/332 210/996/332
f 210/997/333 224/998/333 220/999/333
f 217/1000/334 218/1001/334 223/1002/334
f 225/1003/335 226/1004/335 218/1005/335
f 218/1006/336 226/1007/336 223/1008/336
f 223/1009/337 226/1010/337 227/1011/337
f 223/1012/338 227/1013/338 222/1014/338
f 222/1015/339 227/1016/339 228/1017/339
f 222/1018/340 228/1019/340 221/1020/340
f 229/1021/341 230/1022/341 231/1023/341
f 231/1024/342 230/1025/342 232/1026/342
f 231/1027/343 232/1028/343 215/1029/343
f 215/1030/344 232/1031/344 199/1032/344
f 199/1033/345 232/1034/345 233/1035/345
f 199/1036/346 233/1037/346 160/1038/346
f 160/1039/347 233/1040/347 197/1041/347
f 197/1042/348 233/1043/348 198/1044/348
f 198/1045/349 233/1046/349 234/1047/349
f 234/1048/350 233/1049/350 230/1050/350
f 230/1051/351 233/1052/351 232/1053/351
f 231/1054/352 215/1055/352 216/1056/352
f 127/1057/353 198/1058/353 196/1059/353
f 196/1060/354 198/1061/354 235/1062/354
f 196/1063/355 236/1064/355 195/1065/355
f 195/1066/356 236/1067/356 194/1068/356
f 194/1069/357 236/1070/357 237/1071/357
f 194/1072/358 237/1073/358 53/1074/358
f 53/1075/359 237/1076/359 191/1077/359
f 191/1078/360 237/1079/360 192/1080/360
f 192/1081/361 237/1082/361 238/1083/361
f 192/1084/362 238/1085/362 193/1086/362
f 193/1087/363 238/1088/363 239/1089/363
f 239/1090/364 238/1091/364 240/1092/364
f 239/1093/365 240/1094/365 241/1095/365
f 241/1096/366 240/1097/366 196/1098/366
f 196/1099/367 240/1100/367 236/1101/367
f 236/1102/368 240/1103/368 237/1104/368
f 237/1105/369 240/1106/369 238/1107/369
f 242/1108/370 243/1109/370 229/1110/370
f 229/1111/371 243/1112/371 230/1113/371
f 230/1114/372 243/1115/372 244/1116/372
f 230/1117/373 244/1118/373 234/1119/373
f 234/1120/374 244/1121/374 198/1122/374
f 198/1123/375 244/1124/375 235/1125/375
f 193/1126/376 239/1127/376 245/1128/376
f 245/1129/377 239/1130/377 246/1131/377
f 246/1132/378 239/1133/378 241/1134/378
f 246/1135/379 241/1136/379 247/1137/379
f 247/1138/380 241/1139/380 196/1140/380
f 247/1141/381 196/1142/381 235/1143/381
f 193/1144/382 245/1145/382 182/1146/382
f 182/1147/383 245/1148/383 188/1149/383
f 245/1150/384 248/1151/384 188/1152/384
f 188/1153/385 248/1154/385 249/1155/385
f 249/1156/386 248/1157/386 250/1158/386
f 249/1159/387 250/1160/387 251/1161/387
f 251/1162/388 250/1163/388 242/1164/388
f 251/1165/389 242/1166/389 187/1167/389
f 243/1168/390 242/1169/390 252/1170/390
f 252/1171/391 242/1172/391 250/1173/391
f 252/1174/392 250/1175/392 253/1176/392
f 253/1177/393 250/1178/393 248/1179/393
f 253/1180/394 248/1181/394 245/1182/394
f 253/1183/395 245/1184/395 254/1185/395
f 254/1186/396 245/1187/396 246/1188/396
f 254/1189/397 246/1190/397 247/1191/397
f 254/1192/398 247/1193/398 255/1194/398
f 255/1195/399 247/1196/399 235/1197/399
f 255/1198/400 235/1199/400 244/1200/400
f 255/1201/401 244/1202/401 243/1203/401
f 255/1204/402 243/1205/402 252/1206/402
f 255/1207/403 252/1208/403 254/1209/403
f 254/1210/404 252/1211/404 253/1212/404
f 188/1213/405 249/1214/405 256/1215/405
f 256/1216/406 249/1217/406 251/1218/406
f 256/1219/407 251/1220/407 257/1221/407
f 257/1222/408 251/1223/408 187/1224/408
f 257/1225/409 187/1226/409 186/1227/409
f 257/1228/410 186/1229/410 185/1230/410
f 257/1231/411 185/1232/411 258/1233/411
f 258/1234/412 185/1235/412 175/1236/412
f 258/1237/413 175/1238/413 190/1239/413
f 258/1240/414 190/1241/414 259/1242/414
f 259/1243/415 190/1244/415 189/1245/415
f 259/1246/416 189/1247/416 188/1248/416
f 259/1249/417 188/1250/417 256/1251/417
f 259/1252/418 256/1253/418 258/1254/418
f 258/1255/419 256/1256/419 257/1257/419
f 64/1258/420 260/1259/420 63/1260/420
f 63/1261/421 260/1262/421 146/1263/421
f 146/1264/422 260/1265/422 261/1266/422
f 146/1267/423 261/1268/423 151/1269/423
f 151/1270/424 261/1271/424 150/1272/424
f 150/1273/425 261/1274/425 262/1275/425
f 262/1276/426 225/1277/426 150/1278/426
f 150/1279/427 225/1280/427 218/1281/427
f 263/1282/428 264/1283/428 265/1284/428
f 265/1285/429 264/1286/429 266/1287/429
f 265/1288/430 266/1289/430 267/1290/430
f 267/1291/431 266/1292/431 262/1293/431
f 267/1294/432 262/1295/432 261/1296/432
f 267/1297/433 261/1298/433 260/1299/433
f 267/1300/434 260/1301/434 268/1302/434
f 268/1303/435 260/1304/435 64/1305/435
f 268/1306/436 64/1307/436 269/1308/436
f 268/1309/437 269/1310/437 270/1311/437
f 270/1312/438 269/1313/438 271/1314/438
f 270/1315/439 271/1316/439 263/1317/439
f 270/1318/440 263/1319/440 265/1320/440
f 270/1321/441 265/1322/441 268/1323/441
f 268/1324/442 265/1325/442 267/1326/442
f 272/1327/443 273/1328/443 263/1329/443
f 263/1330/444 273/1331/444 264/1332/444
f 264/1333/445 273/1334/445 274/1335/445
f 264/1336/446 274/1337/446 266/1338/446
f 266/1339/447 274/1340/447 225/1341/447
f 266/1342/448 225/1343/448 262/1344/448
f 65/1345/449 275/1346/449 64/1347/449
f 64/1348/450 275/1349/450 269/1350/450
f 269/1351/451 275/1352/451 276/1353/451
f 269/1354/452 276/1355/452 271/1356/452
f 271/1357/453 276/1358/453 277/1359/453
f 271/1360/454 277/1361/454 263/1362/454
f 65/1363/455 66/1364/455 278/1365/455
f 278/1366/456 66/1367/456 109/1368/456
f 278/1369/457 109/1370/457 279/1371/457
f 279/1372/458 109/1373/458 105/1374/458
f 279/1375/459 105/1376/459 104/1377/459
f 279/1378/460 104/1379/460 280/1380/460
f 104/1381/461 106/1382/461 281/1383/461
f 281/1384/462 106/1385/462 282/1386/462
f 282/1387/463 106/1388/463 100/1389/463
f 282/1390/464 100/1391/464 110/1392/464
f 174/1393/465 283/1394/465 168/1395/465
f 168/1396/466 283/1397/466 284/1398/466
f 168/1399/467 284/1400/467 285/1401/467
f 285/1402/468 284/1403/468 286/1404/468
f 285/1405/469 286/1406/469 116/1407/469
f 116/1408/470 286/1409/470 115/1410/470
f 115/1411/471 286/1412/471 114/1413/471
f 114/1414/472 286/1415/472 287/1416/472
f 114/1417/473 287/1418/473 113/1419/473
f 113/1420/474 287/1421/474 112/1422/474
f 112/1423/475 287/1424/475 288/1425/475
f 112/1426/476 288/1427/476 111/1428/476
f 111/1429/477 288/1430/477 110/1431/477
f 110/1432/478 288/1433/478 289/1434/478
f 289/1435/479 288/1436/479 290/1437/479
f 290/1438/480 288/1439/480 291/1440/480
f 290/1441/481 291/1442/481 292/1443/481
f 292/1444/482 291/1445/482 293/1446/482
f 293/1447/483 291/1448/483 294/1449/483
f 293/1450/484 294/1451/484 295/1452/484
f 295/1453/485 294/1454/485 296/1455/485
f 295/1456/486 296/1457/486 284/1458/486
f 284/1459/487 296/1460/487 286/1461/487
f 286/1462/488 296/1463/488 287/1464/488
f 287/1465/489 296/1466/489 294/1467/489
f 287/1468/490 294/1469/490 288/1470/490
f 288/1471/491 294/1472/491 291/1473/491
f 297/1474/492 290/1475/492 292/1476/492
f 295/1477/493 284/1478/493 283/1479/493
f 116/1480/494 117/1481/494 285/1482/494
f 285/1483/495 117/1484/495 166/1485/495
f 285/1486/496 166/1487/496 168/1488/496
f 117/1489/497 118/1490/497 166/1491/497
f 297/1492/498 298/1493/498 290/1494/498
f 290/1495/499 298/1496/499 299/1497/499
f 290/1498/500 299/1499/500 289/1500/500
f 289/1501/501 299/1502/501 300/1503/501
f 289/1504/502 300/1505/502 110/1506/502
f 110/1507/503 300/1508/503 282/1509/503
f 282/1510/504 300/1511/504 281/1512/504
f 281/1513/505 300/1514/505 301/1515/505
f 301/1516/506 300/1517/506 302/1518/506
f 302/1519/507 300/1520/507 299/1521/507
f 302/1522/508 299/1523/508 303/1524/508
f 303/1525/509 299/1526/509 298/1527/509
f 52/1528/510 37/1529/510 295/1530/510
f 295/1531/511 37/1532/511 293/1533/511
f 293/1534/512 37/1535/512 35/1536/512
f 293/1537/513 35/1538/513 292/1539/513
f 292/1540/514 35/1541/514 297/1542/514
f 297/1543/515 35/1544/515 33/1545/515
f 297/1546/516 33/1547/516 298/1548/516
f 298/1549/517 33/1550/517 303/1551/517
f 303/1552/518 33/1553/518 31/1554/518
f 303/1555/519 31/1556/519 304/1557/519
f 304/1558/520 31/1559/520 29/1560/520
f 304/1561/521 29/1562/521 228/1563/521
f 228/1564/522 29/1565/522 27/1566/522
f 228/1567/523 27/1568/523 221/1569/523
f 221/1570/524 27/1571/524 25/1572/524
f 221/1573/525 25/1574/525 219/1575/525
f 219/1576/526 25/1577/526 212/1578/526
f 212/1579/527 25/1580/527 22/1581/527
f 212/1582/528 22/1583/528 211/1584/528
f 211/1585/529 22/1586/529 204/1587/529
f 204/1588/530 22/1589/530 21/1590/530
f 204/1591/531 21/1592/531 203/1593/531
f 203/1594/532 21/1595/532 40/1596/532
f 203/1597/533 40/1598/533 214/1599/533
f 214/1600/534 40/1601/534 216/1602/534
f 216/1603/535 40/1604/535 42/1605/535
f 216/1606/536 42/1607/536 231/1608/536
f 231/1609/537 42/1610/537 229/1611/537
f 229/1612/538 42/1613/538 44/1614/538
f 229/1615/539 44/1616/539 242/1617/539
f 242/1618/540 44/1619/540 46/1620/540
f 242/1621/541 46/1622/541 187/1623/541
f 187/1624/542 46/1625/542 48/1626/542
f 187/1627/543 48/1628/543 171/1629/543
f 171/1630/544 48/1631/544 50/1632/544
f 171/1633/545 50/1634/545 170/1635/545
f 170/1636/546 50/1637/546 174/1638/546
f 174/1639/547 50/1640/547 52/1641/547
f 174/1642/514 52/1643/514 283/1644/514
f 283/1645/548 52/1646/548 295/1647/548
f 227/1648/549 226/1649/549 305/1650/549
f 305/1651/550 226/1652/550 225/1653/550
f 305/1654/551 225/1655/551 306/1656/551
f 306/1657/552 225/1658/552 274/1659/552
f 306/1660/553 274/1661/553 273/1662/553
f 306/1663/554 273/1664/554 307/1665/554
f 307/1666/555 273/1667/555 272/1668/555
f 307/1669/556 272/1670/556 308/1671/556
f 307/1672/557 308/1673/557 309/1674/557
f 309/1675/558 308/1676/558 310/1677/558
f 309/1678/559 310/1679/559 228/1680/559
f 309/1681/560 228/1682/560 227/1683/560
f 309/1684/561 227/1685/561 305/1686/561
f 309/1687/562 305/1688/562 306/1689/562
f 309/1690/563 306/1691/563 307/1692/563
f 311/1693/564 280/1694/564 281/1695/564
f 281/1696/565 280/1697/565 104/1698/565
f 277/1699/566 312/1700/566 263/1701/566
f 263/1702/567 312/1703/567 272/1704/567
f 313/1705/568 314/1706/568 280/1707/568
f 280/1708/569 314/1709/569 279/1710/569
f 279/1711/570 314/1712/570 315/1713/570
f 279/1714/571 315/1715/571 278/1716/571
f 278/1717/572 315/1718/572 65/1719/572
f 65/1720/573 315/1721/573 275/1722/573
f 275/1723/574 315/1724/574 316/1725/574
f 275/1726/575 316/1727/575 276/1728/575
f 276/1729/576 316/1730/576 277/1731/576
f 277/1732/577 316/1733/577 317/1734/577
f 277/1735/578 317/1736/578 318/1737/578
f 318/1738/579 317/1739/579 313/1740/579
f 313/1741/580 317/1742/580 314/1743/580
f 314/1744/581 317/1745/581 316/1746/581
f 314/1747/582 316/1748/582 315/1749/582
f 272/1750/583 312/1751/583 308/1752/583
f 308/1753/584 312/1754/584 319/1755/584
f 308/1756/585 319/1757/585 310/1758/585
f 310/1759/586 319/1760/586 320/1761/586
f 310/1762/587 320/1763/587 304/1764/587
f 310/1765/588 304/1766/588 228/1767/588
f 277/1768/589 318/1769/589 312/1770/589
f 312/1771/590 318/1772/590 321/1773/590
f 321/1774/591 318/1775/591 313/1776/591
f 321/1777/592 313/1778/592 322/1779/592
f 322/1780/593 313/1781/593 280/1782/593
f 322/1783/593 280/1784/593 311/1785/593
f 311/1786/594 281/1787/594 323/1788/594
f 323/1789/595 281/1790/595 301/1791/595
f 323/1792/596 301/1793/596 302/1794/596
f 323/1795/597 302/1796/597 324/1797/597
f 324/1798/598 302/1799/598 303/1800/598
f 324/1801/599 303/1802/599 304/1803/599
f 312/1804/600 325/1805/600 319/1806/600
f 319/1807/601 325/1808/601 320/1809/601
f 320/1810/602 325/1811/602 326/1812/602
f 320/1813/603 326/1814/603 304/1815/603
f 304/1816/604 326/1817/604 324/1818/604
f 324/1819/605 326/1820/605 323/1821/605
f 323/1822/606 326/1823/606 327/1824/606
f 323/1825/607 327/1826/607 311/1827/607
f 311/1828/608 327/1829/608 322/1830/608
f 322/1831/609 327/1832/609 328/1833/609
f 322/1834/610 328/1835/610 321/1836/610
f 321/1837/611 328/1838/611 312/1839/611
f 312/1840/612 328/1841/612 325/1842/612
f 325/1843/613 328/1844/613 326/1845/613
f 326/1846/614 328/1847/614 327/1848/614
f 329/1849/615 330/1850/615 331/1851/615
f 331/1852/616 330/1853/616 332/1854/616
f 331/1855/617 332/1856/617 333/1857/617
f 333/1858/618 332/1859/618 334/1860/618
f 334/1861/619 332/1862/619 335/1863/619
f 335/1864/620 332/1865/620 336/1866/620
f 335/1867/514 336/1868/514 337/1869/514
f 335/1870/621 337/1871/621 338/1872/621
f 338/1873/622 337/1874/622 339/1875/622
f 338/1876/623 339/1877/623 340/1878/623
f 340/1879/514 339/1880/514 341/1881/514
f 340/1882/624 341/1883/624 342/1884/624
f 342/1885/625 341/1886/625 343/1887/625
f 342/1888/626 343/1889/626 344/1890/626
f 342/1891/627 344/1892/627 345/1893/627
f 342/1894/628 345/1895/628 346/1896/628
f 347/1897/629 338/1898/629 348/1899/629
f 348/1900/630 338/1901/630 340/1902/630
f 348/1903/631 340/1904/631 349/1905/631
f 349/1906/632 340/1907/632 342/1908/632
f 349/1909/633 342/1910/633 350/1911/633
f 350/1912/634 342/1913/634 351/1914/634
f 351/1915/635 342/1916/635 346/1917/635
f 351/1918/636 346/1919/636 352/1920/636
f 352/1921/637 346/1922/637 353/1923/637
f 353/1924/638 346/1925/638 354/1926/638
f 354/1927/639 346/1928/639 345/1929/639
f 354/1930/640 345/1931/640 355/1932/640
f 355/1933/641 345/1934/641 356/1935/641
f 356/1936/642 345/1937/642 357/1938/642
f 357/1939/643 345/1940/643 358/1941/643
f 358/1942/644 345/1943/644 359/1944/644
f 359/1945/645 345/1946/645 344/1947/645
f 359/1948/646 344/1949/646 360/1950/646
f 360/1951/647 344/1952/647 361/1953/647
f 361/1954/648 344/1955/648 362/1956/648
f 362/1957/649 344/1958/649 363/1959/649
f 363/1960/650 344/1961/650 364/1962/650
f 364/1963/651 344/1964/651 365/1965/651
f 365/1966/652 344/1967/652 343/1968/652
f 365/1969/653 343/1970/653 366/1971/653
f 366/1972/654 343/1973/654 367/1974/654
f 367/1975/655 343/1976/655 341/1977/655
f 367/1978/656 341/1979/656 368/1980/656
f 368/1981/657 341/1982/657 369/1983/657
f 369/1984/658 341/1985/658 339/1986/658
f 369/1987/659 339/1988/659 370/1989/659
f 370/1990/660 339/1991/660 371/1992/660
f 371/1993/661 339/1994/661 372/1995/661
f 372/1996/662 339/1997/662 337/1998/662
f 372/1999/663 337/2000/663 373/2001/663
f 374/2002/664 375/2003/664 376/2004/664
f 376/2005/665 375/2006/665 377/2007/665
f 376/2008/666 377/2009/666 378/2010/666
f 378/2011/667 377/2012/667 379/2013/667
f 378/2014/668 379/2015/668 380/2016/668
f 380/2017/669 379/2018/669 381/2019/669
f 380/2020/670 381/2021/670 357/2022/670
f 357/2023/671 381/2024/671 356/2025/671
f 356/2026/672 381/2027/672 379/2028/672
f 356/2029/673 379/2030/673 382/2031/673
f 382/2032/674 379/2033/674 383/2034/674
f 382/2035/675 383/2036/675 355/2037/675
f 355/2038/676 383/2039/676 384/2040/676
f 355/2041/677 384/2042/677 354/2043/677
f 354/2044/678 384/2045/678 385/2046/678
f 354/2047/679 385/2048/679 353/2049/679
f 353/2050/680 385/2051/680 352/2052/680
f 382/2053/681 355/2054/681 356/2055/681
f 384/2056/682 383/2057/682 385/2058/682
f 385/2059/683 383/2060/683 386/2061/683
f 386/2062/684 383/2063/684 377/2064/684
f 386/2065/685 377/2066/685 375/2067/685
f 377/2068/686 383/2069/686 379/2070/686
f 380/2071/687 357/2072/687 387/2073/687
f 387/2074/688 357/2075/688 358/2076/688
f 387/2077/689 358/2078/689 388/2079/689
f 388/2080/690 358/2081/690 359/2082/690
f 388/2083/691 359/2084/691 389/2085/691
f 389/2086/692 359/2087/692 390/2088/692
f 389/2089/693 390/2090/693 391/2091/693
f 391/2092/694 390/2093/694 362/2094/694
f 391/2095/695 362/2096/695 392/2097/695
f 392/2098/696 362/2099/696 363/2100/696
f 392/2101/697 363/2102/697 364/2103/697
f 392/2104/698 364/2105/698 393/2106/698
f 393/2107/699 364/2108/699 365/2109/699
f 393/2110/700 365/2111/700 366/2112/700
f 392/2113/701 393/2114/701 391/2115/701
f 391/2116/702 393/2117/702 394/2118/702
f 391/2119/703 394/2120/703 395/2121/703
f 395/2122/704 394/2123/704 396/2124/704
f 395/2125/705 396/2126/705 397/2127/705
f 395/2128/706 397/2129/706 398/2130/706
f 395/2131/707 398/2132/707 389/2133/707
f 389/2134/708 398/2135/708 399/2136/708
f 389/2137/709 399/2138/709 388/2139/709
f 388/2140/710 399/2141/710 387/2142/710
f 389/2143/711 391/2144/711 395/2145/711
f 362/2146/712 390/2147/712 361/2148/712
f 361/2149/713 390/2150/713 360/2151/713
f 360/2152/714 390/2153/714 359/2154/714
f 369/2155/715 400/2156/715 368/2157/715
f 368/2158/716 400/2159/716 401/2160/716
f 368/2161/717 401/2162/717 367/2163/717
f 367/2164/718 401/2165/718 366/2166/718
f 366/2167/719 401/2168/719 393/2169/719
f 393/2170/720 401/2171/720 394/2172/720
f 394/2173/721 401/2174/721 402/2175/721
f 394/2176/722 402/2177/722 396/2178/722
f 396/2179/723 402/2180/723 403/2181/723
f 396/2182/724 403/2183/724 397/2184/724
f 403/2185/725 402/2186/725 404/2187/725
f 404/2188/726 402/2189/726 405/2190/726
f 405/2191/727 402/2192/727 406/2193/727
f 406/2194/728 402/2195/728 401/2196/728
f 406/2197/729 401/2198/729 400/2199/729
f 369/2200/730 370/2201/730 400/2202/730
f 400/2203/731 370/2204/731 407/2205/731
f 400/2206/732 407/2207/732 406/2208/732
f 406/2209/733 407/2210/733 408/2211/733
f 406/2212/734 408/2213/734 405/2214/734
f 405/2215/735 408/2216/735 409/2217/735
f 405/2218/736 409/2219/736 404/2220/736
f 370/2221/737 371/2222/737 407/2223/737
f 404/2224/738 410/2225/738 403/2226/738
f 403/2227/739 410/2228/739 411/2229/739
f 403/2230/740 411/2231/740 412/2232/740
f 403/2233/514 412/2234/514 413/2235/514
f 403/2236/741 413/2237/741 414/2238/741
f 403/2239/514 414/2240/514 415/2241/514
f 403/2242/742 415/2243/742 416/2244/742
f 403/2245/514 416/2246/514 397/2247/514
f 417/2248/743 418/2249/743 419/2250/743
f 419/2251/744 418/2252/744 420/2253/744
f 419/2254/745 420/2255/745 421/2256/745
f 421/2257/746 420/2258/746 422/2259/746
f 421/2260/747 422/2261/747 423/2262/747
f 423/2263/748 422/2264/748 424/2265/748
f 423/2266/749 424/2267/749 425/2268/749
f 425/2269/750 424/2270/750 426/2271/750
f 425/2272/751 426/2273/751 411/2274/751
f 411/2275/752 426/2276/752 412/2277/752
f 412/2278/753 426/2279/753 413/2280/753
f 413/2281/754 426/2282/754 427/2283/754
f 413/2284/755 427/2285/755 428/2286/755
f 428/2287/756 427/2288/756 429/2289/756
f 428/2290/757 429/2291/757 430/2292/757
f 430/2293/758 429/2294/758 431/2295/758
f 430/2296/759 431/2297/759 432/2298/759
f 432/2299/760 431/2300/760 433/2301/760
f 432/2302/761 433/2303/761 434/2304/761
f 432/2305/762 434/2306/762 435/2307/762
f 435/2308/763 434/2309/763 436/2310/763
f 435/2311/764 436/2312/764 437/2313/764
f 435/2314/765 437/2315/765 438/2316/765
f 438/2317/766 437/2318/766 439/2319/766
f 438/2320/767 439/2321/767 440/2322/767
f 440/2323/768 439/2324/768 416/2325/768
f 440/2326/769 416/2327/769 415/2328/769
f 440/2329/770 415/2330/770 414/2331/770
f 440/2332/771 414/2333/771 428/2334/771
f 428/2335/772 414/2336/772 413/2337/772
f 428/2338/773 430/2339/773 440/2340/773
f 440/2341/774 430/2342/774 438/2343/774
f 438/2344/775 430/2345/775 432/2346/775
f 438/2347/776 432/2348/776 435/2349/776
f 433/2350/777 431/2351/777 441/2352/777
f 441/2353/778 431/2354/778 442/2355/778
f 441/2356/779 442/2357/779 443/2358/779
f 443/2359/780 442/2360/780 444/2361/780
f 444/2362/781 442/2363/781 445/2364/781
f 444/2365/782 445/2366/782 446/2367/782
f 446/2368/783 445/2369/783 422/2370/783
f 446/2371/784 422/2372/784 420/2373/784
f 422/2374/785 445/2375/785 424/2376/785
f 424/2377/786 445/2378/786 447/2379/786
f 424/2380/787 447/2381/787 426/2382/787
f 426/2383/788 447/2384/788 427/2385/788
f 427/2386/789 447/2387/789 429/2388/789
f 429/2389/790 447/2390/790 442/2391/790
f 429/2392/791 442/2393/791 431/2394/791
f 442/2395/792 447/2396/792 445/2397/792
f 411/2398/793 410/2399/793 425/2400/793
f 425/2401/794 410/2402/794 448/2403/794
f 425/2404/795 448/2405/795 423/2406/795
f 423/2407/796 448/2408/796 449/2409/796
f 423/2410/797 449/2411/797 421/2412/797
f 421/2413/798 449/2414/798 450/2415/798
f 421/2416/799 450/2417/799 419/2418/799
f 450/2419/800 449/2420/800 451/2421/800
f 451/2422/801 449/2423/801 452/2424/801
f 452/2425/802 449/2426/802 453/2427/802
f 452/2428/803 453/2429/803 454/2430/803
f 454/2431/804 453/2432/804 409/2433/804
f 409/2434/805 453/2435/805 404/2436/805
f 404/2437/806 453/2438/806 448/2439/806
f 404/2440/807 448/2441/807 410/2442/807
f 448/2443/808 453/2444/808 449/2445/808
f 409/2446/809 408/2447/809 455/2448/809
f 455/2449/810 408/2450/810 456/2451/810
f 455/2452/811 456/2453/811 457/2454/811
f 457/2455/812 456/2456/812 458/2457/812
f 458/2458/813 456/2459/813 373/2460/813
f 373/2461/814 456/2462/814 372/2463/814
f 372/2464/815 456/2465/815 407/2466/815
f 372/2467/816 407/2468/816 371/2469/816
f 408/2470/817 407/2471/817 456/2472/817
f 459/2473/818 460/2474/818 461/2475/818
f 461/2476/819 460/2477/819 462/2478/819
f 461/2479/820 462/2480/820 373/2481/820
f 373/2482/821 462/2483/821 458/2484/821
f 458/2485/822 462/2486/822 463/2487/822
f 458/2488/823 463/2489/823 457/2490/823
f 463/2491/824 462/2492/824 464/2493/824
f 464/2494/825 462/2495/825 465/2496/825
f 465/2497/826 462/2498/826 460/2499/826
f 409/2500/827 455/2501/827 454/2502/827
f 454/2503/828 455/2504/828 452/2505/828
f 452/2506/829 455/2507/829 457/2508/829
f 452/2509/830 457/2510/830 466/2511/830
f 466/2512/831 457/2513/831 463/2514/831
f 466/2515/832 463/2516/832 467/2517/832
f 467/2518/833 463/2519/833 464/2520/833
f 466/2521/834 468/2522/834 452/2523/834
f 452/2524/835 468/2525/835 451/2526/835
f 451/2527/836 468/2528/836 469/2529/836
f 451/2530/837 469/2531/837 450/2532/837
f 450/2533/838 469/2534/838 470/2535/838
f 450/2536/839 470/2537/839 419/2538/839
f 419/2539/840 470/2540/840 471/2541/840
f 419/2542/841 471/2543/841 417/2544/841
f 472/2545/842 464/2546/842 473/2547/842
f 473/2548/843 464/2549/843 465/2550/843
f 473/2551/844 465/2552/844 474/2553/844
f 474/2554/845 465/2555/845 460/2556/845
f 474/2557/846 460/2558/846 475/2559/846
f 475/2560/847 460/2561/847 476/2562/847
f 475/2563/848 476/2564/848 477/2565/848
f 476/2566/849 460/2567/849 459/2568/849
f 347/2569/850 478/2570/850 338/2571/850
f 338/2572/851 478/2573/851 335/2574/851
f 335/2575/852 478/2576/852 479/2577/852
f 335/2578/853 479/2579/853 334/2580/853
f 334/2581/854 479/2582/854 480/2583/854
f 334/2584/855 480/2585/855 481/2586/855
f 334/2587/856 481/2588/856 333/2589/856
f 333/2590/857 481/2591/857 482/2592/857
f 333/2593/858 482/2594/858 483/2595/858
f 333/2596/859 483/2597/859 331/2598/859
f 331/2599/860 483/2600/860 484/2601/860
f 331/2602/861 484/2603/861 485/2604/861
f 331/2605/862 485/2606/862 486/2607/862
f 331/2608/863 486/2609/863 487/2610/863
f 331/2611/864 487/2612/864 488/2613/864
f 331/2614/865 488/2615/865 489/2616/865
f 331/2617/866 489/2618/866 329/2619/866
f 329/2620/867 489/2621/867 490/2622/867
f 329/2623/868 490/2624/868 491/2625/868
f 329/2626/869 491/2627/869 492/2628/869
f 329/2629/870 492/2630/870 493/2631/870
f 329/2632/871 493/2633/871 494/2634/871
f 329/2635/872 494/2636/872 330/2637/872
f 330/2638/873 494/2639/873 495/2640/873
f 330/2641/874 495/2642/874 496/2643/874
f 330/2644/875 496/2645/875 497/2646/875
f 330/2647/876 497/2648/876 332/2649/876
f 332/2650/877 497/2651/877 498/2652/877
f 332/2653/878 498/2654/878 477/2655/878
f 332/2656/879 477/2657/879 336/2658/879
f 336/2659/880 477/2660/880 476/2661/880
f 336/2662/881 476/2663/881 459/2664/881
f 336/2665/882 459/2666/882 461/2667/882
f 336/2668/883 461/2669/883 337/2670/883
f 337/2671/884 461/2672/884 373/2673/884
f 482/2674/885 499/2675/885 483/2676/885
f 483/2677/886 499/2678/886 484/2679/886
f 484/2680/887 499/2681/887 500/2682/887
f 484/2683/888 500/2684/888 485/2685/888
f 485/2686/889 500/2687/889 486/2688/889
f 486/2689/890 500/2690/890 501/2691/890
f 486/2692/891 501/2693/891 502/2694/891
f 502/2695/892 501/2696/892 503/2697/892
f 502/2698/893 503/2699/893 489/2700/893
f 489/2701/894 503/2702/894 504/2703/894
f 489/2704/895 504/2705/895 490/2706/895
f 490/2707/896 504/2708/896 505/2709/896
f 490/2710/897 505/2711/897 491/2712/897
f 491/2713/898 505/2714/898 506/2715/898
f 491/2716/899 506/2717/899 507/2718/899
f 507/2719/900 506/2720/900 508/2721/900
f 507/2722/901 508/2723/901 492/2724/901
f 492/2725/902 508/2726/902 509/2727/902
f 492/2728/903 509/2729/903 493/2730/903
f 493/2731/904 509/2732/904 510/2733/904
f 493/2734/905 510/2735/905 511/2736/905
f 511/2737/906 510/2738/906 512/2739/906
f 511/2740/907 512/2741/907 494/2742/907
f 494/2743/908 512/2744/908 495/2745/908
f 495/2746/909 512/2747/909 496/2748/909
f 492/2749/910 491/2750/910 507/2751/910
f 511/2752/911 494/2753/911 493/2754/911
f 512/2755/912 510/2756/912 513/2757/912
f 513/2758/913 510/2759/913 514/2760/913
f 513/2761/914 514/2762/914 515/2763/914
f 515/2764/915 514/2765/915 516/2766/915
f 515/2767/916 516/2768/916 517/2769/916
f 516/2770/917 514/2771/917 518/2772/917
f 518/2773/918 514/2774/918 508/2775/918
f 518/2776/919 508/2777/919 506/2778/919
f 514/2779/920 510/2780/920 508/2781/920
f 508/2782/921 510/2783/921 509/2784/921
f 505/2785/922 504/2786/922 519/2787/922
f 519/2788/923 504/2789/923 503/2790/923
f 519/2791/924 503/2792/924 520/2793/924
f 520/2794/925 503/2795/925 521/2796/925
f 520/2797/926 521/2798/926 522/2799/926
f 522/2800/927 521/2801/927 523/2802/927
f 523/2803/928 521/2804/928 524/2805/928
f 524/2806/929 521/2807/929 501/2808/929
f 524/2809/930 501/2810/930 499/2811/930
f 499/2812/931 501/2813/931 500/2814/931
f 503/2815/932 501/2816/932 521/2817/932
f 489/2818/933 488/2819/933 502/2820/933
f 502/2821/934 488/2822/934 487/2823/934
f 502/2824/935 487/2825/935 486/2826/935
f 477/2827/936 498/2828/936 475/2829/936
f 475/2830/937 498/2831/937 525/2832/937
f 475/2833/938 525/2834/938 474/2835/938
f 474/2836/939 525/2837/939 526/2838/939
f 474/2839/940 526/2840/940 473/2841/940
f 473/2842/941 526/2843/941 472/2844/941
f 472/2845/942 526/2846/942 527/2847/942
f 527/2848/943 526/2849/943 515/2850/943
f 527/2851/944 515/2852/944 517/2853/944
f 515/2854/945 526/2855/945 513/2856/945
f 513/2857/946 526/2858/946 525/2859/946
f 513/2860/947 525/2861/947 512/2862/947
f 512/2863/948 525/2864/948 496/2865/948
f 496/2866/949 525/2867/949 497/2868/949
f 497/2869/950 525/2870/950 498/2871/950
f 472/2872/514 527/2873/514 528/2874/514
f 528/2875/514 527/2876/514 529/2877/514
f 529/2878/951 527/2879/951 530/2880/951
f 530/2881/514 527/2882/514 531/2883/514
f 531/2884/514 527/2885/514 532/2886/514
f 532/2887/952 527/2888/952 533/2889/952
f 533/2890/514 527/2891/514 534/2892/514
f 534/2893/514 527/2894/514 517/2895/514
f 471/2896/953 470/2897/953 535/2898/953
f 535/2899/954 470/2900/954 536/2901/954
f 535/2902/955 536/2903/955 537/2904/955
f 537/2905/956 536/2906/956 538/2907/956
f 537/2908/957 538/2909/957 539/2910/957
f 539/2911/958 538/2912/958 540/2913/958
f 539/2914/959 540/2915/959 541/2916/959
f 541/2917/960 540/2918/960 542/2919/960
f 541/2920/961 542/2921/961 543/2922/961
f 543/2923/962 542/2924/962 530/2925/962
f 543/2926/963 530/2927/963 531/2928/963
f 543/2929/964 531/2930/964 544/2931/964
f 544/2932/965 531/2933/965 532/2934/965
f 544/2935/966 532/2936/966 545/2937/966
f 545/2938/967 532/2939/967 533/2940/967
f 545/2941/968 533/2942/968 546/2943/968
f 546/2944/969 533/2945/969 534/2946/969
f 530/2947/970 542/2948/970 529/2949/970
f 529/2950/971 542/2951/971 547/2952/971
f 529/2953/972 547/2954/972 528/2955/972
f 528/2956/973 547/2957/973 548/2958/973
f 528/2959/974 548/2960/974 472/2961/974
f 472/2962/975 548/2963/975 549/2964/975
f 472/2965/976 549/2966/976 464/2967/976
f 464/2968/977 549/2969/977 467/2970/977
f 467/2971/978 549/2972/978 466/2973/978
f 466/2974/979 549/2975/979 550/2976/979
f 466/2977/980 550/2978/980 468/2979/980
f 468/2980/981 550/2981/981 469/2982/981
f 469/2983/982 550/2984/982 536/2985/982
f 469/2986/983 536/2987/983 470/2988/983
f 549/2989/984 548/2990/984 550/2991/984
f 550/2992/985 548/2993/985 551/2994/985
f 550/2995/986 551/2996/986 536/2997/986
f 536/2998/987 551/2999/987 538/3000/987
f 538/3001/988 551/3002/988 540/3003/988
f 540/3004/989 551/3005/989 547/3006/989
f 540/3007/990 547/3008/990 542/3009/990
f 547/3010/991 551/3011/991 548/3012/991
f 537/3013/992 539/3014/992 552/3015/992
f 552/3016/993 539/3017/993 553/3018/993
f 553/3019/994 539/3020/994 554/3021/994
f 553/3022/995 554/3023/995 555/3024/995
f 555/3025/996 554/3026/996 556/3027/996
f 555/3028/997 556/3029/997 557/3030/997
f 557/3031/998 556/3032/998 558/3033/998
f 557/3034/999 558/3035/999 559/3036/999
f 559/3037/1000 558/3038/1000 560/3039/1000
f 559/3040/1001 560/3041/1001 561/3042/1001
f 561/3043/1002 560/3044/1002 562/3045/1002
f 562/3046/1003 560/3047/1003 563/3048/1003
f 563/3049/1004 560/3050/1004 564/3051/1004
f 563/3052/1005 564/3053/1005 546/3054/1005
f 546/3055/1006 564/3056/1006 545/3057/1006
f 545/3058/1007 564/3059/1007 565/3060/1007
f 545/3061/1008 565/3062/1008 544/3063/1008
f 544/3064/1009 565/3065/1009 566/3066/1009
f 544/3067/1010 566/3068/1010 543/3069/1010
f 543/3070/1011 566/3071/1011 541/3072/1011
f 541/3073/1012 566/3074/1012 554/3075/1012
f 541/3076/1013 554/3077/1013 539/3078/1013
f 554/3079/1014 566/3080/1014 556/3081/1014
f 556/3082/1015 566/3083/1015 565/3084/1015
f 556/3085/1016 565/3086/1016 558/3087/1016
f 558/3088/1017 565/3089/1017 564/3090/1017
f 558/3091/1018 564/3092/1018 560/3093/1018
f 471/3094/1019 567/3095/1019 417/3096/1019
f 417/3097/1020 567/3098/1020 568/3099/1020
f 436/3100/1021 434/3101/1021 569/3102/1021
f 569/3103/1022 434/3104/1022 433/3105/1022
f 569/3106/1023 433/3107/1023 570/3108/1023
f 570/3109/1024 433/3110/1024 441/3111/1024
f 570/3112/1025 441/3113/1025 571/3114/1025
f 571/3115/1026 441/3116/1026 443/3117/1026
f 571/3118/1027 443/3119/1027 572/3120/1027
f 572/3121/1028 443/3122/1028 444/3123/1028
f 572/3124/1029 444/3125/1029 573/3126/1029
f 573/3127/1030 444/3128/1030 446/3129/1030
f 573/3130/1031 446/3131/1031 574/3132/1031
f 574/3133/1032 446/3134/1032 420/3135/1032
f 574/3136/1033 420/3137/1033 418/3138/1033
f 574/3139/1034 418/3140/1034 568/3141/1034
f 568/3142/1035 418/3143/1035 417/3144/1035
f 568/3145/1036 575/3146/1036 574/3147/1036
f 574/3148/1037 575/3149/1037 576/3150/1037
f 574/3151/1038 576/3152/1038 577/3153/1038
f 577/3154/1039 576/3155/1039 578/3156/1039
f 577/3157/1040 578/3158/1040 579/3159/1040
f 579/3160/1041 578/3161/1041 580/3162/1041
f 579/3163/1042 580/3164/1042 581/3165/1042
f 581/3166/1043 580/3167/1043 582/3168/1043
f 581/3169/1044 582/3170/1044 583/3171/1044
f 583/3172/1045 582/3173/1045 584/3174/1045
f 584/3175/1046 582/3176/1046 585/3177/1046
f 585/3178/1047 582/3179/1047 586/3180/1047
f 585/3181/1048 586/3182/1048 587/3183/1048
f 587/3184/1049 586/3185/1049 588/3186/1049
f 588/3187/1050 586/3188/1050 589/3189/1050
f 588/3190/1051 589/3191/1051 590/3192/1051
f 590/3193/1052 589/3194/1052 591/3195/1052
f 591/3196/1053 589/3197/1053 592/3198/1053
f 591/3199/1054 592/3200/1054 593/3201/1054
f 593/3202/1055 592/3203/1055 594/3204/1055
f 593/3205/1056 594/3206/1056 595/3207/1056
f 595/3208/1057 594/3209/1057 596/3210/1057
f 596/3211/1058 594/3212/1058 597/3213/1058
f 597/3214/1059 594/3215/1059 598/3216/1059
f 598/3217/1060 594/3218/1060 599/3219/1060
f 598/3220/1061 599/3221/1061 600/3222/1061
f 600/3223/1062 599/3224/1062 601/3225/1062
f 600/3226/1063 601/3227/1063 602/3228/1063
f 602/3229/1064 601/3230/1064 603/3231/1064
f 602/3232/1065 603/3233/1065 604/3234/1065
f 604/3235/1066 603/3236/1066 605/3237/1066
f 605/3238/1067 603/3239/1067 576/3240/1067
f 605/3241/1068 576/3242/1068 575/3243/1068
f 587/3244/1069 606/3245/1069 585/3246/1069
f 576/3247/1070 603/3248/1070 578/3249/1070
f 578/3250/1071 603/3251/1071 607/3252/1071
f 578/3253/1072 607/3254/1072 580/3255/1072
f 580/3256/1073 607/3257/1073 608/3258/1073
f 580/3259/1074 608/3260/1074 582/3261/1074
f 582/3262/1075 608/3263/1075 586/3264/1075
f 586/3265/1076 608/3266/1076 589/3267/1076
f 589/3268/1077 608/3269/1077 609/3270/1077
f 589/3271/1078 609/3272/1078 592/3273/1078
f 592/3274/1079 609/3275/1079 599/3276/1079
f 592/3277/1080 599/3278/1080 594/3279/1080
f 599/3280/1081 609/3281/1081 601/3282/1081
f 601/3283/1082 609/3284/1082 607/3285/1082
f 601/3286/1083 607/3287/1083 603/3288/1083
f 607/3289/1084 609/3290/1084 608/3291/1084
f 583/3292/1085 610/3293/1085 581/3294/1085
f 581/3295/1086 610/3296/1086 611/3297/1086
f 581/3298/1087 611/3299/1087 579/3300/1087
f 579/3301/1088 611/3302/1088 612/3303/1088
f 579/3304/1089 612/3305/1089 577/3306/1089
f 577/3307/1090 612/3308/1090 572/3309/1090
f 577/3310/1091 572/3311/1091 573/3312/1091
f 577/3313/1092 573/3314/1092 574/3315/1092
f 572/3316/1093 612/3317/1093 571/3318/1093
f 571/3319/1094 612/3320/1094 570/3321/1094
f 570/3322/1095 612/3323/1095 613/3324/1095
f 570/3325/1096 613/3326/1096 569/3327/1096
f 569/3328/1097 613/3329/1097 614/3330/1097
f 614/3331/1098 613/3332/1098 610/3333/1098
f 610/3334/1099 613/3335/1099 611/3336/1099
f 611/3337/1100 613/3338/1100 612/3339/1100
f 585/3340/1101 606/3341/1101 584/3342/1101
f 584/3343/1102 606/3344/1102 583/3345/1102
f 583/3346/1103 606/3347/1103 610/3348/1103
f 610/3349/1104 606/3350/1104 614/3351/1104
f 614/3352/1105 606/3353/1105 569/3354/1105
f 569/3355/1106 606/3356/1106 436/3357/1106
f 436/3358/1107 606/3359/1107 615/3360/1107
f 615/3361/1108 606/3362/1108 616/3363/1108
f 436/3364/1109 615/3365/1109 437/3366/1109
f 437/3367/1110 615/3368/1110 617/3369/1110
f 437/3370/1111 617/3371/1111 387/3372/1111
f 387/3373/1112 617/3374/1112 380/3375/1112
f 380/3376/1113 617/3377/1113 378/3378/1113
f 378/3379/1114 617/3380/1114 618/3381/1114
f 378/3382/1115 618/3383/1115 376/3384/1115
f 376/3385/1116 618/3386/1116 374/3387/1116
f 374/3388/1117 618/3389/1117 619/3390/1117
f 387/3391/1118 399/3392/1118 437/3393/1118
f 437/3394/1119 399/3395/1119 398/3396/1119
f 437/3397/1120 398/3398/1120 439/3399/1120
f 439/3400/1121 398/3401/1121 397/3402/1121
f 439/3403/1122 397/3404/1122 416/3405/1122
f 374/3406/1123 620/3407/1123 375/3408/1123
f 375/3409/1124 620/3410/1124 621/3411/1124
f 375/3412/1125 621/3413/1125 386/3414/1125
f 386/3415/1126 621/3416/1126 622/3417/1126
f 386/3418/1127 622/3419/1127 385/3420/1127
f 385/3421/1128 622/3422/1128 352/3423/1128
f 352/3424/1129 622/3425/1129 351/3426/1129
f 351/3427/1130 622/3428/1130 350/3429/1130
f 350/3430/1131 622/3431/1131 623/3432/1131
f 350/3433/1132 623/3434/1132 349/3435/1132
f 349/3436/1133 623/3437/1133 624/3438/1133
f 349/3439/1134 624/3440/1134 348/3441/1134
f 348/3442/1135 624/3443/1135 625/3444/1135
f 348/3445/1136 625/3446/1136 626/3447/1136
f 348/3448/1137 626/3449/1137 347/3450/1137
f 624/3451/1138 623/3452/1138 627/3453/1138
f 627/3454/1139 623/3455/1139 628/3456/1139
f 628/3457/1140 623/3458/1140 622/3459/1140
f 628/3460/1141 622/3461/1141 621/3462/1141
f 628/3463/1142 621/3464/1142 629/3465/1142
f 629/3466/1143 621/3467/1143 620/3468/1143
f 629/3469/514 620/3470/514 619/3471/514
f 619/3472/514 620/3473/514 374/3474/514
f 630/3475/1144 631/3476/1144 632/3477/1144
f 632/3478/1145 631/3479/1145 633/3480/1145
f 633/3481/1146 631/3482/1146 634/3483/1146
f 633/3484/1147 634/3485/1147 635/3486/1147
f 635/3487/1148 634/3488/1148 615/3489/1148
f 615/3490/1149 634/3491/1149 636/3492/1149
f 615/3493/1150 636/3494/1150 617/3495/1150
f 617/3496/1151 636/3497/1151 618/3498/1151
f 618/3499/1152 636/3500/1152 637/3501/1152
f 618/3502/1153 637/3503/1153 619/3504/1153
f 619/3505/1154 637/3506/1154 638/3507/1154
f 638/3508/1155 637/3509/1155 630/3510/1155
f 630/3511/1156 637/3512/1156 631/3513/1156
f 631/3514/1157 637/3515/1157 634/3516/1157
f 634/3517/1158 637/3518/1158 636/3519/1158
f 639/3520/1159 640/3521/1159 632/3522/1159
f 632/3523/1160 640/3524/1160 630/3525/1160
f 630/3526/1161 640/3527/1161 641/3528/1161
f 630/3529/1162 641/3530/1162 638/3531/1162
f 638/3532/1163 641/3533/1163 642/3534/1163
f 638/3535/1164 642/3536/1164 643/3537/1164
f 638/3538/1165 643/3539/1165 619/3540/1165
f 619/3541/1166 643/3542/1166 629/3543/1166
f 639/3544/1167 644/3545/1167 640/3546/1167
f 640/3547/1168 644/3548/1168 645/3549/1168
f 640/3550/1169 645/3551/1169 641/3552/1169
f 641/3553/1170 645/3554/1170 646/3555/1170
f 641/3556/1171 646/3557/1171 642/3558/1171
f 642/3559/1172 646/3560/1172 643/3561/1172
f 643/3562/1173 646/3563/1173 628/3564/1173
f 643/3565/1174 628/3566/1174 629/3567/1174
f 644/3568/1175 647/3569/1175 645/3570/1175
f 645/3571/1176 647/3572/1176 648/3573/1176
f 645/3574/1177 648/3575/1177 649/3576/1177
f 649/3577/1178 648/3578/1178 650/3579/1178
f 649/3580/1178 650/3581/1178 651/3582/1178
f 649/3583/1179 651/3584/1179 652/3585/1179
f 652/3586/1180 651/3587/1180 653/3588/1180
f 652/3589/1181 653/3590/1181 624/3591/1181
f 624/3592/1182 653/3593/1182 625/3594/1182
f 625/3595/1183 653/3596/1183 654/3597/1183
f 625/3598/1184 654/3599/1184 655/3600/1184
f 625/3601/1185 655/3602/1185 626/3603/1185
f 626/3604/1186 655/3605/1186 347/3606/1186
f 654/3607/1178 653/3608/1178 656/3609/1178
f 656/3610/1187 653/3611/1187 651/3612/1187
f 624/3613/1188 627/3614/1188 652/3615/1188
f 652/3616/1189 627/3617/1189 628/3618/1189
f 652/3619/1190 628/3620/1190 646/3621/1190
f 652/3622/1191 646/3623/1191 645/3624/1191
f 652/3625/1192 645/3626/1192 649/3627/1192
f 657/3628/1193 632/3629/1193 658/3630/1193
f 658/3631/1194 632/3632/1194 633/3633/1194
f 658/3634/1195 633/3635/1195 635/3636/1195
f 658/3637/1196 635/3638/1196 659/3639/1196
f 659/3640/1197 635/3641/1197 615/3642/1197
f 659/3643/1198 615/3644/1198 616/3645/1198
f 616/3646/1199 660/3647/1199 659/3648/1199
f 659/3649/1200 660/3650/1200 661/3651/1200
f 659/3652/1201 661/3653/1201 658/3654/1201
f 658/3655/1202 661/3656/1202 662/3657/1202
f 658/3658/1203 662/3659/1203 663/3660/1203
f 663/3661/1204 662/3662/1204 664/3663/1204
f 664/3664/1205 662/3665/1205 665/3666/1205
f 664/3667/1206 665/3668/1206 666/3669/1206
f 666/3670/1207 665/3671/1207 667/3672/1207
f 666/3673/1208 667/3674/1208 668/3675/1208
f 668/3676/1209 667/3677/1209 669/3678/1209
f 668/3679/1210 669/3680/1210 670/3681/1210
f 670/3682/1211 669/3683/1211 671/3684/1211
f 670/3685/1212 671/3686/1212 672/3687/1212
f 670/3688/1213 672/3689/1213 673/3690/1213
f 673/3691/1214 672/3692/1214 674/3693/1214
f 663/3694/1215 657/3695/1215 658/3696/1215
f 673/3697/1216 675/3698/1216 670/3699/1216
f 670/3700/1217 675/3701/1217 676/3702/1217
f 670/3703/1218 676/3704/1218 668/3705/1218
f 668/3706/1219 676/3707/1219 677/3708/1219
f 668/3709/1220 677/3710/1220 678/3711/1220
f 678/3712/1221 677/3713/1221 679/3714/1221
f 668/3715/1222 678/3716/1222 666/3717/1222
f 671/3718/1223 669/3719/1223 680/3720/1223
f 680/3721/1224 669/3722/1224 681/3723/1224
f 681/3724/1225 669/3725/1225 682/3726/1225
f 681/3727/1226 682/3728/1226 683/3729/1226
f 683/3730/1227 682/3731/1227 684/3732/1227
f 684/3733/1228 682/3734/1228 661/3735/1228
f 684/3736/1229 661/3737/1229 660/3738/1229
f 669/3739/1230 667/3740/1230 682/3741/1230
f 682/3742/1231 667/3743/1231 665/3744/1231
f 682/3745/1232 665/3746/1232 661/3747/1232
f 661/3748/1233 665/3749/1233 662/3750/1233
f 616/3751/1234 606/3752/1234 660/3753/1234
f 660/3754/1235 606/3755/1235 587/3756/1235
f 660/3757/1236 587/3758/1236 588/3759/1236
f 660/3760/1237 588/3761/1237 684/3762/1237
f 684/3763/1238 588/3764/1238 590/3765/1238
f 684/3766/1239 590/3767/1239 683/3768/1239
f 683/3769/1240 590/3770/1240 591/3771/1240
f 683/3772/1241 591/3773/1241 681/3774/1241
f 681/3775/1242 591/3776/1242 593/3777/1242
f 681/3778/1243 593/3779/1243 680/3780/1243
f 680/3781/1244 593/3782/1244 671/3783/1244
f 671/3784/1245 593/3785/1245 595/3786/1245
f 671/3787/1246 595/3788/1246 672/3789/1246
f 672/3790/1247 595/3791/1247 596/3792/1247
f 672/3793/1248 596/3794/1248 674/3795/1248
f 674/3796/1249 596/3797/1249 685/3798/1249
f 685/3799/1250 596/3800/1250 686/3801/1250
f 685/3802/1251 687/3803/1251 674/3804/1251
f 674/3805/1252 687/3806/1252 673/3807/1252
f 673/3808/1253 687/3809/1253 675/3810/1253
f 675/3811/1254 687/3812/1254 688/3813/1254
f 675/3814/1255 688/3815/1255 676/3816/1255
f 676/3817/1256 688/3818/1256 689/3819/1256
f 676/3820/1257 689/3821/1257 677/3822/1257
f 677/3823/1258 689/3824/1258 690/3825/1258
f 677/3826/1259 690/3827/1259 679/3828/1259
f 679/3829/1260 690/3830/1260 691/3831/1260
f 596/3832/1261 597/3833/1261 686/3834/1261
f 686/3835/1262 597/3836/1262 692/3837/1262
f 692/3838/1263 597/3839/1263 598/3840/1263
f 692/3841/1264 598/3842/1264 693/3843/1264
f 693/3844/1265 598/3845/1265 600/3846/1265
f 693/3847/1266 600/3848/1266 694/3849/1266
f 694/3850/1267 600/3851/1267 602/3852/1267
f 694/3853/1268 602/3854/1268 695/3855/1268
f 695/3856/1269 602/3857/1269 604/3858/1269
f 695/3859/1270 604/3860/1270 696/3861/1270
f 696/3862/1271 604/3863/1271 605/3864/1271
f 696/3865/1272 605/3866/1272 697/3867/1272
f 697/3868/1273 605/3869/1273 575/3870/1273
f 697/3871/1274 575/3872/1274 698/3873/1274
f 698/3874/1275 575/3875/1275 568/3876/1275
f 698/3877/1276 568/3878/1276 567/3879/1276
f 567/3880/1277 699/3881/1277 698/3882/1277
f 698/3883/1278 699/3884/1278 700/3885/1278
f 698/3886/1279 700/3887/1279 697/3888/1279
f 697/3889/1280 700/3890/1280 701/3891/1280
f 697/3892/1281 701/3893/1281 696/3894/1281
f 696/3895/1282 701/3896/1282 702/3897/1282
f 696/3898/1283 702/3899/1283 695/3900/1283
f 695/3901/1284 702/3902/1284 694/3903/1284
f 694/3904/1285 702/3905/1285 703/3906/1285
f 694/3907/1286 703/3908/1286 693/3909/1286
f 693/3910/1287 703/3911/1287 704/3912/1287
f 693/3913/1288 704/3914/1288 692/3915/1288
f 692/3916/1289 704/3917/1289 686/3918/1289
f 686/3919/1290 704/3920/1290 705/3921/1290
f 705/3922/1291 704/3923/1291 706/3924/1291
f 705/3925/1292 706/3926/1292 707/3927/1292
f 707/3928/1293 706/3929/1293 708/3930/1293
f 708/3931/1294 706/3932/1294 709/3933/1294
f 708/3934/1295 709/3935/1295 710/3936/1295
f 710/3937/1296 709/3938/1296 711/3939/1296
f 711/3940/1297 709/3941/1297 712/3942/1297
f 711/3943/1298 712/3944/1298 713/3945/1298
f 713/3946/1299 712/3947/1299 714/3948/1299
f 714/3949/1300 712/3950/1300 715/3951/1300
f 715/3952/1301 712/3953/1301 716/3954/1301
f 716/3955/1302 712/3956/1302 717/3957/1302
f 716/3958/1303 717/3959/1303 718/3960/1303
f 718/3961/1304 717/3962/1304 719/3963/1304
f 718/3964/1305 719/3965/1305 720/3966/1305
f 720/3967/1306 719/3968/1306 721/3969/1306
f 720/3970/1307 721/3971/1307 722/3972/1307
f 722/3973/1308 721/3974/1308 723/3975/1308
f 722/3976/1309 723/3977/1309 724/3978/1309
f 724/3979/1310 723/3980/1310 702/3981/1310
f 724/3982/1311 702/3983/1311 701/3984/1311
f 724/3985/1312 701/3986/1312 725/3987/1312
f 725/3988/1313 701/3989/1313 700/3990/1313
f 725/3991/1314 700/3992/1314 726/3993/1314
f 726/3994/1315 700/3995/1315 699/3996/1315
f 726/3997/1316 727/3998/1316 725/3999/1316
f 725/4000/1317 727/4001/1317 728/4002/1317
f 725/4003/1318 728/4004/1318 724/4005/1318
f 724/4006/1319 728/4007/1319 722/4008/1319
f 722/4009/1320 728/4010/1320 729/4011/1320
f 722/4012/1321 729/4013/1321 720/4014/1321
f 720/4015/1322 729/4016/1322 730/4017/1322
f 720/4018/1323 730/4019/1323 718/4020/1323
f 730/4021/1324 729/4022/1324 731/4023/1324
f 731/4024/1325 729/4025/1325 732/4026/1325
f 732/4027/1326 729/4028/1326 733/4029/1326
f 733/4030/1327 729/4031/1327 734/4032/1327
f 734/4033/1328 729/4034/1328 728/4035/1328
f 734/4036/1329 728/4037/1329 727/4038/1329
f 702/4039/1330 723/4040/1330 703/4041/1330
f 703/4042/1331 723/4043/1331 735/4044/1331
f 703/4045/1332 735/4046/1332 704/4047/1332
f 704/4048/1333 735/4049/1333 706/4050/1333
f 706/4051/1334 735/4052/1334 736/4053/1334
f 706/4054/1335 736/4055/1335 709/4056/1335
f 709/4057/1336 736/4058/1336 717/4059/1336
f 709/4060/1337 717/4061/1337 712/4062/1337
f 717/4063/1338 736/4064/1338 719/4065/1338
f 719/4066/1339 736/4067/1339 721/4068/1339
f 721/4069/1340 736/4070/1340 735/4071/1340
f 721/4072/1341 735/4073/1341 723/4074/1341
f 714/4075/1342 737/4076/1342 713/4077/1342
f 713/4078/1343 737/4079/1343 738/4080/1343
f 713/4081/1344 738/4082/1344 711/4083/1344
f 711/4084/1345 738/4085/1345 739/4086/1345
f 711/4087/1346 739/4088/1346 710/4089/1346
f 710/4090/1347 739/4091/1347 740/4092/1347
f 710/4093/1348 740/4094/1348 708/4095/1348
f 708/4096/1349 740/4097/1349 741/4098/1349
f 708/4099/1350 741/4100/1350 707/4101/1350
f 707/4102/1351 741/4103/1351 742/4104/1351
f 707/4105/1352 742/4106/1352 743/4107/1352
f 707/4108/1353 743/4109/1353 705/4110/1353
f 705/4111/1354 743/4112/1354 744/4113/1354
f 705/4114/1355 744/4115/1355 685/4116/1355
f 705/4117/1356 685/4118/1356 686/4119/1356
f 562/4120/1357 732/4121/1357 561/4122/1357
f 561/4123/1358 732/4124/1358 559/4125/1358
f 559/4126/1359 732/4127/1359 557/4128/1359
f 557/4129/1360 732/4130/1360 733/4131/1360
f 557/4132/1361 733/4133/1361 555/4134/1361
f 555/4135/1362 733/4136/1362 734/4137/1362
f 555/4138/1363 734/4139/1363 553/4140/1363
f 553/4141/1364 734/4142/1364 727/4143/1364
f 553/4144/1365 727/4145/1365 552/4146/1365
f 552/4147/1366 727/4148/1366 726/4149/1366
f 552/4150/1367 726/4151/1367 537/4152/1367
f 537/4153/1368 726/4154/1368 699/4155/1368
f 537/4156/1369 699/4157/1369 535/4158/1369
f 535/4159/1370 699/4160/1370 471/4161/1370
f 471/4162/1371 699/4163/1371 567/4164/1371
f 716/4165/1372 718/4166/1372 715/4167/1372
f 715/4168/1373 718/4169/1373 730/4170/1373
f 715/4171/1374 730/4172/1374 731/4173/1374
f 715/4174/1375 731/4175/1375 732/4176/1375
f 715/4177/1376 732/4178/1376 714/4179/1376
f 714/4180/1377 732/4181/1377 737/4182/1377
f 737/4183/1378 732/4184/1378 745/4185/1378
f 745/4186/1379 732/4187/1379 562/4188/1379
f 737/4189/1380 746/4190/1380 738/4191/1380
f 738/4192/1381 746/4193/1381 747/4194/1381
f 738/4195/1382 747/4196/1382 739/4197/1382
f 739/4198/1383 747/4199/1383 748/4200/1383
f 739/4201/1384 748/4202/1384 740/4203/1384
f 740/4204/1385 748/4205/1385 741/4206/1385
f 741/4207/1386 748/4208/1386 749/4209/1386
f 741/4210/1387 749/4211/1387 742/4212/1387
f 742/4213/1388 749/4214/1388 743/4215/1388
f 743/4216/1389 749/4217/1389 750/4218/1389
f 743/4219/1390 750/4220/1390 744/4221/1390
f 744/4222/1391 750/4223/1391 687/4224/1391
f 744/4225/1392 687/4226/1392 685/4227/1392
f 687/4228/1393 750/4229/1393 688/4230/1393
f 688/4231/1394 750/4232/1394 689/4233/1394
f 689/4234/1395 750/4235/1395 751/4236/1395
f 689/4237/1396 751/4238/1396 690/4239/1396
f 690/4240/1397 751/4241/1397 752/4242/1397
f 690/4243/1398 752/4244/1398 691/4245/1398
f 753/4246/1399 754/4247/1399 755/4248/1399
f 755/4249/1400 754/4250/1400 756/4251/1400
f 755/4252/1401 756/4253/1401 746/4254/1401
f 746/4255/1402 756/4256/1402 747/4257/1402
f 747/4258/1403 756/4259/1403 748/4260/1403
f 748/4261/1404 756/4262/1404 757/4263/1404
f 748/4264/1405 757/4265/1405 749/4266/1405
f 749/4267/1406 757/4268/1406 758/4269/1406
f 749/4270/1407 758/4271/1407 750/4272/1407
f 750/4273/1408 758/4274/1408 751/4275/1408
f 751/4276/1409 758/4277/1409 752/4278/1409
f 752/4279/1410 758/4280/1410 759/4281/1410
f 759/4282/1411 758/4283/1411 757/4284/1411
f 759/4285/1412 757/4286/1412 760/4287/1412
f 760/4288/1413 757/4289/1413 756/4290/1413
f 760/4291/1414 756/4292/1414 754/4293/1414
f 753/4294/1415 755/4295/1415 761/4296/1415
f 761/4297/1416 755/4298/1416 762/4299/1416
f 762/4300/1417 755/4301/1417 746/4302/1417
f 762/4303/1418 746/4304/1418 763/4305/1418
f 763/4306/1419 746/4307/1419 737/4308/1419
f 763/4309/1420 737/4310/1420 745/4311/1420
f 534/4312/1421 517/4313/1421 546/4314/1421
f 546/4315/1422 517/4316/1422 516/4317/1422
f 546/4318/1423 516/4319/1423 518/4320/1423
f 546/4321/1424 518/4322/1424 563/4323/1424
f 563/4324/1425 518/4325/1425 506/4326/1425
f 563/4327/1426 506/4328/1426 505/4329/1426
f 563/4330/1427 505/4331/1427 764/4332/1427
f 764/4333/1428 505/4334/1428 519/4335/1428
f 764/4336/1429 519/4337/1429 520/4338/1429
f 764/4339/1430 520/4340/1430 765/4341/1430
f 765/4342/1431 520/4343/1431 522/4344/1431
f 765/4345/1432 522/4346/1432 766/4347/1432
f 563/4348/1433 764/4349/1433 562/4350/1433
f 562/4351/1434 764/4352/1434 745/4353/1434
f 347/4354/1435 767/4355/1435 478/4356/1435
f 478/4357/1436 767/4358/1436 479/4359/1436
f 479/4360/1437 767/4361/1437 768/4362/1437
f 479/4363/1438 768/4364/1438 480/4365/1438
f 480/4366/1439 768/4367/1439 769/4368/1439
f 480/4369/1440 769/4370/1440 481/4371/1440
f 481/4372/1441 769/4373/1441 482/4374/1441
f 482/4375/1442 769/4376/1442 499/4377/1442
f 499/4378/1443 769/4379/1443 524/4380/1443
f 524/4381/1444 769/4382/1444 770/4383/1444
f 524/4384/1445 770/4385/1445 523/4386/1445
f 523/4387/1446 770/4388/1446 771/4389/1446
f 523/4390/1447 771/4391/1447 522/4392/1447
f 771/4393/1448 770/4394/1448 772/4395/1448
f 772/4396/1449 770/4397/1449 773/4398/1449
f 773/4399/1450 770/4400/1450 774/4401/1450
f 774/4402/1451 770/4403/1451 775/4404/1451
f 775/4405/1452 770/4406/1452 768/4407/1452
f 775/4408/1453 768/4409/1453 776/4410/1453
f 776/4411/1454 768/4412/1454 767/4413/1454
f 769/4414/1455 768/4415/1455 770/4416/1455
f 754/4417/1178 753/4418/1178 760/4419/1178
f 760/4420/1456 753/4421/1456 759/4422/1456
f 759/4423/1178 753/4424/1178 777/4425/1178
f 759/4426/1457 777/4427/1457 778/4428/1457
f 759/4429/1458 778/4430/1458 752/4431/1458
f 752/4432/1459 778/4433/1459 691/4434/1459
f 691/4435/1460 778/4436/1460 779/4437/1460
f 691/4438/1461 779/4439/1461 780/4440/1461
f 691/4441/1462 780/4442/1462 781/4443/1462
f 691/4444/1463 781/4445/1463 782/4446/1463
f 691/4447/1464 782/4448/1464 783/4449/1464
f 691/4450/1465 783/4451/1465 347/4452/1465
f 691/4453/1466 347/4454/1466 655/4455/1466
f 691/4456/1467 655/4457/1467 654/4458/1467
f 691/4459/1468 654/4460/1468 656/4461/1468
f 691/4462/1469 656/4463/1469 651/4464/1469
f 691/4465/1470 651/4466/1470 650/4467/1470
f 691/4468/1471 650/4469/1471 648/4470/1471
f 691/4471/1472 648/4472/1472 647/4473/1472
f 691/4474/1473 647/4475/1473 644/4476/1473
f 691/4477/1474 644/4478/1474 679/4479/1474
f 679/4480/1178 644/4481/1178 678/4482/1178
f 678/4483/1475 644/4484/1475 639/4485/1475
f 678/4486/1476 639/4487/1476 657/4488/1476
f 657/4489/1178 639/4490/1178 632/4491/1178
f 777/4492/1178 753/4493/1178 761/4494/1178
f 678/4495/1477 657/4496/1477 666/4497/1477
f 666/4498/1478 657/4499/1478 664/4500/1478
f 664/4501/1178 657/4502/1178 663/4503/1178
f 777/4504/1479 761/4505/1479 784/4506/1479
f 784/4507/1480 761/4508/1480 785/4509/1480
f 784/4510/1481 785/4511/1481 786/4512/1481
f 786/4513/1482 785/4514/1482 787/4515/1482
f 786/4516/1483 787/4517/1483 788/4518/1483
f 788/4519/1484 787/4520/1484 789/4521/1484
f 789/4522/1485 787/4523/1485 766/4524/1485
f 789/4525/1486 766/4526/1486 772/4527/1486
f 766/4528/1487 790/4529/1487 765/4530/1487
f 765/4531/1488 790/4532/1488 764/4533/1488
f 764/4534/1489 790/4535/1489 791/4536/1489
f 764/4537/1490 791/4538/1490 745/4539/1490
f 745/4540/1491 791/4541/1491 763/4542/1491
f 763/4543/1492 791/4544/1492 762/4545/1492
f 762/4546/1493 791/4547/1493 792/4548/1493
f 762/4549/1494 792/4550/1494 761/4551/1494
f 761/4552/1495 792/4553/1495 785/4554/1495
f 785/4555/1496 792/4556/1496 793/4557/1496
f 785/4558/1497 793/4559/1497 787/4560/1497
f 787/4561/1498 793/4562/1498 766/4563/1498
f 766/4564/1499 793/4565/1499 790/4566/1499
f 790/4567/1500 793/4568/1500 791/4569/1500
f 791/4570/1501 793/4571/1501 792/4572/1501
f 772/4573/514 766/4574/514 771/4575/514
f 771/4576/514 766/4577/514 522/4578/514
f 772/4579/1502 773/4580/1502 789/4581/1502
f 789/4582/1503 773/4583/1503 774/4584/1503
f 789/4585/1504 774/4586/1504 794/4587/1504
f 794/4588/1505 774/4589/1505 775/4590/1505
f 794/4591/1506 775/4592/1506 795/4593/1506
f 795/4594/1507 775/4595/1507 776/4596/1507
f 795/4597/1508 776/4598/1508 767/4599/1508
f 795/4600/1509 767/4601/1509 796/4602/1509
f 796/4603/1510 767/4604/1510 347/4605/1510
f 796/4606/1511 347/4607/1511 783/4608/1511
f 796/4609/1512 783/4610/1512 782/4611/1512
f 796/4612/1513 782/4613/1513 795/4614/1513
f 795/4615/1514 782/4616/1514 781/4617/1514
f 795/4618/1515 781/4619/1515 797/4620/1515
f 797/4621/1516 781/4622/1516 780/4623/1516
f 797/4624/1517 780/4625/1517 779/4626/1517
f 797/4627/1518 779/4628/1518 784/4629/1518
f 784/4630/1519 779/4631/1519 778/4632/1519
f 784/4633/1520 778/4634/1520 777/4635/1520
f 784/4636/1521 786/4637/1521 797/4638/1521
f 797/4639/1522 786/4640/1522 794/4641/1522
f 797/4642/1523 794/4643/1523 795/4644/1523
f 786/4645/1524 788/4646/1524 794/4647/1524
f 794/4648/1525 788/4649/1525 789/4650/1525
f 798/4651/1526 799/4652/1526 800/4653/1526
f 800/4654/1527 799/4655/1527 801/4656/1527
f 801/4657/1528 799/4658/1528 802/4659/1528
f 801/4660/1529 802/4661/1529 803/4662/1529
f 803/4663/1530 802/4664/1530 804/4665/1530
f 803/4666/1531 804/4667/1531 805/4668/1531
f 805/4669/1532 804/4670/1532 806/4671/1532
f 805/4672/1533 806/4673/1533 807/4674/1533
f 807/4675/1534 806/4676/1534 808/4677/1534
f 807/4678/1535 808/4679/1535 809/4680/1535
f 809/4681/1536 808/4682/1536 810/4683/1536
f 809/4684/1537 810/4685/1537 811/4686/1537
f 811/4687/1538 810/4688/1538 812/4689/1538
f 811/4690/1539 812/4691/1539 813/4692/1539
f 813/4693/1540 812/4694/1540 814/4695/1540
f 813/4696/1541 814/4697/1541 815/4698/1541
f 815/4699/1542 814/4700/1542 816/4701/1542
f 815/4702/1543 816/4703/1543 817/4704/1543
f 800/4705/1544 818/4706/1544 798/4707/1544
f 798/4708/1545 818/4709/1545 819/4710/1545
f 819/4711/1546 818/4712/1546 820/4713/1546
f 819/4714/1547 820/4715/1547 821/4716/1547
f 821/4717/1548 820/4718/1548 822/4719/1548
f 821/4720/1549 822/4721/1549 823/4722/1549
f 823/4723/1550 822/4724/1550 824/4725/1550
f 823/4726/1551 824/4727/1551 825/4728/1551
f 825/4729/1552 824/4730/1552 826/4731/1552
f 825/4732/1553 826/4733/1553 827/4734/1553
f 827/4735/1554 826/4736/1554 828/4737/1554
f 827/4738/1555 828/4739/1555 829/4740/1555
f 829/4741/1556 828/4742/1556 830/4743/1556
f 829/4744/1557 830/4745/1557 831/4746/1557
f 831/4747/1558 830/4748/1558 832/4749/1558
f 831/4750/1559 832/4751/1559 833/4752/1559
f 833/4753/1560 832/4754/1560 817/4755/1560
f 833/4756/1561 817/4757/1561 816/4758/1561
f 816/4759/1562 834/4760/1562 833/4761/1562
f 833/4762/1563 834/4763/1563 835/4764/1563
f 833/4765/1564 835/4766/1564 836/4767/1564
f 833/4768/1565 836/4769/1565 831/4770/1565
f 831/4771/1566 836/4772/1566 837/4773/1566
f 831/4774/1567 837/4775/1567 838/4776/1567
f 831/4777/1568 838/4778/1568 829/4779/1568
f 829/4780/1568 838/4781/1568 839/4782/1568
f 829/4783/1569 839/4784/1569 840/4785/1569
f 829/4786/1570 840/4787/1570 827/4788/1570
f 827/4789/1568 840/4790/1568 841/4791/1568
f 827/4792/1571 841/4793/1571 842/4794/1571
f 827/4795/1572 842/4796/1572 825/4797/1572
f 825/4798/1573 842/4799/1573 843/4800/1573
f 825/4801/1568 843/4802/1568 823/4803/1568
f 823/4804/1574 843/4805/1574 844/4806/1574
f 823/4807/1575 844/4808/1575 845/4809/1575
f 823/4810/1576 845/4811/1576 821/4812/1576
f 821/4813/1568 845/4814/1568 846/4815/1568
f 821/4816/1577 846/4817/1577 847/4818/1577
f 821/4819/1578 847/4820/1578 819/4821/1578
f 819/4822/1579 847/4823/1579 848/4824/1579
f 819/4825/1580 848/4826/1580 849/4827/1580
f 819/4828/1581 849/4829/1581 798/4830/1581
f 798/4831/1582 849/4832/1582 850/4833/1582
f 798/4834/1583 850/4835/1583 851/4836/1583
f 798/4837/1584 851/4838/1584 799/4839/1584
f 799/4840/1585 851/4841/1585 852/4842/1585
f 799/4843/1586 852/4844/1586 853/4845/1586
f 799/4846/1587 853/4847/1587 802/4848/1587
f 802/4849/1588 853/4850/1588 854/4851/1588
f 802/4852/1568 854/4853/1568 855/4854/1568
f 802/4855/1589 855/4856/1589 804/4857/1589
f 804/4858/1590 855/4859/1590 856/4860/1590
f 804/4861/1591 856/4862/1591 857/4863/1591
f 804/4864/1592 857/4865/1592 806/4866/1592
f 806/4867/1568 857/4868/1568 858/4869/1568
f 806/4870/1593 858/4871/1593 859/4872/1593
f 806/4873/1594 859/4874/1594 808/4875/1594
f 808/4876/1595 859/4877/1595 860/4878/1595
f 808/4879/1596 860/4880/1596 810/4881/1596
f 810/4882/1597 860/4883/1597 861/4884/1597
f 810/4885/1598 861/4886/1598 862/4887/1598
f 810/4888/1568 862/4889/1568 812/4890/1568
f 812/4891/1599 862/4892/1599 863/4893/1599
f 812/4894/1600 863/4895/1600 864/4896/1600
f 812/4897/1601 864/4898/1601 814/4899/1601
f 814/4900/1602 864/4901/1602 865/4902/1602
f 814/4903/1603 865/4904/1603 866/4905/1603
f 814/4906/1604 866/4907/1604 816/4908/1604
f 816/4909/1605 866/4910/1605 867/4911/1605
f 816/4912/1606 867/4913/1606 834/4914/1606
f 850/4915/1607 868/4916/1607 851/4917/1607
f 851/4918/1608 868/4919/1608 869/4920/1608
f 851/4921/1609 869/4922/1609 852/4923/1609
f 852/4924/1610 869/4925/1610 870/4926/1610
f 852/4927/1611 870/4928/1611 853/4929/1611
f 853/4930/1612 870/4931/1612 871/4932/1612
f 853/4933/1613 871/4934/1613 854/4935/1613
f 854/4936/1614 871/4937/1614 872/4938/1614
f 854/4939/1615 872/4940/1615 855/4941/1615
f 855/4942/1616 872/4943/1616 873/4944/1616
f 855/4945/1617 873/4946/1617 874/4947/1617
f 874/4948/1618 873/4949/1618 875/4950/1618
f 874/4951/1619 875/4952/1619 876/4953/1619
f 876/4954/1620 875/4955/1620 877/4956/1620
f 876/4957/1621 877/4958/1621 878/4959/1621
f 878/4960/1622 877/4961/1622 879/4962/1622
f 878/4963/1623 879/4964/1623 880/4965/1623
f 878/4966/1624 880/4967/1624 881/4968/1624
f 878/4969/1625 881/4970/1625 882/4971/1625
f 882/4972/1626 881/4973/1626 883/4974/1626
f 882/4975/1627 883/4976/1627 884/4977/1627
f 884/4978/1628 883/4979/1628 885/4980/1628
f 884/4981/1629 885/4982/1629 886/4983/1629
f 884/4984/1630 886/4985/1630 887/4986/1630
f 887/4987/1631 886/4988/1631 888/4989/1631
f 887/4990/1632 888/4991/1632 889/4992/1632
f 887/4993/1633 889/4994/1633 890/4995/1633
f 890/4996/1634 889/4997/1634 891/4998/1634
f 890/4999/1635 891/5000/1635 892/5001/1635
f 890/5002/1636 892/5003/1636 893/5004/1636
f 893/5005/1637 892/5006/1637 894/5007/1637
f 893/5008/1638 894/5009/1638 895/5010/1638
f 895/5011/1639 894/5012/1639 896/5013/1639
f 895/5014/1640 896/5015/1640 897/5016/1640
f 895/5017/1641 897/5018/1641 898/5019/1641
f 898/5020/1642 897/5021/1642 899/5022/1642
f 898/5023/1643 899/5024/1643 900/5025/1643
f 898/5026/1644 900/5027/1644 901/5028/1644
f 901/5029/1645 900/5030/1645 902/5031/1645
f 901/5032/1646 902/5033/1646 903/5034/1646
f 903/5035/1647 902/5036/1647 904/5037/1647
f 903/5038/1648 904/5039/1648 905/5040/1648
f 903/5041/1649 905/5042/1649 906/5043/1649
f 906/5044/1650 905/5045/1650 907/5046/1650
f 906/5047/1651 907/5048/1651 908/5049/1651
f 906/5050/1652 908/5051/1652 909/5052/1652
f 906/5053/1653 909/5054/1653 910/5055/1653
f 906/5056/1654 910/5057/1654 911/5058/1654
f 911/5059/1655 910/5060/1655 912/5061/1655
f 911/5062/1656 912/5063/1656 913/5064/1656
f 913/5065/1657 912/5066/1657 914/5067/1657
f 913/5068/1658 914/5069/1658 915/5070/1658
f 915/5071/1659 914/5072/1659 916/5073/1659
f 915/5074/1660 916/5075/1660 917/5076/1660
f 917/5077/1661 916/5078/1661 918/5079/1661
f 917/5080/1662 918/5081/1662 919/5082/1662
f 919/5083/1663 918/5084/1663 920/5085/1663
f 919/5086/1664 920/5087/1664 921/5088/1664
f 921/5089/1665 920/5090/1665 922/5091/1665
f 921/5092/1666 922/5093/1666 923/5094/1666
f 923/5095/1667 922/5096/1667 924/5097/1667
f 923/5098/1668 924/5099/1668 925/5100/1668
f 925/5101/1669 924/5102/1669 926/5103/1669
f 925/5104/1670 926/5105/1670 927/5106/1670
f 927/5107/1671 926/5108/1671 928/5109/1671
f 927/5110/1672 928/5111/1672 929/5112/1672
f 929/5113/1673 928/5114/1673 930/5115/1673
f 929/5116/1674 930/5117/1674 876/5118/1674
f 876/5119/1675 930/5120/1675 874/5121/1675
f 874/5122/1676 930/5123/1676 857/5124/1676
f 874/5125/1677 857/5126/1677 856/5127/1677
f 874/5128/1678 856/5129/1678 855/5130/1678
f 857/5131/1679 930/5132/1679 858/5133/1679
f 858/5134/1680 930/5135/1680 928/5136/1680
f 858/5137/1681 928/5138/1681 926/5139/1681
f 858/5140/1682 926/5141/1682 859/5142/1682
f 859/5143/1683 926/5144/1683 860/5145/1683
f 860/5146/1684 926/5147/1684 924/5148/1684
f 860/5149/1685 924/5150/1685 922/5151/1685
f 860/5152/1686 922/5153/1686 861/5154/1686
f 861/5155/1687 922/5156/1687 862/5157/1687
f 862/5158/1688 922/5159/1688 920/5160/1688
f 862/5161/1689 920/5162/1689 863/5163/1689
f 863/5164/1690 920/5165/1690 918/5166/1690
f 863/5167/1691 918/5168/1691 864/5169/1691
f 864/5170/1692 918/5171/1692 916/5172/1692
f 864/5173/1693 916/5174/1693 865/5175/1693
f 865/5176/1694 916/5177/1694 914/5178/1694
f 865/5179/1695 914/5180/1695 866/5181/1695
f 866/5182/1696 914/5183/1696 912/5184/1696
f 866/5185/1697 912/5186/1697 867/5187/1697
f 867/5188/1698 912/5189/1698 931/5190/1698
f 931/5191/1699 912/5192/1699 910/5193/1699
f 876/5194/1700 878/5195/1700 929/5196/1700
f 929/5197/1701 878/5198/1701 882/5199/1701
f 929/5200/1702 882/5201/1702 927/5202/1702
f 927/5203/1703 882/5204/1703 884/5205/1703
f 927/5206/1704 884/5207/1704 925/5208/1704
f 925/5209/1705 884/5210/1705 887/5211/1705
f 925/5212/1706 887/5213/1706 923/5214/1706
f 923/5215/1707 887/5216/1707 890/5217/1707
f 923/5218/1708 890/5219/1708 921/5220/1708
f 921/5221/1709 890/5222/1709 893/5223/1709
f 921/5224/1710 893/5225/1710 919/5226/1710
f 919/5227/1711 893/5228/1711 895/5229/1711
f 919/5230/1712 895/5231/1712 917/5232/1712
f 917/5233/1713 895/5234/1713 898/5235/1713
f 917/5236/1714 898/5237/1714 915/5238/1714
f 915/5239/1715 898/5240/1715 901/5241/1715
f 915/5242/1716 901/5243/1716 913/5244/1716
f 913/5245/1717 901/5246/1717 903/5247/1717
f 913/5248/1718 903/5249/1718 911/5250/1718
f 911/5251/1719 903/5252/1719 906/5253/1719
f 879/5254/1720 877/5255/1720 932/5256/1720
f 932/5257/1721 877/5258/1721 933/5259/1721
f 933/5260/1722 877/5261/1722 934/5262/1722
f 933/5263/1723 934/5264/1723 935/5265/1723
f 935/5266/1724 934/5267/1724 936/5268/1724
f 935/5269/1725 936/5270/1725 937/5271/1725
f 937/5272/1726 936/5273/1726 938/5274/1726
f 938/5275/1727 936/5276/1727 939/5277/1727
f 938/5278/1728 939/5279/1728 940/5280/1728
f 940/5281/1729 939/5282/1729 941/5283/1729
f 941/5284/1730 939/5285/1730 942/5286/1730
f 941/5287/1731 942/5288/1731 943/5289/1731
f 943/5290/1732 942/5291/1732 944/5292/1732
f 943/5293/1733 944/5294/1733 945/5295/1733
f 877/5296/1734 875/5297/1734 934/5298/1734
f 934/5299/1735 875/5300/1735 946/5301/1735
f 934/5302/1736 946/5303/1736 936/5304/1736
f 936/5305/1737 946/5306/1737 947/5307/1737
f 936/5308/1738 947/5309/1738 939/5310/1738
f 939/5311/1739 947/5312/1739 948/5313/1739
f 939/5314/1740 948/5315/1740 942/5316/1740
f 942/5317/1741 948/5318/1741 949/5319/1741
f 942/5320/1742 949/5321/1742 944/5322/1742
f 944/5323/1743 949/5324/1743 950/5325/1743
f 950/5326/1744 949/5327/1744 868/5328/1744
f 868/5329/1745 949/5330/1745 869/5331/1745
f 869/5332/1746 949/5333/1746 870/5334/1746
f 870/5335/1747 949/5336/1747 948/5337/1747
f 870/5338/1748 948/5339/1748 871/5340/1748
f 871/5341/1749 948/5342/1749 947/5343/1749
f 871/5344/1750 947/5345/1750 872/5346/1750
f 872/5347/1751 947/5348/1751 946/5349/1751
f 872/5350/1752 946/5351/1752 873/5352/1752
f 873/5353/1753 946/5354/1753 875/5355/1753
f 908/5356/1754 951/5357/1754 909/5358/1754
f 909/5359/1755 951/5360/1755 952/5361/1755
f 909/5362/1756 952/5363/1756 953/5364/1756
f 953/5365/1757 952/5366/1757 954/5367/1757
f 953/5368/1758 954/5369/1758 955/5370/1758
f 955/5371/1759 954/5372/1759 956/5373/1759
f 955/5374/1760 956/5375/1760 836/5376/1760
f 836/5377/1761 956/5378/1761 957/5379/1761
f 836/5380/1762 957/5381/1762 837/5382/1762
f 837/5383/1763 957/5384/1763 958/5385/1763
f 837/5386/1764 958/5387/1764 838/5388/1764
f 838/5389/1765 958/5390/1765 959/5391/1765
f 838/5392/1766 959/5393/1766 839/5394/1766
f 839/5395/1767 959/5396/1767 960/5397/1767
f 839/5398/1768 960/5399/1768 840/5400/1768
f 840/5401/1769 960/5402/1769 961/5403/1769
f 840/5404/1770 961/5405/1770 841/5406/1770
f 841/5407/1771 961/5408/1771 842/5409/1771
f 842/5410/1772 961/5411/1772 962/5412/1772
f 842/5413/1773 962/5414/1773 843/5415/1773
f 843/5416/1774 962/5417/1774 963/5418/1774
f 843/5419/1775 963/5420/1775 964/5421/1775
f 964/5422/1776 963/5423/1776 965/5424/1776
f 964/5425/1777 965/5426/1777 966/5427/1777
f 966/5428/1778 965/5429/1778 967/5430/1778
f 966/5431/1779 967/5432/1779 968/5433/1779
f 968/5434/1780 967/5435/1780 969/5436/1780
f 968/5437/1781 969/5438/1781 970/5439/1781
f 968/5440/1782 970/5441/1782 971/5442/1782
f 971/5443/1783 970/5444/1783 972/5445/1783
f 971/5446/1784 972/5447/1784 973/5448/1784
f 971/5449/1785 973/5450/1785 974/5451/1785
f 974/5452/1786 973/5453/1786 975/5454/1786
f 974/5455/1787 975/5456/1787 976/5457/1787
f 974/5458/1788 976/5459/1788 977/5460/1788
f 977/5461/1789 976/5462/1789 978/5463/1789
f 977/5464/1790 978/5465/1790 979/5466/1790
f 979/5467/1791 978/5468/1791 980/5469/1791
f 979/5470/1792 980/5471/1792 981/5472/1792
f 979/5473/1793 981/5474/1793 982/5475/1793
f 982/5476/1794 981/5477/1794 983/5478/1794
f 982/5479/1795 983/5480/1795 945/5481/1795
f 982/5482/1796 945/5483/1796 944/5484/1796
f 982/5485/1797 944/5486/1797 950/5487/1797
f 982/5488/1798 950/5489/1798 984/5490/1798
f 984/5491/1799 950/5492/1799 868/5493/1799
f 984/5494/1800 868/5495/1800 985/5496/1800
f 985/5497/1801 868/5498/1801 850/5499/1801
f 985/5500/1802 850/5501/1802 849/5502/1802
f 985/5503/1803 849/5504/1803 986/5505/1803
f 986/5506/1804 849/5507/1804 848/5508/1804
f 986/5509/1805 848/5510/1805 987/5511/1805
f 987/5512/1806 848/5513/1806 847/5514/1806
f 987/5515/1807 847/5516/1807 846/5517/1807
f 987/5518/1808 846/5519/1808 988/5520/1808
f 988/5521/1809 846/5522/1809 845/5523/1809
f 988/5524/1810 845/5525/1810 989/5526/1810
f 989/5527/1811 845/5528/1811 844/5529/1811
f 989/5530/1812 844/5531/1812 964/5532/1812
f 964/5533/1813 844/5534/1813 843/5535/1813
f 964/5536/1814 966/5537/1814 989/5538/1814
f 989/5539/1815 966/5540/1815 990/5541/1815
f 989/5542/1816 990/5543/1816 988/5544/1816
f 988/5545/1817 990/5546/1817 991/5547/1817
f 988/5548/1818 991/5549/1818 987/5550/1818
f 987/5551/1819 991/5552/1819 992/5553/1819
f 987/5554/1820 992/5555/1820 986/5556/1820
f 986/5557/1821 992/5558/1821 993/5559/1821
f 986/5560/1822 993/5561/1822 985/5562/1822
f 985/5563/1823 993/5564/1823 984/5565/1823
f 984/5566/1824 993/5567/1824 979/5568/1824
f 984/5569/1825 979/5570/1825 982/5571/1825
f 979/5572/1826 993/5573/1826 977/5574/1826
f 977/5575/1827 993/5576/1827 992/5577/1827
f 977/5578/1828 992/5579/1828 974/5580/1828
f 974/5581/1829 992/5582/1829 991/5583/1829
f 974/5584/1830 991/5585/1830 971/5586/1830
f 971/5587/1831 991/5588/1831 990/5589/1831
f 971/5590/1832 990/5591/1832 968/5592/1832
f 968/5593/1833 990/5594/1833 966/5595/1833
f 969/5596/1834 967/5597/1834 994/5598/1834
f 994/5599/1835 967/5600/1835 995/5601/1835
f 995/5602/1836 967/5603/1836 996/5604/1836
f 995/5605/1837 996/5606/1837 997/5607/1837
f 997/5608/1838 996/5609/1838 998/5610/1838
f 998/5611/1839 996/5612/1839 999/5613/1839
f 998/5614/1840 999/5615/1840 1000/5616/1840
f 1000/5617/1841 999/5618/1841 1001/5619/1841
f 1001/5620/1842 999/5621/1842 1002/5622/1842
f 1001/5623/1843 1002/5624/1843 1003/5625/1843
f 1003/5626/1844 1002/5627/1844 1004/5628/1844
f 1003/5629/1845 1004/5630/1845 1005/5631/1845
f 1005/5632/1846 1004/5633/1846 1006/5634/1846
f 1006/5635/1847 1004/5636/1847 1007/5637/1847
f 1006/5638/1848 1007/5639/1848 1008/5640/1848
f 1008/5641/1849 1007/5642/1849 1009/5643/1849
f 1009/5644/1850 1007/5645/1850 1010/5646/1850
f 1009/5647/1851 1010/5648/1851 1011/5649/1851
f 1011/5650/1852 1010/5651/1852 1012/5652/1852
f 1012/5653/1853 1010/5654/1853 1013/5655/1853
f 1012/5656/1854 1013/5657/1854 1014/5658/1854
f 1014/5659/1855 1013/5660/1855 1015/5661/1855
f 1014/5662/1856 1015/5663/1856 1016/5664/1856
f 1016/5665/1857 1015/5666/1857 1017/5667/1857
f 1017/5668/1858 1015/5669/1858 952/5670/1858
f 1017/5671/1859 952/5672/1859 951/5673/1859
f 952/5674/1860 1015/5675/1860 954/5676/1860
f 954/5677/1861 1015/5678/1861 1018/5679/1861
f 954/5680/1862 1018/5681/1862 956/5682/1862
f 956/5683/1863 1018/5684/1863 957/5685/1863
f 957/5686/1864 1018/5687/1864 1019/5688/1864
f 957/5689/1865 1019/5690/1865 958/5691/1865
f 958/5692/1866 1019/5693/1866 1020/5694/1866
f 958/5695/1867 1020/5696/1867 959/5697/1867
f 959/5698/1868 1020/5699/1868 1021/5700/1868
f 959/5701/1869 1021/5702/1869 960/5703/1869
f 960/5704/1870 1021/5705/1870 1022/5706/1870
f 960/5707/1871 1022/5708/1871 961/5709/1871
f 961/5710/1872 1022/5711/1872 1023/5712/1872
f 961/5713/1873 1023/5714/1873 962/5715/1873
f 962/5716/1874 1023/5717/1874 1024/5718/1874
f 962/5719/1875 1024/5720/1875 963/5721/1875
f 963/5722/1876 1024/5723/1876 965/5724/1876
f 965/5725/1877 1024/5726/1877 996/5727/1877
f 965/5728/1878 996/5729/1878 967/5730/1878
f 996/5731/1879 1024/5732/1879 999/5733/1879
f 999/5734/1880 1024/5735/1880 1023/5736/1880
f 999/5737/1881 1023/5738/1881 1002/5739/1881
f 1002/5740/1882 1023/5741/1882 1022/5742/1882
f 1002/5743/1883 1022/5744/1883 1004/5745/1883
f 1004/5746/1884 1022/5747/1884 1021/5748/1884
f 1004/5749/1885 1021/5750/1885 1007/5751/1885
f 1007/5752/1886 1021/5753/1886 1020/5754/1886
f 1007/5755/1887 1020/5756/1887 1010/5757/1887
f 1010/5758/1888 1020/5759/1888 1019/5760/1888
f 1010/5761/1889 1019/5762/1889 1013/5763/1889
f 1013/5764/1890 1019/5765/1890 1018/5766/1890
f 1013/5767/1891 1018/5768/1891 1015/5769/1891
f 836/5770/1892 835/5771/1892 955/5772/1892
f 955/5773/1893 835/5774/1893 1025/5775/1893
f 955/5776/1894 1025/5777/1894 953/5778/1894
f 953/5779/1895 1025/5780/1895 931/5781/1895
f 953/5782/1896 931/5783/1896 910/5784/1896
f 953/5785/1897 910/5786/1897 909/5787/1897
f 835/5788/1898 834/5789/1898 1025/5790/1898
f 1025/5791/1899 834/5792/1899 931/5793/1899
f 931/5794/1900 834/5795/1900 867/5796/1900
f 908/5797/1901 1026/5798/1901 951/5799/1901
f 951/5800/1902 1026/5801/1902 1027/5802/1902
f 951/5803/1903 1027/5804/1903 1017/5805/1903
f 1017/5806/1904 1027/5807/1904 1028/5808/1904
f 1017/5809/1905 1028/5810/1905 1016/5811/1905
f 1016/5812/1906 1028/5813/1906 1029/5814/1906
f 1016/5815/1907 1029/5816/1907 1014/5817/1907
f 1014/5818/1908 1029/5819/1908 1030/5820/1908
f 1014/5821/1909 1030/5822/1909 1012/5823/1909
f 1012/5824/1910 1030/5825/1910 1031/5826/1910
f 1012/5827/1911 1031/5828/1911 1011/5829/1911
f 1011/5830/1912 1031/5831/1912 1032/5832/1912
f 1011/5833/1913 1032/5834/1913 1009/5835/1913
f 1009/5836/1914 1032/5837/1914 1033/5838/1914
f 1009/5839/1915 1033/5840/1915 1008/5841/1915
f 1008/5842/1916 1033/5843/1916 1034/5844/1916
f 1008/5845/1917 1034/5846/1917 1006/5847/1917
f 1006/5848/1918 1034/5849/1918 1035/5850/1918
f 1006/5851/1919 1035/5852/1919 1005/5853/1919
f 1005/5854/1920 1035/5855/1920 1036/5856/1920
f 1005/5857/1921 1036/5858/1921 1003/5859/1921
f 1003/5860/1922 1036/5861/1922 1037/5862/1922
f 1003/5863/1923 1037/5864/1923 1001/5865/1923
f 1001/5866/1924 1037/5867/1924 1038/5868/1924
f 1001/5869/1925 1038/5870/1925 1000/5871/1925
f 1000/5872/1926 1038/5873/1926 1039/5874/1926
f 1000/5875/1927 1039/5876/1927 998/5877/1927
f 998/5878/1928 1039/5879/1928 1040/5880/1928
f 998/5881/1929 1040/5882/1929 997/5883/1929
f 997/5884/1930 1040/5885/1930 1041/5886/1930
f 997/5887/1931 1041/5888/1931 995/5889/1931
f 995/5890/1932 1041/5891/1932 1042/5892/1932
f 995/5893/1933 1042/5894/1933 994/5895/1933
f 994/5896/1934 1042/5897/1934 1043/5898/1934
f 994/5899/1935 1043/5900/1935 969/5901/1935
f 969/5902/1936 1043/5903/1936 1044/5904/1936
f 969/5905/1937 1044/5906/1937 970/5907/1937
f 970/5908/1938 1044/5909/1938 1045/5910/1938
f 970/5911/1939 1045/5912/1939 972/5913/1939
f 972/5914/1940 1045/5915/1940 1046/5916/1940
f 972/5917/1941 1046/5918/1941 973/5919/1941
f 973/5920/1942 1046/5921/1942 1047/5922/1942
f 973/5923/1943 1047/5924/1943 975/5925/1943
f 975/5926/1944 1047/5927/1944 1048/5928/1944
f 975/5929/1945 1048/5930/1945 976/5931/1945
f 976/5932/1946 1048/5933/1946 1049/5934/1946
f 976/5935/1947 1049/5936/1947 978/5937/1947
f 978/5938/1948 1049/5939/1948 1050/5940/1948
f 978/5941/1949 1050/5942/1949 980/5943/1949
f 980/5944/1950 1050/5945/1950 1051/5946/1950
f 980/5947/1951 1051/5948/1951 981/5949/1951
f 981/5950/1952 1051/5951/1952 1052/5952/1952
f 981/5953/1953 1052/5954/1953 983/5955/1953
f 983/5956/1954 1052/5957/1954 1053/5958/1954
f 983/5959/1955 1053/5960/1955 945/5961/1955
f 945/5962/1956 1053/5963/1956 1054/5964/1956
f 1055/5965/1957 1056/5966/1957 818/5967/1957
f 818/5968/1958 1056/5969/1958 820/5970/1958
f 820/5971/1959 1056/5972/1959 1057/5973/1959
f 820/5974/1960 1057/5975/1960 1058/5976/1960
f 820/5977/1961 1058/5978/1961 822/5979/1961
f 822/5980/1962 1058/5981/1962 1059/5982/1962
f 822/5983/1963 1059/5984/1963 1060/5985/1963
f 822/5986/514 1060/5987/514 824/5988/514
f 824/5989/514 1060/5990/514 1061/5991/514
f 824/5992/1964 1061/5993/1964 1062/5994/1964
f 824/5995/1965 1062/5996/1965 826/5997/1965
f 826/5998/514 1062/5999/514 1063/6000/514
f 826/6001/1966 1063/6002/1966 828/6003/1966
f 828/6004/1967 1063/6005/1967 1064/6006/1967
f 828/6007/1968 1064/6008/1968 1065/6009/1968
f 828/6010/1969 1065/6011/1969 830/6012/1969
f 830/6013/1970 1065/6014/1970 1066/6015/1970
f 830/6016/1971 1066/6017/1971 1067/6018/1971
f 830/6019/1972 1067/6020/1972 832/6021/1972
f 832/6022/1973 1067/6023/1973 1068/6024/1973
f 832/6025/1974 1068/6026/1974 1069/6027/1974
f 832/6028/1975 1069/6029/1975 817/6030/1975
f 817/6031/1976 1069/6032/1976 1070/6033/1976
f 817/6034/1977 1070/6035/1977 1071/6036/1977
f 817/6037/1978 1071/6038/1978 815/6039/1978
f 815/6040/1979 1071/6041/1979 1072/6042/1979
f 815/6043/1980 1072/6044/1980 1073/6045/1980
f 815/6046/1981 1073/6047/1981 813/6048/1981
f 813/6049/1982 1073/6050/1982 1074/6051/1982
f 813/6052/1983 1074/6053/1983 1075/6054/1983
f 813/6055/1984 1075/6056/1984 811/6057/1984
f 811/6058/1985 1075/6059/1985 1076/6060/1985
f 811/6061/1986 1076/6062/1986 1077/6063/1986
f 811/6064/1987 1077/6065/1987 809/6066/1987
f 809/6067/514 1077/6068/514 1078/6069/514
f 809/6070/1988 1078/6071/1988 1079/6072/1988
f 809/6073/1989 1079/6074/1989 807/6075/1989
f 807/6076/514 1079/6077/514 1080/6078/514
f 807/6079/514 1080/6080/514 805/6081/514
f 805/6082/1990 1080/6083/1990 1081/6084/1990
f 805/6085/1991 1081/6086/1991 1082/6087/1991
f 805/6088/1992 1082/6089/1992 803/6090/1992
f 803/6091/1993 1082/6092/1993 1083/6093/1993
f 803/6094/1994 1083/6095/1994 1084/6096/1994
f 803/6097/1995 1084/6098/1995 801/6099/1995
f 801/6100/1996 1084/6101/1996 1085/6102/1996
f 801/6103/1997 1085/6104/1997 1086/6105/1997
f 801/6106/1998 1086/6107/1998 800/6108/1998
f 800/6109/1999 1086/6110/1999 1087/6111/1999
f 800/6112/2000 1087/6113/2000 1088/6114/2000
f 800/6115/2001 1088/6116/2001 818/6117/2001
f 818/6118/2002 1088/6119/2002 1055/6120/2002
f 945/6121/2003 1054/6122/2003 943/6123/2003
f 943/6124/2004 1054/6125/2004 1089/6126/2004
f 943/6127/2005 1089/6128/2005 941/6129/2005
f 941/6130/2006 1089/6131/2006 1090/6132/2006
f 941/6133/2007 1090/6134/2007 940/6135/2007
f 940/6136/2008 1090/6137/2008 1091/6138/2008
f 940/6139/2009 1091/6140/2009 938/6141/2009
f 938/6142/2010 1091/6143/2010 1092/6144/2010
f 938/6145/2011 1092/6146/2011 937/6147/2011
f 937/6148/2012 1092/6149/2012 1093/6150/2012
f 937/6151/2013 1093/6152/2013 935/6153/2013
f 935/6154/2014 1093/6155/2014 1094/6156/2014
f 935/6157/2015 1094/6158/2015 933/6159/2015
f 933/6160/2016 1094/6161/2016 1095/6162/2016
f 933/6163/2017 1095/6164/2017 932/6165/2017
f 932/6166/2018 1095/6167/2018 1096/6168/2018
f 932/6169/2019 1096/6170/2019 879/6171/2019
f 879/6172/2020 1096/6173/2020 1097/6174/2020
f 879/6175/2021 1097/6176/2021 880/6177/2021
f 880/6178/2022 1097/6179/2022 1098/6180/2022
f 880/6181/2023 1098/6182/2023 881/6183/2023
f 881/6184/2024 1098/6185/2024 1099/6186/2024
f 881/6187/2025 1099/6188/2025 883/6189/2025
f 883/6190/2026 1099/6191/2026 1100/6192/2026
f 883/6193/2027 1100/6194/2027 885/6195/2027
f 885/6196/2028 1100/6197/2028 1101/6198/2028
f 885/6199/2029 1101/6200/2029 886/6201/2029
f 886/6202/2030 1101/6203/2030 1102/6204/2030
f 886/6205/2031 1102/6206/2031 888/6207/2031
f 888/6208/2032 1102/6209/2032 1103/6210/2032
f 888/6211/2033 1103/6212/2033 889/6213/2033
f 889/6214/2034 1103/6215/2034 1104/6216/2034
f 889/6217/2035 1104/6218/2035 891/6219/2035
f 891/6220/2036 1104/6221/2036 1105/6222/2036
f 891/6223/2037 1105/6224/2037 892/6225/2037
f 892/6226/2038 1105/6227/2038 1106/6228/2038
f 892/6229/2039 1106/6230/2039 894/6231/2039
f 894/6232/2040 1106/6233/2040 1107/6234/2040
f 894/6235/2041 1107/6236/2041 896/6237/2041
f 896/6238/2042 1107/6239/2042 1108/6240/2042
f 896/6241/2043 1108/6242/2043 897/6243/2043
f 897/6244/2044 1108/6245/2044 1109/6246/2044
f 897/6247/2045 1109/6248/2045 899/6249/2045
f 899/6250/2046 1109/6251/2046 1110/6252/2046
f 899/6253/2047 1110/6254/2047 900/6255/2047
f 900/6256/2048 1110/6257/2048 1111/6258/2048
f 900/6259/2049 1111/6260/2049 902/6261/2049
f 902/6262/2050 1111/6263/2050 1112/6264/2050
f 902/6265/2051 1112/6266/2051 904/6267/2051
f 904/6268/2052 1112/6269/2052 1113/6270/2052
f 904/6271/2053 1113/6272/2053 905/6273/2053
f 905/6274/2054 1113/6275/2054 1114/6276/2054
f 905/6277/2055 1114/6278/2055 907/6279/2055
f 907/6280/2056 1114/6281/2056 1115/6282/2056
f 907/6283/2057 1115/6284/2057 908/6285/2057
f 908/6286/2058 1115/6287/2058 1026/6288/2058
f 1087/6289/2059 1086/6290/2059 1116/6291/2059
f 1116/6292/2060 1086/6293/2060 1117/6294/2060
f 1116/6295/2061 1117/6296/2061 1118/6297/2061
f 1118/6298/2062 1117/6299/2062 1119/6300/2062
f 1118/6301/2063 1119/6302/2063 1090/6303/2063
f 1090/6304/2064 1119/6305/2064 1091/6306/2064
f 1091/6307/2065 1119/6308/2065 1092/6309/2065
f 1092/6310/2066 1119/6311/2066 1120/6312/2066
f 1092/6313/2067 1120/6314/2067 1093/6315/2067
f 1093/6316/2068 1120/6317/2068 1121/6318/2068
f 1093/6319/2069 1121/6320/2069 1094/6321/2069
f 1094/6322/2070 1121/6323/2070 1095/6324/2070
f 1095/6325/2071 1121/6326/2071 1122/6327/2071
f 1095/6328/2072 1122/6329/2072 1096/6330/2072
f 1096/6331/2073 1122/6332/2073 1097/6333/2073
f 1097/6334/2074 1122/6335/2074 1123/6336/2074
f 1097/6337/2075 1123/6338/2075 1098/6339/2075
f 1098/6340/2076 1123/6341/2076 1099/6342/2076
f 1099/6343/2077 1123/6344/2077 1124/6345/2077
f 1099/6346/2078 1124/6347/2078 1100/6348/2078
f 1100/6349/2079 1124/6350/2079 1125/6351/2079
f 1100/6352/2080 1125/6353/2080 1101/6354/2080
f 1101/6355/2081 1125/6356/2081 1102/6357/2081
f 1102/6358/2082 1125/6359/2082 1126/6360/2082
f 1102/6361/2083 1126/6362/2083 1103/6363/2083
f 1103/6364/2084 1126/6365/2084 1104/6366/2084
f 1104/6367/2085 1126/6368/2085 1127/6369/2085
f 1104/6370/2086 1127/6371/2086 1105/6372/2086
f 1105/6373/2087 1127/6374/2087 1106/6375/2087
f 1106/6376/2088 1127/6377/2088 1128/6378/2088
f 1106/6379/2089 1128/6380/2089 1107/6381/2089
f 1107/6382/2090 1128/6383/2090 1129/6384/2090
f 1107/6385/2091 1129/6386/2091 1108/6387/2091
f 1108/6388/2092 1129/6389/2092 1109/6390/2092
f 1109/6391/2093 1129/6392/2093 1130/6393/2093
f 1109/6394/2094 1130/6395/2094 1110/6396/2094
f 1110/6397/2095 1130/6398/2095 1131/6399/2095
f 1110/6400/2096 1131/6401/2096 1111/6402/2096
f 1111/6403/2097 1131/6404/2097 1112/6405/2097
f 1112/6406/2098 1131/6407/2098 1132/6408/2098
f 1112/6409/2099 1132/6410/2099 1113/6411/2099
f 1113/6412/2100 1132/6413/2100 1114/6414/2100
f 1114/6415/2101 1132/6416/2101 1133/6417/2101
f 1114/6418/2102 1133/6419/2102 1115/6420/2102
f 1115/6421/2103 1133/6422/2103 1134/6423/2103
f 1115/6424/2104 1134/6425/2104 1026/6426/2104
f 1090/6427/2105 1089/6428/2105 1118/6429/2105
f 1118/6430/2106 1089/6431/2106 1054/6432/2106
f 1118/6433/2107 1054/6434/2107 1135/6435/2107
f 1118/6436/2108 1135/6437/2108 1116/6438/2108
f 1086/6439/2109 1085/6440/2109 1117/6441/2109
f 1117/6442/2110 1085/6443/2110 1136/6444/2110
f 1117/6445/2111 1136/6446/2111 1119/6447/2111
f 1119/6448/2112 1136/6449/2112 1120/6450/2112
f 1120/6451/2113 1136/6452/2113 1137/6453/2113
f 1120/6454/2114 1137/6455/2114 1121/6456/2114
f 1121/6457/2115 1137/6458/2115 1138/6459/2115
f 1121/6460/2116 1138/6461/2116 1122/6462/2116
f 1122/6463/2117 1138/6464/2117 1139/6465/2117
f 1122/6466/2118 1139/6467/2118 1123/6468/2118
f 1123/6469/2119 1139/6470/2119 1140/6471/2119
f 1123/6472/2120 1140/6473/2120 1124/6474/2120
f 1124/6475/2121 1140/6476/2121 1141/6477/2121
f 1124/6478/2122 1141/6479/2122 1125/6480/2122
f 1125/6481/2123 1141/6482/2123 1142/6483/2123
f 1125/6484/2124 1142/6485/2124 1126/6486/2124
f 1126/6487/2125 1142/6488/2125 1143/6489/2125
f 1126/6490/2126 1143/6491/2126 1127/6492/2126
f 1127/6493/2127 1143/6494/2127 1144/6495/2127
f 1127/6496/2128 1144/6497/2128 1128/6498/2128
f 1128/6499/2129 1144/6500/2129 1145/6501/2129
f 1128/6502/2130 1145/6503/2130 1129/6504/2130
f 1129/6505/2131 1145/6506/2131 1146/6507/2131
f 1129/6508/2132 1146/6509/2132 1130/6510/2132
f 1130/6511/2133 1146/6512/2133 1147/6513/2133
f 1130/6514/2134 1147/6515/2134 1131/6516/2134
f 1131/6517/2135 1147/6518/2135 1148/6519/2135
f 1131/6520/2136 1148/6521/2136 1132/6522/2136
f 1132/6523/2137 1148/6524/2137 1149/6525/2137
f 1132/6526/2138 1149/6527/2138 1133/6528/2138
f 1133/6529/2139 1149/6530/2139 1150/6531/2139
f 1133/6532/2140 1150/6533/2140 1134/6534/2140
f 1134/6535/2141 1150/6536/2141 1151/6537/2141
f 1151/6538/2142 1150/6539/2142 1071/6540/2142
f 1151/6541/2143 1071/6542/2143 1070/6543/2143
f 1150/6544/2144 1149/6545/2144 1071/6546/2144
f 1071/6547/2145 1149/6548/2145 1072/6549/2145
f 1072/6550/2146 1149/6551/2146 1148/6552/2146
f 1072/6553/2147 1148/6554/2147 1073/6555/2147
f 1073/6556/2148 1148/6557/2148 1074/6558/2148
f 1074/6559/2149 1148/6560/2149 1147/6561/2149
f 1074/6562/2150 1147/6563/2150 1146/6564/2150
f 1074/6565/2151 1146/6566/2151 1075/6567/2151
f 1075/6568/2152 1146/6569/2152 1076/6570/2152
f 1076/6571/2153 1146/6572/2153 1145/6573/2153
f 1076/6574/2154 1145/6575/2154 1077/6576/2154
f 1077/6577/2155 1145/6578/2155 1144/6579/2155
f 1077/6580/2156 1144/6581/2156 1143/6582/2156
f 1077/6583/2157 1143/6584/2157 1078/6585/2157
f 1078/6586/2158 1143/6587/2158 1079/6588/2158
f 1079/6589/2159 1143/6590/2159 1142/6591/2159
f 1079/6592/2160 1142/6593/2160 1080/6594/2160
f 1080/6595/2161 1142/6596/2161 1141/6597/2161
f 1080/6598/2162 1141/6599/2162 1081/6600/2162
f 1081/6601/2163 1141/6602/2163 1140/6603/2163
f 1081/6604/2164 1140/6605/2164 1139/6606/2164
f 1081/6607/2165 1139/6608/2165 1082/6609/2165
f 1082/6610/2166 1139/6611/2166 1083/6612/2166
f 1083/6613/2167 1139/6614/2167 1138/6615/2167
f 1083/6616/2168 1138/6617/2168 1084/6618/2168
f 1084/6619/2169 1138/6620/2169 1137/6621/2169
f 1084/6622/2170 1137/6623/2170 1085/6624/2170
f 1085/6625/2171 1137/6626/2171 1136/6627/2171
f 1054/6628/2172 1053/6629/2172 1135/6630/2172
f 1135/6631/2173 1053/6632/2173 1152/6633/2173
f 1135/6634/2174 1152/6635/2174 1116/6636/2174
f 1116/6637/2175 1152/6638/2175 1153/6639/2175
f 1116/6640/2176 1153/6641/2176 1087/6642/2176
f 1087/6643/2177 1153/6644/2177 1088/6645/2177
f 1088/6646/2178 1153/6647/2178 1055/6648/2178
f 1055/6649/2179 1153/6650/2179 1154/6651/2179
f 1055/6652/2180 1154/6653/2180 1056/6654/2180
f 1056/6655/2181 1154/6656/2181 1155/6657/2181
f 1056/6658/2182 1155/6659/2182 1156/6660/2182
f 1156/6661/2183 1155/6662/2183 1157/6663/2183
f 1156/6664/2184 1157/6665/2184 1158/6666/2184
f 1158/6667/2185 1157/6668/2185 1049/6669/2185
f 1158/6670/2186 1049/6671/2186 1048/6672/2186
f 1158/6673/2187 1048/6674/2187 1047/6675/2187
f 1158/6676/2188 1047/6677/2188 1159/6678/2188
f 1159/6679/2189 1047/6680/2189 1046/6681/2189
f 1159/6682/2190 1046/6683/2190 1045/6684/2190
f 1159/6685/2191 1045/6686/2191 1160/6687/2191
f 1160/6688/2192 1045/6689/2192 1044/6690/2192
f 1160/6691/2193 1044/6692/2193 1161/6693/2193
f 1161/6694/2194 1044/6695/2194 1043/6696/2194
f 1161/6697/2195 1043/6698/2195 1042/6699/2195
f 1161/6700/2196 1042/6701/2196 1162/6702/2196
f 1162/6703/2197 1042/6704/2197 1041/6705/2197
f 1162/6706/2198 1041/6707/2198 1040/6708/2198
f 1162/6709/2199 1040/6710/2199 1163/6711/2199
f 1163/6712/2200 1040/6713/2200 1039/6714/2200
f 1163/6715/2201 1039/6716/2201 1038/6717/2201
f 1163/6718/2202 1038/6719/2202 1164/6720/2202
f 1164/6721/2203 1038/6722/2203 1037/6723/2203
f 1164/6724/2204 1037/6725/2204 1165/6726/2204
f 1165/6727/2205 1037/6728/2205 1036/6729/2205
f 1165/6730/2206 1036/6731/2206 1035/6732/2206
f 1165/6733/2207 1035/6734/2207 1166/6735/2207
f 1166/6736/2208 1035/6737/2208 1034/6738/2208
f 1166/6739/2209 1034/6740/2209 1033/6741/2209
f 1166/6742/2210 1033/6743/2210 1167/6744/2210
f 1167/6745/2211 1033/6746/2211 1032/6747/2211
f 1167/6748/2212 1032/6749/2212 1168/6750/2212
f 1168/6751/2213 1032/6752/2213 1031/6753/2213
f 1168/6754/2214 1031/6755/2214 1030/6756/2214
f 1168/6757/2215 1030/6758/2215 1169/6759/2215
f 1169/6760/2216 1030/6761/2216 1029/6762/2216
f 1169/6763/2217 1029/6764/2217 1028/6765/2217
f 1169/6766/2218 1028/6767/2218 1170/6768/2218
f 1170/6769/2219 1028/6770/2219 1027/6771/2219
f 1170/6772/2220 1027/6773/2220 1026/6774/2220
f 1170/6775/2221 1026/6776/2221 1134/6777/2221
f 1170/6778/2222 1134/6779/2222 1151/6780/2222
f 1170/6781/2223 1151/6782/2223 1171/6783/2223
f 1171/6784/2224 1151/6785/2224 1070/6786/2224
f 1171/6787/2225 1070/6788/2225 1069/6789/2225
f 1171/6790/2226 1069/6791/2226 1068/6792/2226
f 1171/6793/2227 1068/6794/2227 1172/6795/2227
f 1172/6796/2228 1068/6797/2228 1173/6798/2228
f 1172/6799/2229 1173/6800/2229 1168/6801/2229
f 1168/6802/2230 1173/6803/2230 1167/6804/2230
f 1167/6805/2231 1173/6806/2231 1174/6807/2231
f 1167/6808/2232 1174/6809/2232 1166/6810/2232
f 1166/6811/2233 1174/6812/2233 1175/6813/2233
f 1166/6814/2234 1175/6815/2234 1165/6816/2234
f 1165/6817/2235 1175/6818/2235 1176/6819/2235
f 1165/6820/2236 1176/6821/2236 1164/6822/2236
f 1164/6823/2237 1176/6824/2237 1177/6825/2237
f 1164/6826/2238 1177/6827/2238 1163/6828/2238
f 1163/6829/2239 1177/6830/2239 1178/6831/2239
f 1163/6832/2240 1178/6833/2240 1162/6834/2240
f 1162/6835/2241 1178/6836/2241 1179/6837/2241
f 1162/6838/2242 1179/6839/2242 1161/6840/2242
f 1161/6841/2243 1179/6842/2243 1180/6843/2243
f 1161/6844/2244 1180/6845/2244 1160/6846/2244
f 1160/6847/2245 1180/6848/2245 1181/6849/2245
f 1160/6850/2246 1181/6851/2246 1159/6852/2246
f 1159/6853/2247 1181/6854/2247 1182/6855/2247
f 1159/6856/2248 1182/6857/2248 1158/6858/2248
f 1158/6859/2249 1182/6860/2249 1156/6861/2249
f 1156/6862/2250 1182/6863/2250 1058/6864/2250
f 1156/6865/2251 1058/6866/2251 1057/6867/2251
f 1156/6868/2252 1057/6869/2252 1056/6870/2252
f 1058/6871/2253 1182/6872/2253 1059/6873/2253
f 1059/6874/2254 1182/6875/2254 1181/6876/2254
f 1059/6877/2255 1181/6878/2255 1060/6879/2255
f 1060/6880/2256 1181/6881/2256 1180/6882/2256
f 1060/6883/2257 1180/6884/2257 1061/6885/2257
f 1061/6886/2258 1180/6887/2258 1179/6888/2258
f 1061/6889/2259 1179/6890/2259 1062/6891/2259
f 1062/6892/2260 1179/6893/2260 1178/6894/2260
f 1062/6895/2261 1178/6896/2261 1063/6897/2261
f 1063/6898/2262 1178/6899/2262 1177/6900/2262
f 1063/6901/2263 1177/6902/2263 1176/6903/2263
f 1063/6904/2264 1176/6905/2264 1064/6906/2264
f 1064/6907/2265 1176/6908/2265 1065/6909/2265
f 1065/6910/2266 1176/6911/2266 1175/6912/2266
f 1065/6913/2267 1175/6914/2267 1066/6915/2267
f 1066/6916/2268 1175/6917/2268 1174/6918/2268
f 1066/6919/2269 1174/6920/2269 1067/6921/2269
f 1067/6922/2270 1174/6923/2270 1173/6924/2270
f 1067/6925/2271 1173/6926/2271 1068/6927/2271
f 1168/6928/2272 1169/6929/2272 1172/6930/2272
f 1172/6931/2273 1169/6932/2273 1171/6933/2273
f 1171/6934/2274 1169/6935/2274 1170/6936/2274
f 1049/6937/2275 1157/6938/2275 1050/6939/2275
f 1050/6940/2276 1157/6941/2276 1183/6942/2276
f 1050/6943/2277 1183/6944/2277 1051/6945/2277
f 1051/6946/2278 1183/6947/2278 1052/6948/2278
f 1052/6949/2279 1183/6950/2279 1152/6951/2279
f 1052/6952/2280 1152/6953/2280 1053/6954/2280
f 1157/6955/2281 1155/6956/2281 1183/6957/2281
f 1183/6958/2282 1155/6959/2282 1154/6960/2282
f 1183/6961/2283 1154/6962/2283 1152/6963/2283
f 1152/6964/2284 1154/6965/2284 1153/6966/2284
f 1184/6967/2285 1185/6968/2285 1186/6969/2285
f 1186/6970/2286 1185/6971/2286 1187/6972/2286
f 1187/6973/2287 1185/6974/2287 1188/6975/2287
f 1187/6976/2288 1188/6977/2288 1189/6978/2288
f 1189/6979/2289 1188/6980/2289 1190/6981/2289
f 1189/6982/2290 1190/6983/2290 1191/6984/2290
f 1191/6985/2291 1190/6986/2291 1192/6987/2291
f 1191/6988/2292 1192/6989/2292 1193/6990/2292
f 1193/6991/2293 1192/6992/2293 1194/6993/2293
f 1193/6994/1178 1194/6995/1178 1195/6996/1178
f 1195/6997/2294 1194/6998/2294 1196/6999/2294
f 1195/7000/2295 1196/7001/2295 1197/7002/2295
f 1197/7003/2296 1196/7004/2296 1198/7005/2296
f 1197/7006/2297 1198/7007/2297 1199/7008/2297
f 1199/7009/2298 1198/7010/2298 1200/7011/2298
f 1199/7012/2299 1200/7013/2299 1201/7014/2299
f 1201/7015/2300 1200/7016/2300 1202/7017/2300
f 1201/7018/2301 1202/7019/2301 1203/7020/2301
f 1186/7021/2302 1204/7022/2302 1184/7023/2302
f 1184/7024/2303 1204/7025/2303 1205/7026/2303
f 1205/7027/2304 1204/7028/2304 1206/7029/2304
f 1205/7030/2305 1206/7031/2305 1207/7032/2305
f 1207/7033/2306 1206/7034/2306 1208/7035/2306
f 1207/7036/2307 1208/7037/2307 1209/7038/2307
f 1209/7039/2308 1208/7040/2308 1210/7041/2308
f 1209/7042/2309 1210/7043/2309 1211/7044/2309
f 1211/7045/2310 1210/7046/2310 1212/7047/2310
f 1211/7048/2311 1212/7049/2311 1213/7050/2311
f 1213/7051/2312 1212/7052/2312 1214/7053/2312
f 1213/7054/2313 1214/7055/2313 1215/7056/2313
f 1215/7057/2314 1214/7058/2314 1216/7059/2314
f 1215/7060/2315 1216/7061/2315 1217/7062/2315
f 1217/7063/2316 1216/7064/2316 1218/7065/2316
f 1217/7066/2317 1218/7067/2317 1219/7068/2317
f 1219/7069/2318 1218/7070/2318 1203/7071/2318
f 1219/7072/2319 1203/7073/2319 1202/7074/2319
f 1202/7075/2320 1220/7076/2320 1219/7077/2320
f 1219/7078/2321 1220/7079/2321 1221/7080/2321
f 1219/7081/2322 1221/7082/2322 1222/7083/2322
f 1219/7084/2323 1222/7085/2323 1217/7086/2323
f 1217/7087/2324 1222/7088/2324 1223/7089/2324
f 1217/7090/2325 1223/7091/2325 1224/7092/2325
f 1217/7093/1568 1224/7094/1568 1215/7095/1568
f 1215/7096/1568 1224/7097/1568 1225/7098/1568
f 1215/7099/2326 1225/7100/2326 1226/7101/2326
f 1215/7102/2327 1226/7103/2327 1213/7104/2327
f 1213/7105/2328 1226/7106/2328 1227/7107/2328
f 1213/7108/2329 1227/7109/2329 1228/7110/2329
f 1213/7111/2330 1228/7112/2330 1211/7113/2330
f 1211/7114/2331 1228/7115/2331 1229/7116/2331
f 1211/7117/2332 1229/7118/2332 1209/7119/2332
f 1209/7120/2333 1229/7121/2333 1230/7122/2333
f 1209/7123/2334 1230/7124/2334 1231/7125/2334
f 1209/7126/2335 1231/7127/2335 1207/7128/2335
f 1207/7129/2336 1231/7130/2336 1232/7131/2336
f 1207/7132/2337 1232/7133/2337 1233/7134/2337
f 1207/7135/2338 1233/7136/2338 1205/7137/2338
f 1205/7138/2339 1233/7139/2339 1234/7140/2339
f 1205/7141/2340 1234/7142/2340 1235/7143/2340
f 1205/7144/2341 1235/7145/2341 1184/7146/2341
f 1184/7147/2342 1235/7148/2342 1236/7149/2342
f 1184/7150/2343 1236/7151/2343 1237/7152/2343
f 1184/7153/2344 1237/7154/2344 1185/7155/2344
f 1185/7156/2345 1237/7157/2345 1238/7158/2345
f 1185/7159/2346 1238/7160/2346 1239/7161/2346
f 1185/7162/2347 1239/7163/2347 1188/7164/2347
f 1188/7165/2348 1239/7166/2348 1240/7167/2348
f 1188/7168/1568 1240/7169/1568 1241/7170/1568
f 1188/7171/2349 1241/7172/2349 1190/7173/2349
f 1190/7174/2350 1241/7175/2350 1242/7176/2350
f 1190/7177/2351 1242/7178/2351 1243/7179/2351
f 1190/7180/2352 1243/7181/2352 1192/7182/2352
f 1192/7183/1568 1243/7184/1568 1244/7185/1568
f 1192/7186/2353 1244/7187/2353 1245/7188/2353
f 1192/7189/2354 1245/7190/2354 1194/7191/2354
f 1194/7192/2355 1245/7193/2355 1246/7194/2355
f 1194/7195/2356 1246/7196/2356 1196/7197/2356
f 1196/7198/2357 1246/7199/2357 1247/7200/2357
f 1196/7201/1568 1247/7202/1568 1248/7203/1568
f 1196/7204/1568 1248/7205/1568 1198/7206/1568
f 1198/7207/2358 1248/7208/2358 1249/7209/2358
f 1198/7210/2359 1249/7211/2359 1250/7212/2359
f 1198/7213/2360 1250/7214/2360 1200/7215/2360
f 1200/7216/2361 1250/7217/2361 1251/7218/2361
f 1200/7219/2362 1251/7220/2362 1252/7221/2362
f 1200/7222/2363 1252/7223/2363 1202/7224/2363
f 1202/7225/2364 1252/7226/2364 1253/7227/2364
f 1202/7228/2365 1253/7229/2365 1220/7230/2365
f 1236/7231/2366 1254/7232/2366 1237/7233/2366
f 1237/7234/2367 1254/7235/2367 1255/7236/2367
f 1237/7237/2368 1255/7238/2368 1238/7239/2368
f 1238/7240/2369 1255/7241/2369 1256/7242/2369
f 1238/7243/2370 1256/7244/2370 1239/7245/2370
f 1239/7246/2371 1256/7247/2371 1257/7248/2371
f 1239/7249/2372 1257/7250/2372 1240/7251/2372
f 1240/7252/2373 1257/7253/2373 1258/7254/2373
f 1240/7255/2374 1258/7256/2374 1241/7257/2374
f 1241/7258/2375 1258/7259/2375 1259/7260/2375
f 1241/7261/2376 1259/7262/2376 1260/7263/2376
f 1260/7264/2377 1259/7265/2377 1261/7266/2377
f 1260/7267/2378 1261/7268/2378 1262/7269/2378
f 1262/7270/2379 1261/7271/2379 1263/7272/2379
f 1262/7273/2380 1263/7274/2380 1264/7275/2380
f 1264/7276/2381 1263/7277/2381 1265/7278/2381
f 1264/7279/2382 1265/7280/2382 1266/7281/2382
f 1264/7282/2383 1266/7283/2383 1267/7284/2383
f 1264/7285/2384 1267/7286/2384 1268/7287/2384
f 1268/7288/2385 1267/7289/2385 1269/7290/2385
f 1268/7291/2386 1269/7292/2386 1270/7293/2386
f 1270/7294/2387 1269/7295/2387 1271/7296/2387
f 1270/7297/2388 1271/7298/2388 1272/7299/2388
f 1270/7300/2389 1272/7301/2389 1273/7302/2389
f 1273/7303/2390 1272/7304/2390 1274/7305/2390
f 1273/7306/2391 1274/7307/2391 1275/7308/2391
f 1273/7309/2392 1275/7310/2392 1276/7311/2392
f 1276/7312/2393 1275/7313/2393 1277/7314/2393
f 1276/7315/2394 1277/7316/2394 1278/7317/2394
f 1276/7318/2395 1278/7319/2395 1279/7320/2395
f 1279/7321/2396 1278/7322/2396 1280/7323/2396
f 1279/7324/2397 1280/7325/2397 1281/7326/2397
f 1281/7327/2398 1280/7328/2398 1282/7329/2398
f 1281/7330/2399 1282/7331/2399 1283/7332/2399
f 1281/7333/2400 1283/7334/2400 1284/7335/2400
f 1284/7336/2401 1283/7337/2401 1285/7338/2401
f 1284/7339/2402 1285/7340/2402 1286/7341/2402
f 1284/7342/2403 1286/7343/2403 1287/7344/2403
f 1287/7345/2404 1286/7346/2404 1288/7347/2404
f 1287/7348/2405 1288/7349/2405 1289/7350/2405
f 1289/7351/2406 1288/7352/2406 1290/7353/2406
f 1289/7354/2407 1290/7355/2407 1291/7356/2407
f 1289/7357/2408 1291/7358/2408 1292/7359/2408
f 1292/7360/2409 1291/7361/2409 1293/7362/2409
f 1292/7363/2410 1293/7364/2410 1294/7365/2410
f 1292/7366/2411 1294/7367/2411 1295/7368/2411
f 1292/7369/2412 1295/7370/2412 1296/7371/2412
f 1292/7372/2413 1296/7373/2413 1297/7374/2413
f 1297/7375/2414 1296/7376/2414 1298/7377/2414
f 1297/7378/2415 1298/7379/2415 1299/7380/2415
f 1299/7381/2416 1298/7382/2416 1300/7383/2416
f 1299/7384/2417 1300/7385/2417 1301/7386/2417
f 1301/7387/2418 1300/7388/2418 1302/7389/2418
f 1301/7390/2419 1302/7391/2419 1303/7392/2419
f 1303/7393/2420 1302/7394/2420 1304/7395/2420
f 1303/7396/2421 1304/7397/2421 1305/7398/2421
f 1305/7399/2422 1304/7400/2422 1306/7401/2422
f 1305/7402/2423 1306/7403/2423 1307/7404/2423
f 1307/7405/2424 1306/7406/2424 1308/7407/2424
f 1307/7408/2425 1308/7409/2425 1309/7410/2425
f 1309/7411/2426 1308/7412/2426 1310/7413/2426
f 1309/7414/2427 1310/7415/2427 1311/7416/2427
f 1311/7417/2428 1310/7418/2428 1312/7419/2428
f 1311/7420/2429 1312/7421/2429 1313/7422/2429
f 1313/7423/2430 1312/7424/2430 1314/7425/2430
f 1313/7426/2431 1314/7427/2431 1315/7428/2431
f 1315/7429/2432 1314/7430/2432 1316/7431/2432
f 1315/7432/2433 1316/7433/2433 1262/7434/2433
f 1262/7435/2434 1316/7436/2434 1260/7437/2434
f 1260/7438/2435 1316/7439/2435 1243/7440/2435
f 1260/7441/2436 1243/7442/2436 1242/7443/2436
f 1260/7444/2437 1242/7445/2437 1241/7446/2437
f 1243/7447/2438 1316/7448/2438 1244/7449/2438
f 1244/7450/2439 1316/7451/2439 1314/7452/2439
f 1244/7453/2440 1314/7454/2440 1312/7455/2440
f 1244/7456/2441 1312/7457/2441 1245/7458/2441
f 1245/7459/2442 1312/7460/2442 1246/7461/2442
f 1246/7462/2443 1312/7463/2443 1310/7464/2443
f 1246/7465/2444 1310/7466/2444 1308/7467/2444
f 1246/7468/2445 1308/7469/2445 1247/7470/2445
f 1247/7471/2446 1308/7472/2446 1248/7473/2446
f 1248/7474/2447 1308/7475/2447 1306/7476/2447
f 1248/7477/2448 1306/7478/2448 1249/7479/2448
f 1249/7480/2449 1306/7481/2449 1304/7482/2449
f 1249/7483/2450 1304/7484/2450 1250/7485/2450
f 1250/7486/2451 1304/7487/2451 1302/7488/2451
f 1250/7489/2452 1302/7490/2452 1251/7491/2452
f 1251/7492/2453 1302/7493/2453 1300/7494/2453
f 1251/7495/2454 1300/7496/2454 1252/7497/2454
f 1252/7498/2455 1300/7499/2455 1298/7500/2455
f 1252/7501/2456 1298/7502/2456 1253/7503/2456
f 1253/7504/2457 1298/7505/2457 1317/7506/2457
f 1317/7507/2458 1298/7508/2458 1296/7509/2458
f 1262/7510/2459 1264/7511/2459 1315/7512/2459
f 1315/7513/2460 1264/7514/2460 1268/7515/2460
f 1315/7516/2461 1268/7517/2461 1313/7518/2461
f 1313/7519/2462 1268/7520/2462 1270/7521/2462
f 1313/7522/2463 1270/7523/2463 1311/7524/2463
f 1311/7525/2464 1270/7526/2464 1273/7527/2464
f 1311/7528/2465 1273/7529/2465 1309/7530/2465
f 1309/7531/2466 1273/7532/2466 1276/7533/2466
f 1309/7534/2467 1276/7535/2467 1307/7536/2467
f 1307/7537/2468 1276/7538/2468 1279/7539/2468
f 1307/7540/2469 1279/7541/2469 1305/7542/2469
f 1305/7543/2470 1279/7544/2470 1281/7545/2470
f 1305/7546/2471 1281/7547/2471 1303/7548/2471
f 1303/7549/2472 1281/7550/2472 1284/7551/2472
f 1303/7552/2473 1284/7553/2473 1301/7554/2473
f 1301/7555/2474 1284/7556/2474 1287/7557/2474
f 1301/7558/2475 1287/7559/2475 1299/7560/2475
f 1299/7561/2476 1287/7562/2476 1289/7563/2476
f 1299/7564/2477 1289/7565/2477 1297/7566/2477
f 1297/7567/2478 1289/7568/2478 1292/7569/2478
f 1265/7570/2479 1263/7571/2479 1318/7572/2479
f 1318/7573/2480 1263/7574/2480 1319/7575/2480
f 1319/7576/2481 1263/7577/2481 1320/7578/2481
f 1319/7579/2482 1320/7580/2482 1321/7581/2482
f 1321/7582/2483 1320/7583/2483 1322/7584/2483
f 1321/7585/2484 1322/7586/2484 1323/7587/2484
f 1323/7588/2485 1322/7589/2485 1324/7590/2485
f 1324/7591/2486 1322/7592/2486 1325/7593/2486
f 1324/7594/2487 1325/7595/2487 1326/7596/2487
f 1326/7597/2488 1325/7598/2488 1327/7599/2488
f 1327/7600/2489 1325/7601/2489 1328/7602/2489
f 1327/7603/2490 1328/7604/2490 1329/7605/2490
f 1329/7606/2491 1328/7607/2491 1330/7608/2491
f 1329/7609/2492 1330/7610/2492 1331/7611/2492
f 1263/7612/2493 1261/7613/2493 1320/7614/2493
f 1320/7615/2494 1261/7616/2494 1332/7617/2494
f 1320/7618/2495 1332/7619/2495 1322/7620/2495
f 1322/7621/2496 1332/7622/2496 1333/7623/2496
f 1322/7624/2497 1333/7625/2497 1325/7626/2497
f 1325/7627/2498 1333/7628/2498 1334/7629/2498
f 1325/7630/2499 1334/7631/2499 1328/7632/2499
f 1328/7633/2500 1334/7634/2500 1335/7635/2500
f 1328/7636/2501 1335/7637/2501 1330/7638/2501
f 1330/7639/2502 1335/7640/2502 1336/7641/2502
f 1336/7642/2503 1335/7643/2503 1254/7644/2503
f 1254/7645/2504 1335/7646/2504 1255/7647/2504
f 1255/7648/2505 1335/7649/2505 1256/7650/2505
f 1256/7651/2506 1335/7652/2506 1334/7653/2506
f 1256/7654/2507 1334/7655/2507 1257/7656/2507
f 1257/7657/2508 1334/7658/2508 1333/7659/2508
f 1257/7660/2509 1333/7661/2509 1258/7662/2509
f 1258/7663/2510 1333/7664/2510 1332/7665/2510
f 1258/7666/2511 1332/7667/2511 1259/7668/2511
f 1259/7669/2512 1332/7670/2512 1261/7671/2512
f 1294/7672/2513 1337/7673/2513 1295/7674/2513
f 1295/7675/2514 1337/7676/2514 1338/7677/2514
f 1295/7678/2515 1338/7679/2515 1339/7680/2515
f 1339/7681/2516 1338/7682/2516 1340/7683/2516
f 1339/7684/2517 1340/7685/2517 1341/7686/2517
f 1341/7687/2518 1340/7688/2518 1342/7689/2518
f 1341/7690/2519 1342/7691/2519 1222/7692/2519
f 1222/7693/2520 1342/7694/2520 1343/7695/2520
f 1222/7696/2521 1343/7697/2521 1223/7698/2521
f 1223/7699/2522 1343/7700/2522 1344/7701/2522
f 1223/7702/2523 1344/7703/2523 1224/7704/2523
f 1224/7705/2524 1344/7706/2524 1345/7707/2524
f 1224/7708/2525 1345/7709/2525 1225/7710/2525
f 1225/7711/2526 1345/7712/2526 1346/7713/2526
f 1225/7714/2527 1346/7715/2527 1226/7716/2527
f 1226/7717/2528 1346/7718/2528 1347/7719/2528
f 1226/7720/2529 1347/7721/2529 1227/7722/2529
f 1227/7723/2530 1347/7724/2530 1228/7725/2530
f 1228/7726/2531 1347/7727/2531 1348/7728/2531
f 1228/7729/2532 1348/7730/2532 1229/7731/2532
f 1229/7732/2533 1348/7733/2533 1349/7734/2533
f 1229/7735/2534 1349/7736/2534 1350/7737/2534
f 1350/7738/2535 1349/7739/2535 1351/7740/2535
f 1350/7741/2536 1351/7742/2536 1352/7743/2536
f 1352/7744/2537 1351/7745/2537 1353/7746/2537
f 1352/7747/2538 1353/7748/2538 1354/7749/2538
f 1354/7750/2539 1353/7751/2539 1355/7752/2539
f 1354/7753/2540 1355/7754/2540 1356/7755/2540
f 1354/7756/2541 1356/7757/2541 1357/7758/2541
f 1357/7759/2542 1356/7760/2542 1358/7761/2542
f 1357/7762/2543 1358/7763/2543 1359/7764/2543
f 1357/7765/2544 1359/7766/2544 1360/7767/2544
f 1360/7768/2545 1359/7769/2545 1361/7770/2545
f 1360/7771/2546 1361/7772/2546 1362/7773/2546
f 1360/7774/2547 1362/7775/2547 1363/7776/2547
f 1363/7777/2548 1362/7778/2548 1364/7779/2548
f 1363/7780/2549 1364/7781/2549 1365/7782/2549
f 1365/7783/2550 1364/7784/2550 1366/7785/2550
f 1365/7786/2551 1366/7787/2551 1367/7788/2551
f 1365/7789/2552 1367/7790/2552 1368/7791/2552
f 1368/7792/2553 1367/7793/2553 1369/7794/2553
f 1368/7795/2554 1369/7796/2554 1331/7797/2554
f 1368/7798/2555 1331/7799/2555 1330/7800/2555
f 1368/7801/2556 1330/7802/2556 1336/7803/2556
f 1368/7804/2557 1336/7805/2557 1370/7806/2557
f 1370/7807/2558 1336/7808/2558 1254/7809/2558
f 1370/7810/2559 1254/7811/2559 1371/7812/2559
f 1371/7813/2560 1254/7814/2560 1236/7815/2560
f 1371/7816/2561 1236/7817/2561 1235/7818/2561
f 1371/7819/2562 1235/7820/2562 1372/7821/2562
f 1372/7822/2563 1235/7823/2563 1234/7824/2563
f 1372/7825/2564 1234/7826/2564 1373/7827/2564
f 1373/7828/2565 1234/7829/2565 1233/7830/2565
f 1373/7831/2566 1233/7832/2566 1232/7833/2566
f 1373/7834/2567 1232/7835/2567 1374/7836/2567
f 1374/7837/2568 1232/7838/2568 1231/7839/2568
f 1374/7840/2569 1231/7841/2569 1375/7842/2569
f 1375/7843/2570 1231/7844/2570 1230/7845/2570
f 1375/7846/2571 1230/7847/2571 1350/7848/2571
f 1350/7849/2572 1230/7850/2572 1229/7851/2572
f 1350/7852/2573 1352/7853/2573 1375/7854/2573
f 1375/7855/2574 1352/7856/2574 1376/7857/2574
f 1375/7858/2575 1376/7859/2575 1374/7860/2575
f 1374/7861/2576 1376/7862/2576 1377/7863/2576
f 1374/7864/2577 1377/7865/2577 1373/7866/2577
f 1373/7867/2578 1377/7868/2578 1378/7869/2578
f 1373/7870/2579 1378/7871/2579 1372/7872/2579
f 1372/7873/2580 1378/7874/2580 1379/7875/2580
f 1372/7876/2581 1379/7877/2581 1371/7878/2581
f 1371/7879/2582 1379/7880/2582 1370/7881/2582
f 1370/7882/2583 1379/7883/2583 1365/7884/2583
f 1370/7885/2584 1365/7886/2584 1368/7887/2584
f 1365/7888/2585 1379/7889/2585 1363/7890/2585
f 1363/7891/2586 1379/7892/2586 1378/7893/2586
f 1363/7894/2587 1378/7895/2587 1360/7896/2587
f 1360/7897/2588 1378/7898/2588 1377/7899/2588
f 1360/7900/2589 1377/7901/2589 1357/7902/2589
f 1357/7903/2590 1377/7904/2590 1376/7905/2590
f 1357/7906/2591 1376/7907/2591 1354/7908/2591
f 1354/7909/2592 1376/7910/2592 1352/7911/2592
f 1355/7912/2593 1353/7913/2593 1380/7914/2593
f 1380/7915/2594 1353/7916/2594 1381/7917/2594
f 1381/7918/2595 1353/7919/2595 1382/7920/2595
f 1381/7921/2596 1382/7922/2596 1383/7923/2596
f 1383/7924/2597 1382/7925/2597 1384/7926/2597
f 1384/7927/2598 1382/7928/2598 1385/7929/2598
f 1384/7930/2599 1385/7931/2599 1386/7932/2599
f 1386/7933/2600 1385/7934/2600 1387/7935/2600
f 1387/7936/2601 1385/7937/2601 1388/7938/2601
f 1387/7939/2602 1388/7940/2602 1389/7941/2602
f 1389/7942/2603 1388/7943/2603 1390/7944/2603
f 1389/7945/2604 1390/7946/2604 1391/7947/2604
f 1391/7948/2605 1390/7949/2605 1392/7950/2605
f 1392/7951/2606 1390/7952/2606 1393/7953/2606
f 1392/7954/2607 1393/7955/2607 1394/7956/2607
f 1394/7957/2608 1393/7958/2608 1395/7959/2608
f 1395/7960/2609 1393/7961/2609 1396/7962/2609
f 1395/7963/2610 1396/7964/2610 1397/7965/2610
f 1397/7966/2611 1396/7967/2611 1398/7968/2611
f 1398/7969/2612 1396/7970/2612 1399/7971/2612
f 1398/7972/2613 1399/7973/2613 1400/7974/2613
f 1400/7975/2614 1399/7976/2614 1401/7977/2614
f 1400/7978/2615 1401/7979/2615 1402/7980/2615
f 1402/7981/2616 1401/7982/2616 1403/7983/2616
f 1403/7984/2617 1401/7985/2617 1338/7986/2617
f 1403/7987/2618 1338/7988/2618 1337/7989/2618
f 1338/7990/2619 1401/7991/2619 1340/7992/2619
f 1340/7993/2620 1401/7994/2620 1404/7995/2620
f 1340/7996/2621 1404/7997/2621 1342/7998/2621
f 1342/7999/2622 1404/8000/2622 1343/8001/2622
f 1343/8002/2623 1404/8003/2623 1405/8004/2623
f 1343/8005/2624 1405/8006/2624 1344/8007/2624
f 1344/8008/2625 1405/8009/2625 1406/8010/2625
f 1344/8011/2626 1406/8012/2626 1345/8013/2626
f 1345/8014/2627 1406/8015/2627 1407/8016/2627
f 1345/8017/2628 1407/8018/2628 1346/8019/2628
f 1346/8020/2629 1407/8021/2629 1408/8022/2629
f 1346/8023/2630 1408/8024/2630 1347/8025/2630
f 1347/8026/2631 1408/8027/2631 1409/8028/2631
f 1347/8029/2632 1409/8030/2632 1348/8031/2632
f 1348/8032/2633 1409/8033/2633 1410/8034/2633
f 1348/8035/2634 1410/8036/2634 1349/8037/2634
f 1349/8038/2635 1410/8039/2635 1351/8040/2635
f 1351/8041/2636 1410/8042/2636 1382/8043/2636
f 1351/8044/2637 1382/8045/2637 1353/8046/2637
f 1382/8047/2638 1410/8048/2638 1385/8049/2638
f 1385/8050/2639 1410/8051/2639 1409/8052/2639
f 1385/8053/2640 1409/8054/2640 1388/8055/2640
f 1388/8056/2641 1409/8057/2641 1408/8058/2641
f 1388/8059/2642 1408/8060/2642 1390/8061/2642
f 1390/8062/2643 1408/8063/2643 1407/8064/2643
f 1390/8065/2644 1407/8066/2644 1393/8067/2644
f 1393/8068/2645 1407/8069/2645 1406/8070/2645
f 1393/8071/2646 1406/8072/2646 1396/8073/2646
f 1396/8074/2647 1406/8075/2647 1405/8076/2647
f 1396/8077/2648 1405/8078/2648 1399/8079/2648
f 1399/8080/2649 1405/8081/2649 1404/8082/2649
f 1399/8083/2650 1404/8084/2650 1401/8085/2650
f 1222/8086/2651 1221/8087/2651 1341/8088/2651
f 1341/8089/2652 1221/8090/2652 1411/8091/2652
f 1341/8092/2653 1411/8093/2653 1339/8094/2653
f 1339/8095/2654 1411/8096/2654 1317/8097/2654
f 1339/8098/2655 1317/8099/2655 1296/8100/2655
f 1339/8101/2656 1296/8102/2656 1295/8103/2656
f 1221/8104/2657 1220/8105/2657 1411/8106/2657
f 1411/8107/2658 1220/8108/2658 1317/8109/2658
f 1317/8110/2659 1220/8111/2659 1253/8112/2659
f 1294/8113/2660 1412/8114/2660 1337/8115/2660
f 1337/8116/2661 1412/8117/2661 1413/8118/2661
f 1337/8119/2662 1413/8120/2662 1403/8121/2662
f 1403/8122/2663 1413/8123/2663 1414/8124/2663
f 1403/8125/2664 1414/8126/2664 1402/8127/2664
f 1402/8128/2665 1414/8129/2665 1415/8130/2665
f 1402/8131/2666 1415/8132/2666 1400/8133/2666
f 1400/8134/2667 1415/8135/2667 1416/8136/2667
f 1400/8137/2668 1416/8138/2668 1398/8139/2668
f 1398/8140/2669 1416/8141/2669 1417/8142/2669
f 1398/8143/2670 1417/8144/2670 1397/8145/2670
f 1397/8146/2671 1417/8147/2671 1418/8148/2671
f 1397/8149/2672 1418/8150/2672 1395/8151/2672
f 1395/8152/2673 1418/8153/2673 1419/8154/2673
f 1395/8155/2674 1419/8156/2674 1394/8157/2674
f 1394/8158/2675 1419/8159/2675 1420/8160/2675
f 1394/8161/2676 1420/8162/2676 1392/8163/2676
f 1392/8164/2677 1420/8165/2677 1421/8166/2677
f 1392/8167/2678 1421/8168/2678 1391/8169/2678
f 1391/8170/2679 1421/8171/2679 1422/8172/2679
f 1391/8173/2680 1422/8174/2680 1389/8175/2680
f 1389/8176/1922 1422/8177/1922 1423/8178/1922
f 1389/8179/2681 1423/8180/2681 1387/8181/2681
f 1387/8182/2682 1423/8183/2682 1424/8184/2682
f 1387/8185/2683 1424/8186/2683 1386/8187/2683
f 1386/8188/2684 1424/8189/2684 1425/8190/2684
f 1386/8191/2685 1425/8192/2685 1384/8193/2685
f 1384/8194/2686 1425/8195/2686 1426/8196/2686
f 1384/8197/2687 1426/8198/2687 1383/8199/2687
f 1383/8200/2688 1426/8201/2688 1427/8202/2688
f 1383/8203/2689 1427/8204/2689 1381/8205/2689
f 1381/8206/2690 1427/8207/2690 1428/8208/2690
f 1381/8209/2691 1428/8210/2691 1380/8211/2691
f 1380/8212/2692 1428/8213/2692 1429/8214/2692
f 1380/8215/2693 1429/8216/2693 1355/8217/2693
f 1355/8218/2694 1429/8219/2694 1430/8220/2694
f 1355/8221/2695 1430/8222/2695 1356/8223/2695
f 1356/8224/2696 1430/8225/2696 1431/8226/2696
f 1356/8227/2697 1431/8228/2697 1358/8229/2697
f 1358/8230/2698 1431/8231/2698 1432/8232/2698
f 1358/8233/2699 1432/8234/2699 1359/8235/2699
f 1359/8236/2700 1432/8237/2700 1433/8238/2700
f 1359/8239/2701 1433/8240/2701 1361/8241/2701
f 1361/8242/2702 1433/8243/2702 1434/8244/2702
f 1361/8245/2703 1434/8246/2703 1362/8247/2703
f 1362/8248/2704 1434/8249/2704 1435/8250/2704
f 1362/8251/2705 1435/8252/2705 1364/8253/2705
f 1364/8254/2706 1435/8255/2706 1436/8256/2706
f 1364/8257/2707 1436/8258/2707 1366/8259/2707
f 1366/8260/2708 1436/8261/2708 1437/8262/2708
f 1366/8263/2709 1437/8264/2709 1367/8265/2709
f 1367/8266/2710 1437/8267/2710 1438/8268/2710
f 1367/8269/2711 1438/8270/2711 1369/8271/2711
f 1369/8272/2712 1438/8273/2712 1439/8274/2712
f 1369/8275/2713 1439/8276/2713 1331/8277/2713
f 1331/8278/2714 1439/8279/2714 1440/8280/2714
f 1441/8281/2715 1442/8282/2715 1204/8283/2715
f 1204/8284/2716 1442/8285/2716 1206/8286/2716
f 1206/8287/2717 1442/8288/2717 1443/8289/2717
f 1206/8290/2718 1443/8291/2718 1444/8292/2718
f 1206/8293/2719 1444/8294/2719 1208/8295/2719
f 1208/8296/2720 1444/8297/2720 1445/8298/2720
f 1208/8299/2721 1445/8300/2721 1446/8301/2721
f 1208/8302/2722 1446/8303/2722 1210/8304/2722
f 1210/8305/2723 1446/8306/2723 1447/8307/2723
f 1210/8308/2724 1447/8309/2724 1448/8310/2724
f 1210/8311/2725 1448/8312/2725 1212/8313/2725
f 1212/8314/2726 1448/8315/2726 1449/8316/2726
f 1212/8317/2727 1449/8318/2727 1214/8319/2727
f 1214/8320/2728 1449/8321/2728 1450/8322/2728
f 1214/8323/2729 1450/8324/2729 1451/8325/2729
f 1214/8326/2730 1451/8327/2730 1216/8328/2730
f 1216/8329/2731 1451/8330/2731 1452/8331/2731
f 1216/8332/2732 1452/8333/2732 1453/8334/2732
f 1216/8335/2733 1453/8336/2733 1218/8337/2733
f 1218/8338/2734 1453/8339/2734 1454/8340/2734
f 1218/8341/2735 1454/8342/2735 1455/8343/2735
f 1218/8344/2736 1455/8345/2736 1203/8346/2736
f 1203/8347/2737 1455/8348/2737 1456/8349/2737
f 1203/8350/2738 1456/8351/2738 1457/8352/2738
f 1203/8353/2739 1457/8354/2739 1201/8355/2739
f 1201/8356/2740 1457/8357/2740 1458/8358/2740
f 1201/8359/2741 1458/8360/2741 1459/8361/2741
f 1201/8362/2742 1459/8363/2742 1199/8364/2742
f 1199/8365/2743 1459/8366/2743 1460/8367/2743
f 1199/8368/2744 1460/8369/2744 1461/8370/2744
f 1199/8371/2745 1461/8372/2745 1197/8373/2745
f 1197/8374/2746 1461/8375/2746 1462/8376/2746
f 1197/8377/2747 1462/8378/2747 1463/8379/2747
f 1197/8380/2748 1463/8381/2748 1195/8382/2748
f 1195/8383/514 1463/8384/514 1464/8385/514
f 1195/8386/2724 1464/8387/2724 1465/8388/2724
f 1195/8389/2749 1465/8390/2749 1193/8391/2749
f 1193/8392/514 1465/8393/514 1466/8394/514
f 1193/8395/2750 1466/8396/2750 1191/8397/2750
f 1191/8398/2751 1466/8399/2751 1467/8400/2751
f 1191/8401/2752 1467/8402/2752 1468/8403/2752
f 1191/8404/2753 1468/8405/2753 1189/8406/2753
f 1189/8407/2754 1468/8408/2754 1469/8409/2754
f 1189/8410/2755 1469/8411/2755 1470/8412/2755
f 1189/8413/2756 1470/8414/2756 1187/8415/2756
f 1187/8416/2757 1470/8417/2757 1471/8418/2757
f 1187/8419/2758 1471/8420/2758 1472/8421/2758
f 1187/8422/2759 1472/8423/2759 1186/8424/2759
f 1186/8425/2760 1472/8426/2760 1473/8427/2760
f 1186/8428/2761 1473/8429/2761 1474/8430/2761
f 1186/8431/2762 1474/8432/2762 1204/8433/2762
f 1204/8434/2763 1474/8435/2763 1441/8436/2763
f 1331/8437/2764 1440/8438/2764 1329/8439/2764
f 1329/8440/2765 1440/8441/2765 1475/8442/2765
f 1329/8443/2766 1475/8444/2766 1327/8445/2766
f 1327/8446/2767 1475/8447/2767 1476/8448/2767
f 1327/8449/2768 1476/8450/2768 1326/8451/2768
f 1326/8452/2769 1476/8453/2769 1477/8454/2769
f 1326/8455/2770 1477/8456/2770 1324/8457/2770
f 1324/8458/2771 1477/8459/2771 1478/8460/2771
f 1324/8461/2772 1478/8462/2772 1323/8463/2772
f 1323/8464/2773 1478/8465/2773 1479/8466/2773
f 1323/8467/2774 1479/8468/2774 1321/8469/2774
f 1321/8470/2775 1479/8471/2775 1480/8472/2775
f 1321/8473/2776 1480/8474/2776 1319/8475/2776
f 1319/8476/2777 1480/8477/2777 1481/8478/2777
f 1319/8479/2778 1481/8480/2778 1318/8481/2778
f 1318/8482/2779 1481/8483/2779 1482/8484/2779
f 1318/8485/2780 1482/8486/2780 1265/8487/2780
f 1265/8488/2781 1482/8489/2781 1483/8490/2781
f 1265/8491/2782 1483/8492/2782 1266/8493/2782
f 1266/8494/2783 1483/8495/2783 1484/8496/2783
f 1266/8497/2784 1484/8498/2784 1267/8499/2784
f 1267/8500/2785 1484/8501/2785 1485/8502/2785
f 1267/8503/2786 1485/8504/2786 1269/8505/2786
f 1269/8506/2787 1485/8507/2787 1486/8508/2787
f 1269/8509/2788 1486/8510/2788 1271/8511/2788
f 1271/8512/2789 1486/8513/2789 1487/8514/2789
f 1271/8515/2790 1487/8516/2790 1272/8517/2790
f 1272/8518/2791 1487/8519/2791 1488/8520/2791
f 1272/8521/2792 1488/8522/2792 1274/8523/2792
f 1274/8524/2793 1488/8525/2793 1489/8526/2793
f 1274/8527/2794 1489/8528/2794 1275/8529/2794
f 1275/8530/2795 1489/8531/2795 1490/8532/2795
f 1275/8533/2796 1490/8534/2796 1277/8535/2796
f 1277/8536/2797 1490/8537/2797 1491/8538/2797
f 1277/8539/2798 1491/8540/2798 1278/8541/2798
f 1278/8542/2799 1491/8543/2799 1492/8544/2799
f 1278/8545/2800 1492/8546/2800 1280/8547/2800
f 1280/8548/2801 1492/8549/2801 1493/8550/2801
f 1280/8551/2802 1493/8552/2802 1282/8553/2802
f 1282/8554/2803 1493/8555/2803 1494/8556/2803
f 1282/8557/2804 1494/8558/2804 1283/8559/2804
f 1283/8560/2805 1494/8561/2805 1495/8562/2805
f 1283/8563/2806 1495/8564/2806 1285/8565/2806
f 1285/8566/2807 1495/8567/2807 1496/8568/2807
f 1285/8569/2808 1496/8570/2808 1286/8571/2808
f 1286/8572/2809 1496/8573/2809 1497/8574/2809
f 1286/8575/2810 1497/8576/2810 1288/8577/2810
f 1288/8578/2811 1497/8579/2811 1498/8580/2811
f 1288/8581/2812 1498/8582/2812 1290/8583/2812
f 1290/8584/2813 1498/8585/2813 1499/8586/2813
f 1290/8587/2814 1499/8588/2814 1291/8589/2814
f 1291/8590/2815 1499/8591/2815 1500/8592/2815
f 1291/8593/2816 1500/8594/2816 1293/8595/2816
f 1293/8596/2817 1500/8597/2817 1501/8598/2817
f 1293/8599/2818 1501/8600/2818 1294/8601/2818
f 1294/8602/2819 1501/8603/2819 1412/8604/2819
f 1473/8605/2820 1472/8606/2820 1502/8607/2820
f 1502/8608/2821 1472/8609/2821 1503/8610/2821
f 1502/8611/2822 1503/8612/2822 1504/8613/2822
f 1504/8614/2823 1503/8615/2823 1505/8616/2823
f 1504/8617/2824 1505/8618/2824 1476/8619/2824
f 1476/8620/2825 1505/8621/2825 1477/8622/2825
f 1477/8623/2826 1505/8624/2826 1478/8625/2826
f 1478/8626/2827 1505/8627/2827 1506/8628/2827
f 1478/8629/2828 1506/8630/2828 1479/8631/2828
f 1479/8632/2829 1506/8633/2829 1507/8634/2829
f 1479/8635/2830 1507/8636/2830 1480/8637/2830
f 1480/8638/2831 1507/8639/2831 1481/8640/2831
f 1481/8641/2832 1507/8642/2832 1508/8643/2832
f 1481/8644/2833 1508/8645/2833 1482/8646/2833
f 1482/8647/2834 1508/8648/2834 1483/8649/2834
f 1483/8650/2835 1508/8651/2835 1509/8652/2835
f 1483/8653/2836 1509/8654/2836 1484/8655/2836
f 1484/8656/2837 1509/8657/2837 1485/8658/2837
f 1485/8659/2838 1509/8660/2838 1510/8661/2838
f 1485/8662/2839 1510/8663/2839 1486/8664/2839
f 1486/8665/2840 1510/8666/2840 1511/8667/2840
f 1486/8668/2841 1511/8669/2841 1487/8670/2841
f 1487/8671/2842 1511/8672/2842 1488/8673/2842
f 1488/8674/2843 1511/8675/2843 1512/8676/2843
f 1488/8677/2844 1512/8678/2844 1489/8679/2844
f 1489/8680/2845 1512/8681/2845 1490/8682/2845
f 1490/8683/2846 1512/8684/2846 1513/8685/2846
f 1490/8686/2847 1513/8687/2847 1491/8688/2847
f 1491/8689/2848 1513/8690/2848 1492/8691/2848
f 1492/8692/2849 1513/8693/2849 1514/8694/2849
f 1492/8695/2850 1514/8696/2850 1493/8697/2850
f 1493/8698/2851 1514/8699/2851 1515/8700/2851
f 1493/8701/2852 1515/8702/2852 1494/8703/2852
f 1494/8704/2853 1515/8705/2853 1495/8706/2853
f 1495/8707/2854 1515/8708/2854 1516/8709/2854
f 1495/8710/2855 1516/8711/2855 1496/8712/2855
f 1496/8713/2856 1516/8714/2856 1517/8715/2856
f 1496/8716/2857 1517/8717/2857 1497/8718/2857
f 1497/8719/2858 1517/8720/2858 1498/8721/2858
f 1498/8722/2859 1517/8723/2859 1518/8724/2859
f 1498/8725/2860 1518/8726/2860 1499/8727/2860
f 1499/8728/2861 1518/8729/2861 1500/8730/2861
f 1500/8731/2862 1518/8732/2862 1519/8733/2862
f 1500/8734/2863 1519/8735/2863 1501/8736/2863
f 1501/8737/2864 1519/8738/2864 1520/8739/2864
f 1501/8740/2865 1520/8741/2865 1412/8742/2865
f 1476/8743/2866 1475/8744/2866 1504/8745/2866
f 1504/8746/2867 1475/8747/2867 1440/8748/2867
f 1504/8749/2868 1440/8750/2868 1521/8751/2868
f 1504/8752/2869 1521/8753/2869 1502/8754/2869
f 1472/8755/2870 1471/8756/2870 1503/8757/2870
f 1503/8758/2871 1471/8759/2871 1522/8760/2871
f 1503/8761/2872 1522/8762/2872 1505/8763/2872
f 1505/8764/2873 1522/8765/2873 1506/8766/2873
f 1506/8767/2874 1522/8768/2874 1523/8769/2874
f 1506/8770/2875 1523/8771/2875 1507/8772/2875
f 1507/8773/2876 1523/8774/2876 1524/8775/2876
f 1507/8776/2877 1524/8777/2877 1508/8778/2877
f 1508/8779/2878 1524/8780/2878 1525/8781/2878
f 1508/8782/2879 1525/8783/2879 1509/8784/2879
f 1509/8785/2880 1525/8786/2880 1526/8787/2880
f 1509/8788/2881 1526/8789/2881 1510/8790/2881
f 1510/8791/2882 1526/8792/2882 1527/8793/2882
f 1510/8794/2883 1527/8795/2883 1511/8796/2883
f 1511/8797/2884 1527/8798/2884 1528/8799/2884
f 1511/8800/2885 1528/8801/2885 1512/8802/2885
f 1512/8803/2886 1528/8804/2886 1529/8805/2886
f 1512/8806/2887 1529/8807/2887 1513/8808/2887
f 1513/8809/2888 1529/8810/2888 1530/8811/2888
f 1513/8812/2889 1530/8813/2889 1514/8814/2889
f 1514/8815/2890 1530/8816/2890 1531/8817/2890
f 1514/8818/2891 1531/8819/2891 1515/8820/2891
f 1515/8821/2892 1531/8822/2892 1532/8823/2892
f 1515/8824/2893 1532/8825/2893 1516/8826/2893
f 1516/8827/2894 1532/8828/2894 1533/8829/2894
f 1516/8830/2895 1533/8831/2895 1517/8832/2895
f 1517/8833/2896 1533/8834/2896 1534/8835/2896
f 1517/8836/2897 1534/8837/2897 1518/8838/2897
f 1518/8839/2898 1534/8840/2898 1535/8841/2898
f 1518/8842/2899 1535/8843/2899 1519/8844/2899
f 1519/8845/2900 1535/8846/2900 1536/8847/2900
f 1519/8848/2901 1536/8849/2901 1520/8850/2901
f 1520/8851/2902 1536/8852/2902 1537/8853/2902
f 1537/8854/2903 1536/8855/2903 1457/8856/2903
f 1537/8857/2904 1457/8858/2904 1456/8859/2904
f 1536/8860/2905 1535/8861/2905 1457/8862/2905
f 1457/8863/2906 1535/8864/2906 1458/8865/2906
f 1458/8866/2907 1535/8867/2907 1534/8868/2907
f 1458/8869/2908 1534/8870/2908 1459/8871/2908
f 1459/8872/2909 1534/8873/2909 1460/8874/2909
f 1460/8875/2910 1534/8876/2910 1533/8877/2910
f 1460/8878/2911 1533/8879/2911 1532/8880/2911
f 1460/8881/2912 1532/8882/2912 1461/8883/2912
f 1461/8884/2913 1532/8885/2913 1462/8886/2913
f 1462/8887/2914 1532/8888/2914 1531/8889/2914
f 1462/8890/2915 1531/8891/2915 1463/8892/2915
f 1463/8893/2916 1531/8894/2916 1530/8895/2916
f 1463/8896/2917 1530/8897/2917 1529/8898/2917
f 1463/8899/2918 1529/8900/2918 1464/8901/2918
f 1464/8902/2919 1529/8903/2919 1465/8904/2919
f 1465/8905/2920 1529/8906/2920 1528/8907/2920
f 1465/8908/2921 1528/8909/2921 1466/8910/2921
f 1466/8911/2922 1528/8912/2922 1527/8913/2922
f 1466/8914/2923 1527/8915/2923 1467/8916/2923
f 1467/8917/2924 1527/8918/2924 1526/8919/2924
f 1467/8920/2925 1526/8921/2925 1525/8922/2925
f 1467/8923/2926 1525/8924/2926 1468/8925/2926
f 1468/8926/2927 1525/8927/2927 1469/8928/2927
f 1469/8929/2928 1525/8930/2928 1524/8931/2928
f 1469/8932/2929 1524/8933/2929 1470/8934/2929
f 1470/8935/2930 1524/8936/2930 1523/8937/2930
f 1470/8938/2931 1523/8939/2931 1471/8940/2931
f 1471/8941/2932 1523/8942/2932 1522/8943/2932
f 1440/8944/2933 1439/8945/2933 1521/8946/2933
f 1521/8947/2934 1439/8948/2934 1538/8949/2934
f 1521/8950/2935 1538/8951/2935 1502/8952/2935
f 1502/8953/2936 1538/8954/2936 1539/8955/2936
f 1502/8956/2937 1539/8957/2937 1473/8958/2937
f 1473/8959/2938 1539/8960/2938 1474/8961/2938
f 1474/8962/2939 1539/8963/2939 1441/8964/2939
f 1441/8965/2940 1539/8966/2940 1540/8967/2940
f 1441/8968/2941 1540/8969/2941 1442/8970/2941
f 1442/8971/2942 1540/8972/2942 1541/8973/2942
f 1442/8974/2943 1541/8975/2943 1542/8976/2943
f 1542/8977/2944 1541/8978/2944 1543/8979/2944
f 1542/8980/2945 1543/8981/2945 1544/8982/2945
f 1544/8983/2946 1543/8984/2946 1435/8985/2946
f 1544/8986/2947 1435/8987/2947 1434/8988/2947
f 1544/8989/2948 1434/8990/2948 1433/8991/2948
f 1544/8992/2949 1433/8993/2949 1545/8994/2949
f 1545/8995/2950 1433/8996/2950 1432/8997/2950
f 1545/8998/2951 1432/8999/2951 1431/9000/2951
f 1545/9001/2952 1431/9002/2952 1546/9003/2952
f 1546/9004/2953 1431/9005/2953 1430/9006/2953
f 1546/9007/2954 1430/9008/2954 1547/9009/2954
f 1547/9010/2955 1430/9011/2955 1429/9012/2955
f 1547/9013/2956 1429/9014/2956 1428/9015/2956
f 1547/9016/2957 1428/9017/2957 1548/9018/2957
f 1548/9019/2958 1428/9020/2958 1427/9021/2958
f 1548/9022/2959 1427/9023/2959 1426/9024/2959
f 1548/9025/2960 1426/9026/2960 1549/9027/2960
f 1549/9028/2961 1426/9029/2961 1425/9030/2961
f 1549/9031/2962 1425/9032/2962 1424/9033/2962
f 1549/9034/2963 1424/9035/2963 1550/9036/2963
f 1550/9037/2964 1424/9038/2964 1423/9039/2964
f 1550/9040/2965 1423/9041/2965 1551/9042/2965
f 1551/9043/2966 1423/9044/2966 1422/9045/2966
f 1551/9046/2967 1422/9047/2967 1421/9048/2967
f 1551/9049/2968 1421/9050/2968 1552/9051/2968
f 1552/9052/2969 1421/9053/2969 1420/9054/2969
f 1552/9055/2970 1420/9056/2970 1419/9057/2970
f 1552/9058/2971 1419/9059/2971 1553/9060/2971
f 1553/9061/2972 1419/9062/2972 1418/9063/2972
f 1553/9064/2973 1418/9065/2973 1554/9066/2973
f 1554/9067/2974 1418/9068/2974 1417/9069/2974
f 1554/9070/2975 1417/9071/2975 1416/9072/2975
f 1554/9073/2976 1416/9074/2976 1555/9075/2976
f 1555/9076/2977 1416/9077/2977 1415/9078/2977
f 1555/9079/2978 1415/9080/2978 1414/9081/2978
f 1555/9082/2979 1414/9083/2979 1556/9084/2979
f 1556/9085/2980 1414/9086/2980 1413/9087/2980
f 1556/9088/2981 1413/9089/2981 1412/9090/2981
f 1556/9091/2982 1412/9092/2982 1520/9093/2982
f 1556/9094/2983 1520/9095/2983 1537/9096/2983
f 1556/9097/2984 1537/9098/2984 1557/9099/2984
f 1557/9100/2985 1537/9101/2985 1456/9102/2985
f 1557/9103/2986 1456/9104/2986 1455/9105/2986
f 1557/9106/2987 1455/9107/2987 1454/9108/2987
f 1557/9109/2988 1454/9110/2988 1558/9111/2988
f 1558/9112/2989 1454/9113/2989 1559/9114/2989
f 1558/9115/2990 1559/9116/2990 1554/9117/2990
f 1554/9118/2991 1559/9119/2991 1553/9120/2991
f 1553/9121/2992 1559/9122/2992 1560/9123/2992
f 1553/9124/2993 1560/9125/2993 1552/9126/2993
f 1552/9127/2994 1560/9128/2994 1561/9129/2994
f 1552/9130/2995 1561/9131/2995 1551/9132/2995
f 1551/9133/2996 1561/9134/2996 1562/9135/2996
f 1551/9136/2997 1562/9137/2997 1550/9138/2997
f 1550/9139/2998 1562/9140/2998 1563/9141/2998
f 1550/9142/2999 1563/9143/2999 1549/9144/2999
f 1549/9145/3000 1563/9146/3000 1564/9147/3000
f 1549/9148/3001 1564/9149/3001 1548/9150/3001
f 1548/9151/3002 1564/9152/3002 1565/9153/3002
f 1548/9154/3003 1565/9155/3003 1547/9156/3003
f 1547/9157/3004 1565/9158/3004 1566/9159/3004
f 1547/9160/3005 1566/9161/3005 1546/9162/3005
f 1546/9163/3006 1566/9164/3006 1567/9165/3006
f 1546/9166/3007 1567/9167/3007 1545/9168/3007
f 1545/9169/3008 1567/9170/3008 1568/9171/3008
f 1545/9172/3009 1568/9173/3009 1544/9174/3009
f 1544/9175/3010 1568/9176/3010 1542/9177/3010
f 1542/9178/3011 1568/9179/3011 1444/9180/3011
f 1542/9181/3012 1444/9182/3012 1443/9183/3012
f 1542/9184/3013 1443/9185/3013 1442/9186/3013
f 1444/9187/3014 1568/9188/3014 1445/9189/3014
f 1445/9190/3015 1568/9191/3015 1567/9192/3015
f 1445/9193/3016 1567/9194/3016 1446/9195/3016
f 1446/9196/3017 1567/9197/3017 1566/9198/3017
f 1446/9199/3018 1566/9200/3018 1447/9201/3018
f 1447/9202/3019 1566/9203/3019 1565/9204/3019
f 1447/9205/3020 1565/9206/3020 1448/9207/3020
f 1448/9208/3021 1565/9209/3021 1564/9210/3021
f 1448/9211/3022 1564/9212/3022 1449/9213/3022
f 1449/9214/3023 1564/9215/3023 1563/9216/3023
f 1449/9217/3024 1563/9218/3024 1562/9219/3024
f 1449/9220/3025 1562/9221/3025 1450/9222/3025
f 1450/9223/3026 1562/9224/3026 1451/9225/3026
f 1451/9226/3027 1562/9227/3027 1561/9228/3027
f 1451/9229/3028 1561/9230/3028 1452/9231/3028
f 1452/9232/3029 1561/9233/3029 1560/9234/3029
f 1452/9235/3030 1560/9236/3030 1453/9237/3030
f 1453/9238/3031 1560/9239/3031 1559/9240/3031
f 1453/9241/3032 1559/9242/3032 1454/9243/3032
f 1554/9244/3033 1555/9245/3033 1558/9246/3033
f 1558/9247/3034 1555/9248/3034 1557/9249/3034
f 1557/9250/3035 1555/9251/3035 1556/9252/3035
f 1435/9253/3036 1543/9254/3036 1436/9255/3036
f 1436/9256/3037 1543/9257/3037 1569/9258/3037
f 1436/9259/3038 1569/9260/3038 1437/9261/3038
f 1437/9262/3039 1569/9263/3039 1438/9264/3039
f 1438/9265/3040 1569/9266/3040 1538/9267/3040
f 1438/9268/3041 1538/9269/3041 1439/9270/3041
f 1543/9271/3042 1541/9272/3042 1569/9273/3042
f 1569/9274/3043 1541/9275/3043 1540/9276/3043
f 1569/9277/3044 1540/9278/3044 1538/9279/3044
f 1538/9280/3045 1540/9281/3045 1539/9282/3045
f 18/9283/3046 20/9284/3046 16/9285/3046
f 16/9286/3047 20/9287/3047 3/9288/3047
f 16/9289/3048 3/9290/3048 14/9291/3048
f 14/9292/3049 3/9293/3049 5/9294/3049
f 5/9295/3050 3/9296/3050 4/9297/3050
f 5/9298/3051 4/9299/3051 11/9300/3051
f 5/9301/3052 11/9302/3052 6/9303/3052
f 6/9304/3053 11/9305/3053 9/9306/3053
f 17/9307/3054 15/9308/3054 19/9309/3054
f 19/9310/3055 15/9311/3055 13/9312/3055
f 19/9313/3056 13/9314/3056 1/9315/3056
f 1/9316/3057 13/9317/3057 2/9318/3057
f 2/9319/3058 13/9320/3058 7/9321/3058
f 2/9322/3059 7/9323/3059 8/9324/3059
f 2/9325/3060 8/9326/3060 12/9327/3060
f 12/9328/3061 8/9329/3061 10/9330/3061
f 1570/9331/3062 1571/9332/3062 1572/9333/3062
f 1572/9334/3063 1571/9335/3063 1573/9336/3063
f 1573/9337/3064 1571/9338/3064 1574/9339/3064
f 1573/9340/3065 1574/9341/3065 1575/9342/3065
f 1575/9343/3066 1574/9344/3066 1576/9345/3066
f 1575/9346/3067 1576/9347/3067 1577/9348/3067
f 1577/9349/3068 1576/9350/3068 1578/9351/3068
f 1577/9352/3069 1578/9353/3069 1579/9354/3069
f 1579/9355/3070 1578/9356/3070 1580/9357/3070
f 1579/9358/3071 1580/9359/3071 1581/9360/3071
f 1581/9361/3072 1580/9362/3072 1582/9363/3072
f 1581/9364/3073 1582/9365/3073 1583/9366/3073
f 1583/9367/3074 1582/9368/3074 1584/9369/3074
f 1583/9370/3075 1584/9371/3075 1585/9372/3075
f 1585/9373/3076 1584/9374/3076 1586/9375/3076
f 1585/9376/3077 1586/9377/3077 1587/9378/3077
f 1572/9379/3078 1588/9380/3078 1570/9381/3078
f 1570/9382/3079 1588/9383/3079 1589/9384/3079
f 1589/9385/3080 1588/9386/3080 1590/9387/3080
f 1589/9388/3081 1590/9389/3081 1591/9390/3081
f 1591/9391/3082 1590/9392/3082 1592/9393/3082
f 1591/9394/3083 1592/9395/3083 1593/9396/3083
f 1593/9397/3084 1592/9398/3084 1594/9399/3084
f 1593/9400/3085 1594/9401/3085 1595/9402/3085
f 1595/9403/3086 1594/9404/3086 1596/9405/3086
f 1595/9406/3087 1596/9407/3087 1597/9408/3087
f 1597/9409/3088 1596/9410/3088 1598/9411/3088
f 1597/9412/3089 1598/9413/3089 1599/9414/3089
f 1599/9415/3090 1598/9416/3090 1600/9417/3090
f 1599/9418/3091 1600/9419/3091 1601/9420/3091
f 1601/9421/3092 1600/9422/3092 1587/9423/3092
f 1601/9424/3093 1587/9425/3093 1586/9426/3093
f 1602/9427/3094 1592/9428/3094 1603/9429/3094
f 1603/9430/3095 1592/9431/3095 1590/9432/3095
f 1603/9433/3096 1590/9434/3096 1604/9435/3096
f 1604/9436/3097 1590/9437/3097 1605/9438/3097
f 1605/9439/3098 1590/9440/3098 1588/9441/3098
f 1605/9442/3099 1588/9443/3099 1606/9444/3099
f 1606/9445/3100 1588/9446/3100 1607/9447/3100
f 1607/9448/3101 1588/9449/3101 1572/9450/3101
f 1607/9451/3102 1572/9452/3102 1608/9453/3102
f 1608/9454/3103 1572/9455/3103 1573/9456/3103
f 1608/9457/3104 1573/9458/3104 1609/9459/3104
f 1609/9460/3105 1573/9461/3105 1610/9462/3105
f 1610/9463/3106 1573/9464/3106 1575/9465/3106
f 1610/9466/3107 1575/9467/3107 1611/9468/3107
f 1611/9469/3108 1575/9470/3108 1612/9471/3108
f 1612/9472/3109 1575/9473/3109 1577/9474/3109
f 1612/9475/3110 1577/9476/3110 1613/9477/3110
f 1613/9478/3111 1577/9479/3111 1579/9480/3111
f 1613/9481/3112 1579/9482/3112 1614/9483/3112
f 1614/9484/3113 1579/9485/3113 1581/9486/3113
f 1614/9487/3114 1581/9488/3114 1615/9489/3114
f 1615/9490/3115 1581/9491/3115 1583/9492/3115
f 1615/9493/3116 1583/9494/3116 1616/9495/3116
f 1616/9496/3117 1583/9497/3117 1617/9498/3117
f 1617/9499/3118 1583/9500/3118 1585/9501/3118
f 1617/9502/3119 1585/9503/3119 1618/9504/3119
f 1618/9505/3120 1585/9506/3120 1619/9507/3120
f 1619/9508/3121 1585/9509/3121 1587/9510/3121
f 1619/9511/3122 1587/9512/3122 1620/9513/3122
f 1620/9514/3123 1587/9515/3123 1600/9516/3123
f 1620/9517/3124 1600/9518/3124 1621/9519/3124
f 1621/9520/3125 1600/9521/3125 1622/9522/3125
f 1622/9523/3126 1600/9524/3126 1598/9525/3126
f 1622/9526/3127 1598/9527/3127 1623/9528/3127
f 1623/9529/3128 1598/9530/3128 1624/9531/3128
f 1624/9532/3129 1598/9533/3129 1596/9534/3129
f 1624/9535/3130 1596/9536/3130 1625/9537/3130
f 1625/9538/3131 1596/9539/3131 1594/9540/3131
f 1625/9541/3132 1594/9542/3132 1602/9543/3132
f 1602/9544/3133 1594/9545/3133 1592/9546/3133
f 1624/9547/3134 1626/9548/3134 1623/9549/3134
f 1623/9550/3135 1626/9551/3135 1627/9552/3135
f 1623/9553/3136 1627/9554/3136 1628/9555/3136
f 1628/9556/3137 1627/9557/3137 1629/9558/3137
f 1629/9559/3138 1627/9560/3138 1630/9561/3138
f 1629/9562/3139 1630/9563/3139 1631/9564/3139
f 1631/9565/3140 1630/9566/3140 1632/9567/3140
f 1632/9568/3141 1630/9569/3141 1633/9570/3141
f 1633/9571/3142 1630/9572/3142 1634/9573/3142
f 1634/9574/3143 1630/9575/3143 1626/9576/3143
f 1626/9577/3144 1630/9578/3144 1627/9579/3144
f 1622/9580/3145 1623/9581/3145 1628/9582/3145
f 1617/9583/3146 1618/9584/3146 1635/9585/3146
f 1635/9586/3147 1618/9587/3147 1636/9588/3147
f 1635/9589/3148 1636/9590/3148 1637/9591/3148
f 1637/9592/3149 1636/9593/3149 1638/9594/3149
f 1637/9595/3150 1638/9596/3150 1639/9597/3150
f 1639/9598/3151 1638/9599/3151 1640/9600/3151
f 1640/9601/3152 1638/9602/3152 1641/9603/3152
f 1641/9604/3153 1638/9605/3153 1642/9606/3153
f 1641/9607/3154 1642/9608/3154 1643/9609/3154
f 1643/9610/3155 1642/9611/3155 1644/9612/3155
f 1644/9613/3156 1642/9614/3156 1645/9615/3156
f 1644/9616/3157 1645/9617/3157 1646/9618/3157
f 1646/9619/3158 1645/9620/3158 1629/9621/3158
f 1646/9622/3159 1629/9623/3159 1631/9624/3159
f 1639/9625/3160 1647/9626/3160 1637/9627/3160
f 1637/9628/3161 1647/9629/3161 1648/9630/3161
f 1637/9631/3162 1648/9632/3162 1635/9633/3162
f 1649/9634/3163 1648/9635/3163 1647/9636/3163
f 1618/9637/3164 1619/9638/3164 1636/9639/3164
f 1636/9640/3165 1619/9641/3165 1650/9642/3165
f 1636/9643/3166 1650/9644/3166 1638/9645/3166
f 1638/9646/3167 1650/9647/3167 1642/9648/3167
f 1642/9649/3168 1650/9650/3168 1651/9651/3168
f 1642/9652/3169 1651/9653/3169 1645/9654/3169
f 1645/9655/3170 1651/9656/3170 1652/9657/3170
f 1645/9658/3171 1652/9659/3171 1629/9660/3171
f 1629/9661/3172 1652/9662/3172 1628/9663/3172
f 1628/9664/3173 1652/9665/3173 1621/9666/3173
f 1628/9667/3174 1621/9668/3174 1622/9669/3174
f 1652/9670/3175 1651/9671/3175 1621/9672/3175
f 1621/9673/3176 1651/9674/3176 1620/9675/3176
f 1620/9676/3177 1651/9677/3177 1650/9678/3177
f 1620/9679/3178 1650/9680/3178 1619/9681/3178
f 1653/9682/3179 1654/9683/3179 1655/9684/3179
f 1655/9685/3180 1654/9686/3180 1656/9687/3180
f 1655/9688/3181 1656/9689/3181 1649/9690/3181
f 1649/9691/3182 1656/9692/3182 1648/9693/3182
f 1648/9694/3183 1656/9695/3183 1635/9696/3183
f 1635/9697/3184 1656/9698/3184 1657/9699/3184
f 1635/9700/3185 1657/9701/3185 1617/9702/3185
f 1617/9703/3186 1657/9704/3186 1616/9705/3186
f 1616/9706/3187 1657/9707/3187 1615/9708/3187
f 1615/9709/3188 1657/9710/3188 1658/9711/3188
f 1658/9712/128 1657/9713/128 1654/9714/128
f 1654/9715/3189 1657/9716/3189 1656/9717/3189
f 1659/9718/3190 1649/9719/3190 1660/9720/3190
f 1660/9721/3191 1649/9722/3191 1647/9723/3191
f 1660/9724/132 1647/9725/132 1661/9726/132
f 1661/9727/3192 1647/9728/3192 1639/9729/3192
f 1661/9730/3193 1639/9731/3193 1662/9732/3193
f 1662/9733/3194 1639/9734/3194 1640/9735/3194
f 1662/9736/3195 1640/9737/3195 1663/9738/3195
f 1663/9739/3196 1640/9740/3196 1641/9741/3196
f 1663/9742/3197 1641/9743/3197 1664/9744/3197
f 1664/9745/3198 1641/9746/3198 1643/9747/3198
f 1664/9748/3199 1643/9749/3199 1665/9750/3199
f 1665/9751/3200 1643/9752/3200 1644/9753/3200
f 1665/9754/3201 1644/9755/3201 1666/9756/3201
f 1666/9757/3202 1644/9758/3202 1646/9759/3202
f 1666/9760/3203 1646/9761/3203 1667/9762/3203
f 1667/9763/3204 1646/9764/3204 1631/9765/3204
f 1605/9766/3205 1668/9767/3205 1604/9768/3205
f 1604/9769/3206 1668/9770/3206 1669/9771/3206
f 1604/9772/3207 1669/9773/3207 1603/9774/3207
f 1603/9775/3208 1669/9776/3208 1670/9777/3208
f 1670/9778/3209 1669/9779/3209 1671/9780/3209
f 1671/9781/3210 1669/9782/3210 1672/9783/3210
f 1671/9784/3211 1672/9785/3211 1673/9786/3211
f 1673/9787/3212 1672/9788/3212 1674/9789/3212
f 1674/9790/3213 1672/9791/3213 1675/9792/3213
f 1675/9793/3214 1672/9794/3214 1668/9795/3214
f 1668/9796/3215 1672/9797/3215 1669/9798/3215
f 1671/9799/3216 1673/9800/3216 1676/9801/3216
f 1610/9802/3217 1677/9803/3217 1609/9804/3217
f 1609/9805/3218 1677/9806/3218 1678/9807/3218
f 1609/9808/3219 1678/9809/3219 1608/9810/3219
f 1608/9811/3220 1678/9812/3220 1679/9813/3220
f 1608/9814/3221 1679/9815/3221 1680/9816/3221
f 1680/9817/3222 1679/9818/3222 1681/9819/3222
f 1680/9820/3223 1681/9821/3223 1682/9822/3223
f 1682/9823/3224 1681/9824/3224 1683/9825/3224
f 1682/9826/3225 1683/9827/3225 1684/9828/3225
f 1682/9829/3226 1684/9830/3226 1685/9831/3226
f 1682/9832/3227 1685/9833/3227 1686/9834/3227
f 1686/9835/3228 1685/9836/3228 1687/9837/3228
f 1686/9838/3229 1687/9839/3229 1675/9840/3229
f 1675/9841/3230 1687/9842/3230 1674/9843/3230
f 1675/9844/3231 1668/9845/3231 1686/9846/3231
f 1686/9847/3232 1668/9848/3232 1688/9849/3232
f 1686/9850/3233 1688/9851/3233 1682/9852/3233
f 1682/9853/3234 1688/9854/3234 1680/9855/3234
f 1680/9856/3235 1688/9857/3235 1606/9858/3235
f 1680/9859/3236 1606/9860/3236 1607/9861/3236
f 1680/9862/3237 1607/9863/3237 1608/9864/3237
f 1688/9865/3238 1668/9866/3238 1606/9867/3238
f 1606/9868/3239 1668/9869/3239 1605/9870/3239
f 1683/9871/3240 1681/9872/3240 1689/9873/3240
f 1689/9874/3241 1681/9875/3241 1690/9876/3241
f 1690/9877/3242 1681/9878/3242 1691/9879/3242
f 1690/9880/3243 1691/9881/3243 1692/9882/3243
f 1692/9883/3244 1691/9884/3244 1693/9885/3244
f 1693/9886/3245 1691/9887/3245 1694/9888/3245
f 1694/9889/3246 1691/9890/3246 1677/9891/3246
f 1677/9892/3247 1691/9893/3247 1678/9894/3247
f 1678/9895/3248 1691/9896/3248 1679/9897/3248
f 1679/9898/3249 1691/9899/3249 1681/9900/3249
f 1612/9901/3250 1695/9902/3250 1611/9903/3250
f 1611/9904/3251 1695/9905/3251 1696/9906/3251
f 1611/9907/3252 1696/9908/3252 1677/9909/3252
f 1677/9910/3253 1696/9911/3253 1694/9912/3253
f 1694/9913/3254 1696/9914/3254 1697/9915/3254
f 1694/9916/3255 1697/9917/3255 1693/9918/3255
f 1693/9919/3256 1697/9920/3256 1698/9921/3256
f 1698/9922/3257 1697/9923/3257 1699/9924/3257
f 1699/9925/3258 1697/9926/3258 1700/9927/3258
f 1700/9928/3259 1697/9929/3259 1695/9930/3259
f 1695/9931/3260 1697/9932/3260 1696/9933/3260
f 1610/9934/3261 1611/9935/3261 1677/9936/3261
f 1693/9937/3262 1701/9938/3262 1692/9939/3262
f 1692/9940/3263 1701/9941/3263 1702/9942/3263
f 1692/9943/3264 1702/9944/3264 1690/9945/3264
f 1690/9946/3265 1702/9947/3265 1703/9948/3265
f 1690/9949/3266 1703/9950/3266 1689/9951/3266
f 1689/9952/3267 1703/9953/3267 1704/9954/3267
f 1689/9955/3268 1704/9956/3268 1683/9957/3268
f 1683/9958/3269 1704/9959/3269 1705/9960/3269
f 1683/9961/3270 1705/9962/3270 1684/9963/3270
f 1684/9964/3271 1705/9965/3271 1706/9966/3271
f 1684/9967/3272 1706/9968/3272 1685/9969/3272
f 1685/9970/3273 1706/9971/3273 1707/9972/3273
f 1685/9973/3274 1707/9974/3274 1687/9975/3274
f 1687/9976/3275 1707/9977/3275 1708/9978/3275
f 1687/9979/3276 1708/9980/3276 1674/9981/3276
f 1674/9982/3277 1708/9983/3277 1709/9984/3277
f 1625/9985/3278 1710/9986/3278 1624/9987/3278
f 1624/9988/3279 1710/9989/3279 1626/9990/3279
f 1626/9991/3280 1710/9992/3280 1711/9993/3280
f 1626/9994/3281 1711/9995/3281 1634/9996/3281
f 1634/9997/3282 1711/9998/3282 1633/9999/3282
f 1633/10000/3283 1711/10001/3283 1712/10002/3283
f 1631/10003/3284 1632/10004/3284 1667/10005/3284
f 1667/10006/3285 1632/10007/3285 1713/10008/3285
f 1713/10009/3286 1632/10010/3286 1633/10011/3286
f 1713/10012/3287 1633/10013/3287 1714/10014/3287
f 1667/10015/3288 1713/10016/3288 1715/10017/3288
f 1715/10018/3289 1713/10019/3289 1716/10020/3289
f 1715/10021/3290 1716/10022/3290 1717/10023/3290
f 1717/10024/3291 1716/10025/3291 1718/10026/3291
f 1717/10027/3292 1718/10028/3292 1719/10029/3292
f 1719/10030/3293 1718/10031/3293 1720/10032/3293
f 1720/10033/3294 1718/10034/3294 1721/10035/3294
f 1721/10036/3295 1718/10037/3295 1722/10038/3295
f 1722/10039/3296 1718/10040/3296 1716/10041/3296
f 1722/10042/3297 1716/10043/3297 1713/10044/3297
f 1722/10045/3298 1713/10046/3298 1714/10047/3298
f 1723/10048/3299 1717/10049/3299 1719/10050/3299
f 1714/10051/3300 1633/10052/3300 1724/10053/3300
f 1724/10054/3301 1633/10055/3301 1712/10056/3301
f 1725/10057/3302 1726/10058/3302 1625/10059/3302
f 1625/10060/3303 1726/10061/3303 1710/10062/3303
f 1710/10063/3304 1726/10064/3304 1711/10065/3304
f 1711/10066/3305 1726/10067/3305 1727/10068/3305
f 1711/10069/3306 1727/10070/3306 1712/10071/3306
f 1712/10072/3307 1727/10073/3307 1728/10074/3307
f 1728/10075/3308 1727/10076/3308 1729/10077/3308
f 1728/10078/3309 1729/10079/3309 1730/10080/3309
f 1730/10081/3310 1729/10082/3310 1731/10083/3310
f 1731/10084/3311 1729/10085/3311 1732/10086/3311
f 1731/10087/3312 1732/10088/3312 1733/10089/3312
f 1733/10090/3313 1732/10091/3313 1725/10092/3313
f 1725/10093/3314 1732/10094/3314 1726/10095/3314
f 1726/10096/3315 1732/10097/3315 1729/10098/3315
f 1726/10099/3316 1729/10100/3316 1727/10101/3316
f 1724/10102/3317 1734/10103/3317 1714/10104/3317
f 1714/10105/3318 1734/10106/3318 1722/10107/3318
f 1722/10108/3319 1734/10109/3319 1721/10110/3319
f 1721/10111/3320 1734/10112/3320 1735/10113/3320
f 1721/10114/3321 1735/10115/3321 1720/10116/3321
f 1720/10117/3322 1735/10118/3322 1736/10119/3322
f 1737/10120/3323 1738/10121/3323 1731/10122/3323
f 1731/10123/3324 1738/10124/3324 1730/10125/3324
f 1730/10126/3325 1738/10127/3325 1739/10128/3325
f 1730/10129/3326 1739/10130/3326 1728/10131/3326
f 1728/10132/3327 1739/10133/3327 1724/10134/3327
f 1728/10135/3328 1724/10136/3328 1712/10137/3328
f 1602/10138/3329 1740/10139/3329 1625/10140/3329
f 1625/10141/3330 1740/10142/3330 1725/10143/3330
f 1725/10144/3331 1740/10145/3331 1733/10146/3331
f 1733/10147/3332 1740/10148/3332 1741/10149/3332
f 1733/10150/3333 1741/10151/3333 1731/10152/3333
f 1731/10153/3334 1741/10154/3334 1742/10155/3334
f 1603/10156/3335 1670/10157/3335 1602/10158/3335
f 1602/10159/3336 1670/10160/3336 1743/10161/3336
f 1743/10162/3337 1670/10163/3337 1671/10164/3337
f 1743/10165/3338 1671/10166/3338 1744/10167/3338
f 1744/10168/3339 1671/10169/3339 1676/10170/3339
f 1744/10171/3340 1676/10172/3340 1745/10173/3340
f 1709/10174/3341 1746/10175/3341 1674/10176/3341
f 1674/10177/3342 1746/10178/3342 1673/10179/3342
f 1673/10180/3343 1746/10181/3343 1747/10182/3343
f 1673/10183/3344 1747/10184/3344 1676/10185/3344
f 1709/10186/3345 1708/10187/3345 1748/10188/3345
f 1748/10189/3346 1708/10190/3346 1749/10191/3346
f 1748/10192/3347 1749/10193/3347 1750/10194/3347
f 1750/10195/3348 1749/10196/3348 1751/10197/3348
f 1750/10198/3349 1751/10199/3349 1752/10200/3349
f 1752/10201/3350 1751/10202/3350 1753/10203/3350
f 1753/10204/3351 1751/10205/3351 1754/10206/3351
f 1753/10207/3352 1754/10208/3352 1755/10209/3352
f 1755/10210/3353 1754/10211/3353 1756/10212/3353
f 1755/10213/3354 1756/10214/3354 1757/10215/3354
f 1757/10216/3355 1756/10217/3355 1703/10218/3355
f 1757/10219/3356 1703/10220/3356 1702/10221/3356
f 1757/10222/3357 1702/10223/3357 1758/10224/3357
f 1758/10225/3358 1702/10226/3358 1701/10227/3358
f 1758/10228/3359 1759/10229/3359 1757/10230/3359
f 1757/10231/3360 1759/10232/3360 1755/10233/3360
f 1755/10234/3361 1759/10235/3361 1760/10236/3361
f 1755/10237/3362 1760/10238/3362 1753/10239/3362
f 1760/10240/3363 1759/10241/3363 1761/10242/3363
f 1703/10243/3364 1756/10244/3364 1704/10245/3364
f 1704/10246/3365 1756/10247/3365 1705/10248/3365
f 1705/10249/3366 1756/10250/3366 1762/10251/3366
f 1705/10252/3367 1762/10253/3367 1706/10254/3367
f 1706/10255/3368 1762/10256/3368 1707/10257/3368
f 1707/10258/3369 1762/10259/3369 1749/10260/3369
f 1707/10261/3370 1749/10262/3370 1708/10263/3370
f 1749/10264/3371 1762/10265/3371 1751/10266/3371
f 1751/10267/3372 1762/10268/3372 1754/10269/3372
f 1754/10270/3373 1762/10271/3373 1756/10272/3373
f 1752/10273/3374 1763/10274/3374 1750/10275/3374
f 1750/10276/3375 1763/10277/3375 1764/10278/3375
f 1750/10279/3376 1764/10280/3376 1748/10281/3376
f 1765/10282/3377 1764/10283/3377 1763/10284/3377
f 1693/10285/3378 1698/10286/3378 1701/10287/3378
f 1701/10288/3379 1698/10289/3379 1766/10290/3379
f 1766/10291/321 1698/10292/321 1699/10293/321
f 1766/10294/3380 1699/10295/3380 1767/10296/3380
f 1761/10297/3381 1759/10298/3381 1768/10299/3381
f 1768/10300/3382 1759/10301/3382 1769/10302/3382
f 1768/10303/3383 1769/10304/3383 1770/10305/3383
f 1770/10306/3384 1769/10307/3384 1771/10308/3384
f 1771/10309/3385 1769/10310/3385 1772/10311/3385
f 1772/10312/3386 1769/10313/3386 1773/10314/3386
f 1772/10315/3387 1773/10316/3387 1766/10317/3387
f 1766/10318/3388 1773/10319/3388 1701/10320/3388
f 1701/10321/3389 1773/10322/3389 1758/10323/3389
f 1758/10324/3390 1773/10325/3390 1759/10326/3390
f 1759/10327/3391 1773/10328/3391 1769/10329/3391
f 1766/10330/3392 1767/10331/3392 1772/10332/3392
f 1774/10333/3393 1775/10334/3393 1767/10335/3393
f 1767/10336/3394 1775/10337/3394 1772/10338/3394
f 1772/10339/3395 1775/10340/3395 1776/10341/3395
f 1772/10342/3396 1776/10343/3396 1771/10344/3396
f 1771/10345/3397 1776/10346/3397 1777/10347/3397
f 1771/10348/3398 1777/10349/3398 1770/10350/3398
f 1778/10351/3399 1779/10352/3399 1780/10353/3399
f 1780/10354/3400 1779/10355/3400 1781/10356/3400
f 1780/10357/3401 1781/10358/3401 1764/10359/3401
f 1764/10360/3402 1781/10361/3402 1748/10362/3402
f 1748/10363/3403 1781/10364/3403 1782/10365/3403
f 1748/10366/3404 1782/10367/3404 1709/10368/3404
f 1709/10369/3405 1782/10370/3405 1746/10371/3405
f 1746/10372/3406 1782/10373/3406 1747/10374/3406
f 1747/10375/3407 1782/10376/3407 1783/10377/3407
f 1783/10378/3408 1782/10379/3408 1779/10380/3408
f 1779/10381/3409 1782/10382/3409 1781/10383/3409
f 1780/10384/3410 1764/10385/3410 1765/10386/3410
f 1676/10387/3411 1747/10388/3411 1745/10389/3411
f 1745/10390/3412 1747/10391/3412 1784/10392/3412
f 1745/10393/3413 1785/10394/3413 1744/10395/3413
f 1744/10396/3414 1785/10397/3414 1743/10398/3414
f 1743/10399/3415 1785/10400/3415 1786/10401/3415
f 1743/10402/3416 1786/10403/3416 1602/10404/3416
f 1602/10405/3417 1786/10406/3417 1740/10407/3417
f 1740/10408/3418 1786/10409/3418 1741/10410/3418
f 1741/10411/3419 1786/10412/3419 1787/10413/3419
f 1741/10414/3420 1787/10415/3420 1742/10416/3420
f 1742/10417/3421 1787/10418/3421 1788/10419/3421
f 1788/10420/3422 1787/10421/3422 1789/10422/3422
f 1788/10423/3423 1789/10424/3423 1790/10425/3423
f 1790/10426/3424 1789/10427/3424 1745/10428/3424
f 1745/10429/3425 1789/10430/3425 1785/10431/3425
f 1785/10432/3426 1789/10433/3426 1786/10434/3426
f 1786/10435/3427 1789/10436/3427 1787/10437/3427
f 1791/10438/3428 1792/10439/3428 1778/10440/3428
f 1778/10441/3429 1792/10442/3429 1779/10443/3429
f 1779/10444/3430 1792/10445/3430 1793/10446/3430
f 1779/10447/3431 1793/10448/3431 1783/10449/3431
f 1783/10450/3432 1793/10451/3432 1747/10452/3432
f 1747/10453/3433 1793/10454/3433 1784/10455/3433
f 1742/10456/3434 1788/10457/3434 1794/10458/3434
f 1794/10459/3435 1788/10460/3435 1795/10461/3435
f 1795/10462/3436 1788/10463/3436 1790/10464/3436
f 1795/10465/3437 1790/10466/3437 1796/10467/3437
f 1796/10468/3438 1790/10469/3438 1745/10470/3438
f 1796/10471/3439 1745/10472/3439 1784/10473/3439
f 1742/10474/3440 1794/10475/3440 1731/10476/3440
f 1731/10477/3441 1794/10478/3441 1737/10479/3441
f 1794/10480/3442 1797/10481/3442 1737/10482/3442
f 1737/10483/3443 1797/10484/3443 1798/10485/3443
f 1798/10486/3444 1797/10487/3444 1799/10488/3444
f 1798/10489/3445 1799/10490/3445 1800/10491/3445
f 1800/10492/3446 1799/10493/3446 1791/10494/3446
f 1800/10495/3447 1791/10496/3447 1736/10497/3447
f 1792/10498/3448 1791/10499/3448 1801/10500/3448
f 1801/10501/3449 1791/10502/3449 1799/10503/3449
f 1801/10504/3450 1799/10505/3450 1802/10506/3450
f 1802/10507/3451 1799/10508/3451 1797/10509/3451
f 1802/10510/3452 1797/10511/3452 1794/10512/3452
f 1802/10513/3453 1794/10514/3453 1803/10515/3453
f 1803/10516/3454 1794/10517/3454 1795/10518/3454
f 1803/10519/3455 1795/10520/3455 1796/10521/3455
f 1803/10522/3456 1796/10523/3456 1804/10524/3456
f 1804/10525/3457 1796/10526/3457 1784/10527/3457
f 1804/10528/3458 1784/10529/3458 1793/10530/3458
f 1804/10531/3459 1793/10532/3459 1792/10533/3459
f 1804/10534/3460 1792/10535/3460 1801/10536/3460
f 1804/10537/3461 1801/10538/3461 1803/10539/3461
f 1803/10540/3462 1801/10541/3462 1802/10542/3462
f 1737/10543/3463 1798/10544/3463 1805/10545/3463
f 1805/10546/3464 1798/10547/3464 1800/10548/3464
f 1805/10549/3465 1800/10550/3465 1806/10551/3465
f 1806/10552/3466 1800/10553/3466 1736/10554/3466
f 1806/10555/3467 1736/10556/3467 1735/10557/3467
f 1806/10558/3468 1735/10559/3468 1734/10560/3468
f 1806/10561/3469 1734/10562/3469 1807/10563/3469
f 1807/10564/3470 1734/10565/3470 1724/10566/3470
f 1807/10567/3471 1724/10568/3471 1739/10569/3471
f 1807/10570/3472 1739/10571/3472 1808/10572/3472
f 1808/10573/3473 1739/10574/3473 1738/10575/3473
f 1808/10576/3474 1738/10577/3474 1737/10578/3474
f 1808/10579/3475 1737/10580/3475 1805/10581/3475
f 1808/10582/3476 1805/10583/3476 1807/10584/3476
f 1807/10585/3477 1805/10586/3477 1806/10587/3477
f 1613/10588/3478 1809/10589/3478 1612/10590/3478
f 1612/10591/3479 1809/10592/3479 1695/10593/3479
f 1695/10594/3480 1809/10595/3480 1810/10596/3480
f 1695/10597/3481 1810/10598/3481 1700/10599/3481
f 1700/10600/3482 1810/10601/3482 1699/10602/3482
f 1699/10603/3483 1810/10604/3483 1811/10605/3483
f 1811/10606/3484 1774/10607/3484 1699/10608/3484
f 1699/10609/3485 1774/10610/3485 1767/10611/3485
f 1812/10612/3486 1813/10613/3486 1814/10614/3486
f 1814/10615/3487 1813/10616/3487 1815/10617/3487
f 1814/10618/3488 1815/10619/3488 1816/10620/3488
f 1816/10621/3489 1815/10622/3489 1811/10623/3489
f 1816/10624/3490 1811/10625/3490 1810/10626/3490
f 1816/10627/3491 1810/10628/3491 1809/10629/3491
f 1816/10630/3492 1809/10631/3492 1817/10632/3492
f 1817/10633/3493 1809/10634/3493 1613/10635/3493
f 1817/10636/3494 1613/10637/3494 1818/10638/3494
f 1817/10639/3495 1818/10640/3495 1819/10641/3495
f 1819/10642/3496 1818/10643/3496 1820/10644/3496
f 1819/10645/3497 1820/10646/3497 1812/10647/3497
f 1819/10648/3498 1812/10649/3498 1814/10650/3498
f 1819/10651/3499 1814/10652/3499 1817/10653/3499
f 1817/10654/3500 1814/10655/3500 1816/10656/3500
f 1821/10657/3501 1822/10658/3501 1812/10659/3501
f 1812/10660/3502 1822/10661/3502 1813/10662/3502
f 1813/10663/3503 1822/10664/3503 1823/10665/3503
f 1813/10666/3504 1823/10667/3504 1815/10668/3504
f 1815/10669/3505 1823/10670/3505 1774/10671/3505
f 1815/10672/3506 1774/10673/3506 1811/10674/3506
f 1614/10675/3507 1824/10676/3507 1613/10677/3507
f 1613/10678/3508 1824/10679/3508 1818/10680/3508
f 1818/10681/3509 1824/10682/3509 1825/10683/3509
f 1818/10684/3510 1825/10685/3510 1820/10686/3510
f 1820/10687/3511 1825/10688/3511 1826/10689/3511
f 1820/10690/3512 1826/10691/3512 1812/10692/3512
f 1614/10693/3513 1615/10694/3513 1827/10695/3513
f 1827/10696/3514 1615/10697/3514 1658/10698/3514
f 1827/10699/3515 1658/10700/3515 1828/10701/3515
f 1828/10702/3516 1658/10703/3516 1654/10704/3516
f 1828/10705/3517 1654/10706/3517 1653/10707/3517
f 1828/10708/3518 1653/10709/3518 1829/10710/3518
f 1653/10711/3519 1655/10712/3519 1830/10713/3519
f 1830/10714/3520 1655/10715/3520 1831/10716/3520
f 1831/10717/3521 1655/10718/3521 1649/10719/3521
f 1831/10720/3522 1649/10721/3522 1659/10722/3522
f 1723/10723/3523 1832/10724/3523 1717/10725/3523
f 1717/10726/3524 1832/10727/3524 1833/10728/3524
f 1717/10729/3525 1833/10730/3525 1834/10731/3525
f 1834/10732/3526 1833/10733/3526 1835/10734/3526
f 1834/10735/3527 1835/10736/3527 1665/10737/3527
f 1665/10738/3528 1835/10739/3528 1664/10740/3528
f 1664/10741/3529 1835/10742/3529 1663/10743/3529
f 1663/10744/3530 1835/10745/3530 1836/10746/3530
f 1663/10747/3531 1836/10748/3531 1662/10749/3531
f 1662/10750/3532 1836/10751/3532 1661/10752/3532
f 1661/10753/3533 1836/10754/3533 1837/10755/3533
f 1661/10756/3534 1837/10757/3534 1660/10758/3534
f 1660/10759/3535 1837/10760/3535 1659/10761/3535
f 1659/10762/3536 1837/10763/3536 1838/10764/3536
f 1838/10765/3537 1837/10766/3537 1839/10767/3537
f 1839/10768/3538 1837/10769/3538 1840/10770/3538
f 1839/10771/3539 1840/10772/3539 1841/10773/3539
f 1841/10774/3540 1840/10775/3540 1842/10776/3540
f 1842/10777/3541 1840/10778/3541 1843/10779/3541
f 1842/10780/3542 1843/10781/3542 1844/10782/3542
f 1844/10783/3543 1843/10784/3543 1845/10785/3543
f 1844/10786/3544 1845/10787/3544 1833/10788/3544
f 1833/10789/3545 1845/10790/3545 1835/10791/3545
f 1835/10792/3546 1845/10793/3546 1836/10794/3546
f 1836/10795/3547 1845/10796/3547 1843/10797/3547
f 1836/10798/3548 1843/10799/3548 1837/10800/3548
f 1837/10801/3549 1843/10802/3549 1840/10803/3549
f 1846/10804/3550 1839/10805/3550 1841/10806/3550
f 1844/10807/3551 1833/10808/3551 1832/10809/3551
f 1665/10810/3552 1666/10811/3552 1834/10812/3552
f 1834/10813/3553 1666/10814/3553 1715/10815/3553
f 1834/10816/3554 1715/10817/3554 1717/10818/3554
f 1666/10819/3555 1667/10820/3555 1715/10821/3555
f 1846/10822/3556 1847/10823/3556 1839/10824/3556
f 1839/10825/3557 1847/10826/3557 1848/10827/3557
f 1839/10828/3558 1848/10829/3558 1838/10830/3558
f 1838/10831/3559 1848/10832/3559 1849/10833/3559
f 1838/10834/3560 1849/10835/3560 1659/10836/3560
f 1659/10837/3561 1849/10838/3561 1831/10839/3561
f 1831/10840/3562 1849/10841/3562 1830/10842/3562
f 1830/10843/3563 1849/10844/3563 1850/10845/3563
f 1850/10846/3564 1849/10847/3564 1851/10848/3564
f 1851/10849/3565 1849/10850/3565 1848/10851/3565
f 1851/10852/3566 1848/10853/3566 1852/10854/3566
f 1852/10855/3567 1848/10856/3567 1847/10857/3567
f 1601/10858/3568 1586/10859/3568 1844/10860/3568
f 1844/10861/3569 1586/10862/3569 1842/10863/3569
f 1842/10864/3570 1586/10865/3570 1584/10866/3570
f 1842/10867/3571 1584/10868/3571 1841/10869/3571
f 1841/10870/514 1584/10871/514 1846/10872/514
f 1846/10873/3572 1584/10874/3572 1582/10875/3572
f 1846/10876/3573 1582/10877/3573 1847/10878/3573
f 1847/10879/3574 1582/10880/3574 1852/10881/3574
f 1852/10882/3575 1582/10883/3575 1580/10884/3575
f 1852/10885/3576 1580/10886/3576 1853/10887/3576
f 1853/10888/3577 1580/10889/3577 1578/10890/3577
f 1853/10891/3578 1578/10892/3578 1777/10893/3578
f 1777/10894/3579 1578/10895/3579 1576/10896/3579
f 1777/10897/3580 1576/10898/3580 1770/10899/3580
f 1770/10900/3581 1576/10901/3581 1574/10902/3581
f 1770/10903/3582 1574/10904/3582 1768/10905/3582
f 1768/10906/3583 1574/10907/3583 1761/10908/3583
f 1761/10909/3584 1574/10910/3584 1571/10911/3584
f 1761/10912/3585 1571/10913/3585 1760/10914/3585
f 1760/10915/3586 1571/10916/3586 1753/10917/3586
f 1753/10918/3587 1571/10919/3587 1570/10920/3587
f 1753/10921/3588 1570/10922/3588 1752/10923/3588
f 1752/10924/3589 1570/10925/3589 1589/10926/3589
f 1752/10927/3590 1589/10928/3590 1763/10929/3590
f 1763/10930/3591 1589/10931/3591 1765/10932/3591
f 1765/10933/3592 1589/10934/3592 1591/10935/3592
f 1765/10936/3593 1591/10937/3593 1780/10938/3593
f 1780/10939/3594 1591/10940/3594 1778/10941/3594
f 1778/10942/3595 1591/10943/3595 1593/10944/3595
f 1778/10945/3596 1593/10946/3596 1791/10947/3596
f 1791/10948/3597 1593/10949/3597 1595/10950/3597
f 1791/10951/3598 1595/10952/3598 1736/10953/3598
f 1736/10954/3599 1595/10955/3599 1597/10956/3599
f 1736/10957/3600 1597/10958/3600 1720/10959/3600
f 1720/10960/3601 1597/10961/3601 1599/10962/3601
f 1720/10963/3602 1599/10964/3602 1719/10965/3602
f 1719/10966/3603 1599/10967/3603 1723/10968/3603
f 1723/10969/3604 1599/10970/3604 1601/10971/3604
f 1723/10972/514 1601/10973/514 1832/10974/514
f 1832/10975/3605 1601/10976/3605 1844/10977/3605
f 1776/10978/3606 1775/10979/3606 1854/10980/3606
f 1854/10981/3607 1775/10982/3607 1774/10983/3607
f 1854/10984/3608 1774/10985/3608 1855/10986/3608
f 1855/10987/3609 1774/10988/3609 1823/10989/3609
f 1855/10990/3610 1823/10991/3610 1822/10992/3610
f 1855/10993/3611 1822/10994/3611 1856/10995/3611
f 1856/10996/3612 1822/10997/3612 1821/10998/3612
f 1856/10999/3613 1821/11000/3613 1857/11001/3613
f 1856/11002/3614 1857/11003/3614 1858/11004/3614
f 1858/11005/3615 1857/11006/3615 1859/11007/3615
f 1858/11008/3616 1859/11009/3616 1777/11010/3616
f 1858/11011/3617 1777/11012/3617 1776/11013/3617
f 1858/11014/3618 1776/11015/3618 1854/11016/3618
f 1858/11017/3619 1854/11018/3619 1855/11019/3619
f 1858/11020/3620 1855/11021/3620 1856/11022/3620
f 1860/11023/3621 1829/11024/3621 1830/11025/3621
f 1830/11026/3622 1829/11027/3622 1653/11028/3622
f 1826/11029/3623 1861/11030/3623 1812/11031/3623
f 1812/11032/3624 1861/11033/3624 1821/11034/3624
f 1862/11035/3625 1863/11036/3625 1829/11037/3625
f 1829/11038/3626 1863/11039/3626 1828/11040/3626
f 1828/11041/3627 1863/11042/3627 1864/11043/3627
f 1828/11044/3628 1864/11045/3628 1827/11046/3628
f 1827/11047/3629 1864/11048/3629 1614/11049/3629
f 1614/11050/3630 1864/11051/3630 1824/11052/3630
f 1824/11053/3631 1864/11054/3631 1865/11055/3631
f 1824/11056/3632 1865/11057/3632 1825/11058/3632
f 1825/11059/3633 1865/11060/3633 1826/11061/3633
f 1826/11062/3634 1865/11063/3634 1866/11064/3634
f 1826/11065/3635 1866/11066/3635 1867/11067/3635
f 1867/11068/3636 1866/11069/3636 1862/11070/3636
f 1862/11071/3637 1866/11072/3637 1863/11073/3637
f 1863/11074/3638 1866/11075/3638 1865/11076/3638
f 1863/11077/3639 1865/11078/3639 1864/11079/3639
f 1821/11080/3640 1861/11081/3640 1857/11082/3640
f 1857/11083/3641 1861/11084/3641 1868/11085/3641
f 1857/11086/3642 1868/11087/3642 1859/11088/3642
f 1859/11089/3643 1868/11090/3643 1869/11091/3643
f 1859/11092/3644 1869/11093/3644 1853/11094/3644
f 1859/11095/3645 1853/11096/3645 1777/11097/3645
f 1826/11098/3646 1867/11099/3646 1861/11100/3646
f 1861/11101/3647 1867/11102/3647 1870/11103/3647
f 1870/11104/3648 1867/11105/3648 1862/11106/3648
f 1870/11107/3649 1862/11108/3649 1871/11109/3649
f 1871/11110/3650 1862/11111/3650 1829/11112/3650
f 1871/11113/3651 1829/11114/3651 1860/11115/3651
f 1860/11116/3652 1830/11117/3652 1872/11118/3652
f 1872/11119/3653 1830/11120/3653 1850/11121/3653
f 1872/11122/3654 1850/11123/3654 1851/11124/3654
f 1872/11125/3655 1851/11126/3655 1873/11127/3655
f 1873/11128/3656 1851/11129/3656 1852/11130/3656
f 1873/11131/3657 1852/11132/3657 1853/11133/3657
f 1861/11134/3658 1874/11135/3658 1868/11136/3658
f 1868/11137/3659 1874/11138/3659 1869/11139/3659
f 1869/11140/3660 1874/11141/3660 1875/11142/3660
f 1869/11143/3661 1875/11144/3661 1853/11145/3661
f 1853/11146/3662 1875/11147/3662 1873/11148/3662
f 1873/11149/3663 1875/11150/3663 1872/11151/3663
f 1872/11152/3664 1875/11153/3664 1876/11154/3664
f 1872/11155/3665 1876/11156/3665 1860/11157/3665
f 1860/11158/3666 1876/11159/3666 1871/11160/3666
f 1871/11161/3667 1876/11162/3667 1877/11163/3667
f 1871/11164/3668 1877/11165/3668 1870/11166/3668
f 1870/11167/3669 1877/11168/3669 1861/11169/3669
f 1861/11170/3670 1877/11171/3670 1874/11172/3670
f 1874/11173/3671 1877/11174/3671 1875/11175/3671
f 1875/11176/3672 1877/11177/3672 1876/11178/3672
f 1878/11179/514 1879/11180/514 1880/11181/514
f 1880/11182/3673 1879/11183/3673 1881/11184/3673
f 1881/11185/3674 1879/11186/3674 1882/11187/3674
f 1881/11188/3675 1882/11189/3675 1883/11190/3675
f 1883/11191/514 1882/11192/514 1884/11193/514
f 1884/11194/3676 1882/11195/3676 1885/11196/3676
f 1884/11197/3677 1885/11198/3677 1886/11199/3677
f 1884/11200/3678 1886/11201/3678 1887/11202/3678
f 1887/11203/514 1886/11204/514 1888/11205/514
f 1887/11206/3679 1888/11207/3679 1889/11208/3679
f 1889/11209/3680 1888/11210/3680 1890/11211/3680
f 1889/11212/3681 1890/11213/3681 1891/11214/3681
f 1891/11215/514 1890/11216/514 1892/11217/514
f 1891/11218/3682 1892/11219/3682 1893/11220/3682
f 1891/11221/3683 1893/11222/3683 1894/11223/3683
f 1891/11224/3684 1894/11225/3684 1895/11226/3684
f 1896/11227/3685 1897/11228/3685 1886/11229/3685
f 1886/11230/3686 1897/11231/3686 1888/11232/3686
f 1888/11233/3687 1897/11234/3687 1898/11235/3687
f 1888/11236/3688 1898/11237/3688 1899/11238/3688
f 1888/11239/3689 1899/11240/3689 1900/11241/3689
f 1888/11242/3690 1900/11243/3690 1890/11244/3690
f 1890/11245/3691 1900/11246/3691 1901/11247/3691
f 1890/11248/3692 1901/11249/3692 1902/11250/3692
f 1890/11251/3693 1902/11252/3693 1892/11253/3693
f 1892/11254/3694 1902/11255/3694 1903/11256/3694
f 1892/11257/3695 1903/11258/3695 1904/11259/3695
f 1892/11260/3696 1904/11261/3696 1893/11262/3696
f 1893/11263/3697 1904/11264/3697 1905/11265/3697
f 1893/11266/3698 1905/11267/3698 1906/11268/3698
f 1893/11269/3699 1906/11270/3699 1907/11271/3699
f 1893/11272/3700 1907/11273/3700 1908/11274/3700
f 1893/11275/3701 1908/11276/3701 1909/11277/3701
f 1893/11278/3702 1909/11279/3702 1910/11280/3702
f 1893/11281/3703 1910/11282/3703 1894/11283/3703
f 1894/11284/3704 1910/11285/3704 1911/11286/3704
f 1894/11287/3705 1911/11288/3705 1912/11289/3705
f 1894/11290/3706 1912/11291/3706 1913/11292/3706
f 1894/11293/3707 1913/11294/3707 1914/11295/3707
f 1894/11296/3708 1914/11297/3708 1915/11298/3708
f 1894/11299/3709 1915/11300/3709 1895/11301/3709
f 1895/11302/3710 1915/11303/3710 1916/11304/3710
f 1895/11305/3711 1916/11306/3711 1917/11307/3711
f 1895/11308/3712 1917/11309/3712 1918/11310/3712
f 1895/11311/3713 1918/11312/3713 1891/11313/3713
f 1891/11314/3714 1918/11315/3714 1919/11316/3714
f 1891/11317/3715 1919/11318/3715 1920/11319/3715
f 1891/11320/3716 1920/11321/3716 1889/11322/3716
f 1889/11323/3717 1920/11324/3717 1921/11325/3717
f 1889/11326/3718 1921/11327/3718 1887/11328/3718
f 1887/11329/3719 1921/11330/3719 1922/11331/3719
f 1903/11332/3720 1923/11333/3720 1904/11334/3720
f 1904/11335/3721 1923/11336/3721 1905/11337/3721
f 1905/11338/3722 1923/11339/3722 1924/11340/3722
f 1905/11341/3723 1924/11342/3723 1906/11343/3723
f 1906/11344/3724 1924/11345/3724 1907/11346/3724
f 1907/11347/3725 1924/11348/3725 1925/11349/3725
f 1907/11350/3726 1925/11351/3726 1926/11352/3726
f 1926/11353/3727 1925/11354/3727 1927/11355/3727
f 1926/11356/3728 1927/11357/3728 1910/11358/3728
f 1910/11359/3729 1927/11360/3729 1928/11361/3729
f 1910/11362/3730 1928/11363/3730 1911/11364/3730
f 1911/11365/3731 1928/11366/3731 1929/11367/3731
f 1911/11368/3732 1929/11369/3732 1912/11370/3732
f 1912/11371/3733 1929/11372/3733 1930/11373/3733
f 1912/11374/3734 1930/11375/3734 1931/11376/3734
f 1931/11377/3735 1930/11378/3735 1932/11379/3735
f 1931/11380/3736 1932/11381/3736 1913/11382/3736
f 1913/11383/3737 1932/11384/3737 1933/11385/3737
f 1913/11386/3738 1933/11387/3738 1914/11388/3738
f 1914/11389/3739 1933/11390/3739 1934/11391/3739
f 1914/11392/3740 1934/11393/3740 1935/11394/3740
f 1935/11395/3741 1934/11396/3741 1936/11397/3741
f 1935/11398/3742 1936/11399/3742 1915/11400/3742
f 1915/11401/3743 1936/11402/3743 1916/11403/3743
f 1916/11404/3744 1936/11405/3744 1917/11406/3744
f 1931/11407/3745 1913/11408/3745 1912/11409/3745
f 1935/11410/3746 1915/11411/3746 1914/11412/3746
f 1936/11413/3747 1934/11414/3747 1937/11415/3747
f 1937/11416/3748 1934/11417/3748 1938/11418/3748
f 1937/11419/3749 1938/11420/3749 1939/11421/3749
f 1939/11422/3750 1938/11423/3750 1940/11424/3750
f 1939/11425/3751 1940/11426/3751 1941/11427/3751
f 1940/11428/3752 1938/11429/3752 1942/11430/3752
f 1942/11431/3753 1938/11432/3753 1932/11433/3753
f 1942/11434/3754 1932/11435/3754 1930/11436/3754
f 1938/11437/3755 1934/11438/3755 1932/11439/3755
f 1932/11440/3756 1934/11441/3756 1933/11442/3756
f 1929/11443/3757 1928/11444/3757 1943/11445/3757
f 1943/11446/3758 1928/11447/3758 1927/11448/3758
f 1943/11449/3759 1927/11450/3759 1944/11451/3759
f 1944/11452/3760 1927/11453/3760 1945/11454/3760
f 1944/11455/3761 1945/11456/3761 1946/11457/3761
f 1946/11458/3762 1945/11459/3762 1947/11460/3762
f 1947/11461/3763 1945/11462/3763 1948/11463/3763
f 1948/11464/3764 1945/11465/3764 1925/11466/3764
f 1948/11467/3765 1925/11468/3765 1923/11469/3765
f 1923/11470/3766 1925/11471/3766 1924/11472/3766
f 1945/11473/3767 1927/11474/3767 1925/11475/3767
f 1910/11476/3768 1909/11477/3768 1926/11478/3768
f 1926/11479/3769 1909/11480/3769 1908/11481/3769
f 1926/11482/3770 1908/11483/3770 1907/11484/3770
f 1946/11485/3771 1947/11486/3771 1949/11487/3771
f 1949/11488/3772 1947/11489/3772 1950/11490/3772
f 1949/11491/3773 1950/11492/3773 1951/11493/3773
f 1951/11494/3774 1950/11495/3774 1952/11496/3774
f 1952/11497/3775 1950/11498/3775 1953/11499/3775
f 1953/11500/3776 1950/11501/3776 1954/11502/3776
f 1953/11503/3777 1954/11504/3777 1955/11505/3777
f 1955/11506/3778 1954/11507/3778 1901/11508/3778
f 1955/11509/3779 1901/11510/3779 1900/11511/3779
f 1901/11512/3780 1954/11513/3780 1902/11514/3780
f 1902/11515/3781 1954/11516/3781 1903/11517/3781
f 1903/11518/3782 1954/11519/3782 1923/11520/3782
f 1923/11521/3783 1954/11522/3783 1948/11523/3783
f 1948/11524/3784 1954/11525/3784 1950/11526/3784
f 1948/11527/3785 1950/11528/3785 1947/11529/3785
f 1900/11530/3786 1899/11531/3786 1955/11532/3786
f 1955/11533/3787 1899/11534/3787 1956/11535/3787
f 1955/11536/3788 1956/11537/3788 1953/11538/3788
f 1953/11539/3789 1956/11540/3789 1957/11541/3789
f 1953/11542/3790 1957/11543/3790 1952/11544/3790
f 1952/11545/3791 1957/11546/3791 1958/11547/3791
f 1952/11548/3792 1958/11549/3792 1951/11550/3792
f 1899/11551/3793 1898/11552/3793 1956/11553/3793
f 1946/11554/514 1949/11555/514 1959/11556/514
f 1959/11557/514 1949/11558/514 1960/11559/514
f 1960/11560/3794 1949/11561/3794 1961/11562/3794
f 1961/11563/3795 1949/11564/3795 1962/11565/3795
f 1962/11566/3796 1949/11567/3796 1963/11568/3796
f 1963/11569/514 1949/11570/514 1964/11571/514
f 1964/11572/3797 1949/11573/3797 1965/11574/3797
f 1965/11575/3798 1949/11576/3798 1951/11577/3798
f 1966/11578/3799 1967/11579/3799 1968/11580/3799
f 1968/11581/3800 1967/11582/3800 1969/11583/3800
f 1968/11584/3801 1969/11585/3801 1970/11586/3801
f 1970/11587/3802 1969/11588/3802 1971/11589/3802
f 1970/11590/3803 1971/11591/3803 1972/11592/3803
f 1972/11593/3804 1971/11594/3804 1973/11595/3804
f 1972/11596/3805 1973/11597/3805 1974/11598/3805
f 1974/11599/3806 1973/11600/3806 1975/11601/3806
f 1974/11602/3807 1975/11603/3807 1964/11604/3807
f 1964/11605/3808 1975/11606/3808 1963/11607/3808
f 1963/11608/3809 1975/11609/3809 1962/11610/3809
f 1962/11611/3810 1975/11612/3810 1976/11613/3810
f 1962/11614/3811 1976/11615/3811 1977/11616/3811
f 1977/11617/3812 1976/11618/3812 1978/11619/3812
f 1977/11620/3813 1978/11621/3813 1979/11622/3813
f 1979/11623/3814 1978/11624/3814 1980/11625/3814
f 1979/11626/3815 1980/11627/3815 1981/11628/3815
f 1981/11629/3816 1980/11630/3816 1982/11631/3816
f 1981/11632/3817 1982/11633/3817 1983/11634/3817
f 1981/11635/3818 1983/11636/3818 1984/11637/3818
f 1984/11638/3819 1983/11639/3819 1985/11640/3819
f 1984/11641/3820 1985/11642/3820 1986/11643/3820
f 1984/11644/3821 1986/11645/3821 1987/11646/3821
f 1987/11647/3822 1986/11648/3822 1988/11649/3822
f 1987/11650/3823 1988/11651/3823 1989/11652/3823
f 1989/11653/3824 1988/11654/3824 1959/11655/3824
f 1989/11656/3825 1959/11657/3825 1960/11658/3825
f 1989/11659/3826 1960/11660/3826 1961/11661/3826
f 1989/11662/3827 1961/11663/3827 1977/11664/3827
f 1977/11665/3828 1961/11666/3828 1962/11667/3828
f 1977/11668/3829 1979/11669/3829 1989/11670/3829
f 1989/11671/3830 1979/11672/3830 1987/11673/3830
f 1987/11674/3831 1979/11675/3831 1981/11676/3831
f 1987/11677/3832 1981/11678/3832 1984/11679/3832
f 1982/11680/3833 1980/11681/3833 1990/11682/3833
f 1990/11683/3834 1980/11684/3834 1991/11685/3834
f 1990/11686/3835 1991/11687/3835 1992/11688/3835
f 1992/11689/3836 1991/11690/3836 1993/11691/3836
f 1993/11692/3837 1991/11693/3837 1994/11694/3837
f 1993/11695/3838 1994/11696/3838 1995/11697/3838
f 1995/11698/3839 1994/11699/3839 1971/11700/3839
f 1995/11701/3840 1971/11702/3840 1969/11703/3840
f 1971/11704/3841 1994/11705/3841 1973/11706/3841
f 1973/11707/3842 1994/11708/3842 1996/11709/3842
f 1973/11710/3843 1996/11711/3843 1975/11712/3843
f 1975/11713/3844 1996/11714/3844 1976/11715/3844
f 1976/11716/3845 1996/11717/3845 1978/11718/3845
f 1978/11719/3846 1996/11720/3846 1991/11721/3846
f 1978/11722/3847 1991/11723/3847 1980/11724/3847
f 1994/11725/3848 1991/11726/3848 1996/11727/3848
f 1964/11728/3849 1965/11729/3849 1974/11730/3849
f 1974/11731/3850 1965/11732/3850 1997/11733/3850
f 1974/11734/3851 1997/11735/3851 1972/11736/3851
f 1972/11737/3852 1997/11738/3852 1998/11739/3852
f 1972/11740/3853 1998/11741/3853 1970/11742/3853
f 1970/11743/3854 1998/11744/3854 1999/11745/3854
f 1970/11746/3855 1999/11747/3855 1968/11748/3855
f 1999/11749/3856 1998/11750/3856 2000/11751/3856
f 2000/11752/3857 1998/11753/3857 2001/11754/3857
f 2001/11755/3858 1998/11756/3858 2002/11757/3858
f 2001/11758/3859 2002/11759/3859 2003/11760/3859
f 2003/11761/3860 2002/11762/3860 1958/11763/3860
f 1958/11764/3861 2002/11765/3861 1951/11766/3861
f 1951/11767/3862 2002/11768/3862 1997/11769/3862
f 1951/11770/3863 1997/11771/3863 1965/11772/3863
f 1997/11773/3864 2002/11774/3864 1998/11775/3864
f 1898/11776/3865 1897/11777/3865 1956/11778/3865
f 1956/11779/3866 1897/11780/3866 2004/11781/3866
f 1956/11782/3867 2004/11783/3867 1957/11784/3867
f 1957/11785/3868 2004/11786/3868 2005/11787/3868
f 1957/11788/3869 2005/11789/3869 1958/11790/3869
f 2005/11791/3870 2004/11792/3870 2006/11793/3870
f 2006/11794/3871 2004/11795/3871 2007/11796/3871
f 2007/11797/3872 2004/11798/3872 1896/11799/3872
f 1896/11800/3873 2004/11801/3873 1897/11802/3873
f 2006/11803/3874 2007/11804/3874 2008/11805/3874
f 2008/11806/3875 2007/11807/3875 2009/11808/3875
f 2008/11809/3876 2009/11810/3876 2010/11811/3876
f 2010/11812/3877 2009/11813/3877 2011/11814/3877
f 2011/11815/3878 2009/11816/3878 2012/11817/3878
f 2012/11818/3879 2009/11819/3879 2013/11820/3879
f 2012/11821/3880 2013/11822/3880 2014/11823/3880
f 2013/11824/3881 2009/11825/3881 1896/11826/3881
f 1896/11827/3882 2009/11828/3882 2007/11829/3882
f 1958/11830/3883 2005/11831/3883 2003/11832/3883
f 2003/11833/3884 2005/11834/3884 2001/11835/3884
f 2001/11836/3885 2005/11837/3885 2006/11838/3885
f 2001/11839/3886 2006/11840/3886 2015/11841/3886
f 2015/11842/3887 2006/11843/3887 2008/11844/3887
f 2015/11845/3888 2008/11846/3888 2016/11847/3888
f 2016/11848/3889 2008/11849/3889 2010/11850/3889
f 2015/11851/3890 2017/11852/3890 2001/11853/3890
f 2001/11854/3891 2017/11855/3891 2000/11856/3891
f 2000/11857/3892 2017/11858/3892 2018/11859/3892
f 2000/11860/3893 2018/11861/3893 1999/11862/3893
f 1999/11863/3894 2018/11864/3894 2019/11865/3894
f 1999/11866/3895 2019/11867/3895 1968/11868/3895
f 1968/11869/3896 2019/11870/3896 2020/11871/3896
f 1968/11872/3897 2020/11873/3897 1966/11874/3897
f 2021/11875/3898 2010/11876/3898 2022/11877/3898
f 2022/11878/3899 2010/11879/3899 2011/11880/3899
f 2022/11881/3900 2011/11882/3900 2023/11883/3900
f 2023/11884/3901 2011/11885/3901 2012/11886/3901
f 2023/11887/3902 2012/11888/3902 2024/11889/3902
f 2024/11890/3903 2012/11891/3903 2025/11892/3903
f 2024/11893/3904 2025/11894/3904 2026/11895/3904
f 2025/11896/3905 2012/11897/3905 2014/11898/3905
f 1896/11899/3906 1886/11900/3906 2013/11901/3906
f 2013/11902/3907 1886/11903/3907 1885/11904/3907
f 2013/11905/3908 1885/11906/3908 2014/11907/3908
f 2014/11908/3909 1885/11909/3909 2025/11910/3909
f 2025/11911/3910 1885/11912/3910 2026/11913/3910
f 2026/11914/3911 1885/11915/3911 1882/11916/3911
f 2026/11917/3912 1882/11918/3912 2027/11919/3912
f 2027/11920/3913 1882/11921/3913 2028/11922/3913
f 2028/11923/3914 1882/11924/3914 1879/11925/3914
f 2028/11926/3915 1879/11927/3915 2029/11928/3915
f 2029/11929/3916 1879/11930/3916 2030/11931/3916
f 2030/11932/3917 1879/11933/3917 2031/11934/3917
f 2031/11935/3918 1879/11936/3918 1878/11937/3918
f 2031/11938/3919 1878/11939/3919 2032/11940/3919
f 2032/11941/3920 1878/11942/3920 2033/11943/3920
f 2033/11944/3921 1878/11945/3921 2034/11946/3921
f 2034/11947/3922 1878/11948/3922 2035/11949/3922
f 2035/11950/3923 1878/11951/3923 2036/11952/3923
f 2036/11953/3924 1878/11954/3924 1880/11955/3924
f 2036/11956/3925 1880/11957/3925 2037/11958/3925
f 2037/11959/3926 1880/11960/3926 2038/11961/3926
f 2038/11962/3927 1880/11963/3927 2039/11964/3927
f 2039/11965/3928 1880/11966/3928 2040/11967/3928
f 2040/11968/3929 1880/11969/3929 2041/11970/3929
f 2041/11971/3930 1880/11972/3930 2042/11973/3930
f 2042/11974/3931 1880/11975/3931 1881/11976/3931
f 2042/11977/3932 1881/11978/3932 2043/11979/3932
f 2043/11980/3933 1881/11981/3933 2044/11982/3933
f 2044/11983/3934 1881/11984/3934 1883/11985/3934
f 2044/11986/3935 1883/11987/3935 2045/11988/3935
f 2045/11989/3936 1883/11990/3936 2046/11991/3936
f 2046/11992/3937 1883/11993/3937 1884/11994/3937
f 2046/11995/3938 1884/11996/3938 2047/11997/3938
f 2047/11998/3939 1884/11999/3939 1887/12000/3939
f 2047/12001/3940 1887/12002/3940 1922/12003/3940
f 2048/12004/3941 2049/12005/3941 2050/12006/3941
f 2050/12007/3942 2049/12008/3942 2051/12009/3942
f 2050/12010/3943 2051/12011/3943 2052/12012/3943
f 2052/12013/3944 2051/12014/3944 2053/12015/3944
f 2052/12016/3945 2053/12017/3945 2054/12018/3945
f 2054/12019/3946 2053/12020/3946 2055/12021/3946
f 2054/12022/3947 2055/12023/3947 2034/12024/3947
f 2034/12025/3948 2055/12026/3948 2033/12027/3948
f 2033/12028/3949 2055/12029/3949 2053/12030/3949
f 2033/12031/3950 2053/12032/3950 2056/12033/3950
f 2056/12034/3951 2053/12035/3951 2057/12036/3951
f 2056/12037/3952 2057/12038/3952 2032/12039/3952
f 2032/12040/3953 2057/12041/3953 2058/12042/3953
f 2032/12043/3954 2058/12044/3954 2031/12045/3954
f 2031/12046/3955 2058/12047/3955 2059/12048/3955
f 2031/12049/3956 2059/12050/3956 2030/12051/3956
f 2030/12052/3957 2059/12053/3957 2029/12054/3957
f 2032/12055/3958 2033/12056/3958 2056/12057/3958
f 2058/12058/3959 2057/12059/3959 2059/12060/3959
f 2059/12061/3960 2057/12062/3960 2060/12063/3960
f 2060/12064/3961 2057/12065/3961 2051/12066/3961
f 2060/12067/3962 2051/12068/3962 2049/12069/3962
f 2057/12070/3963 2053/12071/3963 2051/12072/3963
f 2054/12073/3964 2034/12074/3964 2061/12075/3964
f 2061/12076/3965 2034/12077/3965 2035/12078/3965
f 2061/12079/3966 2035/12080/3966 2062/12081/3966
f 2062/12082/3967 2035/12083/3967 2036/12084/3967
f 2062/12085/3968 2036/12086/3968 2063/12087/3968
f 2063/12088/3969 2036/12089/3969 2064/12090/3969
f 2063/12091/3970 2064/12092/3970 2065/12093/3970
f 2065/12094/3971 2064/12095/3971 2039/12096/3971
f 2065/12097/3972 2039/12098/3972 2066/12099/3972
f 2066/12100/3973 2039/12101/3973 2040/12102/3973
f 2066/12103/3974 2040/12104/3974 2041/12105/3974
f 2066/12106/3975 2041/12107/3975 2067/12108/3975
f 2067/12109/3976 2041/12110/3976 2042/12111/3976
f 2067/12112/3977 2042/12113/3977 2043/12114/3977
f 2066/12115/3978 2067/12116/3978 2065/12117/3978
f 2065/12118/3979 2067/12119/3979 2068/12120/3979
f 2065/12121/3980 2068/12122/3980 2069/12123/3980
f 2069/12124/3981 2068/12125/3981 2070/12126/3981
f 2069/12127/3982 2070/12128/3982 2071/12129/3982
f 2069/12130/3983 2071/12131/3983 2072/12132/3983
f 2069/12133/3984 2072/12134/3984 2063/12135/3984
f 2063/12136/3985 2072/12137/3985 2073/12138/3985
f 2063/12139/3986 2073/12140/3986 2062/12141/3986
f 2062/12142/3987 2073/12143/3987 2061/12144/3987
f 2063/12145/3988 2065/12146/3988 2069/12147/3988
f 2039/12148/3989 2064/12149/3989 2038/12150/3989
f 2038/12151/713 2064/12152/713 2037/12153/713
f 2037/12154/3990 2064/12155/3990 2036/12156/3990
f 2026/12157/3991 2027/12158/3991 2024/12159/3991
f 2024/12160/3992 2027/12161/3992 2074/12162/3992
f 2024/12163/3993 2074/12164/3993 2023/12165/3993
f 2023/12166/3994 2074/12167/3994 2075/12168/3994
f 2023/12169/3995 2075/12170/3995 2022/12171/3995
f 2022/12172/3996 2075/12173/3996 2021/12174/3996
f 2021/12175/3997 2075/12176/3997 2076/12177/3997
f 2076/12178/3998 2075/12179/3998 2049/12180/3998
f 2076/12181/3999 2049/12182/3999 2048/12183/3999
f 2049/12184/4000 2075/12185/4000 2060/12186/4000
f 2060/12187/4001 2075/12188/4001 2074/12189/4001
f 2060/12190/4002 2074/12191/4002 2059/12192/4002
f 2059/12193/4003 2074/12194/4003 2029/12195/4003
f 2029/12196/4004 2074/12197/4004 2028/12198/4004
f 2028/12199/4005 2074/12200/4005 2027/12201/4005
f 2048/12202/514 2077/12203/514 2076/12204/514
f 2076/12205/4006 2077/12206/4006 2078/12207/4006
f 2076/12208/514 2078/12209/514 2079/12210/514
f 2076/12211/514 2079/12212/514 2080/12213/514
f 2076/12214/4007 2080/12215/4007 2081/12216/4007
f 2076/12217/514 2081/12218/514 2082/12219/514
f 2076/12220/4008 2082/12221/4008 2083/12222/4008
f 2076/12223/4009 2083/12224/4009 2021/12225/4009
f 2077/12226/4010 2084/12227/4010 2078/12228/4010
f 2078/12229/4011 2084/12230/4011 2085/12231/4011
f 2078/12232/4012 2085/12233/4012 2079/12234/4012
f 2079/12235/4013 2085/12236/4013 2086/12237/4013
f 2079/12238/4014 2086/12239/4014 2080/12240/4014
f 2080/12241/4015 2086/12242/4015 2087/12243/4015
f 2080/12244/4016 2087/12245/4016 2081/12246/4016
f 2081/12247/4017 2087/12248/4017 2088/12249/4017
f 2081/12250/4018 2088/12251/4018 2082/12252/4018
f 2082/12253/4019 2088/12254/4019 2089/12255/4019
f 2082/12256/4020 2089/12257/4020 2083/12258/4020
f 2083/12259/4021 2089/12260/4021 2090/12261/4021
f 2083/12262/4022 2090/12263/4022 2021/12264/4022
f 2021/12265/4023 2090/12266/4023 2091/12267/4023
f 2021/12268/4024 2091/12269/4024 2010/12270/4024
f 2010/12271/4025 2091/12272/4025 2016/12273/4025
f 2016/12274/4026 2091/12275/4026 2015/12276/4026
f 2015/12277/4027 2091/12278/4027 2092/12279/4027
f 2015/12280/4028 2092/12281/4028 2017/12282/4028
f 2017/12283/4029 2092/12284/4029 2018/12285/4029
f 2018/12286/4030 2092/12287/4030 2093/12288/4030
f 2018/12289/4031 2093/12290/4031 2019/12291/4031
f 2019/12292/4032 2093/12293/4032 2094/12294/4032
f 2019/12295/4033 2094/12296/4033 2020/12297/4033
f 2094/12298/4034 2093/12299/4034 2095/12300/4034
f 2095/12301/4035 2093/12302/4035 2096/12303/4035
f 2095/12304/4036 2096/12305/4036 2097/12306/4036
f 2097/12307/4037 2096/12308/4037 2098/12309/4037
f 2097/12310/4038 2098/12311/4038 2099/12312/4038
f 2099/12313/4039 2098/12314/4039 2088/12315/4039
f 2099/12316/4040 2088/12317/4040 2087/12318/4040
f 2099/12319/4041 2087/12320/4041 2100/12321/4041
f 2100/12322/4042 2087/12323/4042 2086/12324/4042
f 2100/12325/4043 2086/12326/4043 2101/12327/4043
f 2101/12328/4044 2086/12329/4044 2085/12330/4044
f 2101/12331/4045 2085/12332/4045 2102/12333/4045
f 2102/12334/4046 2085/12335/4046 2084/12336/4046
f 2102/12337/4047 2084/12338/4047 2103/12339/4047
f 2102/12340/4048 2103/12341/4048 2104/12342/4048
f 2104/12343/4049 2103/12344/4049 2105/12345/4049
f 2104/12346/4050 2105/12347/4050 2106/12348/4050
f 2104/12349/4051 2106/12350/4051 2107/12351/4051
f 2104/12352/4052 2107/12353/4052 2108/12354/4052
f 2108/12355/4053 2107/12356/4053 2109/12357/4053
f 2108/12358/4054 2109/12359/4054 2110/12360/4054
f 2110/12361/4055 2109/12362/4055 2111/12363/4055
f 2110/12364/4056 2111/12365/4056 2112/12366/4056
f 2112/12367/4057 2111/12368/4057 2113/12369/4057
f 2112/12370/4058 2113/12371/4058 2097/12372/4058
f 2097/12373/4059 2113/12374/4059 2114/12375/4059
f 2097/12376/4060 2114/12377/4060 2095/12378/4060
f 2097/12379/4061 2099/12380/4061 2112/12381/4061
f 2112/12382/4062 2099/12383/4062 2100/12384/4062
f 2112/12385/4063 2100/12386/4063 2110/12387/4063
f 2110/12388/4064 2100/12389/4064 2101/12390/4064
f 2110/12391/4065 2101/12392/4065 2108/12393/4065
f 2108/12394/4066 2101/12395/4066 2102/12396/4066
f 2108/12397/4067 2102/12398/4067 2104/12399/4067
f 2088/12400/4068 2098/12401/4068 2089/12402/4068
f 2089/12403/4069 2098/12404/4069 2115/12405/4069
f 2089/12406/4070 2115/12407/4070 2090/12408/4070
f 2090/12409/4071 2115/12410/4071 2092/12411/4071
f 2090/12412/4072 2092/12413/4072 2091/12414/4072
f 2092/12415/4073 2115/12416/4073 2093/12417/4073
f 2093/12418/4074 2115/12419/4074 2096/12420/4074
f 2096/12421/4075 2115/12422/4075 2098/12423/4075
f 2116/12424/4076 1966/12425/4076 2117/12426/4076
f 2117/12427/4077 1966/12428/4077 2020/12429/4077
f 1966/12430/1178 2116/12431/1178 1967/12432/1178
f 1967/12433/4078 2116/12434/4078 2118/12435/4078
f 1967/12436/4079 2118/12437/4079 1969/12438/4079
f 1969/12439/4080 2118/12440/4080 1995/12441/4080
f 1995/12442/4081 2118/12443/4081 2119/12444/4081
f 1995/12445/4082 2119/12446/4082 1993/12447/4082
f 1993/12448/4083 2119/12449/4083 2120/12450/4083
f 1993/12451/4084 2120/12452/4084 1992/12453/4084
f 1992/12454/4085 2120/12455/4085 2121/12456/4085
f 1992/12457/4086 2121/12458/4086 1990/12459/4086
f 1990/12460/4087 2121/12461/4087 2122/12462/4087
f 1990/12463/4088 2122/12464/4088 1982/12465/4088
f 1982/12466/4089 2122/12467/4089 2123/12468/4089
f 1982/12469/4090 2123/12470/4090 1983/12471/4090
f 1983/12472/4091 2123/12473/4091 1985/12474/4091
f 2116/12475/4092 2124/12476/4092 2118/12477/4092
f 2118/12478/4093 2124/12479/4093 2125/12480/4093
f 2118/12481/4094 2125/12482/4094 2119/12483/4094
f 2119/12484/4095 2125/12485/4095 2126/12486/4095
f 2119/12487/4096 2126/12488/4096 2120/12489/4096
f 2120/12490/4097 2126/12491/4097 2127/12492/4097
f 2120/12493/4098 2127/12494/4098 2121/12495/4098
f 2121/12496/4099 2127/12497/4099 2128/12498/4099
f 2121/12499/4100 2128/12500/4100 2122/12501/4100
f 2122/12502/4101 2128/12503/4101 2123/12504/4101
f 2123/12505/4102 2128/12506/4102 2129/12507/4102
f 2129/12508/4103 2128/12509/4103 2130/12510/4103
f 2130/12511/4104 2128/12512/4104 2131/12513/4104
f 2130/12514/4105 2131/12515/4105 2132/12516/4105
f 2132/12517/4106 2131/12518/4106 2133/12519/4106
f 2132/12520/4107 2133/12521/4107 2134/12522/4107
f 2134/12523/4108 2133/12524/4108 2135/12525/4108
f 2134/12526/4109 2135/12527/4109 2136/12528/4109
f 2136/12529/4110 2135/12530/4110 2137/12531/4110
f 2136/12532/4111 2137/12533/4111 2138/12534/4111
f 2138/12535/4112 2137/12536/4112 2139/12537/4112
f 2138/12538/4113 2139/12539/4113 2140/12540/4113
f 2138/12541/4114 2140/12542/4114 2141/12543/4114
f 2141/12544/4115 2140/12545/4115 2142/12546/4115
f 2141/12547/4116 2142/12548/4116 2143/12549/4116
f 2143/12550/4117 2142/12551/4117 2144/12552/4117
f 2143/12553/4118 2144/12554/4118 2145/12555/4118
f 2143/12556/4119 2145/12557/4119 2146/12558/4119
f 2143/12559/4120 2146/12560/4120 2147/12561/4120
f 2147/12562/4121 2146/12563/4121 2148/12564/4121
f 2147/12565/4122 2148/12566/4122 2149/12567/4122
f 2147/12568/4123 2149/12569/4123 2150/12570/4123
f 2150/12571/4124 2149/12572/4124 2151/12573/4124
f 2150/12574/4125 2151/12575/4125 2152/12576/4125
f 2150/12577/4126 2152/12578/4126 2153/12579/4126
f 2153/12580/4127 2152/12581/4127 2154/12582/4127
f 2153/12583/4128 2154/12584/4128 2155/12585/4128
f 2153/12586/4129 2155/12587/4129 2156/12588/4129
f 2153/12589/4130 2156/12590/4130 2157/12591/4130
f 2153/12592/4131 2157/12593/4131 2158/12594/4131
f 2158/12595/4132 2157/12596/4132 2132/12597/4132
f 2158/12598/4133 2132/12599/4133 2134/12600/4133
f 2158/12601/4134 2134/12602/4134 2159/12603/4134
f 2159/12604/4135 2134/12605/4135 2136/12606/4135
f 2159/12607/4136 2136/12608/4136 2160/12609/4136
f 2160/12610/4137 2136/12611/4137 2138/12612/4137
f 2160/12613/4138 2138/12614/4138 2141/12615/4138
f 2160/12616/4139 2141/12617/4139 2147/12618/4139
f 2147/12619/4140 2141/12620/4140 2143/12621/4140
f 2147/12622/4141 2150/12623/4141 2160/12624/4141
f 2160/12625/4142 2150/12626/4142 2159/12627/4142
f 2159/12628/4143 2150/12629/4143 2153/12630/4143
f 2159/12631/4144 2153/12632/4144 2158/12633/4144
f 2157/12634/4145 2161/12635/4145 2132/12636/4145
f 2132/12637/4146 2161/12638/4146 2130/12639/4146
f 2139/12640/4147 2137/12641/4147 2162/12642/4147
f 2162/12643/4148 2137/12644/4148 2163/12645/4148
f 2163/12646/4149 2137/12647/4149 2125/12648/4149
f 2163/12649/4150 2125/12650/4150 2124/12651/4150
f 2137/12652/4151 2135/12653/4151 2125/12654/4151
f 2125/12655/4152 2135/12656/4152 2126/12657/4152
f 2126/12658/4153 2135/12659/4153 2133/12660/4153
f 2126/12661/4154 2133/12662/4154 2127/12663/4154
f 2127/12664/4155 2133/12665/4155 2131/12666/4155
f 2127/12667/4156 2131/12668/4156 2128/12669/4156
f 2164/12670/4157 2165/12671/4157 2155/12672/4157
f 2155/12673/4158 2165/12674/4158 1985/12675/4158
f 2155/12676/4159 1985/12677/4159 2123/12678/4159
f 2155/12679/4160 2123/12680/4160 2129/12681/4160
f 2155/12682/4161 2129/12683/4161 2130/12684/4161
f 2155/12685/4162 2130/12686/4162 2161/12687/4162
f 2155/12688/4163 2161/12689/4163 2157/12690/4163
f 2155/12691/4164 2157/12692/4164 2156/12693/4164
f 1959/12694/4165 1988/12695/4165 1946/12696/4165
f 1946/12697/4166 1988/12698/4166 1944/12699/4166
f 1944/12700/4167 1988/12701/4167 1986/12702/4167
f 1944/12703/4168 1986/12704/4168 1943/12705/4168
f 1943/12706/4169 1986/12707/4169 1929/12708/4169
f 1929/12709/4170 1986/12710/4170 2166/12711/4170
f 1929/12712/4171 2166/12713/4171 1930/12714/4171
f 1930/12715/4172 2166/12716/4172 1942/12717/4172
f 1942/12718/4173 2166/12719/4173 2167/12720/4173
f 1942/12721/4174 2167/12722/4174 1940/12723/4174
f 1940/12724/4175 2167/12725/4175 1941/12726/4175
f 1941/12727/4176 2167/12728/4176 2168/12729/4176
f 2166/12730/4177 1986/12731/4177 2165/12732/4177
f 2165/12733/4178 1986/12734/4178 1985/12735/4178
f 1941/12736/4179 2169/12737/4179 1939/12738/4179
f 1939/12739/4180 2169/12740/4180 2170/12741/4180
f 1939/12742/4181 2170/12743/4181 1937/12744/4181
f 1937/12745/4182 2170/12746/4182 2171/12747/4182
f 1937/12748/4183 2171/12749/4183 1936/12750/4183
f 1936/12751/4184 2171/12752/4184 1917/12753/4184
f 1917/12754/4185 2171/12755/4185 1918/12756/4185
f 1918/12757/4186 2171/12758/4186 1919/12759/4186
f 1919/12760/4187 2171/12761/4187 2172/12762/4187
f 1919/12763/4188 2172/12764/4188 1920/12765/4188
f 1920/12766/4189 2172/12767/4189 2173/12768/4189
f 1920/12769/4190 2173/12770/4190 1921/12771/4190
f 1921/12772/4191 2173/12773/4191 2174/12774/4191
f 1921/12775/4192 2174/12776/4192 2175/12777/4192
f 1921/12778/4193 2175/12779/4193 1922/12780/4193
f 2173/12781/4194 2172/12782/4194 2176/12783/4194
f 2176/12784/4195 2172/12785/4195 2177/12786/4195
f 2177/12787/4196 2172/12788/4196 2171/12789/4196
f 2177/12790/4197 2171/12791/4197 2170/12792/4197
f 2177/12793/4198 2170/12794/4198 2178/12795/4198
f 2178/12796/4199 2170/12797/4199 2169/12798/4199
f 2178/12799/514 2169/12800/514 2168/12801/514
f 2168/12802/514 2169/12803/514 1941/12804/514
f 2179/12805/4200 2180/12806/4200 2181/12807/4200
f 2181/12808/4201 2180/12809/4201 2182/12810/4201
f 2181/12811/4202 2182/12812/4202 2183/12813/4202
f 2183/12814/4203 2182/12815/4203 2184/12816/4203
f 2183/12817/4204 2184/12818/4204 2168/12819/4204
f 2183/12820/4205 2168/12821/4205 2167/12822/4205
f 2183/12823/4206 2167/12824/4206 2185/12825/4206
f 2185/12826/4207 2167/12827/4207 2166/12828/4207
f 2185/12829/4208 2166/12830/4208 2165/12831/4208
f 2185/12832/4209 2165/12833/4209 2186/12834/4209
f 2186/12835/4210 2165/12836/4210 2187/12837/4210
f 2186/12838/4211 2187/12839/4211 2179/12840/4211
f 2186/12841/4212 2179/12842/4212 2181/12843/4212
f 2186/12844/4213 2181/12845/4213 2183/12846/4213
f 2186/12847/4214 2183/12848/4214 2185/12849/4214
f 2178/12850/4215 2168/12851/4215 2188/12852/4215
f 2188/12853/4216 2168/12854/4216 2184/12855/4216
f 2188/12856/4217 2184/12857/4217 2189/12858/4217
f 2189/12859/4218 2184/12860/4218 2190/12861/4218
f 2190/12862/4219 2184/12863/4219 2182/12864/4219
f 2190/12865/4220 2182/12866/4220 2191/12867/4220
f 2191/12868/4221 2182/12869/4221 2180/12870/4221
f 2191/12871/4222 2180/12872/4222 2192/12873/4222
f 1922/12874/4223 2175/12875/4223 2193/12876/4223
f 2193/12877/4224 2175/12878/4224 2174/12879/4224
f 2193/12880/4225 2174/12881/4225 2194/12882/4225
f 2194/12883/4226 2174/12884/4226 2195/12885/4226
f 2194/12886/2311 2195/12887/2311 2196/12888/2311
f 2196/12889/2311 2195/12890/2311 2197/12891/2311
f 2197/12892/4227 2195/12893/4227 2198/12894/4227
f 2197/12895/4228 2198/12896/4228 2199/12897/4228
f 2199/12898/4229 2198/12899/4229 2200/12900/4229
f 2199/12901/4230 2200/12902/4230 2201/12903/4230
f 2201/12904/4231 2200/12905/4231 2202/12906/4231
f 2202/12907/4232 2200/12908/4232 2203/12909/4232
f 2203/12910/4233 2200/12911/4233 2191/12912/4233
f 2203/12913/4234 2191/12914/4234 2192/12915/4234
f 2191/12916/4235 2200/12917/4235 2190/12918/4235
f 2190/12919/4236 2200/12920/4236 2204/12921/4236
f 2190/12922/4237 2204/12923/4237 2189/12924/4237
f 2189/12925/4238 2204/12926/4238 2188/12927/4238
f 2188/12928/4239 2204/12929/4239 2177/12930/4239
f 2188/12931/4240 2177/12932/4240 2178/12933/4240
f 2200/12934/4241 2198/12935/4241 2204/12936/4241
f 2204/12937/4242 2198/12938/4242 2177/12939/4242
f 2177/12940/4243 2198/12941/4243 2176/12942/4243
f 2176/12943/4244 2198/12944/4244 2173/12945/4244
f 2173/12946/4245 2198/12947/4245 2195/12948/4245
f 2173/12949/4246 2195/12950/4246 2174/12951/4246
f 2201/12952/4247 2205/12953/4247 2199/12954/4247
f 2199/12955/2311 2205/12956/2311 2197/12957/2311
f 2206/12958/4248 2180/12959/4248 2207/12960/4248
f 2207/12961/4249 2180/12962/4249 2179/12963/4249
f 2207/12964/4250 2179/12965/4250 2187/12966/4250
f 2207/12967/4251 2187/12968/4251 2208/12969/4251
f 2208/12970/4252 2187/12971/4252 2165/12972/4252
f 2208/12973/4253 2165/12974/4253 2164/12975/4253
f 2206/12976/4254 2207/12977/4254 2209/12978/4254
f 2209/12979/4255 2207/12980/4255 2210/12981/4255
f 2209/12982/4256 2210/12983/4256 2211/12984/4256
f 2211/12985/4257 2210/12986/4257 2212/12987/4257
f 2211/12988/4258 2212/12989/4258 2213/12990/4258
f 2213/12991/4259 2212/12992/4259 2214/12993/4259
f 2213/12994/4260 2214/12995/4260 2215/12996/4260
f 2215/12997/4261 2214/12998/4261 2216/12999/4261
f 2215/13000/4262 2216/13001/4262 2217/13002/4262
f 2217/13003/4263 2216/13004/4263 2218/13005/4263
f 2218/13006/4264 2216/13007/4264 2219/13008/4264
f 2218/13009/4265 2219/13010/4265 2220/13011/4265
f 2220/13012/4266 2219/13013/4266 2221/13014/4266
f 2221/13015/4267 2219/13016/4267 2222/13017/4267
f 2221/13018/4268 2222/13019/4268 2223/13020/4268
f 2215/13021/4269 2217/13022/4269 2224/13023/4269
f 2222/13024/4270 2219/13025/4270 2225/13026/4270
f 2225/13027/4271 2219/13028/4271 2226/13029/4271
f 2225/13030/4272 2226/13031/4272 2227/13032/4272
f 2227/13033/4273 2226/13034/4273 2228/13035/4273
f 2228/13036/4274 2226/13037/4274 2229/13038/4274
f 2228/13039/4275 2229/13040/4275 2230/13041/4275
f 2230/13042/4276 2229/13043/4276 2231/13044/4276
f 2231/13045/4277 2229/13046/4277 2232/13047/4277
f 2231/13048/4278 2232/13049/4278 2233/13050/4278
f 2233/13051/4279 2232/13052/4279 2208/13053/4279
f 2233/13054/4280 2208/13055/4280 2164/13056/4280
f 2208/13057/4281 2232/13058/4281 2207/13059/4281
f 2207/13060/4282 2232/13061/4282 2210/13062/4282
f 2210/13063/4283 2232/13064/4283 2212/13065/4283
f 2212/13066/4284 2232/13067/4284 2229/13068/4284
f 2212/13069/4285 2229/13070/4285 2214/13071/4285
f 2214/13072/4286 2229/13073/4286 2226/13074/4286
f 2214/13075/4287 2226/13076/4287 2216/13077/4287
f 2216/13078/4288 2226/13079/4288 2219/13080/4288
f 2223/13081/4289 2222/13082/4289 2145/13083/4289
f 2145/13084/4290 2222/13085/4290 2146/13086/4290
f 2146/13087/4291 2222/13088/4291 2225/13089/4291
f 2146/13090/4292 2225/13091/4292 2148/13092/4292
f 2148/13093/4293 2225/13094/4293 2227/13095/4293
f 2148/13096/4294 2227/13097/4294 2228/13098/4294
f 2148/13099/4295 2228/13100/4295 2149/13101/4295
f 2149/13102/4296 2228/13103/4296 2230/13104/4296
f 2149/13105/4297 2230/13106/4297 2151/13107/4297
f 2151/13108/4298 2230/13109/4298 2231/13110/4298
f 2151/13111/4299 2231/13112/4299 2152/13113/4299
f 2152/13114/4300 2231/13115/4300 2233/13116/4300
f 2152/13117/4301 2233/13118/4301 2154/13119/4301
f 2154/13120/4302 2233/13121/4302 2155/13122/4302
f 2155/13123/4303 2233/13124/4303 2164/13125/4303
f 2223/13126/4304 2145/13127/4304 2234/13128/4304
f 2234/13129/4305 2145/13130/4305 2235/13131/4305
f 2234/13132/4306 2236/13133/4306 2223/13134/4306
f 2223/13135/4307 2236/13136/4307 2221/13137/4307
f 2221/13138/4308 2236/13139/4308 2220/13140/4308
f 2220/13141/4309 2236/13142/4309 2237/13143/4309
f 2220/13144/4310 2237/13145/4310 2218/13146/4310
f 2218/13147/4311 2237/13148/4311 2238/13149/4311
f 2218/13150/4312 2238/13151/4312 2217/13152/4312
f 2217/13153/4313 2238/13154/4313 2239/13155/4313
f 2217/13156/4314 2239/13157/4314 2224/13158/4314
f 2224/13159/4315 2239/13160/4315 2240/13161/4315
f 2117/13162/4316 2241/13163/4316 2116/13164/4316
f 2116/13165/4317 2241/13166/4317 2124/13167/4317
f 2124/13168/4318 2241/13169/4318 2242/13170/4318
f 2124/13171/4319 2242/13172/4319 2163/13173/4319
f 2163/13174/4320 2242/13175/4320 2243/13176/4320
f 2163/13177/4321 2243/13178/4321 2162/13179/4321
f 2162/13180/4322 2243/13181/4322 2244/13182/4322
f 2162/13183/4323 2244/13184/4323 2139/13185/4323
f 2139/13186/4324 2244/13187/4324 2245/13188/4324
f 2139/13189/4325 2245/13190/4325 2140/13191/4325
f 2140/13192/4326 2245/13193/4326 2246/13194/4326
f 2140/13195/4327 2246/13196/4327 2142/13197/4327
f 2142/13198/4328 2246/13199/4328 2247/13200/4328
f 2142/13201/4329 2247/13202/4329 2144/13203/4329
f 2144/13204/4330 2247/13205/4330 2235/13206/4330
f 2144/13207/4331 2235/13208/4331 2145/13209/4331
f 2117/13210/4332 2248/13211/4332 2241/13212/4332
f 2241/13213/4333 2248/13214/4333 2249/13215/4333
f 2241/13216/4334 2249/13217/4334 2242/13218/4334
f 2242/13219/4335 2249/13220/4335 2250/13221/4335
f 2242/13222/4336 2250/13223/4336 2243/13224/4336
f 2243/13225/4337 2250/13226/4337 2251/13227/4337
f 2243/13228/4338 2251/13229/4338 2244/13230/4338
f 2244/13231/4339 2251/13232/4339 2245/13233/4339
f 2245/13234/4340 2251/13235/4340 2252/13236/4340
f 2245/13237/4341 2252/13238/4341 2246/13239/4341
f 2246/13240/4342 2252/13241/4342 2253/13242/4342
f 2246/13243/4343 2253/13244/4343 2247/13245/4343
f 2247/13246/4344 2253/13247/4344 2235/13248/4344
f 2235/13249/4345 2253/13250/4345 2254/13251/4345
f 2254/13252/4346 2253/13253/4346 2255/13254/4346
f 2254/13255/4347 2255/13256/4347 2256/13257/4347
f 2256/13258/4348 2255/13259/4348 2257/13260/4348
f 2257/13261/4349 2255/13262/4349 2258/13263/4349
f 2257/13264/4350 2258/13265/4350 2259/13266/4350
f 2259/13267/4351 2258/13268/4351 2260/13269/4351
f 2260/13270/4352 2258/13271/4352 2261/13272/4352
f 2260/13273/4353 2261/13274/4353 2262/13275/4353
f 2262/13276/4354 2261/13277/4354 2263/13278/4354
f 2263/13279/4355 2261/13280/4355 2264/13281/4355
f 2264/13282/4356 2261/13283/4356 2265/13284/4356
f 2265/13285/4357 2261/13286/4357 2266/13287/4357
f 2265/13288/4358 2266/13289/4358 2267/13290/4358
f 2267/13291/4359 2266/13292/4359 2268/13293/4359
f 2267/13294/4360 2268/13295/4360 2269/13296/4360
f 2269/13297/4361 2268/13298/4361 2270/13299/4361
f 2269/13300/4362 2270/13301/4362 2271/13302/4362
f 2271/13303/4363 2270/13304/4363 2272/13305/4363
f 2271/13306/4364 2272/13307/4364 2273/13308/4364
f 2273/13309/4365 2272/13310/4365 2251/13311/4365
f 2273/13312/4366 2251/13313/4366 2250/13314/4366
f 2273/13315/4367 2250/13316/4367 2274/13317/4367
f 2274/13318/4368 2250/13319/4368 2249/13320/4368
f 2274/13321/4369 2249/13322/4369 2275/13323/4369
f 2275/13324/4370 2249/13325/4370 2248/13326/4370
f 2275/13327/4371 2276/13328/4371 2274/13329/4371
f 2274/13330/4372 2276/13331/4372 2277/13332/4372
f 2274/13333/4373 2277/13334/4373 2273/13335/4373
f 2273/13336/4374 2277/13337/4374 2271/13338/4374
f 2271/13339/4375 2277/13340/4375 2278/13341/4375
f 2271/13342/4376 2278/13343/4376 2269/13344/4376
f 2269/13345/4377 2278/13346/4377 2279/13347/4377
f 2269/13348/4378 2279/13349/4378 2267/13350/4378
f 2279/13351/4379 2278/13352/4379 2280/13353/4379
f 2280/13354/4380 2278/13355/4380 2281/13356/4380
f 2281/13357/4381 2278/13358/4381 2282/13359/4381
f 2282/13360/4382 2278/13361/4382 2283/13362/4382
f 2283/13363/4383 2278/13364/4383 2277/13365/4383
f 2283/13366/4384 2277/13367/4384 2276/13368/4384
f 2251/13369/4385 2272/13370/4385 2252/13371/4385
f 2252/13372/4386 2272/13373/4386 2284/13374/4386
f 2252/13375/4387 2284/13376/4387 2253/13377/4387
f 2253/13378/4388 2284/13379/4388 2255/13380/4388
f 2255/13381/4389 2284/13382/4389 2285/13383/4389
f 2255/13384/4390 2285/13385/4390 2258/13386/4390
f 2258/13387/4391 2285/13388/4391 2266/13389/4391
f 2258/13390/4392 2266/13391/4392 2261/13392/4392
f 2266/13393/4393 2285/13394/4393 2268/13395/4393
f 2268/13396/4394 2285/13397/4394 2270/13398/4394
f 2270/13399/4395 2285/13400/4395 2284/13401/4395
f 2270/13402/4396 2284/13403/4396 2272/13404/4396
f 2235/13405/4397 2254/13406/4397 2234/13407/4397
f 2234/13408/4398 2254/13409/4398 2286/13410/4398
f 2286/13411/4399 2254/13412/4399 2287/13413/4399
f 2287/13414/4400 2254/13415/4400 2256/13416/4400
f 2287/13417/4401 2256/13418/4401 2288/13419/4401
f 2288/13420/4402 2256/13421/4402 2289/13422/4402
f 2289/13423/4403 2256/13424/4403 2257/13425/4403
f 2289/13426/4404 2257/13427/4404 2290/13428/4404
f 2290/13429/4405 2257/13430/4405 2259/13431/4405
f 2290/13432/4406 2259/13433/4406 2291/13434/4406
f 2291/13435/4407 2259/13436/4407 2260/13437/4407
f 2291/13438/4408 2260/13439/4408 2292/13440/4408
f 2292/13441/4409 2260/13442/4409 2262/13443/4409
f 2292/13444/4410 2262/13445/4410 2293/13446/4410
f 2293/13447/4411 2262/13448/4411 2263/13449/4411
f 2105/13450/4412 2281/13451/4412 2106/13452/4412
f 2106/13453/4413 2281/13454/4413 2107/13455/4413
f 2107/13456/4414 2281/13457/4414 2109/13458/4414
f 2109/13459/4415 2281/13460/4415 2282/13461/4415
f 2109/13462/4416 2282/13463/4416 2111/13464/4416
f 2111/13465/4417 2282/13466/4417 2283/13467/4417
f 2111/13468/4418 2283/13469/4418 2113/13470/4418
f 2113/13471/4419 2283/13472/4419 2276/13473/4419
f 2113/13474/4420 2276/13475/4420 2114/13476/4420
f 2114/13477/4421 2276/13478/4421 2275/13479/4421
f 2114/13480/4422 2275/13481/4422 2095/13482/4422
f 2095/13483/4423 2275/13484/4423 2248/13485/4423
f 2095/13486/4424 2248/13487/4424 2094/13488/4424
f 2094/13489/4425 2248/13490/4425 2020/13491/4425
f 2020/13492/4426 2248/13493/4426 2117/13494/4426
f 2105/13495/4427 2294/13496/4427 2281/13497/4427
f 2281/13498/4428 2294/13499/4428 2293/13500/4428
f 2281/13501/4429 2293/13502/4429 2263/13503/4429
f 2281/13504/4430 2263/13505/4430 2264/13506/4430
f 2281/13507/4431 2264/13508/4431 2280/13509/4431
f 2280/13510/4431 2264/13511/4431 2279/13512/4431
f 2279/13513/4431 2264/13514/4431 2265/13515/4431
f 2279/13516/4431 2265/13517/4431 2267/13518/4431
f 2240/13519/4432 2239/13520/4432 2295/13521/4432
f 2295/13522/4433 2239/13523/4433 2296/13524/4433
f 2295/13525/4434 2296/13526/4434 2297/13527/4434
f 2297/13528/4435 2296/13529/4435 2298/13530/4435
f 2297/13531/4436 2298/13532/4436 2299/13533/4436
f 2299/13534/4437 2298/13535/4437 2287/13536/4437
f 2299/13537/4438 2287/13538/4438 2288/13539/4438
f 2299/13540/4439 2288/13541/4439 2289/13542/4439
f 2299/13543/4440 2289/13544/4440 2300/13545/4440
f 2300/13546/4441 2289/13547/4441 2290/13548/4441
f 2300/13549/4442 2290/13550/4442 2291/13551/4442
f 2300/13552/4443 2291/13553/4443 2301/13554/4443
f 2301/13555/4444 2291/13556/4444 2292/13557/4444
f 2301/13558/4445 2292/13559/4445 2302/13560/4445
f 2302/13561/4446 2292/13562/4446 2293/13563/4446
f 2287/13564/4447 2298/13565/4447 2286/13566/4447
f 2286/13567/4448 2298/13568/4448 2236/13569/4448
f 2286/13570/4449 2236/13571/4449 2234/13572/4449
f 2236/13573/4450 2298/13574/4450 2237/13575/4450
f 2237/13576/4451 2298/13577/4451 2238/13578/4451
f 2238/13579/4452 2298/13580/4452 2296/13581/4452
f 2238/13582/4453 2296/13583/4453 2239/13584/4453
f 2295/13585/4454 2297/13586/4454 2303/13587/4454
f 2303/13588/4455 2297/13589/4455 2304/13590/4455
f 2303/13591/4456 2304/13592/4456 2305/13593/4456
f 2305/13594/4457 2304/13595/4457 2306/13596/4457
f 2305/13597/4458 2306/13598/4458 2307/13599/4458
f 2307/13600/4459 2306/13601/4459 2308/13602/4459
f 2307/13603/4460 2308/13604/4460 2309/13605/4460
f 2308/13606/4461 2306/13607/4461 2302/13608/4461
f 2302/13609/4462 2306/13610/4462 2301/13611/4462
f 2301/13612/4463 2306/13613/4463 2300/13614/4463
f 2300/13615/4464 2306/13616/4464 2304/13617/4464
f 2300/13618/4465 2304/13619/4465 2299/13620/4465
f 2299/13621/4466 2304/13622/4466 2297/13623/4466
f 2294/13624/4467 2310/13625/4467 2293/13626/4467
f 2293/13627/4468 2310/13628/4468 2302/13629/4468
f 2302/13630/4469 2310/13631/4469 2311/13632/4469
f 2302/13633/4470 2311/13634/4470 2308/13635/4470
f 2308/13636/4471 2311/13637/4471 2312/13638/4471
f 2308/13639/4472 2312/13640/4472 2309/13641/4472
f 2077/13642/4473 2048/13643/4473 2084/13644/4473
f 2084/13645/4474 2048/13646/4474 2050/13647/4474
f 2084/13648/4475 2050/13649/4475 2052/13650/4475
f 2084/13651/4476 2052/13652/4476 2103/13653/4476
f 2103/13654/4477 2052/13655/4477 2054/13656/4477
f 2103/13657/4478 2054/13658/4478 2061/13659/4478
f 2103/13660/4479 2061/13661/4479 2313/13662/4479
f 2313/13663/4480 2061/13664/4480 2073/13665/4480
f 2313/13666/4481 2073/13667/4481 2072/13668/4481
f 2313/13669/4482 2072/13670/4482 2314/13671/4482
f 2314/13672/4483 2072/13673/4483 2071/13674/4483
f 2314/13675/4484 2071/13676/4484 2315/13677/4484
f 2103/13678/4485 2313/13679/4485 2105/13680/4485
f 2105/13681/4486 2313/13682/4486 2294/13683/4486
f 1922/13684/4487 2316/13685/4487 2047/13686/4487
f 2047/13687/4488 2316/13688/4488 2046/13689/4488
f 2046/13690/4489 2316/13691/4489 2317/13692/4489
f 2046/13693/4490 2317/13694/4490 2045/13695/4490
f 2045/13696/4491 2317/13697/4491 2318/13698/4491
f 2045/13699/4492 2318/13700/4492 2044/13701/4492
f 2044/13702/4493 2318/13703/4493 2043/13704/4493
f 2043/13705/4494 2318/13706/4494 2067/13707/4494
f 2067/13708/4495 2318/13709/4495 2068/13710/4495
f 2068/13711/4496 2318/13712/4496 2319/13713/4496
f 2068/13714/4497 2319/13715/4497 2070/13716/4497
f 2070/13717/4498 2319/13718/4498 2320/13719/4498
f 2070/13720/4499 2320/13721/4499 2071/13722/4499
f 2320/13723/4500 2319/13724/4500 2321/13725/4500
f 2321/13726/4501 2319/13727/4501 2322/13728/4501
f 2322/13729/4502 2319/13730/4502 2323/13731/4502
f 2323/13732/4503 2319/13733/4503 2324/13734/4503
f 2324/13735/4504 2319/13736/4504 2317/13737/4504
f 2324/13738/4505 2317/13739/4505 2325/13740/4505
f 2325/13741/4506 2317/13742/4506 2316/13743/4506
f 2318/13744/4507 2317/13745/4507 2319/13746/4507
f 2312/13747/2311 2326/13748/2311 2309/13749/2311
f 2309/13750/4508 2326/13751/4508 2303/13752/4508
f 2309/13753/2311 2303/13754/2311 2305/13755/2311
f 2309/13756/4509 2305/13757/4509 2307/13758/4509
f 2326/13759/4510 2327/13760/4510 2303/13761/4510
f 2303/13762/4511 2327/13763/4511 2295/13764/4511
f 2295/13765/4512 2327/13766/4512 2240/13767/4512
f 2240/13768/4513 2327/13769/4513 2328/13770/4513
f 2240/13771/4514 2328/13772/4514 2329/13773/4514
f 2240/13774/4515 2329/13775/4515 2330/13776/4515
f 2240/13777/4516 2330/13778/4516 2331/13779/4516
f 2240/13780/4517 2331/13781/4517 2332/13782/4517
f 2240/13783/4518 2332/13784/4518 1922/13785/4518
f 2240/13786/4519 1922/13787/4519 2193/13788/4519
f 2240/13789/4520 2193/13790/4520 2194/13791/4520
f 2240/13792/4521 2194/13793/4521 2196/13794/4521
f 2240/13795/4522 2196/13796/4522 2197/13797/4522
f 2240/13798/4523 2197/13799/4523 2205/13800/4523
f 2240/13801/4524 2205/13802/4524 2201/13803/4524
f 2240/13804/4525 2201/13805/4525 2202/13806/4525
f 2240/13807/4526 2202/13808/4526 2203/13809/4526
f 2240/13810/4527 2203/13811/4527 2224/13812/4527
f 2224/13813/4528 2203/13814/4528 2215/13815/4528
f 2215/13816/4529 2203/13817/4529 2192/13818/4529
f 2215/13819/4530 2192/13820/4530 2206/13821/4530
f 2206/13822/2311 2192/13823/2311 2180/13824/2311
f 2215/13825/4531 2206/13826/4531 2213/13827/4531
f 2213/13828/4532 2206/13829/4532 2211/13830/4532
f 2211/13831/2311 2206/13832/2311 2209/13833/2311
f 2321/13834/4533 2333/13835/4533 2315/13836/4533
f 2315/13837/4534 2333/13838/4534 2334/13839/4534
f 2334/13840/4535 2333/13841/4535 2335/13842/4535
f 2334/13843/4536 2335/13844/4536 2336/13845/4536
f 2334/13846/4537 2336/13847/4537 2337/13848/4537
f 2337/13849/4538 2336/13850/4538 2338/13851/4538
f 2337/13852/4539 2338/13853/4539 2312/13854/4539
f 2312/13855/4540 2338/13856/4540 2326/13857/4540
f 2315/13858/4541 2339/13859/4541 2314/13860/4541
f 2314/13861/4542 2339/13862/4542 2313/13863/4542
f 2313/13864/4543 2339/13865/4543 2340/13866/4543
f 2313/13867/4544 2340/13868/4544 2294/13869/4544
f 2294/13870/4545 2340/13871/4545 2310/13872/4545
f 2310/13873/4546 2340/13874/4546 2311/13875/4546
f 2311/13876/4547 2340/13877/4547 2341/13878/4547
f 2311/13879/4548 2341/13880/4548 2312/13881/4548
f 2312/13882/4549 2341/13883/4549 2337/13884/4549
f 2337/13885/4550 2341/13886/4550 2342/13887/4550
f 2337/13888/4551 2342/13889/4551 2334/13890/4551
f 2334/13891/4552 2342/13892/4552 2315/13893/4552
f 2315/13894/4553 2342/13895/4553 2339/13896/4553
f 2339/13897/4554 2342/13898/4554 2340/13899/4554
f 2340/13900/4555 2342/13901/4555 2341/13902/4555
f 2321/13903/4556 2315/13904/4556 2320/13905/4556
f 2320/13906/514 2315/13907/514 2071/13908/514
f 2326/13909/4557 2338/13910/4557 2327/13911/4557
f 2327/13912/4558 2338/13913/4558 2328/13914/4558
f 2328/13915/4559 2338/13916/4559 2343/13917/4559
f 2328/13918/4560 2343/13919/4560 2329/13920/4560
f 2329/13921/4561 2343/13922/4561 2330/13923/4561
f 2330/13924/4562 2343/13925/4562 2344/13926/4562
f 2330/13927/4563 2344/13928/4563 2331/13929/4563
f 2331/13930/4564 2344/13931/4564 2345/13932/4564
f 2331/13933/4565 2345/13934/4565 2332/13935/4565
f 2332/13936/4566 2345/13937/4566 1922/13938/4566
f 1922/13939/4567 2345/13940/4567 2316/13941/4567
f 2316/13942/4568 2345/13943/4568 2344/13944/4568
f 2316/13945/4569 2344/13946/4569 2325/13947/4569
f 2325/13948/4570 2344/13949/4570 2324/13950/4570
f 2324/13951/4571 2344/13952/4571 2346/13953/4571
f 2324/13954/4572 2346/13955/4572 2323/13956/4572
f 2323/13957/4573 2346/13958/4573 2333/13959/4573
f 2323/13960/4574 2333/13961/4574 2322/13962/4574
f 2322/13963/4575 2333/13964/4575 2321/13965/4575
f 2333/13966/4576 2346/13967/4576 2335/13968/4576
f 2335/13969/4577 2346/13970/4577 2336/13971/4577
f 2336/13972/4578 2346/13973/4578 2343/13974/4578
f 2336/13975/4579 2343/13976/4579 2338/13977/4579
f 2344/13978/4580 2343/13979/4580 2346/13980/4580
