v 0.0978942122 -1.39240134 2.78401858
v 0.977382204 -1.39240026 1.29384404
v 0.977383157 -1.39240134 2.78401965
v 0.0978942122 -1.39240122 1.29384369
v 1.003248 0.641710043 2.742769
v 2.02696004 0.652498841 1.03759426
v 2.95558675 0.652498841 1.03759426
v 2.02696004 0.652498722 1.28799474
v 2.02696004 0.652498484 1.53839526
v 2.02696004 0.652498364 1.78879555
v 2.02696004 0.652498126 2.03919592
v 2.02696004 0.652498007 2.28959626
v 2.02696004 0.652497888 2.53999662
v 2.02696004 0.652497768 2.6651969
v 2.02696004 0.652498722 1.16279453
v 2.02696004 0.652498603 1.41319484
v 2.02696004 0.652498484 1.66359535
v 2.02696004 0.652498245 1.91399573
v 2.02696004 0.652498126 2.16439615
v 2.02696004 0.652497888 2.41479665
v 2.04454901 0.684562683 2.79039717
v 2.02696004 0.652497649 2.77271497
v 2.03575506 0.652497649 2.78802848
v 2.02931716 0.652497649 2.78155649
v 2.04454901 1.29527092 1.00487536
v 2.02696004 1.3023138 1.01965684
v 2.04454901 1.32061887 1.02021778
v 2.03576603 1.29608083 1.00614458
v 2.04454901 1.3052218 1.00660259
v 2.03613701 1.30563188 1.00786465
v 2.02931013 1.311324 1.01933366
v 2.02931013 1.29866588 1.01162279
v 2.03159203 1.30745089 1.01169765
v 2.04454901 1.31452584 1.01223338
v 2.03576603 1.31804276 1.01948756
v 2.03613701 1.31218195 1.0118435
v 2.04454901 1.39500976 2.70217228
v 2.02696004 1.3775419 2.70129275
v 2.04454901 1.36978281 2.71977466
v 2.03576603 1.39268184 2.70156413
v 2.04454901 1.38880682 2.71079296
v 2.03613701 1.38670874 2.70984912
v 2.02931013 1.37367284 2.71003085
v 2.02931013 1.38626993 2.70124131
v 2.03159203 1.38219488 2.70962191
v 2.04454901 1.37954783 2.71725392
v 2.03576603 1.37082469 2.71681482
v 2.03613701 1.38018978 2.71439803
v 2.95558675 0.652497649 2.77271497
v 2.93799861 0.684562683 2.79039717
v 2.95323034 0.652497649 2.78155649
v 2.94679304 0.652497649 2.78802848
v 2.93799861 1.32061887 1.02021778
v 2.95558675 1.3023138 1.01965684
v 2.93799861 1.29527092 1.00487536
v 2.94678046 1.31804276 1.01948756
v 2.93799861 1.31452584 1.01223338
v 2.94640966 1.31218195 1.0118435
v 2.95323779 1.29866588 1.01162279
v 2.95323779 1.311324 1.01933366
v 2.95095487 1.30745089 1.01169765
v 2.93799861 1.3052218 1.00660259
v 2.94678046 1.29608083 1.00614458
v 2.94640966 1.30563188 1.00786465
v 2.95558675 1.3775419 2.70129275
v 2.93799861 1.39500976 2.70217228
v 2.93799861 1.36978281 2.71977466
v 2.95323779 1.38626993 2.70124131
v 2.95323779 1.37367284 2.71003085
v 2.95095487 1.38219488 2.70962191
v 2.93799861 1.38880682 2.71079296
v 2.94678046 1.39268184 2.70156413
v 2.94640966 1.38670874 2.70984912
v 2.94678046 1.37082469 2.71681482
v 2.93799861 1.37954783 2.71725392
v 2.94640966 1.38018978 2.71439803
v 2.02696004 0.701213837 1.01644248
v 2.04454901 0.715058804 0.998853385
v 2.02931716 0.708136916 1.00764799
v 2.03575506 0.713204861 1.00120991
v 2.93799861 0.715058804 0.998853385
v 2.95558675 0.701213837 1.01644248
v 2.94679304 0.713204861 1.00120991
v 2.95323034 0.708136916 1.00764799
v 2.02696004 1.4673779 2.47396016
v 2.02696004 1.51663113 2.22817212
v 2.02696004 1.53678727 1.98244816
v 2.02696004 1.52957344 1.73676664
v 2.02696004 1.48473752 1.49113208
v 2.04454901 1.5033915 1.49003032
v 2.02696004 1.41255081 1.24553037
v 2.04454901 1.43120778 1.24444216
v 2.02931716 1.4218787 1.24498624
v 2.03575506 1.42870784 1.24458808
v 2.93799861 1.5033915 1.49003032
v 2.93799861 1.43120778 1.24444216
v 2.94679304 1.42870784 1.24458808
v 2.95323034 1.4218787 1.24498624
v 2.02696004 1.35457683 1.12277025
v 2.04454901 1.44736183 2.59517717
v 2.02696004 1.42862177 2.59689748
v 2.03575506 1.4448508 2.59540778
v 2.02931716 1.43799186 2.59603739
v 2.04454901 1.51542819 2.34958911
v 2.02696004 1.49676001 2.35105434
v 2.03575506 1.51292706 2.34978542
v 2.02931716 1.50609398 2.35032171
v 2.04454901 1.55010617 2.10400094
v 2.02696004 1.53146124 2.10530193
v 2.03575506 1.54760814 2.10417525
v 2.02931716 1.54078412 2.10465144
v 2.04454901 1.55657232 1.85841272
v 2.02696004 1.53793132 1.85960098
v 2.03575506 1.55407524 1.8585719
v 2.02931716 1.5472523 1.85900684
v 2.04454901 1.52936661 1.61282441
v 2.02696004 1.51071751 1.61394522
v 2.03575506 1.52686751 1.61297461
v 2.02931716 1.52004254 1.61338481
v 2.04454901 1.47086072 1.36723632
v 2.02696004 1.45220566 1.36832666
v 2.95558675 1.42862177 2.59689748
v 2.93799861 1.44736183 2.59517717
v 2.95323034 1.43799186 2.59603739
v 2.94679304 1.4448508 2.59540778
v 2.93799861 1.51542819 2.34958911
v 2.95323034 1.50609398 2.35032171
v 2.94679304 1.51292706 2.34978542
v 2.93799861 1.55010617 2.10400094
v 2.94679304 1.54760921 2.10417525
v 2.95558675 1.53793132 1.85960098
v 2.93799861 1.55657232 1.85841272
v 2.95323034 1.5472523 1.85900684
v 2.94679304 1.55407524 1.8585719
v 2.93799861 1.52936661 1.61282441
v 2.95323034 1.52004254 1.61338481
v 2.94679304 1.52686751 1.61297461
v 2.93799861 1.47086072 1.36723632
v 2.75930907 1.29527092 1.03136069
v 2.58061912 1.29527092 1.01554298
v 2.40192904 1.29527092 1.01554298
v 2.22323897 1.29527092 1.03136069
v 2.04625704 1.29527092 1.02937078
v 2.04454901 1.36978281 2.68805051
v 2.93512597 1.29527092 1.02613086
v 2.93799861 1.36978281 2.70046353
v 2.04454901 0.715058804 0.998941243
v 2.93799861 0.700577855 1.01734787
v 2.04454901 1.0956949 2.74083632
v 2.04454901 1.23273885 2.70707732
v 2.22323897 1.36978281 2.69025272
v 2.40192904 1.36978281 2.70042026
v 2.75930907 1.36978281 2.69889987
v 2.75912513 1.29527092 1.03706187
v 2.58061912 1.29527092 1.02871424
v 2.40192904 1.29527092 1.02871424
v 2.22336604 1.29527092 1.03757888
v 2.93799861 1.0956949 2.74802387
v 2.04460706 1.1792289 1.01741928
v 2.04016902 1.06318688 1.01458448
v 2.04130401 0.947143912 1.01799262
v 2.04451301 0.831101894 1.02591205
v 2.93799861 0.743806839 1.02601111
v 2.93796833 0.947143912 1.02144945
v 2.93511947 1.06318688 1.0075354
v 2.93256058 1.1792289 1.0117203
v 2.22323897 0.684562683 2.79039717
v 2.58061912 0.684562683 2.79335278
v 2.75930907 0.715058804 0.99905479
v 2.40192904 0.715058804 0.995393455
v 2.22323897 0.715058804 0.994882286
v 2.75930907 1.23273885 2.73880118
v 2.58061912 0.958650708 2.8005994
v 2.58061912 1.09569478 2.78647506
v 2.40192904 0.821606755 2.80210406
v 2.40192904 0.958650708 2.8005994
v 2.40192904 1.09569478 2.78647506
v 2.40192904 1.23273885 2.75424868
v 2.22323897 0.821606755 2.78705281
v 2.22323897 1.23273885 2.73205996
v 2.22323897 0.774050832 1.04194713
v 2.22301104 0.947143912 0.964537561
v 2.22233202 1.06318688 0.963771641
v 2.22352018 1.1792289 0.993859291
v 2.40192904 0.774050832 1.03186238
v 2.40192904 0.947143912 0.978737116
v 2.40192904 1.06318688 0.999541283
v 2.40192904 1.1792289 0.966632783
v 2.58061912 0.947143912 0.981347501
v 2.58061912 1.06318688 0.979639173
v 2.58061912 1.1792289 0.966632783
v 2.75930907 0.743806839 1.0256381
v 2.75930907 0.947143912 0.965073347
v 2.75917806 1.06318688 0.962866724
v 2.75843908 1.1792289 0.993513227
v 1.9797261 0.652498841 1.03759426
v 1.9797261 0.652498722 1.28799474
v 1.9797261 0.652498484 1.53839526
v 1.9797261 0.652498364 1.78879555
v 1.9797261 0.652498126 2.03919592
v 1.9797261 0.652498007 2.28959626
v 1.9797261 0.652497888 2.53999662
v 1.9797261 0.652497768 2.6651969
v 1.9797261 0.652498722 1.16279453
v 1.9797261 0.652498603 1.41319484
v 1.9797261 0.652498484 1.66359535
v 1.9797261 0.652498245 1.91399573
v 1.9797261 0.652498126 2.16439615
v 1.9797261 0.652497888 2.41479665
v 1.9797261 0.652497649 2.77271497
v 1.9797261 1.4673779 2.47396016
v 1.9797261 1.51663113 2.22817212
v 1.9797261 1.53678727 1.98244816
v 1.9797261 1.52957344 1.73676664
v 1.9797261 1.48473752 1.49113208
v 1.9797261 1.41255081 1.24553037
v 1.9797261 1.35457683 1.12277025
v 1.9797261 1.42862177 2.59689748
v 1.9797261 1.49676001 2.35105434
v 1.9797261 1.53146124 2.10530193
v 1.9797261 1.53793132 1.85960098
v 1.9797261 1.51071751 1.61394522
v 1.9797261 1.45220566 1.36832666
v 0.0419519152 0.641710877 1.21239454
v 0.0419519152 0.64170891 2.74276942
v 0.0814957823 0.641710877 1.21239454
v 0.0814957823 0.641710997 1.00998807
v 0.963702938 0.641711533 1.00998789
v 0.710175058 -0.664501399 0.923853993
v 0.761243125 -0.656409502 0.923853993
v 0.971519014 -1.23871589 0.923853636
v 0.807290098 -0.632941395 0.92385304
v 0.843832036 -0.596400276 0.92385304
v 0.867300054 -0.55035229 0.92385304
v 0.875391027 -0.499284789 0.92385304
v 0.875391027 -0.171194986 0.923853278
v 0.382086059 -0.664501697 0.923853993
v 0.331017991 -0.656410098 0.923853993
v 0.224960824 -0.550352886 0.923854113
v 0.0944979395 -1.23871702 0.923853636
v 0.216869136 -0.499285191 0.923854113
v 0.248428842 -0.596400782 0.923854113
v 0.284971019 -0.632941991 0.923853993
v 0.710175058 -0.00597897172 0.92385447
v 0.382084867 -0.00597897172 0.92385447
v 0.0944972243 0.232224584 0.923854589
v 0.331017991 -0.0140709579 0.92385447
v 0.284971019 -0.0375386775 0.92385447
v 0.248428127 -0.0740809739 0.923854351
v 0.224960824 -0.120128378 0.923854351
v 0.216867944 -0.171195373 0.923854351
v 0.867300054 -0.120127693 0.923853278
v 0.97151806 0.232224941 0.923853517
v 0.843832036 -0.0740803778 0.923853397
v 0.807288906 -0.0375382602 0.923853397
v 0.761242172 -0.0140707791 0.92385447
v 0.248363038 -0.127732888 0.935571313
v 0.268333932 -0.0885450542 0.935571313
v 0.0944972243 0.232224584 0.935571551
v 0.299434921 -0.0574442744 0.935571313
v 0.338622829 -0.03747347 0.935571313
v 0.382086059 -0.639895082 0.935570955
v 0.338622829 -0.633008003 0.935570955
v 0.0944979395 -1.23871702 0.935570598
v 0.299434921 -0.613035202 0.935570955
v 0.268333932 -0.581936687 0.935570955
v 0.248363992 -0.542747289 0.935571074
v 0.241475841 -0.499285191 0.935571074
v 0.241475126 -0.171195373 0.935571313
v 0.710175058 -0.639894694 0.935570955
v 0.75363805 -0.633007288 0.935570955
v 0.850785037 -0.499284789 0.935571074
v 0.843898078 -0.542746693 0.935571074
v 0.971519014 -1.23871589 0.935570598
v 0.823925992 -0.581936181 0.935570955
v 0.79282715 -0.613034576 0.935570955
v 0.382084867 -0.0305857658 0.935571313
v 0.710175058 -0.0305853784 0.935571313
v 0.97151806 0.232224941 0.935571551
v 0.753636857 -0.0374727845 0.935571313
v 0.792826196 -0.057443589 0.935571313
v 0.823925039 -0.0885443687 0.935571313
v 0.843897125 -0.127732471 0.935571313
v 0.850784084 -0.171194986 0.935571313
v 0.224955102 -0.550339967 0.909207106
v 0.216869136 -0.499285176 0.909207106
v 0.224955102 -0.120140076 0.909207344
v 0.216867944 -0.171195358 0.909207344
v 0.867304107 -0.120139658 0.909207344
v 0.875391027 -0.171194971 0.909207344
v 0.867305061 -0.550339371 0.909207106
v 0.875391981 -0.499284774 0.909207106
v 0.843840143 -0.596396968 0.909207106
v 0.823926946 -0.581936166 0.909207106
v 0.843898078 -0.542746678 0.909207106
v 0.850785991 -0.499284774 0.909207106
v 0.850785037 -0.171194971 0.909207344
v 0.843897125 -0.127732456 0.909207344
v 0.248420974 -0.0740830302 0.909207344
v 0.268333932 -0.0885450244 0.909207344
v 0.248363038 -0.127732873 0.909207344
v 0.241475126 -0.171195358 0.909207344
v 0.241475841 -0.499285176 0.909207106
v 0.248363992 -0.542747274 0.909207106
v 0.710175058 -0.664501369 0.909206986
v 0.382086059 -0.664501667 0.909206986
v 0.382086059 -0.639895052 0.909206986
v 0.710175058 -0.639894664 0.909206986
v 0.299434921 -0.0574442446 0.909207344
v 0.79282715 -0.613034546 0.909206986
v 0.75363805 -0.633007258 0.909206986
v 0.284974119 -0.0375318527 0.909207463
v 0.331028959 -0.0140661597 0.909207463
v 0.338622829 -0.0374734402 0.909207463
v 0.382084867 -0.00597894192 0.909207463
v 0.382084867 -0.030585736 0.909207463
v 0.753636857 -0.0374727547 0.909207463
v 0.792826196 -0.0574435592 0.909207344
v 0.268333932 -0.581936672 0.909207106
v 0.248422166 -0.596397474 0.909207106
v 0.299434921 -0.613035172 0.909206986
v 0.807286998 -0.0375311375 0.909207463
v 0.761230966 -0.0140654445 0.909207463
v 0.823925992 -0.0885443389 0.909207344
v 0.710175058 -0.00597894192 0.909207463
v 0.710175058 -0.0305853486 0.909207463
v 0.843839189 -0.0740828514 0.909207344
v 0.284974119 -0.632949263 0.909206986
v 0.338622829 -0.633007973 0.909206986
v 0.331030151 -0.656414568 0.909206986
v 0.761230966 -0.656413764 0.909206986
v 0.807287952 -0.632948756 0.909206986
v 0.957871934 0.0956192017 0.201039553
v 0.957872888 -0.984293818 0.201038837
v 0.941792985 -0.984293818 0.201038837
v 0.941792032 0.0956192017 0.201039553
v 0.957871934 0.0956191421 0.277041435
v 0.941792032 0.0956191421 0.277041435
v 0.941792985 -0.984293878 0.277040839
v 0.957872888 -0.984293878 0.277040839
v 0.128082057 0.0956188142 0.201039553
v 0.128082773 -0.984294415 0.201038837
v 0.112001916 -0.984294415 0.201038837
v 0.112001916 0.0956188142 0.201039553
v 0.128082057 0.0956187546 0.277041435
v 0.112001916 0.0956187546 0.277041435
v 0.112001916 -0.984294474 0.277040839
v 0.128082773 -0.984294474 0.277040839
v 0.107635995 0.0575740039 0.139859438
v 0.963775178 0.0575747192 0.139859438
v 0.963775178 -0.00449946523 0.139859319
v 0.107635995 -0.00449946523 0.139859319
v 0.107635995 0.0575739443 0.242503405
v 0.107635995 -0.00449952483 0.242503405
v 0.963775178 -0.00449952483 0.242502451
v 0.963775178 0.0575746596 0.242502451
v 0.212014934 -0.332809776 1.1920929e-07
v 0.212014934 -0.332809506 0.135038137
v 0.218248865 -0.269514717 0.135038137
v 0.218248865 -0.269515365 2.38418579e-07
v 0.236711999 -0.208653063 0.135038257
v 0.236711999 -0.208653674 2.38418579e-07
v 0.266692897 -0.152562246 0.135038257
v 0.266692897 -0.152562872 2.38418579e-07
v 0.30704095 -0.103398681 0.135038257
v 0.307039758 -0.103398889 3.57627869e-07
v 0.356205245 -0.0630504489 0.135038376
v 0.356204053 -0.0630503595 3.57627869e-07
v 0.412296077 -0.0330693722 0.135038376
v 0.412294885 -0.0330694616 3.57627869e-07
v 0.473158142 -0.0146072507 0.135038376
v 0.473156949 -0.0146071613 3.57627869e-07
v 0.536453029 -0.00837355852 0.135038376
v 0.536451837 -0.00837346911 3.57627869e-07
v 0.599746963 -0.0146072507 0.135038376
v 0.599746248 -0.0146071613 3.57627869e-07
v 0.660608789 -0.033069551 0.135038376
v 0.660608074 -0.0330694616 3.57627869e-07
v 0.716699144 -0.0630508661 0.135038376
v 0.716699144 -0.0630507767 3.57627869e-07
v 0.765862962 -0.103398681 0.135038257
v 0.765862962 -0.103398591 3.57627869e-07
v 0.806210061 -0.152562246 0.135038257
v 0.806210061 -0.152562156 2.38418579e-07
v 0.836190959 -0.208653063 0.135038257
v 0.836190959 -0.208652973 2.38418579e-07
v 0.854653856 -0.269514717 0.135038137
v 0.854653856 -0.269514628 2.38418579e-07
v 0.860888025 -0.332808794 0.135038137
v 0.860888025 -0.332809417 1.1920929e-07
v 0.854653856 -0.396103192 0.135038137
v 0.854653856 -0.396103799 1.1920929e-07
v 0.836190959 -0.456965461 0.135038018
v 0.836190959 -0.456966169 1.1920929e-07
v 0.806211969 -0.513055757 0.135038018
v 0.806210061 -0.513056368 0
v 0.765863916 -0.562220261 0.135038018
v 0.765862962 -0.562220573 0
v 0.716699144 -0.602567852 0.135038018
v 0.716699144 -0.602568775 0
v 0.660608789 -0.632549584 0.135037899
v 0.660608789 -0.632549495 0
v 0.599748155 -0.651011884 0.135037899
v 0.599746248 -0.651011795 0
v 0.536454221 -0.657245785 0.135037899
v 0.536451837 -0.657245696 0
v 0.473158857 -0.65101248 0.135037899
v 0.473156949 -0.651011795 0
v 0.412296792 -0.632550091 0.135037899
v 0.412294885 -0.632549495 0
v 0.356205961 -0.602569759 0.135038018
v 0.356204053 -0.602568671 0
v 0.307042858 -0.562222362 0.135038018
v 0.307039758 -0.562220573 0
v 0.266694089 -0.513058469 0.135038018
v 0.266692182 -0.513056368 0
v 0.236712953 -0.45696836 0.135038018
v 0.236711046 -0.456966169 1.1920929e-07
v 0.218250057 -0.396106694 0.135038137
v 0.218248865 -0.396103799 1.1920929e-07
v 0.310318967 -0.377792547 0.135038137
v 0.305888196 -0.332809506 0.135038137
v 0.305888196 -0.332809776 1.1920929e-07
v 0.310318252 -0.377790008 1.1920929e-07
v 0.323438903 -0.421044327 0.135038137
v 0.323438903 -0.421042524 1.1920929e-07
v 0.34474518 -0.460905366 0.135038018
v 0.34474518 -0.460903868 1.1920929e-07
v 0.373419067 -0.49584356 0.135038018
v 0.373419067 -0.495842367 0
v 0.408358118 -0.524517268 0.135038018
v 0.408357164 -0.524516076 0
v 0.448219797 -0.545823157 0.135038018
v 0.448219081 -0.545822367 0
v 0.491473218 -0.558942959 0.135038018
v 0.491470834 -0.558942869 0
v 0.536454221 -0.563373268 0.135038018
v 0.536451837 -0.563373178 0
v 0.581435224 -0.558942959 0.135038018
v 0.581432125 -0.558942869 0
v 0.624686977 -0.545822456 0.135038018
v 0.624683877 -0.545822367 0
v 0.664546033 -0.524515763 0.135038018
v 0.664546033 -0.52451627 0
v 0.699485084 -0.495842159 0.135038018
v 0.69948413 -0.495842785 0
v 0.728158971 -0.460903957 0.135038018
v 0.728158018 -0.460903868 1.1920929e-07
v 0.749465009 -0.421042234 0.135038137
v 0.749465009 -0.421042144 1.1920929e-07
v 0.762585184 -0.377789754 0.135038137
v 0.762585184 -0.377790008 1.1920929e-07
v 0.767015001 -0.332809506 0.135038137
v 0.767015001 -0.332809417 1.1920929e-07
v 0.762585184 -0.287828535 0.135038137
v 0.762585184 -0.287828445 2.38418579e-07
v 0.749465009 -0.244576357 0.135038257
v 0.749465009 -0.244576268 2.38418579e-07
v 0.728158018 -0.204715356 0.135038257
v 0.728158018 -0.204715267 2.38418579e-07
v 0.69948413 -0.169776455 0.135038257
v 0.69948413 -0.169776365 2.38418579e-07
v 0.664546033 -0.141103566 0.135038257
v 0.664546033 -0.141102761 2.38418579e-07
v 0.624683877 -0.119796649 0.135038257
v 0.624683877 -0.119796559 2.38418579e-07
v 0.581432125 -0.106676444 0.135038257
v 0.581432125 -0.106676355 3.57627869e-07
v 0.536451837 -0.102245986 0.135038257
v 0.536451837 -0.102245897 3.57627869e-07
v 0.491472026 -0.106676444 0.135038257
v 0.491470834 -0.106676355 3.57627869e-07
v 0.448219081 -0.119796649 0.135038257
v 0.448219081 -0.119796559 2.38418579e-07
v 0.408358118 -0.141103163 0.135038257
v 0.408358118 -0.141103074 2.38418579e-07
v 0.373419067 -0.169776857 0.135038257
v 0.373419067 -0.169776767 2.38418579e-07
v 0.34474518 -0.204715058 0.135038257
v 0.34474518 -0.204715565 2.38418579e-07
v 0.323438903 -0.244576357 0.135038257
v 0.323438903 -0.244577073 2.38418579e-07
v 0.310318252 -0.287828535 0.135038137
v 0.310318252 -0.287829153 2.38418579e-07
v 0.103178998 -0.993045628 0.165816784
v 0.968691131 -0.993045032 0.16581583
v 0.968513986 -0.793035477 0.106505871
v 0.103112956 -0.793035954 0.106505871
v 0.968513032 0.00502985716 0.10401845
v 0.968690177 0.100182056 0.126510501
v 0.103178998 0.100181252 0.126511455
v 0.103112956 0.00502955914 0.10401845
v 0.103212854 -0.993292987 0.929152846
v 0.968780061 -0.99329257 0.929091811
v 0.968779107 0.100117534 0.9290905
v 0.103212139 0.100116819 0.929114461
v 0.103112956 -0.493761316 0.0657080412
v 0.103112956 -0.294244684 0.0657081604
v 0.968513032 -0.294244342 0.0657081604
v 0.968513032 -0.493760616 0.0657080412
v 0.535812875 -0.593519211 0.0751609802
v 0.535812875 -0.0802724063 0.0871024132
v 0.752162954 -0.493760616 0.0657080412
v 0.319463273 -0.493761316 0.0657080412
v 0.802880069 -0.394002661 0.0637181997
v 0.261425992 -0.39400335 0.0637181997
v 0.802880069 -0.294244342 0.0657081604
v 0.261425992 -0.294244684 0.0657081604
v 0.752162954 -0.194486409 0.073171258
v 0.319463273 -0.19448711 0.073171258
v 0.714766046 -0.144607216 0.080137372
v 0.356857797 -0.144607618 0.080137372
v 0.0884118284 0.420541763 1.06693971
v 0.0884118284 0.421868384 1.06826621
v 0.0431990828 0.374505639 1.06693971
v 0.0418729986 0.374505639 1.06826615
v 0.0418729986 0.420541763 1.06826621
v 0.0431990828 0.421868384 1.06826621
v 0.0431990828 0.420541763 1.06693971
v 0.011094829 0.546663165 1.15983081
v 0.00779893057 0.533004463 1.15845561
v 0.00734998839 0.518985271 1.15828508
v 0.0246999468 0.546947837 1.1383599
v 0.0217581 0.53328979 1.13539195
v 0.0225129332 0.518941641 1.13618177
v 0.0452668871 0.532788455 1.12236011
v 0.0453562941 0.518866062 1.1226055
v 1.30443623 0.208974123 1.07324386
v 1.30288293 0.207205892 1.07324386
v 1.29147102 0.383546412 1.07324398
v 1.29324009 0.381993055 1.07324398
v 1.282393 0.207547605 1.07324386
v 1.28416206 0.205994546 1.07324386
v 1.28073194 0.207440317 1.07490867
v 1.30260207 0.211541772 1.05399692
v 1.30241801 0.214377582 1.05282009
v 1.30392315 0.216910064 1.05448431
v 1.30418613 0.212839067 1.05515873
v 1.29375317 0.374057114 1.05448443
v 1.29193499 0.376374841 1.05282015
v 1.29175212 0.37921077 1.05399698
v 1.29348995 0.378127992 1.05515885
v 1.2836981 0.213166058 1.05282009
v 1.28388097 0.210330307 1.05399692
v 1.28214409 0.211412728 1.05515873
v 1.28187992 0.215483665 1.05448431
v 1.27303102 0.377999365 1.05399698
v 1.27321388 0.375163615 1.05282015
v 1.27170994 0.372630477 1.05448443
v 1.27144696 0.376701593 1.05515885
v 1.28167011 0.218716025 1.07324386
v 1.28188612 0.215393603 1.07324386
v 1.28022411 0.215286255 1.07490867
v 1.28416206 0.205994606 1.06000668
v 1.282393 0.207547665 1.06000668
v 1.28224208 0.209896982 1.05667758
v 1.28408601 0.207169116 1.05716509
v 1.27275016 0.382335067 1.0600068
v 1.27282598 0.38116014 1.05716521
v 1.27134897 0.378216684 1.0566777
v 1.27119686 0.380566597 1.0600068
v 1.29324009 0.381993115 1.0600068
v 1.29339196 0.379643381 1.0566777
v 1.29154708 0.382371664 1.05716521
v 1.29147102 0.383546472 1.0600068
v 1.30288293 0.207205951 1.06000668
v 1.30280711 0.20838058 1.05716509
v 1.30428412 0.2113235 1.05667758
v 1.30443623 0.208974183 1.06000668
v 1.28167011 0.218716085 1.06000668
vt 0.587007105 0.923190594
vt 0.587005913 0.923167408
vt 0.587622702 0.923187017
vt 0.554522216 0.998177111
vt 0.811048627 0.998858511
vt 0.554522216 0.998858511
vt 0.554522216 0.996768892
vt 0.811048627 0.997479677
vt 0.554522216 0.997479677
vt 0.764906824 0.902298272
vt 0.679772198 0.879639328
vt 0.765157878 0.879661024
vt 0.177887395 0.271512598
vt 0.139614493 0.27148959
vt 0.126683995 0.3789756
vt 0.583633006 0.923282921
vt 0.582756102 0.92302227
vt 0.582757115 0.923000276
vt 0.266186893 0.271469593
vt 0.239698902 0.160215601
vt 0.239516407 0.271498591
vt 0.202184394 0.271515101
vt 0.190018401 0.250144601
vt 0.177887395 0.271512598
vt 0 0
vt 0 0
vt 0 0
vt 0.0104553103 0.989465177
vt 0.0834089518 0.734768271
vt 0.0996219516 0.743506372
vt 0.554522216 0.997479677
vt 0.811048627 0.998177111
vt 0.554522216 0.998177111
vt 0.811176121 0.994923294
vt 0.811048627 0.994219303
vt 0.811176002 0.994215906
vt 0.594337523 0.901283026
vt 0.637025476 0.879374623
vt 0.637349308 0.902069211
vt 0.587934077 0.92328459
vt 0.587623894 0.923210323
vt 0.588240921 0.923315704
vt 0.554394722 0.996768177
vt 0.554522216 0.997479677
vt 0.554394722 0.997479022
vt 0.203097895 0.160224602
vt 0.239698902 0.160215601
vt 0.265637487 0.058298111
vt 0.554522216 0.995299995
vt 0.811048627 0.995299995
vt 0.811048627 0.995672524
vt 0.587007105 0.923190594
vt 0.586389005 0.923250079
vt 0.587005913 0.923167408
vt 0.584889829 0.991492093
vt 0.584898829 0.923936188
vt 0.585257173 0.99164021
vt 0.566817105 0.98344022
vt 0.566817105 0.990020812
vt 0.566297114 0.990150392
vt 0.554522216 0.998858511
vt 0.811048627 0.999144375
vt 0.554522216 0.999144375
vt 0.580421627 0.92323643
vt 0.581004083 0.923062503
vt 0.580420077 0.923258483
vt 0.129610002 0.160181105
vt 0.126805902 0.271476597
vt 0.151299998 0.216085598
vt 0.582170725 0.922971725
vt 0.584126115 0.991813123
vt 0.580001175 0.991813123
vt 0.588715911 0.99164021
vt 0.588859975 0.923552215
vt 0.589030325 0.99164021
vt 0.588087022 0.99164021
vt 0.58824271 0.923345029
vt 0.588401377 0.99164021
vt 0.587458193 0.99164021
vt 0.587625623 0.923239529
vt 0.587772608 0.99164021
vt 0.586829424 0.99164021
vt 0.587008476 0.923219919
vt 0.587143779 0.99164021
vt 0.586515009 0.99164021
vt 0.586083114 0.923381627
vt 0.586391628 0.923302591
vt 0.585886121 0.99164021
vt 0.585466206 0.923600972
vt 0.58577472 0.923480511
vt 0.586200476 0.99164021
vt 0.58577472 0.923480511
vt 0.586083114 0.923381627
vt 0.586829424 0.99164021
vt 0.586391628 0.923302591
vt 0.586700022 0.923245311
vt 0.587143779 0.99164021
vt 0.587317109 0.923223317
vt 0.587458193 0.99164021
vt 0.587772608 0.99164021
vt 0.587934077 0.92328459
vt 0.588087022 0.99164021
vt 0.588401377 0.99164021
vt 0.588551283 0.923434317
vt 0.588715911 0.99164021
vt 0.581589282 0.922940612
vt 0.582171977 0.922944009
vt 0.581004083 0.923062503
vt 0.585571706 0.99164021
vt 0.585157812 0.923777282
vt 0.585466206 0.923600972
vt 0.569816828 0.990020812
vt 0.569772124 0.990085602
vt 0.569774389 0.990020812
vt 0.584869087 0.923922598
vt 0.584878623 0.923946381
vt 0.584864676 0.923951805
vt 0.584898829 0.923936188
vt 0.584878802 0.923918784
vt 0.584897876 0.923907876
vt 0.584897876 0.923907876
vt 0.5848791 0.92390269
vt 0.584898293 0.923884988
vt 0.554394782 0.994215906
vt 0.554522216 0.994193077
vt 0.554522216 0.994219303
vt 0.554400206 0.994190872
vt 0.554522216 0.994172275
vt 0.554522216 0.994193077
vt 0.554400206 0.994176209
vt 0.554400206 0.994190872
vt 0.554334283 0.994188309
vt 0.575584114 0.982224107
vt 0.575622678 0.982159317
vt 0.575638711 0.982224107
vt 0.589143515 0.923676074
vt 0.589121878 0.923680127
vt 0.589122713 0.923658073
vt 0.589122117 0.923707485
vt 0.589142919 0.923691571
vt 0.589143872 0.923718274
vt 0.575476706 0.982111812
vt 0.575518072 0.982162118
vt 0.575448215 0.982159317
vt 0.575448215 0.982159317
vt 0.575510204 0.982224107
vt 0.575437188 0.982224107
vt 0.575518072 0.982162118
vt 0.575584114 0.982224107
vt 0.575510204 0.982224107
vt 0.575570107 0.982162118
vt 0.575518072 0.982162118
vt 0.575538218 0.98212862
vt 0.811048627 0.994193077
vt 0.811176002 0.994215906
vt 0.811048627 0.994219303
vt 0.584186494 0.923618078
vt 0.584168613 0.923623025
vt 0.584168315 0.923601329
vt 0.584167778 0.923649788
vt 0.584186792 0.923633277
vt 0.584186912 0.923659503
vt 0.584186912 0.923659503
vt 0.584195971 0.923636913
vt 0.584200025 0.923664629
vt 0.569772124 0.98337549
vt 0.569816828 0.98344022
vt 0.569774389 0.98344022
vt 0.811048627 0.994172275
vt 0.811170578 0.994190872
vt 0.811048627 0.994193077
vt 0.811170578 0.994190872
vt 0.811170578 0.994176209
vt 0.811236501 0.994188309
vt 0.580169916 0.923433304
vt 0.580150127 0.923418224
vt 0.580169976 0.923407316
vt 0.580169976 0.923407316
vt 0.58014971 0.923403621
vt 0.58016932 0.923386514
vt 0.575622678 0.988869429
vt 0.575584114 0.988804579
vt 0.575638711 0.988804579
vt 0.575584114 0.988804579
vt 0.575518072 0.988866627
vt 0.575510204 0.988804579
vt 0.575510204 0.988804579
vt 0.575448275 0.988869429
vt 0.575437188 0.988804579
vt 0.575518072 0.988866627
vt 0.575476706 0.988916874
vt 0.575448275 0.988869429
vt 0.575538218 0.988900125
vt 0.575518072 0.988866627
vt 0.575570107 0.988866627
vt 0.570451319 0.982224107
vt 0.575448215 0.982159317
vt 0.575437188 0.982224107
vt 0.589322507 0.991639316
vt 0.589160919 0.923724473
vt 0.58933872 0.991636813
vt 0.589300275 0.99164021
vt 0.589143872 0.923718274
vt 0.589322507 0.991639316
vt 0.583631992 0.923304915
vt 0.584168315 0.923601329
vt 0.584168613 0.923623025
vt 0.575510204 0.982224107
vt 0.575437188 0.988804579
vt 0.575437188 0.982224107
vt 0.575584114 0.982224107
vt 0.575510204 0.988804579
vt 0.575510204 0.982224107
vt 0.575638711 0.982224107
vt 0.575584114 0.988804579
vt 0.575584114 0.982224107
vt 0.554394722 0.998176515
vt 0.554522216 0.998858511
vt 0.554394722 0.998857915
vt 0.554394722 0.994923294
vt 0.554522216 0.994219303
vt 0.554522216 0.994924009
vt 0.569816828 0.990020812
vt 0.569719911 0.987388611
vt 0.569719911 0.986072421
vt 0.811048627 0.994193077
vt 0.554522216 0.994172275
vt 0.811048627 0.994172275
vt 0.811048627 0.994219303
vt 0.554522216 0.994193077
vt 0.811048627 0.994193077
vt 0.56511718 0.984650612
vt 0.560120225 0.984586
vt 0.565106213 0.984586
vt 0.58013308 0.923449516
vt 0.579980195 0.991812229
vt 0.579964876 0.991809905
vt 0.580149114 0.923443615
vt 0.580001175 0.991813123
vt 0.579980195 0.991812229
vt 0.569772124 0.990085602
vt 0.566817105 0.990020812
vt 0.569774389 0.990020812
vt 0.584878623 0.923946381
vt 0.584851503 0.991452277
vt 0.584864676 0.923951805
vt 0.584898829 0.923936188
vt 0.584867716 0.991470098
vt 0.584878623 0.923946381
vt 0.584167778 0.923649788
vt 0.584197283 0.991652071
vt 0.584176302 0.991672873
vt 0.584186912 0.923659503
vt 0.58421272 0.991635203
vt 0.584197283 0.991652071
vt 0.569772124 0.98337549
vt 0.566817105 0.98344022
vt 0.566795528 0.983375371
vt 0.811048627 0.998858511
vt 0.811176121 0.998176515
vt 0.811176121 0.998857915
vt 0.811048627 0.997479677
vt 0.811176121 0.996768177
vt 0.811176121 0.997479022
vt 0.811048627 0.996042013
vt 0.811176121 0.996768177
vt 0.811048627 0.996768892
vt 0.582757115 0.923000276
vt 0.582171977 0.922944009
vt 0.582173228 0.922922015
vt 0.766996682 0.901552975
vt 0.723450005 0.923113704
vt 0.680438817 0.901403606
vt 0.588240921 0.923315704
vt 0.58885622 0.923499525
vt 0.58885783 0.92352277
vt 0.76724112 0.880065322
vt 0.766996682 0.901552975
vt 0.680461884 0.880183697
vt 0.554394722 0.997479022
vt 0.554522216 0.998177111
vt 0.554394722 0.998176515
vt 0.722228289 0.94654417
vt 0.807650805 0.924022675
vt 0.807838678 0.989644587
vt 0.811048627 0.994219303
vt 0.554522216 0.994924009
vt 0.554522216 0.994219303
vt 0.554394722 0.996768177
vt 0.554522216 0.996042013
vt 0.554522216 0.996768892
vt 0.586390078 0.923273325
vt 0.585463822 0.92354852
vt 0.586389005 0.923250079
vt 0.554394722 0.994923294
vt 0.554522216 0.995299995
vt 0.554394722 0.996041179
vt 0.554522216 0.999144375
vt 0.554394722 0.998857915
vt 0.554522216 0.998858511
vt 0.589122713 0.923658073
vt 0.58885783 0.92352277
vt 0.58885622 0.923499525
vt 0.589121878 0.923680127
vt 0.588859975 0.923552215
vt 0.58885783 0.92352277
vt 0.580169976 0.923407316
vt 0.580417991 0.923286319
vt 0.580169916 0.923433304
vt 0.58016932 0.923386514
vt 0.580420077 0.923258483
vt 0.580169976 0.923407316
vt 0.811048627 0.999144375
vt 0.811176121 0.998857915
vt 0.811176002 0.999141514
vt 0.589030325 0.99164021
vt 0.589122117 0.923707485
vt 0.589300275 0.99164021
vt 0.807704926 0.965847492
vt 0.766641796 0.988278925
vt 0.765574813 0.965723276
vt 0.722205222 0.924938381
vt 0.764906824 0.902298272
vt 0.807650805 0.924022675
vt 0.637349308 0.902069211
vt 0.679772198 0.879639328
vt 0.680029273 0.90286988
vt 0.811048627 0.995299995
vt 0.811176121 0.996041179
vt 0.811048627 0.995672524
vt 0.811048627 0.998177111
vt 0.811176121 0.997479022
vt 0.811176121 0.998176515
vt 0.67986238 0.968081772
vt 0.722228289 0.94654417
vt 0.722398579 0.989849925
vt 0.582756102 0.92302227
vt 0.584167778 0.923649788
vt 0.582170725 0.922971725
vt 0.6800071 0.946519792
vt 0.722205222 0.924938381
vt 0.722228289 0.94654417
vt 0.582170725 0.922971725
vt 0.580417991 0.923286319
vt 0.581004083 0.923062503
vt 0.585464776 0.923571825
vt 0.584898293 0.923884988
vt 0.585463822 0.92354852
vt 0.595535815 0.965652585
vt 0.637803018 0.98792851
vt 0.59517771 0.986906826
vt 0.63901341 0.965336621
vt 0.680740178 0.988690376
vt 0.637803018 0.98792851
vt 0.722999513 0.965065002
vt 0.680740178 0.988690376
vt 0.681572795 0.96524328
vt 0.765574813 0.965723276
vt 0.723664522 0.988663077
vt 0.722999513 0.965065002
vt 0.594241679 0.880344987
vt 0.637397587 0.901446521
vt 0.594432712 0.9020769
vt 0.594432712 0.9020769
vt 0.63873142 0.923956811
vt 0.594367683 0.923283875
vt 0.594367683 0.923283875
vt 0.638698518 0.944006503
vt 0.59425652 0.944500387
vt 0.59425652 0.944500387
vt 0.63901341 0.965336621
vt 0.595535815 0.965652585
vt 0.637329519 0.880240977
vt 0.680438817 0.901403606
vt 0.637397587 0.901446521
vt 0.637397587 0.901446521
vt 0.680587292 0.923105419
vt 0.63873142 0.923956811
vt 0.680587292 0.923105419
vt 0.638698518 0.944006503
vt 0.63873142 0.923956811
vt 0.68089962 0.944134116
vt 0.63901341 0.965336621
vt 0.638698518 0.944006503
vt 0.594569206 0.92368269
vt 0.6800071 0.946519792
vt 0.63716352 0.967891872
vt 0.680587292 0.923105419
vt 0.723243296 0.9441908
vt 0.68089962 0.944134116
vt 0.723243296 0.9441908
vt 0.681572795 0.96524328
vt 0.68089962 0.944134116
vt 0.765638113 0.924022675
vt 0.723243296 0.9441908
vt 0.723450005 0.923113704
vt 0.723243296 0.9441908
vt 0.765574813 0.965723276
vt 0.722999513 0.965065002
vt 0.766996682 0.901552975
vt 0.809810817 0.923305929
vt 0.765638113 0.924022675
vt 0.765638113 0.924022675
vt 0.808314025 0.944648206
vt 0.765420318 0.944288671
vt 0.808314025 0.944648206
vt 0.765574813 0.965723276
vt 0.765420318 0.944288671
vt 0.571872115 0.988230228
vt 0.571529508 0.98331058
vt 0.571872115 0.98331058
vt 0.573477328 0.987908721
vt 0.57313472 0.98331058
vt 0.573477328 0.98331058
vt 0.555339813 0.979015529
vt 0.554997206 0.978105605
vt 0.555339813 0.978105605
vt 0.570159316 0.98331058
vt 0.570501924 0.989521801
vt 0.570159316 0.989521801
vt 0.555339813 0.979925394
vt 0.554997206 0.979015529
vt 0.555339813 0.979015529
vt 0.575638711 0.982111812
vt 0.575981081 0.988610804
vt 0.575638711 0.988610804
vt 0.555339813 0.980835319
vt 0.554997206 0.979925394
vt 0.555339813 0.979925394
vt 0.555339813 0.990715802
vt 0.554997325 0.989934325
vt 0.555339813 0.989934325
vt 0.570501924 0.98331058
vt 0.570844412 0.98917532
vt 0.570501924 0.98917532
vt 0.555339813 0.981745183
vt 0.554997206 0.980835319
vt 0.555339813 0.980835319
vt 0.555339813 0.982655108
vt 0.554997206 0.981745183
vt 0.555339813 0.981745183
vt 0.570844412 0.98331058
vt 0.571187019 0.989032209
vt 0.570844412 0.989032209
vt 0.572557211 0.988148987
vt 0.572214603 0.98331058
vt 0.572557211 0.98331058
vt 0.555339813 0.983564973
vt 0.554997325 0.982655108
vt 0.555339813 0.982655108
vt 0.572214603 0.988168001
vt 0.571872115 0.98331058
vt 0.572214603 0.98331058
vt 0.555339813 0.984474897
vt 0.554997325 0.983564973
vt 0.555339813 0.983564973
vt 0.573819816 0.987506211
vt 0.573477328 0.98331058
vt 0.573819816 0.98331058
vt 0.555339813 0.985384822
vt 0.554997325 0.984474897
vt 0.555339813 0.984474897
vt 0.555339813 0.986294806
vt 0.554997325 0.985384822
vt 0.555339813 0.985384822
vt 0.575981081 0.982111812
vt 0.576323807 0.988569379
vt 0.575981081 0.988569379
vt 0.555339813 0.987204671
vt 0.554997206 0.986294806
vt 0.555339813 0.986294806
vt 0.569816828 0.98331058
vt 0.570159316 0.989606202
vt 0.569816828 0.989606202
vt 0.555339813 0.988114595
vt 0.554997206 0.987204671
vt 0.555339813 0.987204671
vt 0.555339813 0.989934325
vt 0.554997325 0.989024401
vt 0.555339813 0.989024401
vt 0.57313472 0.987915218
vt 0.572792172 0.98331058
vt 0.57313472 0.98331058
vt 0.555339813 0.989024401
vt 0.554997325 0.988114595
vt 0.555339813 0.988114595
vt 0.571187019 0.98331058
vt 0.571529508 0.988460004
vt 0.571187019 0.988460004
vt 0.420605004 0.811747909
vt 0.434671015 0.819938719
vt 0.420605004 0.821323872
vt 0.166114494 0.189547107
vt 0.179314405 0.160219103
vt 0.142039403 0.160193607
vt 0.58577472 0.923480511
vt 0.585464776 0.923571825
vt 0.586390078 0.923273325
vt 0 0
vt 0 0
vt 0 0
vt 0.554522216 0.996042013
vt 0.811048627 0.996768892
vt 0.554522216 0.996768892
vt 0.386088103 0.481873095
vt 0.396964401 0.0665168688
vt 0.646993876 0.481963187
vt 0.548493922 0.985646307
vt 0.530785918 0.847188473
vt 0.548516512 0.710607529
vt 0.367935985 0.388103306
vt 0.296913505 0.519539595
vt 0.283980608 0.506416976
vt 0.278050303 0.514306188
vt 0.296913505 0.519539595
vt 0.288912505 0.525382221
vt 0.499011904 0.876113415
vt 0.438560694 0.878756583
vt 0.438915402 0.876157284
vt 0.103378497 0.734106004
vt 0.0834089518 0.734768271
vt 0.0894226432 0.726800203
vt 0.288912505 0.525382221
vt 0.305336714 0.535910606
vt 0.29592821 0.539401114
vt 0.264277011 0.507058501
vt 0.283980608 0.506416976
vt 0.278050303 0.514306188
vt 0.104580499 0.508221626
vt 0.0843429491 0.507701814
vt 0.100801803 0.498754501
vt 0.40997079 0.846970916
vt 0.407252997 0.786401808
vt 0.409855992 0.786775291
vt 0.411253303 0.77779448
vt 0.407252997 0.786401808
vt 0.4088431 0.776899993
vt 0.288105011 0.715040207
vt 0.283035904 0.73460412
vt 0.276841402 0.726461828
vt 0.295613408 0.700725496
vt 0.296333194 0.721129119
vt 0.288105011 0.715040207
vt 0.0904696509 0.515834808
vt 0.0710544512 0.521079183
vt 0.0843429491 0.507701814
vt 0.120681196 0.504777312
vt 0.250316113 0.494404614
vt 0.248599797 0.504122317
vt 0.104580499 0.508221626
vt 0.118623003 0.494889706
vt 0.120681196 0.504777312
vt 0.0792429969 0.527191103
vt 0.0621885583 0.53762871
vt 0.0710544512 0.521079183
vt 0.549608111 0.986781418
vt 0.548516512 0.710607529
vt 0.549608171 0.709508777
vt 0.431352705 0.870474577
vt 0.421937287 0.870382011
vt 0.424481988 0.866932571
vt 0.549608171 0.709508777
vt 0.384550393 0.710694909
vt 0.383458108 0.709597826
vt 0.248599797 0.504122317
vt 0.267830491 0.497819096
vt 0.264277011 0.507058501
vt 0.262732297 0.734220803
vt 0.248785004 0.747516692
vt 0.246602699 0.737801373
vt 0.29592821 0.539401114
vt 0.308613002 0.553650975
vt 0.298581004 0.55543083
vt 0.29895559 0.684446514
vt 0.305157602 0.704445124
vt 0.295613408 0.700725496
vt 0.29895559 0.684446514
vt 0.308613002 0.553650975
vt 0.308781594 0.686391711
vt 0.276841402 0.726461828
vt 0.266575903 0.74363482
vt 0.262732297 0.734220803
vt 0.246602699 0.737801373
vt 0.117557302 0.747310579
vt 0.119447097 0.737062514
vt 0.383731008 0.986691415
vt 0.548493922 0.985646307
vt 0.549608111 0.986781418
vt 0.119447097 0.737062514
vt 0.0996219516 0.743506372
vt 0.103378497 0.734106004
vt 0.52675879 0.855850279
vt 0.530785918 0.847188473
vt 0.529184878 0.856736302
vt 0.516184628 0.763229072
vt 0.509059787 0.756632209
vt 0.517736673 0.761110604
vt 0.383458108 0.709597826
vt 0.384823203 0.985593796
vt 0.383731008 0.986691415
vt 0.528161407 0.786521792
vt 0.530785918 0.847188473
vt 0.528173625 0.846825123
vt 0.522563398 0.769568324
vt 0.529187679 0.776642799
vt 0.526767313 0.777500808
vt 0.508045197 0.874451399
vt 0.499412209 0.878696084
vt 0.499011904 0.876113415
vt 0.516087115 0.87026459
vt 0.508951485 0.876950979
vt 0.508045197 0.874451399
vt 0.522504508 0.863861203
vt 0.529184878 0.856736302
vt 0.524632215 0.865437925
vt 0.522563398 0.769568324
vt 0.517736673 0.761110604
vt 0.524672329 0.76800549
vt 0.415531188 0.769798815
vt 0.4088431 0.776899993
vt 0.413406104 0.768219829
vt 0.526767313 0.777500808
vt 0.530761182 0.786156178
vt 0.528161407 0.786521792
vt 0.421953887 0.763406515
vt 0.429094315 0.756727099
vt 0.430000603 0.759220779
vt 0.516087115 0.87026459
vt 0.524632215 0.865437925
vt 0.517660022 0.872399271
vt 0.430000603 0.759220779
vt 0.43862769 0.75500083
vt 0.439025909 0.757576525
vt 0.439025909 0.757576525
vt 0.499554306 0.75497669
vt 0.499191403 0.757558882
vt 0.508175373 0.759116292
vt 0.499554306 0.75497669
vt 0.509059787 0.756632209
vt 0.0685479566 0.685553312
vt 0.0584893785 0.555481374
vt 0.0683059022 0.557673573
vt 0.0894226432 0.726800203
vt 0.0704006478 0.721551418
vt 0.0784410834 0.715651274
vt 0.0784410834 0.715651274
vt 0.0619237386 0.705113709
vt 0.0713254213 0.701577425
vt 0.516184628 0.763229072
vt 0.513660312 0.766687572
vt 0.506771326 0.763189018
vt 0.415575594 0.863998771
vt 0.42037499 0.872496784
vt 0.413455993 0.865559518
vt 0.0713254213 0.701577425
vt 0.0586392805 0.687329471
vt 0.0685479566 0.685553312
vt 0.0716705322 0.54141432
vt 0.0584893785 0.555481374
vt 0.0621885583 0.53762871
vt 0.421937287 0.870382011
vt 0.429030508 0.877010524
vt 0.42037499 0.872496784
vt 0.415531188 0.769798815
vt 0.420383096 0.761271775
vt 0.421953887 0.763406515
vt 0.415575594 0.863998771
vt 0.408955097 0.856875598
vt 0.411401212 0.856005788
vt 0.411401212 0.856005788
vt 0.4073596 0.847328305
vt 0.40997079 0.846970916
vt 0.429927707 0.874537706
vt 0.438560694 0.878756583
vt 0.429030508 0.877010524
vt 0.136605099 0.720659971
vt 0.133672997 0.523768008
vt 0.136605099 0.523768008
vt 0.153393894 0.523768008
vt 0.150461704 0.720659971
vt 0.150461704 0.523768008
vt 0.167250499 0.523768008
vt 0.153393403 0.720659971
vt 0.153393894 0.523768008
vt 0.136605099 0.523768008
vt 0.150461704 0.520836115
vt 0.150461704 0.523768008
vt 0.136605099 0.720659971
vt 0.150461704 0.523768008
vt 0.150461704 0.720659971
vt 0.150461704 0.720659971
vt 0.136605099 0.723591506
vt 0.136605099 0.720659971
vt 0.126164094 0.718818426
vt 0.123259999 0.523813725
vt 0.126164094 0.523813725
vt 0.109536096 0.523813725
vt 0.106632501 0.718818426
vt 0.106632099 0.523813188
vt 0.123259999 0.523813725
vt 0.109536 0.718818426
vt 0.109536096 0.523813725
vt 0.123260103 0.520909727
vt 0.109536096 0.523813725
vt 0.109536096 0.520909727
vt 0.092908442 0.718818426
vt 0.106632099 0.523813188
vt 0.106632501 0.718818426
vt 0.109536 0.721721888
vt 0.123259999 0.718818426
vt 0.123259999 0.721721888
vt 0.01169335 0.376249403
vt 0.110560201 0.383417606
vt 0.01169335 0.383417606
vt 0.01169335 0.364396006
vt 0.110560201 0.357227892
vt 0.110560201 0.364396006
vt 0.01169335 0.357227892
vt 0.110560201 0.345374614
vt 0.110560201 0.357227892
vt 0.01169335 0.376249403
vt 0.00452494621 0.364396006
vt 0.01169335 0.364396006
vt 0.110560201 0.376249403
vt 0.01169335 0.364396006
vt 0.110560201 0.364396006
vt 0.110560201 0.364396006
vt 0.117728397 0.376249403
vt 0.110560201 0.376249403
vt 0.472263902 0.847202778
vt 0.467341393 0.836642623
vt 0.471369088 0.836640775
vt 0.477996886 0.846079588
vt 0.471369088 0.836640775
vt 0.475333601 0.835868716
vt 0.483440906 0.843872726
vt 0.475333601 0.835868716
vt 0.479103595 0.834387898
vt 0.488408715 0.840644002
vt 0.479103595 0.834387898
vt 0.482544601 0.832238197
vt 0.492716014 0.836486101
vt 0.482544601 0.832238197
vt 0.485537708 0.829500198
vt 0.496180087 0.831524193
vt 0.485537708 0.829500198
vt 0.487976491 0.826276898
vt 0.498619586 0.825924993
vt 0.487976491 0.826276898
vt 0.48977831 0.822723508
vt 0.4998492 0.819903314
vt 0.48977831 0.822723508
vt 0.490886003 0.819025099
vt 0.49967441 0.813741386
vt 0.490886003 0.819025099
vt 0.490421295 0.815166712
vt 0.498239607 0.807755709
vt 0.490421295 0.815166712
vt 0.489256114 0.811309874
vt 0.495690703 0.802193701
vt 0.489256114 0.811309874
vt 0.487413794 0.807651699
vt 0.492176414 0.797256172
vt 0.487413794 0.807651699
vt 0.484951586 0.804355383
vt 0.487853289 0.793105125
vt 0.484951586 0.804355383
vt 0.481952101 0.801555693
vt 0.48288691 0.789870977
vt 0.481952101 0.801555693
vt 0.478516787 0.799358428
vt 0.477450699 0.787652493
vt 0.478516787 0.799358428
vt 0.474760205 0.797844708
vt 0.470805407 0.797067404
vt 0.477450699 0.787652493
vt 0.474760205 0.797844708
vt 0.466781795 0.797053516
vt 0.471727401 0.78651768
vt 0.470805407 0.797067404
vt 0.462822586 0.797801971
vt 0.465904295 0.786501408
vt 0.466781795 0.797053516
vt 0.459059805 0.799284995
vt 0.460173488 0.787606716
vt 0.462822586 0.797801971
vt 0.455619991 0.801446199
vt 0.454725504 0.789803624
vt 0.459059805 0.799284995
vt 0.452621788 0.804201305
vt 0.449749798 0.793029606
vt 0.455619991 0.801446199
vt 0.45016861 0.807433724
vt 0.445431709 0.797189772
vt 0.452621788 0.804201305
vt 0.448346287 0.810993314
vt 0.441953689 0.802154601
vt 0.45016861 0.807433724
vt 0.447211504 0.814688027
vt 0.439498693 0.807757318
vt 0.448346287 0.810993314
vt 0.447667211 0.818535924
vt 0.438253909 0.813782811
vt 0.447211504 0.814688027
vt 0.448831588 0.822382808
vt 0.438419491 0.819948912
vt 0.447667211 0.818535924
vt 0.450680703 0.826033711
vt 0.439851403 0.825939
vt 0.448831588 0.822382808
vt 0.45315519 0.829325974
vt 0.442403287 0.831506312
vt 0.450680703 0.826033711
vt 0.456170797 0.832127512
vt 0.445925295 0.836450398
vt 0.45315519 0.829325974
vt 0.459622502 0.834334612
vt 0.450260103 0.840609312
vt 0.456170797 0.832127512
vt 0.463383198 0.835882604
vt 0.455241293 0.843851805
vt 0.459622502 0.834334612
vt 0.460693091 0.84607619
vt 0.467341393 0.836642623
vt 0.466431588 0.847202778
vt 0.502439618 0.806458771
vt 0.515965104 0.802355587
vt 0.517833412 0.81174773
vt 0.228571996 0.7084921
vt 0.266872615 0.695672691
vt 0.266872615 0.708492875
vt 0.266872615 0.708492875
vt 0.228571996 0.722172976
vt 0.228571996 0.7084921
vt 0.216766804 0.519134879
vt 0.178466305 0.529716492
vt 0.1784655 0.519136608
vt 0.216767699 0.5297153
vt 0.178466693 0.542536378
vt 0.178466305 0.529716492
vt 0.216768503 0.542535126
vt 0.178467602 0.555356205
vt 0.178466693 0.542536378
vt 0.216768906 0.555355012
vt 0.178468004 0.568176389
vt 0.178467602 0.555356205
vt 0.2167698 0.56817472
vt 0.178468898 0.580996275
vt 0.178468004 0.568176389
vt 0.216770604 0.580994606
vt 0.1784693 0.593816102
vt 0.178468898 0.580996275
vt 0.216771007 0.593814373
vt 0.178470105 0.606635928
vt 0.1784693 0.593816102
vt 0.216771901 0.606634617
vt 0.178470507 0.619455695
vt 0.178470105 0.606635928
vt 0.216772303 0.619454503
vt 0.178470895 0.632275999
vt 0.178470507 0.619455695
vt 0.216772705 0.632274806
vt 0.178471401 0.645095885
vt 0.178470895 0.632275999
vt 0.216773197 0.645094573
vt 0.178471804 0.657915711
vt 0.178471401 0.645095885
vt 0.216773599 0.657914817
vt 0.178472206 0.670735478
vt 0.178471804 0.657915711
vt 0.216774002 0.670734704
vt 0.178472593 0.683555424
vt 0.178472206 0.670735478
vt 0.216774404 0.683555007
vt 0.178472593 0.69637531
vt 0.178472593 0.683555424
vt 0.216774806 0.709195018
vt 0.178472593 0.69637531
vt 0.216774404 0.696374714
vt 0.216774806 0.722014785
vt 0.178472906 0.709195375
vt 0.216774806 0.709195018
vt 0.266873389 0.529016078
vt 0.228571206 0.518953681
vt 0.266873002 0.518952787
vt 0.266873389 0.541836023
vt 0.228571698 0.529016614
vt 0.266873389 0.529016078
vt 0.266873389 0.55465579
vt 0.228571594 0.541836321
vt 0.266873389 0.541836023
vt 0.266873389 0.567476094
vt 0.228571594 0.554656208
vt 0.266873389 0.55465579
vt 0.266873389 0.58029592
vt 0.228571996 0.567476094
vt 0.266873389 0.567476094
vt 0.266873389 0.593115807
vt 0.228571996 0.58029592
vt 0.266873389 0.58029592
vt 0.266873389 0.605935514
vt 0.228571996 0.593115807
vt 0.266873389 0.593115807
vt 0.266873002 0.618754983
vt 0.228571996 0.605935514
vt 0.266873389 0.605935514
vt 0.266873002 0.631574929
vt 0.228571996 0.6187554
vt 0.266873002 0.618754983
vt 0.266873002 0.644394577
vt 0.228571996 0.631574929
vt 0.266873002 0.631574929
vt 0.266872615 0.657213986
vt 0.228571996 0.644394577
vt 0.266873002 0.644394577
vt 0.266872615 0.670033514
vt 0.228571996 0.657213986
vt 0.266872615 0.657213986
vt 0.266872615 0.682853401
vt 0.228571996 0.670033514
vt 0.266872615 0.670033514
vt 0.266872615 0.695672691
vt 0.228571996 0.682853401
vt 0.266872615 0.682853401
vt 0.265828907 0.160196096
vt 0.365776002 0.27147311
vt 0.365800887 0.160193607
vt 0.0219163802 0.271503091
vt 0.129610002 0.160181105
vt 0.0220359508 0.160162002
vt 0.1907399 0.184079096
vt 0.203097895 0.160224602
vt 0.179314405 0.160219103
vt 0.165282995 0.243115604
vt 0.159087405 0.238540098
vt 0.139614493 0.27148959
vt 0.657311976 0.0153653603
vt 0.915087104 0.448738694
vt 0.657311916 0.448738903
vt 0.202335402 0.2431411
vt 0.202184394 0.271515101
vt 0.239516407 0.271498591
vt 0.384550393 0.710694909
vt 0.407252997 0.786401808
vt 0.384823203 0.985593796
vt 0 0
vt 0 0
vt 0 0
vt 0 0
vt 0 0
vt 0 0
vt 0 0
vt 0 0
vt 0 0
vt 0 0
vt 0 0
vt 0 0
vt 0 0
vt 0 0
vt 0 0
vt 0 0
vt 0 0
vt 0 0
vt 0 0
vt 0 0
vt 0 0
vt 0 0
vt 0 0
vt 0 0
vt 0 0
vt 0 0
vt 0 0
vt 0 0
vt 0 0
vt 0 0
vt 0 0
vt 0 0
vt 0 0
vt 0 0
vt 0 0
vt 0 0
vt 0 0
vt 0 0
vt 0 0
vt 0 0
vt 0 0
vt 0 0
vt 0 0
vt 0 0
vt 0 0
vt 0 0
vt 0 0
vt 0 0
vt 0 0
vt 0 0
vt 0 0
vt 0 0
vt 0 0
vt 0 0
vt 0 0
vt 0 0
vt 0 0
vt 0 0
vt 0 0
vt 0 0
vt 0 0
vt 0 0
vt 0 0
vt 0 0
vt 0 0
vt 0 0
vt 0 0
vt 0 0
vt 0 0
vt 0 0
vt 0 0
vt 0 0
vt 0 0
vt 0 0
vt 0 0
vt 0 0
vt 0 0
vt 0 0
vt 0 0
vt 0 0
vt 0 0
vt 0 0
vt 0 0
vt 0 0
vt 0 0
vt 0 0
vt 0 0
vt 0 0
vt 0 0
vt 0 0
vt 0 0
vt 0 0
vt 0 0
vt 0 0
vt 0 0
vt 0 0
vt 0.588239372 0.923292518
vt 0.588240921 0.923315704
vt 0.587623894 0.923210323
vt 0.587623894 0.923210323
vt 0.587007105 0.923190594
vt 0.587622702 0.923187017
vt 0.587622702 0.923187017
vt 0.588239372 0.923292518
vt 0.587623894 0.923210323
vt 0.554522216 0.998177111
vt 0.811048627 0.998177111
vt 0.811048627 0.998858511
vt 0.554522216 0.996768892
vt 0.811048627 0.996768892
vt 0.811048627 0.997479677
vt 0.764906824 0.902298272
vt 0.680029273 0.90286988
vt 0.679772198 0.879639328
vt 0.126683995 0.3789756
vt 0.266678393 0.378954113
vt 0.202184394 0.271515101
vt 0.266186893 0.271469593
vt 0.239516407 0.271498591
vt 0.266678393 0.378954113
vt 0.202184394 0.271515101
vt 0.177887395 0.271512598
vt 0.126683995 0.3789756
vt 0.139614493 0.27148959
vt 0.126805902 0.271476597
vt 0.126683995 0.3789756
vt 0.266678393 0.378954113
vt 0.239516407 0.271498591
vt 0.202184394 0.271515101
vt 0.583633006 0.923282921
vt 0.583631992 0.923304915
vt 0.582756102 0.92302227
vt 0.266186893 0.271469593
vt 0.265828907 0.160196096
vt 0.239698902 0.160215601
vt 0.177696496 0.250190109
vt 0.177887395 0.271512598
vt 0.190018401 0.250144601
vt 0.202184394 0.271515101
vt 0.202335402 0.2431411
vt 0.190018401 0.250144601
vt 0 0
vt 0 0
vt 0 0
vt 0 0
vt 0 0
vt 0 0
vt 0 0
vt 0 0
vt 0 0
vt 0 0
vt 0 0
vt 0 0
vt 0 0
vt 0 0
vt 0 0
vt 0 0
vt 0 0
vt 0 0
vt 0 0
vt 0 0
vt 0 0
vt 0 0
vt 0 0
vt 0 0
vt 0 0
vt 0 0
vt 0 0
vt 0.0104553103 0.388996005
vt 0.100801803 0.498754501
vt 0.0843429491 0.507701814
vt 0.0104553103 0.388996005
vt 0.0843429491 0.507701814
vt 0.0710544512 0.521079183
vt 0.296333194 0.721129119
vt 0.305157602 0.704445124
vt 0.367031515 0.989559829
vt 0.283035904 0.73460412
vt 0.296333194 0.721129119
vt 0.367031515 0.989559829
vt 0.0104553103 0.388996005
vt 0.0710544512 0.521079183
vt 0.0621885583 0.53762871
vt 0.0104553103 0.388996005
vt 0.0621885583 0.53762871
vt 0.0584893785 0.555481374
vt 0.283035904 0.73460412
vt 0.367031515 0.989559829
vt 0.266575903 0.74363482
vt 0.266575903 0.74363482
vt 0.367031515 0.989559829
vt 0.248785004 0.747516692
vt 0.0104553103 0.989465177
vt 0.0104553103 0.388996005
vt 0.0586392805 0.687329471
vt 0.0104553103 0.388996005
vt 0.0584893785 0.555481374
vt 0.0586392805 0.687329471
vt 0.248785004 0.747516692
vt 0.367031515 0.989559829
vt 0.0104553103 0.989465177
vt 0.117557302 0.747310579
vt 0.248785004 0.747516692
vt 0.0104553103 0.989465177
vt 0.0104553103 0.989465177
vt 0.0586392805 0.687329471
vt 0.0619237386 0.705113709
vt 0.0104553103 0.989465177
vt 0.0619237386 0.705113709
vt 0.0704006478 0.721551418
vt 0.0996219516 0.743506372
vt 0.117557302 0.747310579
vt 0.0104553103 0.989465177
vt 0.0104553103 0.989465177
vt 0.0704006478 0.721551418
vt 0.0834089518 0.734768271
vt 0.554522216 0.997479677
vt 0.811048627 0.997479677
vt 0.811048627 0.998177111
vt 0.811176121 0.994923294
vt 0.811048627 0.994924009
vt 0.811048627 0.994219303
vt 0.680029273 0.90286988
vt 0.680086195 0.924930394
vt 0.637349308 0.902069211
vt 0.594569206 0.92368269
vt 0.594337523 0.901283026
vt 0.637349308 0.902069211
vt 0.594336689 0.879327178
vt 0.637025476 0.879374623
vt 0.594337523 0.901283026
vt 0.637349308 0.902069211
vt 0.680086195 0.924930394
vt 0.594569206 0.92368269
vt 0.587317109 0.923223317
vt 0.587008476 0.923219919
vt 0.587007105 0.923190594
vt 0.588240921 0.923315704
vt 0.58885783 0.92352277
vt 0.588551283 0.923434317
vt 0.58885783 0.92352277
vt 0.588859975 0.923552215
vt 0.588551283 0.923434317
vt 0.587317109 0.923223317
vt 0.587007105 0.923190594
vt 0.587623894 0.923210323
vt 0.587625623 0.923239529
vt 0.587317109 0.923223317
vt 0.587623894 0.923210323
vt 0.588240921 0.923315704
vt 0.588551283 0.923434317
vt 0.58824271 0.923345029
vt 0.587934077 0.92328459
vt 0.587625623 0.923239529
vt 0.587623894 0.923210323
vt 0.588240921 0.923315704
vt 0.58824271 0.923345029
vt 0.587934077 0.92328459
vt 0.554394722 0.996768177
vt 0.554522216 0.996768892
vt 0.554522216 0.997479677
vt 0.265637487 0.058298111
vt 0.132046893 0.0583165213
vt 0.203097895 0.160224602
vt 0.129610002 0.160181105
vt 0.142039403 0.160193607
vt 0.132046893 0.0583165213
vt 0.179314405 0.160219103
vt 0.203097895 0.160224602
vt 0.132046893 0.0583165213
vt 0.239698902 0.160215601
vt 0.265828907 0.160196096
vt 0.265637487 0.058298111
vt 0.132046893 0.0583165213
vt 0.142039403 0.160193607
vt 0.179314405 0.160219103
vt 0.811048627 0.996042013
vt 0.554522216 0.996042013
vt 0.554522216 0.995672524
vt 0.554522216 0.995672524
vt 0.554522216 0.995299995
vt 0.811048627 0.995672524
vt 0.554522216 0.994924009
vt 0.811048627 0.994924009
vt 0.811048627 0.995299995
vt 0.811048627 0.995672524
vt 0.811048627 0.996042013
vt 0.554522216 0.995672524
vt 0.554522216 0.994924009
vt 0.811048627 0.995299995
vt 0.554522216 0.995299995
vt 0.587007105 0.923190594
vt 0.586390078 0.923273325
vt 0.586389005 0.923250079
vt 0.585157812 0.923777282
vt 0.585257173 0.99164021
vt 0.584898829 0.923936188
vt 0.584942818 0.99164021
vt 0.584889829 0.991492093
vt 0.585257173 0.99164021
vt 0.566736519 0.990132987
vt 0.566655874 0.990150392
vt 0.566817105 0.990020812
vt 0.566297114 0.990150392
vt 0.566297114 0.98331058
vt 0.566817105 0.98344022
vt 0.566655874 0.98331058
vt 0.566736519 0.983327925
vt 0.566817105 0.98344022
vt 0.566795528 0.983375371
vt 0.566817105 0.98344022
vt 0.566736519 0.983327925
vt 0.566817105 0.990020812
vt 0.566795528 0.990085602
vt 0.566736519 0.990132987
vt 0.566655874 0.990150392
vt 0.566297114 0.990150392
vt 0.566817105 0.990020812
vt 0.566655874 0.98331058
vt 0.566817105 0.98344022
vt 0.566297114 0.98331058
vt 0.554522216 0.998858511
vt 0.811048627 0.998858511
vt 0.811048627 0.999144375
vt 0.580421627 0.92323643
vt 0.581005514 0.923040509
vt 0.581004083 0.923062503
vt 0.139614493 0.27148959
vt 0.151299998 0.216085598
vt 0.126805902 0.271476597
vt 0.142039403 0.160193607
vt 0.129610002 0.160181105
vt 0.151299998 0.216085598
vt 0.580169916 0.923433304
vt 0.580417991 0.923286319
vt 0.580001175 0.991813123
vt 0.582170725 0.922971725
vt 0.584167778 0.923649788
vt 0.584176302 0.991672873
vt 0.584176302 0.991672873
vt 0.584126115 0.991813123
vt 0.582170725 0.922971725
vt 0.580001175 0.991813123
vt 0.580417991 0.923286319
vt 0.582170725 0.922971725
vt 0.588715911 0.99164021
vt 0.588551283 0.923434317
vt 0.588859975 0.923552215
vt 0.588087022 0.99164021
vt 0.587934077 0.92328459
vt 0.58824271 0.923345029
vt 0.587458193 0.99164021
vt 0.587317109 0.923223317
vt 0.587625623 0.923239529
vt 0.586829424 0.99164021
vt 0.586700022 0.923245311
vt 0.587008476 0.923219919
vt 0.586515009 0.99164021
vt 0.586200476 0.99164021
vt 0.586083114 0.923381627
vt 0.585886121 0.99164021
vt 0.585571706 0.99164021
vt 0.585466206 0.923600972
vt 0.586200476 0.99164021
vt 0.585886121 0.99164021
vt 0.58577472 0.923480511
vt 0.586829424 0.99164021
vt 0.586515009 0.99164021
vt 0.586391628 0.923302591
vt 0.587143779 0.99164021
vt 0.587008476 0.923219919
vt 0.587317109 0.923223317
vt 0.587772608 0.99164021
vt 0.587625623 0.923239529
vt 0.587934077 0.92328459
vt 0.588401377 0.99164021
vt 0.58824271 0.923345029
vt 0.588551283 0.923434317
vt 0.581004083 0.923062503
vt 0.581005514 0.923040509
vt 0.581589282 0.922940612
vt 0.581589282 0.922940612
vt 0.582173228 0.922922015
vt 0.582171977 0.922944009
vt 0.585571706 0.99164021
vt 0.585257173 0.99164021
vt 0.585157812 0.923777282
vt 0.569816828 0.990020812
vt 0.569812477 0.9900828
vt 0.569772124 0.990085602
vt 0.584869087 0.923922598
vt 0.584878802 0.923918784
vt 0.584878623 0.923946381
vt 0.584898829 0.923936188
vt 0.584878623 0.923946381
vt 0.584878802 0.923918784
vt 0.584897876 0.923907876
vt 0.584878802 0.923918784
vt 0.5848791 0.92390269
vt 0.554394782 0.994215906
vt 0.554400206 0.994190872
vt 0.554522216 0.994193077
vt 0.554400206 0.994190872
vt 0.554400206 0.994176209
vt 0.554522216 0.994172275
vt 0.575584114 0.982224107
vt 0.575570107 0.982162118
vt 0.575622678 0.982159317
vt 0.589143515 0.923676074
vt 0.589142919 0.923691571
vt 0.589121878 0.923680127
vt 0.589122117 0.923707485
vt 0.589121878 0.923680127
vt 0.589142919 0.923691571
vt 0.575476706 0.982111812
vt 0.575538218 0.98212862
vt 0.575518072 0.982162118
vt 0.575448215 0.982159317
vt 0.575518072 0.982162118
vt 0.575510204 0.982224107
vt 0.575518072 0.982162118
vt 0.575570107 0.982162118
vt 0.575584114 0.982224107
vt 0.811048627 0.994193077
vt 0.811170578 0.994190872
vt 0.811176002 0.994215906
vt 0.584186494 0.923618078
vt 0.584186792 0.923633277
vt 0.584168613 0.923623025
vt 0.584167778 0.923649788
vt 0.584168613 0.923623025
vt 0.584186792 0.923633277
vt 0.584186912 0.923659503
vt 0.584186792 0.923633277
vt 0.584195971 0.923636913
vt 0.569772124 0.98337549
vt 0.569812477 0.983378172
vt 0.569816828 0.98344022
vt 0.811048627 0.994172275
vt 0.811170578 0.994176209
vt 0.811170578 0.994190872
vt 0.580169916 0.923433304
vt 0.580149114 0.923443615
vt 0.580150127 0.923418224
vt 0.580169976 0.923407316
vt 0.580150127 0.923418224
vt 0.58014971 0.923403621
vt 0.575622678 0.988869429
vt 0.575570107 0.988866627
vt 0.575584114 0.988804579
vt 0.575584114 0.988804579
vt 0.575570107 0.988866627
vt 0.575518072 0.988866627
vt 0.575510204 0.988804579
vt 0.575518072 0.988866627
vt 0.575448275 0.988869429
vt 0.575518072 0.988866627
vt 0.575538218 0.988900125
vt 0.575476706 0.988916874
vt 0.570451319 0.982224107
vt 0.570224702 0.982159317
vt 0.575448215 0.982159317
vt 0.589322507 0.991639316
vt 0.589143872 0.923718274
vt 0.589160919 0.923724473
vt 0.589300275 0.99164021
vt 0.589122117 0.923707485
vt 0.589143872 0.923718274
vt 0.583631992 0.923304915
vt 0.583633006 0.923282921
vt 0.584168315 0.923601329
vt 0.575510204 0.982224107
vt 0.575510204 0.988804579
vt 0.575437188 0.988804579
vt 0.575584114 0.982224107
vt 0.575584114 0.988804579
vt 0.575510204 0.988804579
vt 0.575638711 0.982224107
vt 0.575638711 0.988804579
vt 0.575584114 0.988804579
vt 0.554394722 0.998176515
vt 0.554522216 0.998177111
vt 0.554522216 0.998858511
vt 0.554394722 0.994923294
vt 0.554394782 0.994215906
vt 0.554522216 0.994219303
vt 0.569639206 0.984756291
vt 0.569774389 0.98344022
vt 0.569816828 0.98344022
vt 0.569816828 0.98344022
vt 0.569816828 0.990020812
vt 0.569719911 0.986072421
vt 0.569774389 0.990020812
vt 0.569639206 0.988704801
vt 0.569816828 0.990020812
vt 0.569719911 0.986072421
vt 0.569639206 0.984756291
vt 0.569816828 0.98344022
vt 0.569639206 0.988704801
vt 0.569719911 0.987388611
vt 0.569816828 0.990020812
vt 0.811048627 0.994193077
vt 0.554522216 0.994193077
vt 0.554522216 0.994172275
vt 0.811048627 0.994219303
vt 0.554522216 0.994219303
vt 0.554522216 0.994193077
vt 0.56511718 0.984650612
vt 0.559893608 0.984650671
vt 0.560120225 0.984586
vt 0.58013308 0.923449516
vt 0.580149114 0.923443615
vt 0.579980195 0.991812229
vt 0.580149114 0.923443615
vt 0.580169916 0.923433304
vt 0.580001175 0.991813123
vt 0.569772124 0.990085602
vt 0.566795528 0.990085602
vt 0.566817105 0.990020812
vt 0.584878623 0.923946381
vt 0.584867716 0.991470098
vt 0.584851503 0.991452277
vt 0.584898829 0.923936188
vt 0.584889829 0.991492093
vt 0.584867716 0.991470098
vt 0.584167778 0.923649788
vt 0.584186912 0.923659503
vt 0.584197283 0.991652071
vt 0.584186912 0.923659503
vt 0.584200025 0.923664629
vt 0.58421272 0.991635203
vt 0.569772124 0.98337549
vt 0.569774389 0.98344022
vt 0.566817105 0.98344022
vt 0.811048627 0.998858511
vt 0.811048627 0.998177111
vt 0.811176121 0.998176515
vt 0.811048627 0.997479677
vt 0.811048627 0.996768892
vt 0.811176121 0.996768177
vt 0.811048627 0.996042013
vt 0.811176121 0.996041179
vt 0.811176121 0.996768177
vt 0.582757115 0.923000276
vt 0.582756102 0.92302227
vt 0.582171977 0.922944009
vt 0.680587292 0.923105419
vt 0.680438817 0.901403606
vt 0.723450005 0.923113704
vt 0.766996682 0.901552975
vt 0.765638113 0.924022675
vt 0.723450005 0.923113704
vt 0.588240921 0.923315704
vt 0.588239372 0.923292518
vt 0.58885622 0.923499525
vt 0.76724112 0.880065322
vt 0.810813606 0.880704403
vt 0.810400605 0.902071595
vt 0.766996682 0.901552975
vt 0.680438817 0.901403606
vt 0.680461884 0.880183697
vt 0.76724112 0.880065322
vt 0.810400605 0.902071595
vt 0.766996682 0.901552975
vt 0.554394722 0.997479022
vt 0.554522216 0.997479677
vt 0.554522216 0.998177111
vt 0.807838678 0.989644587
vt 0.722398579 0.989849925
vt 0.722228289 0.94654417
vt 0.722228289 0.94654417
vt 0.722205222 0.924938381
vt 0.807650805 0.924022675
vt 0.811048627 0.994219303
vt 0.811048627 0.994924009
vt 0.554522216 0.994924009
vt 0.554394722 0.996768177
vt 0.554394722 0.996041179
vt 0.554522216 0.996042013
vt 0.586390078 0.923273325
vt 0.585464776 0.923571825
vt 0.585463822 0.92354852
vt 0.554522216 0.996042013
vt 0.554394722 0.996041179
vt 0.554522216 0.995672524
vt 0.554394722 0.994923294
vt 0.554522216 0.994924009
vt 0.554522216 0.995299995
vt 0.554522216 0.995299995
vt 0.554522216 0.995672524
vt 0.554394722 0.996041179
vt 0.554522216 0.999144375
vt 0.554394782 0.999141514
vt 0.554394722 0.998857915
vt 0.589122713 0.923658073
vt 0.589121878 0.923680127
vt 0.58885783 0.92352277
vt 0.589121878 0.923680127
vt 0.589122117 0.923707485
vt 0.588859975 0.923552215
vt 0.580169976 0.923407316
vt 0.580420077 0.923258483
vt 0.580417991 0.923286319
vt 0.58016932 0.923386514
vt 0.580421627 0.92323643
vt 0.580420077 0.923258483
vt 0.811048627 0.999144375
vt 0.811048627 0.998858511
vt 0.811176121 0.998857915
vt 0.589030325 0.99164021
vt 0.588859975 0.923552215
vt 0.589122117 0.923707485
vt 0.807704926 0.965847492
vt 0.809087217 0.987158775
vt 0.766641796 0.988278925
vt 0.807848573 0.879863322
vt 0.807650805 0.924022675
vt 0.764906824 0.902298272
vt 0.722205222 0.924938381
vt 0.680086195 0.924930394
vt 0.680029273 0.90286988
vt 0.764906824 0.902298272
vt 0.765157878 0.879661024
vt 0.807848573 0.879863322
vt 0.722205222 0.924938381
vt 0.680029273 0.90286988
vt 0.764906824 0.902298272
vt 0.637349308 0.902069211
vt 0.637025476 0.879374623
vt 0.679772198 0.879639328
vt 0.811048627 0.996042013
vt 0.811048627 0.995672524
vt 0.811176121 0.996041179
vt 0.811048627 0.995299995
vt 0.811048627 0.994924009
vt 0.811176121 0.994923294
vt 0.811176121 0.994923294
vt 0.811176121 0.996041179
vt 0.811048627 0.995299995
vt 0.811048627 0.998177111
vt 0.811048627 0.997479677
vt 0.811176121 0.997479022
vt 0.722398579 0.989849925
vt 0.636958182 0.989648521
vt 0.67986238 0.968081772
vt 0.67986238 0.968081772
vt 0.6800071 0.946519792
vt 0.722228289 0.94654417
vt 0.636958182 0.989648521
vt 0.63716352 0.967891872
vt 0.67986238 0.968081772
vt 0.582170725 0.922971725
vt 0.582171977 0.922944009
vt 0.582756102 0.92302227
vt 0.582756102 0.92302227
vt 0.583631992 0.923304915
vt 0.584167778 0.923649788
vt 0.584168613 0.923623025
vt 0.584167778 0.923649788
vt 0.583631992 0.923304915
vt 0.6800071 0.946519792
vt 0.680086195 0.924930394
vt 0.722205222 0.924938381
vt 0.580420077 0.923258483
vt 0.581004083 0.923062503
vt 0.580417991 0.923286319
vt 0.582171977 0.922944009
vt 0.582170725 0.922971725
vt 0.581004083 0.923062503
vt 0.585464776 0.923571825
vt 0.584897876 0.923907876
vt 0.584898293 0.923884988
vt 0.595535815 0.965652585
vt 0.63901341 0.965336621
vt 0.637803018 0.98792851
vt 0.63901341 0.965336621
vt 0.681572795 0.96524328
vt 0.680740178 0.988690376
vt 0.722999513 0.965065002
vt 0.723664522 0.988663077
vt 0.680740178 0.988690376
vt 0.765574813 0.965723276
vt 0.766641796 0.988278925
vt 0.723664522 0.988663077
vt 0.594241679 0.880344987
vt 0.637329519 0.880240977
vt 0.637397587 0.901446521
vt 0.594432712 0.9020769
vt 0.637397587 0.901446521
vt 0.63873142 0.923956811
vt 0.594367683 0.923283875
vt 0.63873142 0.923956811
vt 0.638698518 0.944006503
vt 0.59425652 0.944500387
vt 0.638698518 0.944006503
vt 0.63901341 0.965336621
vt 0.637329519 0.880240977
vt 0.680461884 0.880183697
vt 0.680438817 0.901403606
vt 0.637397587 0.901446521
vt 0.680438817 0.901403606
vt 0.680587292 0.923105419
vt 0.680587292 0.923105419
vt 0.68089962 0.944134116
vt 0.638698518 0.944006503
vt 0.68089962 0.944134116
vt 0.681572795 0.96524328
vt 0.63901341 0.965336621
vt 0.636958182 0.989648521
vt 0.594241679 0.989448607
vt 0.63716352 0.967891872
vt 0.594569206 0.92368269
vt 0.680086195 0.924930394
vt 0.6800071 0.946519792
vt 0.6800071 0.946519792
vt 0.67986238 0.968081772
vt 0.63716352 0.967891872
vt 0.63716352 0.967891872
vt 0.594241679 0.989448607
vt 0.594569206 0.92368269
vt 0.680587292 0.923105419
vt 0.723450005 0.923113704
vt 0.723243296 0.9441908
vt 0.723243296 0.9441908
vt 0.722999513 0.965065002
vt 0.681572795 0.96524328
vt 0.765638113 0.924022675
vt 0.765420318 0.944288671
vt 0.723243296 0.9441908
vt 0.723243296 0.9441908
vt 0.765420318 0.944288671
vt 0.765574813 0.965723276
vt 0.766996682 0.901552975
vt 0.810400605 0.902071595
vt 0.809810817 0.923305929
vt 0.765638113 0.924022675
vt 0.809810817 0.923305929
vt 0.808314025 0.944648206
vt 0.808314025 0.944648206
vt 0.807704926 0.965847492
vt 0.765574813 0.965723276
vt 0.571872115 0.988230228
vt 0.571529508 0.988230228
vt 0.571529508 0.98331058
vt 0.573477328 0.987908721
vt 0.57313472 0.987908721
vt 0.57313472 0.98331058
vt 0.555339813 0.979015529
vt 0.554997206 0.979015529
vt 0.554997206 0.978105605
vt 0.570159316 0.98331058
vt 0.570501924 0.98331058
vt 0.570501924 0.989521801
vt 0.555339813 0.979925394
vt 0.554997206 0.979925394
vt 0.554997206 0.979015529
vt 0.575638711 0.982111812
vt 0.575981081 0.982111812
vt 0.575981081 0.988610804
vt 0.555339813 0.980835319
vt 0.554997206 0.980835319
vt 0.554997206 0.979925394
vt 0.555339813 0.990715802
vt 0.554997325 0.990715802
vt 0.554997325 0.989934325
vt 0.570501924 0.98331058
vt 0.570844412 0.98331058
vt 0.570844412 0.98917532
vt 0.555339813 0.981745183
vt 0.554997206 0.981745183
vt 0.554997206 0.980835319
vt 0.555339813 0.982655108
vt 0.554997325 0.982655108
vt 0.554997206 0.981745183
vt 0.570844412 0.98331058
vt 0.571187019 0.98331058
vt 0.571187019 0.989032209
vt 0.572557211 0.988148987
vt 0.572214603 0.988148987
vt 0.572214603 0.98331058
vt 0.555339813 0.983564973
vt 0.554997325 0.983564973
vt 0.554997325 0.982655108
vt 0.572214603 0.988168001
vt 0.571872115 0.988168001
vt 0.571872115 0.98331058
vt 0.555339813 0.984474897
vt 0.554997325 0.984474897
vt 0.554997325 0.983564973
vt 0.573819816 0.987506211
vt 0.573477328 0.987506211
vt 0.573477328 0.98331058
vt 0.555339813 0.985384822
vt 0.554997325 0.985384822
vt 0.554997325 0.984474897
vt 0.555339813 0.986294806
vt 0.554997206 0.986294806
vt 0.554997325 0.985384822
vt 0.575981081 0.982111812
vt 0.576323807 0.982111812
vt 0.576323807 0.988569379
vt 0.555339813 0.987204671
vt 0.554997206 0.987204671
vt 0.554997206 0.986294806
vt 0.569816828 0.98331058
vt 0.570159316 0.98331058
vt 0.570159316 0.989606202
vt 0.555339813 0.988114595
vt 0.554997325 0.988114595
vt 0.554997206 0.987204671
vt 0.555339813 0.989934325
vt 0.554997325 0.989934325
vt 0.554997325 0.989024401
vt 0.57313472 0.987915218
vt 0.572792172 0.987915218
vt 0.572792172 0.98331058
vt 0.555339813 0.989024401
vt 0.554997325 0.989024401
vt 0.554997325 0.988114595
vt 0.571187019 0.98331058
vt 0.571529508 0.98331058
vt 0.571529508 0.988460004
vt 0.502439797 0.826613486
vt 0.503767371 0.819938719
vt 0.517833471 0.821323872
vt 0.517833471 0.821323872
vt 0.515965521 0.830716074
vt 0.502439797 0.826613486
vt 0.51230073 0.839563489
vt 0.506980479 0.847525895
vt 0.496054709 0.83855933
vt 0.500209391 0.8542974
vt 0.492246985 0.85961771
vt 0.491242498 0.843371511
vt 0.4833996 0.863282323
vt 0.474007398 0.865150571
vt 0.479296714 0.849756718
vt 0.464430809 0.865150571
vt 0.455038488 0.863282323
vt 0.459141612 0.849756718
vt 0.4461914 0.85961771
vt 0.438228995 0.85429728
vt 0.452854186 0.847152293
vt 0.431457788 0.847525895
vt 0.426137596 0.839563489
vt 0.442383707 0.83855933
vt 0.422473103 0.830716074
vt 0.420605004 0.821323872
vt 0.435998708 0.826613486
vt 0.420605004 0.811747909
vt 0.42247349 0.802355587
vt 0.434671193 0.813133419
vt 0.426138103 0.793508708
vt 0.431458414 0.785546601
vt 0.442384094 0.794513106
vt 0.438229799 0.778775275
vt 0.446191996 0.773455203
vt 0.447196186 0.789700925
vt 0.455039114 0.769790471
vt 0.464431196 0.767922401
vt 0.465816408 0.781988323
vt 0.474007189 0.767922401
vt 0.483399212 0.769790411
vt 0.479296297 0.783316016
vt 0.492246389 0.773455203
vt 0.500208616 0.778774977
vt 0.4912422 0.789700925
vt 0.506980002 0.785546601
vt 0.512300193 0.79350853
vt 0.496054202 0.794513106
vt 0.512300193 0.79350853
vt 0.499835312 0.800171614
vt 0.496054202 0.794513106
vt 0.483399212 0.769790411
vt 0.492246389 0.773455203
vt 0.485583693 0.785920203
vt 0.446191996 0.773455203
vt 0.455039114 0.769790471
vt 0.459141791 0.783316016
vt 0.42247349 0.802355587
vt 0.426138103 0.793508708
vt 0.435998708 0.806458771
vt 0.426137596 0.839563489
vt 0.438602895 0.832900822
vt 0.442383707 0.83855933
vt 0.455038488 0.863282323
vt 0.452854186 0.847152293
vt 0.459141612 0.849756718
vt 0.492246985 0.85961771
vt 0.48558411 0.847152293
vt 0.491242498 0.843371511
vt 0.515965521 0.830716074
vt 0.51230073 0.839563489
vt 0.502439797 0.826613486
vt 0.499835491 0.832900822
vt 0.502439797 0.826613486
vt 0.51230073 0.839563489
vt 0.496054709 0.83855933
vt 0.499835491 0.832900822
vt 0.51230073 0.839563489
vt 0.500208616 0.778774977
vt 0.506980002 0.785546601
vt 0.496054202 0.794513106
vt 0.500208616 0.778774977
vt 0.496054202 0.794513106
vt 0.4912422 0.789700925
vt 0.496054709 0.83855933
vt 0.506980479 0.847525895
vt 0.491242498 0.843371511
vt 0.491242498 0.843371511
vt 0.506980479 0.847525895
vt 0.500209391 0.8542974
vt 0.492246389 0.773455203
vt 0.4912422 0.789700925
vt 0.485583693 0.785920203
vt 0.483399212 0.769790411
vt 0.485583693 0.785920203
vt 0.479296297 0.783316016
vt 0.492246985 0.85961771
vt 0.4833996 0.863282323
vt 0.48558411 0.847152293
vt 0.48558411 0.847152293
vt 0.4833996 0.863282323
vt 0.479296714 0.849756718
vt 0.474007189 0.767922401
vt 0.479296297 0.783316016
vt 0.472621888 0.781988323
vt 0.474007189 0.767922401
vt 0.472621888 0.781988323
vt 0.465816408 0.781988323
vt 0.479296714 0.849756718
vt 0.474007398 0.865150571
vt 0.472621888 0.851084411
vt 0.472621888 0.851084411
vt 0.474007398 0.865150571
vt 0.464430809 0.865150571
vt 0.464431196 0.767922401
vt 0.474007189 0.767922401
vt 0.465816408 0.781988323
vt 0.455039114 0.769790471
vt 0.465816408 0.781988323
vt 0.459141791 0.783316016
vt 0.4658162 0.851084411
vt 0.472621888 0.851084411
vt 0.464430809 0.865150571
vt 0.459141612 0.849756718
vt 0.4658162 0.851084411
vt 0.464430809 0.865150571
vt 0.446191996 0.773455203
vt 0.459141791 0.783316016
vt 0.452854604 0.785920203
vt 0.446191996 0.773455203
vt 0.452854604 0.785920203
vt 0.447196186 0.789700925
vt 0.455038488 0.863282323
vt 0.4461914 0.85961771
vt 0.452854186 0.847152293
vt 0.452854186 0.847152293
vt 0.438228995 0.85429728
vt 0.447195798 0.843371272
vt 0.431458414 0.785546601
vt 0.438229799 0.778775275
vt 0.447196186 0.789700925
vt 0.431458414 0.785546601
vt 0.447196186 0.789700925
vt 0.442384094 0.794513106
vt 0.447195798 0.843371272
vt 0.438228995 0.85429728
vt 0.442383707 0.83855933
vt 0.442383707 0.83855933
vt 0.438228995 0.85429728
vt 0.431457788 0.847525895
vt 0.426138103 0.793508708
vt 0.442384094 0.794513106
vt 0.438603103 0.800171614
vt 0.426138103 0.793508708
vt 0.438603103 0.800171614
vt 0.435998708 0.806458771
vt 0.426137596 0.839563489
vt 0.422473103 0.830716074
vt 0.438602895 0.832900822
vt 0.438602895 0.832900822
vt 0.422473103 0.830716074
vt 0.435998708 0.826613486
vt 0.42247349 0.802355587
vt 0.435998708 0.806458771
vt 0.434671193 0.813133419
vt 0.420605004 0.811747909
vt 0.434671193 0.813133419
vt 0.434671015 0.819938719
vt 0.435998708 0.826613486
vt 0.420605004 0.821323872
vt 0.434671015 0.819938719
vt 0.166114494 0.189547107
vt 0.178570405 0.183735594
vt 0.179314405 0.160219103
vt 0.142039403 0.160193607
vt 0.151299998 0.216085598
vt 0.159815401 0.193943605
vt 0.159815401 0.193943605
vt 0.166114494 0.189547107
vt 0.142039403 0.160193607
vt 0.585157812 0.923777282
vt 0.584898829 0.923936188
vt 0.584897876 0.923907876
vt 0.587007105 0.923190594
vt 0.587008476 0.923219919
vt 0.586700022 0.923245311
vt 0.586390078 0.923273325
vt 0.587007105 0.923190594
vt 0.586700022 0.923245311
vt 0.585157812 0.923777282
vt 0.584897876 0.923907876
vt 0.585464776 0.923571825
vt 0.585466206 0.923600972
vt 0.585157812 0.923777282
vt 0.585464776 0.923571825
vt 0.586390078 0.923273325
vt 0.586700022 0.923245311
vt 0.586391628 0.923302591
vt 0.586390078 0.923273325
vt 0.586391628 0.923302591
vt 0.586083114 0.923381627
vt 0.58577472 0.923480511
vt 0.585466206 0.923600972
vt 0.585464776 0.923571825
vt 0.586390078 0.923273325
vt 0.586083114 0.923381627
vt 0.58577472 0.923480511
vt 0 0
vt 0 0
vt 0 0
vt 0 0
vt 0 0
vt 0 0
vt 0 0
vt 0 0
vt 0 0
vt 0 0
vt 0 0
vt 0 0
vt 0 0
vt 0 0
vt 0 0
vt 0 0
vt 0 0
vt 0 0
vt 0 0
vt 0 0
vt 0 0
vt 0.554522216 0.996042013
vt 0.811048627 0.996042013
vt 0.811048627 0.996768892
vt 0.636423707 0.0116643896
vt 0.646993876 0.481963187
vt 0.396964401 0.0665168688
vt 0.386088103 0.481873095
vt 0.386229396 0.0665132925
vt 0.396964401 0.0665168688
vt 0.396964401 0.0665168688
vt 0.396983415 0.0115815904
vt 0.636423707 0.0116643896
vt 0.413406104 0.768219829
vt 0.4088431 0.776899993
vt 0.384550393 0.710694909
vt 0.384823203 0.985593796
vt 0.407252997 0.786401808
vt 0.4073596 0.847328305
vt 0.384823203 0.985593796
vt 0.4073596 0.847328305
vt 0.408955097 0.856875598
vt 0.420383096 0.761271775
vt 0.413406104 0.768219829
vt 0.384550393 0.710694909
vt 0.429094315 0.756727099
vt 0.420383096 0.761271775
vt 0.384550393 0.710694909
vt 0.384823203 0.985593796
vt 0.408955097 0.856875598
vt 0.413455993 0.865559518
vt 0.384823203 0.985593796
vt 0.413455993 0.865559518
vt 0.42037499 0.872496784
vt 0.429094315 0.756727099
vt 0.384550393 0.710694909
vt 0.43862769 0.75500083
vt 0.43862769 0.75500083
vt 0.384550393 0.710694909
vt 0.548516512 0.710607529
vt 0.548493922 0.985646307
vt 0.384823203 0.985593796
vt 0.438560694 0.878756583
vt 0.384823203 0.985593796
vt 0.42037499 0.872496784
vt 0.429030508 0.877010524
vt 0.499554306 0.75497669
vt 0.43862769 0.75500083
vt 0.548516512 0.710607529
vt 0.509059787 0.756632209
vt 0.499554306 0.75497669
vt 0.548516512 0.710607529
vt 0.384823203 0.985593796
vt 0.429030508 0.877010524
vt 0.438560694 0.878756583
vt 0.548493922 0.985646307
vt 0.438560694 0.878756583
vt 0.499412209 0.878696084
vt 0.517736673 0.761110604
vt 0.509059787 0.756632209
vt 0.548516512 0.710607529
vt 0.524672329 0.76800549
vt 0.517736673 0.761110604
vt 0.548516512 0.710607529
vt 0.548493922 0.985646307
vt 0.499412209 0.878696084
vt 0.508951485 0.876950979
vt 0.548493922 0.985646307
vt 0.508951485 0.876950979
vt 0.517660022 0.872399271
vt 0.529187679 0.776642799
vt 0.524672329 0.76800549
vt 0.548516512 0.710607529
vt 0.530761182 0.786156178
vt 0.529187679 0.776642799
vt 0.548516512 0.710607529
vt 0.548493922 0.985646307
vt 0.517660022 0.872399271
vt 0.524632215 0.865437925
vt 0.548493922 0.985646307
vt 0.524632215 0.865437925
vt 0.529184878 0.856736302
vt 0.530761182 0.786156178
vt 0.548516512 0.710607529
vt 0.530785918 0.847188473
vt 0.548493922 0.985646307
vt 0.529184878 0.856736302
vt 0.530785918 0.847188473
vt 0.118623003 0.494889706
vt 0.100801803 0.498754501
vt 0.0104553103 0.388996005
vt 0.367935985 0.388103306
vt 0.367031515 0.989559829
vt 0.308781594 0.686391711
vt 0.367031515 0.989559829
vt 0.305157602 0.704445124
vt 0.308781594 0.686391711
vt 0.118623003 0.494889706
vt 0.0104553103 0.388996005
vt 0.250316113 0.494404614
vt 0.250316113 0.494404614
vt 0.0104553103 0.388996005
vt 0.367935985 0.388103306
vt 0.367935985 0.388103306
vt 0.308781594 0.686391711
vt 0.308613002 0.553650975
vt 0.367935985 0.388103306
vt 0.308613002 0.553650975
vt 0.305336714 0.535910606
vt 0.267830491 0.497819096
vt 0.250316113 0.494404614
vt 0.367935985 0.388103306
vt 0.283980608 0.506416976
vt 0.267830491 0.497819096
vt 0.367935985 0.388103306
vt 0.367935985 0.388103306
vt 0.305336714 0.535910606
vt 0.296913505 0.519539595
vt 0.278050303 0.514306188
vt 0.283980608 0.506416976
vt 0.296913505 0.519539595
vt 0.499011904 0.876113415
vt 0.499412209 0.878696084
vt 0.438560694 0.878756583
vt 0.103378497 0.734106004
vt 0.0996219516 0.743506372
vt 0.0834089518 0.734768271
vt 0.288912505 0.525382221
vt 0.296913505 0.519539595
vt 0.305336714 0.535910606
vt 0.264277011 0.507058501
vt 0.267830491 0.497819096
vt 0.283980608 0.506416976
vt 0.104580499 0.508221626
vt 0.0904696509 0.515834808
vt 0.0843429491 0.507701814
vt 0.40997079 0.846970916
vt 0.4073596 0.847328305
vt 0.407252997 0.786401808
vt 0.411253303 0.77779448
vt 0.409855992 0.786775291
vt 0.407252997 0.786401808
vt 0.288105011 0.715040207
vt 0.296333194 0.721129119
vt 0.283035904 0.73460412
vt 0.295613408 0.700725496
vt 0.305157602 0.704445124
vt 0.296333194 0.721129119
vt 0.0904696509 0.515834808
vt 0.0792429969 0.527191103
vt 0.0710544512 0.521079183
vt 0.120681196 0.504777312
vt 0.118623003 0.494889706
vt 0.250316113 0.494404614
vt 0.104580499 0.508221626
vt 0.100801803 0.498754501
vt 0.118623003 0.494889706
vt 0.0792429969 0.527191103
vt 0.0716705322 0.54141432
vt 0.0621885583 0.53762871
vt 0.549608111 0.986781418
vt 0.548493922 0.985646307
vt 0.548516512 0.710607529
vt 0.431352705 0.870474577
vt 0.429927707 0.874537706
vt 0.421937287 0.870382011
vt 0.549608171 0.709508777
vt 0.548516512 0.710607529
vt 0.384550393 0.710694909
vt 0.248599797 0.504122317
vt 0.250316113 0.494404614
vt 0.267830491 0.497819096
vt 0.262732297 0.734220803
vt 0.266575903 0.74363482
vt 0.248785004 0.747516692
vt 0.29592821 0.539401114
vt 0.305336714 0.535910606
vt 0.308613002 0.553650975
vt 0.29895559 0.684446514
vt 0.308781594 0.686391711
vt 0.305157602 0.704445124
vt 0.29895559 0.684446514
vt 0.298581004 0.55543083
vt 0.308613002 0.553650975
vt 0.276841402 0.726461828
vt 0.283035904 0.73460412
vt 0.266575903 0.74363482
vt 0.246602699 0.737801373
vt 0.248785004 0.747516692
vt 0.117557302 0.747310579
vt 0.383731008 0.986691415
vt 0.384823203 0.985593796
vt 0.548493922 0.985646307
vt 0.119447097 0.737062514
vt 0.117557302 0.747310579
vt 0.0996219516 0.743506372
vt 0.52675879 0.855850279
vt 0.528173625 0.846825123
vt 0.530785918 0.847188473
vt 0.516184628 0.763229072
vt 0.508175373 0.759116292
vt 0.509059787 0.756632209
vt 0.383458108 0.709597826
vt 0.384550393 0.710694909
vt 0.384823203 0.985593796
vt 0.528161407 0.786521792
vt 0.530761182 0.786156178
vt 0.530785918 0.847188473
vt 0.522563398 0.769568324
vt 0.524672329 0.76800549
vt 0.529187679 0.776642799
vt 0.508045197 0.874451399
vt 0.508951485 0.876950979
vt 0.499412209 0.878696084
vt 0.516087115 0.87026459
vt 0.517660022 0.872399271
vt 0.508951485 0.876950979
vt 0.522504508 0.863861203
vt 0.52675879 0.855850279
vt 0.529184878 0.856736302
vt 0.522563398 0.769568324
vt 0.516184628 0.763229072
vt 0.517736673 0.761110604
vt 0.415531188 0.769798815
vt 0.411253303 0.77779448
vt 0.4088431 0.776899993
vt 0.526767313 0.777500808
vt 0.529187679 0.776642799
vt 0.530761182 0.786156178
vt 0.421953887 0.763406515
vt 0.420383096 0.761271775
vt 0.429094315 0.756727099
vt 0.516087115 0.87026459
vt 0.522504508 0.863861203
vt 0.524632215 0.865437925
vt 0.430000603 0.759220779
vt 0.429094315 0.756727099
vt 0.43862769 0.75500083
vt 0.439025909 0.757576525
vt 0.43862769 0.75500083
vt 0.499554306 0.75497669
vt 0.508175373 0.759116292
vt 0.499191403 0.757558882
vt 0.499554306 0.75497669
vt 0.0685479566 0.685553312
vt 0.0586392805 0.687329471
vt 0.0584893785 0.555481374
vt 0.0894226432 0.726800203
vt 0.0834089518 0.734768271
vt 0.0704006478 0.721551418
vt 0.0784410834 0.715651274
vt 0.0704006478 0.721551418
vt 0.0619237386 0.705113709
vt 0.419039994 0.861453712
vt 0.424481988 0.866932571
vt 0.421937287 0.870382011
vt 0.421937287 0.870382011
vt 0.415575594 0.863998771
vt 0.419039994 0.861453712
vt 0.411401212 0.856005788
vt 0.40997079 0.846970916
vt 0.414267898 0.84663862
vt 0.409855992 0.786775291
vt 0.411253303 0.77779448
vt 0.414058894 0.787244797
vt 0.415531188 0.769798815
vt 0.421953887 0.763406515
vt 0.419005185 0.772382498
vt 0.430000603 0.759220779
vt 0.439025909 0.757576525
vt 0.439237505 0.761969686
vt 0.499191403 0.757558882
vt 0.508175373 0.759116292
vt 0.499031186 0.761950374
vt 0.516184628 0.763229072
vt 0.522563398 0.769568324
vt 0.519120514 0.772122622
vt 0.526767313 0.777500808
vt 0.528161407 0.786521792
vt 0.52394402 0.786863208
vt 0.528173625 0.846825123
vt 0.52675879 0.855850279
vt 0.523942888 0.846420407
vt 0.522504508 0.863861203
vt 0.516087115 0.87026459
vt 0.513524711 0.866779923
vt 0.508045197 0.874451399
vt 0.499011904 0.876113415
vt 0.498797506 0.871714413
vt 0.438915402 0.876157284
vt 0.429927707 0.874537706
vt 0.439070404 0.871758819
vt 0.429927707 0.874537706
vt 0.431352705 0.870474577
vt 0.439070404 0.871758819
vt 0.419039994 0.861453712
vt 0.415575594 0.863998771
vt 0.415519893 0.854518473
vt 0.415519893 0.854518473
vt 0.415575594 0.863998771
vt 0.411401212 0.856005788
vt 0.499011904 0.876113415
vt 0.438915402 0.876157284
vt 0.439070404 0.871758819
vt 0.499011904 0.876113415
vt 0.439070404 0.871758819
vt 0.498797506 0.871714413
vt 0.414267898 0.84663862
vt 0.415519893 0.854518473
vt 0.411401212 0.856005788
vt 0.414058894 0.787244797
vt 0.414267898 0.84663862
vt 0.40997079 0.846970916
vt 0.508045197 0.874451399
vt 0.498797506 0.871714413
vt 0.506604075 0.870348811
vt 0.508045197 0.874451399
vt 0.506604075 0.870348811
vt 0.516087115 0.87026459
vt 0.414058894 0.787244797
vt 0.40997079 0.846970916
vt 0.409855992 0.786775291
vt 0.415396094 0.779321373
vt 0.414058894 0.787244797
vt 0.411253303 0.77779448
vt 0.516087115 0.87026459
vt 0.506604075 0.870348811
vt 0.513524711 0.866779923
vt 0.522504508 0.863861203
vt 0.513524711 0.866779923
vt 0.519024014 0.861284912
vt 0.415396094 0.779321373
vt 0.411253303 0.77779448
vt 0.415531188 0.769798815
vt 0.419005185 0.772382498
vt 0.415396094 0.779321373
vt 0.415531188 0.769798815
vt 0.52675879 0.855850279
vt 0.522504508 0.863861203
vt 0.522618592 0.854335308
vt 0.522504508 0.863861203
vt 0.519024014 0.861284912
vt 0.522618592 0.854335308
vt 0.419005185 0.772382498
vt 0.421953887 0.763406515
vt 0.424511999 0.766896129
vt 0.424511999 0.766896129
vt 0.421953887 0.763406515
vt 0.431442291 0.76331377
vt 0.52675879 0.855850279
vt 0.522618592 0.854335308
vt 0.523942888 0.846420407
vt 0.528173625 0.846825123
vt 0.523942888 0.846420407
vt 0.52394402 0.786863208
vt 0.431442291 0.76331377
vt 0.421953887 0.763406515
vt 0.430000603 0.759220779
vt 0.439237505 0.761969686
vt 0.431442291 0.76331377
vt 0.430000603 0.759220779
vt 0.528161407 0.786521792
vt 0.528173625 0.846825123
vt 0.52394402 0.786863208
vt 0.526767313 0.777500808
vt 0.52394402 0.786863208
vt 0.522664726 0.77901268
vt 0.439237505 0.761969686
vt 0.439025909 0.757576525
vt 0.499191403 0.757558882
vt 0.499031186 0.761950374
vt 0.439237505 0.761969686
vt 0.499191403 0.757558882
vt 0.522563398 0.769568324
vt 0.526767313 0.777500808
vt 0.522664726 0.77901268
vt 0.522563398 0.769568324
vt 0.522664726 0.77901268
vt 0.519120514 0.772122622
vt 0.499031186 0.761950374
vt 0.508175373 0.759116292
vt 0.506771326 0.763189018
vt 0.506771326 0.763189018
vt 0.508175373 0.759116292
vt 0.516184628 0.763229072
vt 0.516184628 0.763229072
vt 0.519120514 0.772122622
vt 0.513660312 0.766687572
vt 0.415575594 0.863998771
vt 0.421937287 0.870382011
vt 0.42037499 0.872496784
vt 0.0713254213 0.701577425
vt 0.0619237386 0.705113709
vt 0.0586392805 0.687329471
vt 0.0716705322 0.54141432
vt 0.0683059022 0.557673573
vt 0.0584893785 0.555481374
vt 0.421937287 0.870382011
vt 0.429927707 0.874537706
vt 0.429030508 0.877010524
vt 0.415531188 0.769798815
vt 0.413406104 0.768219829
vt 0.420383096 0.761271775
vt 0.415575594 0.863998771
vt 0.413455993 0.865559518
vt 0.408955097 0.856875598
vt 0.411401212 0.856005788
vt 0.408955097 0.856875598
vt 0.4073596 0.847328305
vt 0.429927707 0.874537706
vt 0.438915402 0.876157284
vt 0.438560694 0.878756583
vt 0.136605099 0.720659971
vt 0.133672997 0.720659971
vt 0.133672997 0.523768008
vt 0.153393894 0.523768008
vt 0.153393403 0.720659971
vt 0.150461704 0.720659971
vt 0.167250499 0.523768008
vt 0.167250499 0.720659971
vt 0.153393403 0.720659971
vt 0.136605099 0.523768008
vt 0.136605099 0.520836115
vt 0.150461704 0.520836115
vt 0.136605099 0.720659971
vt 0.136605099 0.523768008
vt 0.150461704 0.523768008
vt 0.150461704 0.720659971
vt 0.150461704 0.723591506
vt 0.136605099 0.723591506
vt 0.126164094 0.718818426
vt 0.123259999 0.718818426
vt 0.123259999 0.523813725
vt 0.109536096 0.523813725
vt 0.109536 0.718818426
vt 0.106632501 0.718818426
vt 0.123259999 0.523813725
vt 0.123259999 0.718818426
vt 0.109536 0.718818426
vt 0.123260103 0.520909727
vt 0.123259999 0.523813725
vt 0.109536096 0.523813725
vt 0.092908442 0.718818426
vt 0.0929080769 0.523813188
vt 0.106632099 0.523813188
vt 0.109536 0.721721888
vt 0.109536 0.718818426
vt 0.123259999 0.718818426
vt 0.01169335 0.376249403
vt 0.110560201 0.376249403
vt 0.110560201 0.383417606
vt 0.01169335 0.364396006
vt 0.01169335 0.357227892
vt 0.110560201 0.357227892
vt 0.01169335 0.357227892
vt 0.01169335 0.345374614
vt 0.110560201 0.345374614
vt 0.01169335 0.376249403
vt 0.00452494621 0.376249403
vt 0.00452494621 0.364396006
vt 0.110560201 0.376249403
vt 0.01169335 0.376249403
vt 0.01169335 0.364396006
vt 0.110560201 0.364396006
vt 0.117728397 0.364396006
vt 0.117728397 0.376249403
vt 0.472263902 0.847202778
vt 0.466431588 0.847202778
vt 0.467341393 0.836642623
vt 0.477996886 0.846079588
vt 0.472263902 0.847202778
vt 0.471369088 0.836640775
vt 0.483440906 0.843872726
vt 0.477996886 0.846079588
vt 0.475333601 0.835868716
vt 0.488408715 0.840644002
vt 0.483440906 0.843872726
vt 0.479103595 0.834387898
vt 0.492716014 0.836486101
vt 0.488408715 0.840644002
vt 0.482544601 0.832238197
vt 0.496180087 0.831524193
vt 0.492716014 0.836486101
vt 0.485537708 0.829500198
vt 0.498619586 0.825924993
vt 0.496180087 0.831524193
vt 0.487976491 0.826276898
vt 0.4998492 0.819903314
vt 0.498619586 0.825924993
vt 0.48977831 0.822723508
vt 0.49967441 0.813741386
vt 0.4998492 0.819903314
vt 0.490886003 0.819025099
vt 0.498239607 0.807755709
vt 0.49967441 0.813741386
vt 0.490421295 0.815166712
vt 0.495690703 0.802193701
vt 0.498239607 0.807755709
vt 0.489256114 0.811309874
vt 0.492176414 0.797256172
vt 0.495690703 0.802193701
vt 0.487413794 0.807651699
vt 0.487853289 0.793105125
vt 0.492176414 0.797256172
vt 0.484951586 0.804355383
vt 0.48288691 0.789870977
vt 0.487853289 0.793105125
vt 0.481952101 0.801555693
vt 0.477450699 0.787652493
vt 0.48288691 0.789870977
vt 0.478516787 0.799358428
vt 0.470805407 0.797067404
vt 0.471727401 0.78651768
vt 0.477450699 0.787652493
vt 0.466781795 0.797053516
vt 0.465904295 0.786501408
vt 0.471727401 0.78651768
vt 0.462822586 0.797801971
vt 0.460173488 0.787606716
vt 0.465904295 0.786501408
vt 0.459059805 0.799284995
vt 0.454725504 0.789803624
vt 0.460173488 0.787606716
vt 0.455619991 0.801446199
vt 0.449749798 0.793029606
vt 0.454725504 0.789803624
vt 0.452621788 0.804201305
vt 0.445431709 0.797189772
vt 0.449749798 0.793029606
vt 0.45016861 0.807433724
vt 0.441953689 0.802154601
vt 0.445431709 0.797189772
vt 0.448346287 0.810993314
vt 0.439498693 0.807757318
vt 0.441953689 0.802154601
vt 0.447211504 0.814688027
vt 0.438253909 0.813782811
vt 0.439498693 0.807757318
vt 0.447667211 0.818535924
vt 0.438419491 0.819948912
vt 0.438253909 0.813782811
vt 0.448831588 0.822382808
vt 0.439851403 0.825939
vt 0.438419491 0.819948912
vt 0.450680703 0.826033711
vt 0.442403287 0.831506312
vt 0.439851403 0.825939
vt 0.45315519 0.829325974
vt 0.445925295 0.836450398
vt 0.442403287 0.831506312
vt 0.456170797 0.832127512
vt 0.450260103 0.840609312
vt 0.445925295 0.836450398
vt 0.459622502 0.834334612
vt 0.455241293 0.843851805
vt 0.450260103 0.840609312
vt 0.463383198 0.835882604
vt 0.460693091 0.84607619
vt 0.455241293 0.843851805
vt 0.460693091 0.84607619
vt 0.463383198 0.835882604
vt 0.467341393 0.836642623
vt 0.502439618 0.806458771
vt 0.499835312 0.800171614
vt 0.515965104 0.802355587
vt 0.512300193 0.79350853
vt 0.515965104 0.802355587
vt 0.499835312 0.800171614
vt 0.517833412 0.81174773
vt 0.517833471 0.821323872
vt 0.503767192 0.813133419
vt 0.503767192 0.813133419
vt 0.502439618 0.806458771
vt 0.517833412 0.81174773
vt 0.517833471 0.821323872
vt 0.503767371 0.819938719
vt 0.503767192 0.813133419
vt 0.228571996 0.7084921
vt 0.228571996 0.695672691
vt 0.266872615 0.695672691
vt 0.266872615 0.708492875
vt 0.266872615 0.722173929
vt 0.228571996 0.722172976
vt 0.216766804 0.519134879
vt 0.216767699 0.5297153
vt 0.178466305 0.529716492
vt 0.216767699 0.5297153
vt 0.216768503 0.542535126
vt 0.178466693 0.542536378
vt 0.216768503 0.542535126
vt 0.216768906 0.555355012
vt 0.178467602 0.555356205
vt 0.216768906 0.555355012
vt 0.2167698 0.56817472
vt 0.178468004 0.568176389
vt 0.2167698 0.56817472
vt 0.216770604 0.580994606
vt 0.178468898 0.580996275
vt 0.216770604 0.580994606
vt 0.216771007 0.593814373
vt 0.1784693 0.593816102
vt 0.216771007 0.593814373
vt 0.216771901 0.606634617
vt 0.178470105 0.606635928
vt 0.216771901 0.606634617
vt 0.216772303 0.619454503
vt 0.178470507 0.619455695
vt 0.216772303 0.619454503
vt 0.216772705 0.632274806
vt 0.178470895 0.632275999
vt 0.216772705 0.632274806
vt 0.216773197 0.645094573
vt 0.178471401 0.645095885
vt 0.216773197 0.645094573
vt 0.216773599 0.657914817
vt 0.178471804 0.657915711
vt 0.216773599 0.657914817
vt 0.216774002 0.670734704
vt 0.178472206 0.670735478
vt 0.216774002 0.670734704
vt 0.216774404 0.683555007
vt 0.178472593 0.683555424
vt 0.216774404 0.683555007
vt 0.216774404 0.696374714
vt 0.178472593 0.69637531
vt 0.216774806 0.709195018
vt 0.178472906 0.709195375
vt 0.178472593 0.69637531
vt 0.216774806 0.722014785
vt 0.178472906 0.722015202
vt 0.178472906 0.709195375
vt 0.266873389 0.529016078
vt 0.228571698 0.529016614
vt 0.228571206 0.518953681
vt 0.266873389 0.541836023
vt 0.228571594 0.541836321
vt 0.228571698 0.529016614
vt 0.266873389 0.55465579
vt 0.228571594 0.554656208
vt 0.228571594 0.541836321
vt 0.266873389 0.567476094
vt 0.228571996 0.567476094
vt 0.228571594 0.554656208
vt 0.266873389 0.58029592
vt 0.228571996 0.58029592
vt 0.228571996 0.567476094
vt 0.266873389 0.593115807
vt 0.228571996 0.593115807
vt 0.228571996 0.58029592
vt 0.266873389 0.605935514
vt 0.228571996 0.605935514
vt 0.228571996 0.593115807
vt 0.266873002 0.618754983
vt 0.228571996 0.6187554
vt 0.228571996 0.605935514
vt 0.266873002 0.631574929
vt 0.228571996 0.631574929
vt 0.228571996 0.6187554
vt 0.266873002 0.644394577
vt 0.228571996 0.644394577
vt 0.228571996 0.631574929
vt 0.266872615 0.657213986
vt 0.228571996 0.657213986
vt 0.228571996 0.644394577
vt 0.266872615 0.670033514
vt 0.228571996 0.670033514
vt 0.228571996 0.657213986
vt 0.266872615 0.682853401
vt 0.228571996 0.682853401
vt 0.228571996 0.670033514
vt 0.266872615 0.695672691
vt 0.228571996 0.695672691
vt 0.228571996 0.682853401
vt 0.265828907 0.160196096
vt 0.266186893 0.271469593
vt 0.365776002 0.27147311
vt 0.0219163802 0.271503091
vt 0.126805902 0.271476597
vt 0.129610002 0.160181105
vt 0.179314405 0.160219103
vt 0.178570405 0.183735594
vt 0.1907399 0.184079096
vt 0.1907399 0.184079096
vt 0.202791005 0.190422103
vt 0.203097895 0.160224602
vt 0.139614493 0.27148959
vt 0.177887395 0.271512598
vt 0.165282995 0.243115604
vt 0.177887395 0.271512598
vt 0.177696496 0.250190109
vt 0.165282995 0.243115604
vt 0.159087405 0.238540098
vt 0.151299998 0.216085598
vt 0.139614493 0.27148959
vt 0.657311976 0.0153653603
vt 0.915087104 0.0153653603
vt 0.915087104 0.448738694
vt 0.239516407 0.271498591
vt 0.239698902 0.160215601
vt 0.214812905 0.216845602
vt 0.203097895 0.160224602
vt 0.202791005 0.190422103
vt 0.239698902 0.160215601
vt 0.214812905 0.216845602
vt 0.202335402 0.2431411
vt 0.239516407 0.271498591
vt 0.239698902 0.160215601
vt 0.202791005 0.190422103
vt 0.214812905 0.216845602
vt 0.384550393 0.710694909
vt 0.4088431 0.776899993
vt 0.407252997 0.786401808
vt 0 0
vt 0 0
vt 0 0
vt 0 0
vt 0 0
vt 0 0
vt 0 0
vt 0 0
vt 0 0
vt 0 0
vt 0 0
vt 0 0
vt 0 0
vt 0 0
vt 0 0
vt 0 0
vt 0 0
vt 0 0
vt 0 0
vt 0 0
vt 0 0
vt 0 0
vt 0 0
vt 0 0
vt 0 0
vt 0 0
vt 0 0
vt 0 0
vt 0 0
vt 0 0
vt 0 0
vt 0 0
vt 0 0
vt 0 0
vt 0 0
vt 0 0
vt 0 0
vt 0 0
vt 0 0
vt 0 0
vt 0 0
vt 0 0
vt 0 0
vt 0 0
vt 0 0
vt 0 0
vt 0 0
vt 0 0
vt 0 0
vt 0 0
vt 0 0
vt 0 0
vt 0 0
vt 0 0
vt 0 0
vt 0 0
vt 0 0
vt 0 0
vt 0 0
vt 0 0
vt 0 0
vt 0 0
vt 0 0
vt 0 0
vt 0 0
vt 0 0
vt 0 0
vt 0 0
vt 0 0
vt 0 0
vt 0 0
vt 0 0
vt 0 0
vt 0 0
vt 0 0
vt 0 0
vt 0 0
vt 0 0
vt 0 0
vt 0 0
vt 0 0
vt 0 0
vt 0 0
vt 0 0
vt 0 0
vt 0 0
vt 0 0
vt 0 0
vt 0 0
vt 0 0
vt 0 0
vt 0 0
vt 0 0
vn 0 -0.100000001 -6.5168301e-08
vn 0 0.100000001 6.5168301e-08
vn 0.100000001 0 0
vn 0 6.5168301e-08 -0.100000001
vn -0.100000001 0 0
vn 0 -6.5168301e-08 0.100000001
vn -0.0707106814 0.0707106814 4.60809524e-08
vn 0.0707106814 0.0707106814 4.60809524e-08
vn 0.0707106814 -0.0707106814 -4.60809524e-08
vn -0.0707106814 -0.0707106814 -4.60809524e-08
vn 0.0871178508 -0.0490600578 0.001895222
vn 0.0514398217 -0.0856791064 0.00361034018
vn 0.0511813574 -0.0856166035 -0.0070897541
vn 0.0132635105 -0.0970652997 -0.0200601239
vn -0.0125219105 -0.0928782374 -0.0348831899
vn 0.0125217801 -0.092877239 -0.0348858684
vn 0.0137306498 -0.0989651009 0.00416887458
vn -0.01360247 -0.0987330899 -0.00817009062
vn 0.0136084603 -0.0987322778 -0.00817001984
vn -0.00536831003 -0.0240245871 -0.0969226584
vn 0.00291761104 -0.0339461826 -0.0940167382
vn 0.000213629013 -0.0279525165 -0.0960135981
vn 0.100000001 1.75614798e-06 -1.22006986e-05
vn -0.0504297689 -0.0804758519 0.0313125476
vn -0.091315873 -0.0399920829 0.00787692424
vn -0.0518730395 -0.0842688978 0.0144201359
vn 0.059397202 0.0644634292 0.0481294133
vn -0.0691012219 0.0152625237 0.0706546381
vn 0.0691235289 0.015284095 0.0706281513
vn 0.0693660825 0.00513015408 0.0718472674
vn 0.000384539308 0.000283760135 0.099998869
vn 0.0697672218 -0.00429411372 0.0715129301
vn -0.0997909456 -0.00646288926 -3.13988094e-05
vn -1.69761005e-08 -6.5168301e-08 0.100000001
vn -0.0132635105 -0.0970652997 -0.0200601239
vn -0.0102179199 -0.0848991275 0.0518433861
vn -0.0441528708 -0.0760795772 0.0475649238
vn 0.00987897534 -0.022019336 -0.0970440954
vn 0.00687301671 -0.0259171966 -0.0963382646
vn 0.0115730101 -0.0266984291 -0.095672667
vn 0.0963457823 -0.0146583458 0.0224193204
vn 0.0870346203 -0.0490656868 -0.00418726401
vn 0.0864301324 -0.0492090136 -0.0104070418
vn -0.100000001 4.103018e-06 3.33763019e-05
vn 0.0384150594 -0.0888335258 0.025157284
vn -0.0384140201 -0.0888341665 0.025156593
vn -0.0375233516 -0.089958407 0.0223491415
vn 0.0518708117 -0.0842702389 0.0144203752
vn 0.0878635272 0.0210189726 0.0428742655
vn 0.0974444821 -0.0116949324 0.0191782024
vn 0.0658390447 -0.067712903 -0.032866165
vn 0 0.0526483655 0.0850185305
vn -0.0127202598 -0.0851811543 -0.0508170053
vn 0.0127172498 -0.0851814821 -0.0508171953
vn -0.0482601486 -0.0819747895 -0.0308397952
vn -0.0908454806 -0.0408891514 -0.00867043342
vn -0.0850917846 -0.0489168614 -0.0191449914
vn -0.0589999817 -0.0631903186 0.050259199
vn 0.0589177907 -0.0632668361 0.0502593704
vn 0 -0.0194073841 0.0980986953
vn -0.0991403237 -0.0130834104 0.000149533473
vn -0.0804060102 0.0301987547 0.051214356
vn -0.0990358889 -0.00136416801 -0.0137852412
vn 0.0678959787 -0.0651553795 0.033836551
vn 0.0944086313 -0.0148140807 -0.0294542592
vn 0.0654053614 -0.0682710782 -0.0325760767
vn 0.0677430928 -0.0653412789 0.0337845162
vn 0.0953203961 -0.014139493 -0.0267225597
vn 0.065578714 -0.0680476576 -0.0326947942
vn 0.06763684 -0.0654699951 0.0337481871
vn 0.0957352594 -0.0139075126 -0.0253247302
vn 0.0656950474 -0.067898497 -0.0327712744
vn 0.0675611198 -0.0655621141 0.0337209962
vn 0.0960966423 -0.0137306955 -0.0240188297
vn 0.0657759085 -0.0677932426 -0.0328269526
vn 0.0658273101 -0.0677286386 -0.0328572318
vn 0.0893487111 -0.0298907626 0.0335164294
vn 0.0965520367 -0.0135075646 -0.0222542491
vn 0.0658514425 -0.0676978305 -0.0328723565
vn 0.0950746164 -0.0106513491 0.029109573
vn 0.0913287029 -0.0370106213 -0.0170083735
vn 0.100000001 -3.67714001e-08 -2.39632956e-14
vn 0.0932563171 -0.0232034698 0.0276561268
vn 0.0960603505 -0.0137181263 0.0241707209
vn 0.0957888216 -0.0216407627 0.0188727062
vn -0.0685544014 -0.0725431889 -0.00614653109
vn -0.0873396248 -0.0486718901 0.00168462133
vn 0.0675086677 -0.0656256527 0.033702407
vn 0.0970675126 -0.0163518582 -0.0176214613
vn 0.002414071 -0.032512214 0.0945363939
vn 0.0395467989 -0.00859731995 0.0914447233
vn 0.00424826099 -0.0113989543 0.0992573276
vn 0.0338305719 -0.0325244069 0.0883043408
vn 0.082230784 -0.00981498975 0.0560514592
vn 0.070145674 -0.0367087126 0.0610905588
vn 0.0831648111 -0.0444085039 0.0333391428
vn 0.0358754918 -0.0624487437 0.0693765506
vn 0.044155322 -0.0760785565 0.047564283
vn 0.0075840652 -0.0674845278 0.0734051988
vn 0.0102177598 -0.0848977789 0.0518456027
vn 0.0121802501 -0.0699135363 -0.0704538152
vn 0.0467893705 -0.0757156834 -0.0455839001
vn 0.04220834 -0.0639106557 -0.0642952919
vn 0.08319249 -0.0453455076 -0.0319811776
vn 0.0974409133 -0.0130498884 -0.018302219
vn 0.0728465095 -0.0392813534 -0.0561280698
vn 0.0847276077 -0.0135962972 -0.0513456389
vn 0.0442135818 -0.0374504067 -0.0815023109
vn 0.0506741218 -0.015473186 -0.0848098695
vn 0.0132664992 -0.040596012 -0.0904210508
vn 0.019965861 -0.019334048 -0.0960601792
vn -0.0075840652 -0.0674845278 0.0734051988
vn -0.0358728431 -0.0624494217 0.0693773106
vn -0.083238326 -0.0443781354 0.0331958123
vn -0.0974515602 -0.0117652528 0.0190990418
vn -0.0701420307 -0.0367114507 0.0610930994
vn -0.0822305307 -0.00981801189 0.0560512841
vn -0.0338275321 -0.0325274691 0.0883043781
vn -0.0395405516 -0.00859729014 0.0914474353
vn -0.002414071 -0.032512214 0.0945363939
vn -0.00424824283 -0.0114019644 0.0992569849
vn -0.0974418446 -0.0130469576 -0.0182993487
vn -0.0728442073 -0.039284803 -0.0561286472
vn -0.0831945762 -0.0453419387 -0.0319808088
vn -0.0422058403 -0.0639114752 -0.0642961189
vn -0.0467863306 -0.0757157132 -0.0455869697
vn -0.0121832499 -0.0699132755 -0.0704535618
vn -0.0442106202 -0.0374535359 -0.0815024897
vn -0.0132664992 -0.040596012 -0.0904210508
vn -0.0506718531 -0.0154734347 -0.0848111957
vn -0.0199687909 -0.019333927 -0.0960596055
vn -0.0847285837 -0.0135995066 -0.0513431691
vn 0.0367395096 -0.00849354826 -0.0926178619
vn 0.0858890042 -0.00505082216 -0.0509663634
vn 0.0679116026 -0.0072421846 -0.0730449557
vn 0.0879269168 -0.0460326709 -0.0122414306
vn -0.0908051208 -0.0390821621 0.0150670139
vn 0.0502812639 -0.0846495256 -0.0175000653
vn 0.0482566021 -0.0819770023 -0.030839486
vn 0.0504274927 -0.0804770961 0.0313130356
vn 0.0130713107 -0.0919478089 0.0370775312
vn 0 0.0668304414 0.0743888021
vn -0.0374892913 -0.00732445018 -0.0924170241
vn -0.0858924836 -0.00505084591 -0.0509605147
vn -0.0679147616 -0.00724219624 -0.0730420202
vn 0.0167674497 0.0358848535 0.0918211937
vn 0.0355121605 0.0387837663 0.0850570798
vn 0.0621729307 0.0450792983 0.0640498698
vn -0.0621760078 0.0450793207 0.0640468448
vn -0.0878636762 0.0210213326 0.0428728461
vn -0.0355121605 0.0387837663 0.0850570798
vn -0.0167674497 0.0358848535 0.0918211937
vn -0.0502835512 -0.0846482366 -0.0174998045
vn -0.0514398217 -0.0856791064 0.00361034018
vn -0.0137000903 -0.0978081003 0.0156807154
vn -0.0137276603 -0.0989655107 0.00416889274
vn -0.00267649209 -0.0274699945 0.0961157456
vn 0.00385755301 0.0143101159 0.0988956019
vn 0.00135198201 -0.0131994337 0.0991158336
vn 0.0849442035 -0.0490444005 -0.0194713026
vn -0.00133674103 -0.0648902208 0.0760754496
vn -0.00152595004 -0.0531429388 0.0846965313
vn -0.00431231782 -0.00552385487 -0.0997541621
vn -0.00984242465 -0.0143378358 -0.0984761566
vn 0.0137000903 -0.0978081003 0.0156807154
vn 0.0868657753 -0.0486775488 0.00921054836
vn -0.0989384875 -0.0134373661 -0.0055330419
vn -0.00519438321 -0.0127052553 0.0990535021
vn -0.00409877812 -0.0309225228 0.0950105265
vn -0.00927788019 -0.0264786519 0.0959833488
vn -0.00498373527 -0.0177649874 -0.098283112
vn 0.00443440024 -0.0302075781 -0.095225215
vn 0.00261856313 0.00203570607 -0.0999449939
vn -0.00107731204 0.00364400633 -0.0999277756
vn 0.0058352109 -0.00622884044 -0.0996351093
vn 0.085972473 -0.0476037934 0.0185098387
vn 0.00758709898 -0.011438705 0.0990534946
vn 0.00540182507 -0.0307294335 0.0950080231
vn -0.00460526906 -0.0101688961 0.0993749872
vn 0.0089665167 -0.024888413 0.0964373946
vn 0.00506316405 -0.044866588 0.0892264172
vn -0.00726664579 -0.0185710639 0.097991392
vn 0.00919531565 -0.0120519446 0.0988443047
vn -0.00496858917 -0.044839453 0.089245379
vn -0.0116550904 -0.0329877213 0.0936801583
vn 0.000656163611 -0.0145028448 0.0989405811
vn 0.00422685128 0.00559707871 0.0997537374
vn 0.00682102982 0.0179421473 0.0981404856
vn 0.0277483799 0.00479150657 0.0959534869
vn 0.00592064811 -0.0135382041 0.0989022925
vn 0.0225658808 -0.00394008448 0.0973409265
vn 0.002548313 -0.0612329431 0.0790192038
vn -0.0029511631 0.0110965548 0.0993385985
vn 0.00118719309 0.000106746338 0.0999929011
vn 0.0120427404 -0.0166388173 -0.0978678912
vn 0.00811813399 -0.00608853763 -0.0994837955
vn 0.00258796802 0.00270692701 0.0999298617
vn -0.00945182983 0.0157997869 0.0982905477
vn -0.0230846498 0.0136511289 0.096336633
vn -0.0221417006 -0.00203264062 0.0974967405
vn -0.00760228653 -0.0117498841 0.0990158841
vn 0 0.00640416704 0.0997947305
vn 0 0.00566991 0.0998391286
vn 0 -0.00752867525 -0.0997162014
vn 0 -0.00613170257 -0.0998118445
vn 0 -0.00560177583 -0.0998429805
vn 0 -0.0087661678 -0.0996150374
vn 0 0.00709027098 0.0997483283
vn 0 0.00592164416 0.0998245254
vn 0 0.00557833863 0.0998442918
vn 0 -0.00670800172 -0.099774763
vn 0 -0.00577559462 -0.0998330861
vn 0 0.00807732902 0.0996732563
vn 0 -0.00569158187 -0.0998378918
vn -0.00122380804 -0.0124029843 0.0992203057
vn -0.069748953 -0.00428496441 0.0715312734
vn -0.0696692243 -0.0134132355 0.0704718754
vn 0.0997912809 0.00645759096 -3.4776217e-06
vn 1.19049005e-07 -0.100000001 -1.2740071e-07
vn 5.39569044e-07 -6.14900131e-09 -0.100000001
vn 6.19960971e-08 -6.5168301e-08 0.100000001
vn 0.0392723605 -0.0540498123 -0.0744063258
vn 0.0540498607 -0.0392724089 0.0744062662
vn 0.0540498607 -0.0392723121 -0.0744063184
vn 0.00567960693 -0.0721716285 -0.0689855069
vn -0.00540193915 -0.0686412379 -0.0725203454
vn -0.00567960693 -0.0721716285 -0.0689855069
vn -0.02064915 0.0635375455 -0.0744083151
vn -0.0392723605 0.0540498123 0.0744063258
vn -0.0392723605 0.0540499091 -0.0744062588
vn 0.0635389239 -0.0206496585 0.0744069666
vn 0.0635389239 -0.0206495617 -0.0744069964
vn 0.0206496101 -0.0635388717 -0.0744070262
vn 0.0392723605 -0.0540499091 0.0744062588
vn -0.0206496101 -0.0635388717 -0.0744070262
vn -0.0392723605 -0.0540499091 0.0744062588
vn -0.0206496101 -0.063538976 0.0744069442
vn -0.0721716732 -0.00567956176 -0.0689854696
vn -0.0686412826 0.00540198619 -0.0725202933
vn -0.0721716732 0.00567965209 -0.0689854622
vn -0.0703033358 0.0228373352 -0.0673490837
vn -0.0635446534 0.0206556395 -0.0744004324
vn 0.0540498607 0.0392724089 -0.0744062662
vn 0.0392723605 0.0540498123 0.0744063258
vn 0.0392723605 0.0540499091 -0.0744062588
vn 0.0635389239 0.0206496585 -0.0744069666
vn 0.0540498607 0.0392723121 0.0744063184
vn -0.0392723605 -0.0540498123 -0.0744063258
vn -0.0540498607 -0.0392724089 0.0744062662
vn -0.00540498411 -0.0686411262 -0.0725202262
vn 0.00540498411 -0.0686412156 0.0725201368
vn 0.00540498411 -0.0686411262 -0.0725202262
vn -0.00540498411 -0.0686412156 0.0725201368
vn -0.0540498607 -0.0392723121 -0.0744063184
vn -0.0635374933 -0.0206491984 0.0744083375
vn 0.100000001 5.53292985e-08 3.60571626e-14
vn -3.26219016e-08 0.100000001 6.5168301e-08
vn 0.0206496101 -0.063538976 0.0744069442
vn 0.02064915 0.0635375455 -0.0744083151
vn 0.00540193915 0.0686412379 0.0725203454
vn 0.00540193915 0.0686413273 -0.072520256
vn 0.0686411709 -0.00540503114 0.0725201741
vn 0.0686397627 -0.00540177198 -0.0725217536
vn 0.0686411709 0.00540503114 -0.0725201741
vn 0.0635389239 0.0206495617 0.0744069964
vn 0.0686411709 0.00540493708 0.0725201815
vn 0.02064915 0.0635374412 0.0744083971
vn -0.00540498411 0.0686411262 0.0725202262
vn -0.00540498411 0.0686412156 -0.0725201368
vn 1.19615009e-07 -0.100000001 -6.5168301e-08
vn -0.02064915 0.0635374412 0.0744083971
vn 0.0703008324 -0.0228343755 -0.0673526973
vn 0.0686444268 -0.00540189818 -0.0725173429
vn 0.0635417849 -0.0206525624 -0.0744037256
vn 0.0434506722 0.0598061495 -0.0673443899
vn 0.0206526108 0.063541837 -0.074403666
vn 0.0392808281 0.0540581197 -0.0743958056
vn -0.100000001 -5.53331994e-08 -3.60597037e-14
vn 0.0721716732 0.00567965209 -0.0689854622
vn 0.0721746534 -0.00567955617 -0.0689823553
vn 0.0598061047 0.0434507169 -0.0673443973
vn 0.0635385215 0.0206525791 -0.0744064972
vn 0.0702992901 0.0228349455 -0.0673541203
vn 0.0228344202 -0.0703007877 -0.0673527271
vn 0.00540193915 -0.0686412379 -0.0725203454
vn 0.0434498787 -0.0598080121 -0.0673432276
vn 0.0206521302 -0.0635403022 -0.0744051263
vn 0.0598080568 -0.043449834 -0.0673432201
vn 0.0540559106 -0.0392814316 -0.0743971094
vn 0.0540559106 0.0392815284 -0.0743970573
vn -0.0598061047 0.0434507169 -0.0673443973
vn -0.0540559106 0.0392815284 -0.0743970573
vn 0.0686412826 0.00540198619 -0.0725202933
vn -0.0434497818 0.0598049089 -0.0673460513
vn -0.0206526108 0.063541837 -0.074403666
vn -0.0228377804 0.0703018233 -0.0673504993
vn 0.0392817296 -0.0540592559 -0.0743945166
vn -0.00540193915 0.0686413273 -0.072520256
vn -0.00567960693 0.0721717179 -0.0689854175
vn 0.00567960693 0.0721717179 -0.0689854175
vn 0.0228377804 0.0703018233 -0.0673504993
vn -0.0686380342 0.00540501997 -0.0725231469
vn -0.0686411709 -0.00540503114 0.0725201741
vn -0.0686380342 -0.00540492591 -0.0725231543
vn -0.0540498607 0.0392723121 0.0744063184
vn -0.0540464707 0.0392721705 -0.074408859
vn -0.0635389239 0.0206495617 0.0744069964
vn -0.0635389239 0.0206496585 -0.0744069666
vn -0.0598061047 -0.0434506275 -0.0673444569
vn -0.03928148 -0.0540558621 -0.0743971169
vn -0.0540559106 -0.0392814316 -0.0743971094
vn -0.0686411709 0.00540493708 0.0725201815
vn -0.0635389239 -0.0206495617 -0.0744069964
vn -0.0434506722 -0.05980606 -0.0673444644
vn -0.0206521302 -0.0635403022 -0.0744051263
vn -0.03928148 0.054055959 -0.0743970498
vn -0.0635432154 -0.0206550825 -0.0744018182
vn -0.0703038201 -0.022834355 -0.0673495904
vn -0.0686412826 -0.00540189212 -0.0725203007
vn -0.0228344202 -0.0703007877 -0.0673527271
vn 0.100000001 1.39433993e-07 9.08667672e-14
vn -0.100000001 -4.64781031e-08 -3.02889902e-14
vn 0 6.5168301e-08 -0.100000001
vn 1.43562005e-07 -6.5168301e-08 0.100000001
vn -8.35440019e-08 0.100000001 6.5168301e-08
vn -0.0980787873 0.0195077192 1.27128494e-08
vn -0.0727881044 -4.46861321e-08 0.0685703531
vn -0.0713898763 0.0142004145 0.0685699359
vn -0.0923880264 0.0382681601 2.49387107e-08
vn -0.0672482327 0.0278544854 0.0685697123
vn -0.0831467733 0.0555573218 3.62057619e-08
vn -0.0605222248 0.0404376239 0.0685701072
vn -0.0514682494 0.0514682047 0.0685714632
vn -0.0555573218 0.0831467733 5.41853353e-08
vn -0.0404376686 0.0605221801 0.0685701147
vn -0.0382681601 0.0923880264 6.02077108e-08
vn -0.0278545301 0.067248188 0.0685697347
vn -0.0195077192 0.0980787873 6.3916282e-08
vn -0.0141974604 0.0713901371 0.0685702711
vn 0 0.0727880597 0.0685703978
vn 0.0195077192 0.0980787873 6.3916282e-08
vn 0.0141974604 0.0713901371 0.0685702711
vn 0.0382681601 0.0923880264 6.02077108e-08
vn 0.0278545301 0.067248188 0.0685697347
vn 0.0555573218 0.0831467733 5.41853353e-08
vn 0.0404376686 0.0605221801 0.0685701147
vn 0.0514704883 0.0514674 0.0685703829
vn 0.0831467733 0.0555573218 3.62057619e-08
vn 0.0605222248 0.0404376239 0.0685701072
vn 0.0923880264 0.0382681601 2.49387107e-08
vn 0.0672482327 0.0278544854 0.0685697123
vn 0.0980787873 0.0195077192 1.27128494e-08
vn 0.0713898763 0.0142004145 0.0685699359
vn 0.0727881044 -4.46861321e-08 0.0685703531
vn 0.0713898763 -0.0142005039 0.0685699135
vn 0.0672482327 -0.0278545748 0.0685696751
vn 0.0980787873 -0.0195077192 -1.27128494e-08
vn 0.0605222248 -0.0404377133 0.0685700551
vn 0.0923880264 -0.0382681601 -2.49387107e-08
vn 0.0514674447 -0.051470533 0.0685703158
vn 0.0831467733 -0.0555573218 -3.62057619e-08
vn 0.0404384099 -0.060520336 0.0685713142
vn 0.0278545301 -0.0672482774 0.0685696453
vn 0.0555573218 -0.0831467733 -5.41853353e-08
vn 0.0142004592 -0.071389921 0.0685698763
vn 0.0382681601 -0.0923880264 -6.02077108e-08
vn 0 -0.0727881491 0.0685703084
vn 0.0195077192 -0.0980787873 -6.3916282e-08
vn -0.0141974604 -0.0713902265 0.0685701743
vn -0.0278545301 -0.0672482774 0.0685696453
vn -0.0195077192 -0.0980787873 -6.3916282e-08
vn -0.0404376686 -0.0605222695 0.0685700402
vn -0.0382681601 -0.0923880264 -6.02077108e-08
vn -0.0514674447 -0.051470533 0.0685703158
vn -0.0555573218 -0.0831467733 -5.41853353e-08
vn -0.0605202913 -0.0404384546 0.0685713291
vn -0.0672465488 -0.0278551467 0.0685710832
vn -0.0831467733 -0.0555573218 -3.62057619e-08
vn -0.0713898763 -0.0142005039 0.0685699135
vn -0.0923880264 -0.0382681601 -2.49387107e-08
vn -0.0980787873 -0.0195077192 -1.27128494e-08
vn -2.80888003e-07 -6.5168301e-08 0.100000001
vn 0.0683610067 -4.75629136e-08 0.0729847401
vn 0.0670480952 0.0133369332 0.0729841292
vn 0.0631577522 0.0261585023 0.0729851574
vn 0.0568387993 0.0379779302 0.0729864836
vn 0.0483370386 0.0483400449 0.0729847401
vn 0.0379779786 0.0568387508 0.0729864985
vn 0.0261585508 0.0631577075 0.0729851872
vn 0.0133339809 0.0670483187 0.072984457
vn 0 0.068360962 0.0729847848
vn -0.0133366799 0.0670465454 0.0729855895
vn -0.0261608101 0.0631558001 0.0729860216
vn -0.0379814506 0.0568393655 0.0729842409
vn -0.0483370386 0.0483400449 0.0729847401
vn -0.0568387993 0.0379779302 0.0729864836
vn -0.0631577522 0.0261585023 0.0729851574
vn -0.0670483634 0.0133339334 0.0729844198
vn -0.0670483634 -0.0133340284 0.0729844049
vn -0.0683610067 -4.75629136e-08 0.0729847401
vn -0.0631558448 -0.0261608586 0.0729859695
vn -0.0568400621 -0.0379788801 0.0729850158
vn -0.0483393706 -0.0483394191 0.0729836076
vn -0.0379788317 -0.0568401106 0.0729850084
vn -0.0261585508 -0.0631577969 0.0729851052
vn -0.0133339809 -0.0670484081 0.0729843676
vn 0 -0.0683595315 0.0729861259
vn 0.0133339809 -0.0670484081 0.0729843676
vn 0.0261579696 -0.0631563887 0.0729865283
vn 0.0379788317 -0.0568401106 0.0729850084
vn 0.0483370386 -0.0483401418 0.0729846805
vn 0.0568387993 -0.037978027 0.0729864389
vn 0.0631572455 -0.026161449 0.072984539
vn 0.0670465901 -0.0133367274 0.0729855374
vn -4.17951007e-08 0.100000001 3.24342691e-05
vn 8.24143029e-08 -0.100000001 -8.02792874e-06
vn -0.000360125297 0.000259346125 0.0999990255
vn -0.0693477839 0.00512099918 0.0718655884
vn 0.00124518794 -0.012488585 0.0992093012
vn 0.00100406399 -0.0140936347 0.0989967957
vn 0.0697017536 -0.0134740658 0.0704280883
vn 0.000668358814 0.00983918272 0.0995125398
vn 8.47710027e-08 6.5168301e-08 -0.100000001
vn -0.0577399209 0.0577399582 -0.0577252135
vn -0.0707225055 4.6073243e-08 -0.0706988573
vn 0 0.0707029998 -0.0707183629
vn -0.0834877416 0.0128943045 -0.0535119921
vn -0.0821203515 0.0273846723 -0.0500632413
vn -0.0752559826 0.00464497879 -0.0656883717
vn -0.0689551458 -0.00503867306 -0.0722481981
vn -0.0824130476 0.00332658389 -0.0565422401
vn -0.0502838679 -0.00357682374 -0.086364001
vn -0.0510854311 -0.00184022496 -0.0859470516
vn -0.032207232 -0.0946715102 -6.16958147e-08
vn 0.042168282 -0.0889449269 -0.0176248588
vn 0.0441577099 -0.0897223428 -5.84705262e-08
vn -0.03346413 -0.0788306668 -0.0516321696
vn 0.0395838134 -0.0498139039 -0.0771472603
vn 0.0433547422 -0.0738550052 -0.0516314395
vn -0.043358881 0.0738538802 -0.0516295843
vn 0.032838352 0.0545037687 -0.0771426186
vn -0.03958961 0.0498197302 -0.0771405175
vn -0.0372633711 -0.0199897122 -0.0906192884
vn 0.037260972 0.0199871194 -0.0906208381
vn 0.0395193323 -0.015018451 -0.0906237811
vn 0.0914868414 -0.0152167454 -0.0373979993
vn 0.0887730643 0.026859615 -0.0373885632
vn 0.0919620842 0.00753509533 -0.0385512561
vn -0.0887717009 -0.0268631242 -0.0373893008
vn -0.091960758 -0.0075473953 -0.0385519862
vn -0.0395290703 0.0150218392 -0.0906189829
vn -0.0914932787 0.0152077042 -0.0373859182
vn -0.0874956921 -0.047060702 -0.0113928709
vn -0.0303330012 -0.0936449766 -0.0176218208
vn -0.0894953012 0.0381463058 -0.0231398344
vn -0.0384968407 0.0849225745 -0.0361407064
vn 0.0874989256 0.047054708 -0.0113928299
vn 0.0334587097 0.0788323358 -0.0516331159
vn 0.043107938 0.0870887414 -0.0236063041
vn 0.0928364322 -0.0353809334 -0.0113836927
vn -0.0328511 -0.0544984713 -0.0771409273
vn -0.0938960016 0.0224409364 -0.0260757655
vn 0.0902199671 0.0343551375 -0.0260783788
vn 0.0938922241 -0.0224498846 -0.0260816962
vn -0.070571281 -0.00456000119 -0.0707029179
vn -0.0921688601 -0.00437036017 -0.0385461263
vn 0.092164062 0.00437033223 -0.0385575853
vn -0.0902165323 -0.0343549624 -0.0260905139
vn 0.065976344 0.0751473531 4.89722503e-08
vn 0.0897175223 0.0441675 2.87832105e-08
vn 0.0946674719 -0.0322191082 -2.09966462e-08
vn 0.100000001 6.46579181e-08 -1.15350003e-05
vn 0.100000001 3.19849059e-05 -4.43741919e-06
vn 0.100000001 7.4860786e-12 -1.14873001e-05
vn 0.0999999866 -6.79317964e-05 -4.14051419e-06
vn 0.100000001 -1.89109176e-06 -1.25662018e-05
vn -0.0594328828 0.0644288212 0.0481317006
vn 0 -0.00511802314 0.0998689458
vn -0.0997883677 -0.00650243694 -4.23752766e-09
vn -0.0997913033 -0.00645751879 1.14673921e-05
vn -0.0997919962 -0.00644655246 2.87629882e-06
vn -0.0997912809 -0.00645777537 -1.45817094e-05
vn -0.0997904465 -0.00647034589 -2.25827171e-05
vn -0.0997917205 -0.00645088498 -4.20393187e-09
vn -0.0997923017 -0.00644192053 -8.85299778e-06
vn -0.099791348 -0.00645665545 7.57727275e-06
vn -0.0997902304 -0.00647386909 -3.92375932e-06
vn -1.91751994e-07 -6.5168301e-08 0.100000001
vn 2.61893007e-07 -6.5168301e-08 0.100000001
vn -2.34696003e-07 -6.5168301e-08 0.100000001
vn 4.75305995e-07 -6.5168301e-08 0.100000001
vn 2.72409011e-07 -6.5168301e-08 0.100000001
vn 0 -6.5168301e-08 0.100000001
vn -3.68932007e-07 -6.5168301e-08 0.100000001
vn 2.52279023e-07 -6.5168301e-08 0.100000001
vn 2.74177012e-07 -6.5168301e-08 0.100000001
vn -3.8123801e-08 -6.5168301e-08 0.100000001
vn -0.01306831 -0.0919481739 0.0370776802
vn 0.00619540829 -0.0164864473 -0.0984368622
vn 0.00121769903 -0.0137486858 -0.0990428701
vn -0.100000001 -9.70007292e-08 3.08777016e-05
vn -0.0999998301 0.00018341541 1.11131194e-05
vn -0.100000001 -2.00834366e-11 3.08177987e-05
vn -0.0999999717 -8.49666103e-05 1.16422443e-05
vn -0.100000001 -4.29641159e-06 3.27315975e-05
vn 0.0375259779 -0.0899573788 0.0223488919
vn 0.0806216896 -0.0293805432 0.0513510332
vn 4.96351004e-06 0.0785756186 0.0618536398
vn 0 0.0526486151 0.0850183815
vn -4.96335997e-06 0.078575775 0.061853461
vn -1.12982998e-05 0.0785703659 0.061860323
vn 1.24301005e-05 0.0785715356 0.0618588328
vn 0.0516873412 0.0340943076 0.0785238743
vn -0.0516893379 0.0340938903 0.0785227418
vn 0.0675243959 -0.0656078011 0.0337057002
vn 0.100000001 1.90498994e-08 1.2414496e-14
vn -0.00182500412 0.0966369659 0.0256509036
vn 0 0.0668315366 0.0743878186
vn 0.00182502193 0.0966377184 0.0256480519
vn -0.00210795901 0.0971002355 0.023813935
vn 0.00210796506 0.0971004739 0.0238129646
vn -0.0115523506 -0.0195181742 0.0973939672
vn -0.00527065946 -0.012290135 0.099101834
vn 0.00614952436 -0.0124333948 0.0990333036
vn -0.00422689272 -0.0217630956 -0.0975115597
vn 0.00262767612 -0.000378364668 -0.0999647602
vn 0 0.00640412606 0.0997947305
vn 0 0.00566991 0.0998391286
vn 0 -0.00752862683 -0.0997162014
vn 0 -0.00613174355 -0.0998118371
vn 0 -0.00560172787 -0.0998429805
vn 0 -0.00876622181 -0.0996150374
vn 0 0.00709031802 0.0997483283
vn 0 0.0059216856 0.0998245254
vn 0 -0.00670805015 -0.099774763
vn 0 -0.00569161167 -0.0998378918
vn -9.03403986e-07 -6.5168301e-08 0.100000001
vn 3.21016017e-07 -6.5168301e-08 0.100000001
vn -4.01271016e-08 -6.5168301e-08 0.100000001
vn -3.2101201e-07 -6.5168301e-08 0.100000001
vn 3.21019996e-07 -6.5168301e-08 0.100000001
vn 1.20384001e-07 -6.5168301e-08 0.100000001
vn -3.88899991e-07 -6.5168301e-08 0.100000001
vn 3.21016017e-07 -6.5168301e-08 0.100000001
vn -8.02533009e-08 -6.5168301e-08 0.100000001
vn 4.51711998e-07 -6.5168301e-08 0.100000001
vn 3.21014994e-07 -6.5168301e-08 0.100000001
vn -4.51719018e-07 -6.5168301e-08 0.100000001
vn -3.21013999e-07 -6.5168301e-08 0.100000001
vn -2.25861001e-07 -6.5168301e-08 0.100000001
vn 3.21017012e-07 -6.5168301e-08 0.100000001
vn -2.25855999e-07 -6.5168301e-08 0.100000001
vn 1.12927999e-07 -6.5168301e-08 0.100000001
vn 4.51711998e-07 -6.5168301e-08 0.100000001
vn -3.21014994e-07 -6.5168301e-08 0.100000001
vn 4.51690994e-07 -6.5168301e-08 0.100000001
vn -2.25859011e-07 -6.5168301e-08 0.100000001
vn 4.51710008e-07 -6.5168301e-08 0.100000001
vn -1.12933002e-07 -6.5168301e-08 0.100000001
vn 1.12930003e-07 -6.5168301e-08 0.100000001
vn -5.64639997e-08 -6.5168301e-08 0.100000001
vn 0 -0.00508149853 0.0998708159
vn -0.00100406399 -0.0140936347 0.0989967957
vn 0.099792704 0.00643581664 -9.35857588e-06
vn 0.0997912511 0.00645812694 2.70787859e-06
vn 0.0997915789 0.00645303121 1.08073054e-05
vn 0.099792324 0.00644163415 -1.93139226e-06
vn 0.0997917503 0.00645044958 4.20364854e-09
vn 0.0997923613 0.0064410679 -7.18449246e-06
vn 0.0997923389 0.00644135429 4.19772084e-09
vn 7.02519003e-08 -0.100000001 -8.50277999e-08
vn 0 -0.100000001 -1.20322397e-07
vn 7.56706982e-08 -0.100000001 -6.5168301e-08
vn -1.90025006e-07 6.5168301e-08 -0.100000001
vn -9.35528021e-07 6.5168301e-08 -0.100000001
vn 3.01223025e-07 6.5168301e-08 -0.100000001
vn 1.63883001e-07 6.5168301e-08 -0.100000001
vn -1.23518006e-07 -7.92447068e-08 -0.100000001
vn -1.03134006e-07 6.5168301e-08 -0.100000001
vn 0 -3.75227671e-07 -0.100000001
vn 0 -3.10005703e-07 -0.100000001
vn 4.89628995e-08 6.5168301e-08 -0.100000001
vn 0 6.5168301e-08 -0.100000001
vn -1.64064011e-06 1.12368821e-06 -0.100000001
vn -2.95760003e-07 6.5168301e-08 -0.100000001
vn -2.05765014e-06 -6.29636702e-07 -0.100000001
vn 4.91457001e-07 -7.10726979e-08 -0.100000001
vn 4.55135989e-07 -5.23247081e-08 -0.100000001
vn -4.83817018e-07 6.5168301e-08 -0.100000001
vn -3.50237002e-07 -1.27608004e-08 -0.100000001
vn -7.05782028e-08 -6.5168301e-08 0.100000001
vn -8.30649967e-08 -6.5168301e-08 0.100000001
vn 0 -6.5168301e-08 0.100000001
vn 1.04036999e-07 -6.5168301e-08 0.100000001
vn 1.08221002e-07 -6.5168301e-08 0.100000001
vn 0.100000001 9.18467009e-08 5.98549327e-14
vn -3.2622502e-08 0.100000001 6.5168301e-08
vn 1.19613006e-07 -0.100000001 -6.5168301e-08
vn -0.100000001 -1.10666001e-07 -7.21191498e-14
vn -3.79551011e-07 6.5168301e-08 -0.100000001
vn 1.89776003e-07 6.5168301e-08 -0.100000001
vn -2.22902017e-07 6.5168301e-08 -0.100000001
vn 0 6.5168301e-08 -0.100000001
vn -3.34326018e-07 6.5168301e-08 -0.100000001
vn 1.11451008e-07 6.5168301e-08 -0.100000001
vn -1.49016998e-07 6.5168301e-08 -0.100000001
vn -4.45956999e-07 6.5168301e-08 -0.100000001
vn -8.91987042e-07 6.5168301e-08 -0.100000001
vn 3.10985001e-07 6.5168301e-08 -0.100000001
vn 0.100000001 9.29554957e-08 6.05775196e-14
vn -0.100000001 -9.29554957e-08 -6.05775196e-14
vn 1.33531003e-07 -6.5168301e-08 0.100000001
vn -8.35444993e-08 0.100000001 6.5168301e-08
vn 9.03431044e-07 -6.5168301e-08 0.100000001
vn 3.38787999e-07 -6.5168301e-08 0.100000001
vn -6.60731061e-08 0.100000001 3.2413569e-05
vn 9.3649497e-08 -0.100000001 -8.01677834e-06
vn -0.000659215439 0.0097234305 0.0995239764
vn -1.08434996e-07 0.100000001 6.95489799e-09
vn 0 0.0142065855 0.0989857316
vn 2.00476009e-07 6.5168301e-08 -0.100000001
vn 0 0.0707093254 -0.0707120448
vn -0.0819446221 0.0249710139 -0.0515899919
vn -0.0904468223 -0.0329729728 -0.0270583816
vn -0.0705505535 -0.00457112864 -0.070722878
f 115/1/11 114/2/12 110/3/13
f 104/4/14 123/5/15 100/6/16
f 112/7/17 129/8/18 108/9/19
f 172/10/20 152/11/21 153/12/22
f 498/13/23 492/14/23 496/15/23
f 97/16/24 136/17/25 137/18/26
f 485/19/27 487/20/28 488/21/29
f 497/22/30 506/23/31 498/24/32
f 570/25/33 556/26/33 555/27/33
f 274/28/34 276/29/34 271/30/34
f 108/31/19 126/32/35 104/33/14
f 97/34/24 53/35/36 56/36/37
f 150/37/38 151/38/39 180/39/40
f 86/40/41 111/41/42 107/42/43
f 114/43/12 108/44/19 110/45/13
f 500/46/44 487/47/44 494/48/44
f 120/49/45 138/50/46 95/51/47
f 115/52/11 118/53/48 114/54/12
f 77/55/49 26/56/50 15/57/51
f 81/58/52 78/59/52 6/60/52
f 100/61/16 66/62/53 37/63/54
f 125/64/55 127/65/56 124/66/57
f 490/67/58 491/68/59 502/69/60
f 131/70/61 7/71/62 49/72/63
f 13/73/64 101/74/65 14/75/66
f 12/76/67 105/77/68 20/78/69
f 11/79/70 109/80/71 19/81/72
f 10/82/73 113/83/74 18/84/75
f 17/85/76 89/86/77 117/87/78
f 16/88/79 91/89/80 121/90/81
f 9/91/82 121/92/82 89/93/82
f 10/94/73 117/95/78 88/96/83
f 18/97/75 87/98/84 11/99/70
f 19/100/72 86/101/41 12/102/67
f 20/103/69 85/104/85 13/105/64
f 130/106/86 133/107/87 127/108/56
f 8/109/88 99/110/89 91/111/80
f 29/112/90 28/113/91 25/114/92
f 30/115/93 32/116/94 28/117/91
f 26/118/50 33/119/95 31/120/96
f 31/121/96 36/122/97 35/123/98
f 35/124/98 34/125/99 27/126/100
f 36/127/97 29/128/90 34/129/99
f 30/130/93 36/131/97 33/132/95
f 41/133/101 40/134/102 37/135/54
f 42/136/103 44/137/104 40/138/102
f 38/139/105 45/140/106 43/141/107
f 43/142/107 48/143/108 47/144/109
f 47/145/109 46/146/110 39/147/111
f 48/148/108 41/149/101 46/150/110
f 42/151/103 48/152/108 45/153/106
f 57/154/112 56/155/37 53/156/36
f 58/157/113 60/158/114 56/159/37
f 54/160/115 61/161/116 59/162/117
f 59/163/117 64/164/118 63/165/119
f 63/166/119 62/167/120 55/168/121
f 62/169/120 58/170/113 57/171/112
f 58/172/113 64/173/118 61/174/116
f 65/175/122 70/176/123 68/177/124
f 68/178/124 73/179/125 72/180/126
f 72/181/126 71/182/127 66/183/53
f 71/184/127 76/185/128 75/186/129
f 75/187/129 74/188/130 67/189/131
f 76/190/128 69/191/132 74/192/130
f 70/193/123 76/194/128 73/195/125
f 21/196/133 47/197/109 39/198/111
f 24/199/134 47/200/109 23/201/135
f 22/202/136 43/203/107 24/204/134
f 98/205/137 56/206/37 60/207/114
f 46/208/110 67/209/131 39/210/111
f 41/211/101 75/212/129 46/213/110
f 37/214/54 71/215/127 41/216/101
f 106/217/138 100/218/16 102/219/139
f 94/220/140 27/221/100 92/222/141
f 29/223/142 141/224/142 140/225/142
f 57/226/112 29/227/90 62/228/120
f 53/229/36 34/230/99 57/231/112
f 74/232/130 50/233/143 67/234/131
f 74/235/130 51/236/144 52/237/145
f 69/238/132 49/239/63 51/240/144
f 28/241/91 78/242/146 25/243/92
f 32/244/94 80/245/147 28/246/91
f 26/247/50 79/248/148 32/249/94
f 54/250/115 84/251/149 82/252/150
f 59/253/117 83/254/151 84/255/149
f 63/256/119 81/257/152 83/258/151
f 123/259/15 128/260/153 125/261/55
f 129/262/18 134/263/154 130/264/86
f 135/265/155 134/266/154 132/267/156
f 137/268/26 133/269/87 134/270/154
f 192/271/157 189/272/158 185/273/159
f 107/274/43 102/275/139 103/276/160
f 169/277/161 192/278/157 170/279/162
f 110/280/13 104/281/14 106/282/138
f 173/283/163 158/284/164 50/285/143
f 53/286/36 92/287/141 27/288/100
f 114/289/12 116/290/165 112/291/17
f 119/292/166 94/293/140 118/294/48
f 94/295/140 120/296/45 118/297/48
f 37/298/54 102/299/139 100/300/16
f 40/301/102 103/302/160 102/303/139
f 44/304/104 101/305/65 103/306/160
f 68/307/124 122/308/167 65/309/122
f 72/310/126 124/311/57 68/312/124
f 66/313/53 125/314/55 72/315/126
f 14/316/66 38/317/105 22/318/136
f 166/319/168 154/320/169 195/321/170
f 174/322/171 172/323/20 158/324/164
f 180/325/40 152/326/21 178/327/172
f 138/328/46 137/329/26 95/330/47
f 126/331/35 130/332/86 128/333/153
f 175/334/173 173/335/163 168/336/174
f 136/337/25 54/338/115 131/339/61
f 176/340/175 174/341/171 173/342/163
f 131/343/61 122/344/167 127/345/56
f 93/346/176 35/347/98 94/348/140
f 159/349/177 157/350/178 143/351/179
f 184/352/180 156/353/181 157/354/178
f 191/355/182 156/356/181 188/357/183
f 195/358/170 155/359/184 191/360/182
f 147/361/185 181/362/186 162/363/187
f 162/364/187 182/365/188 161/366/189
f 161/367/189 183/368/190 160/369/191
f 160/370/191 184/371/180 159/372/177
f 171/373/192 185/374/159 181/375/186
f 181/376/186 186/377/193 182/378/188
f 186/379/193 183/380/190 182/381/188
f 187/382/194 184/383/180 183/384/190
f 149/385/195 176/386/175 179/387/196
f 186/388/193 190/389/197 187/390/194
f 190/391/197 188/392/183 187/393/194
f 193/394/198 190/395/197 189/396/158
f 190/397/197 195/398/170 191/399/182
f 192/400/157 164/401/199 193/402/198
f 193/403/198 165/404/200 194/405/201
f 165/406/200 195/407/170 194/408/201
f 87/409/202 200/410/202 11/411/202
f 89/412/203 198/413/203 9/414/203
f 15/415/1 196/416/1 6/417/1
f 20/418/204 219/419/204 105/420/204
f 8/421/1 204/422/1 15/423/1
f 18/424/205 221/425/205 113/426/205
f 16/427/1 197/428/1 8/429/1
f 22/430/1 203/431/1 14/432/1
f 16/433/206 223/434/206 121/435/206
f 9/436/1 205/437/1 16/438/1
f 17/439/1 198/440/1 9/441/1
f 14/442/207 218/443/207 101/444/207
f 86/445/208 201/446/208 12/447/208
f 10/448/1 206/449/1 17/450/1
f 88/451/209 199/452/209 10/453/209
f 18/454/1 199/455/1 10/456/1
f 91/457/210 197/458/210 8/459/210
f 11/460/1 207/461/1 18/462/1
f 19/463/1 200/464/1 11/465/1
f 19/466/211 220/467/211 109/468/211
f 12/469/1 208/470/1 19/471/1
f 17/472/212 222/473/212 117/474/212
f 20/475/1 201/476/1 12/477/1
f 14/478/1 202/479/1 13/480/1
f 85/481/213 202/482/213 13/483/213
f 13/484/1 209/485/1 20/486/1
f 15/487/214 217/488/214 99/489/214
f 403/490/6 437/491/6 405/492/6
f 509/493/215 499/494/216 489/495/217
f 121/496/81 93/497/176 119/498/166
f 531/499/218 528/500/218 539/501/218
f 116/502/165 132/503/156 112/504/17
f 225/505/219 226/506/219 5/507/219
f 231/508/220 235/509/220 253/510/220
f 259/511/221 258/512/221 260/513/221
f 309/514/222 258/515/223 300/516/224
f 305/517/225 237/518/226 306/519/227
f 311/520/228 276/521/229 310/522/230
f 300/523/224 257/524/231 301/525/232
f 314/526/233 260/527/234 309/528/222
f 317/529/235 281/530/236 280/531/237
f 286/532/238 251/533/239 288/534/240
f 287/535/241 251/536/239 250/537/242
f 319/538/243 265/539/244 321/540/245
f 304/541/246 266/542/247 319/543/243
f 318/544/248 282/545/249 281/546/236
f 326/547/250 277/548/251 316/549/252
f 317/550/235 278/551/253 326/552/250
f 324/553/254 283/554/255 282/555/249
f 274/556/256 253/557/256 279/558/256
f 329/559/4 328/560/4 321/561/4
f 279/562/257 246/563/257 259/564/257
f 316/565/252 261/566/258 314/567/233
f 329/568/259 262/569/260 307/570/261
f 301/571/232 269/572/262 302/573/263
f 303/574/264 267/575/265 304/576/246
f 303/577/264 269/578/262 268/579/266
f 321/580/245 263/581/267 329/582/259
f 307/583/261 270/584/268 308/585/269
f 264/586/270 231/587/270 274/588/270
f 308/589/269 271/590/271 311/591/228
f 291/592/272 235/593/273 234/594/274
f 322/595/275 256/596/276 255/597/277
f 259/598/278 240/599/278 264/600/278
f 290/601/279 235/602/273 292/603/280
f 327/604/281 252/605/282 289/606/283
f 331/607/284 229/608/285 305/609/225
f 332/610/286 230/611/287 331/612/284
f 293/613/288 234/614/274 233/615/289
f 327/616/281 255/617/277 254/618/290
f 299/619/291 250/620/242 249/621/292
f 289/622/283 236/623/293 290/624/279
f 312/625/294 247/626/295 313/627/296
f 332/628/286 233/629/289 232/630/297
f 313/631/296 245/632/298 315/633/299
f 315/634/299 244/635/261 325/636/300
f 323/637/301 244/638/261 256/639/276
f 296/640/302 284/641/303 297/642/304
f 310/643/230 275/644/305 294/645/306
f 294/646/306 273/647/307 295/648/308
f 322/649/4 318/650/4 317/651/4
f 320/652/309 243/653/310 242/654/311
f 295/655/308 272/656/312 296/657/302
f 298/658/313 284/659/303 283/660/255
f 328/661/314 238/662/315 243/663/310
f 299/664/291 248/665/316 312/666/294
f 320/667/309 239/668/317 285/669/318
f 285/670/318 241/671/319 286/672/238
f 330/673/320 237/674/226 238/675/315
f 336/676/4 334/677/4 335/678/4
f 340/679/6 338/680/6 339/681/6
f 334/682/321 337/683/321 340/684/321
f 335/685/1 340/686/1 339/687/1
f 336/688/322 339/689/322 338/690/322
f 338/691/2 333/692/2 336/693/2
f 344/694/4 342/695/4 343/696/4
f 348/697/6 346/698/6 347/699/6
f 342/700/321 345/701/321 348/702/321
f 343/703/1 348/704/1 347/705/1
f 344/706/5 347/707/5 346/708/5
f 346/709/2 341/710/2 344/711/2
f 351/712/323 349/713/323 350/714/323
f 355/715/324 353/716/324 354/717/324
f 356/718/325 349/719/325 353/720/325
f 351/721/3 356/722/3 355/723/3
f 352/724/1 355/725/1 354/726/1
f 354/727/5 349/728/5 352/729/5
f 360/730/326 358/731/327 359/732/328
f 362/733/329 359/734/328 361/735/330
f 364/736/331 361/737/330 363/738/332
f 366/739/7 363/740/332 365/741/333
f 368/742/334 365/743/333 367/744/335
f 370/745/336 367/746/335 369/747/337
f 372/748/338 369/749/337 371/750/339
f 374/751/2 371/752/339 373/753/340
f 376/754/341 373/755/340 375/756/342
f 378/757/343 375/758/342 377/759/344
f 380/760/345 377/761/344 379/762/346
f 382/763/8 379/764/346 381/765/347
f 384/766/348 381/767/347 383/768/349
f 386/769/350 383/770/349 385/771/351
f 388/772/352 385/773/351 387/774/353
f 389/775/354 388/776/352 387/777/353
f 391/778/355 390/779/3 389/780/354
f 393/781/356 392/782/357 391/783/355
f 395/784/358 394/785/359 393/786/356
f 397/787/360 396/788/361 395/789/358
f 399/790/362 398/791/9 397/792/360
f 401/793/363 400/794/364 399/795/362
f 403/796/365 402/797/366 401/798/363
f 405/799/367 404/800/368 403/801/365
f 407/802/369 406/803/1 405/804/367
f 409/805/370 408/806/371 407/807/369
f 411/808/372 410/809/373 409/810/370
f 413/811/374 412/812/375 411/813/372
f 415/814/376 414/815/10 413/816/374
f 417/817/377 416/818/378 415/819/376
f 419/820/379 418/821/380 417/822/377
f 420/823/381 358/824/327 357/825/5
f 467/826/382 375/827/382 373/828/382
f 424/829/352 422/830/383 421/831/384
f 421/832/384 426/833/350 424/834/352
f 425/835/385 428/836/348 426/837/350
f 427/838/386 430/839/8 428/840/348
f 429/841/387 432/842/345 430/843/8
f 431/844/388 434/845/343 432/846/345
f 433/847/389 436/848/341 434/849/343
f 435/850/390 438/851/2 436/852/341
f 437/853/391 440/854/338 438/855/2
f 439/856/392 442/857/336 440/858/338
f 441/859/393 444/860/334 442/861/336
f 443/862/394 446/863/7 444/864/334
f 445/865/395 448/866/331 446/867/7
f 447/868/396 450/869/329 448/870/331
f 449/871/397 452/872/326 450/873/329
f 451/874/398 454/875/5 452/876/326
f 455/877/399 454/878/5 453/879/400
f 457/880/401 456/881/381 455/882/399
f 459/883/402 458/884/380 457/885/401
f 461/886/403 460/887/378 459/888/402
f 463/889/404 462/890/10 461/891/403
f 465/892/405 464/893/375 463/894/404
f 467/895/406 466/896/373 465/897/405
f 469/898/407 468/899/371 467/900/406
f 471/901/408 470/902/1 469/903/407
f 473/904/409 472/905/368 471/906/408
f 475/907/410 474/908/366 473/909/409
f 477/910/411 476/911/364 475/912/410
f 479/913/412 478/914/9 477/915/411
f 481/916/413 480/917/361 479/918/412
f 483/919/414 482/920/359 481/921/413
f 422/922/383 484/923/357 483/924/414
f 486/925/415 493/926/415 494/927/415
f 496/928/416 490/929/416 495/930/416
f 505/931/417 500/932/418 499/933/216
f 510/934/419 512/935/420 492/936/421
f 2/937/2 1/938/2 3/939/2
f 504/940/422 497/941/30 488/942/29
f 246/943/423 251/944/423 240/945/423
f 517/946/424 518/947/424 519/948/424
f 517/949/425 515/950/425 516/951/425
f 519/952/426 514/953/426 513/954/426
f 521/955/427 523/956/428 524/957/429
f 521/958/427 525/959/430 522/960/431
f 525/961/430 526/962/432 527/963/433
f 533/964/434 566/965/435 529/966/436
f 557/967/437 535/968/438 567/969/439
f 559/970/440 541/971/441 547/972/442
f 543/973/443 540/974/444 536/975/445
f 536/976/445 538/977/446 535/978/438
f 540/979/444 542/980/447 539/981/448
f 543/982/443 545/983/449 546/984/450
f 548/985/451 550/986/452 547/987/442
f 555/988/453 557/989/437 554/990/454
f 559/991/440 561/992/455 558/993/456
f 562/994/457 564/995/458 565/996/459
f 567/997/439 569/998/460 566/999/435
f 536/1000/445 544/1001/461 543/1002/443
f 540/1003/444 547/1004/442 541/1005/441
f 533/1006/434 555/1007/453 554/1008/454
f 547/1009/442 560/1010/462 559/1011/440
f 563/1012/463 541/1013/441 564/1014/458
f 535/1015/438 568/1016/464 567/1017/439
f 534/1018/465 552/1019/465 532/1020/465
f 549/1021/466 543/1022/443 546/1023/450
f 536/1024/445 539/1025/448 537/1026/467
f 544/1027/461 556/1028/468 545/1029/449
f 562/1030/457 530/1031/469 531/1032/470
f 566/1033/435 528/1034/471 529/1035/436
f 559/1036/440 565/1037/459 564/1038/458
f 557/1039/437 566/1040/435 554/1041/454
f 106/1042/138 107/1043/43 111/1044/42
f 111/1045/42 115/1046/11 110/1047/13
f 110/1048/13 106/1049/138 111/1050/42
f 104/1051/14 126/1052/35 123/1053/15
f 112/1054/17 132/1055/156 129/1056/18
f 172/1057/20 178/1058/172 152/1059/21
f 496/1060/472 493/1061/472 497/1062/472
f 485/1063/473 488/1064/473 493/1065/473
f 497/1066/474 498/1067/474 496/1068/474
f 492/1069/475 491/1070/475 496/1071/475
f 493/1072/476 488/1073/476 497/1074/476
f 97/1075/24 98/1076/137 136/1077/25
f 485/1078/27 486/1079/477 487/1080/28
f 508/1081/478 498/1082/32 506/1083/31
f 497/1084/30 504/1085/422 506/1086/31
f 552/1087/479 551/1088/479 570/1089/479
f 570/1090/480 561/1091/480 549/1092/480
f 560/1093/481 550/1094/481 549/1095/481
f 549/1096/482 546/1097/482 570/1098/482
f 545/1099/483 556/1100/483 570/1101/483
f 555/1102/484 532/1103/484 552/1104/484
f 561/1105/485 560/1106/485 549/1107/485
f 555/1108/486 552/1109/486 570/1110/486
f 546/1111/487 545/1112/487 570/1113/487
f 279/1114/488 280/1115/488 281/1116/488
f 279/1117/489 281/1118/489 282/1119/489
f 266/1120/6 267/1121/6 264/1122/6
f 265/1123/6 266/1124/6 264/1125/6
f 279/1126/490 282/1127/490 283/1128/490
f 279/1129/491 283/1130/491 284/1131/491
f 265/1132/6 264/1133/6 263/1134/6
f 263/1135/492 264/1136/492 262/1137/492
f 274/1138/6 279/1139/6 272/1140/6
f 279/1141/6 284/1142/6 272/1143/6
f 262/1144/493 264/1145/493 274/1146/493
f 270/1147/6 262/1148/6 274/1149/6
f 274/1150/494 272/1151/494 273/1152/494
f 274/1153/495 273/1154/495 275/1155/495
f 271/1156/496 270/1157/496 274/1158/496
f 274/1159/497 275/1160/497 276/1161/497
f 108/1162/19 129/1163/18 126/1164/35
f 97/1165/24 96/1166/498 53/1167/36
f 178/1168/172 177/1169/499 180/1170/40
f 149/1171/195 150/1172/38 180/1173/40
f 144/1174/500 151/1175/39 150/1176/38
f 180/1177/40 177/1178/499 149/1179/195
f 87/1180/84 113/1181/74 115/1182/11
f 107/1183/43 103/1184/160 85/1185/85
f 103/1186/160 101/1187/65 85/1188/85
f 87/1189/84 115/1190/11 111/1191/42
f 109/1192/71 87/1193/84 111/1194/42
f 107/1195/43 85/1196/85 105/1197/68
f 86/1198/41 109/1199/71 111/1200/42
f 107/1201/43 105/1202/68 86/1203/41
f 114/1204/12 112/1205/17 108/1206/19
f 494/1207/501 495/1208/501 500/1209/501
f 490/1210/502 489/1211/502 495/1212/502
f 499/1213/503 500/1214/503 495/1215/503
f 487/1216/504 486/1217/504 494/1218/504
f 495/1219/505 489/1220/505 499/1221/505
f 135/1222/155 116/1223/165 90/1224/506
f 90/1225/506 120/1226/45 95/1227/47
f 92/1228/141 96/1229/498 138/1230/46
f 95/1231/47 135/1232/155 90/1233/506
f 92/1234/141 138/1235/46 120/1236/45
f 115/1237/11 119/1238/166 118/1239/48
f 99/1240/89 15/1241/51 26/1242/50
f 6/1243/507 77/1244/49 15/1245/51
f 79/1246/508 77/1247/508 78/1248/508
f 6/1249/509 7/1250/509 81/1251/509
f 82/1252/510 84/1253/510 81/1254/510
f 83/1255/511 81/1256/511 84/1257/511
f 78/1258/512 80/1259/512 79/1260/512
f 77/1261/513 6/1262/513 78/1263/513
f 82/1264/514 81/1265/514 7/1266/514
f 100/1267/16 123/1268/15 66/1269/53
f 125/1270/55 128/1271/153 127/1272/56
f 492/1273/421 502/1274/60 491/1275/59
f 489/1276/217 490/1277/58 502/1278/60
f 65/1279/122 122/1280/167 49/1281/63
f 131/1282/61 54/1283/115 82/1284/150
f 82/1285/150 7/1286/62 131/1287/61
f 49/1288/63 122/1289/167 131/1290/61
f 13/1291/64 85/1292/85 101/1293/65
f 12/1294/67 86/1295/41 105/1296/68
f 11/1297/70 87/1298/84 109/1299/71
f 10/1300/73 88/1301/83 113/1302/74
f 17/1303/76 9/1304/515 89/1305/77
f 16/1306/79 8/1307/88 91/1308/80
f 9/1309/516 16/1310/516 121/1311/516
f 10/1312/73 17/1313/76 117/1314/78
f 18/1315/75 113/1316/74 87/1317/84
f 19/1318/72 109/1319/71 86/1320/41
f 20/1321/69 105/1322/68 85/1323/85
f 127/1324/56 128/1325/153 130/1326/86
f 130/1327/86 134/1328/154 133/1329/87
f 8/1330/88 15/1331/51 99/1332/89
f 29/1333/90 30/1334/93 28/1335/91
f 30/1336/93 33/1337/95 32/1338/94
f 26/1339/50 32/1340/94 33/1341/95
f 31/1342/96 33/1343/95 36/1344/97
f 35/1345/98 36/1346/97 34/1347/99
f 36/1348/97 30/1349/93 29/1350/90
f 41/1351/101 42/1352/103 40/1353/102
f 42/1354/103 45/1355/106 44/1356/104
f 38/1357/105 44/1358/104 45/1359/106
f 43/1360/107 45/1361/106 48/1362/108
f 47/1363/109 48/1364/108 46/1365/110
f 48/1366/108 42/1367/103 41/1368/101
f 57/1369/112 58/1370/113 56/1371/37
f 58/1372/113 61/1373/116 60/1374/114
f 54/1375/115 60/1376/114 61/1377/116
f 59/1378/117 61/1379/116 64/1380/118
f 63/1381/119 64/1382/118 62/1383/120
f 62/1384/120 64/1385/118 58/1386/113
f 65/1387/122 69/1388/132 70/1389/123
f 68/1390/124 70/1391/123 73/1392/125
f 72/1393/126 73/1394/125 71/1395/127
f 71/1396/127 73/1397/125 76/1398/128
f 75/1399/129 76/1400/128 74/1401/130
f 76/1402/128 70/1403/123 69/1404/132
f 21/1405/133 23/1406/135 47/1407/109
f 24/1408/134 43/1409/107 47/1410/109
f 22/1411/136 38/1412/105 43/1413/107
f 98/1414/137 97/1415/24 56/1416/37
f 46/1417/110 75/1418/129 67/1419/131
f 41/1420/101 71/1421/127 75/1422/129
f 37/1423/54 66/1424/53 71/1425/127
f 106/1426/138 104/1427/14 100/1428/16
f 94/1429/140 35/1430/98 27/1431/100
f 139/1432/517 55/1433/121 62/1434/120
f 62/1435/518 29/1436/518 140/1437/518
f 25/1438/92 142/1439/519 29/1440/90
f 140/1441/520 139/1442/520 62/1443/520
f 142/1444/521 141/1445/521 29/1446/521
f 57/1447/112 34/1448/99 29/1449/90
f 53/1450/36 27/1451/100 34/1452/99
f 74/1453/130 52/1454/145 50/1455/143
f 74/1456/130 69/1457/132 51/1458/144
f 69/1459/132 65/1460/122 49/1461/63
f 28/1462/91 80/1463/147 78/1464/146
f 32/1465/94 79/1466/148 80/1467/147
f 26/1468/50 77/1469/49 79/1470/148
f 54/1471/115 59/1472/117 84/1473/149
f 59/1474/117 63/1475/119 83/1476/151
f 63/1477/119 55/1478/121 81/1479/152
f 123/1480/15 126/1481/35 128/1482/153
f 129/1483/18 132/1484/156 134/1485/154
f 135/1486/155 137/1487/26 134/1488/154
f 137/1489/26 136/1490/25 133/1491/87
f 186/1492/193 185/1493/159 189/1494/158
f 192/1495/157 193/1496/198 189/1497/158
f 107/1498/43 106/1499/138 102/1500/139
f 169/1501/522 148/1502/522 163/1503/522
f 192/1504/157 185/1505/159 170/1506/162
f 169/1507/161 163/1508/523 192/1509/157
f 110/1510/13 108/1511/19 104/1512/14
f 50/1513/143 168/1514/174 173/1515/163
f 173/1516/163 174/1517/171 158/1518/164
f 53/1519/36 96/1520/498 92/1521/141
f 114/1522/12 118/1523/48 116/1524/165
f 119/1525/166 93/1526/176 94/1527/140
f 116/1528/165 118/1529/48 90/1530/506
f 94/1531/140 92/1532/141 120/1533/45
f 120/1534/45 90/1535/506 118/1536/48
f 37/1537/54 40/1538/102 102/1539/139
f 40/1540/102 44/1541/104 103/1542/160
f 44/1543/104 38/1544/105 101/1545/65
f 68/1546/124 124/1547/57 122/1548/167
f 72/1549/126 125/1550/55 124/1551/57
f 66/1552/53 123/1553/15 125/1554/55
f 14/1555/66 101/1556/65 38/1557/105
f 166/1558/168 145/1559/524 154/1560/169
f 146/1561/525 158/1562/164 172/1563/20
f 174/1564/171 177/1565/499 178/1566/172
f 172/1567/20 153/1568/22 146/1569/525
f 174/1570/171 178/1571/172 172/1572/20
f 180/1573/40 151/1574/39 152/1575/21
f 135/1576/155 95/1577/47 137/1578/26
f 138/1579/46 96/1580/498 97/1581/24
f 97/1582/24 137/1583/26 138/1584/46
f 126/1585/35 129/1586/18 130/1587/86
f 168/1588/174 167/1589/526 175/1590/173
f 175/1591/173 176/1592/175 173/1593/163
f 167/1594/526 179/1595/196 175/1596/173
f 131/1597/61 133/1598/87 136/1599/25
f 136/1600/25 98/1601/137 54/1602/115
f 60/1603/114 54/1604/115 98/1605/137
f 176/1606/175 177/1607/499 174/1608/171
f 124/1609/57 127/1610/56 122/1611/167
f 133/1612/87 131/1613/61 127/1614/56
f 93/1615/176 31/1616/96 35/1617/98
f 159/1618/177 184/1619/180 157/1620/178
f 184/1621/180 188/1622/183 156/1623/181
f 191/1624/182 155/1625/184 156/1626/181
f 195/1627/170 154/1628/169 155/1629/184
f 147/1630/185 171/1631/192 181/1632/186
f 162/1633/187 181/1634/186 182/1635/188
f 161/1636/189 182/1637/188 183/1638/190
f 160/1639/191 183/1640/190 184/1641/180
f 171/1642/192 170/1643/162 185/1644/159
f 181/1645/186 185/1646/159 186/1647/193
f 186/1648/193 187/1649/194 183/1650/190
f 187/1651/194 188/1652/183 184/1653/180
f 167/1654/526 21/1655/133 179/1656/196
f 149/1657/195 177/1658/499 176/1659/175
f 176/1660/175 175/1661/173 179/1662/196
f 179/1663/196 21/1664/133 149/1665/195
f 186/1666/193 189/1667/158 190/1668/197
f 190/1669/197 191/1670/182 188/1671/183
f 193/1672/198 194/1673/201 190/1674/197
f 190/1675/197 194/1676/201 195/1677/170
f 192/1678/157 163/1679/523 164/1680/199
f 193/1681/198 164/1682/199 165/1683/200
f 165/1684/200 166/1685/168 195/1686/170
f 87/1687/527 213/1688/527 200/1689/527
f 89/1690/528 215/1691/528 198/1692/528
f 15/1693/1 204/1694/1 196/1695/1
f 20/1696/529 209/1697/529 219/1698/529
f 8/1699/1 197/1700/1 204/1701/1
f 18/1702/530 207/1703/530 221/1704/530
f 16/1705/1 205/1706/1 197/1707/1
f 22/1708/1 210/1709/1 203/1710/1
f 16/1711/531 205/1712/531 223/1713/531
f 9/1714/1 198/1715/1 205/1716/1
f 17/1717/1 206/1718/1 198/1719/1
f 14/1720/532 203/1721/532 218/1722/532
f 86/1723/533 212/1724/533 201/1725/533
f 10/1726/1 199/1727/1 206/1728/1
f 88/1729/534 214/1730/534 199/1731/534
f 18/1732/1 207/1733/1 199/1734/1
f 91/1735/210 216/1736/210 197/1737/210
f 11/1738/1 200/1739/1 207/1740/1
f 19/1741/1 208/1742/1 200/1743/1
f 19/1744/535 208/1745/535 220/1746/535
f 12/1747/1 201/1748/1 208/1749/1
f 17/1750/212 206/1751/212 222/1752/212
f 20/1753/1 209/1754/1 201/1755/1
f 14/1756/1 203/1757/1 202/1758/1
f 85/1759/213 211/1760/213 202/1761/213
f 13/1762/1 202/1763/1 209/1764/1
f 15/1765/536 204/1766/536 217/1767/536
f 473/1768/537 471/1769/537 371/1770/537
f 371/1771/538 369/1772/538 473/1773/538
f 367/1774/6 365/1775/6 477/1776/6
f 363/1777/539 361/1778/539 479/1779/539
f 359/1780/540 358/1781/540 483/1782/540
f 419/1783/6 417/1784/6 425/1785/6
f 415/1786/6 413/1787/6 427/1788/6
f 411/1789/6 409/1790/6 431/1791/6
f 407/1792/6 405/1793/6 435/1794/6
f 403/1795/541 401/1796/541 439/1797/541
f 399/1798/6 397/1799/6 445/1800/6
f 395/1801/542 393/1802/542 447/1803/542
f 391/1804/543 389/1805/543 453/1806/543
f 387/1807/6 385/1808/6 457/1809/6
f 383/1810/6 381/1811/6 461/1812/6
f 379/1813/6 377/1814/6 463/1815/6
f 377/1816/6 465/1817/6 463/1818/6
f 385/1819/544 383/1820/544 459/1821/544
f 393/1822/545 391/1823/545 451/1824/545
f 401/1825/6 399/1826/6 441/1827/6
f 409/1828/546 433/1829/546 431/1830/546
f 417/1831/6 427/1832/6 425/1833/6
f 361/1834/6 481/1835/6 479/1836/6
f 369/1837/547 367/1838/547 473/1839/547
f 475/1840/548 473/1841/548 367/1842/548
f 477/1843/6 475/1844/6 367/1845/6
f 381/1846/549 379/1847/549 463/1848/549
f 381/1849/550 463/1850/550 461/1851/550
f 477/1852/6 365/1853/6 479/1854/6
f 479/1855/551 365/1856/551 363/1857/551
f 383/1858/552 461/1859/552 459/1860/552
f 385/1861/6 459/1862/6 457/1863/6
f 361/1864/6 359/1865/6 481/1866/6
f 481/1867/553 359/1868/553 483/1869/553
f 387/1870/6 457/1871/6 455/1872/6
f 387/1873/554 455/1874/554 453/1875/554
f 483/1876/6 358/1877/6 422/1878/6
f 422/1879/6 358/1880/6 419/1881/6
f 389/1882/555 387/1883/555 453/1884/555
f 391/1885/6 453/1886/6 451/1887/6
f 421/1888/556 422/1889/556 419/1890/556
f 425/1891/6 421/1892/6 419/1893/6
f 393/1894/557 451/1895/557 449/1896/557
f 393/1897/6 449/1898/6 447/1899/6
f 417/1900/6 415/1901/6 427/1902/6
f 427/1903/6 413/1904/6 429/1905/6
f 397/1906/549 395/1907/549 447/1908/549
f 397/1909/558 447/1910/558 445/1911/558
f 429/1912/6 413/1913/6 431/1914/6
f 431/1915/6 413/1916/6 411/1917/6
f 399/1918/6 445/1919/6 443/1920/6
f 399/1921/559 443/1922/559 441/1923/559
f 409/1924/6 407/1925/6 433/1926/6
f 433/1927/6 407/1928/6 435/1929/6
f 401/1930/560 441/1931/560 439/1932/560
f 403/1933/561 439/1934/561 437/1935/561
f 435/1936/6 405/1937/6 437/1938/6
f 509/1939/215 507/1940/562 499/1941/216
f 489/1942/217 502/1943/60 511/1944/563
f 511/1945/563 509/1946/215 489/1947/217
f 99/1948/89 26/1949/50 31/1950/96
f 115/1951/11 113/1952/74 88/1953/83
f 119/1954/166 115/1955/11 88/1956/83
f 99/1957/89 31/1958/96 93/1959/176
f 91/1960/80 99/1961/89 93/1962/176
f 119/1963/166 88/1964/83 117/1965/78
f 119/1966/166 117/1967/78 89/1968/77
f 121/1969/81 91/1970/80 93/1971/176
f 119/1972/166 89/1973/77 121/1974/81
f 568/1975/564 538/1976/564 537/1977/564
f 537/1978/565 539/1979/565 528/1980/565
f 542/1981/566 563/1982/566 539/1983/566
f 562/1984/567 539/1985/567 563/1986/567
f 528/1987/568 569/1988/568 537/1989/568
f 568/1990/569 537/1991/569 569/1992/569
f 562/1993/570 531/1994/570 539/1995/570
f 116/1996/165 135/1997/155 132/1998/156
f 228/1999/571 5/2000/571 226/2001/571
f 225/2002/572 224/2003/572 226/2004/572
f 226/2005/573 227/2006/573 228/2007/573
f 249/2008/4 250/2009/4 246/2010/4
f 240/2011/574 251/2012/574 241/2013/574
f 240/2014/575 241/2015/575 239/2016/575
f 248/2017/4 249/2018/4 246/2019/4
f 247/2020/4 248/2021/4 246/2022/4
f 240/2023/576 239/2024/576 242/2025/576
f 240/2026/577 242/2027/577 243/2028/577
f 247/2029/4 246/2030/4 245/2031/4
f 245/2032/578 246/2033/578 253/2034/578
f 231/2035/4 240/2036/4 237/2037/4
f 240/2038/579 243/2039/579 238/2040/579
f 244/2041/580 245/2042/580 253/2043/580
f 256/2044/581 244/2045/581 253/2046/581
f 240/2047/582 238/2048/582 237/2049/582
f 231/2050/583 237/2051/583 229/2052/583
f 255/2053/584 256/2054/584 253/2055/584
f 254/2056/4 255/2057/4 253/2058/4
f 231/2059/585 229/2060/585 230/2061/585
f 231/2062/586 230/2063/586 232/2064/586
f 252/2065/4 254/2066/4 253/2067/4
f 236/2068/4 252/2069/4 253/2070/4
f 231/2071/587 232/2072/587 233/2073/587
f 231/2074/588 233/2075/588 234/2076/588
f 236/2077/589 253/2078/589 235/2079/589
f 231/2080/590 234/2081/590 235/2082/590
f 278/2083/6 280/2084/6 279/2085/6
f 259/2086/591 264/2087/591 268/2088/591
f 264/2089/592 267/2090/592 268/2091/592
f 278/2092/6 279/2093/6 277/2094/6
f 277/2095/593 279/2096/593 259/2097/593
f 259/2098/6 268/2099/6 269/2100/6
f 259/2101/594 269/2102/594 257/2103/594
f 261/2104/6 277/2105/6 259/2106/6
f 260/2107/6 261/2108/6 259/2109/6
f 259/2110/595 257/2111/595 258/2112/595
f 309/2113/222 260/2114/234 258/2115/223
f 305/2116/225 229/2117/285 237/2118/226
f 311/2119/228 271/2120/271 276/2121/229
f 300/2122/224 258/2123/223 257/2124/231
f 314/2125/233 261/2126/258 260/2127/234
f 317/2128/235 318/2129/248 281/2130/236
f 286/2131/238 241/2132/319 251/2133/239
f 287/2134/241 288/2135/240 251/2136/239
f 319/2137/243 266/2138/247 265/2139/244
f 304/2140/246 267/2141/265 266/2142/247
f 318/2143/248 324/2144/254 282/2145/249
f 326/2146/250 278/2147/253 277/2148/251
f 317/2149/235 280/2150/237 278/2151/253
f 324/2152/254 298/2153/313 283/2154/255
f 274/2155/596 231/2156/596 253/2157/596
f 329/2158/4 330/2159/4 328/2160/4
f 279/2161/597 253/2162/597 246/2163/597
f 316/2164/252 277/2165/251 261/2166/258
f 329/2167/259 263/2168/267 262/2169/260
f 301/2170/232 257/2171/231 269/2172/262
f 303/2173/264 268/2174/266 267/2175/265
f 303/2176/264 302/2177/263 269/2178/262
f 321/2179/245 265/2180/244 263/2181/267
f 307/2182/261 262/2183/260 270/2184/268
f 264/2185/598 240/2186/598 231/2187/598
f 308/2188/269 270/2189/268 271/2190/271
f 291/2191/272 292/2192/280 235/2193/273
f 322/2194/275 323/2195/301 256/2196/276
f 259/2197/599 246/2198/599 240/2199/599
f 290/2200/279 236/2201/293 235/2202/273
f 327/2203/281 254/2204/290 252/2205/282
f 331/2206/284 230/2207/287 229/2208/285
f 332/2209/286 232/2210/297 230/2211/287
f 293/2212/288 291/2213/272 234/2214/274
f 327/2215/281 322/2216/275 255/2217/277
f 299/2218/291 287/2219/241 250/2220/242
f 289/2221/283 252/2222/282 236/2223/293
f 312/2224/294 248/2225/316 247/2226/295
f 332/2227/286 293/2228/288 233/2229/289
f 313/2230/296 247/2231/295 245/2232/298
f 315/2233/299 245/2234/298 244/2235/261
f 323/2236/301 325/2237/300 244/2238/261
f 296/2239/302 272/2240/312 284/2241/303
f 310/2242/230 276/2243/229 275/2244/305
f 294/2245/306 275/2246/305 273/2247/307
f 319/2248/4 321/2249/4 328/2250/4
f 328/2251/4 320/2252/4 319/2253/4
f 285/2254/4 286/2255/4 303/2256/4
f 288/2257/4 287/2258/4 302/2259/4
f 299/2260/4 312/2261/4 300/2262/4
f 313/2263/4 315/2264/4 316/2265/4
f 325/2266/4 323/2267/4 326/2268/4
f 322/2269/4 327/2270/4 324/2271/4
f 289/2272/4 290/2273/4 297/2274/4
f 292/2275/4 291/2276/4 296/2277/4
f 293/2278/4 332/2279/4 310/2280/4
f 331/2281/600 305/2282/600 308/2283/600
f 306/2284/601 330/2285/601 307/2286/601
f 330/2287/602 329/2288/602 307/2289/602
f 319/2290/4 320/2291/4 304/2292/4
f 304/2293/4 320/2294/4 285/2295/4
f 305/2296/4 306/2297/4 307/2298/4
f 305/2299/603 307/2300/603 308/2301/603
f 303/2302/604 304/2303/604 285/2304/604
f 302/2305/4 303/2306/4 286/2307/4
f 331/2308/605 308/2309/605 311/2310/605
f 331/2311/606 311/2312/606 332/2313/606
f 302/2314/4 286/2315/4 288/2316/4
f 301/2317/4 302/2318/4 287/2319/4
f 332/2320/607 311/2321/607 310/2322/607
f 293/2323/4 310/2324/4 294/2325/4
f 301/2326/4 287/2327/4 299/2328/4
f 300/2329/608 301/2330/608 299/2331/608
f 291/2332/4 293/2333/4 295/2334/4
f 293/2335/4 294/2336/4 295/2337/4
f 300/2338/4 312/2339/4 309/2340/4
f 309/2341/609 312/2342/609 314/2343/609
f 291/2344/4 295/2345/4 296/2346/4
f 292/2347/4 296/2348/4 297/2349/4
f 314/2350/4 312/2351/4 313/2352/4
f 316/2353/4 314/2354/4 313/2355/4
f 290/2356/4 292/2357/4 297/2358/4
f 289/2359/4 297/2360/4 298/2361/4
f 316/2362/4 315/2363/4 325/2364/4
f 326/2365/4 316/2366/4 325/2367/4
f 327/2368/4 289/2369/4 298/2370/4
f 327/2371/4 298/2372/4 324/2373/4
f 326/2374/4 323/2375/4 317/2376/4
f 317/2377/4 323/2378/4 322/2379/4
f 322/2380/4 324/2381/4 318/2382/4
f 320/2383/309 328/2384/314 243/2385/310
f 295/2386/308 273/2387/307 272/2388/312
f 298/2389/313 297/2390/304 284/2391/303
f 328/2392/314 330/2393/320 238/2394/315
f 299/2395/291 249/2396/292 248/2397/316
f 320/2398/309 242/2399/311 239/2400/317
f 285/2401/318 239/2402/317 241/2403/319
f 330/2404/320 306/2405/227 237/2406/226
f 336/2407/4 333/2408/4 334/2409/4
f 340/2410/6 337/2411/6 338/2412/6
f 334/2413/610 333/2414/610 337/2415/610
f 335/2416/1 334/2417/1 340/2418/1
f 336/2419/611 335/2420/611 339/2421/611
f 338/2422/2 337/2423/2 333/2424/2
f 344/2425/4 341/2426/4 342/2427/4
f 348/2428/6 345/2429/6 346/2430/6
f 342/2431/610 341/2432/610 345/2433/610
f 343/2434/1 342/2435/1 348/2436/1
f 344/2437/5 343/2438/5 347/2439/5
f 346/2440/2 345/2441/2 341/2442/2
f 351/2443/4 352/2444/4 349/2445/4
f 355/2446/612 356/2447/612 353/2448/612
f 356/2449/613 350/2450/613 349/2451/613
f 351/2452/3 350/2453/3 356/2454/3
f 352/2455/1 351/2456/1 355/2457/1
f 354/2458/5 353/2459/5 349/2460/5
f 360/2461/326 357/2462/5 358/2463/327
f 362/2464/329 360/2465/326 359/2466/328
f 364/2467/331 362/2468/329 361/2469/330
f 366/2470/7 364/2471/331 363/2472/332
f 368/2473/334 366/2474/7 365/2475/333
f 370/2476/336 368/2477/334 367/2478/335
f 372/2479/338 370/2480/336 369/2481/337
f 374/2482/2 372/2483/338 371/2484/339
f 376/2485/341 374/2486/2 373/2487/340
f 378/2488/343 376/2489/341 375/2490/342
f 380/2491/345 378/2492/343 377/2493/344
f 382/2494/8 380/2495/345 379/2496/346
f 384/2497/348 382/2498/8 381/2499/347
f 386/2500/350 384/2501/348 383/2502/349
f 388/2503/352 386/2504/350 385/2505/351
f 389/2506/354 390/2507/3 388/2508/352
f 391/2509/355 392/2510/357 390/2511/3
f 393/2512/356 394/2513/359 392/2514/357
f 395/2515/358 396/2516/361 394/2517/359
f 397/2518/360 398/2519/9 396/2520/361
f 399/2521/362 400/2522/364 398/2523/9
f 401/2524/363 402/2525/366 400/2526/364
f 403/2527/365 404/2528/368 402/2529/366
f 405/2530/367 406/2531/1 404/2532/368
f 407/2533/369 408/2534/371 406/2535/1
f 409/2536/370 410/2537/373 408/2538/371
f 411/2539/372 412/2540/375 410/2541/373
f 413/2542/374 414/2543/10 412/2544/375
f 415/2545/376 416/2546/378 414/2547/10
f 417/2548/377 418/2549/380 416/2550/378
f 419/2551/379 420/2552/381 418/2553/380
f 420/2554/381 419/2555/379 358/2556/327
f 467/2557/614 465/2558/614 375/2559/614
f 377/2560/6 375/2561/6 465/2562/6
f 373/2563/6 371/2564/6 469/2565/6
f 469/2566/6 467/2567/6 373/2568/6
f 371/2569/615 471/2570/615 469/2571/615
f 424/2572/352 423/2573/3 422/2574/383
f 421/2575/384 425/2576/385 426/2577/350
f 425/2578/385 427/2579/386 428/2580/348
f 427/2581/386 429/2582/387 430/2583/8
f 429/2584/387 431/2585/388 432/2586/345
f 431/2587/388 433/2588/389 434/2589/343
f 433/2590/389 435/2591/390 436/2592/341
f 435/2593/390 437/2594/391 438/2595/2
f 437/2596/391 439/2597/392 440/2598/338
f 439/2599/392 441/2600/393 442/2601/336
f 441/2602/393 443/2603/394 444/2604/334
f 443/2605/394 445/2606/395 446/2607/7
f 445/2608/395 447/2609/396 448/2610/331
f 447/2611/396 449/2612/397 450/2613/329
f 449/2614/397 451/2615/398 452/2616/326
f 451/2617/398 453/2618/400 454/2619/5
f 455/2620/399 456/2621/381 454/2622/5
f 457/2623/401 458/2624/380 456/2625/381
f 459/2626/402 460/2627/378 458/2628/380
f 461/2629/403 462/2630/10 460/2631/378
f 463/2632/404 464/2633/375 462/2634/10
f 465/2635/405 466/2636/373 464/2637/375
f 467/2638/406 468/2639/371 466/2640/373
f 469/2641/407 470/2642/1 468/2643/371
f 471/2644/408 472/2645/368 470/2646/1
f 473/2647/409 474/2648/366 472/2649/368
f 475/2650/410 476/2651/364 474/2652/366
f 477/2653/411 478/2654/9 476/2655/364
f 479/2656/412 480/2657/361 478/2658/9
f 481/2659/413 482/2660/359 480/2661/361
f 483/2662/414 484/2663/357 482/2664/359
f 422/2665/383 423/2666/3 484/2667/357
f 486/2668/616 485/2669/616 493/2670/616
f 496/2671/617 491/2672/617 490/2673/617
f 499/2674/216 507/2675/562 505/2676/417
f 505/2677/417 503/2678/618 500/2679/418
f 492/2680/421 498/2681/32 510/2682/419
f 498/2683/32 508/2684/478 510/2685/419
f 512/2686/420 502/2687/60 492/2688/421
f 2/2689/619 4/2690/619 1/2691/619
f 488/2692/29 487/2693/28 501/2694/620
f 500/2695/418 503/2696/618 487/2697/28
f 501/2698/620 504/2699/422 488/2700/29
f 487/2701/28 503/2702/618 501/2703/620
f 246/2704/621 250/2705/621 251/2706/621
f 517/2707/425 519/2708/425 515/2709/425
f 519/2710/622 518/2711/622 514/2712/622
f 521/2713/427 520/2714/623 523/2715/428
f 521/2716/427 524/2717/429 525/2718/430
f 525/2719/430 524/2720/429 526/2721/432
f 533/2722/434 554/2723/454 566/2724/435
f 557/2725/437 544/2726/461 535/2727/438
f 559/2728/440 564/2729/458 541/2730/441
f 543/2731/443 548/2732/451 540/2733/444
f 536/2734/445 537/2735/467 538/2736/446
f 540/2737/444 541/2738/441 542/2739/447
f 543/2740/443 544/2741/461 545/2742/449
f 548/2743/451 549/2744/466 550/2745/452
f 555/2746/453 556/2747/468 557/2748/437
f 559/2749/440 560/2750/462 561/2751/455
f 562/2752/457 563/2753/463 564/2754/458
f 567/2755/439 568/2756/464 569/2757/460
f 536/2758/445 535/2759/438 544/2760/461
f 540/2761/444 548/2762/451 547/2763/442
f 533/2764/434 532/2765/624 555/2766/453
f 547/2767/442 550/2768/452 560/2769/462
f 563/2770/463 542/2771/447 541/2772/441
f 535/2773/438 538/2774/446 568/2775/464
f 534/2776/625 553/2777/625 552/2778/625
f 549/2779/466 548/2780/451 543/2781/443
f 536/2782/445 540/2783/444 539/2784/448
f 544/2785/461 557/2786/437 556/2787/468
f 562/2788/457 565/2789/459 530/2790/469
f 566/2791/435 569/2792/460 528/2793/471
f 559/2794/440 558/2795/456 565/2796/459
f 557/2797/437 567/2798/439 566/2799/435
