v 0.936671039 0.392600238 2.96632266
v 1.00228908 0.392600238 2.96632266
v 1.00228908 0.392600238 2.96866572
v 0.102386018 0.392599821 2.96632266
v 0.191438934 0.392599821 2.96632266
v 0.102386018 0.392599821 2.96866572
v 0.125821134 0.571171224 2.96633375
v 0.191438934 0.502978802 2.96633172
v 0.125821134 0.452593565 2.96632671
v 0.978853961 0.571171999 2.96633375
v 0.978853961 0.452594101 2.96632671
v 0.936671039 0.502979517 2.96633172
v 0.102386018 0.452593565 2.96632671
v 1.00228908 0.452594101 2.96632671
v 0.936671039 0.392600238 2.96374369
v 0.191438934 0.392599821 2.96397865
v 0.191438934 0.502978802 2.96398783
v 0.936671039 0.502979517 2.96375287
v 1.00228908 0.452594101 2.96866977
v 0.102386018 0.452593565 2.96867085
v 0.978853961 0.452594101 2.96866977
v 0.978853961 0.571171999 2.96867788
v 0.125821134 0.452593565 2.96867085
v 0.125821134 0.571171224 2.96867788
v 0.513138076 0.390872419 2.95841575
v 0.513456842 -1.17611754 2.95841467
v 0.160920164 -1.1761179 2.95841467
v 0.513456842 -1.17611754 2.96893466
v 0.160920164 -1.1761179 2.96893466
v 0.513138076 0.390872419 2.96893573
v 0.538599988 0.375691175 2.95841575
v 0.538599988 0.375691175 2.96893573
v 0.53860118 -1.15798122 2.96893466
v 0.53860118 -1.15798122 2.95841467
v 0.0986871924 0.378379047 2.96893573
v 0.0986871924 0.378379047 2.95841575
v 0.0986890997 -1.13287318 2.95841467
v 0.0986890997 -1.13287318 2.96893466
v 0.119936963 0.390872121 2.95841575
v 0.119936963 0.390872121 2.96893573
v 0.105808755 0.38808471 2.95841575
v 0.105808755 0.38808471 2.96893573
v 0.527226945 -1.17210513 2.95841467
v 0.527226945 -1.17210513 2.96893466
v 0.526443025 0.387194395 2.96893573
v 0.526443025 0.387194395 2.95841575
v 0.565213939 0.390872419 2.95841575
v 0.564898988 -1.17611754 2.95841467
v 0.917436143 -1.1761173 2.95841467
v 0.564898988 -1.17611754 2.96893466
v 0.917436143 -1.1761173 2.96893466
v 0.565213939 0.390872419 2.96893573
v 0.539753219 0.375691175 2.95841575
v 0.539753219 0.375691175 2.96893573
v 0.539755126 -1.15798122 2.96893466
v 0.539755126 -1.15798122 2.95841467
v 0.979666015 0.378379822 2.96893573
v 0.979666015 0.378379822 2.95841479
v 0.979668161 -1.13287222 2.95841467
v 0.979668161 -1.13287222 2.96893466
v 0.958416006 0.390872419 2.95841479
v 0.958416006 0.390872419 2.96893573
v 0.972544214 0.388085365 2.95841479
v 0.972544214 0.388085365 2.96893573
v 0.551130077 -1.17210513 2.95841467
v 0.551130077 -1.17210513 2.96893466
v 0.551910182 0.387194395 2.96893573
v 0.551910182 0.387194395 2.95841575
v 0.0878808703 0.64170891 2.74276942
v 0.957319042 0.641710043 2.78626323
v 0.0878808703 0.64170891 2.78626335
v 0.957319042 0.641710043 2.742769
v 0.963702938 0.641711056 1.21239436
v 1.003248 0.641710043 2.742769
v 1.00324704 0.641711056 1.21239436
v -0.442749003 -0.749136984 0.933238983
v -0.442749003 -0.627275378 0.936745048
v -0.442749003 -0.622587889 0.936745048
v -0.442749003 -0.503068686 0.936733127
v -0.442749003 -0.498382375 0.936733127
v -0.442749003 -0.381207056 0.933208108
v -0.442749003 -0.498381689 0.93907702
v -0.415095309 -0.498381689 0.93907702
v -0.442749003 -0.381206729 0.939067245
v -0.442749003 -0.749136984 0.939098001
v -0.415095309 -0.627275378 0.939087987
v -0.442749003 -0.627275378 0.939087987
v -0.00803015573 -0.749136299 0.939096928
v -0.0356840883 -0.60337168 0.93908608
v -0.0356840883 -0.651178181 0.939090014
v -0.0356840883 -0.725232989 0.939094901
v -0.0356840883 -0.529315084 0.939079046
v -0.00803087099 -0.381206019 0.939067245
v -0.0356840883 -0.479164779 0.939076066
v -0.0356840883 -0.405109961 0.939069152
v -0.165513495 -0.725233287 0.939094901
v -0.165513495 -0.651178509 0.939090014
v -0.165513495 -0.603371873 0.93908608
v -0.165513495 -0.529315487 0.939079046
v -0.415095309 -0.622587889 0.939087987
v -0.415095309 -0.503068686 0.93907702
v -0.165513495 -0.479165077 0.939076066
v -0.165513972 -0.405110337 0.939069152
v -0.442749003 -0.503068686 0.93907702
v -0.442749003 -0.622587889 0.939087987
v -0.00803015573 -0.749136299 0.93323791
v -0.00803087099 -0.381206725 0.933208108
v -0.165513495 -0.479165077 0.934389114
v -0.0356840883 -0.479164779 0.934389114
v -0.0356840883 -0.405109957 0.9343822
v -0.165513972 -0.405110333 0.9343822
v -0.0356840883 -0.529316187 0.934391022
v -0.165513495 -0.529316485 0.934392095
v -0.165513495 -0.603371873 0.934399009
v -0.0356840883 -0.60337168 0.934399009
v -0.165513495 -0.725233287 0.934407949
v -0.0356840883 -0.725232989 0.934407949
v -0.0356840883 -0.651178181 0.934402943
v -0.165513495 -0.651178509 0.934402943
v -0.415095309 -0.627275378 0.936745048
v -0.415095309 -0.622587889 0.936745048
v -0.415095309 -0.503068686 0.936733127
v -0.415095309 -0.498382375 0.936733127
v -0.442749003 -0.370661356 0.933208108
v -0.442749003 -0.248798974 0.936712265
v -0.442749003 -0.24411238 0.936712265
v -0.442749003 -0.12459439 0.936702371
v -0.442749003 -0.119906679 0.936702371
v -0.442749003 -0.00273346901 0.933176398
v -0.442749003 -0.00273346901 0.939034462
v -0.442749003 -0.119906679 0.939046264
v -0.415096263 -0.119906679 0.939046264
v -0.442749003 -0.248798974 0.939055324
v -0.442749003 -0.370661359 0.939067245
v -0.415096263 -0.248798974 0.939055324
v -0.00803087099 -0.00273278356 0.939034462
v -0.0356840883 -0.100690871 0.939044356
v -0.0356840883 -0.15084058 0.93904829
v -0.0356840883 -0.0266359746 0.939036369
v -0.00803087099 -0.370661009 0.939067245
v -0.0356840883 -0.224895075 0.939053297
v -0.0356840883 -0.272702239 0.939058185
v -0.0356840883 -0.346756365 0.939064145
v -0.165513495 -0.10069117 0.939044356
v -0.165513495 -0.0266363621 0.939036369
v -0.165513495 -0.150840983 0.93904829
v -0.415096263 -0.12459439 0.939046264
v -0.415096263 -0.24411238 0.939055324
v -0.165513495 -0.224895373 0.939053297
v -0.165513972 -0.346756711 0.939065218
v -0.165513495 -0.272702612 0.939058185
v -0.442749003 -0.12459439 0.939046264
v -0.442749003 -0.24411238 0.939055324
v -0.00803087099 -0.370661005 0.933208108
v -0.00803087099 -0.00273278356 0.933175325
v -0.165513495 -0.10069117 0.934356332
v -0.0356840883 -0.100690871 0.934356332
v -0.0356840883 -0.0266359746 0.934349418
v -0.165513495 -0.0266363621 0.934350371
v -0.0356840883 -0.15084058 0.934361339
v -0.165513495 -0.150840983 0.934361339
v -0.165513495 -0.224895373 0.934366226
v -0.0356840883 -0.224895075 0.934366226
v -0.165513972 -0.346757769 0.934377193
v -0.0356840883 -0.346757423 0.934377193
v -0.0356840883 -0.272702612 0.934371233
v -0.165513495 -0.27270297 0.934371233
v -0.415096263 -0.248798974 0.936712265
v -0.415096263 -0.24411238 0.936712265
v -0.415096263 -0.12459439 0.936702371
v -0.415096263 -0.119906679 0.936702371
v -0.442749003 0.00781291723 0.933176398
v -0.442749003 0.129674911 0.936681509
v -0.442749003 0.134361297 0.936681509
v -0.442749003 0.253880203 0.936670542
v -0.442749003 0.258567691 0.936670542
v -0.442749003 0.375742257 0.933145642
v -0.442749003 0.129674911 0.939025521
v -0.442749003 0.00781291723 0.939034462
v -0.415097216 0.129674911 0.939025521
v -0.442749003 0.375742257 0.93900466
v -0.442749003 0.258567691 0.9390136
v -0.415097216 0.258567691 0.9390136
v -0.00803206308 0.375742614 0.93900466
v -0.0356840883 0.277783811 0.939011574
v -0.0356840883 0.227633715 0.939015508
v -0.0356840883 0.351838648 0.939006686
v -0.0356840883 0.10577181 0.939027429
v -0.00803087099 0.00781360269 0.939034462
v -0.0356840883 0.153578877 0.939022541
v -0.0356840883 0.031716913 0.939031482
v -0.165513972 0.277783811 0.939011574
v -0.165513972 0.351838648 0.939006686
v -0.165513972 0.153578401 0.939023495
v -0.165513972 0.227633357 0.939015508
v -0.415097216 0.134361297 0.939025521
v -0.415097216 0.253880203 0.9390136
v -0.165513495 0.031716615 0.939032435
v -0.165513495 0.105771333 0.939027429
v -0.442749003 0.253880203 0.9390136
v -0.442749003 0.134361297 0.939025521
v -0.00803206308 0.375742614 0.933145642
v -0.00803087099 0.00781360269 0.933175325
v -0.165513972 0.277783811 0.934324622
v -0.0356840883 0.277783811 0.934324622
v -0.0356840883 0.351838648 0.934319615
v -0.165513972 0.351838648 0.934319615
v -0.0356840883 0.227633715 0.934328556
v -0.165513972 0.227633357 0.934328556
v -0.165513972 0.153578401 0.93433547
v -0.0356840883 0.153578877 0.93433547
v -0.165513495 0.031716615 0.934345484
v -0.0356840883 0.031716913 0.934344411
v -0.0356840883 0.10577181 0.934340477
v -0.165513495 0.105771333 0.934340477
v -0.415097216 0.129674911 0.936681509
v -0.415097216 0.134361297 0.936681509
v -0.415097216 0.253880203 0.936670542
v -0.415097216 0.258567691 0.936670542
v -0.454936484 0.253880203 0.936670542
v -0.454936484 0.375742257 0.933145642
v -0.454936484 0.258567691 0.936670542
v -0.454936484 0.00781291723 0.933176398
v -0.454936484 0.134361297 0.936681509
v -0.454936484 0.129674911 0.936681509
v -0.88965557 0.375741839 0.93900466
v -0.611950377 0.277783513 0.939011574
v -0.611950377 0.351838231 0.939006686
v -0.611950377 0.229976654 0.939016581
v -0.889654139 0.0078125298 0.939035416
v -0.611950377 0.0317161381 0.939032435
v -0.611950377 0.105770916 0.939027429
v -0.611950377 0.155921936 0.939023495
v -0.482235411 0.105743647 0.939026475
v -0.482121447 0.129674911 0.939025521
v -0.454936484 0.129674911 0.939025521
v -0.482121447 0.134361297 0.939025521
v -0.482589224 0.155921936 0.939023495
v -0.454936484 0.134361297 0.939025521
v -0.482121447 0.258567691 0.9390136
v -0.482589224 0.277783513 0.939011574
v -0.454936484 0.258567691 0.9390136
v -0.482121447 0.229951024 0.938443542
v -0.482121447 0.253880203 0.9390136
v -0.454936484 0.253880203 0.9390136
v -0.454936484 0.375742257 0.93900466
v -0.482235411 0.35177803 0.939006686
v -0.482589224 0.0317161381 0.939032435
v -0.454936484 0.00781291723 0.939034462
v -0.88965557 0.375741839 0.933145642
v -0.889654139 0.0078125298 0.933176398
v -0.482121447 0.258567691 0.936670542
v -0.482121447 0.253880203 0.936670542
v -0.482121447 0.134361297 0.936681509
v -0.482121447 0.129674911 0.936681509
v -0.482120017 0.105770916 0.93316853
v -0.482120017 0.0317161381 0.933173418
v -0.482121447 0.155921936 0.933164477
v -0.482121447 0.229976654 0.933157563
v -0.611950377 0.229976654 0.933157563
v -0.611950377 0.155921936 0.933164477
v -0.482121447 0.351838231 0.933147669
v -0.611950377 0.351838231 0.933147669
v -0.611950377 0.277783513 0.933152556
v -0.482121447 0.277783513 0.933152556
v -0.611950377 0.105770916 0.933169484
v -0.611950377 0.0317161381 0.933173418
v -0.454935053 -0.503068686 0.936733127
v -0.454936484 -0.381207056 0.933208108
v -0.454935053 -0.498382375 0.936733127
v -0.454935053 -0.749136984 0.933238983
v -0.454935053 -0.622587889 0.936745048
v -0.454935053 -0.627275378 0.936745048
v -0.889654139 -0.38120706 0.939067245
v -0.611949423 -0.479165487 0.93907702
v -0.611950377 -0.405110702 0.939069152
v -0.611949423 -0.526972488 0.939079046
v -0.611949423 -0.725233704 0.939094901
v -0.611949423 -0.651178777 0.939090967
v -0.889654139 -0.749137282 0.939098001
v -0.611949423 -0.601028383 0.93908608
v -0.482119063 -0.498381689 0.93907702
v -0.482588271 -0.479165487 0.93907702
v -0.454935053 -0.498381689 0.93907702
v -0.482588271 -0.526972488 0.939079046
v -0.482119063 -0.503068686 0.93907702
v -0.454935053 -0.503068686 0.93907702
v -0.482119063 -0.622587889 0.939087987
v -0.482588271 -0.601028383 0.93908608
v -0.454935053 -0.622587889 0.939087987
v -0.482588271 -0.651178777 0.939090967
v -0.482119063 -0.627275378 0.939087987
v -0.454935053 -0.627275378 0.939087987
v -0.482588271 -0.725233704 0.939094901
v -0.454935053 -0.749136984 0.939098001
v -0.482589224 -0.405110702 0.939069152
v -0.454936484 -0.381206729 0.939067245
v -0.889654139 -0.381207405 0.933209181
v -0.889654139 -0.749137282 0.933238983
v -0.482119063 -0.498382375 0.936733127
v -0.482119063 -0.503068686 0.936733127
v -0.482119063 -0.622587889 0.936745048
v -0.482119063 -0.627275378 0.936745048
v -0.482119063 -0.651178777 0.93323195
v -0.482119063 -0.725233704 0.933235884
v -0.482119063 -0.601028383 0.933227062
v -0.482119063 -0.526972994 0.933220029
v -0.611949423 -0.526972994 0.933220029
v -0.611949423 -0.601028383 0.933227062
v -0.482120017 -0.405111715 0.933211207
v -0.611950377 -0.405111715 0.933211207
v -0.611949423 -0.479165487 0.933218122
v -0.482119063 -0.479165487 0.933218122
v -0.611949423 -0.651178777 0.93323195
v -0.611949423 -0.725233704 0.933236957
v -0.454936484 -0.12459439 0.936702371
v -0.454936484 -0.00273346901 0.933176398
v -0.454936484 -0.119906679 0.936702371
v -0.454936484 -0.370661356 0.933208108
v -0.454936484 -0.24411238 0.936712265
v -0.454936484 -0.248798974 0.936712265
v -0.889654139 -0.00273388624 0.939035416
v -0.611950377 -0.100691587 0.939044356
v -0.611950377 -0.0266367793 0.939037442
v -0.611950377 -0.148497686 0.93904829
v -0.611950377 -0.346757079 0.939065218
v -0.611950377 -0.272702612 0.939058185
v -0.889654139 -0.370661709 0.939067245
v -0.611950377 -0.222551778 0.939053297
v -0.482235411 -0.272714578 0.939058185
v -0.482120017 -0.248798974 0.939055324
v -0.454936484 -0.248798974 0.939055324
v -0.482120017 -0.244111978 0.939055324
v -0.482589224 -0.222551778 0.939053297
v -0.454936484 -0.24411238 0.939055324
v -0.482235411 -0.148497686 0.93904829
v -0.482120017 -0.12459439 0.939046264
v -0.454936484 -0.12459439 0.939046264
v -0.482120017 -0.119906679 0.939046264
v -0.482589224 -0.100691587 0.939044356
v -0.454936484 -0.119906679 0.939046264
v -0.482120017 -0.0266489685 0.938464403
v -0.454936484 -0.00273346901 0.939034462
v -0.482589224 -0.346757079 0.939065218
v -0.454936484 -0.370661359 0.939067245
v -0.889654139 -0.00273388624 0.933176398
v -0.889654139 -0.370661706 0.933209181
v -0.482120017 -0.119906679 0.936702371
v -0.482120017 -0.12459439 0.936702371
v -0.482120017 -0.24411238 0.936712265
v -0.482120017 -0.248798974 0.936712265
v -0.611950377 -0.0266367793 0.933178425
v -0.482120017 -0.0266367793 0.933178425
v -0.482120017 -0.100691587 0.933185339
v -0.482120017 -0.272703312 0.933199286
v -0.482120017 -0.346758113 0.933206201
v -0.482120017 -0.222552776 0.93319428
v -0.482120017 -0.148497969 0.933190346
v -0.611950377 -0.148497969 0.933190346
v -0.611950377 -0.222552776 0.93319428
v -0.611950377 -0.100691587 0.933185339
v -0.611950377 -0.272703312 0.933199286
v -0.611950377 -0.346758113 0.933206201
v -0.482119063 -0.879201293 0.939108849
v -0.482588271 -0.857640922 0.939106822
v -0.611949423 -0.857640922 0.939106822
v -0.482588271 -0.907792211 0.939111829
v -0.482119063 -0.883887589 0.939108849
v -0.611949423 -0.907792211 0.939111829
v -0.454935053 -0.879201293 0.939108849
v -0.454935053 -0.883887589 0.939108849
v -0.611949423 -0.981846571 0.939118743
v -0.889654139 -1.0057506 0.939121723
v -0.611949423 -0.783586472 0.939101934
v -0.889654139 -0.759682864 0.939099908
v -0.482588271 -0.981846571 0.939118743
v -0.454935053 -1.00575042 0.93912077
v -0.482235411 -0.783598393 0.939101934
v -0.454935053 -0.759682566 0.939099908
v -0.454935053 -0.759682566 0.93324101
v -0.889654139 -0.759682864 0.933241963
v -0.889654139 -1.0057506 0.933262706
v -0.454935053 -1.00575042 0.933262706
v -0.454935053 -0.883887589 0.936765909
v -0.454935053 -0.879201293 0.936765909
v -0.482119063 -0.879201293 0.936765909
v -0.482119063 -0.883887589 0.936765909
v -0.482119063 -0.907792211 0.933252811
v -0.482119063 -0.981846571 0.933259845
v -0.611949423 -0.907792211 0.933252811
v -0.611949423 -0.981846571 0.933259845
v -0.482119063 -0.857640922 0.933247924
v -0.482119063 -0.783586472 0.933242917
v -0.611949423 -0.783586472 0.933242917
v -0.611949423 -0.857640922 0.933247924
v -0.442749003 -0.883887589 0.939108849
v -0.442749003 -1.00575042 0.93912077
v -0.415095309 -0.883887589 0.939108849
v -0.442749003 -0.759682566 0.939099908
v -0.442749003 -0.879201293 0.939108849
v -0.415095309 -0.879201293 0.939108849
v -0.00803015573 -1.00574976 0.93912077
v -0.0356840883 -0.907791615 0.939111829
v -0.0356840883 -0.981845975 0.939117789
v -0.00803015573 -0.759682 0.939099908
v -0.0356840883 -0.785929173 0.939101934
v -0.0356840883 -0.859983981 0.939106822
v -0.165513495 -0.981846213 0.939118743
v -0.165513495 -0.907791972 0.939111829
v -0.165513495 -0.859984159 0.939106822
v -0.165513495 -0.78592959 0.939101934
v -0.442749003 -1.00575042 0.933262706
v -0.00803015573 -1.00574976 0.933261752
v -0.00803015573 -0.759682 0.93324101
v -0.442749003 -0.759682566 0.93324101
v -0.0356840883 -0.785929173 0.934414983
v -0.165513495 -0.78592959 0.934414983
v -0.165513495 -0.859984159 0.93441987
v -0.0356840883 -0.859983981 0.93441987
v -0.165513495 -0.981846213 0.934431791
v -0.0356840883 -0.981845975 0.934430838
v -0.0356840883 -0.907791615 0.934424877
v -0.165513495 -0.907791972 0.934424877
v -0.442749003 -0.879201293 0.936765909
v -0.442749003 -0.883887589 0.936765909
v -0.415095309 -0.883887589 0.936765909
v -0.415095309 -0.879201293 0.936765909
v -0.0024270807 -1.15316582 0.933273673
v -0.0024270807 -1.15316433 0.950849652
v -0.0024270807 -1.16839647 0.950849652
v -0.0024270807 -1.16839868 0.933273673
v -0.897128562 -1.15316677 0.933273673
v -0.897128562 -1.16839945 0.933273673
v -0.897128562 -1.16839719 0.950850308
v -0.897128562 -1.15316498 0.950850308
v -0.442748526 -1.13815761 0.939130664
v -0.165513495 -1.114254 0.939127684
v -0.165513495 -1.04019922 0.939122796
v -0.442748526 -1.01629609 0.93912077
v -0.00803015573 -1.13815731 0.93912971
v -0.00803015573 -1.01629561 0.93912077
v -0.0356828962 -1.04019898 0.939122796
v -0.0356828962 -1.11425376 0.939127684
v -0.442748526 -1.13815761 0.933271766
v -0.00803015573 -1.13815731 0.933270693
v -0.00803015573 -1.01629561 0.933261752
v -0.442749003 -1.01629609 0.933262706
v -0.165513495 -1.114254 0.934440613
v -0.0356828962 -1.11425376 0.934440613
v -0.0356828962 -1.04019898 0.934435725
v -0.165513495 -1.04019922 0.934435725
v -0.612885932 -1.11425442 0.939127684
v -0.612885932 -1.0401994 0.93912375
v -0.889653185 -1.01629633 0.939121723
v -0.889653185 -1.13815802 0.939130664
v -0.483056525 -1.0401994 0.93912375
v -0.454934577 -1.01629609 0.93912077
v -0.454934577 -1.13815761 0.939130664
v -0.483056525 -1.11425424 0.939127684
v -0.889653185 -1.13815802 0.933271766
v -0.454934577 -1.13815761 0.933271766
v -0.454935053 -1.01629609 0.933262706
v -0.889654139 -1.01629633 0.933262706
v -0.612885932 -1.11425442 0.933268666
v -0.483056525 -1.11425424 0.933268666
v -0.483056525 -1.0401994 0.933264732
v -0.612885932 -1.0401994 0.933264732
v -0.851350287 0.590122759 0.887195826
v -0.868736247 0.589846194 0.886919737
v -0.868736247 0.590122759 0.887195826
v -0.0176138674 0.590123713 0.887195826
v -0.000236967637 0.590123713 0.887195826
v -0.000236967637 0.58984679 0.886918783
v -0.000236967637 0.374043584 0.936797619
v -0.000236967637 0.374043584 0.937184691
v -0.0176260267 0.374043584 0.937184691
v -0.868736247 0.374042869 0.936798573
v -0.851349333 0.374042869 0.937185645
v -0.868736247 0.374042869 0.937185645
v -0.851350287 0.580226123 0.899738789
v -0.851350287 0.5914464 0.888520837
v -0.851350287 0.57890451 0.898416758
v -0.0176138674 0.580227077 0.899737835
v -0.0176138674 0.578905225 0.898415804
v -0.0176138674 0.591447711 0.888519764
v -0.868736247 0.540846825 0.935557842
v -0.868736247 0.540949464 0.935709715
v -0.000236967637 0.54095 0.935709715
v -0.868736247 0.537159622 0.936988831
v -0.868736247 0.537180781 0.936798692
v -0.851349333 0.415428758 0.937185645
v -0.0176260267 0.415429473 0.937184691
v -0.000236967637 0.5408476 0.935556769
v -0.000236967637 0.537181735 0.936797738
v -0.000236967637 0.537160218 0.936987758
v -0.851349333 0.415428758 0.939048648
v -0.0176260267 0.415429473 0.939047694
v -0.0176260267 0.374043584 0.939047694
v -0.851349333 0.374042869 0.939048648
v -0.885376433 0.48005116 0.908232689
v -0.885374049 -1.18383342 0.908231616
v 0.0164041723 -1.18383217 0.908230662
v 0.0164029803 0.480051696 0.908231735
v -1.89699219 0.652120709 1.37954533
v -0.983027915 0.652120709 1.37954515
v -0.983027438 0.652119756 2.80907917
v -1.89699219 0.652119756 2.80907935
v -0.983027915 0.675555587 1.37954521
v -0.983027438 0.675553679 2.80907917
v -1.89699314 0.675555587 1.37954539
v -1.89699219 0.675553679 2.80907935
v -0.977881888 -1.3714844 1.3795436
v -1.89184711 -1.3714844 1.37954396
v -1.89184616 -1.37148535 2.80907786
v -0.977881888 -1.37148535 2.80907756
v -1.89184711 -1.3949194 1.3795439
v -1.89184616 -1.39492035 2.8090778
v -0.977881888 -1.39491844 1.3795436
v -0.977881888 -1.3949194 2.8090775
v -1.98653362 -1.23174667 0.904215574
v -2.86602352 -1.23174691 0.926137567
v -2.86602352 -1.23174745 0.904215574
v -1.98653553 0.22117424 0.926139593
v -1.98653362 -1.23174667 0.926138639
v -2.86602352 0.221173406 0.904216528
v -2.86602352 0.221173406 0.92613852
v -1.98653553 0.22117424 0.904216528
v -2.8891692 0.641598582 1.07740426
v -2.8891692 0.66599977 1.29695237
v -2.8891692 0.666000843 1.07740426
v -2.44064901 0.641598105 1.29695261
v -2.8891692 0.641598105 1.29695237
v -2.44064901 0.666000843 1.07740444
v -1.97450111 0.666000724 1.18412304
v -1.97450111 0.641598403 1.38929194
v -1.97450111 0.64159888 1.18412304
v -2.03624103 0.666000605 1.38929194
v -1.97450111 0.666000605 1.38929194
v -2.41235493 0.645487785 1.18412268
v -2.8891692 0.641597271 2.54307276
v -2.8891692 0.665998936 2.54307276
v -2.8891692 0.641597629 2.05916625
v -2.82743023 0.641597271 2.54307276
v -2.88526247 0.645505905 2.54307276
v -2.8891692 0.641597271 2.60341126
v -2.87094496 0.641597211 2.64093387
v -2.8891692 0.641597211 2.64093387
v -2.8891692 0.665998816 2.64093387
v -2.8891692 0.665998816 2.60341126
v -2.88526247 0.662091851 2.60341126
v -2.88526247 0.645505786 2.60341126
v -2.82743023 0.645505786 2.60341126
v -2.82743023 0.641597271 2.60341126
v -1.97450207 0.641597629 2.54307306
v -1.97450207 0.665999889 2.54307306
v -1.97841022 0.645505905 2.54307306
v -2.03624246 0.641597629 2.54307306
v -1.97450111 0.641598165 1.78791694
v -1.97450207 0.641597629 2.60341161
v -1.99272726 0.641597569 2.64093423
v -2.03624246 0.641597629 2.60341161
v -1.97450207 0.66599977 2.64093429
v -1.97450207 0.641597569 2.64093423
v -2.03624246 0.645505786 2.60341167
v -1.97841022 0.645505786 2.60341167
v -2.82742927 0.665999174 2.05916637
v -2.8891692 0.665999174 2.05916627
v -2.88526247 0.66209197 2.54307276
v -2.82743023 0.66209197 2.54307276
v -2.82743023 0.665998936 2.54307276
v -2.82743023 0.665998816 2.60341126
v -1.97450111 0.666000366 1.78791696
v -2.03624103 0.666000366 1.78791687
v -2.03624246 0.665999889 2.54307306
v -2.03624246 0.66209197 2.54307306
v -1.97841022 0.66209197 2.54307306
v -1.97450207 0.66599977 2.60341167
v -1.97841022 0.662091851 2.60341167
v -2.88526247 0.662092209 2.05916637
v -2.8891692 0.665999293 1.99882774
v -2.8891692 0.641597986 1.48262224
v -2.8891692 0.641597629 1.99882773
v -2.88526247 0.645506263 1.99882773
v -2.88526247 0.662092328 1.99882774
v -2.82742927 0.662092328 1.99882777
v -2.82742927 0.665999293 1.99882777
v -2.88526247 0.645506144 2.05916636
v -2.82742927 0.645506144 2.05916636
v -2.82742927 0.641597629 2.05916636
v -2.82742927 0.641597629 1.99882776
v -1.97840927 0.662092447 1.78791696
v -1.97450111 0.666000366 1.72757837
v -1.97450111 0.641598225 1.64326835
v -1.97450111 0.666000485 1.64326838
v -2.4230213 0.665999532 1.64326805
v -2.03624103 0.666000366 1.72757837
v -2.03624103 0.662092447 1.72757837
v -1.97840927 0.662092447 1.72757837
v -2.03624103 0.641598165 1.78791685
v -2.03624103 0.645506382 1.78791685
v -1.97840927 0.645506382 1.78791696
v -1.97450111 0.641598165 1.72757836
v -1.97840927 0.645506382 1.72757836
v -2.8891692 0.665999532 1.48262227
v -2.88526247 0.662092566 1.48262227
v -2.88526152 0.645506501 1.48262224
v -2.82742927 0.645506501 1.48262233
v -2.82742927 0.641597986 1.48262233
v -2.8891692 0.641598046 1.42228377
v -2.82742927 0.641598046 1.42228377
v -2.88526152 0.64550662 1.42228377
v -2.8891692 0.641598105 1.31378424
v -1.97450111 0.641598344 1.44963065
v -1.97450111 0.666000605 1.44963065
v -1.97450111 0.641598225 1.62643635
v -1.97840927 0.64550662 1.44963065
v -2.4230213 0.641598523 1.18412268
v -1.97840927 0.662092686 1.38929194
v -1.97840927 0.64550662 1.38929194
v -2.03624103 0.64550662 1.38929194
v -2.03624103 0.641598403 1.38929194
v -2.4230213 0.665999532 1.62643605
v -1.97450111 0.666000485 1.62643638
v -1.97840927 0.662092686 1.44963065
v -2.03624103 0.662092686 1.44963056
v -2.03624103 0.666000605 1.44963056
v -2.82742927 0.665999532 1.48262236
v -2.8891692 0.665999651 1.42228377
v -2.44064901 0.665999651 1.31378466
v -2.8891692 0.665999651 1.3137843
v -2.88526152 0.662092686 1.42228377
v -2.82742927 0.662092686 1.42228377
v -2.82742927 0.665999651 1.42228377
v -2.44065044 0.665998816 2.74019086
v -2.87094496 0.665998816 2.64093387
v -2.82743023 0.662091851 2.60341126
v -2.44065044 0.641596735 2.74019086
v -2.82743023 0.645505905 2.54307276
v -2.82742927 0.662092566 1.48262236
v -2.44064901 0.641598105 1.31378466
v -2.82742927 0.64550662 1.42228377
v -2.82742927 0.662092209 2.05916637
v -2.82742927 0.645506263 1.99882776
v -2.87094496 0.641596735 2.74019068
v -2.87094496 0.665998816 2.74019068
v -2.42302225 0.665998816 2.74019086
v -2.03624246 0.66599977 2.60341167
v -2.03624103 0.641598344 1.44963056
v -2.03624103 0.64550662 1.44963056
v -2.03624103 0.662092686 1.38929194
v -1.99272726 0.66599977 2.64093429
v -2.03624246 0.662091851 2.60341167
v -2.42302225 0.641596735 2.74019086
v -2.4230213 0.641597867 1.64326805
v -2.03624246 0.645505905 2.54307306
v -2.03624103 0.641598165 1.72757836
v -2.03624103 0.662092447 1.78791687
v -2.03624103 0.645506382 1.72757836
v -1.99272726 0.665998816 2.74019104
v -1.99272726 0.641596854 2.74019104
v -2.4230213 0.641597867 1.62643605
v -2.4230213 0.645487547 1.62643605
v -2.4230213 0.645487785 1.18412268
v -2.4230213 0.666000724 1.18412268
v -2.41235493 0.662111759 1.18412268
v -2.4230213 0.662111759 1.18412268
v -2.44064901 0.645487905 1.08129334
v -2.44064901 0.641598582 1.07740444
v -2.44064901 0.662111759 1.29695266
v -2.44064901 0.662111878 1.08129334
v -2.4230213 0.662111521 1.64326805
v -2.42302225 0.662109733 2.7363019
v -2.42302225 0.645485759 2.7363019
v -2.4230213 0.645487547 1.64326805
v -2.44065044 0.662109733 2.7363019
v -2.44064901 0.645487666 1.31378466
v -2.44065044 0.645485759 2.7363019
v -1.97838924 0.662111521 1.62643635
v -1.97838924 0.645487547 1.62643635
v -1.97838924 0.662111521 1.64326835
v -2.88527916 0.66211164 1.3137843
v -2.88527916 0.645487785 1.29695237
v -2.88527916 0.662111759 1.29695237
v -2.44064901 0.66599977 1.29695266
v -2.88527916 0.645487666 1.31378424
v -1.97838924 0.645487547 1.64326835
v -2.4230213 0.662111521 1.62643605
v -2.44064901 0.66211164 1.31378466
v -2.44064901 0.645487785 1.29695261
v -2.41235493 0.662111878 1.08129334
v -2.41235493 0.645487905 1.08129334
v -2.44900225 0.669802785 1.20510298
v -2.4486861 0.669801712 2.77209252
v -2.80122326 0.669801712 2.77209204
v -2.4486861 0.680321693 2.77209252
v -2.80122326 0.680321693 2.77209204
v -2.44900225 0.680322766 1.20510298
v -2.42354153 0.669802785 1.22028387
v -2.42354153 0.680322766 1.22028387
v -2.423542 0.680321813 2.7539562
v -2.423542 0.669801831 2.7539562
v -2.86345432 0.680322766 1.21759516
v -2.86345432 0.669802785 1.21759516
v -2.86345528 0.669801831 2.72884738
v -2.86345528 0.680321813 2.72884738
v -2.84220455 0.669802785 1.20510256
v -2.84220455 0.680322766 1.20510256
v -2.85633228 0.669802785 1.20788938
v -2.85633228 0.680322766 1.20788938
v -2.43491648 0.669801712 2.76808012
v -2.43491648 0.680321693 2.76808012
v -2.43569849 0.680322766 1.20878065
v -2.43569849 0.669802785 1.20878065
v -2.39692734 0.669803739 1.20510298
v -2.39724491 0.669802666 2.77209252
v -2.04470823 0.669802666 2.7720927
v -2.39724491 0.680322647 2.77209252
v -2.04470823 0.680322647 2.7720927
v -2.39692734 0.68032372 1.20510298
v -2.42238806 0.669802785 1.22028387
v -2.42238806 0.680322766 1.22028387
v -2.42238949 0.680321813 2.7539562
v -2.42238949 0.669801831 2.7539562
v -1.98247526 0.68032372 1.21759546
v -1.98247526 0.669803739 1.21759546
v -1.98247526 0.669802785 2.72884786
v -1.98247526 0.680322766 2.72884786
v -2.00372503 0.669803739 1.20510316
v -2.00372503 0.68032372 1.20510316
v -1.9895973 0.669803739 1.20788997
v -1.9895973 0.68032372 1.20788997
v -2.41101406 0.669802666 2.76808012
v -2.41101406 0.680322647 2.76808012
v -2.41023109 0.68032372 1.20878065
v -2.41023109 0.669803739 1.20878065
v -2.37496136 0.659425735 1.23896337
v -2.37496136 0.674305797 1.23896337
v -2.42323826 0.659425259 1.88064159
v -2.42323826 0.67430532 1.88064159
v -2.38808534 0.674305439 1.83047887
v -2.38808534 0.659425378 1.83047886
v -2.38808534 0.674305797 1.2520873
v -2.38808534 0.659425735 1.2520873
v -2.38392208 0.674305797 1.24312437
v -2.38392208 0.659425735 1.24312437
v -2.063745 0.659424782 2.73620927
v -2.31596516 0.674304843 2.73620909
v -2.37496231 0.674304843 2.73620898
v -2.27699325 0.674304843 2.73620909
v -2.31479738 0.674304843 2.73603559
v -2.37496231 0.659424782 2.73620898
v -2.38392542 0.674304843 2.73204571
v -2.38392542 0.659424782 2.73204565
v -2.3880863 0.674304843 2.72308522
v -2.3880863 0.659424782 2.72308517
v -2.38808534 0.674305201 2.12163436
v -2.38808534 0.659425139 2.12163436
v -2.42323826 0.674305201 2.05275197
v -2.42323826 0.659425139 2.05275197
v -2.11601732 0.674304843 2.73620921
v -2.07704494 0.674304843 2.73620927
v -2.1148505 0.674304843 2.73603565
v -2.2781596 0.674304843 2.73603559
v -2.06374452 0.674305797 1.23896354
v -2.06374452 0.659425735 1.23896354
v -2.05478237 0.674305797 1.24312675
v -2.05478237 0.659425735 1.24312675
v -2.05062244 0.674305797 1.25208747
v -2.05062244 0.659425735 1.25208747
v -2.05062244 0.674305439 1.80634147
v -2.05062244 0.659425378 1.80634145
v -1.98269127 0.67430532 1.87852165
v -1.98269127 0.659425259 1.87852165
v -1.98269127 0.659425139 2.05779897
v -1.98269127 0.674305201 2.05779897
v -2.05062244 0.674305201 2.12623027
v -2.05062244 0.659425139 2.12623025
v -2.05062244 0.674304843 2.72308546
v -2.05062244 0.659424782 2.72308546
v -2.05478523 0.674304843 2.73204815
v -2.05478523 0.659424782 2.73204815
v -2.063745 0.674304843 2.73620927
v -2.07821224 0.674304843 2.73603565
v -1.95842836 -1.36015821 1.07740277
v -1.95842836 -1.38456035 1.29695094
v -1.95842836 -1.38456023 1.07740277
v -2.40694807 -1.36015832 1.29695076
v -1.95842836 -1.36015737 1.29695094
v -2.40694807 -1.38456023 1.07740253
v -2.8730974 -1.3845613 1.18412
v -2.8730974 -1.36015844 1.38928902
v -2.8730974 -1.36015928 1.18412
v -2.81135652 -1.38456047 1.38928902
v -2.8730974 -1.38456047 1.38928902
v -2.43524311 -1.36404836 1.18412089
v -1.95842932 -1.36015916 2.54307139
v -1.95842932 -1.38456118 2.54307133
v -1.95842932 -1.36015892 2.05916494
v -2.02017019 -1.36015916 2.54307139
v -1.96233843 -1.36406815 2.54307139
v -1.95842932 -1.36015928 2.60340989
v -1.97665546 -1.36015928 2.64093256
v -1.95842932 -1.36015928 2.64093256
v -1.95842932 -1.3845613 2.64093256
v -1.95842932 -1.3845613 2.60340983
v -1.96233843 -1.38065422 2.60340983
v -1.96233843 -1.36406827 2.60340989
v -2.02017019 -1.36406827 2.60340989
v -2.02017019 -1.36015928 2.60340989
v -2.87309788 -1.36016011 2.5430702
v -2.87309788 -1.38456213 2.54307014
v -2.8691902 -1.36406815 2.5430702
v -2.81135795 -1.36016011 2.54307026
v -2.8730974 -1.36015868 1.78791405
v -2.87309788 -1.36016023 2.60340887
v -2.85487316 -1.36016023 2.64093137
v -2.81135795 -1.36016023 2.60340887
v -2.87309788 -1.38456225 2.64093137
v -2.87309788 -1.36016023 2.64093137
v -2.81135795 -1.36406827 2.60340887
v -2.8691902 -1.36406827 2.60340887
v -2.02017019 -1.38456094 2.05916493
v -1.95842932 -1.38456094 2.05916493
v -1.96233843 -1.3806541 2.54307133
v -2.02017019 -1.3806541 2.54307133
v -2.02017019 -1.38456118 2.54307133
v -2.02017019 -1.3845613 2.60340983
v -2.8730974 -1.3845607 1.78791404
v -2.81135652 -1.3845607 1.78791404
v -2.81135795 -1.38456213 2.54307026
v -2.81135795 -1.3806541 2.54307026
v -2.8691902 -1.3806541 2.54307014
v -2.87309788 -1.38456225 2.60340887
v -2.8691902 -1.38065422 2.60340887
v -1.962337 -1.38065386 2.05916493
v -1.95842932 -1.38456082 1.99882636
v -1.95842932 -1.36015856 1.48262092
v -1.95842932 -1.3601588 1.99882638
v -1.962337 -1.36406779 1.99882636
v -1.962337 -1.38065374 1.99882635
v -2.02017019 -1.38065374 1.99882633
v -2.02017019 -1.38456082 1.99882633
v -1.962337 -1.36406791 2.05916494
v -2.02017019 -1.36406791 2.05916494
v -2.02017019 -1.36015892 2.05916494
v -2.02017019 -1.3601588 1.99882635
v -2.86918972 -1.38065362 1.78791404
v -2.8730974 -1.3845607 1.72757544
v -2.8730974 -1.36015856 1.64326546
v -2.8730974 -1.38456059 1.64326543
v -2.42457722 -1.38456059 1.64326623
v -2.81135652 -1.3845607 1.72757554
v -2.81135652 -1.38065362 1.72757554
v -2.86918972 -1.38065362 1.72757544
v -2.81135652 -1.36015868 1.78791405
v -2.81135652 -1.36406767 1.78791405
v -2.86918972 -1.36406767 1.78791405
v -2.8730974 -1.36015868 1.72757545
v -2.86918972 -1.36406767 1.72757545
v -1.95842932 -1.38456059 1.48262092
v -1.962337 -1.38065255 1.48262092
v -1.962337 -1.36406755 1.48262092
v -2.02017019 -1.36406755 1.48262092
v -2.02017019 -1.36015856 1.48262092
v -1.95842932 -1.36015844 1.42228246
v -2.02016924 -1.36015844 1.42228234
v -1.96233652 -1.36406744 1.42228246
v -1.95842932 -1.36015749 1.31378293
v -2.8730974 -1.36015844 1.44962761
v -2.8730974 -1.38456047 1.44962761
v -2.8730974 -1.36015856 1.62643334
v -2.86918972 -1.36406744 1.44962761
v -2.42457722 -1.36015832 1.18412089
v -2.86918972 -1.38065338 1.38928902
v -2.86918972 -1.36406744 1.38928902
v -2.81135652 -1.36406744 1.38928902
v -2.81135652 -1.36015844 1.38928902
v -2.42457722 -1.38456059 1.62643424
v -2.8730974 -1.38456059 1.62643331
v -2.86918972 -1.38065338 1.44962761
v -2.81135652 -1.38065338 1.44962776
v -2.81135652 -1.38456047 1.44962776
v -2.02017019 -1.38456059 1.48262092
v -1.95842932 -1.38456047 1.4222824
v -2.4069495 -1.38456047 1.31378263
v -1.95842836 -1.38456047 1.31378293
v -1.96233652 -1.38065243 1.4222824
v -2.02016924 -1.38065243 1.42228234
v -2.02016924 -1.38456047 1.42228234
v -2.40694998 -1.3845613 2.74018908
v -1.97665546 -1.3845613 2.64093256
v -2.02017019 -1.38065422 2.60340983
v -2.40694998 -1.36015928 2.74018908
v -2.02017019 -1.36406815 2.54307139
v -2.02017019 -1.38065255 1.48262092
v -2.4069495 -1.36015844 1.31378263
v -2.02016924 -1.36406744 1.42228234
v -2.02017019 -1.38065386 2.05916493
v -2.02017019 -1.36406779 1.99882634
v -1.97665546 -1.36015928 2.74018937
v -1.97665546 -1.3845613 2.74018937
v -2.42457722 -1.3845613 2.74018908
v -2.81135795 -1.38456225 2.60340887
v -2.81135652 -1.36015844 1.44962776
v -2.81135652 -1.36406744 1.44962776
v -2.81135652 -1.38065338 1.38928902
v -2.85487316 -1.38456225 2.64093137
v -2.81135795 -1.38065422 2.60340887
v -2.42457722 -1.36015928 2.74018908
v -2.42457722 -1.36015856 1.64326623
v -2.81135795 -1.36406815 2.54307026
v -2.81135652 -1.36015868 1.72757556
v -2.81135652 -1.38065362 1.78791404
v -2.81135652 -1.36406767 1.72757554
v -2.85487316 -1.3845613 2.74018812
v -2.85487316 -1.36015928 2.74018812
v -2.42457722 -1.36015856 1.62643424
v -2.42457722 -1.3640486 1.62643424
v -2.42457722 -1.36404836 1.18412089
v -2.42457722 -1.38456035 1.18412089
v -2.43524311 -1.38067126 1.18412089
v -2.42457722 -1.38067126 1.18412089
v -2.40694807 -1.36404824 1.08129144
v -2.40694807 -1.36015821 1.07740259
v -2.40694807 -1.38067126 1.29695076
v -2.40694807 -1.38067114 1.08129144
v -2.42457722 -1.3806715 1.64326623
v -2.42457722 -1.38067222 2.73630005
v -2.42457722 -1.36404932 2.73630005
v -2.42457722 -1.3640486 1.64326623
v -2.40694998 -1.38067222 2.73630005
v -2.4069495 -1.36404741 1.31378263
v -2.40694998 -1.36404932 2.73630005
v -2.86920927 -1.3806715 1.62643331
v -2.86920927 -1.3640486 1.62643334
v -2.86920927 -1.3806715 1.64326543
v -1.96231745 -1.38067138 1.31378293
v -1.96231745 -1.36404729 1.29695094
v -1.96231745 -1.38067126 1.29695094
v -2.40694807 -1.38456035 1.29695076
v -1.96231792 -1.36404741 1.31378293
v -2.86920927 -1.3640486 1.64326546
v -2.42457722 -1.3806715 1.62643424
v -2.4069495 -1.38067138 1.31378263
v -2.40694807 -1.36404729 1.29695076
v -2.43524311 -1.38067114 1.08129144
v -2.43524311 -1.36404824 1.08129144
v -2.39859531 -1.38836324 1.20510101
v -2.39891432 -1.38836527 2.77209044
v -2.04637716 -1.38836527 2.77209061
v -2.39891432 -1.39888537 2.77209044
v -2.04637716 -1.39888537 2.77209061
v -2.39859531 -1.3988843 1.20510101
v -2.42405651 -1.38836324 1.2202819
v -2.42405651 -1.3988843 1.2202819
v -2.42405842 -1.39888525 2.75395411
v -2.42405842 -1.38836515 2.75395411
v -1.98414324 -1.39888322 1.21759361
v -1.98414324 -1.38836324 1.21759361
v -1.98414562 -1.38836515 2.72884607
v -1.98414562 -1.39888525 2.72884607
v -2.00539348 -1.38836324 1.20510119
v -2.00539348 -1.39888322 1.20510119
v -1.99126528 -1.38836324 1.20788783
v -1.99126528 -1.39888322 1.20788777
v -2.41268299 -1.38836527 2.76807803
v -2.41268299 -1.39888537 2.76807803
v -2.41189907 -1.3988843 1.2087788
v -2.41189907 -1.38836324 1.2087788
v -2.45067118 -1.38836324 1.20510101
v -2.45035503 -1.38836527 2.77209044
v -2.80289219 -1.38836527 2.77208996
v -2.45035503 -1.39888537 2.77209044
v -2.80289219 -1.39888632 2.77208996
v -2.45067118 -1.3988843 1.20510101
v -2.42520902 -1.38836324 1.2202819
v -2.42520902 -1.3988843 1.2202819
v -2.42521141 -1.39888525 2.75395411
v -2.42521141 -1.38836515 2.75395411
v -2.8651223 -1.3988843 1.2175926
v -2.8651223 -1.3883642 1.21759266
v -2.86512516 -1.38836515 2.72884488
v -2.86512516 -1.3988862 2.72884488
v -2.84387157 -1.3883642 1.20510012
v -2.84387157 -1.3988843 1.20510012
v -2.85800026 -1.3883642 1.20788711
v -2.85800026 -1.3988843 1.20788711
v -2.43658588 -1.38836527 2.76807803
v -2.43658588 -1.39888537 2.76807803
v -2.43736551 -1.3988843 1.2087788
v -2.43736551 -1.38836324 1.2087788
v -2.4726362 -1.37798536 1.2389614
v -2.4726362 -1.39286625 1.2389614
v -2.42436121 -1.37798584 1.8806397
v -2.42436121 -1.39286673 1.88063969
v -2.45951317 -1.39286661 1.83047693
v -2.45951412 -1.37798572 1.83047694
v -2.45951221 -1.39286625 1.25208533
v -2.45951221 -1.37798536 1.25208533
v -2.46367596 -1.39286625 1.24312252
v -2.46367596 -1.37798536 1.24312252
v -2.78385399 -1.37798727 2.73620635
v -2.53163526 -1.39286828 2.73620701
v -2.47263716 -1.39286828 2.73620701
v -2.5706086 -1.39286828 2.73620701
v -2.53280352 -1.39286828 2.7360335
v -2.47263716 -1.37798727 2.73620707
v -2.46367548 -1.39286828 2.7320438
v -2.46367548 -1.37798727 2.7320438
v -2.45951412 -1.39286828 2.72308326
v -2.45951412 -1.37798727 2.72308326
v -2.45951412 -1.39286685 2.12163243
v -2.45951412 -1.37798595 2.12163244
v -2.42436121 -1.39286685 2.05275003
v -2.42436121 -1.37798595 2.05275004
v -2.73158214 -1.39286828 2.73620629
v -2.770555 -1.39286828 2.73620629
v -2.73274944 -1.39286828 2.73603284
v -2.5694413 -1.39286828 2.7360335
v -2.78385303 -1.39286625 1.2389608
v -2.78385303 -1.37798536 1.2389608
v -2.79281566 -1.39286625 1.24312401
v -2.79281566 -1.37798536 1.24312401
v -2.7969775 -1.39286625 1.25208461
v -2.7969775 -1.37798536 1.25208461
v -2.79697798 -1.39286661 1.80633862
v -2.79697798 -1.37798572 1.80633864
v -2.86490724 -1.3928678 1.87851868
v -2.86490724 -1.37798679 1.87851869
v -2.86490724 -1.37798691 2.05779604
v -2.86490724 -1.39286792 2.05779603
v -2.79697798 -1.39286792 2.12622744
v -2.79697798 -1.37798691 2.12622744
v -2.79697798 -1.39286828 2.72308242
v -2.79697798 -1.37798727 2.72308242
v -2.79281566 -1.39286828 2.73204523
v -2.79281566 -1.37798727 2.73204523
v -2.78385399 -1.39286828 2.73620629
v -2.7693877 -1.39286828 2.73603284
v -2.90320442 0.37978524 2.94764972
v -2.85750435 -1.15058959 2.94764864
v -2.90320442 -1.15058959 2.94764864
v -1.99242399 -1.19408339 2.94764972
v -2.85750435 -1.19408381 2.94764864
v -1.99242399 -1.15058923 2.94764972
v -1.98607347 0.379785597 2.94765067
v -1.94672535 -1.15058923 2.94764972
v -2.86385725 0.37978524 2.94764972
v -1.9467263 0.379785597 2.94765067
v -2.86385725 0.582191467 2.94764984
v -1.98607347 0.582191885 2.94765079
vt 0.51535821 0.98325479
vt 0.526062191 0.983205497
vt 0.515688777 0.983205497
vt 0.285945088 0.986368179
vt 0.286031097 0.991661072
vt 0.285945088 0.7324242
vt 0.340258002 0.986364722
vt 0.302411199 0.991661072
vt 0.302411199 0.727128625
vt 0.366366506 0.549759328
vt 0.47769171 0.549759328
vt 0.366366506 0.549759328
vt 0.626814008 0.777813196
vt 0.625671327 0.777813196
vt 0.626814008 0.777813196
vt 0.154792994 0.666289985
vt 0.154827803 0.673721373
vt 0.146512896 0.666289985
vt 0.366366506 0.549759328
vt 0.47769171 0.549759328
vt 0.366366506 0.549759328
vt 0.76196748 0.993442118
vt 0.76196748 0.994579196
vt 0.76196748 0.994579196
vt 0.146512896 0.585779071
vt 0.154792994 0.556060314
vt 0.154936001 0.57907629
vt 0.625671327 0.572592974
vt 0.626808524 0.572592974
vt 0.626808524 0.572592974
vt 0.893109679 0.954586387
vt 0.891966879 0.954586387
vt 0.891966879 0.954586387
vt 0.626808524 0.577514529
vt 0.625671327 0.577514529
vt 0.625671327 0.577514529
vt 0.142801404 0.548620522
vt 0.134378493 0.585779071
vt 0.134378493 0.548620522
vt 0.571968615 0.98325479
vt 0.582672298 0.983205497
vt 0.572299123 0.983205497
vt 0.891966879 0.936944008
vt 0.893109679 0.936944008
vt 0.893109679 0.936944008
vt 0.366366506 0.549759328
vt 0.47769171 0.549759328
vt 0.366366506 0.549759328
vt 0.492435813 0.549759328
vt 0.603761315 0.549759328
vt 0.603761315 0.549759328
vt 0.386610299 0.518018901
vt 0.597604692 0.549270272
vt 0.386610299 0.549270272
vt 0.368032008 0.498712093
vt 0.609547615 0.498712093
vt 0.386610299 0.518018901
vt 0.386610299 0.549270272
vt 0.386610299 0.518018901
vt 0.386610299 0.549270272
vt 0.386610299 0.518018901
vt 0.597604692 0.518018901
vt 0.597604692 0.518018901
vt 0.616182685 0.532284319
vt 0.616182685 0.549270272
vt 0.616182685 0.549270272
vt 0.361396909 0.532284319
vt 0.361396909 0.549270272
vt 0.361396909 0.532284319
vt 0.616182685 0.532284319
vt 0.609547615 0.532284319
vt 0.609547615 0.532284319
vt 0.609547615 0.532284319
vt 0.609547615 0.498712093
vt 0.609547615 0.498712093
vt 0.368032008 0.532284319
vt 0.368032008 0.498712093
vt 0.368032008 0.532284319
vt 0.368032008 0.498712093
vt 0.609547615 0.498712093
vt 0.609547615 0.498712093
vt 0.368032008 0.532284319
vt 0.361396909 0.532284319
vt 0.361396909 0.532284319
vt 0.597604692 0.549270272
vt 0.597604692 0.518018901
vt 0.597604692 0.518018901
vt 0.360349715 0.553296328
vt 0.484900504 0.5540573
vt 0.360349715 0.981170475
vt 0.377969205 0.993414223
vt 0.477781594 0.993414223
vt 0.477781594 0.993414223
vt 0.484900504 0.988279521
vt 0.484900504 0.5540573
vt 0.484900504 0.988279521
vt 0.360349715 0.981170475
vt 0.360349715 0.553296328
vt 0.360349715 0.981170475
vt 0.36236611 0.550548315
vt 0.366366506 0.549759328
vt 0.36236611 0.550548315
vt 0.360349715 0.981170475
vt 0.377969205 0.993414223
vt 0.360349715 0.981170475
vt 0.360349715 0.553296328
vt 0.36236611 0.550548315
vt 0.360349715 0.553296328
vt 0.481680006 0.992278218
vt 0.477781594 0.993414223
vt 0.481680006 0.992278218
vt 0.481458604 0.550800502
vt 0.47769171 0.549759328
vt 0.481458604 0.550800502
vt 0.481680006 0.992278218
vt 0.484900504 0.988279521
vt 0.484900504 0.988279521
vt 0.484900504 0.5540573
vt 0.481458604 0.550800502
vt 0.484900504 0.5540573
vt 0.49234581 0.993414223
vt 0.592158318 0.993414223
vt 0.49234581 0.993414223
vt 0.485226989 0.5540573
vt 0.485226989 0.988279521
vt 0.485226989 0.988279521
vt 0.60977751 0.553296328
vt 0.60977751 0.981170475
vt 0.60977751 0.981170475
vt 0.603761315 0.549759328
vt 0.607761085 0.550548315
vt 0.607761085 0.550548315
vt 0.592158318 0.993414223
vt 0.60977751 0.981170475
vt 0.60977751 0.981170475
vt 0.607761085 0.550548315
vt 0.60977751 0.553296328
vt 0.60977751 0.553296328
vt 0.488447398 0.992278218
vt 0.49234581 0.993414223
vt 0.488447398 0.992278218
vt 0.492435813 0.549759328
vt 0.48866871 0.550800502
vt 0.48866871 0.550800502
vt 0.60977751 0.553296328
vt 0.485226989 0.5540573
vt 0.492435813 0.549759328
vt 0.485226989 0.988279521
vt 0.488447398 0.992278218
vt 0.485226989 0.988279521
vt 0.48866871 0.550800502
vt 0.485226989 0.5540573
vt 0.485226989 0.5540573
vt 0.398553699 0.481877387
vt 0.634524226 0.493763685
vt 0.398549587 0.493682206
vt 0.636404693 0.0665996
vt 0.647137403 0.0666034222
vt 0.646993876 0.481963187
vt 0.289432794 0.7324242
vt 0.301233411 0.727128625
vt 0.301233292 0.991661072
vt 0.891966879 0.716145277
vt 0.893109679 0.716145277
vt 0.891966879 0.716145277
vt 0.603761315 0.549759328
vt 0.492435813 0.549759328
vt 0.603761315 0.549759328
vt 0.765086174 0.539602995
vt 0.893109679 0.539602995
vt 0.765086174 0.539602995
vt 0.756813288 0.993442118
vt 0.756813288 0.994579196
vt 0.756813288 0.993442118
vt 0.154792994 0.548620522
vt 0.194337294 0.55605191
vt 0.154792994 0.556060314
vt 0.0103922999 0.510733008
vt 0.142801404 0.510733008
vt 0.0583593212 0.518164873
vt 0.194337294 0.696745694
vt 0.278922111 0.628402412
vt 0.278922111 0.742793322
vt 0.146512896 0.943524718
vt 0.155078605 0.950956702
vt 0.146512896 0.981412292
vt 0.597604692 0.549270272
vt 0.616182685 0.549270272
vt 0.386610299 0.549270272
vt 0.154936001 0.791391313
vt 0.154792994 0.783959508
vt 0.194337294 0.791391313
vt 0.492435813 0.549759328
vt 0.603761315 0.549759328
vt 0.603761315 0.549759328
vt 0.756813288 0.509536982
vt 0.756813288 0.508399904
vt 0.756813288 0.508399904
vt 0.76196748 0.668930173
vt 0.76196748 0.539602995
vt 0.87505728 0.59959197
vt 0.515688777 0.983205497
vt 0.526392519 0.98325479
vt 0.526062191 0.983205497
vt 0.891972423 0.668930173
vt 0.893109679 0.668930173
vt 0.893109679 0.668930173
vt 0.891966879 0.59959197
vt 0.893109679 0.59959197
vt 0.893109679 0.59959197
vt 0.302405089 0.727128625
vt 0.302411199 0.727128625
vt 0.301233411 0.727128625
vt 0.194337294 0.853031874
vt 0.278922111 0.860463798
vt 0.146512896 0.860463798
vt 0.142801404 0.82111901
vt 0.142801404 0.783959508
vt 0.142801404 0.746072412
vt 0.0103922999 0.860463798
vt 0.0188150406 0.815144181
vt 0.0188150406 0.830008209
vt 0.0583593212 0.77652812
vt 0.134378493 0.783959508
vt 0.0583593212 0.79211992
vt 0.0103922999 0.860463798
vt 0.142801404 0.860463798
vt 0.0103922999 0.860463798
vt 0.142801404 0.746072412
vt 0.0103922999 0.746072412
vt 0.0103922999 0.746072412
vt 0.0188150406 0.753504276
vt 0.0583593212 0.77652812
vt 0.0188150406 0.77652812
vt 0.0188150406 0.815144181
vt 0.0583593212 0.79211992
vt 0.0583593212 0.815144181
vt 0.0583593212 0.830008209
vt 0.0188150406 0.853031874
vt 0.0188150406 0.830008209
vt 0.0583593212 0.77652812
vt 0.0583593212 0.75350368
vt 0.0583593212 0.77652812
vt 0.0583593212 0.753504276
vt 0.0188150406 0.75350368
vt 0.0583593212 0.75350368
vt 0.0583593212 0.77652812
vt 0.0188150406 0.77652812
vt 0.0188150406 0.77652812
vt 0.0188150406 0.77652812
vt 0.0188150406 0.75350368
vt 0.0188150406 0.753504276
vt 0.0583593212 0.815144181
vt 0.0188150406 0.815144181
vt 0.0188150406 0.815144181
vt 0.0583593212 0.79211992
vt 0.0583593212 0.815144181
vt 0.0583593212 0.815144181
vt 0.0583593212 0.79211992
vt 0.0188150406 0.79211992
vt 0.0583593212 0.79211992
vt 0.0188150406 0.79211992
vt 0.0188150406 0.815144181
vt 0.0188150406 0.79211992
vt 0.0188150406 0.830008209
vt 0.0583593212 0.830008209
vt 0.0583593212 0.830008209
vt 0.0583593212 0.853031874
vt 0.0583593212 0.830008209
vt 0.0583593212 0.853031874
vt 0.0583593212 0.815144181
vt 0.0188150406 0.830008209
vt 0.0188150406 0.815144181
vt 0.0583593212 0.853031874
vt 0.0188150406 0.853031874
vt 0.0188150406 0.853031874
vt 0.0188150406 0.830008209
vt 0.0188150406 0.853031874
vt 0.0188150406 0.853031874
vt 0.0103922999 0.746072412
vt 0.0103922999 0.860463798
vt 0.0103922999 0.746072412
vt 0.142801404 0.822576225
vt 0.134378493 0.822576225
vt 0.134378493 0.822576225
vt 0.134378493 0.82111901
vt 0.142801404 0.822576225
vt 0.134378493 0.822576225
vt 0.134378493 0.782502294
vt 0.142801404 0.783959508
vt 0.134378493 0.783959508
vt 0.142801404 0.783959508
vt 0.134378493 0.783959508
vt 0.134378493 0.783959508
vt 0.142801404 0.782502294
vt 0.134378493 0.782502294
vt 0.134378493 0.782502294
vt 0.134378493 0.783959508
vt 0.134378493 0.782502294
vt 0.134378493 0.783959508
vt 0.134378493 0.822576225
vt 0.134378493 0.82111901
vt 0.134378493 0.82111901
vt 0.142801404 0.82111901
vt 0.134378493 0.82111901
vt 0.134378493 0.82111901
vt 0.0188150406 0.674449921
vt 0.0103922999 0.628402412
vt 0.0188150406 0.658858716
vt 0.0583593212 0.635834277
vt 0.0103922999 0.628402412
vt 0.142801404 0.628402412
vt 0.0103922999 0.742793322
vt 0.142801404 0.742793918
vt 0.0103922999 0.742793918
vt 0.142801404 0.628402412
vt 0.0103922999 0.628402412
vt 0.0103922999 0.628403008
vt 0.0583593212 0.635834277
vt 0.0188150406 0.658858716
vt 0.0188150406 0.635834277
vt 0.0188150406 0.697474301
vt 0.0583593212 0.674450517
vt 0.0583593212 0.697474301
vt 0.0583593212 0.712337613
vt 0.0188150406 0.735361874
vt 0.0188150406 0.712337613
vt 0.0583593212 0.658858716
vt 0.0583593212 0.635834277
vt 0.0583593212 0.658858716
vt 0.0188150406 0.635834277
vt 0.0188150406 0.658858716
vt 0.0188150406 0.658858716
vt 0.0583593212 0.635834277
vt 0.0188150406 0.635834277
vt 0.0583593212 0.635834277
vt 0.0583593212 0.658858716
vt 0.0188150406 0.658858716
vt 0.0188150406 0.658858716
vt 0.0583593212 0.697474301
vt 0.0583593212 0.674449921
vt 0.0583593212 0.697474301
vt 0.0583593212 0.697474301
vt 0.0188150406 0.697474301
vt 0.0188150406 0.697474301
vt 0.0583593212 0.674450517
vt 0.0188150406 0.674449921
vt 0.0583593212 0.674449921
vt 0.0188150406 0.697474301
vt 0.0188150406 0.674449921
vt 0.0188150406 0.674450517
vt 0.0583593212 0.712337613
vt 0.0583593212 0.735361874
vt 0.0583593212 0.735361874
vt 0.0188150406 0.712337613
vt 0.0583593212 0.712337613
vt 0.0583593212 0.712337613
vt 0.0583593212 0.735361874
vt 0.0188150406 0.735361874
vt 0.0188150406 0.735361874
vt 0.0188150406 0.712337613
vt 0.0188150406 0.735361874
vt 0.0188150406 0.712337613
vt 0.0103922999 0.628402412
vt 0.0103922999 0.742793918
vt 0.0103922999 0.628403008
vt 0.134378493 0.703448474
vt 0.142801404 0.704906225
vt 0.134378493 0.704906225
vt 0.142801404 0.704906225
vt 0.134378493 0.704905629
vt 0.134378493 0.704906225
vt 0.142801404 0.666289985
vt 0.134378493 0.666289985
vt 0.134378493 0.666289985
vt 0.134378493 0.66483289
vt 0.142801404 0.666289985
vt 0.134378493 0.666289985
vt 0.134378493 0.66483289
vt 0.134378493 0.666289985
vt 0.134378493 0.666289985
vt 0.134378493 0.703448474
vt 0.134378493 0.704906225
vt 0.134378493 0.704905629
vt 0.142801404 0.703448474
vt 0.134378493 0.703448474
vt 0.134378493 0.703448474
vt 0.142801404 0.664832294
vt 0.134378493 0.66483289
vt 0.134378493 0.66483289
vt 0.142801404 0.510733008
vt 0.142801404 0.585779071
vt 0.142801404 0.548620522
vt 0.142801404 0.628402412
vt 0.142801404 0.703448474
vt 0.142801404 0.666289985
vt 0.142801404 0.510733008
vt 0.0103922999 0.510733008
vt 0.0103922999 0.510733008
vt 0.0103922999 0.625123918
vt 0.142801404 0.625123918
vt 0.0103922999 0.625123918
vt 0.0583593212 0.518164873
vt 0.0188150406 0.541188717
vt 0.0188150406 0.518164873
vt 0.0188150406 0.579804897
vt 0.0583593212 0.556780517
vt 0.0583593212 0.579804897
vt 0.0583593212 0.59466809
vt 0.0188150406 0.617691875
vt 0.0188150406 0.59466809
vt 0.0583593212 0.541188717
vt 0.0583593212 0.518164873
vt 0.0583593212 0.541188717
vt 0.0583593212 0.518164873
vt 0.0188150406 0.518164873
vt 0.0583593212 0.518164873
vt 0.0188150406 0.518164873
vt 0.0188150406 0.541188717
vt 0.0188150406 0.541188717
vt 0.0583593212 0.541188717
vt 0.0188150406 0.541188717
vt 0.0188150406 0.541188717
vt 0.0583593212 0.579804897
vt 0.0188150406 0.579804897
vt 0.0188150406 0.579804897
vt 0.0583593212 0.556780517
vt 0.0188150406 0.556780517
vt 0.0583593212 0.556780517
vt 0.0583593212 0.579804897
vt 0.0583593212 0.556780517
vt 0.0583593212 0.579804897
vt 0.0188150406 0.556780517
vt 0.0188150406 0.579804897
vt 0.0188150406 0.579804897
vt 0.0583593212 0.617691875
vt 0.0583593212 0.59466809
vt 0.0583593212 0.617691875
vt 0.0583593212 0.59466809
vt 0.0188150406 0.59466809
vt 0.0583593212 0.59466809
vt 0.0583593212 0.617691875
vt 0.0188150406 0.617691875
vt 0.0188150406 0.617691875
vt 0.0188150406 0.59466809
vt 0.0188150406 0.617691875
vt 0.0188150406 0.617691875
vt 0.0103922999 0.510733008
vt 0.0103922999 0.625123918
vt 0.0103922999 0.510733008
vt 0.134378493 0.585779071
vt 0.142801404 0.587236226
vt 0.134378493 0.587236226
vt 0.142801404 0.587236226
vt 0.134378493 0.587236226
vt 0.134378493 0.587236226
vt 0.142801404 0.585779071
vt 0.134378493 0.585779071
vt 0.134378493 0.585779071
vt 0.142801404 0.548620522
vt 0.134378493 0.548620522
vt 0.134378493 0.548620522
vt 0.134378493 0.547162771
vt 0.142801404 0.548620522
vt 0.134378493 0.548620522
vt 0.142801404 0.547162771
vt 0.134378493 0.547162771
vt 0.134378493 0.547162771
vt 0.134378493 0.547162771
vt 0.134378493 0.548620522
vt 0.134378493 0.548620522
vt 0.134378493 0.585779071
vt 0.134378493 0.587236226
vt 0.134378493 0.587236226
vt 0.146512896 0.510733008
vt 0.146512896 0.548620522
vt 0.146512896 0.585779071
vt 0.278922111 0.510733008
vt 0.146512896 0.510733008
vt 0.146512896 0.510733008
vt 0.146512896 0.587236226
vt 0.154792994 0.587236226
vt 0.154827997 0.594676375
vt 0.146512896 0.625123918
vt 0.278922111 0.625123918
vt 0.146512896 0.625123918
vt 0.278922111 0.625123918
vt 0.278922111 0.510733008
vt 0.278922111 0.510733008
vt 0.154792994 0.548620522
vt 0.146512896 0.547162771
vt 0.154792994 0.547162771
vt 0.146512896 0.547162771
vt 0.154792994 0.547162771
vt 0.154792994 0.547162771
vt 0.146512896 0.548620522
vt 0.154792994 0.548620522
vt 0.154792994 0.548620522
vt 0.154792994 0.587236226
vt 0.146512896 0.585779071
vt 0.154792994 0.585779071
vt 0.146512896 0.585779071
vt 0.154792994 0.585779071
vt 0.154792994 0.585779071
vt 0.146512896 0.587236226
vt 0.154792994 0.587236226
vt 0.154792994 0.587236226
vt 0.154792994 0.617691875
vt 0.154827997 0.594676375
vt 0.154792994 0.59466809
vt 0.194337294 0.57907629
vt 0.154792994 0.55605191
vt 0.194337294 0.55605191
vt 0.154792994 0.541188717
vt 0.194337294 0.518164873
vt 0.194337294 0.541188717
vt 0.194337294 0.617691875
vt 0.154792994 0.59466809
vt 0.194337294 0.59466809
vt 0.154792994 0.57907629
vt 0.154792994 0.556060314
vt 0.154792994 0.55605191
vt 0.154792994 0.541188717
vt 0.154827997 0.518183708
vt 0.154792994 0.518164873
vt 0.154936001 0.57907629
vt 0.194337294 0.57907629
vt 0.194337294 0.57907629
vt 0.154936001 0.617691875
vt 0.194337294 0.617691875
vt 0.194337294 0.617691875
vt 0.194337294 0.59466809
vt 0.154827997 0.594676375
vt 0.194337294 0.59466809
vt 0.194337294 0.617691875
vt 0.194337294 0.59466809
vt 0.194337294 0.617691875
vt 0.194337294 0.55605191
vt 0.154792994 0.556060314
vt 0.194337294 0.55605191
vt 0.194337294 0.57907629
vt 0.194337294 0.55605191
vt 0.194337294 0.57907629
vt 0.154936001 0.541188717
vt 0.194337294 0.541188717
vt 0.194337294 0.541188717
vt 0.194337294 0.518164873
vt 0.154827997 0.518183708
vt 0.194337294 0.518164277
vt 0.194337294 0.541188717
vt 0.194337294 0.518164277
vt 0.194337294 0.541188717
vt 0.154792994 0.548620522
vt 0.154792994 0.547162771
vt 0.154792994 0.547162771
vt 0.154792994 0.587236226
vt 0.154792994 0.585779071
vt 0.154792994 0.585779071
vt 0.194337294 0.814415812
vt 0.194337294 0.830008209
vt 0.154792994 0.822576225
vt 0.278922111 0.746072412
vt 0.146512896 0.746072412
vt 0.146512896 0.746072412
vt 0.154936001 0.75350368
vt 0.154936001 0.77652812
vt 0.146512896 0.782502294
vt 0.146512896 0.860463798
vt 0.278922111 0.860463798
vt 0.146512896 0.860463798
vt 0.278922111 0.860463798
vt 0.278922111 0.746072412
vt 0.278922111 0.746072412
vt 0.146512896 0.782502294
vt 0.154792994 0.782502294
vt 0.154792994 0.782502294
vt 0.154792994 0.783959508
vt 0.146512896 0.782502294
vt 0.154792994 0.782502294
vt 0.146512896 0.783959508
vt 0.154792994 0.783959508
vt 0.154792994 0.783959508
vt 0.154792994 0.822576225
vt 0.146512896 0.82111901
vt 0.154792994 0.82111901
vt 0.154792994 0.82111901
vt 0.146512896 0.82111901
vt 0.154792994 0.82111901
vt 0.146512896 0.822576225
vt 0.154792994 0.822576225
vt 0.154792994 0.822576225
vt 0.154792994 0.853031874
vt 0.154936001 0.830008209
vt 0.154792994 0.830008209
vt 0.194337294 0.814415812
vt 0.154792994 0.791391313
vt 0.194337294 0.791391313
vt 0.194337294 0.77652812
vt 0.154792994 0.753504276
vt 0.194337294 0.753504276
vt 0.194337294 0.853031874
vt 0.154792994 0.830008209
vt 0.194337294 0.830008209
vt 0.154936001 0.77652812
vt 0.194337294 0.77652812
vt 0.194337294 0.77652812
vt 0.154792994 0.77652812
vt 0.154936001 0.75350368
vt 0.154792994 0.753504276
vt 0.154936001 0.853031874
vt 0.194337294 0.853031874
vt 0.194337294 0.853031874
vt 0.194337294 0.830008209
vt 0.154936001 0.830008209
vt 0.194337294 0.830008209
vt 0.194337294 0.853031874
vt 0.194337294 0.830008209
vt 0.194337294 0.853031874
vt 0.154936001 0.814415812
vt 0.194337294 0.814415812
vt 0.194337294 0.814415812
vt 0.194337294 0.814415812
vt 0.194337294 0.791391313
vt 0.194337294 0.814415812
vt 0.194337294 0.791391313
vt 0.154936001 0.791391313
vt 0.194337294 0.791391313
vt 0.194337294 0.77652812
vt 0.194337294 0.75350368
vt 0.194337294 0.77652812
vt 0.194337294 0.753504276
vt 0.154936001 0.75350368
vt 0.194337294 0.75350368
vt 0.154936001 0.791391313
vt 0.154792994 0.814415812
vt 0.154936001 0.814415812
vt 0.146512896 0.783959508
vt 0.146512896 0.82111901
vt 0.146512896 0.746072412
vt 0.154792994 0.782502294
vt 0.154792994 0.783959508
vt 0.154792994 0.783959508
vt 0.154792994 0.822576225
vt 0.154792994 0.82111901
vt 0.154792994 0.82111901
vt 0.146512896 0.704906225
vt 0.146512896 0.742793918
vt 0.146512896 0.703448474
vt 0.146512896 0.664832294
vt 0.154792994 0.635838211
vt 0.154936001 0.658858716
vt 0.278922111 0.628402412
vt 0.146512896 0.628402412
vt 0.146512896 0.628402412
vt 0.146512896 0.742793322
vt 0.278922111 0.742793918
vt 0.146512896 0.742793918
vt 0.278922111 0.742793918
vt 0.278922111 0.628402412
vt 0.278922111 0.628402412
vt 0.154792994 0.666289985
vt 0.146512896 0.66483289
vt 0.154792994 0.66483289
vt 0.146512896 0.66483289
vt 0.154792994 0.664832294
vt 0.154792994 0.66483289
vt 0.146512896 0.666289985
vt 0.154792994 0.666289985
vt 0.154792994 0.666289985
vt 0.146512896 0.703448474
vt 0.154792994 0.703448474
vt 0.154792994 0.703448474
vt 0.154792994 0.704906225
vt 0.146512896 0.703448474
vt 0.154792994 0.703448474
vt 0.146512896 0.704905629
vt 0.154792994 0.704906225
vt 0.154792994 0.704905629
vt 0.194337294 0.635834277
vt 0.154792994 0.635838211
vt 0.194337294 0.635834277
vt 0.154792994 0.635838211
vt 0.154792994 0.658858716
vt 0.154936001 0.658858716
vt 0.154792994 0.735361874
vt 0.154827997 0.712341428
vt 0.154792994 0.712337613
vt 0.194337294 0.696745694
vt 0.154792994 0.67372191
vt 0.194337294 0.67372191
vt 0.154792994 0.658858716
vt 0.194337294 0.635834277
vt 0.194337294 0.658858716
vt 0.194337294 0.735361874
vt 0.154792994 0.712337613
vt 0.194337294 0.712337613
vt 0.154936001 0.696745694
vt 0.194337294 0.696745694
vt 0.194337294 0.696745694
vt 0.154792994 0.696745694
vt 0.154827803 0.673721373
vt 0.154792994 0.67372191
vt 0.154936001 0.735361397
vt 0.194337294 0.735361874
vt 0.194337294 0.735361397
vt 0.194337294 0.712337613
vt 0.194337294 0.735361397
vt 0.194337294 0.735361874
vt 0.194337294 0.712337613
vt 0.154827997 0.712341428
vt 0.194337294 0.712337613
vt 0.194337294 0.67372191
vt 0.154827803 0.673721373
vt 0.194337294 0.673721373
vt 0.194337294 0.696745694
vt 0.194337294 0.67372191
vt 0.194337294 0.673721373
vt 0.154936001 0.658858716
vt 0.194337294 0.658858716
vt 0.194337294 0.658858716
vt 0.194337294 0.658858716
vt 0.194337294 0.635834277
vt 0.194337294 0.658858716
vt 0.154792994 0.664832294
vt 0.154792994 0.666289985
vt 0.154792994 0.66483289
vt 0.154792994 0.703448474
vt 0.154792994 0.704905629
vt 0.154792994 0.704906225
vt 0.146512896 0.940246224
vt 0.154936001 0.9328143
vt 0.194337294 0.9328143
vt 0.278922111 0.863742411
vt 0.146512896 0.863742411
vt 0.146512896 0.863742411
vt 0.154827997 0.871177614
vt 0.146512896 0.863742411
vt 0.194337294 0.871174276
vt 0.278922111 0.940246224
vt 0.146512896 0.940246224
vt 0.146512896 0.940246224
vt 0.278922111 0.940246224
vt 0.278922111 0.863742411
vt 0.278922111 0.863742411
vt 0.154792994 0.902358592
vt 0.146512896 0.900901377
vt 0.154792994 0.900901377
vt 0.146512896 0.900901377
vt 0.154792994 0.900901377
vt 0.154792994 0.900901377
vt 0.146512896 0.902358592
vt 0.154792994 0.902358592
vt 0.154792994 0.902358592
vt 0.154792994 0.9328143
vt 0.154936001 0.909790516
vt 0.154792994 0.909790516
vt 0.194337294 0.9328143
vt 0.154792994 0.909790516
vt 0.194337294 0.909790516
vt 0.194337294 0.894198
vt 0.154792994 0.871174276
vt 0.194337294 0.871174276
vt 0.194337294 0.9328143
vt 0.194337294 0.909790516
vt 0.194337294 0.9328143
vt 0.154936001 0.9328143
vt 0.194337294 0.9328143
vt 0.194337294 0.9328143
vt 0.194337294 0.909790516
vt 0.154936001 0.909790516
vt 0.194337294 0.909790516
vt 0.154936001 0.894198
vt 0.194337294 0.894198
vt 0.194337294 0.894198
vt 0.194337294 0.894198
vt 0.194337294 0.871174276
vt 0.194337294 0.894198
vt 0.194337294 0.871174276
vt 0.154827997 0.871177614
vt 0.194337294 0.871174276
vt 0.154792994 0.894198
vt 0.154827997 0.871177614
vt 0.154792994 0.871174276
vt 0.154792994 0.902358592
vt 0.154792994 0.900901377
vt 0.154792994 0.900901377
vt 0.146512896 0.900901377
vt 0.146512896 0.902358592
vt 0.146512896 0.863742411
vt 0.0103922999 0.863742411
vt 0.142801404 0.863742411
vt 0.0583593212 0.871902823
vt 0.0103922999 0.940246224
vt 0.142801404 0.940246224
vt 0.0103922999 0.940246224
vt 0.142801404 0.863742411
vt 0.0103922999 0.863742411
vt 0.0103922999 0.863742411
vt 0.0188150406 0.894926608
vt 0.0583593212 0.871902823
vt 0.0583593212 0.894926608
vt 0.0583593212 0.909790516
vt 0.0188150406 0.9328143
vt 0.0188150406 0.909790516
vt 0.0583593212 0.894926608
vt 0.0583593212 0.871902823
vt 0.0583593212 0.894926608
vt 0.0583593212 0.894926608
vt 0.0188150406 0.894926608
vt 0.0188150406 0.894926608
vt 0.0583593212 0.871902823
vt 0.0188150406 0.871902823
vt 0.0583593212 0.871902823
vt 0.0188150406 0.871902823
vt 0.0188150406 0.894926608
vt 0.0188150406 0.894926608
vt 0.0583593212 0.9328143
vt 0.0583593212 0.909790516
vt 0.0583593212 0.9328143
vt 0.0188150406 0.909790516
vt 0.0583593212 0.909790516
vt 0.0583593212 0.909790516
vt 0.0583593212 0.894926608
vt 0.0188150406 0.909790516
vt 0.0188150406 0.894926608
vt 0.0583593212 0.9328143
vt 0.0188150406 0.9328143
vt 0.0188150406 0.9328143
vt 0.0188150406 0.909790516
vt 0.0188150406 0.9328143
vt 0.0188150406 0.9328143
vt 0.0103922999 0.863742411
vt 0.0103922999 0.940246224
vt 0.0103922999 0.863742411
vt 0.134378493 0.900901377
vt 0.142801404 0.902358592
vt 0.134378493 0.902358592
vt 0.142801404 0.902358592
vt 0.134378493 0.902358592
vt 0.134378493 0.902358592
vt 0.142801404 0.900901377
vt 0.134378493 0.900901377
vt 0.134378493 0.900901377
vt 0.134378493 0.900901377
vt 0.134378493 0.902358592
vt 0.134378493 0.902358592
vt 0.142801404 0.902358592
vt 0.142801404 0.900901377
vt 0.142801404 0.863742411
vt 0.0130137196 0.989426076
vt 0.0130137196 0.984691024
vt 0.0130137196 0.984690309
vt 0.0130137196 0.989426613
vt 0.277117997 0.984691024
vt 0.0130137196 0.984691024
vt 0.277117997 0.989426076
vt 0.0130137196 0.989426613
vt 0.0130137196 0.989426076
vt 0.0130137196 0.989426076
vt 0.277117997 0.984690309
vt 0.277117997 0.989426076
vt 0.277117997 0.984691024
vt 0.0130137196 0.984690309
vt 0.0130137196 0.984691024
vt 0.277117997 0.984691024
vt 0.277117997 0.989426076
vt 0.277117997 0.984690309
vt 0.0103922999 0.981412292
vt 0.142801404 0.981412292
vt 0.0103922999 0.981412292
vt 0.0188150406 0.950956702
vt 0.0103922999 0.943524718
vt 0.0583593212 0.950956702
vt 0.142801404 0.981412292
vt 0.0103922999 0.981412292
vt 0.0583593212 0.973980486
vt 0.0103922999 0.943524718
vt 0.142801404 0.943524718
vt 0.0103922999 0.943524718
vt 0.0583593212 0.950956702
vt 0.0188150406 0.973980486
vt 0.0188150406 0.950956702
vt 0.0583593212 0.973980486
vt 0.0583593212 0.950956702
vt 0.0583593212 0.973980486
vt 0.0583593212 0.950956702
vt 0.0188150406 0.950956702
vt 0.0583593212 0.950956702
vt 0.0188150406 0.950956702
vt 0.0188150406 0.973980486
vt 0.0188150406 0.973980486
vt 0.0583593212 0.973980486
vt 0.0188150406 0.973980486
vt 0.0188150406 0.973980486
vt 0.0103922999 0.943524718
vt 0.0103922999 0.981412292
vt 0.0103922999 0.943524718
vt 0.142801404 0.981412292
vt 0.142801404 0.943524718
vt 0.142801404 0.943524718
vt 0.146512896 0.981412292
vt 0.278922111 0.981412292
vt 0.278922111 0.981412292
vt 0.278922111 0.943524718
vt 0.146512896 0.943524718
vt 0.278922111 0.943524718
vt 0.278922111 0.981412292
vt 0.278922111 0.943524718
vt 0.278922111 0.943524718
vt 0.194622904 0.950956702
vt 0.155078605 0.973980486
vt 0.155078605 0.950956702
vt 0.194622904 0.973980486
vt 0.194622904 0.950956702
vt 0.194622904 0.973980486
vt 0.194622904 0.950956702
vt 0.155078605 0.950956702
vt 0.194622904 0.950956702
vt 0.194622904 0.973980486
vt 0.155078605 0.973980486
vt 0.155078605 0.973980486
vt 0.155078605 0.950956702
vt 0.155078605 0.973980486
vt 0.155078605 0.973980486
vt 0.146512896 0.943524718
vt 0.146512896 0.981412292
vt 0.146512896 0.943524718
vt 0.289432794 0.7324242
vt 0.285533309 0.7324242
vt 0.285945088 0.7324242
vt 0.289432794 0.986368179
vt 0.289022207 0.7324242
vt 0.289432794 0.7324242
vt 0.289432794 0.986368179
vt 0.285533309 0.986368179
vt 0.289022088 0.986368179
vt 0.302405089 0.727128625
vt 0.301264793 0.991661072
vt 0.302405089 0.991661072
vt 0.301233292 0.991661072
vt 0.302411199 0.727128625
vt 0.302411199 0.991661072
vt 0.340258002 0.986364722
vt 0.340258002 0.732424974
vt 0.340258002 0.732424974
vt 0.353125393 0.986364722
vt 0.340258002 0.986364722
vt 0.340258002 0.986364722
vt 0.340258002 0.732424974
vt 0.353125513 0.732424974
vt 0.353125513 0.732424974
vt 0.194622904 0.973980486
vt 0.278922111 0.943524718
vt 0.278922111 0.981412292
vt 0.353125393 0.986364722
vt 0.340258002 0.732424974
vt 0.353125513 0.732424974
vt 0.289022088 0.986368179
vt 0.285533309 0.7324242
vt 0.289022207 0.7324242
vt 0.353125393 0.986364722
vt 0.353125513 0.732424974
vt 0.353125393 0.991661072
vt 0.336133391 0.622968972
vt 0.283853412 0.719431579
vt 0.283853412 0.622968972
vt 0.301264793 0.991661072
vt 0.301233292 0.991661072
vt 0.302405089 0.991661072
vt 0.0583593212 0.617691875
vt 0.0103922999 0.625123918
vt 0.0188150406 0.617691875
vt 0.142801404 0.940246224
vt 0.0583593212 0.9328143
vt 0.134378493 0.902358592
vt 0.0188150406 0.59466809
vt 0.0103922999 0.625123918
vt 0.0188150406 0.579804897
vt 0.291947812 0.4892551
vt 0.592595696 0.01901084
vt 0.592595696 0.4892551
vt 0.592595696 0.4892551
vt 0.592595696 0.01901084
vt 0.592595696 0.01901084
vt 0.291947812 0.4892551
vt 0.291947812 0.01901084
vt 0.291947812 0.4892551
vt 0.291947812 0.4892551
vt 0.592595696 0.4892551
vt 0.592595696 0.4892551
vt 0.291947812 0.01901084
vt 0.592595696 0.01901084
vt 0.592595696 0.01901084
vt 0.154792994 0.902358592
vt 0.194337294 0.909790516
vt 0.154936001 0.909790516
vt 0.592595696 0.4892551
vt 0.291947812 0.01901084
vt 0.592595696 0.01901084
vt 0.592595696 0.4892551
vt 0.592595696 0.01901084
vt 0.592595696 0.01901084
vt 0.291947812 0.4892551
vt 0.291947812 0.01901084
vt 0.291947812 0.4892551
vt 0.291947812 0.4892551
vt 0.592595696 0.4892551
vt 0.592595696 0.4892551
vt 0.291947812 0.01901084
vt 0.592595696 0.01901084
vt 0.291947812 0.01901084
vt 0.76196748 0.993442118
vt 0.76196748 0.994579196
vt 0.76196748 0.994579196
vt 0.623498321 0.487998605
vt 0.910293281 0.487998903
vt 0.623498023 0.487998605
vt 0.623498321 0.0142114703
vt 0.623498023 0.487998605
vt 0.623498023 0.0142114703
vt 0.910293281 0.487998605
vt 0.910293281 0.0142117096
vt 0.910293281 0.487998903
vt 0.910293281 0.0142117096
vt 0.623498023 0.0142114703
vt 0.910293281 0.0142117096
vt 0.910293281 0.0142117096
vt 0.623498321 0.487998605
vt 0.623498321 0.0142114703
vt 0.625671327 0.572592974
vt 0.625671327 0.508399904
vt 0.625671327 0.572592974
vt 0.756813288 0.508399904
vt 0.625671327 0.572592974
vt 0.625671327 0.508399904
vt 0.625671327 0.508399904
vt 0.756813288 0.508399904
vt 0.756813288 0.508399904
vt 0.893109679 0.59959197
vt 0.893109679 0.539602995
vt 0.893109679 0.539602995
vt 0.625671327 0.795455575
vt 0.625671327 0.936944008
vt 0.625671327 0.795455575
vt 0.625671327 0.965557575
vt 0.625671327 0.954586387
vt 0.625671327 0.965557575
vt 0.625671327 0.954586387
vt 0.625671327 0.954586387
vt 0.626814008 0.954586387
vt 0.76196748 0.673851609
vt 0.87505728 0.936944008
vt 0.76196748 0.994579196
vt 0.893109679 0.965557575
vt 0.893109679 0.954586387
vt 0.893109679 0.954586387
vt 0.625671327 0.936944008
vt 0.626814008 0.936944008
vt 0.626814008 0.936944008
vt 0.631000102 0.965557575
vt 0.625671327 0.954586387
vt 0.625671327 0.965557575
vt 0.893109679 0.936944008
vt 0.893109679 0.716145277
vt 0.893109679 0.936944008
vt 0.87505728 0.716145277
vt 0.893109679 0.936944008
vt 0.893109679 0.716145277
vt 0.625671327 0.795455575
vt 0.625671327 0.795455575
vt 0.626814008 0.795455575
vt 0.625671327 0.626880825
vt 0.625671327 0.777813196
vt 0.625671327 0.777813196
vt 0.893109679 0.673851609
vt 0.893109679 0.698503017
vt 0.893109679 0.698503017
vt 0.891966879 0.716145277
vt 0.893109679 0.716145277
vt 0.891966879 0.716145277
vt 0.893109679 0.698503017
vt 0.893109679 0.698503017
vt 0.891966879 0.698503017
vt 0.625671327 0.626880825
vt 0.625671327 0.626880825
vt 0.626814008 0.626880825
vt 0.625671327 0.609238505
vt 0.626814008 0.609238505
vt 0.626814008 0.609238505
vt 0.893109679 0.668930173
vt 0.893109679 0.617234409
vt 0.893109679 0.668930173
vt 0.891966879 0.617234409
vt 0.893109679 0.617234409
vt 0.891966879 0.617234409
vt 0.625671327 0.577514529
vt 0.625671327 0.609238505
vt 0.625671327 0.577514529
vt 0.643723428 0.936944008
vt 0.643723428 0.954586387
vt 0.643723428 0.954586387
vt 0.643723428 0.936944008
vt 0.643723428 0.954586387
vt 0.643723428 0.936944008
vt 0.643723428 0.609238505
vt 0.643723428 0.626880825
vt 0.643723428 0.609238505
vt 0.643723428 0.626880825
vt 0.643723428 0.609238505
vt 0.643723428 0.626880825
vt 0.643723428 0.777813196
vt 0.643723428 0.795455575
vt 0.643723428 0.795455575
vt 0.643723428 0.777813196
vt 0.643723428 0.795455575
vt 0.643723428 0.777813196
vt 0.756813288 0.994579196
vt 0.643723428 0.777813196
vt 0.756813288 0.577514529
vt 0.756813288 0.994579196
vt 0.631000102 0.994579196
vt 0.756813288 0.994579196
vt 0.631000102 0.965557575
vt 0.631000102 0.994579196
vt 0.631000102 0.965557575
vt 0.76196748 0.668930173
vt 0.76196748 0.539602995
vt 0.87505728 0.59959197
vt 0.87505728 0.59959197
vt 0.87505728 0.617234409
vt 0.87505728 0.59959197
vt 0.87505728 0.617234409
vt 0.87505728 0.59959197
vt 0.87505728 0.617234409
vt 0.887780905 0.965557575
vt 0.893109679 0.954586387
vt 0.87505728 0.954586387
vt 0.87505728 0.936944008
vt 0.87505728 0.954586387
vt 0.87505728 0.954586387
vt 0.87505728 0.954586387
vt 0.87505728 0.936944008
vt 0.87505728 0.936944008
vt 0.87505728 0.698503017
vt 0.87505728 0.716145277
vt 0.87505728 0.716145277
vt 0.87505728 0.716145277
vt 0.87505728 0.698503017
vt 0.87505728 0.698503017
vt 0.887780905 0.965557575
vt 0.887780905 0.994579196
vt 0.887780905 0.994579196
vt 0.76196748 0.994579196
vt 0.887780905 0.994579196
vt 0.887780905 0.994579196
vt 0.76196748 0.668930173
vt 0.76196748 0.539602995
vt 0.76196748 0.668930173
vt 0.756813288 0.994579196
vt 0.756813288 0.993442118
vt 0.756813288 0.993442118
vt 0.891972423 0.673851609
vt 0.893109679 0.673851609
vt 0.891972423 0.673851609
vt 0.76196748 0.539602995
vt 0.76196748 0.668930173
vt 0.76196748 0.668930173
vt 0.893109679 0.965557575
vt 0.887780905 0.965557575
vt 0.893109679 0.965557575
vt 0.631000102 0.965557575
vt 0.625671327 0.965557575
vt 0.631000102 0.965557575
vt 0.626814008 0.954586387
vt 0.625671327 0.954586387
vt 0.625671327 0.954586387
vt 0.765086174 0.509536982
vt 0.756813288 0.509536982
vt 0.765086174 0.509536982
vt 0.765086174 0.539602995
vt 0.765086174 0.509536982
vt 0.765086174 0.509536982
vt 0.756813288 0.993442118
vt 0.76196748 0.993442118
vt 0.756813288 0.993442118
vt 0.756813288 0.577514529
vt 0.76196748 0.539602995
vt 0.76196748 0.668930173
vt 0.891972423 0.673851609
vt 0.891972423 0.668930173
vt 0.891972423 0.673851609
vt 0.626808524 0.577514529
vt 0.626808524 0.572592974
vt 0.626808524 0.577514529
vt 0.626814008 0.795455575
vt 0.626814008 0.777813196
vt 0.626814008 0.795455575
vt 0.643723428 0.795455575
vt 0.626814008 0.777813196
vt 0.643723428 0.777813196
vt 0.891966879 0.936944008
vt 0.891966879 0.954586387
vt 0.891966879 0.936944008
vt 0.891966879 0.936944008
vt 0.87505728 0.954586387
vt 0.87505728 0.936944008
vt 0.891966879 0.954586387
vt 0.87505728 0.936944008
vt 0.87505728 0.954586387
vt 0.891966879 0.716145277
vt 0.891966879 0.698503017
vt 0.891966879 0.716145277
vt 0.87505728 0.716145277
vt 0.891966879 0.698503017
vt 0.87505728 0.698503017
vt 0.891966879 0.698503017
vt 0.87505728 0.716145277
vt 0.87505728 0.698503017
vt 0.626814008 0.609238505
vt 0.626814008 0.626880825
vt 0.626814008 0.609238505
vt 0.643723428 0.609238505
vt 0.626814008 0.626880825
vt 0.626814008 0.609238505
vt 0.643723428 0.936944008
vt 0.626814008 0.954586387
vt 0.626814008 0.936944008
vt 0.626814008 0.936944008
vt 0.626814008 0.954586387
vt 0.626814008 0.936944008
vt 0.643723428 0.936944008
vt 0.626814008 0.954586387
vt 0.643723428 0.954586387
vt 0.87505728 0.617234409
vt 0.891966879 0.59959197
vt 0.891966879 0.617234409
vt 0.891966879 0.617234409
vt 0.891966879 0.59959197
vt 0.891966879 0.617234409
vt 0.87505728 0.617234409
vt 0.891966879 0.59959197
vt 0.87505728 0.59959197
vt 0.360349715 0.553296328
vt 0.484900504 0.5540573
vt 0.360349715 0.981170475
vt 0.377969205 0.993414223
vt 0.477781594 0.993414223
vt 0.477781594 0.993414223
vt 0.484900504 0.988279521
vt 0.484900504 0.5540573
vt 0.484900504 0.988279521
vt 0.360349715 0.981170475
vt 0.360349715 0.553296328
vt 0.360349715 0.981170475
vt 0.36236611 0.550548315
vt 0.366366506 0.549759328
vt 0.36236611 0.550548315
vt 0.360349715 0.981170475
vt 0.377969205 0.993414223
vt 0.360349715 0.981170475
vt 0.360349715 0.553296328
vt 0.36236611 0.550548315
vt 0.360349715 0.553296328
vt 0.477781594 0.993414223
vt 0.481680006 0.992278218
vt 0.481680006 0.992278218
vt 0.481458604 0.550800502
vt 0.47769171 0.549759328
vt 0.481458604 0.550800502
vt 0.481680006 0.992278218
vt 0.484900504 0.988279521
vt 0.484900504 0.988279521
vt 0.484900504 0.5540573
vt 0.481458604 0.550800502
vt 0.484900504 0.5540573
vt 0.49234581 0.993414223
vt 0.592158318 0.993414223
vt 0.49234581 0.993414223
vt 0.485226989 0.5540573
vt 0.485226989 0.988279521
vt 0.485226989 0.988279521
vt 0.60977751 0.553296328
vt 0.60977751 0.981170475
vt 0.60977751 0.981170475
vt 0.603761315 0.549759328
vt 0.607761085 0.550548315
vt 0.607761085 0.550548315
vt 0.592158318 0.993414223
vt 0.60977751 0.981170475
vt 0.60977751 0.981170475
vt 0.607761085 0.550548315
vt 0.60977751 0.553296328
vt 0.60977751 0.553296328
vt 0.488447398 0.992278218
vt 0.49234581 0.993414223
vt 0.488447398 0.992278218
vt 0.492435813 0.549759328
vt 0.48866871 0.550800502
vt 0.48866871 0.550800502
vt 0.60977751 0.553296328
vt 0.485226989 0.5540573
vt 0.492435813 0.549759328
vt 0.485226989 0.988279521
vt 0.488447398 0.992278218
vt 0.488447398 0.992278218
vt 0.485226989 0.5540573
vt 0.48866871 0.550800502
vt 0.485226989 0.5540573
vt 0.494939208 0.726819396
vt 0.484986603 0.741021574
vt 0.494939208 0.726819396
vt 0.494939208 0.563061714
vt 0.494939208 0.726819396
vt 0.494939208 0.563061714
vt 0.496117711 0.560524106
vt 0.494939208 0.563061714
vt 0.496117711 0.560524106
vt 0.498654693 0.55934602
vt 0.496117711 0.560524106
vt 0.498654693 0.55934602
vt 0.496117085 0.98207593
vt 0.498654693 0.98325479
vt 0.496117085 0.98207593
vt 0.494939208 0.979539216
vt 0.496117085 0.98207593
vt 0.494939208 0.979539216
vt 0.494939208 0.809252679
vt 0.494939208 0.979539216
vt 0.494939208 0.809252679
vt 0.484986603 0.789750516
vt 0.494939208 0.809252679
vt 0.494939208 0.809252679
vt 0.589305699 0.560524881
vt 0.586767912 0.55934602
vt 0.589305699 0.560524881
vt 0.498654693 0.98325479
vt 0.586767912 0.98325479
vt 0.526392519 0.98325479
vt 0.590483904 0.563061714
vt 0.589305699 0.560524881
vt 0.590483904 0.563061714
vt 0.590483904 0.719985425
vt 0.590483904 0.563061714
vt 0.590483904 0.719985425
vt 0.609716475 0.740421295
vt 0.590483904 0.719985425
vt 0.609716475 0.740421295
vt 0.609716475 0.791179419
vt 0.590483904 0.810554028
vt 0.590483904 0.810554028
vt 0.590483904 0.979539216
vt 0.590483904 0.810554028
vt 0.590483904 0.979539216
vt 0.589305103 0.982076585
vt 0.590483904 0.979539216
vt 0.589305103 0.982076585
vt 0.586767912 0.98325479
vt 0.589305103 0.982076585
vt 0.586767912 0.98325479
vt 0.586767912 0.55934602
vt 0.498654693 0.55934602
vt 0.498654693 0.55934602
vt 0.571968615 0.98325479
vt 0.582672298 0.983205497
vt 0.572299123 0.983205497
vt 0.586767912 0.55934602
vt 0.590483904 0.563061714
vt 0.494939208 0.563061714
vt 0.484986603 0.741021574
vt 0.484986603 0.789750516
vt 0.484986603 0.741021574
vt 0.609716475 0.740421295
vt 0.609716475 0.791179419
vt 0.609716475 0.740421295
vt 0.625671327 0.572592974
vt 0.625671327 0.508399904
vt 0.625671327 0.572592974
vt 0.625671327 0.508399904
vt 0.756813288 0.572592974
vt 0.625671327 0.572592974
vt 0.625671327 0.508399904
vt 0.756813288 0.508399904
vt 0.756813288 0.508399904
vt 0.893109679 0.59959197
vt 0.893109679 0.539602995
vt 0.893109679 0.539602995
vt 0.625671327 0.795455575
vt 0.625671327 0.936944008
vt 0.625671327 0.936944008
vt 0.625671327 0.965557575
vt 0.625671327 0.954586387
vt 0.625671327 0.965557575
vt 0.893109679 0.936944008
vt 0.893109679 0.936944008
vt 0.891966879 0.936944008
vt 0.893109679 0.965557575
vt 0.893109679 0.954586387
vt 0.893109679 0.954586387
vt 0.625671327 0.936944008
vt 0.626814008 0.936944008
vt 0.626814008 0.936944008
vt 0.631000102 0.965557575
vt 0.625671327 0.954586387
vt 0.625671327 0.965557575
vt 0.893109679 0.936944008
vt 0.893109679 0.716145277
vt 0.893109679 0.936944008
vt 0.87505728 0.716145277
vt 0.893109679 0.936944008
vt 0.893109679 0.716145277
vt 0.891966879 0.954586387
vt 0.893109679 0.954586387
vt 0.891966879 0.954586387
vt 0.625671327 0.626880825
vt 0.625671327 0.777813196
vt 0.625671327 0.777813196
vt 0.625671327 0.777813196
vt 0.626814008 0.777813196
vt 0.626814008 0.777813196
vt 0.625671327 0.795455575
vt 0.625671327 0.795455575
vt 0.626814008 0.795455575
vt 0.756813288 0.577514529
vt 0.756813288 0.994579196
vt 0.643723428 0.777813196
vt 0.893109679 0.673851609
vt 0.893109679 0.698503017
vt 0.893109679 0.698503017
vt 0.891966879 0.698503017
vt 0.893109679 0.698503017
vt 0.893109679 0.698503017
vt 0.626814008 0.626880825
vt 0.625671327 0.626880825
vt 0.625671327 0.626880825
vt 0.893109679 0.668930173
vt 0.893109679 0.617234409
vt 0.893109679 0.668930173
vt 0.891966879 0.59959197
vt 0.893109679 0.59959197
vt 0.893109679 0.59959197
vt 0.891966879 0.617234409
vt 0.893109679 0.617234409
vt 0.891966879 0.617234409
vt 0.625671327 0.577514529
vt 0.625671327 0.609238505
vt 0.625671327 0.609238505
vt 0.626814008 0.609238505
vt 0.625671327 0.609238505
vt 0.626814008 0.609238505
vt 0.643723428 0.936944008
vt 0.643723428 0.954586387
vt 0.643723428 0.954586387
vt 0.643723428 0.936944008
vt 0.643723428 0.954586387
vt 0.643723428 0.954586387
vt 0.643723428 0.609238505
vt 0.643723428 0.626880825
vt 0.643723428 0.609238505
vt 0.643723428 0.626880825
vt 0.643723428 0.609238505
vt 0.643723428 0.626880825
vt 0.643723428 0.777813196
vt 0.643723428 0.795455575
vt 0.643723428 0.795455575
vt 0.643723428 0.777813196
vt 0.643723428 0.795455575
vt 0.643723428 0.777813196
vt 0.756813288 0.994579196
vt 0.631000102 0.994579196
vt 0.756813288 0.994579196
vt 0.631000102 0.965557575
vt 0.631000102 0.994579196
vt 0.631000102 0.965557575
vt 0.87505728 0.59959197
vt 0.87505728 0.617234409
vt 0.87505728 0.59959197
vt 0.87505728 0.617234409
vt 0.87505728 0.59959197
vt 0.87505728 0.617234409
vt 0.887780905 0.965557575
vt 0.893109679 0.954586387
vt 0.87505728 0.954586387
vt 0.87505728 0.936944008
vt 0.87505728 0.954586387
vt 0.87505728 0.954586387
vt 0.87505728 0.954586387
vt 0.76196748 0.994579196
vt 0.87505728 0.936944008
vt 0.87505728 0.954586387
vt 0.87505728 0.936944008
vt 0.87505728 0.936944008
vt 0.87505728 0.698503017
vt 0.87505728 0.716145277
vt 0.87505728 0.716145277
vt 0.87505728 0.716145277
vt 0.87505728 0.698503017
vt 0.87505728 0.698503017
vt 0.887780905 0.965557575
vt 0.887780905 0.994579196
vt 0.887780905 0.994579196
vt 0.76196748 0.994579196
vt 0.887780905 0.994579196
vt 0.887780905 0.994579196
vt 0.76196748 0.668930173
vt 0.76196748 0.539602995
vt 0.76196748 0.668930173
vt 0.891972423 0.668930173
vt 0.893109679 0.668930173
vt 0.893109679 0.668930173
vt 0.891972423 0.673851609
vt 0.893109679 0.673851609
vt 0.891972423 0.673851609
vt 0.626808524 0.572592974
vt 0.625671327 0.572592974
vt 0.626808524 0.572592974
vt 0.625671327 0.577514529
vt 0.625671327 0.577514529
vt 0.626808524 0.577514529
vt 0.76196748 0.539602995
vt 0.76196748 0.668930173
vt 0.76196748 0.668930173
vt 0.893109679 0.965557575
vt 0.887780905 0.965557575
vt 0.893109679 0.965557575
vt 0.631000102 0.965557575
vt 0.625671327 0.965557575
vt 0.631000102 0.965557575
vt 0.765086174 0.509536982
vt 0.756813288 0.509536982
vt 0.765086174 0.509536982
vt 0.765086174 0.539602995
vt 0.765086174 0.509536982
vt 0.765086174 0.509536982
vt 0.756813288 0.993442118
vt 0.76196748 0.993442118
vt 0.756813288 0.993442118
vt 0.756813288 0.509536982
vt 0.756813288 0.508399904
vt 0.756813288 0.508399904
vt 0.891972423 0.673851609
vt 0.891972423 0.668930173
vt 0.891972423 0.673851609
vt 0.626808524 0.577514529
vt 0.626808524 0.572592974
vt 0.626808524 0.577514529
vt 0.756813288 0.577514529
vt 0.756813288 0.572592974
vt 0.76196748 0.539602995
vt 0.765086174 0.539602995
vt 0.893109679 0.539602995
vt 0.893109679 0.539602995
vt 0.626814008 0.795455575
vt 0.626814008 0.777813196
vt 0.626814008 0.795455575
vt 0.643723428 0.795455575
vt 0.626814008 0.777813196
vt 0.643723428 0.777813196
vt 0.891966879 0.936944008
vt 0.891966879 0.954586387
vt 0.891966879 0.936944008
vt 0.87505728 0.936944008
vt 0.891966879 0.954586387
vt 0.87505728 0.954586387
vt 0.891966879 0.954586387
vt 0.87505728 0.936944008
vt 0.87505728 0.954586387
vt 0.891966879 0.716145277
vt 0.891966879 0.698503017
vt 0.891966879 0.716145277
vt 0.891966879 0.716145277
vt 0.87505728 0.698503017
vt 0.87505728 0.716145277
vt 0.87505728 0.698503017
vt 0.891966879 0.716145277
vt 0.87505728 0.716145277
vt 0.626814008 0.609238505
vt 0.626814008 0.626880825
vt 0.626814008 0.609238505
vt 0.643723428 0.609238505
vt 0.626814008 0.626880825
vt 0.626814008 0.609238505
vt 0.643723428 0.954586387
vt 0.626814008 0.936944008
vt 0.643723428 0.936944008
vt 0.626814008 0.936944008
vt 0.626814008 0.954586387
vt 0.626814008 0.954586387
vt 0.643723428 0.936944008
vt 0.626814008 0.954586387
vt 0.643723428 0.954586387
vt 0.87505728 0.59959197
vt 0.891966879 0.617234409
vt 0.87505728 0.617234409
vt 0.891966879 0.617234409
vt 0.891966879 0.59959197
vt 0.891966879 0.617234409
vt 0.87505728 0.59959197
vt 0.891966879 0.617234409
vt 0.891966879 0.59959197
vt 0.360349715 0.553296328
vt 0.484900504 0.5540573
vt 0.360349715 0.981170475
vt 0.377969205 0.993414223
vt 0.477781594 0.993414223
vt 0.477781594 0.993414223
vt 0.484900504 0.988279521
vt 0.484900504 0.5540573
vt 0.484900504 0.988279521
vt 0.360349715 0.981170475
vt 0.360349715 0.553296328
vt 0.360349715 0.981170475
vt 0.60977751 0.553296328
vt 0.60977751 0.981170475
vt 0.485226989 0.5540573
vt 0.36236611 0.550548315
vt 0.366366506 0.549759328
vt 0.36236611 0.550548315
vt 0.360349715 0.981170475
vt 0.377969205 0.993414223
vt 0.360349715 0.981170475
vt 0.360349715 0.553296328
vt 0.36236611 0.550548315
vt 0.360349715 0.553296328
vt 0.477781594 0.993414223
vt 0.481680006 0.992278218
vt 0.481680006 0.992278218
vt 0.481458604 0.550800502
vt 0.47769171 0.549759328
vt 0.481458604 0.550800502
vt 0.481680006 0.992278218
vt 0.484900504 0.988279521
vt 0.484900504 0.988279521
vt 0.484900504 0.5540573
vt 0.481458604 0.550800502
vt 0.484900504 0.5540573
vt 0.49234581 0.993414223
vt 0.592158318 0.993414223
vt 0.592158318 0.993414223
vt 0.485226989 0.5540573
vt 0.485226989 0.988279521
vt 0.485226989 0.988279521
vt 0.60977751 0.553296328
vt 0.60977751 0.981170475
vt 0.60977751 0.981170475
vt 0.603761315 0.549759328
vt 0.607761085 0.550548315
vt 0.607761085 0.550548315
vt 0.592158318 0.993414223
vt 0.60977751 0.981170475
vt 0.60977751 0.981170475
vt 0.607761085 0.550548315
vt 0.60977751 0.553296328
vt 0.60977751 0.553296328
vt 0.488447398 0.992278218
vt 0.49234581 0.993414223
vt 0.488447398 0.992278218
vt 0.492435813 0.549759328
vt 0.48866871 0.550800502
vt 0.48866871 0.550800502
vt 0.485226989 0.988279521
vt 0.488447398 0.992278218
vt 0.485226989 0.988279521
vt 0.48866871 0.550800502
vt 0.485226989 0.5540573
vt 0.485226989 0.5540573
vt 0.484986603 0.741021574
vt 0.494939208 0.726819396
vt 0.494939208 0.726819396
vt 0.494939208 0.563061714
vt 0.494939208 0.726819396
vt 0.494939208 0.563061714
vt 0.496117711 0.560524106
vt 0.494939208 0.563061714
vt 0.496117711 0.560524106
vt 0.498654693 0.55934602
vt 0.496117711 0.560524106
vt 0.498654693 0.55934602
vt 0.496117085 0.98207593
vt 0.498654693 0.98325479
vt 0.496117085 0.98207593
vt 0.494939208 0.979539216
vt 0.496117085 0.98207593
vt 0.494939208 0.979539216
vt 0.494939208 0.809252679
vt 0.494939208 0.979539216
vt 0.494939208 0.809252679
vt 0.484986603 0.789750516
vt 0.494939208 0.809252679
vt 0.494939208 0.809252679
vt 0.589305699 0.560524881
vt 0.586767912 0.55934602
vt 0.589305699 0.560524881
vt 0.498654693 0.98325479
vt 0.586767912 0.98325479
vt 0.526392519 0.98325479
vt 0.590483904 0.563061714
vt 0.589305699 0.560524881
vt 0.590483904 0.563061714
vt 0.590483904 0.719985425
vt 0.590483904 0.563061714
vt 0.590483904 0.719985425
vt 0.609716475 0.740421295
vt 0.590483904 0.719985425
vt 0.609716475 0.740421295
vt 0.609716475 0.791179419
vt 0.590483904 0.810554028
vt 0.590483904 0.810554028
vt 0.590483904 0.979539216
vt 0.590483904 0.810554028
vt 0.590483904 0.979539216
vt 0.589305103 0.982076585
vt 0.590483904 0.979539216
vt 0.589305103 0.982076585
vt 0.586767912 0.98325479
vt 0.589305103 0.982076585
vt 0.586767912 0.98325479
vt 0.498654693 0.55934602
vt 0.586767912 0.55934602
vt 0.498654693 0.55934602
vt 0.586767912 0.55934602
vt 0.590483904 0.563061714
vt 0.494939208 0.563061714
vt 0.484986603 0.741021574
vt 0.484986603 0.789750516
vt 0.484986603 0.741021574
vt 0.609716475 0.740421295
vt 0.609716475 0.791179419
vt 0.609716475 0.740421295
vt 0.261488706 0.481958896
vt 0.0239246394 0.0665168688
vt 0.263365 0.0665996
vt 0.51535821 0.98325479
vt 0.526392519 0.98325479
vt 0.526062191 0.983205497
vt 0.285945088 0.986368179
vt 0.285945088 0.991661072
vt 0.286031097 0.991661072
vt 0.286031097 0.991661072
vt 0.286031187 0.727128625
vt 0.285945088 0.7324242
vt 0.285945088 0.7324242
vt 0.285533309 0.7324242
vt 0.285533309 0.986368179
vt 0.286031187 0.727128625
vt 0.285945088 0.727128625
vt 0.285945088 0.7324242
vt 0.285945088 0.7324242
vt 0.285533309 0.986368179
vt 0.285945088 0.986368179
vt 0.340258002 0.986364722
vt 0.353125393 0.986364722
vt 0.353125393 0.991661072
vt 0.302411199 0.727128625
vt 0.353125513 0.727128625
vt 0.340258002 0.732424974
vt 0.353125513 0.727128625
vt 0.353125513 0.732424974
vt 0.340258002 0.732424974
vt 0.340258002 0.986364722
vt 0.353125393 0.991661072
vt 0.302411199 0.991661072
vt 0.302411199 0.727128625
vt 0.340258002 0.732424974
vt 0.340258002 0.986364722
vt 0.366366506 0.549759328
vt 0.47769171 0.549759328
vt 0.47769171 0.549759328
vt 0.626814008 0.777813196
vt 0.643723428 0.777813196
vt 0.643723428 0.777813196
vt 0.625671327 0.777813196
vt 0.643723428 0.777813196
vt 0.626814008 0.777813196
vt 0.643723428 0.777813196
vt 0.643723428 0.777813196
vt 0.626814008 0.777813196
vt 0.626814008 0.777813196
vt 0.643723428 0.777813196
vt 0.625671327 0.777813196
vt 0.625671327 0.777813196
vt 0.626814008 0.777813196
vt 0.625671327 0.777813196
vt 0.154792994 0.664832294
vt 0.146512896 0.664832294
vt 0.154936001 0.658858716
vt 0.154792994 0.664832294
vt 0.154936001 0.658858716
vt 0.194337294 0.658858716
vt 0.146512896 0.703448474
vt 0.146512896 0.666289985
vt 0.154827803 0.673721373
vt 0.154792994 0.666289985
vt 0.154792994 0.664832294
vt 0.194337294 0.658858716
vt 0.194337294 0.635834277
vt 0.154792994 0.635838211
vt 0.146512896 0.628402412
vt 0.194337294 0.635834277
vt 0.146512896 0.628402412
vt 0.278922111 0.628402412
vt 0.278922111 0.628402412
vt 0.194337294 0.673721373
vt 0.194337294 0.658858716
vt 0.154936001 0.696745694
vt 0.194337294 0.696745694
vt 0.154792994 0.703448474
vt 0.194337294 0.696745694
vt 0.154792994 0.704905629
vt 0.154792994 0.703448474
vt 0.154827997 0.712341428
vt 0.146512896 0.742793322
vt 0.146512896 0.704905629
vt 0.154827997 0.712341428
vt 0.146512896 0.704905629
vt 0.154792994 0.704905629
vt 0.154827803 0.673721373
vt 0.154936001 0.696745694
vt 0.146512896 0.703448474
vt 0.194337294 0.658858716
vt 0.194337294 0.635834277
vt 0.278922111 0.628402412
vt 0.154792994 0.703448474
vt 0.146512896 0.703448474
vt 0.154936001 0.696745694
vt 0.154827997 0.712341428
vt 0.154792994 0.704905629
vt 0.194337294 0.712337613
vt 0.194337294 0.658858716
vt 0.194337294 0.673721373
vt 0.154792994 0.666289985
vt 0.194337294 0.712337613
vt 0.154792994 0.704905629
vt 0.194337294 0.696745694
vt 0.154792994 0.666289985
vt 0.194337294 0.673721373
vt 0.154827803 0.673721373
vt 0.366366506 0.549759328
vt 0.47769171 0.549759328
vt 0.47769171 0.549759328
vt 0.76196748 0.993442118
vt 0.76196748 0.673851609
vt 0.76196748 0.673851609
vt 0.76196748 0.994579196
vt 0.76196748 0.673851609
vt 0.76196748 0.993442118
vt 0.76196748 0.673851609
vt 0.76196748 0.673851609
vt 0.76196748 0.993442118
vt 0.76196748 0.993442118
vt 0.76196748 0.673851609
vt 0.76196748 0.994579196
vt 0.76196748 0.994579196
vt 0.76196748 0.993442118
vt 0.76196748 0.993442118
vt 0.194337294 0.518164277
vt 0.146512896 0.510733008
vt 0.278922111 0.510733008
vt 0.278922111 0.625123918
vt 0.146512896 0.625123918
vt 0.194337294 0.617691875
vt 0.194337294 0.59466809
vt 0.154827997 0.594676375
vt 0.154792994 0.587236226
vt 0.278922111 0.625123918
vt 0.194337294 0.617691875
vt 0.194337294 0.59466809
vt 0.194337294 0.518164277
vt 0.278922111 0.510733008
vt 0.194337294 0.541188717
vt 0.194337294 0.541188717
vt 0.278922111 0.510733008
vt 0.194337294 0.55605191
vt 0.194337294 0.59466809
vt 0.154792994 0.587236226
vt 0.194337294 0.57907629
vt 0.194337294 0.55605191
vt 0.278922111 0.510733008
vt 0.194337294 0.57907629
vt 0.194337294 0.57907629
vt 0.278922111 0.510733008
vt 0.278922111 0.625123918
vt 0.194337294 0.57907629
vt 0.278922111 0.625123918
vt 0.194337294 0.59466809
vt 0.146512896 0.548620522
vt 0.154792994 0.556060314
vt 0.146512896 0.585779071
vt 0.154936001 0.57907629
vt 0.194337294 0.57907629
vt 0.154792994 0.585779071
vt 0.154792994 0.585779071
vt 0.146512896 0.585779071
vt 0.154936001 0.57907629
vt 0.194337294 0.57907629
vt 0.154792994 0.587236226
vt 0.154792994 0.585779071
vt 0.625671327 0.572592974
vt 0.756813288 0.572592974
vt 0.626808524 0.572592974
vt 0.756813288 0.572592974
vt 0.756813288 0.572592974
vt 0.626808524 0.572592974
vt 0.756813288 0.572592974
vt 0.756813288 0.572592974
vt 0.626808524 0.572592974
vt 0.625671327 0.572592974
vt 0.626808524 0.572592974
vt 0.625671327 0.572592974
vt 0.626808524 0.572592974
vt 0.756813288 0.572592974
vt 0.625671327 0.572592974
vt 0.87505728 0.954586387
vt 0.87505728 0.954586387
vt 0.891966879 0.954586387
vt 0.893109679 0.954586387
vt 0.87505728 0.954586387
vt 0.891966879 0.954586387
vt 0.87505728 0.954586387
vt 0.87505728 0.954586387
vt 0.891966879 0.954586387
vt 0.891966879 0.954586387
vt 0.87505728 0.954586387
vt 0.893109679 0.954586387
vt 0.893109679 0.954586387
vt 0.891966879 0.954586387
vt 0.893109679 0.954586387
vt 0.626808524 0.577514529
vt 0.756813288 0.577514529
vt 0.756813288 0.577514529
vt 0.625671327 0.577514529
vt 0.756813288 0.577514529
vt 0.626808524 0.577514529
vt 0.756813288 0.577514529
vt 0.756813288 0.577514529
vt 0.626808524 0.577514529
vt 0.626808524 0.577514529
vt 0.756813288 0.577514529
vt 0.625671327 0.577514529
vt 0.625671327 0.577514529
vt 0.626808524 0.577514529
vt 0.626808524 0.577514529
vt 0.0583593212 0.556780517
vt 0.134378493 0.548620522
vt 0.134378493 0.585779071
vt 0.142801404 0.548620522
vt 0.142801404 0.585779071
vt 0.134378493 0.585779071
vt 0.134378493 0.585779071
vt 0.0583593212 0.579804897
vt 0.0583593212 0.556780517
vt 0.571968615 0.98325479
vt 0.583002925 0.98325479
vt 0.582672298 0.983205497
vt 0.891966879 0.936944008
vt 0.87505728 0.936944008
vt 0.87505728 0.936944008
vt 0.893109679 0.936944008
vt 0.87505728 0.936944008
vt 0.891966879 0.936944008
vt 0.87505728 0.936944008
vt 0.87505728 0.936944008
vt 0.891966879 0.936944008
vt 0.891966879 0.936944008
vt 0.87505728 0.936944008
vt 0.893109679 0.936944008
vt 0.893109679 0.936944008
vt 0.891966879 0.936944008
vt 0.891966879 0.936944008
vt 0.366366506 0.549759328
vt 0.47769171 0.549759328
vt 0.47769171 0.549759328
vt 0.492435813 0.549759328
vt 0.492435813 0.549759328
vt 0.603761315 0.549759328
vt 0.386610299 0.518018901
vt 0.597604692 0.518018901
vt 0.597604692 0.549270272
vt 0.386610299 0.518018901
vt 0.386610299 0.549270272
vt 0.368032008 0.532284319
vt 0.361396909 0.549270272
vt 0.361396909 0.532284319
vt 0.368032008 0.532284319
vt 0.609547615 0.532284319
vt 0.616182685 0.532284319
vt 0.616182685 0.549270272
vt 0.616182685 0.549270272
vt 0.597604692 0.549270272
vt 0.609547615 0.532284319
vt 0.386610299 0.549270272
vt 0.361396909 0.549270272
vt 0.368032008 0.532284319
vt 0.609547615 0.532284319
vt 0.597604692 0.549270272
vt 0.597604692 0.518018901
vt 0.386610299 0.518018901
vt 0.368032008 0.532284319
vt 0.368032008 0.498712093
vt 0.609547615 0.498712093
vt 0.609547615 0.532284319
vt 0.597604692 0.518018901
vt 0.597604692 0.518018901
vt 0.386610299 0.518018901
vt 0.609547615 0.498712093
vt 0.386610299 0.549270272
vt 0.386610299 0.518018901
vt 0.386610299 0.518018901
vt 0.386610299 0.518018901
vt 0.386610299 0.518018901
vt 0.597604692 0.518018901
vt 0.616182685 0.532284319
vt 0.616182685 0.532284319
vt 0.616182685 0.549270272
vt 0.361396909 0.532284319
vt 0.361396909 0.549270272
vt 0.361396909 0.549270272
vt 0.616182685 0.532284319
vt 0.616182685 0.532284319
vt 0.609547615 0.532284319
vt 0.609547615 0.532284319
vt 0.609547615 0.532284319
vt 0.609547615 0.498712093
vt 0.368032008 0.532284319
vt 0.368032008 0.498712093
vt 0.368032008 0.498712093
vt 0.368032008 0.498712093
vt 0.368032008 0.498712093
vt 0.609547615 0.498712093
vt 0.368032008 0.532284319
vt 0.368032008 0.532284319
vt 0.361396909 0.532284319
vt 0.597604692 0.549270272
vt 0.597604692 0.549270272
vt 0.597604692 0.518018901
vt 0.481680006 0.992278218
vt 0.477781594 0.993414223
vt 0.484900504 0.988279521
vt 0.377969205 0.993414223
vt 0.360349715 0.981170475
vt 0.484900504 0.988279521
vt 0.360349715 0.553296328
vt 0.36236611 0.550548315
vt 0.366366506 0.549759328
vt 0.366366506 0.549759328
vt 0.47769171 0.549759328
vt 0.484900504 0.5540573
vt 0.481458604 0.550800502
vt 0.484900504 0.5540573
vt 0.47769171 0.549759328
vt 0.484900504 0.988279521
vt 0.477781594 0.993414223
vt 0.377969205 0.993414223
vt 0.360349715 0.981170475
vt 0.484900504 0.5540573
vt 0.484900504 0.988279521
vt 0.366366506 0.549759328
vt 0.484900504 0.5540573
vt 0.360349715 0.553296328
vt 0.377969205 0.993414223
vt 0.377969205 0.993414223
vt 0.477781594 0.993414223
vt 0.484900504 0.988279521
vt 0.484900504 0.5540573
vt 0.484900504 0.5540573
vt 0.360349715 0.981170475
vt 0.360349715 0.553296328
vt 0.360349715 0.553296328
vt 0.36236611 0.550548315
vt 0.366366506 0.549759328
vt 0.366366506 0.549759328
vt 0.360349715 0.981170475
vt 0.377969205 0.993414223
vt 0.377969205 0.993414223
vt 0.360349715 0.553296328
vt 0.36236611 0.550548315
vt 0.36236611 0.550548315
vt 0.481680006 0.992278218
vt 0.477781594 0.993414223
vt 0.477781594 0.993414223
vt 0.481458604 0.550800502
vt 0.47769171 0.549759328
vt 0.47769171 0.549759328
vt 0.481680006 0.992278218
vt 0.481680006 0.992278218
vt 0.484900504 0.988279521
vt 0.484900504 0.5540573
vt 0.481458604 0.550800502
vt 0.481458604 0.550800502
vt 0.49234581 0.993414223
vt 0.592158318 0.993414223
vt 0.592158318 0.993414223
vt 0.485226989 0.5540573
vt 0.485226989 0.5540573
vt 0.485226989 0.988279521
vt 0.60977751 0.553296328
vt 0.60977751 0.553296328
vt 0.60977751 0.981170475
vt 0.603761315 0.549759328
vt 0.603761315 0.549759328
vt 0.607761085 0.550548315
vt 0.592158318 0.993414223
vt 0.592158318 0.993414223
vt 0.60977751 0.981170475
vt 0.607761085 0.550548315
vt 0.607761085 0.550548315
vt 0.60977751 0.553296328
vt 0.488447398 0.992278218
vt 0.49234581 0.993414223
vt 0.49234581 0.993414223
vt 0.492435813 0.549759328
vt 0.492435813 0.549759328
vt 0.48866871 0.550800502
vt 0.603761315 0.549759328
vt 0.607761085 0.550548315
vt 0.60977751 0.553296328
vt 0.60977751 0.553296328
vt 0.60977751 0.981170475
vt 0.485226989 0.5540573
vt 0.592158318 0.993414223
vt 0.49234581 0.993414223
vt 0.485226989 0.988279521
vt 0.488447398 0.992278218
vt 0.485226989 0.988279521
vt 0.49234581 0.993414223
vt 0.485226989 0.5540573
vt 0.48866871 0.550800502
vt 0.492435813 0.549759328
vt 0.492435813 0.549759328
vt 0.603761315 0.549759328
vt 0.60977751 0.553296328
vt 0.60977751 0.981170475
vt 0.592158318 0.993414223
vt 0.485226989 0.988279521
vt 0.485226989 0.988279521
vt 0.485226989 0.5540573
vt 0.60977751 0.981170475
vt 0.485226989 0.988279521
vt 0.488447398 0.992278218
vt 0.488447398 0.992278218
vt 0.48866871 0.550800502
vt 0.48866871 0.550800502
vt 0.485226989 0.5540573
vt 0.398553699 0.481877387
vt 0.634528279 0.481958896
vt 0.634524226 0.493763685
vt 0.289432794 0.7324242
vt 0.285945088 0.7324242
vt 0.285945088 0.727128625
vt 0.301233292 0.991661072
vt 0.285945088 0.991661072
vt 0.289432794 0.986368179
vt 0.285945088 0.991661072
vt 0.285945088 0.986368179
vt 0.289432794 0.986368179
vt 0.289432794 0.7324242
vt 0.285945088 0.727128625
vt 0.301233411 0.727128625
vt 0.301233292 0.991661072
vt 0.289432794 0.986368179
vt 0.289432794 0.7324242
vt 0.891966879 0.716145277
vt 0.87505728 0.716145277
vt 0.87505728 0.716145277
vt 0.893109679 0.716145277
vt 0.87505728 0.716145277
vt 0.891966879 0.716145277
vt 0.87505728 0.716145277
vt 0.87505728 0.716145277
vt 0.891966879 0.716145277
vt 0.891966879 0.716145277
vt 0.87505728 0.716145277
vt 0.893109679 0.716145277
vt 0.893109679 0.716145277
vt 0.891966879 0.716145277
vt 0.893109679 0.716145277
vt 0.603761315 0.549759328
vt 0.492435813 0.549759328
vt 0.492435813 0.549759328
vt 0.765086174 0.539602995
vt 0.76196748 0.539602995
vt 0.76196748 0.539602995
vt 0.76196748 0.539602995
vt 0.893109679 0.539602995
vt 0.765086174 0.539602995
vt 0.893109679 0.539602995
vt 0.76196748 0.539602995
vt 0.765086174 0.539602995
vt 0.76196748 0.539602995
vt 0.76196748 0.539602995
vt 0.765086174 0.539602995
vt 0.765086174 0.539602995
vt 0.893109679 0.539602995
vt 0.893109679 0.539602995
vt 0.756813288 0.993442118
vt 0.756813288 0.577514529
vt 0.756813288 0.577514529
vt 0.756813288 0.994579196
vt 0.756813288 0.577514529
vt 0.756813288 0.993442118
vt 0.756813288 0.577514529
vt 0.756813288 0.577514529
vt 0.756813288 0.993442118
vt 0.756813288 0.993442118
vt 0.756813288 0.577514529
vt 0.756813288 0.994579196
vt 0.756813288 0.994579196
vt 0.756813288 0.993442118
vt 0.756813288 0.994579196
vt 0.154792994 0.547162771
vt 0.146512896 0.547162771
vt 0.154936001 0.541188717
vt 0.146512896 0.510733008
vt 0.194337294 0.518164277
vt 0.154827997 0.518183708
vt 0.154936001 0.541188717
vt 0.194337294 0.541188717
vt 0.154792994 0.547162771
vt 0.146512896 0.510733008
vt 0.154827997 0.518183708
vt 0.146512896 0.547162771
vt 0.146512896 0.547162771
vt 0.154827997 0.518183708
vt 0.154936001 0.541188717
vt 0.194337294 0.541188717
vt 0.194337294 0.55605191
vt 0.154792994 0.548620522
vt 0.154792994 0.556060314
vt 0.146512896 0.548620522
vt 0.154792994 0.548620522
vt 0.154792994 0.548620522
vt 0.154792994 0.547162771
vt 0.194337294 0.541188717
vt 0.142801404 0.510733008
vt 0.142801404 0.547162771
vt 0.134378493 0.547162771
vt 0.134378493 0.547162771
vt 0.0583593212 0.541188717
vt 0.0583593212 0.518164873
vt 0.0188150406 0.518164873
vt 0.0188150406 0.541188717
vt 0.0103922999 0.510733008
vt 0.142801404 0.510733008
vt 0.134378493 0.547162771
vt 0.0583593212 0.518164873
vt 0.0583593212 0.518164873
vt 0.0188150406 0.518164873
vt 0.0103922999 0.510733008
vt 0.146512896 0.742793322
vt 0.154827997 0.712341428
vt 0.154936001 0.735361397
vt 0.194337294 0.735361397
vt 0.194337294 0.712337613
vt 0.278922111 0.742793322
vt 0.146512896 0.742793322
vt 0.154936001 0.735361397
vt 0.194337294 0.735361397
vt 0.194337294 0.673721373
vt 0.278922111 0.628402412
vt 0.194337294 0.696745694
vt 0.194337294 0.712337613
vt 0.194337294 0.696745694
vt 0.278922111 0.742793322
vt 0.278922111 0.742793322
vt 0.146512896 0.742793322
vt 0.194337294 0.735361397
vt 0.146512896 0.943524718
vt 0.194622904 0.950956702
vt 0.155078605 0.950956702
vt 0.597604692 0.549270272
vt 0.616182685 0.549270272
vt 0.616182685 0.549270272
vt 0.616182685 0.549270272
vt 0.361396909 0.549270272
vt 0.386610299 0.549270272
vt 0.386610299 0.549270272
vt 0.386610299 0.549270272
vt 0.597604692 0.549270272
vt 0.361396909 0.549270272
vt 0.361396909 0.549270272
vt 0.386610299 0.549270272
vt 0.386610299 0.549270272
vt 0.597604692 0.549270272
vt 0.597604692 0.549270272
vt 0.278922111 0.746072412
vt 0.194337294 0.814415812
vt 0.194337294 0.791391313
vt 0.154936001 0.791391313
vt 0.154936001 0.814415812
vt 0.146512896 0.82111901
vt 0.278922111 0.746072412
vt 0.194337294 0.791391313
vt 0.194337294 0.77652812
vt 0.194337294 0.75350368
vt 0.146512896 0.746072412
vt 0.278922111 0.746072412
vt 0.194337294 0.77652812
vt 0.194337294 0.75350368
vt 0.278922111 0.746072412
vt 0.154936001 0.791391313
vt 0.146512896 0.82111901
vt 0.146512896 0.783959508
vt 0.194337294 0.77652812
vt 0.194337294 0.791391313
vt 0.154792994 0.783959508
vt 0.154936001 0.791391313
vt 0.146512896 0.783959508
vt 0.154792994 0.783959508
vt 0.492435813 0.549759328
vt 0.492435813 0.549759328
vt 0.603761315 0.549759328
vt 0.756813288 0.509536982
vt 0.756813288 0.572592974
vt 0.756813288 0.572592974
vt 0.756813288 0.508399904
vt 0.756813288 0.572592974
vt 0.756813288 0.509536982
vt 0.756813288 0.572592974
vt 0.756813288 0.572592974
vt 0.756813288 0.509536982
vt 0.756813288 0.509536982
vt 0.756813288 0.572592974
vt 0.756813288 0.508399904
vt 0.756813288 0.508399904
vt 0.756813288 0.509536982
vt 0.756813288 0.509536982
vt 0.87505728 0.617234409
vt 0.893109679 0.617234409
vt 0.893109679 0.668930173
vt 0.893109679 0.668930173
vt 0.76196748 0.668930173
vt 0.87505728 0.617234409
vt 0.76196748 0.539602995
vt 0.893109679 0.539602995
vt 0.87505728 0.59959197
vt 0.893109679 0.539602995
vt 0.893109679 0.59959197
vt 0.87505728 0.59959197
vt 0.87505728 0.617234409
vt 0.76196748 0.668930173
vt 0.87505728 0.59959197
vt 0.515688777 0.983205497
vt 0.51535821 0.98325479
vt 0.526392519 0.98325479
vt 0.891972423 0.668930173
vt 0.76196748 0.668930173
vt 0.76196748 0.668930173
vt 0.893109679 0.668930173
vt 0.76196748 0.668930173
vt 0.891972423 0.668930173
vt 0.76196748 0.668930173
vt 0.76196748 0.668930173
vt 0.891972423 0.668930173
vt 0.891972423 0.668930173
vt 0.76196748 0.668930173
vt 0.893109679 0.668930173
vt 0.893109679 0.668930173
vt 0.891972423 0.668930173
vt 0.891972423 0.668930173
vt 0.87505728 0.59959197
vt 0.87505728 0.59959197
vt 0.891966879 0.59959197
vt 0.891966879 0.59959197
vt 0.87505728 0.59959197
vt 0.87505728 0.59959197
vt 0.893109679 0.59959197
vt 0.87505728 0.59959197
vt 0.891966879 0.59959197
vt 0.891966879 0.59959197
vt 0.87505728 0.59959197
vt 0.893109679 0.59959197
vt 0.893109679 0.59959197
vt 0.891966879 0.59959197
vt 0.891966879 0.59959197
vt 0.285945088 0.727128625
vt 0.286031187 0.727128625
vt 0.301264793 0.727128625
vt 0.302405089 0.727128625
vt 0.353125513 0.727128625
vt 0.302411199 0.727128625
vt 0.301233411 0.727128625
vt 0.285945088 0.727128625
vt 0.301264793 0.727128625
vt 0.353125513 0.727128625
vt 0.353125513 0.727128625
vt 0.302411199 0.727128625
vt 0.301233411 0.727128625
vt 0.301264793 0.727128625
vt 0.302405089 0.727128625
vt 0.146512896 0.860463798
vt 0.146512896 0.822576225
vt 0.154936001 0.830008209
vt 0.154936001 0.853031874
vt 0.194337294 0.853031874
vt 0.146512896 0.860463798
vt 0.146512896 0.860463798
vt 0.154936001 0.830008209
vt 0.154936001 0.853031874
vt 0.142801404 0.860463798
vt 0.142801404 0.860463798
vt 0.142801404 0.822576225
vt 0.142801404 0.860463798
vt 0.142801404 0.822576225
vt 0.142801404 0.822576225
vt 0.142801404 0.782502294
vt 0.142801404 0.746072412
vt 0.142801404 0.782502294
vt 0.142801404 0.782502294
vt 0.142801404 0.746072412
vt 0.142801404 0.746072412
vt 0.142801404 0.746072412
vt 0.142801404 0.860463798
vt 0.142801404 0.82111901
vt 0.142801404 0.82111901
vt 0.142801404 0.82111901
vt 0.142801404 0.783959508
vt 0.142801404 0.860463798
vt 0.142801404 0.822576225
vt 0.142801404 0.82111901
vt 0.142801404 0.783959508
vt 0.142801404 0.782502294
vt 0.142801404 0.746072412
vt 0.142801404 0.82111901
vt 0.142801404 0.783959508
vt 0.142801404 0.783959508
vt 0.134378493 0.822576225
vt 0.142801404 0.822576225
vt 0.142801404 0.860463798
vt 0.142801404 0.746072412
vt 0.142801404 0.782502294
vt 0.134378493 0.782502294
vt 0.142801404 0.746072412
vt 0.134378493 0.782502294
vt 0.0583593212 0.75350368
vt 0.142801404 0.783959508
vt 0.142801404 0.82111901
vt 0.134378493 0.82111901
vt 0.0583593212 0.79211992
vt 0.134378493 0.82111901
vt 0.0583593212 0.815144181
vt 0.0583593212 0.853031874
vt 0.0583593212 0.830008209
vt 0.134378493 0.822576225
vt 0.0583593212 0.79211992
vt 0.134378493 0.783959508
vt 0.134378493 0.82111901
vt 0.134378493 0.783959508
vt 0.142801404 0.783959508
vt 0.134378493 0.82111901
vt 0.0583593212 0.830008209
vt 0.0583593212 0.815144181
vt 0.134378493 0.822576225
vt 0.0583593212 0.815144181
vt 0.134378493 0.82111901
vt 0.134378493 0.822576225
vt 0.0583593212 0.853031874
vt 0.134378493 0.822576225
vt 0.142801404 0.860463798
vt 0.0103922999 0.746072412
vt 0.142801404 0.746072412
vt 0.0583593212 0.75350368
vt 0.0188150406 0.75350368
vt 0.0188150406 0.77652812
vt 0.0103922999 0.746072412
vt 0.0103922999 0.746072412
vt 0.0583593212 0.75350368
vt 0.0188150406 0.75350368
vt 0.0583593212 0.853031874
vt 0.142801404 0.860463798
vt 0.0103922999 0.860463798
vt 0.0188150406 0.853031874
vt 0.0583593212 0.853031874
vt 0.0103922999 0.860463798
vt 0.0103922999 0.860463798
vt 0.0103922999 0.746072412
vt 0.0188150406 0.79211992
vt 0.0188150406 0.79211992
vt 0.0188150406 0.815144181
vt 0.0103922999 0.860463798
vt 0.0103922999 0.746072412
vt 0.0188150406 0.77652812
vt 0.0188150406 0.79211992
vt 0.0188150406 0.830008209
vt 0.0188150406 0.853031874
vt 0.0103922999 0.860463798
vt 0.0188150406 0.79211992
vt 0.0188150406 0.77652812
vt 0.0583593212 0.77652812
vt 0.0583593212 0.77652812
vt 0.0583593212 0.75350368
vt 0.134378493 0.782502294
vt 0.134378493 0.782502294
vt 0.134378493 0.783959508
vt 0.0583593212 0.77652812
vt 0.0583593212 0.79211992
vt 0.0188150406 0.79211992
vt 0.0583593212 0.77652812
vt 0.0103922999 0.860463798
vt 0.142801404 0.860463798
vt 0.142801404 0.860463798
vt 0.142801404 0.746072412
vt 0.142801404 0.746072412
vt 0.0103922999 0.746072412
vt 0.0188150406 0.753504276
vt 0.0583593212 0.753504276
vt 0.0583593212 0.77652812
vt 0.0188150406 0.815144181
vt 0.0188150406 0.79211992
vt 0.0583593212 0.79211992
vt 0.0583593212 0.830008209
vt 0.0583593212 0.853031874
vt 0.0188150406 0.853031874
vt 0.0583593212 0.77652812
vt 0.0583593212 0.753504276
vt 0.0583593212 0.75350368
vt 0.0583593212 0.753504276
vt 0.0188150406 0.753504276
vt 0.0188150406 0.75350368
vt 0.0583593212 0.77652812
vt 0.0583593212 0.77652812
vt 0.0188150406 0.77652812
vt 0.0188150406 0.77652812
vt 0.0188150406 0.77652812
vt 0.0188150406 0.75350368
vt 0.0583593212 0.815144181
vt 0.0583593212 0.815144181
vt 0.0188150406 0.815144181
vt 0.0583593212 0.79211992
vt 0.0583593212 0.79211992
vt 0.0583593212 0.815144181
vt 0.0583593212 0.79211992
vt 0.0188150406 0.79211992
vt 0.0188150406 0.79211992
vt 0.0188150406 0.79211992
vt 0.0188150406 0.815144181
vt 0.0188150406 0.815144181
vt 0.0188150406 0.830008209
vt 0.0188150406 0.830008209
vt 0.0583593212 0.830008209
vt 0.0583593212 0.853031874
vt 0.0583593212 0.830008209
vt 0.0583593212 0.830008209
vt 0.0583593212 0.815144181
vt 0.0583593212 0.830008209
vt 0.0188150406 0.830008209
vt 0.0583593212 0.853031874
vt 0.0583593212 0.853031874
vt 0.0188150406 0.853031874
vt 0.0188150406 0.830008209
vt 0.0188150406 0.830008209
vt 0.0188150406 0.853031874
vt 0.0103922999 0.746072412
vt 0.0103922999 0.860463798
vt 0.0103922999 0.860463798
vt 0.142801404 0.822576225
vt 0.142801404 0.822576225
vt 0.134378493 0.822576225
vt 0.134378493 0.82111901
vt 0.142801404 0.82111901
vt 0.142801404 0.822576225
vt 0.134378493 0.782502294
vt 0.142801404 0.782502294
vt 0.142801404 0.783959508
vt 0.142801404 0.783959508
vt 0.142801404 0.783959508
vt 0.134378493 0.783959508
vt 0.142801404 0.782502294
vt 0.142801404 0.782502294
vt 0.134378493 0.782502294
vt 0.134378493 0.783959508
vt 0.134378493 0.782502294
vt 0.134378493 0.782502294
vt 0.134378493 0.822576225
vt 0.134378493 0.822576225
vt 0.134378493 0.82111901
vt 0.142801404 0.82111901
vt 0.142801404 0.82111901
vt 0.134378493 0.82111901
vt 0.0188150406 0.697474301
vt 0.0583593212 0.697474301
vt 0.0188150406 0.712337613
vt 0.0583593212 0.697474301
vt 0.0583593212 0.712337613
vt 0.0188150406 0.712337613
vt 0.0583593212 0.658858716
vt 0.0583593212 0.674449921
vt 0.0188150406 0.674449921
vt 0.0188150406 0.674449921
vt 0.0188150406 0.697474301
vt 0.0103922999 0.742793322
vt 0.0188150406 0.735361874
vt 0.0583593212 0.735361874
vt 0.0103922999 0.742793322
vt 0.0188150406 0.697474301
vt 0.0188150406 0.712337613
vt 0.0103922999 0.742793322
vt 0.0583593212 0.735361874
vt 0.142801404 0.742793322
vt 0.0103922999 0.742793322
vt 0.0103922999 0.742793322
vt 0.0103922999 0.628402412
vt 0.0188150406 0.674449921
vt 0.0188150406 0.658858716
vt 0.0583593212 0.658858716
vt 0.0188150406 0.674449921
vt 0.0188150406 0.712337613
vt 0.0188150406 0.735361874
vt 0.0103922999 0.742793322
vt 0.142801404 0.742793322
vt 0.0583593212 0.735361874
vt 0.134378493 0.704905629
vt 0.0583593212 0.712337613
vt 0.0583593212 0.697474301
vt 0.134378493 0.704905629
vt 0.0583593212 0.674449921
vt 0.0583593212 0.658858716
vt 0.134378493 0.666289985
vt 0.0583593212 0.735361874
vt 0.0583593212 0.712337613
vt 0.134378493 0.704905629
vt 0.134378493 0.704905629
vt 0.142801404 0.704905629
vt 0.142801404 0.742793322
vt 0.142801404 0.666289985
vt 0.142801404 0.703448474
vt 0.134378493 0.703448474
vt 0.134378493 0.704905629
vt 0.0583593212 0.697474301
vt 0.134378493 0.703448474
vt 0.134378493 0.666289985
vt 0.142801404 0.666289985
vt 0.134378493 0.703448474
vt 0.134378493 0.703448474
vt 0.0583593212 0.697474301
vt 0.0583593212 0.674449921
vt 0.134378493 0.703448474
vt 0.0583593212 0.674449921
vt 0.134378493 0.666289985
vt 0.134378493 0.66483289
vt 0.134378493 0.666289985
vt 0.0583593212 0.658858716
vt 0.134378493 0.66483289
vt 0.0583593212 0.658858716
vt 0.0583593212 0.635834277
vt 0.142801404 0.628402412
vt 0.142801404 0.664832294
vt 0.134378493 0.66483289
vt 0.0188150406 0.635834277
vt 0.0188150406 0.658858716
vt 0.0103922999 0.628402412
vt 0.142801404 0.628402412
vt 0.134378493 0.66483289
vt 0.0583593212 0.635834277
vt 0.0583593212 0.635834277
vt 0.0188150406 0.635834277
vt 0.0103922999 0.628402412
vt 0.0103922999 0.742793322
vt 0.142801404 0.742793322
vt 0.142801404 0.742793918
vt 0.142801404 0.628402412
vt 0.142801404 0.628402412
vt 0.0103922999 0.628402412
vt 0.0583593212 0.635834277
vt 0.0583593212 0.658858716
vt 0.0188150406 0.658858716
vt 0.0188150406 0.697474301
vt 0.0188150406 0.674450517
vt 0.0583593212 0.674450517
vt 0.0583593212 0.712337613
vt 0.0583593212 0.735361874
vt 0.0188150406 0.735361874
vt 0.0583593212 0.658858716
vt 0.0583593212 0.635834277
vt 0.0583593212 0.635834277
vt 0.0188150406 0.635834277
vt 0.0188150406 0.635834277
vt 0.0188150406 0.658858716
vt 0.0583593212 0.635834277
vt 0.0188150406 0.635834277
vt 0.0188150406 0.635834277
vt 0.0583593212 0.658858716
vt 0.0583593212 0.658858716
vt 0.0188150406 0.658858716
vt 0.0583593212 0.697474301
vt 0.0583593212 0.674450517
vt 0.0583593212 0.674449921
vt 0.0583593212 0.697474301
vt 0.0583593212 0.697474301
vt 0.0188150406 0.697474301
vt 0.0583593212 0.674450517
vt 0.0188150406 0.674450517
vt 0.0188150406 0.674449921
vt 0.0188150406 0.697474301
vt 0.0188150406 0.697474301
vt 0.0188150406 0.674449921
vt 0.0583593212 0.712337613
vt 0.0583593212 0.712337613
vt 0.0583593212 0.735361874
vt 0.0188150406 0.712337613
vt 0.0188150406 0.712337613
vt 0.0583593212 0.712337613
vt 0.0583593212 0.735361874
vt 0.0583593212 0.735361874
vt 0.0188150406 0.735361874
vt 0.0188150406 0.712337613
vt 0.0188150406 0.735361874
vt 0.0188150406 0.735361874
vt 0.0103922999 0.628402412
vt 0.0103922999 0.742793322
vt 0.0103922999 0.742793918
vt 0.134378493 0.703448474
vt 0.142801404 0.703448474
vt 0.142801404 0.704906225
vt 0.142801404 0.704906225
vt 0.142801404 0.704905629
vt 0.134378493 0.704905629
vt 0.142801404 0.666289985
vt 0.142801404 0.666289985
vt 0.134378493 0.666289985
vt 0.134378493 0.66483289
vt 0.142801404 0.66483289
vt 0.142801404 0.666289985
vt 0.134378493 0.66483289
vt 0.134378493 0.66483289
vt 0.134378493 0.666289985
vt 0.134378493 0.703448474
vt 0.134378493 0.703448474
vt 0.134378493 0.704906225
vt 0.142801404 0.703448474
vt 0.142801404 0.703448474
vt 0.134378493 0.703448474
vt 0.142801404 0.664832294
vt 0.142801404 0.66483289
vt 0.134378493 0.66483289
vt 0.142801404 0.547162771
vt 0.142801404 0.547162771
vt 0.142801404 0.510733008
vt 0.142801404 0.625123918
vt 0.142801404 0.625123918
vt 0.142801404 0.587236226
vt 0.142801404 0.625123918
vt 0.142801404 0.587236226
vt 0.142801404 0.587236226
vt 0.142801404 0.547162771
vt 0.142801404 0.510733008
vt 0.142801404 0.510733008
vt 0.142801404 0.585779071
vt 0.142801404 0.548620522
vt 0.142801404 0.585779071
vt 0.142801404 0.548620522
vt 0.142801404 0.547162771
vt 0.142801404 0.510733008
vt 0.142801404 0.510733008
vt 0.142801404 0.625123918
vt 0.142801404 0.585779071
vt 0.142801404 0.585779071
vt 0.142801404 0.548620522
vt 0.142801404 0.548620522
vt 0.142801404 0.625123918
vt 0.142801404 0.587236226
vt 0.142801404 0.585779071
vt 0.142801404 0.742793918
vt 0.142801404 0.742793322
vt 0.142801404 0.704906225
vt 0.142801404 0.742793322
vt 0.142801404 0.704905629
vt 0.142801404 0.704906225
vt 0.142801404 0.664832294
vt 0.142801404 0.628402412
vt 0.142801404 0.66483289
vt 0.142801404 0.66483289
vt 0.142801404 0.628402412
vt 0.142801404 0.628402412
vt 0.142801404 0.628402412
vt 0.142801404 0.742793918
vt 0.142801404 0.703448474
vt 0.142801404 0.703448474
vt 0.142801404 0.703448474
vt 0.142801404 0.666289985
vt 0.142801404 0.742793918
vt 0.142801404 0.704906225
vt 0.142801404 0.703448474
vt 0.142801404 0.666289985
vt 0.142801404 0.66483289
vt 0.142801404 0.628402412
vt 0.142801404 0.703448474
vt 0.142801404 0.666289985
vt 0.142801404 0.666289985
vt 0.142801404 0.510733008
vt 0.142801404 0.510733008
vt 0.0103922999 0.510733008
vt 0.0103922999 0.625123918
vt 0.142801404 0.625123918
vt 0.142801404 0.625123918
vt 0.0583593212 0.518164873
vt 0.0583593212 0.541188717
vt 0.0188150406 0.541188717
vt 0.0188150406 0.579804897
vt 0.0188150406 0.556780517
vt 0.0583593212 0.556780517
vt 0.0583593212 0.59466809
vt 0.0583593212 0.617691875
vt 0.0188150406 0.617691875
vt 0.0583593212 0.541188717
vt 0.0583593212 0.518164873
vt 0.0583593212 0.518164873
vt 0.0583593212 0.518164873
vt 0.0188150406 0.518164873
vt 0.0188150406 0.518164873
vt 0.0188150406 0.518164873
vt 0.0188150406 0.518164873
vt 0.0188150406 0.541188717
vt 0.0583593212 0.541188717
vt 0.0583593212 0.541188717
vt 0.0188150406 0.541188717
vt 0.0583593212 0.579804897
vt 0.0583593212 0.579804897
vt 0.0188150406 0.579804897
vt 0.0583593212 0.556780517
vt 0.0188150406 0.556780517
vt 0.0188150406 0.556780517
vt 0.0583593212 0.579804897
vt 0.0583593212 0.556780517
vt 0.0583593212 0.556780517
vt 0.0188150406 0.556780517
vt 0.0188150406 0.556780517
vt 0.0188150406 0.579804897
vt 0.0583593212 0.617691875
vt 0.0583593212 0.59466809
vt 0.0583593212 0.59466809
vt 0.0583593212 0.59466809
vt 0.0188150406 0.59466809
vt 0.0188150406 0.59466809
vt 0.0583593212 0.617691875
vt 0.0583593212 0.617691875
vt 0.0188150406 0.617691875
vt 0.0188150406 0.59466809
vt 0.0188150406 0.59466809
vt 0.0188150406 0.617691875
vt 0.0103922999 0.510733008
vt 0.0103922999 0.625123918
vt 0.0103922999 0.625123918
vt 0.134378493 0.585779071
vt 0.142801404 0.585779071
vt 0.142801404 0.587236226
vt 0.142801404 0.587236226
vt 0.142801404 0.587236226
vt 0.134378493 0.587236226
vt 0.142801404 0.585779071
vt 0.142801404 0.585779071
vt 0.134378493 0.585779071
vt 0.142801404 0.548620522
vt 0.142801404 0.548620522
vt 0.134378493 0.548620522
vt 0.134378493 0.547162771
vt 0.142801404 0.547162771
vt 0.142801404 0.548620522
vt 0.142801404 0.547162771
vt 0.142801404 0.547162771
vt 0.134378493 0.547162771
vt 0.134378493 0.547162771
vt 0.134378493 0.547162771
vt 0.134378493 0.548620522
vt 0.134378493 0.585779071
vt 0.134378493 0.585779071
vt 0.134378493 0.587236226
vt 0.146512896 0.510733008
vt 0.146512896 0.510733008
vt 0.146512896 0.547162771
vt 0.146512896 0.510733008
vt 0.146512896 0.547162771
vt 0.146512896 0.547162771
vt 0.146512896 0.587236226
vt 0.146512896 0.625123918
vt 0.146512896 0.587236226
vt 0.146512896 0.587236226
vt 0.146512896 0.625123918
vt 0.146512896 0.625123918
vt 0.146512896 0.625123918
vt 0.146512896 0.510733008
vt 0.146512896 0.585779071
vt 0.146512896 0.548620522
vt 0.146512896 0.548620522
vt 0.146512896 0.585779071
vt 0.146512896 0.510733008
vt 0.146512896 0.547162771
vt 0.146512896 0.548620522
vt 0.146512896 0.585779071
vt 0.146512896 0.587236226
vt 0.146512896 0.625123918
vt 0.146512896 0.548620522
vt 0.146512896 0.585779071
vt 0.146512896 0.585779071
vt 0.278922111 0.510733008
vt 0.278922111 0.510733008
vt 0.146512896 0.510733008
vt 0.154936001 0.617691875
vt 0.194337294 0.617691875
vt 0.146512896 0.625123918
vt 0.146512896 0.625123918
vt 0.146512896 0.587236226
vt 0.154827997 0.594676375
vt 0.154827997 0.594676375
vt 0.154936001 0.617691875
vt 0.146512896 0.625123918
vt 0.146512896 0.625123918
vt 0.278922111 0.625123918
vt 0.278922111 0.625123918
vt 0.278922111 0.625123918
vt 0.278922111 0.625123918
vt 0.278922111 0.510733008
vt 0.154792994 0.548620522
vt 0.146512896 0.548620522
vt 0.146512896 0.547162771
vt 0.146512896 0.547162771
vt 0.146512896 0.547162771
vt 0.154792994 0.547162771
vt 0.146512896 0.548620522
vt 0.146512896 0.548620522
vt 0.154792994 0.548620522
vt 0.154792994 0.587236226
vt 0.146512896 0.587236226
vt 0.146512896 0.585779071
vt 0.146512896 0.585779071
vt 0.146512896 0.585779071
vt 0.154792994 0.585779071
vt 0.146512896 0.587236226
vt 0.146512896 0.587236226
vt 0.154792994 0.587236226
vt 0.154792994 0.617691875
vt 0.154936001 0.617691875
vt 0.154827997 0.594676375
vt 0.194337294 0.57907629
vt 0.154792994 0.57907629
vt 0.154792994 0.55605191
vt 0.154792994 0.541188717
vt 0.154792994 0.518164873
vt 0.194337294 0.518164873
vt 0.194337294 0.617691875
vt 0.154792994 0.617691875
vt 0.154792994 0.59466809
vt 0.154792994 0.57907629
vt 0.154936001 0.57907629
vt 0.154792994 0.556060314
vt 0.154792994 0.541188717
vt 0.154936001 0.541188717
vt 0.154827997 0.518183708
vt 0.154936001 0.57907629
vt 0.154792994 0.57907629
vt 0.194337294 0.57907629
vt 0.154936001 0.617691875
vt 0.154792994 0.617691875
vt 0.194337294 0.617691875
vt 0.194337294 0.59466809
vt 0.154792994 0.59466809
vt 0.154827997 0.594676375
vt 0.194337294 0.617691875
vt 0.194337294 0.59466809
vt 0.194337294 0.59466809
vt 0.194337294 0.55605191
vt 0.154792994 0.55605191
vt 0.154792994 0.556060314
vt 0.194337294 0.57907629
vt 0.194337294 0.55605191
vt 0.194337294 0.55605191
vt 0.154936001 0.541188717
vt 0.154792994 0.541188717
vt 0.194337294 0.541188717
vt 0.194337294 0.518164873
vt 0.154792994 0.518164873
vt 0.154827997 0.518183708
vt 0.194337294 0.541188717
vt 0.194337294 0.518164873
vt 0.194337294 0.518164277
vt 0.154792994 0.548620522
vt 0.154792994 0.548620522
vt 0.154792994 0.547162771
vt 0.154792994 0.587236226
vt 0.154792994 0.587236226
vt 0.154792994 0.585779071
vt 0.154792994 0.82111901
vt 0.146512896 0.82111901
vt 0.154936001 0.814415812
vt 0.194337294 0.814415812
vt 0.278922111 0.746072412
vt 0.278922111 0.860463798
vt 0.154792994 0.82111901
vt 0.154936001 0.814415812
vt 0.194337294 0.814415812
vt 0.154936001 0.830008209
vt 0.146512896 0.822576225
vt 0.154792994 0.822576225
vt 0.154792994 0.822576225
vt 0.154792994 0.82111901
vt 0.194337294 0.814415812
vt 0.278922111 0.860463798
vt 0.194337294 0.853031874
vt 0.194337294 0.830008209
vt 0.194337294 0.830008209
vt 0.154936001 0.830008209
vt 0.154792994 0.822576225
vt 0.194337294 0.814415812
vt 0.278922111 0.860463798
vt 0.194337294 0.830008209
vt 0.278922111 0.746072412
vt 0.278922111 0.746072412
vt 0.146512896 0.746072412
vt 0.154792994 0.782502294
vt 0.146512896 0.782502294
vt 0.154936001 0.77652812
vt 0.146512896 0.746072412
vt 0.194337294 0.75350368
vt 0.154936001 0.75350368
vt 0.154936001 0.77652812
vt 0.194337294 0.77652812
vt 0.154792994 0.782502294
vt 0.146512896 0.746072412
vt 0.154936001 0.75350368
vt 0.146512896 0.782502294
vt 0.194337294 0.77652812
vt 0.154792994 0.783959508
vt 0.154792994 0.782502294
vt 0.146512896 0.860463798
vt 0.278922111 0.860463798
vt 0.278922111 0.860463798
vt 0.278922111 0.860463798
vt 0.278922111 0.860463798
vt 0.278922111 0.746072412
vt 0.146512896 0.782502294
vt 0.146512896 0.782502294
vt 0.154792994 0.782502294
vt 0.154792994 0.783959508
vt 0.146512896 0.783959508
vt 0.146512896 0.782502294
vt 0.146512896 0.783959508
vt 0.146512896 0.783959508
vt 0.154792994 0.783959508
vt 0.154792994 0.822576225
vt 0.146512896 0.822576225
vt 0.146512896 0.82111901
vt 0.154792994 0.82111901
vt 0.146512896 0.82111901
vt 0.146512896 0.82111901
vt 0.146512896 0.822576225
vt 0.146512896 0.822576225
vt 0.154792994 0.822576225
vt 0.154792994 0.853031874
vt 0.154936001 0.853031874
vt 0.154936001 0.830008209
vt 0.194337294 0.814415812
vt 0.154792994 0.814415812
vt 0.154792994 0.791391313
vt 0.194337294 0.77652812
vt 0.154792994 0.77652812
vt 0.154792994 0.753504276
vt 0.194337294 0.853031874
vt 0.154792994 0.853031874
vt 0.154792994 0.830008209
vt 0.154936001 0.77652812
vt 0.154792994 0.77652812
vt 0.194337294 0.77652812
vt 0.154792994 0.77652812
vt 0.154936001 0.77652812
vt 0.154936001 0.75350368
vt 0.154936001 0.853031874
vt 0.154792994 0.853031874
vt 0.194337294 0.853031874
vt 0.194337294 0.830008209
vt 0.154792994 0.830008209
vt 0.154936001 0.830008209
vt 0.194337294 0.853031874
vt 0.194337294 0.830008209
vt 0.194337294 0.830008209
vt 0.154936001 0.814415812
vt 0.154792994 0.814415812
vt 0.194337294 0.814415812
vt 0.194337294 0.814415812
vt 0.194337294 0.791391313
vt 0.194337294 0.791391313
vt 0.194337294 0.791391313
vt 0.154792994 0.791391313
vt 0.154936001 0.791391313
vt 0.194337294 0.77652812
vt 0.194337294 0.753504276
vt 0.194337294 0.75350368
vt 0.194337294 0.753504276
vt 0.154792994 0.753504276
vt 0.154936001 0.75350368
vt 0.154936001 0.791391313
vt 0.154792994 0.791391313
vt 0.154792994 0.814415812
vt 0.146512896 0.746072412
vt 0.146512896 0.746072412
vt 0.146512896 0.782502294
vt 0.146512896 0.746072412
vt 0.146512896 0.782502294
vt 0.146512896 0.782502294
vt 0.146512896 0.822576225
vt 0.146512896 0.860463798
vt 0.146512896 0.822576225
vt 0.146512896 0.822576225
vt 0.146512896 0.860463798
vt 0.146512896 0.860463798
vt 0.146512896 0.860463798
vt 0.146512896 0.746072412
vt 0.146512896 0.82111901
vt 0.146512896 0.783959508
vt 0.146512896 0.783959508
vt 0.146512896 0.82111901
vt 0.146512896 0.746072412
vt 0.146512896 0.782502294
vt 0.146512896 0.783959508
vt 0.146512896 0.82111901
vt 0.146512896 0.822576225
vt 0.146512896 0.860463798
vt 0.146512896 0.783959508
vt 0.146512896 0.82111901
vt 0.146512896 0.82111901
vt 0.154792994 0.782502294
vt 0.154792994 0.782502294
vt 0.154792994 0.783959508
vt 0.154792994 0.822576225
vt 0.154792994 0.822576225
vt 0.154792994 0.82111901
vt 0.146512896 0.666289985
vt 0.146512896 0.666289985
vt 0.146512896 0.703448474
vt 0.146512896 0.666289985
vt 0.146512896 0.703448474
vt 0.146512896 0.703448474
vt 0.146512896 0.628402412
vt 0.146512896 0.664832294
vt 0.146512896 0.66483289
vt 0.146512896 0.666289985
vt 0.146512896 0.703448474
vt 0.146512896 0.628402412
vt 0.146512896 0.628402412
vt 0.146512896 0.628402412
vt 0.146512896 0.66483289
vt 0.146512896 0.628402412
vt 0.146512896 0.66483289
vt 0.146512896 0.666289985
vt 0.146512896 0.704905629
vt 0.146512896 0.742793322
vt 0.146512896 0.704906225
vt 0.146512896 0.628402412
vt 0.146512896 0.703448474
vt 0.146512896 0.742793918
vt 0.146512896 0.704906225
vt 0.146512896 0.742793322
vt 0.146512896 0.742793918
vt 0.146512896 0.664832294
vt 0.146512896 0.628402412
vt 0.154792994 0.635838211
vt 0.278922111 0.628402412
vt 0.278922111 0.628402412
vt 0.146512896 0.628402412
vt 0.146512896 0.742793322
vt 0.278922111 0.742793322
vt 0.278922111 0.742793918
vt 0.278922111 0.742793918
vt 0.278922111 0.742793322
vt 0.278922111 0.628402412
vt 0.154792994 0.666289985
vt 0.146512896 0.666289985
vt 0.146512896 0.66483289
vt 0.146512896 0.66483289
vt 0.146512896 0.664832294
vt 0.154792994 0.664832294
vt 0.146512896 0.666289985
vt 0.146512896 0.666289985
vt 0.154792994 0.666289985
vt 0.146512896 0.703448474
vt 0.146512896 0.703448474
vt 0.154792994 0.703448474
vt 0.154792994 0.704906225
vt 0.146512896 0.704906225
vt 0.146512896 0.703448474
vt 0.146512896 0.704905629
vt 0.146512896 0.704906225
vt 0.154792994 0.704906225
vt 0.194337294 0.635834277
vt 0.154792994 0.635834277
vt 0.154792994 0.635838211
vt 0.154792994 0.635838211
vt 0.154792994 0.635834277
vt 0.154792994 0.658858716
vt 0.154792994 0.735361874
vt 0.154936001 0.735361397
vt 0.154827997 0.712341428
vt 0.194337294 0.696745694
vt 0.154792994 0.696745694
vt 0.154792994 0.67372191
vt 0.154792994 0.658858716
vt 0.154792994 0.635834277
vt 0.194337294 0.635834277
vt 0.194337294 0.735361874
vt 0.154792994 0.735361874
vt 0.154792994 0.712337613
vt 0.154936001 0.696745694
vt 0.154792994 0.696745694
vt 0.194337294 0.696745694
vt 0.154792994 0.696745694
vt 0.154936001 0.696745694
vt 0.154827803 0.673721373
vt 0.154936001 0.735361397
vt 0.154792994 0.735361874
vt 0.194337294 0.735361874
vt 0.194337294 0.712337613
vt 0.194337294 0.712337613
vt 0.194337294 0.735361397
vt 0.194337294 0.712337613
vt 0.154792994 0.712337613
vt 0.154827997 0.712341428
vt 0.194337294 0.67372191
vt 0.154792994 0.67372191
vt 0.154827803 0.673721373
vt 0.194337294 0.696745694
vt 0.194337294 0.696745694
vt 0.194337294 0.67372191
vt 0.154936001 0.658858716
vt 0.154792994 0.658858716
vt 0.194337294 0.658858716
vt 0.194337294 0.658858716
vt 0.194337294 0.635834277
vt 0.194337294 0.635834277
vt 0.154792994 0.664832294
vt 0.154792994 0.666289985
vt 0.154792994 0.666289985
vt 0.154792994 0.703448474
vt 0.154792994 0.703448474
vt 0.154792994 0.704905629
vt 0.278922111 0.940246224
vt 0.146512896 0.940246224
vt 0.194337294 0.9328143
vt 0.194337294 0.9328143
vt 0.194337294 0.909790516
vt 0.278922111 0.940246224
vt 0.278922111 0.863742411
vt 0.278922111 0.863742411
vt 0.146512896 0.863742411
vt 0.154827997 0.871177614
vt 0.154936001 0.894198
vt 0.146512896 0.900901377
vt 0.278922111 0.863742411
vt 0.278922111 0.940246224
vt 0.194337294 0.894198
vt 0.278922111 0.863742411
vt 0.194337294 0.894198
vt 0.194337294 0.871174276
vt 0.154827997 0.871177614
vt 0.146512896 0.900901377
vt 0.146512896 0.863742411
vt 0.278922111 0.863742411
vt 0.194337294 0.871174276
vt 0.146512896 0.863742411
vt 0.278922111 0.940246224
vt 0.278922111 0.940246224
vt 0.146512896 0.940246224
vt 0.278922111 0.940246224
vt 0.278922111 0.940246224
vt 0.278922111 0.863742411
vt 0.154792994 0.902358592
vt 0.146512896 0.902358592
vt 0.146512896 0.900901377
vt 0.146512896 0.900901377
vt 0.146512896 0.900901377
vt 0.154792994 0.900901377
vt 0.146512896 0.902358592
vt 0.146512896 0.902358592
vt 0.154792994 0.902358592
vt 0.154792994 0.9328143
vt 0.154936001 0.9328143
vt 0.154936001 0.909790516
vt 0.194337294 0.9328143
vt 0.154792994 0.9328143
vt 0.154792994 0.909790516
vt 0.194337294 0.894198
vt 0.154792994 0.894198
vt 0.154792994 0.871174276
vt 0.194337294 0.9328143
vt 0.194337294 0.909790516
vt 0.194337294 0.909790516
vt 0.154936001 0.9328143
vt 0.154792994 0.9328143
vt 0.194337294 0.9328143
vt 0.194337294 0.909790516
vt 0.154792994 0.909790516
vt 0.154936001 0.909790516
vt 0.154936001 0.894198
vt 0.154792994 0.894198
vt 0.194337294 0.894198
vt 0.194337294 0.894198
vt 0.194337294 0.871174276
vt 0.194337294 0.871174276
vt 0.194337294 0.871174276
vt 0.154792994 0.871174276
vt 0.154827997 0.871177614
vt 0.154792994 0.894198
vt 0.154936001 0.894198
vt 0.154827997 0.871177614
vt 0.154792994 0.902358592
vt 0.154792994 0.902358592
vt 0.154792994 0.900901377
vt 0.146512896 0.940246224
vt 0.146512896 0.863742411
vt 0.146512896 0.902358592
vt 0.146512896 0.863742411
vt 0.146512896 0.900901377
vt 0.146512896 0.900901377
vt 0.146512896 0.902358592
vt 0.146512896 0.902358592
vt 0.146512896 0.940246224
vt 0.146512896 0.863742411
vt 0.146512896 0.863742411
vt 0.146512896 0.900901377
vt 0.146512896 0.902358592
vt 0.146512896 0.940246224
vt 0.146512896 0.940246224
vt 0.0188150406 0.871902823
vt 0.0188150406 0.894926608
vt 0.0103922999 0.863742411
vt 0.0188150406 0.909790516
vt 0.0188150406 0.9328143
vt 0.0103922999 0.940246224
vt 0.142801404 0.863742411
vt 0.142801404 0.900901377
vt 0.134378493 0.900901377
vt 0.134378493 0.900901377
vt 0.134378493 0.902358592
vt 0.0583593212 0.894926608
vt 0.0583593212 0.909790516
vt 0.0583593212 0.894926608
vt 0.134378493 0.902358592
vt 0.142801404 0.863742411
vt 0.134378493 0.900901377
vt 0.0583593212 0.871902823
vt 0.0188150406 0.909790516
vt 0.0103922999 0.940246224
vt 0.0188150406 0.894926608
vt 0.0188150406 0.894926608
vt 0.0103922999 0.940246224
vt 0.0103922999 0.863742411
vt 0.134378493 0.900901377
vt 0.0583593212 0.894926608
vt 0.0583593212 0.871902823
vt 0.0583593212 0.871902823
vt 0.0188150406 0.871902823
vt 0.0103922999 0.863742411
vt 0.0103922999 0.940246224
vt 0.142801404 0.940246224
vt 0.142801404 0.940246224
vt 0.142801404 0.863742411
vt 0.142801404 0.863742411
vt 0.0103922999 0.863742411
vt 0.0188150406 0.894926608
vt 0.0188150406 0.871902823
vt 0.0583593212 0.871902823
vt 0.0583593212 0.909790516
vt 0.0583593212 0.9328143
vt 0.0188150406 0.9328143
vt 0.0583593212 0.894926608
vt 0.0583593212 0.871902823
vt 0.0583593212 0.871902823
vt 0.0583593212 0.894926608
vt 0.0583593212 0.894926608
vt 0.0188150406 0.894926608
vt 0.0583593212 0.871902823
vt 0.0188150406 0.871902823
vt 0.0188150406 0.871902823
vt 0.0188150406 0.871902823
vt 0.0188150406 0.871902823
vt 0.0188150406 0.894926608
vt 0.0583593212 0.9328143
vt 0.0583593212 0.909790516
vt 0.0583593212 0.909790516
vt 0.0188150406 0.909790516
vt 0.0188150406 0.909790516
vt 0.0583593212 0.909790516
vt 0.0583593212 0.894926608
vt 0.0583593212 0.909790516
vt 0.0188150406 0.909790516
vt 0.0583593212 0.9328143
vt 0.0583593212 0.9328143
vt 0.0188150406 0.9328143
vt 0.0188150406 0.909790516
vt 0.0188150406 0.909790516
vt 0.0188150406 0.9328143
vt 0.0103922999 0.863742411
vt 0.0103922999 0.940246224
vt 0.0103922999 0.940246224
vt 0.134378493 0.900901377
vt 0.142801404 0.900901377
vt 0.142801404 0.902358592
vt 0.142801404 0.902358592
vt 0.142801404 0.902358592
vt 0.134378493 0.902358592
vt 0.142801404 0.900901377
vt 0.142801404 0.900901377
vt 0.134378493 0.900901377
vt 0.134378493 0.900901377
vt 0.134378493 0.900901377
vt 0.134378493 0.902358592
vt 0.142801404 0.863742411
vt 0.142801404 0.863742411
vt 0.142801404 0.900901377
vt 0.142801404 0.940246224
vt 0.142801404 0.940246224
vt 0.142801404 0.902358592
vt 0.142801404 0.940246224
vt 0.142801404 0.902358592
vt 0.142801404 0.902358592
vt 0.142801404 0.900901377
vt 0.142801404 0.900901377
vt 0.142801404 0.863742411
vt 0.142801404 0.940246224
vt 0.142801404 0.902358592
vt 0.142801404 0.863742411
vt 0.0130137196 0.989426076
vt 0.0130137196 0.989426613
vt 0.0130137196 0.984691024
vt 0.0130137196 0.989426613
vt 0.277117997 0.989426613
vt 0.277117997 0.984691024
vt 0.277117997 0.989426076
vt 0.277117997 0.989426613
vt 0.0130137196 0.989426613
vt 0.0130137196 0.989426076
vt 0.0130137196 0.984690309
vt 0.277117997 0.984690309
vt 0.277117997 0.984691024
vt 0.277117997 0.984690309
vt 0.0130137196 0.984690309
vt 0.277117997 0.984691024
vt 0.277117997 0.989426613
vt 0.277117997 0.989426076
vt 0.0103922999 0.981412292
vt 0.142801404 0.981412292
vt 0.142801404 0.981412292
vt 0.142801404 0.943524718
vt 0.0583593212 0.950956702
vt 0.0103922999 0.943524718
vt 0.0188150406 0.950956702
vt 0.0103922999 0.981412292
vt 0.0103922999 0.943524718
vt 0.0103922999 0.981412292
vt 0.0188150406 0.950956702
vt 0.0188150406 0.973980486
vt 0.0583593212 0.973980486
vt 0.0583593212 0.950956702
vt 0.142801404 0.943524718
vt 0.0103922999 0.981412292
vt 0.0188150406 0.973980486
vt 0.0583593212 0.973980486
vt 0.0583593212 0.973980486
vt 0.142801404 0.943524718
vt 0.142801404 0.981412292
vt 0.0103922999 0.943524718
vt 0.142801404 0.943524718
vt 0.142801404 0.943524718
vt 0.0583593212 0.950956702
vt 0.0583593212 0.973980486
vt 0.0188150406 0.973980486
vt 0.0583593212 0.973980486
vt 0.0583593212 0.950956702
vt 0.0583593212 0.950956702
vt 0.0583593212 0.950956702
vt 0.0188150406 0.950956702
vt 0.0188150406 0.950956702
vt 0.0188150406 0.950956702
vt 0.0188150406 0.950956702
vt 0.0188150406 0.973980486
vt 0.0583593212 0.973980486
vt 0.0583593212 0.973980486
vt 0.0188150406 0.973980486
vt 0.0103922999 0.943524718
vt 0.0103922999 0.981412292
vt 0.0103922999 0.981412292
vt 0.142801404 0.981412292
vt 0.142801404 0.981412292
vt 0.142801404 0.943524718
vt 0.146512896 0.981412292
vt 0.146512896 0.981412292
vt 0.278922111 0.981412292
vt 0.278922111 0.943524718
vt 0.146512896 0.943524718
vt 0.146512896 0.943524718
vt 0.278922111 0.981412292
vt 0.278922111 0.981412292
vt 0.278922111 0.943524718
vt 0.194622904 0.950956702
vt 0.194622904 0.973980486
vt 0.155078605 0.973980486
vt 0.194622904 0.973980486
vt 0.194622904 0.950956702
vt 0.194622904 0.950956702
vt 0.194622904 0.950956702
vt 0.155078605 0.950956702
vt 0.155078605 0.950956702
vt 0.194622904 0.973980486
vt 0.194622904 0.973980486
vt 0.155078605 0.973980486
vt 0.155078605 0.950956702
vt 0.155078605 0.950956702
vt 0.155078605 0.973980486
vt 0.146512896 0.943524718
vt 0.146512896 0.981412292
vt 0.146512896 0.981412292
vt 0.289432794 0.7324242
vt 0.289022207 0.7324242
vt 0.285533309 0.7324242
vt 0.289432794 0.986368179
vt 0.289022088 0.986368179
vt 0.289022207 0.7324242
vt 0.289432794 0.986368179
vt 0.285945088 0.986368179
vt 0.285533309 0.986368179
vt 0.301233292 0.991661072
vt 0.301233411 0.727128625
vt 0.302411199 0.727128625
vt 0.340258002 0.986364722
vt 0.340258002 0.986364722
vt 0.340258002 0.732424974
vt 0.353125393 0.986364722
vt 0.353125393 0.986364722
vt 0.340258002 0.986364722
vt 0.340258002 0.732424974
vt 0.340258002 0.732424974
vt 0.353125513 0.732424974
vt 0.146512896 0.981412292
vt 0.155078605 0.950956702
vt 0.155078605 0.973980486
vt 0.146512896 0.981412292
vt 0.155078605 0.973980486
vt 0.194622904 0.973980486
vt 0.194622904 0.950956702
vt 0.146512896 0.943524718
vt 0.278922111 0.943524718
vt 0.278922111 0.981412292
vt 0.146512896 0.981412292
vt 0.194622904 0.973980486
vt 0.194622904 0.973980486
vt 0.194622904 0.950956702
vt 0.278922111 0.943524718
vt 0.353125393 0.986364722
vt 0.340258002 0.986364722
vt 0.340258002 0.732424974
vt 0.289022088 0.986368179
vt 0.285533309 0.986368179
vt 0.285533309 0.7324242
vt 0.353125393 0.986364722
vt 0.353125393 0.986364722
vt 0.353125513 0.732424974
vt 0.353125513 0.732424974
vt 0.353125513 0.727128625
vt 0.353125513 0.727128625
vt 0.353125393 0.986364722
vt 0.353125513 0.732424974
vt 0.353125513 0.732424974
vt 0.353125393 0.991661072
vt 0.353125393 0.991661072
vt 0.353125393 0.986364722
vt 0.353125513 0.732424974
vt 0.353125513 0.727128625
vt 0.353125393 0.991661072
vt 0.336133391 0.622968972
vt 0.336133391 0.719431579
vt 0.283853412 0.719431579
vt 0.301264793 0.991661072
vt 0.286031097 0.991661072
vt 0.285945088 0.991661072
vt 0.302411199 0.991661072
vt 0.353125393 0.991661072
vt 0.353125393 0.991661072
vt 0.302411199 0.991661072
vt 0.353125393 0.991661072
vt 0.302405089 0.991661072
vt 0.301264793 0.991661072
vt 0.285945088 0.991661072
vt 0.301233292 0.991661072
vt 0.302411199 0.991661072
vt 0.302405089 0.991661072
vt 0.301233292 0.991661072
vt 0.0583593212 0.617691875
vt 0.142801404 0.625123918
vt 0.0103922999 0.625123918
vt 0.142801404 0.940246224
vt 0.0103922999 0.940246224
vt 0.0583593212 0.9328143
vt 0.0583593212 0.9328143
vt 0.0583593212 0.909790516
vt 0.134378493 0.902358592
vt 0.0103922999 0.940246224
vt 0.0188150406 0.9328143
vt 0.0583593212 0.9328143
vt 0.134378493 0.902358592
vt 0.142801404 0.902358592
vt 0.142801404 0.940246224
vt 0.0188150406 0.59466809
vt 0.0188150406 0.617691875
vt 0.0103922999 0.625123918
vt 0.0103922999 0.625123918
vt 0.0103922999 0.510733008
vt 0.0188150406 0.556780517
vt 0.0188150406 0.541188717
vt 0.0583593212 0.541188717
vt 0.0188150406 0.556780517
vt 0.134378493 0.547162771
vt 0.134378493 0.548620522
vt 0.0583593212 0.541188717
vt 0.134378493 0.548620522
vt 0.0583593212 0.556780517
vt 0.0583593212 0.541188717
vt 0.142801404 0.625123918
vt 0.0583593212 0.617691875
vt 0.134378493 0.587236226
vt 0.134378493 0.587236226
vt 0.142801404 0.587236226
vt 0.142801404 0.625123918
vt 0.0583593212 0.579804897
vt 0.134378493 0.585779071
vt 0.134378493 0.587236226
vt 0.0188150406 0.579804897
vt 0.0583593212 0.579804897
vt 0.0583593212 0.59466809
vt 0.134378493 0.587236226
vt 0.0583593212 0.617691875
vt 0.0583593212 0.59466809
vt 0.134378493 0.587236226
vt 0.0583593212 0.59466809
vt 0.0583593212 0.579804897
vt 0.0188150406 0.579804897
vt 0.0583593212 0.59466809
vt 0.0188150406 0.59466809
vt 0.0583593212 0.541188717
vt 0.0583593212 0.556780517
vt 0.0188150406 0.556780517
vt 0.0188150406 0.556780517
vt 0.0188150406 0.579804897
vt 0.0103922999 0.625123918
vt 0.0103922999 0.510733008
vt 0.0188150406 0.541188717
vt 0.0188150406 0.556780517
vt 0.291947812 0.4892551
vt 0.291947812 0.01901084
vt 0.592595696 0.01901084
vt 0.592595696 0.4892551
vt 0.592595696 0.4892551
vt 0.592595696 0.01901084
vt 0.291947812 0.4892551
vt 0.291947812 0.01901084
vt 0.291947812 0.01901084
vt 0.291947812 0.4892551
vt 0.291947812 0.4892551
vt 0.592595696 0.4892551
vt 0.291947812 0.01901084
vt 0.291947812 0.01901084
vt 0.592595696 0.01901084
vt 0.154792994 0.900901377
vt 0.146512896 0.900901377
vt 0.154936001 0.894198
vt 0.154936001 0.894198
vt 0.194337294 0.894198
vt 0.154792994 0.900901377
vt 0.194337294 0.894198
vt 0.278922111 0.940246224
vt 0.194337294 0.909790516
vt 0.154792994 0.902358592
vt 0.154792994 0.900901377
vt 0.194337294 0.894198
vt 0.146512896 0.940246224
vt 0.146512896 0.902358592
vt 0.154936001 0.909790516
vt 0.154936001 0.909790516
vt 0.154936001 0.9328143
vt 0.146512896 0.940246224
vt 0.194337294 0.894198
vt 0.194337294 0.909790516
vt 0.154792994 0.902358592
vt 0.154936001 0.909790516
vt 0.146512896 0.902358592
vt 0.154792994 0.902358592
vt 0.592595696 0.4892551
vt 0.291947812 0.4892551
vt 0.291947812 0.01901084
vt 0.592595696 0.4892551
vt 0.592595696 0.4892551
vt 0.592595696 0.01901084
vt 0.291947812 0.4892551
vt 0.291947812 0.01901084
vt 0.291947812 0.01901084
vt 0.291947812 0.4892551
vt 0.291947812 0.4892551
vt 0.592595696 0.4892551
vt 0.291947812 0.01901084
vt 0.592595696 0.01901084
vt 0.592595696 0.01901084
vt 0.76196748 0.993442118
vt 0.76196748 0.673851609
vt 0.76196748 0.673851609
vt 0.76196748 0.994579196
vt 0.76196748 0.673851609
vt 0.76196748 0.993442118
vt 0.76196748 0.673851609
vt 0.76196748 0.673851609
vt 0.76196748 0.993442118
vt 0.76196748 0.993442118
vt 0.76196748 0.673851609
vt 0.76196748 0.994579196
vt 0.76196748 0.994579196
vt 0.76196748 0.993442118
vt 0.76196748 0.993442118
vt 0.623498321 0.487998605
vt 0.910293281 0.487998605
vt 0.910293281 0.487998903
vt 0.623498321 0.0142114703
vt 0.623498321 0.487998605
vt 0.623498023 0.487998605
vt 0.910293281 0.487998605
vt 0.910293281 0.0142117096
vt 0.910293281 0.0142117096
vt 0.910293281 0.0142117096
vt 0.623498321 0.0142114703
vt 0.623498023 0.0142114703
vt 0.910293281 0.0142117096
vt 0.910293281 0.487998605
vt 0.623498321 0.487998605
vt 0.625671327 0.572592974
vt 0.625671327 0.508399904
vt 0.625671327 0.508399904
vt 0.756813288 0.508399904
vt 0.756813288 0.572592974
vt 0.625671327 0.572592974
vt 0.625671327 0.508399904
vt 0.625671327 0.508399904
vt 0.756813288 0.508399904
vt 0.893109679 0.59959197
vt 0.893109679 0.59959197
vt 0.893109679 0.539602995
vt 0.625671327 0.795455575
vt 0.625671327 0.936944008
vt 0.625671327 0.936944008
vt 0.625671327 0.965557575
vt 0.625671327 0.954586387
vt 0.625671327 0.954586387
vt 0.625671327 0.954586387
vt 0.643723428 0.954586387
vt 0.626814008 0.954586387
vt 0.643723428 0.954586387
vt 0.643723428 0.954586387
vt 0.626814008 0.954586387
vt 0.643723428 0.954586387
vt 0.643723428 0.954586387
vt 0.626814008 0.954586387
vt 0.625671327 0.954586387
vt 0.626814008 0.954586387
vt 0.626814008 0.954586387
vt 0.626814008 0.954586387
vt 0.643723428 0.954586387
vt 0.625671327 0.954586387
vt 0.887780905 0.994579196
vt 0.76196748 0.994579196
vt 0.87505728 0.954586387
vt 0.76196748 0.673851609
vt 0.893109679 0.673851609
vt 0.87505728 0.698503017
vt 0.893109679 0.673851609
vt 0.893109679 0.698503017
vt 0.87505728 0.698503017
vt 0.893109679 0.954586387
vt 0.893109679 0.965557575
vt 0.887780905 0.965557575
vt 0.87505728 0.954586387
vt 0.893109679 0.954586387
vt 0.887780905 0.965557575
vt 0.76196748 0.673851609
vt 0.87505728 0.698503017
vt 0.87505728 0.716145277
vt 0.87505728 0.716145277
vt 0.893109679 0.716145277
vt 0.893109679 0.936944008
vt 0.87505728 0.716145277
vt 0.893109679 0.936944008
vt 0.87505728 0.936944008
vt 0.87505728 0.954586387
vt 0.887780905 0.965557575
vt 0.887780905 0.994579196
vt 0.87505728 0.716145277
vt 0.87505728 0.936944008
vt 0.76196748 0.673851609
vt 0.87505728 0.954586387
vt 0.76196748 0.994579196
vt 0.87505728 0.936944008
vt 0.893109679 0.965557575
vt 0.893109679 0.965557575
vt 0.893109679 0.954586387
vt 0.625671327 0.936944008
vt 0.643723428 0.936944008
vt 0.626814008 0.936944008
vt 0.643723428 0.936944008
vt 0.643723428 0.936944008
vt 0.626814008 0.936944008
vt 0.643723428 0.936944008
vt 0.643723428 0.936944008
vt 0.626814008 0.936944008
vt 0.625671327 0.936944008
vt 0.626814008 0.936944008
vt 0.625671327 0.936944008
vt 0.626814008 0.936944008
vt 0.643723428 0.936944008
vt 0.625671327 0.936944008
vt 0.631000102 0.965557575
vt 0.643723428 0.954586387
vt 0.625671327 0.954586387
vt 0.893109679 0.936944008
vt 0.893109679 0.716145277
vt 0.893109679 0.716145277
vt 0.87505728 0.716145277
vt 0.87505728 0.936944008
vt 0.893109679 0.936944008
vt 0.625671327 0.795455575
vt 0.643723428 0.795455575
vt 0.626814008 0.795455575
vt 0.643723428 0.795455575
vt 0.643723428 0.795455575
vt 0.626814008 0.795455575
vt 0.643723428 0.795455575
vt 0.643723428 0.795455575
vt 0.626814008 0.795455575
vt 0.625671327 0.795455575
vt 0.626814008 0.795455575
vt 0.626814008 0.795455575
vt 0.626814008 0.795455575
vt 0.643723428 0.795455575
vt 0.625671327 0.795455575
vt 0.625671327 0.626880825
vt 0.625671327 0.626880825
vt 0.625671327 0.777813196
vt 0.893109679 0.673851609
vt 0.893109679 0.673851609
vt 0.893109679 0.698503017
vt 0.891966879 0.716145277
vt 0.87505728 0.716145277
vt 0.87505728 0.716145277
vt 0.893109679 0.716145277
vt 0.87505728 0.716145277
vt 0.891966879 0.716145277
vt 0.87505728 0.716145277
vt 0.87505728 0.716145277
vt 0.891966879 0.716145277
vt 0.891966879 0.716145277
vt 0.87505728 0.716145277
vt 0.893109679 0.716145277
vt 0.893109679 0.716145277
vt 0.891966879 0.716145277
vt 0.893109679 0.716145277
vt 0.87505728 0.698503017
vt 0.87505728 0.698503017
vt 0.891966879 0.698503017
vt 0.893109679 0.698503017
vt 0.87505728 0.698503017
vt 0.891966879 0.698503017
vt 0.87505728 0.698503017
vt 0.87505728 0.698503017
vt 0.891966879 0.698503017
vt 0.891966879 0.698503017
vt 0.87505728 0.698503017
vt 0.893109679 0.698503017
vt 0.893109679 0.698503017
vt 0.891966879 0.698503017
vt 0.891966879 0.698503017
vt 0.625671327 0.626880825
vt 0.643723428 0.626880825
vt 0.626814008 0.626880825
vt 0.643723428 0.626880825
vt 0.643723428 0.626880825
vt 0.626814008 0.626880825
vt 0.643723428 0.626880825
vt 0.643723428 0.626880825
vt 0.626814008 0.626880825
vt 0.625671327 0.626880825
vt 0.626814008 0.626880825
vt 0.626814008 0.626880825
vt 0.626814008 0.626880825
vt 0.643723428 0.626880825
vt 0.625671327 0.626880825
vt 0.625671327 0.609238505
vt 0.643723428 0.609238505
vt 0.626814008 0.609238505
vt 0.643723428 0.609238505
vt 0.643723428 0.609238505
vt 0.626814008 0.609238505
vt 0.643723428 0.609238505
vt 0.643723428 0.609238505
vt 0.626814008 0.609238505
vt 0.625671327 0.609238505
vt 0.626814008 0.609238505
vt 0.625671327 0.609238505
vt 0.626814008 0.609238505
vt 0.643723428 0.609238505
vt 0.625671327 0.609238505
vt 0.893109679 0.668930173
vt 0.893109679 0.617234409
vt 0.893109679 0.617234409
vt 0.891966879 0.617234409
vt 0.87505728 0.617234409
vt 0.87505728 0.617234409
vt 0.893109679 0.617234409
vt 0.87505728 0.617234409
vt 0.891966879 0.617234409
vt 0.87505728 0.617234409
vt 0.87505728 0.617234409
vt 0.891966879 0.617234409
vt 0.891966879 0.617234409
vt 0.87505728 0.617234409
vt 0.893109679 0.617234409
vt 0.893109679 0.617234409
vt 0.891966879 0.617234409
vt 0.893109679 0.617234409
vt 0.625671327 0.577514529
vt 0.625671327 0.609238505
vt 0.625671327 0.609238505
vt 0.643723428 0.936944008
vt 0.643723428 0.936944008
vt 0.643723428 0.954586387
vt 0.643723428 0.936944008
vt 0.643723428 0.954586387
vt 0.643723428 0.954586387
vt 0.643723428 0.609238505
vt 0.643723428 0.626880825
vt 0.643723428 0.626880825
vt 0.643723428 0.626880825
vt 0.643723428 0.609238505
vt 0.643723428 0.609238505
vt 0.643723428 0.777813196
vt 0.643723428 0.777813196
vt 0.643723428 0.795455575
vt 0.643723428 0.777813196
vt 0.643723428 0.795455575
vt 0.643723428 0.795455575
vt 0.756813288 0.994579196
vt 0.631000102 0.994579196
vt 0.643723428 0.954586387
vt 0.631000102 0.965557575
vt 0.625671327 0.965557575
vt 0.625671327 0.954586387
vt 0.631000102 0.965557575
vt 0.625671327 0.954586387
vt 0.643723428 0.954586387
vt 0.625671327 0.609238505
vt 0.625671327 0.577514529
vt 0.643723428 0.609238505
vt 0.643723428 0.609238505
vt 0.625671327 0.577514529
vt 0.756813288 0.577514529
vt 0.631000102 0.994579196
vt 0.631000102 0.965557575
vt 0.643723428 0.954586387
vt 0.643723428 0.936944008
vt 0.625671327 0.936944008
vt 0.625671327 0.795455575
vt 0.756813288 0.994579196
vt 0.643723428 0.954586387
vt 0.643723428 0.936944008
vt 0.643723428 0.609238505
vt 0.756813288 0.577514529
vt 0.643723428 0.626880825
vt 0.625671327 0.777813196
vt 0.625671327 0.626880825
vt 0.643723428 0.626880825
vt 0.643723428 0.626880825
vt 0.756813288 0.577514529
vt 0.643723428 0.777813196
vt 0.756813288 0.994579196
vt 0.643723428 0.936944008
vt 0.643723428 0.795455575
vt 0.643723428 0.936944008
vt 0.625671327 0.795455575
vt 0.643723428 0.795455575
vt 0.643723428 0.777813196
vt 0.625671327 0.777813196
vt 0.643723428 0.626880825
vt 0.756813288 0.994579196
vt 0.643723428 0.795455575
vt 0.643723428 0.777813196
vt 0.756813288 0.994579196
vt 0.631000102 0.994579196
vt 0.631000102 0.994579196
vt 0.631000102 0.965557575
vt 0.631000102 0.994579196
vt 0.631000102 0.994579196
vt 0.87505728 0.617234409
vt 0.893109679 0.617234409
vt 0.893109679 0.668930173
vt 0.893109679 0.668930173
vt 0.76196748 0.668930173
vt 0.87505728 0.617234409
vt 0.76196748 0.539602995
vt 0.893109679 0.539602995
vt 0.87505728 0.59959197
vt 0.893109679 0.539602995
vt 0.893109679 0.59959197
vt 0.87505728 0.59959197
vt 0.87505728 0.617234409
vt 0.76196748 0.668930173
vt 0.87505728 0.59959197
vt 0.87505728 0.59959197
vt 0.87505728 0.617234409
vt 0.87505728 0.617234409
vt 0.87505728 0.617234409
vt 0.87505728 0.59959197
vt 0.87505728 0.59959197
vt 0.887780905 0.965557575
vt 0.893109679 0.965557575
vt 0.893109679 0.954586387
vt 0.87505728 0.936944008
vt 0.87505728 0.936944008
vt 0.87505728 0.954586387
vt 0.87505728 0.954586387
vt 0.87505728 0.954586387
vt 0.87505728 0.936944008
vt 0.87505728 0.698503017
vt 0.87505728 0.698503017
vt 0.87505728 0.716145277
vt 0.87505728 0.716145277
vt 0.87505728 0.716145277
vt 0.87505728 0.698503017
vt 0.887780905 0.965557575
vt 0.887780905 0.965557575
vt 0.887780905 0.994579196
vt 0.76196748 0.994579196
vt 0.76196748 0.994579196
vt 0.887780905 0.994579196
vt 0.76196748 0.668930173
vt 0.76196748 0.539602995
vt 0.76196748 0.539602995
vt 0.756813288 0.577514529
vt 0.756813288 0.577514529
vt 0.756813288 0.993442118
vt 0.756813288 0.994579196
vt 0.756813288 0.577514529
vt 0.756813288 0.993442118
vt 0.756813288 0.577514529
vt 0.756813288 0.577514529
vt 0.756813288 0.993442118
vt 0.756813288 0.993442118
vt 0.756813288 0.577514529
vt 0.756813288 0.994579196
vt 0.756813288 0.994579196
vt 0.756813288 0.993442118
vt 0.756813288 0.994579196
vt 0.891972423 0.673851609
vt 0.76196748 0.673851609
vt 0.76196748 0.673851609
vt 0.893109679 0.673851609
vt 0.76196748 0.673851609
vt 0.891972423 0.673851609
vt 0.76196748 0.673851609
vt 0.76196748 0.673851609
vt 0.891972423 0.673851609
vt 0.891972423 0.673851609
vt 0.76196748 0.673851609
vt 0.893109679 0.673851609
vt 0.893109679 0.673851609
vt 0.891972423 0.673851609
vt 0.893109679 0.673851609
vt 0.76196748 0.539602995
vt 0.76196748 0.539602995
vt 0.76196748 0.668930173
vt 0.893109679 0.965557575
vt 0.887780905 0.965557575
vt 0.887780905 0.965557575
vt 0.631000102 0.965557575
vt 0.625671327 0.965557575
vt 0.625671327 0.965557575
vt 0.626814008 0.954586387
vt 0.643723428 0.954586387
vt 0.643723428 0.954586387
vt 0.625671327 0.954586387
vt 0.643723428 0.954586387
vt 0.626814008 0.954586387
vt 0.643723428 0.954586387
vt 0.643723428 0.954586387
vt 0.626814008 0.954586387
vt 0.626814008 0.954586387
vt 0.643723428 0.954586387
vt 0.625671327 0.954586387
vt 0.625671327 0.954586387
vt 0.626814008 0.954586387
vt 0.626814008 0.954586387
vt 0.765086174 0.509536982
vt 0.756813288 0.509536982
vt 0.756813288 0.509536982
vt 0.765086174 0.539602995
vt 0.765086174 0.539602995
vt 0.765086174 0.509536982
vt 0.756813288 0.993442118
vt 0.76196748 0.993442118
vt 0.76196748 0.993442118
vt 0.756813288 0.577514529
vt 0.626808524 0.577514529
vt 0.626808524 0.572592974
vt 0.756813288 0.572592974
vt 0.756813288 0.509536982
vt 0.76196748 0.539602995
vt 0.756813288 0.577514529
vt 0.626808524 0.572592974
vt 0.756813288 0.572592974
vt 0.76196748 0.993442118
vt 0.756813288 0.993442118
vt 0.76196748 0.673851609
vt 0.891972423 0.668930173
vt 0.891972423 0.673851609
vt 0.76196748 0.673851609
vt 0.76196748 0.673851609
vt 0.756813288 0.993442118
vt 0.756813288 0.577514529
vt 0.756813288 0.577514529
vt 0.756813288 0.572592974
vt 0.76196748 0.539602995
vt 0.765086174 0.509536982
vt 0.765086174 0.539602995
vt 0.76196748 0.539602995
vt 0.76196748 0.668930173
vt 0.891972423 0.668930173
vt 0.76196748 0.673851609
vt 0.756813288 0.509536982
vt 0.765086174 0.509536982
vt 0.76196748 0.539602995
vt 0.76196748 0.668930173
vt 0.76196748 0.673851609
vt 0.756813288 0.577514529
vt 0.891972423 0.673851609
vt 0.891972423 0.668930173
vt 0.891972423 0.668930173
vt 0.626808524 0.577514529
vt 0.626808524 0.572592974
vt 0.626808524 0.572592974
vt 0.626814008 0.795455575
vt 0.626814008 0.777813196
vt 0.626814008 0.777813196
vt 0.643723428 0.795455575
vt 0.626814008 0.795455575
vt 0.626814008 0.777813196
vt 0.891966879 0.936944008
vt 0.891966879 0.954586387
vt 0.891966879 0.954586387
vt 0.891966879 0.936944008
vt 0.891966879 0.954586387
vt 0.87505728 0.954586387
vt 0.891966879 0.954586387
vt 0.891966879 0.936944008
vt 0.87505728 0.936944008
vt 0.891966879 0.716145277
vt 0.891966879 0.698503017
vt 0.891966879 0.698503017
vt 0.87505728 0.716145277
vt 0.891966879 0.716145277
vt 0.891966879 0.698503017
vt 0.891966879 0.698503017
vt 0.891966879 0.716145277
vt 0.87505728 0.716145277
vt 0.626814008 0.609238505
vt 0.626814008 0.626880825
vt 0.626814008 0.626880825
vt 0.643723428 0.609238505
vt 0.643723428 0.626880825
vt 0.626814008 0.626880825
vt 0.643723428 0.936944008
vt 0.643723428 0.954586387
vt 0.626814008 0.954586387
vt 0.626814008 0.936944008
vt 0.626814008 0.954586387
vt 0.626814008 0.954586387
vt 0.643723428 0.936944008
vt 0.626814008 0.936944008
vt 0.626814008 0.954586387
vt 0.87505728 0.617234409
vt 0.87505728 0.59959197
vt 0.891966879 0.59959197
vt 0.891966879 0.617234409
vt 0.891966879 0.59959197
vt 0.891966879 0.59959197
vt 0.87505728 0.617234409
vt 0.891966879 0.617234409
vt 0.891966879 0.59959197
vt 0.377969205 0.993414223
vt 0.484900504 0.988279521
vt 0.477781594 0.993414223
vt 0.360349715 0.553296328
vt 0.36236611 0.550548315
vt 0.366366506 0.549759328
vt 0.366366506 0.549759328
vt 0.47769171 0.549759328
vt 0.484900504 0.5540573
vt 0.481458604 0.550800502
vt 0.484900504 0.5540573
vt 0.47769171 0.549759328
vt 0.484900504 0.988279521
vt 0.481680006 0.992278218
vt 0.477781594 0.993414223
vt 0.377969205 0.993414223
vt 0.360349715 0.981170475
vt 0.484900504 0.988279521
vt 0.360349715 0.553296328
vt 0.366366506 0.549759328
vt 0.484900504 0.5540573
vt 0.484900504 0.5540573
vt 0.484900504 0.988279521
vt 0.360349715 0.981170475
vt 0.377969205 0.993414223
vt 0.377969205 0.993414223
vt 0.477781594 0.993414223
vt 0.484900504 0.988279521
vt 0.484900504 0.5540573
vt 0.484900504 0.5540573
vt 0.360349715 0.981170475
vt 0.360349715 0.553296328
vt 0.360349715 0.553296328
vt 0.36236611 0.550548315
vt 0.366366506 0.549759328
vt 0.366366506 0.549759328
vt 0.360349715 0.981170475
vt 0.377969205 0.993414223
vt 0.377969205 0.993414223
vt 0.360349715 0.553296328
vt 0.36236611 0.550548315
vt 0.36236611 0.550548315
vt 0.477781594 0.993414223
vt 0.477781594 0.993414223
vt 0.481680006 0.992278218
vt 0.481458604 0.550800502
vt 0.47769171 0.549759328
vt 0.47769171 0.549759328
vt 0.481680006 0.992278218
vt 0.481680006 0.992278218
vt 0.484900504 0.988279521
vt 0.484900504 0.5540573
vt 0.481458604 0.550800502
vt 0.481458604 0.550800502
vt 0.49234581 0.993414223
vt 0.592158318 0.993414223
vt 0.592158318 0.993414223
vt 0.485226989 0.5540573
vt 0.485226989 0.5540573
vt 0.485226989 0.988279521
vt 0.60977751 0.553296328
vt 0.60977751 0.553296328
vt 0.60977751 0.981170475
vt 0.603761315 0.549759328
vt 0.603761315 0.549759328
vt 0.607761085 0.550548315
vt 0.592158318 0.993414223
vt 0.592158318 0.993414223
vt 0.60977751 0.981170475
vt 0.607761085 0.550548315
vt 0.607761085 0.550548315
vt 0.60977751 0.553296328
vt 0.488447398 0.992278218
vt 0.49234581 0.993414223
vt 0.49234581 0.993414223
vt 0.492435813 0.549759328
vt 0.492435813 0.549759328
vt 0.48866871 0.550800502
vt 0.603761315 0.549759328
vt 0.607761085 0.550548315
vt 0.60977751 0.553296328
vt 0.60977751 0.553296328
vt 0.60977751 0.981170475
vt 0.485226989 0.5540573
vt 0.592158318 0.993414223
vt 0.49234581 0.993414223
vt 0.485226989 0.988279521
vt 0.488447398 0.992278218
vt 0.485226989 0.988279521
vt 0.49234581 0.993414223
vt 0.485226989 0.5540573
vt 0.48866871 0.550800502
vt 0.492435813 0.549759328
vt 0.492435813 0.549759328
vt 0.603761315 0.549759328
vt 0.60977751 0.553296328
vt 0.60977751 0.981170475
vt 0.592158318 0.993414223
vt 0.485226989 0.988279521
vt 0.485226989 0.988279521
vt 0.485226989 0.5540573
vt 0.60977751 0.981170475
vt 0.485226989 0.988279521
vt 0.485226989 0.988279521
vt 0.488447398 0.992278218
vt 0.485226989 0.5540573
vt 0.48866871 0.550800502
vt 0.48866871 0.550800502
vt 0.494939208 0.726819396
vt 0.484986603 0.741021574
vt 0.484986603 0.741021574
vt 0.494939208 0.563061714
vt 0.494939208 0.726819396
vt 0.494939208 0.726819396
vt 0.496117711 0.560524106
vt 0.494939208 0.563061714
vt 0.494939208 0.563061714
vt 0.498654693 0.55934602
vt 0.496117711 0.560524106
vt 0.496117711 0.560524106
vt 0.496117085 0.98207593
vt 0.498654693 0.98325479
vt 0.498654693 0.98325479
vt 0.494939208 0.979539216
vt 0.496117085 0.98207593
vt 0.496117085 0.98207593
vt 0.494939208 0.809252679
vt 0.494939208 0.979539216
vt 0.494939208 0.979539216
vt 0.484986603 0.789750516
vt 0.484986305 0.789750516
vt 0.494939208 0.809252679
vt 0.589305699 0.560524881
vt 0.586767912 0.55934602
vt 0.586767912 0.55934602
vt 0.571968615 0.98325479
vt 0.526392519 0.98325479
vt 0.586767912 0.98325479
vt 0.51535821 0.98325479
vt 0.498654693 0.98325479
vt 0.498654693 0.98325479
vt 0.498654693 0.98325479
vt 0.526392519 0.98325479
vt 0.51535821 0.98325479
vt 0.583002925 0.98325479
vt 0.571968615 0.98325479
vt 0.586767912 0.98325479
vt 0.586767912 0.98325479
vt 0.586767912 0.98325479
vt 0.583002925 0.98325479
vt 0.590483904 0.563061714
vt 0.589305699 0.560524881
vt 0.589305699 0.560524881
vt 0.590483904 0.719985425
vt 0.590483904 0.563061714
vt 0.590483904 0.563061714
vt 0.609716475 0.740421295
vt 0.590483904 0.719985425
vt 0.590483904 0.719985425
vt 0.609716475 0.791179419
vt 0.609716475 0.791179419
vt 0.590483904 0.810554028
vt 0.590483904 0.979539216
vt 0.590483904 0.810554028
vt 0.590483904 0.810554028
vt 0.589305103 0.982076585
vt 0.590483904 0.979539216
vt 0.590483904 0.979539216
vt 0.586767912 0.98325479
vt 0.589305103 0.982076585
vt 0.589305103 0.982076585
vt 0.586767912 0.55934602
vt 0.586767912 0.55934602
vt 0.498654693 0.55934602
vt 0.571968615 0.98325479
vt 0.583002925 0.98325479
vt 0.582672298 0.983205497
vt 0.590483904 0.979539216
vt 0.589305103 0.982076585
vt 0.586767912 0.98325479
vt 0.586767912 0.98325479
vt 0.498654693 0.98325479
vt 0.494939208 0.979539216
vt 0.496117085 0.98207593
vt 0.494939208 0.979539216
vt 0.498654693 0.98325479
vt 0.494939208 0.809252679
vt 0.484986305 0.789750516
vt 0.590483904 0.810554028
vt 0.494939208 0.726819396
vt 0.494939208 0.563061714
vt 0.590483904 0.719985425
vt 0.484986305 0.789750516
vt 0.484986603 0.741021574
vt 0.494939208 0.726819396
vt 0.586767912 0.98325479
vt 0.494939208 0.979539216
vt 0.590483904 0.979539216
vt 0.590483904 0.810554028
vt 0.590483904 0.979539216
vt 0.494939208 0.979539216
vt 0.609716475 0.740421295
vt 0.609716475 0.791179419
vt 0.590483904 0.810554028
vt 0.589305699 0.560524881
vt 0.590483904 0.563061714
vt 0.586767912 0.55934602
vt 0.590483904 0.719985425
vt 0.609716475 0.740421295
vt 0.590483904 0.810554028
vt 0.590483904 0.810554028
vt 0.494939208 0.979539216
vt 0.494939208 0.809252679
vt 0.484986305 0.789750516
vt 0.494939208 0.726819396
vt 0.590483904 0.810554028
vt 0.496117711 0.560524106
vt 0.498654693 0.55934602
vt 0.494939208 0.563061714
vt 0.586767912 0.55934602
vt 0.494939208 0.563061714
vt 0.498654693 0.55934602
vt 0.590483904 0.719985425
vt 0.590483904 0.810554028
vt 0.494939208 0.726819396
vt 0.494939208 0.563061714
vt 0.590483904 0.563061714
vt 0.590483904 0.719985425
vt 0.484986603 0.741021574
vt 0.484986305 0.789750516
vt 0.484986603 0.789750516
vt 0.609716475 0.740421295
vt 0.609716475 0.791179419
vt 0.609716475 0.791179419
vt 0.625671327 0.572592974
vt 0.625671327 0.508399904
vt 0.625671327 0.508399904
vt 0.625671327 0.508399904
vt 0.756813288 0.508399904
vt 0.756813288 0.572592974
vt 0.625671327 0.508399904
vt 0.625671327 0.508399904
vt 0.756813288 0.508399904
vt 0.893109679 0.59959197
vt 0.893109679 0.59959197
vt 0.893109679 0.539602995
vt 0.625671327 0.795455575
vt 0.625671327 0.795455575
vt 0.625671327 0.936944008
vt 0.625671327 0.965557575
vt 0.625671327 0.954586387
vt 0.625671327 0.954586387
vt 0.87505728 0.936944008
vt 0.87505728 0.936944008
vt 0.891966879 0.936944008
vt 0.893109679 0.936944008
vt 0.87505728 0.936944008
vt 0.891966879 0.936944008
vt 0.87505728 0.936944008
vt 0.87505728 0.936944008
vt 0.891966879 0.936944008
vt 0.891966879 0.936944008
vt 0.87505728 0.936944008
vt 0.893109679 0.936944008
vt 0.893109679 0.936944008
vt 0.891966879 0.936944008
vt 0.891966879 0.936944008
vt 0.893109679 0.965557575
vt 0.893109679 0.965557575
vt 0.893109679 0.954586387
vt 0.625671327 0.936944008
vt 0.643723428 0.936944008
vt 0.626814008 0.936944008
vt 0.643723428 0.936944008
vt 0.643723428 0.936944008
vt 0.626814008 0.936944008
vt 0.643723428 0.936944008
vt 0.643723428 0.936944008
vt 0.626814008 0.936944008
vt 0.625671327 0.936944008
vt 0.626814008 0.936944008
vt 0.625671327 0.936944008
vt 0.626814008 0.936944008
vt 0.643723428 0.936944008
vt 0.625671327 0.936944008
vt 0.631000102 0.965557575
vt 0.643723428 0.954586387
vt 0.625671327 0.954586387
vt 0.893109679 0.936944008
vt 0.893109679 0.716145277
vt 0.893109679 0.716145277
vt 0.87505728 0.716145277
vt 0.87505728 0.936944008
vt 0.893109679 0.936944008
vt 0.891966879 0.954586387
vt 0.87505728 0.954586387
vt 0.87505728 0.954586387
vt 0.893109679 0.954586387
vt 0.87505728 0.954586387
vt 0.891966879 0.954586387
vt 0.87505728 0.954586387
vt 0.87505728 0.954586387
vt 0.891966879 0.954586387
vt 0.891966879 0.954586387
vt 0.87505728 0.954586387
vt 0.893109679 0.954586387
vt 0.893109679 0.954586387
vt 0.891966879 0.954586387
vt 0.893109679 0.954586387
vt 0.625671327 0.626880825
vt 0.625671327 0.626880825
vt 0.625671327 0.777813196
vt 0.625671327 0.777813196
vt 0.643723428 0.777813196
vt 0.626814008 0.777813196
vt 0.643723428 0.777813196
vt 0.643723428 0.777813196
vt 0.626814008 0.777813196
vt 0.643723428 0.777813196
vt 0.643723428 0.777813196
vt 0.626814008 0.777813196
vt 0.625671327 0.777813196
vt 0.626814008 0.777813196
vt 0.625671327 0.777813196
vt 0.626814008 0.777813196
vt 0.643723428 0.777813196
vt 0.625671327 0.777813196
vt 0.625671327 0.795455575
vt 0.643723428 0.795455575
vt 0.626814008 0.795455575
vt 0.643723428 0.795455575
vt 0.643723428 0.795455575
vt 0.626814008 0.795455575
vt 0.643723428 0.795455575
vt 0.643723428 0.795455575
vt 0.626814008 0.795455575
vt 0.625671327 0.795455575
vt 0.626814008 0.795455575
vt 0.626814008 0.795455575
vt 0.626814008 0.795455575
vt 0.643723428 0.795455575
vt 0.625671327 0.795455575
vt 0.643723428 0.609238505
vt 0.625671327 0.609238505
vt 0.625671327 0.577514529
vt 0.756813288 0.994579196
vt 0.631000102 0.994579196
vt 0.643723428 0.954586387
vt 0.631000102 0.965557575
vt 0.625671327 0.965557575
vt 0.625671327 0.954586387
vt 0.631000102 0.965557575
vt 0.625671327 0.954586387
vt 0.643723428 0.954586387
vt 0.643723428 0.609238505
vt 0.625671327 0.577514529
vt 0.756813288 0.577514529
vt 0.625671327 0.777813196
vt 0.625671327 0.626880825
vt 0.643723428 0.626880825
vt 0.643723428 0.626880825
vt 0.643723428 0.609238505
vt 0.756813288 0.577514529
vt 0.631000102 0.994579196
vt 0.631000102 0.965557575
vt 0.643723428 0.954586387
vt 0.643723428 0.936944008
vt 0.625671327 0.936944008
vt 0.625671327 0.795455575
vt 0.756813288 0.994579196
vt 0.643723428 0.954586387
vt 0.643723428 0.936944008
vt 0.643723428 0.626880825
vt 0.756813288 0.577514529
vt 0.643723428 0.777813196
vt 0.643723428 0.777813196
vt 0.625671327 0.777813196
vt 0.643723428 0.626880825
vt 0.643723428 0.936944008
vt 0.625671327 0.795455575
vt 0.643723428 0.795455575
vt 0.643723428 0.795455575
vt 0.643723428 0.777813196
vt 0.756813288 0.994579196
vt 0.756813288 0.994579196
vt 0.643723428 0.936944008
vt 0.643723428 0.795455575
vt 0.893109679 0.673851609
vt 0.893109679 0.673851609
vt 0.893109679 0.698503017
vt 0.891966879 0.698503017
vt 0.87505728 0.698503017
vt 0.87505728 0.698503017
vt 0.893109679 0.698503017
vt 0.87505728 0.698503017
vt 0.891966879 0.698503017
vt 0.87505728 0.698503017
vt 0.87505728 0.698503017
vt 0.891966879 0.698503017
vt 0.891966879 0.698503017
vt 0.87505728 0.698503017
vt 0.893109679 0.698503017
vt 0.893109679 0.698503017
vt 0.891966879 0.698503017
vt 0.891966879 0.698503017
vt 0.626814008 0.626880825
vt 0.643723428 0.626880825
vt 0.643723428 0.626880825
vt 0.625671327 0.626880825
vt 0.643723428 0.626880825
vt 0.626814008 0.626880825
vt 0.643723428 0.626880825
vt 0.643723428 0.626880825
vt 0.626814008 0.626880825
vt 0.626814008 0.626880825
vt 0.643723428 0.626880825
vt 0.625671327 0.626880825
vt 0.625671327 0.626880825
vt 0.626814008 0.626880825
vt 0.626814008 0.626880825
vt 0.893109679 0.668930173
vt 0.893109679 0.617234409
vt 0.893109679 0.617234409
vt 0.87505728 0.59959197
vt 0.87505728 0.59959197
vt 0.891966879 0.59959197
vt 0.891966879 0.59959197
vt 0.87505728 0.59959197
vt 0.87505728 0.59959197
vt 0.893109679 0.59959197
vt 0.87505728 0.59959197
vt 0.891966879 0.59959197
vt 0.891966879 0.59959197
vt 0.87505728 0.59959197
vt 0.893109679 0.59959197
vt 0.893109679 0.59959197
vt 0.891966879 0.59959197
vt 0.891966879 0.59959197
vt 0.87505728 0.617234409
vt 0.87505728 0.617234409
vt 0.891966879 0.617234409
vt 0.891966879 0.617234409
vt 0.87505728 0.617234409
vt 0.87505728 0.617234409
vt 0.893109679 0.617234409
vt 0.87505728 0.617234409
vt 0.891966879 0.617234409
vt 0.891966879 0.617234409
vt 0.87505728 0.617234409
vt 0.893109679 0.617234409
vt 0.893109679 0.617234409
vt 0.891966879 0.617234409
vt 0.893109679 0.617234409
vt 0.625671327 0.577514529
vt 0.625671327 0.577514529
vt 0.625671327 0.609238505
vt 0.626814008 0.609238505
vt 0.643723428 0.609238505
vt 0.643723428 0.609238505
vt 0.625671327 0.609238505
vt 0.643723428 0.609238505
vt 0.626814008 0.609238505
vt 0.643723428 0.609238505
vt 0.643723428 0.609238505
vt 0.626814008 0.609238505
vt 0.626814008 0.609238505
vt 0.643723428 0.609238505
vt 0.625671327 0.609238505
vt 0.625671327 0.609238505
vt 0.626814008 0.609238505
vt 0.625671327 0.609238505
vt 0.643723428 0.936944008
vt 0.643723428 0.936944008
vt 0.643723428 0.954586387
vt 0.643723428 0.936944008
vt 0.643723428 0.936944008
vt 0.643723428 0.954586387
vt 0.643723428 0.609238505
vt 0.643723428 0.626880825
vt 0.643723428 0.626880825
vt 0.643723428 0.626880825
vt 0.643723428 0.609238505
vt 0.643723428 0.609238505
vt 0.643723428 0.777813196
vt 0.643723428 0.777813196
vt 0.643723428 0.795455575
vt 0.643723428 0.777813196
vt 0.643723428 0.795455575
vt 0.643723428 0.795455575
vt 0.756813288 0.994579196
vt 0.631000102 0.994579196
vt 0.631000102 0.994579196
vt 0.631000102 0.965557575
vt 0.631000102 0.994579196
vt 0.631000102 0.994579196
vt 0.87505728 0.59959197
vt 0.87505728 0.617234409
vt 0.87505728 0.617234409
vt 0.87505728 0.617234409
vt 0.87505728 0.59959197
vt 0.87505728 0.59959197
vt 0.887780905 0.965557575
vt 0.893109679 0.965557575
vt 0.893109679 0.954586387
vt 0.87505728 0.936944008
vt 0.87505728 0.936944008
vt 0.87505728 0.954586387
vt 0.87505728 0.716145277
vt 0.893109679 0.716145277
vt 0.893109679 0.936944008
vt 0.87505728 0.716145277
vt 0.893109679 0.936944008
vt 0.87505728 0.936944008
vt 0.893109679 0.673851609
vt 0.893109679 0.698503017
vt 0.87505728 0.698503017
vt 0.76196748 0.673851609
vt 0.893109679 0.673851609
vt 0.87505728 0.698503017
vt 0.887780905 0.994579196
vt 0.76196748 0.994579196
vt 0.87505728 0.954586387
vt 0.893109679 0.954586387
vt 0.893109679 0.965557575
vt 0.887780905 0.965557575
vt 0.76196748 0.673851609
vt 0.87505728 0.698503017
vt 0.87505728 0.716145277
vt 0.76196748 0.673851609
vt 0.87505728 0.716145277
vt 0.87505728 0.936944008
vt 0.87505728 0.954586387
vt 0.893109679 0.954586387
vt 0.887780905 0.965557575
vt 0.76196748 0.673851609
vt 0.87505728 0.936944008
vt 0.76196748 0.994579196
vt 0.87505728 0.954586387
vt 0.887780905 0.965557575
vt 0.887780905 0.994579196
vt 0.87505728 0.954586387
vt 0.87505728 0.954586387
vt 0.87505728 0.936944008
vt 0.87505728 0.698503017
vt 0.87505728 0.698503017
vt 0.87505728 0.716145277
vt 0.87505728 0.716145277
vt 0.87505728 0.716145277
vt 0.87505728 0.698503017
vt 0.887780905 0.965557575
vt 0.887780905 0.965557575
vt 0.887780905 0.994579196
vt 0.76196748 0.994579196
vt 0.76196748 0.994579196
vt 0.887780905 0.994579196
vt 0.76196748 0.668930173
vt 0.76196748 0.539602995
vt 0.76196748 0.539602995
vt 0.891972423 0.668930173
vt 0.76196748 0.668930173
vt 0.76196748 0.668930173
vt 0.893109679 0.668930173
vt 0.76196748 0.668930173
vt 0.891972423 0.668930173
vt 0.76196748 0.668930173
vt 0.76196748 0.668930173
vt 0.891972423 0.668930173
vt 0.891972423 0.668930173
vt 0.76196748 0.668930173
vt 0.893109679 0.668930173
vt 0.893109679 0.668930173
vt 0.891972423 0.668930173
vt 0.891972423 0.668930173
vt 0.891972423 0.673851609
vt 0.76196748 0.673851609
vt 0.76196748 0.673851609
vt 0.893109679 0.673851609
vt 0.76196748 0.673851609
vt 0.891972423 0.673851609
vt 0.76196748 0.673851609
vt 0.76196748 0.673851609
vt 0.891972423 0.673851609
vt 0.891972423 0.673851609
vt 0.76196748 0.673851609
vt 0.893109679 0.673851609
vt 0.893109679 0.673851609
vt 0.891972423 0.673851609
vt 0.893109679 0.673851609
vt 0.626808524 0.572592974
vt 0.756813288 0.572592974
vt 0.756813288 0.572592974
vt 0.625671327 0.572592974
vt 0.756813288 0.572592974
vt 0.626808524 0.572592974
vt 0.756813288 0.572592974
vt 0.756813288 0.572592974
vt 0.626808524 0.572592974
vt 0.626808524 0.572592974
vt 0.756813288 0.572592974
vt 0.625671327 0.572592974
vt 0.625671327 0.572592974
vt 0.626808524 0.572592974
vt 0.625671327 0.572592974
vt 0.625671327 0.577514529
vt 0.756813288 0.577514529
vt 0.626808524 0.577514529
vt 0.756813288 0.577514529
vt 0.756813288 0.577514529
vt 0.626808524 0.577514529
vt 0.756813288 0.577514529
vt 0.756813288 0.577514529
vt 0.626808524 0.577514529
vt 0.625671327 0.577514529
vt 0.626808524 0.577514529
vt 0.626808524 0.577514529
vt 0.626808524 0.577514529
vt 0.756813288 0.577514529
vt 0.625671327 0.577514529
vt 0.76196748 0.539602995
vt 0.76196748 0.539602995
vt 0.76196748 0.668930173
vt 0.893109679 0.965557575
vt 0.887780905 0.965557575
vt 0.887780905 0.965557575
vt 0.631000102 0.965557575
vt 0.625671327 0.965557575
vt 0.625671327 0.965557575
vt 0.765086174 0.509536982
vt 0.756813288 0.509536982
vt 0.756813288 0.509536982
vt 0.765086174 0.539602995
vt 0.765086174 0.539602995
vt 0.765086174 0.509536982
vt 0.756813288 0.993442118
vt 0.76196748 0.993442118
vt 0.76196748 0.993442118
vt 0.756813288 0.509536982
vt 0.756813288 0.572592974
vt 0.756813288 0.572592974
vt 0.756813288 0.508399904
vt 0.756813288 0.572592974
vt 0.756813288 0.509536982
vt 0.756813288 0.572592974
vt 0.756813288 0.572592974
vt 0.756813288 0.509536982
vt 0.756813288 0.509536982
vt 0.756813288 0.572592974
vt 0.756813288 0.508399904
vt 0.756813288 0.508399904
vt 0.756813288 0.509536982
vt 0.756813288 0.509536982
vt 0.891972423 0.673851609
vt 0.891972423 0.668930173
vt 0.891972423 0.668930173
vt 0.626808524 0.577514529
vt 0.626808524 0.572592974
vt 0.626808524 0.572592974
vt 0.76196748 0.668930173
vt 0.891972423 0.668930173
vt 0.891972423 0.673851609
vt 0.76196748 0.673851609
vt 0.76196748 0.993442118
vt 0.756813288 0.993442118
vt 0.76196748 0.668930173
vt 0.891972423 0.673851609
vt 0.76196748 0.673851609
vt 0.765086174 0.509536982
vt 0.765086174 0.539602995
vt 0.76196748 0.539602995
vt 0.76196748 0.668930173
vt 0.76196748 0.673851609
vt 0.756813288 0.577514529
vt 0.756813288 0.509536982
vt 0.765086174 0.509536982
vt 0.76196748 0.539602995
vt 0.76196748 0.539602995
vt 0.76196748 0.668930173
vt 0.756813288 0.577514529
vt 0.756813288 0.577514529
vt 0.626808524 0.577514529
vt 0.756813288 0.572592974
vt 0.76196748 0.673851609
vt 0.756813288 0.993442118
vt 0.756813288 0.577514529
vt 0.756813288 0.572592974
vt 0.756813288 0.509536982
vt 0.76196748 0.539602995
vt 0.626808524 0.577514529
vt 0.626808524 0.572592974
vt 0.756813288 0.572592974
vt 0.76196748 0.539602995
vt 0.76196748 0.539602995
vt 0.765086174 0.539602995
vt 0.765086174 0.539602995
vt 0.76196748 0.539602995
vt 0.76196748 0.539602995
vt 0.893109679 0.539602995
vt 0.76196748 0.539602995
vt 0.765086174 0.539602995
vt 0.765086174 0.539602995
vt 0.76196748 0.539602995
vt 0.893109679 0.539602995
vt 0.893109679 0.539602995
vt 0.765086174 0.539602995
vt 0.765086174 0.539602995
vt 0.626814008 0.795455575
vt 0.626814008 0.777813196
vt 0.626814008 0.777813196
vt 0.643723428 0.795455575
vt 0.626814008 0.795455575
vt 0.626814008 0.777813196
vt 0.891966879 0.936944008
vt 0.891966879 0.954586387
vt 0.891966879 0.954586387
vt 0.87505728 0.936944008
vt 0.891966879 0.936944008
vt 0.891966879 0.954586387
vt 0.891966879 0.954586387
vt 0.891966879 0.936944008
vt 0.87505728 0.936944008
vt 0.891966879 0.716145277
vt 0.891966879 0.698503017
vt 0.891966879 0.698503017
vt 0.891966879 0.716145277
vt 0.891966879 0.698503017
vt 0.87505728 0.698503017
vt 0.87505728 0.698503017
vt 0.891966879 0.698503017
vt 0.891966879 0.716145277
vt 0.626814008 0.609238505
vt 0.626814008 0.626880825
vt 0.626814008 0.626880825
vt 0.643723428 0.609238505
vt 0.643723428 0.626880825
vt 0.626814008 0.626880825
vt 0.643723428 0.954586387
vt 0.626814008 0.954586387
vt 0.626814008 0.936944008
vt 0.626814008 0.936944008
vt 0.626814008 0.936944008
vt 0.626814008 0.954586387
vt 0.643723428 0.936944008
vt 0.626814008 0.936944008
vt 0.626814008 0.954586387
vt 0.87505728 0.59959197
vt 0.891966879 0.59959197
vt 0.891966879 0.617234409
vt 0.891966879 0.617234409
vt 0.891966879 0.59959197
vt 0.891966879 0.59959197
vt 0.87505728 0.59959197
vt 0.87505728 0.617234409
vt 0.891966879 0.617234409
vt 0.377969205 0.993414223
vt 0.484900504 0.988279521
vt 0.477781594 0.993414223
vt 0.360349715 0.553296328
vt 0.36236611 0.550548315
vt 0.366366506 0.549759328
vt 0.366366506 0.549759328
vt 0.47769171 0.549759328
vt 0.484900504 0.5540573
vt 0.481458604 0.550800502
vt 0.484900504 0.5540573
vt 0.47769171 0.549759328
vt 0.484900504 0.988279521
vt 0.481680006 0.992278218
vt 0.477781594 0.993414223
vt 0.377969205 0.993414223
vt 0.360349715 0.981170475
vt 0.484900504 0.988279521
vt 0.360349715 0.553296328
vt 0.366366506 0.549759328
vt 0.484900504 0.5540573
vt 0.484900504 0.5540573
vt 0.484900504 0.988279521
vt 0.360349715 0.981170475
vt 0.377969205 0.993414223
vt 0.377969205 0.993414223
vt 0.477781594 0.993414223
vt 0.484900504 0.988279521
vt 0.484900504 0.5540573
vt 0.484900504 0.5540573
vt 0.360349715 0.981170475
vt 0.360349715 0.553296328
vt 0.360349715 0.553296328
vt 0.485226989 0.5540573
vt 0.48866871 0.550800502
vt 0.492435813 0.549759328
vt 0.492435813 0.549759328
vt 0.603761315 0.549759328
vt 0.60977751 0.553296328
vt 0.607761085 0.550548315
vt 0.60977751 0.553296328
vt 0.603761315 0.549759328
vt 0.60977751 0.981170475
vt 0.592158318 0.993414223
vt 0.485226989 0.988279521
vt 0.49234581 0.993414223
vt 0.488447398 0.992278218
vt 0.485226989 0.988279521
vt 0.485226989 0.988279521
vt 0.485226989 0.5540573
vt 0.60977751 0.981170475
vt 0.492435813 0.549759328
vt 0.60977751 0.553296328
vt 0.485226989 0.5540573
vt 0.592158318 0.993414223
vt 0.49234581 0.993414223
vt 0.485226989 0.988279521
vt 0.36236611 0.550548315
vt 0.366366506 0.549759328
vt 0.366366506 0.549759328
vt 0.360349715 0.981170475
vt 0.377969205 0.993414223
vt 0.377969205 0.993414223
vt 0.360349715 0.553296328
vt 0.36236611 0.550548315
vt 0.36236611 0.550548315
vt 0.477781594 0.993414223
vt 0.477781594 0.993414223
vt 0.481680006 0.992278218
vt 0.481458604 0.550800502
vt 0.47769171 0.549759328
vt 0.47769171 0.549759328
vt 0.481680006 0.992278218
vt 0.481680006 0.992278218
vt 0.484900504 0.988279521
vt 0.484900504 0.5540573
vt 0.481458604 0.550800502
vt 0.481458604 0.550800502
vt 0.49234581 0.993414223
vt 0.49234581 0.993414223
vt 0.592158318 0.993414223
vt 0.485226989 0.5540573
vt 0.485226989 0.5540573
vt 0.485226989 0.988279521
vt 0.60977751 0.553296328
vt 0.60977751 0.553296328
vt 0.60977751 0.981170475
vt 0.603761315 0.549759328
vt 0.603761315 0.549759328
vt 0.607761085 0.550548315
vt 0.592158318 0.993414223
vt 0.592158318 0.993414223
vt 0.60977751 0.981170475
vt 0.607761085 0.550548315
vt 0.607761085 0.550548315
vt 0.60977751 0.553296328
vt 0.488447398 0.992278218
vt 0.49234581 0.993414223
vt 0.49234581 0.993414223
vt 0.492435813 0.549759328
vt 0.492435813 0.549759328
vt 0.48866871 0.550800502
vt 0.485226989 0.988279521
vt 0.488447398 0.992278218
vt 0.488447398 0.992278218
vt 0.48866871 0.550800502
vt 0.48866871 0.550800502
vt 0.485226989 0.5540573
vt 0.484986603 0.741021574
vt 0.484986603 0.741021574
vt 0.494939208 0.726819396
vt 0.494939208 0.563061714
vt 0.494939208 0.726819396
vt 0.494939208 0.726819396
vt 0.496117711 0.560524106
vt 0.494939208 0.563061714
vt 0.494939208 0.563061714
vt 0.498654693 0.55934602
vt 0.496117711 0.560524106
vt 0.496117711 0.560524106
vt 0.496117085 0.98207593
vt 0.498654693 0.98325479
vt 0.498654693 0.98325479
vt 0.494939208 0.979539216
vt 0.496117085 0.98207593
vt 0.496117085 0.98207593
vt 0.494939208 0.809252679
vt 0.494939208 0.979539216
vt 0.494939208 0.979539216
vt 0.484986603 0.789750516
vt 0.484986305 0.789750516
vt 0.494939208 0.809252679
vt 0.589305699 0.560524881
vt 0.586767912 0.55934602
vt 0.586767912 0.55934602
vt 0.571968615 0.98325479
vt 0.526392519 0.98325479
vt 0.586767912 0.98325479
vt 0.51535821 0.98325479
vt 0.498654693 0.98325479
vt 0.498654693 0.98325479
vt 0.498654693 0.98325479
vt 0.526392519 0.98325479
vt 0.51535821 0.98325479
vt 0.583002925 0.98325479
vt 0.571968615 0.98325479
vt 0.586767912 0.98325479
vt 0.586767912 0.98325479
vt 0.586767912 0.98325479
vt 0.583002925 0.98325479
vt 0.590483904 0.563061714
vt 0.589305699 0.560524881
vt 0.589305699 0.560524881
vt 0.590483904 0.719985425
vt 0.590483904 0.563061714
vt 0.590483904 0.563061714
vt 0.609716475 0.740421295
vt 0.590483904 0.719985425
vt 0.590483904 0.719985425
vt 0.609716475 0.791179419
vt 0.609716475 0.791179419
vt 0.590483904 0.810554028
vt 0.590483904 0.979539216
vt 0.590483904 0.810554028
vt 0.590483904 0.810554028
vt 0.589305103 0.982076585
vt 0.590483904 0.979539216
vt 0.590483904 0.979539216
vt 0.586767912 0.98325479
vt 0.589305103 0.982076585
vt 0.589305103 0.982076585
vt 0.498654693 0.55934602
vt 0.586767912 0.55934602
vt 0.586767912 0.55934602
vt 0.590483904 0.979539216
vt 0.589305103 0.982076585
vt 0.586767912 0.98325479
vt 0.586767912 0.98325479
vt 0.498654693 0.98325479
vt 0.494939208 0.979539216
vt 0.496117085 0.98207593
vt 0.494939208 0.979539216
vt 0.498654693 0.98325479
vt 0.494939208 0.809252679
vt 0.484986305 0.789750516
vt 0.590483904 0.810554028
vt 0.494939208 0.726819396
vt 0.494939208 0.563061714
vt 0.590483904 0.719985425
vt 0.484986305 0.789750516
vt 0.484986603 0.741021574
vt 0.494939208 0.726819396
vt 0.586767912 0.98325479
vt 0.494939208 0.979539216
vt 0.590483904 0.979539216
vt 0.590483904 0.810554028
vt 0.590483904 0.979539216
vt 0.494939208 0.979539216
vt 0.609716475 0.740421295
vt 0.609716475 0.791179419
vt 0.590483904 0.810554028
vt 0.589305699 0.560524881
vt 0.590483904 0.563061714
vt 0.586767912 0.55934602
vt 0.590483904 0.719985425
vt 0.609716475 0.740421295
vt 0.590483904 0.810554028
vt 0.590483904 0.810554028
vt 0.494939208 0.979539216
vt 0.494939208 0.809252679
vt 0.484986305 0.789750516
vt 0.494939208 0.726819396
vt 0.590483904 0.810554028
vt 0.496117711 0.560524106
vt 0.498654693 0.55934602
vt 0.494939208 0.563061714
vt 0.586767912 0.55934602
vt 0.494939208 0.563061714
vt 0.498654693 0.55934602
vt 0.590483904 0.719985425
vt 0.590483904 0.810554028
vt 0.494939208 0.726819396
vt 0.494939208 0.563061714
vt 0.590483904 0.563061714
vt 0.590483904 0.719985425
vt 0.484986603 0.741021574
vt 0.484986305 0.789750516
vt 0.484986603 0.789750516
vt 0.609716475 0.740421295
vt 0.609716475 0.791179419
vt 0.609716475 0.791179419
vt 0.261488706 0.481958896
vt 0.261484593 0.493763685
vt 0.0255100094 0.493682206
vt 0.0255141202 0.481877387
vt 0.01304847 0.481873095
vt 0.0239246394 0.0665168688
vt 0.261488706 0.481958896
vt 0.0255100094 0.493682206
vt 0.0255141202 0.481877387
vt 0.2740978 0.0666034222
vt 0.273954213 0.481963187
vt 0.263365 0.0665996
vt 0.02394378 0.0115815904
vt 0.263384014 0.0116643896
vt 0.263365 0.0665996
vt 0.263365 0.0665996
vt 0.273954213 0.481963187
vt 0.261488706 0.481958896
vt 0.261488706 0.481958896
vt 0.0255141202 0.481877387
vt 0.0239246394 0.0665168688
vt 0.0239246394 0.0665168688
vt 0.02394378 0.0115815904
vt 0.263365 0.0665996
vt 0.01304847 0.481873095
vt 0.0131897898 0.0665132925
vt 0.0239246394 0.0665168688
vn 0 -0.100000001 -6.5168301e-08
vn 0 0.100000001 6.5168301e-08
vn 0.100000001 0 0
vn 0 6.5168301e-08 -0.100000001
vn -0.100000001 0 0
vn 0 -6.5168301e-08 0.100000001
vn -0.0707106814 4.60809524e-08 -0.0707106814
vn 0.070709154 -4.608194e-08 0.0707122013
vn 5.75837014e-08 -0.100000001 -6.5168301e-08
vn -6.84774975e-08 0.0707394853 -0.07068187
vn 0.030272061 0.0302414801 0.0903828293
vn 0.0672580153 0.0120366924 0.0730169788
vn -0.0672556087 0.0120459534 0.0730176792
vn 0.00972039159 6.48596981e-08 -0.09952645
vn -0.00987913646 0.0678050667 -0.0728345811
vn 0.00707438542 0.0685862005 -0.0724285021
vn -2.29950999e-07 -6.5168301e-08 0.100000001
vn 0 8.31342186e-06 0.100000001
vn -0.00972039159 6.48596981e-08 -0.09952645
vn 0.0098789325 -0.0678066239 -0.0728331655
vn -0.00707438542 -0.0685861111 -0.0724285915
vn 0.000600767089 0.000779462222 0.0999951586
vn 0 9.90878198e-06 0.100000001
vn 0 -0.0999999866 -7.50891704e-05
vn -0.0097234128 0.0995261595 6.48595062e-08
vn 0.0098789325 0.0728331655 -0.0678066239
vn -0.00707438542 0.0724285915 -0.0685861036
vn -0.0098821586 0.072834447 -0.0678047612
vn 0.0097234128 0.0995261595 6.48595062e-08
vn 0.00707438542 0.0724285915 -0.0685861036
vn -3.15327015e-05 8.18673834e-06 -0.100000001
vn 0 3.00201827e-06 -0.100000001
vn -0.100000001 -1.29594e-07 -8.44542128e-14
vn -1.0238e-07 0.100000001 6.5168301e-08
vn -0.100000001 -6.57333032e-07 -4.28372751e-13
vn 0.100000001 4.28905025e-07 2.79510112e-13
vn -0.100000001 1.23989011e-07 8.08015289e-14
vn -8.94421035e-08 0.100000001 6.5168301e-08
vn -0.0298999604 -0.0954253301 -6.21870697e-08
vn 0.0104010096 -0.0728925094 -0.0676646307
vn 0.01412718 -0.0989970937 -6.45147225e-08
vn 0.100000001 8.86625031e-08 5.77798443e-14
vn -0.100000001 -1.49964009e-07 -9.77289945e-14
vn -0.0536490381 0.0843906552 5.49959545e-08
vn -0.0414976217 0.0652755648 -0.0633801967
vn -0.0570657924 -0.0821187943 -5.35154214e-08
vn -0.0806216449 0.0591620803 3.85549228e-08
vn 0.0554841124 -0.0831956416 -5.42171854e-08
vn 0.0423817188 -0.0635466054 -0.0645416155
vn 0.0370688103 0.0656899065 -0.0656562522
vn 0.0134436293 0.0990922228 6.45767173e-08
vn 0.0491441712 0.087091051 5.67557592e-08
vn 0.0778852925 -0.0627206638 -4.08739886e-08
vn 0.0714798495 0.0307698511 -0.0628000721
vn 0.0918506086 0.0395406894 2.57679957e-08
vn -0.0104040308 -0.0728922784 -0.0676644072
vn 0.0298999604 -0.0954253301 -6.21870697e-08
vn -0.0141301705 -0.0989966616 -6.45144382e-08
vn -0.100000001 -1.47771004e-07 -9.62998534e-14
vn 0.100000001 1.19969002e-07 7.81817577e-14
vn 0.0536468625 0.0843920186 5.49968426e-08
vn 0.0414968021 0.0652773157 -0.0633789375
vn 0.0570652299 -0.0821191892 -5.35156808e-08
vn 0.0806224868 0.0591609292 3.85541732e-08
vn -0.0423792303 -0.0635474399 -0.0645424426
vn -0.0554841124 -0.0831956416 -5.42171854e-08
vn -0.0134436293 0.0990922228 6.45767173e-08
vn -0.0370688103 0.0656899065 -0.0656562522
vn -0.0491441712 0.087091051 5.67557592e-08
vn -2.52485023e-07 4.69249301e-07 -0.100000001
vn -0.0778828636 -0.0627236888 -4.08759639e-08
vn -0.0714798495 0.0307698511 -0.0628000721
vn -0.0918506086 0.0395406894 2.57679957e-08
vn 1.31625995e-07 -0.100000001 -6.5168301e-08
vn 0 -0.100000001 -6.5168301e-08
vn -0.030320961 0.0421318859 0.0854724795
vn -0.0660216659 0.0392961614 0.0640074313
vn 0.0660049021 0.0393367708 0.063999787
vn 9.19447018e-07 6.5168301e-08 -0.100000001
vn -0.00707438542 0.0685862005 -0.0724285021
vn 0.0134406304 6.45769873e-08 -0.09909264
vn 1.06453001e-07 6.5168301e-08 -0.100000001
vn 0.000440692907 -0.00238144933 0.0999706835
vn 0 8.31303169e-06 0.100000001
vn 4.48018994e-07 8.64401227e-06 0.100000001
vn 3.89597017e-06 8.15195199e-06 0.100000001
vn 5.75844972e-08 -0.100000001 -4.43463841e-06
vn 0 8.31306261e-06 0.100000001
vn -0.00987913646 -0.0678049773 -0.0728346705
vn 0.00707438542 -0.0685861111 -0.0724285915
vn 0 0.100000001 -6.9665216e-06
vn 0 1.27019321e-05 0.100000001
vn -0.100000001 -5.67872007e-07 -3.70072516e-13
vn 5.7708703e-06 8.31340185e-06 0.100000001
vn -1.14289001e-07 6.02004184e-06 0.100000001
vn 1.64532011e-07 -0.100000001 -6.5168301e-08
vn -7.60960006e-08 0.100000001 -1.2103832e-05
vn -1.75257e-08 9.33580213e-06 0.100000001
vn -9.91909062e-08 9.33564206e-06 0.100000001
vn 0 6.76016134e-06 0.100000001
vn 0.100000001 1.20202003e-06 7.83336015e-13
vn 2.89224005e-07 -0.100000001 -6.5168301e-08
vn -2.29549002e-07 0.100000001 6.5168301e-08
vn -0.100000001 6.86888995e-07 4.476339e-13
vn -1.46914999e-07 0.100000001 6.5168301e-08
vn 3.12221005e-07 -0.100000001 2.18760324e-05
vn -0.100000001 3.12528016e-07 2.03669194e-13
vn 2.38733008e-07 -0.100000001 -6.5168301e-08
vn 0.100000001 3.94434977e-07 2.57046581e-13
vn 0 8.31327179e-06 0.100000001
vn -2.38736988e-07 0.100000001 6.5168301e-08
vn -0.100000001 6.86908038e-07 4.47646287e-13
vn 0.100000001 3.4044001e-07 2.21858976e-13
vn 0 -0.100000001 2.93595331e-05
vn 5.50146024e-06 7.9217516e-06 0.100000001
vn 3.88627015e-08 8.31325269e-06 0.100000001
vn 8.05552034e-08 -0.100000001 -6.5168301e-08
vn -1.59048e-07 0.100000001 6.5168301e-08
vn 8.92722994e-07 9.33579213e-06 0.100000001
vn 0 6.63142146e-06 0.100000001
vn 0 8.04796218e-06 0.100000001
vn 0.100000001 -2.09240014e-07 -1.36358156e-13
vn 2.93830993e-07 -0.100000001 -6.5168301e-08
vn -2.38739005e-07 0.100000001 6.5168301e-08
vn 0.100000001 -2.92479996e-07 -1.90604246e-13
vn -2.29555013e-07 0.100000001 6.5168301e-08
vn 3.12185023e-07 -0.100000001 -6.5168301e-08
vn 0.100000001 -1.37348002e-06 -8.95073566e-13
vn 2.75459996e-07 -0.100000001 7.37933169e-06
vn -2.66310025e-07 0.100000001 -2.25620315e-05
vn -0.100000001 -1.26115012e-07 -8.21870038e-14
vn 0.100000001 1.21832997e-07 7.93964978e-14
vn -0.100000001 -3.21558986e-07 -2.09554528e-13
vn -0.100000001 -3.67912008e-07 -2.39762013e-13
vn -8.77514026e-08 0.100000001 6.5168301e-08
vn 1.59048e-07 -0.100000001 -6.5168301e-08
vn 0 6.76012132e-06 0.100000001
vn 0 9.3357321e-06 0.100000001
vn 0 5.34358151e-06 0.100000001
vn 0.100000001 2.05267e-07 1.33769013e-13
vn -2.93818005e-07 0.100000001 6.5168301e-08
vn 2.93815987e-07 -0.100000001 -6.5168301e-08
vn 0.100000001 -1.47544998e-08 -9.61525628e-15
vn -0.100000001 -6.8687001e-07 -4.47621513e-13
vn 0.100000001 2.03925993e-07 1.32895106e-13
vn 3.67290994e-07 -0.100000001 -6.5168301e-08
vn -2.20371007e-07 0.100000001 6.5168301e-08
vn 0.100000001 5.45223031e-07 3.55312568e-13
vn 0.100000001 3.76999992e-07 2.45684495e-13
vn -9.8720605e-08 0.100000001 6.5168301e-08
vn 0 4.31835178e-06 0.100000001
vn 9.32339006e-08 -0.100000001 -6.5168301e-08
vn -0.100000001 -4.42400022e-07 -2.88304564e-13
vn -0.0999808013 1.27706734e-09 -0.00195964496
vn 0 9.33578212e-06 0.100000001
vn 0 6.76019135e-06 0.100000001
vn 8.92719981e-07 5.34355149e-06 0.100000001
vn -0.0999810621 -1.09752159e-06 -0.00194637699
vn -2.1027201e-05 -0.100000001 -6.5168301e-08
vn 0.100000001 6.52516007e-07 4.25233606e-13
vn -1.96863002e-05 -0.100000001 -6.5168301e-08
vn 0.100000001 -3.43429001e-08 -2.23806857e-14
vn -4.63923025e-05 -0.0999999866 -6.51682939e-08
vn 0.100000001 6.52529991e-07 4.25242713e-13
vn 3.6617601e-07 9.82327219e-06 0.100000001
vn -8.02237068e-08 0.100000001 -5.64487164e-06
vn 7.80046958e-06 1.07521319e-05 0.100000001
vn 6.58146035e-08 -0.100000001 -6.5168301e-08
vn 0 -0.100000001 2.89328327e-05
vn -0.0996808857 -1.0902678e-06 -0.00798266567
vn 0 9.33569208e-06 0.100000001
vn 0 9.46466207e-06 0.100000001
vn 0 6.76014179e-06 0.100000001
vn -0.099681288 -2.18615105e-06 -0.00797758158
vn 0.100000001 2.04487989e-07 1.33261349e-13
vn 0.100000001 -3.64893999e-08 -2.37795216e-14
vn 0 -0.100000001 8.11361224e-06
vn 0.100000001 1.51004997e-06 9.84073933e-13
vn 0 -0.100000001 1.73961325e-05
vn -0.0996808857 5.20223686e-09 -0.00798277184
vn 0.100000001 -5.67850805e-07 -3.25784022e-05
vn 0.000535130501 0.000779903319 0.0999955311
vn -9.32339006e-08 0.100000001 6.5168301e-08
vn 8.05522049e-08 -0.100000001 -6.5168301e-08
vn 0 -0.100000001 1.77151323e-05
vn -9.40235986e-06 -0.100000001 -6.5168301e-08
vn -0.0996797904 0.000568645366 -0.00797616132
vn -0.0999808088 1.27690059e-09 -0.00195938908
vn 0 5.34355149e-06 0.100000001
vn 0 9.46448199e-06 0.100000001
vn 0 0.100000001 -1.69215309e-05
vn -0.0999808013 1.27709865e-09 -0.00195969315
vn 0 0.100000001 -1.76293324e-05
vn -9.22687013e-06 -0.100000001 1.18558319e-05
vn 0 -0.100000001 4.95501172e-06
vn 0.100000001 2.06062012e-07 1.34287113e-13
vn 0 8.3130717e-06 0.100000001
vn -6.58117969e-08 0.100000001 6.5168301e-08
vn 0 8.30787212e-06 0.100000001
vn 4.38769021e-08 -0.100000001 -6.5168301e-08
vn -0.0996808708 -1.09028781e-06 -0.00798278395
vn 0 9.33583215e-06 0.100000001
vn 0 6.6314019e-06 0.100000001
vn 0.100000001 4.09978014e-07 2.67175713e-13
vn -9.1901602e-06 -0.100000001 -6.5168301e-08
vn -0.0999804363 -1.09748044e-06 -0.00197888608
vn 0 7.56498184e-06 0.100000001
vn 1.42597003e-07 -0.100000001 -6.5168301e-08
vn -1.31625995e-07 0.100000001 6.5168301e-08
vn 0 6.6314019e-06 0.100000001
vn 9.91921993e-08 8.04801221e-06 0.100000001
vn 0.100000001 -2.92472009e-07 -1.90599042e-13
vn 3.30538995e-07 -0.100000001 -6.5168301e-08
vn 0.100000001 -1.73068997e-07 -1.12786123e-13
vn 2.93818999e-07 -0.100000001 -6.5168301e-08
vn 0 1.05074323e-05 0.100000001
vn -1.83634995e-07 0.100000001 6.5168301e-08
vn 0.100000001 1.43407007e-07 9.3455903e-14
vn 0 6.5168301e-08 -0.100000001
vn 7.46228963e-08 -0.100000001 1.15788316e-05
vn 6.99769984e-08 -6.5168301e-08 0.100000001
vn -1.11919995e-07 0.100000001 -8.66784194e-06
vn 6.58132038e-08 -0.100000001 -6.5168301e-08
vn 0 8.31313264e-06 0.100000001
vn 2.29441e-07 9.90302215e-06 0.100000001
vn -1.0968801e-07 0.100000001 6.5168301e-08
vn 0 6.76015134e-06 0.100000001
vn 1.83632991e-07 -0.100000001 -6.5168301e-08
vn -1.46911006e-07 0.100000001 6.5168301e-08
vn 0.100000001 7.63040973e-08 4.97260856e-14
vn -0.100000001 -6.6799771e-07 1.95364009e-05
vn 9.87175994e-08 -0.100000001 -6.5168301e-08
vn -5.48425021e-08 0.100000001 6.5168301e-08
vn -0.100000001 -1.3357328e-06 1.95327993e-05
vn 0 5.3435615e-06 0.100000001
vn 0.100000001 -5.45206035e-07 -3.55301482e-13
vn -1.46911006e-07 0.100000001 6.5168301e-08
vn 0.100000001 1.25379279e-06 -1.95363991e-05
vn -0.100000001 -4.01102989e-06 -2.61391993e-12
vn 1.33859004e-07 -0.0707219318 0.070699431
vn -8.86608049e-08 -0.0320647284 -0.0947198719
vn -8.57902052e-08 0.100000001 6.5168301e-08
vn 4.52416998e-07 7.29115163e-06 0.100000001
vn 1.10557004e-07 -6.5168301e-08 0.100000001
vn -1.80235009e-08 0.0707035363 0.0707178265
vn 9.14700991e-08 -0.100000001 -2.37124696e-05
vn 1.01694006e-07 -6.5168301e-08 0.100000001
vn 7.68261032e-07 1.36367325e-05 0.100000001
vn -1.15165008e-07 9.82496204e-06 0.100000001
vn 1.00993002e-05 1.0308232e-05 0.100000001
vn 0 -0.100000001 -6.5168301e-08
vn 0.100000001 5.21704194e-14 -8.00549032e-08
vn 2.22634e-08 -6.5168301e-08 0.100000001
vn -2.22626007e-08 6.5168301e-08 -0.100000001
vn 0 1.27012318e-05 0.100000001
vn -0.100000001 -3.47803248e-14 5.33700018e-08
vn 2.22627001e-08 -6.5168301e-08 0.100000001
vn -3.33951e-08 6.5168301e-08 -0.100000001
vn 8.67475975e-08 -0.100000001 -6.5168301e-08
vn 0.100000001 1.19762007e-07 7.80468626e-14
vn -9.21696071e-08 0.100000001 6.5168301e-08
vn -1.43294002e-07 -6.5168301e-08 0.100000001
vn 0 -0.100000001 -2.20124306e-07
vn 4.35671019e-08 6.5168301e-08 -0.100000001
vn 1.99756002e-07 -0.100000001 -1.19115704e-07
vn -3.67920984e-06 -6.5168301e-08 0.100000001
vn 0.100000001 -9.87592983e-14 1.51544995e-07
vn 0 0.100000001 6.5168301e-08
vn 2.81337998e-06 6.5168301e-08 -0.100000001
vn 1.24990004e-06 6.5168301e-08 -0.100000001
vn -1.83889006e-06 -6.5168301e-08 0.100000001
vn -5.92080021e-08 -0.100000001 -1.06654504e-07
vn -4.54129001e-08 -6.5168301e-08 0.100000001
vn 4.57486031e-08 -0.100000001 -1.54360208e-07
vn 0 0.100000001 -3.46496705e-07
vn -4.5413298e-08 -6.5168301e-08 0.100000001
vn 2.49952996e-06 6.5168301e-08 -0.100000001
vn -0.100000001 1.64800855e-12 -2.52885002e-06
vn -0.0298990905 -6.21872474e-08 0.0954256132
vn 0.0104040308 -0.0676644221 0.0728922859
vn 0.01412718 -6.45147225e-08 0.0989970937
vn 0.100000001 -4.86275449e-14 7.46184057e-08
vn -0.100000001 6.57991253e-14 -1.00968002e-07
vn -0.0536468625 5.49968426e-08 -0.0843920186
vn -0.0414976217 -0.0633801967 -0.0652755648
vn -0.0570645221 -5.35160005e-08 0.0821196809
vn -0.0806224272 3.85542229e-08 -0.0591610074
vn 0.0423817188 -0.0645416155 0.0635466129
vn 0.0554841124 -5.42171854e-08 0.0831956416
vn 0.0370654315 -0.0656556562 -0.0656923726
vn 0.0134436293 6.45767173e-08 -0.0990922228
vn 0.0491418503 5.67566047e-08 -0.0870923549
vn 0.0778855383 -4.08737897e-08 0.0627203509
vn 0.0714798495 -0.0628000721 -0.0307698511
vn 0.0918506086 2.57679957e-08 -0.0395406894
vn -0.0104037998 -0.0676629022 0.0728937164
vn 0.0298990905 -6.21872474e-08 0.0954256132
vn -0.0141301705 -6.45144382e-08 0.0989966616
vn -0.100000001 3.24185564e-14 -4.97458998e-08
vn 0.0536468625 5.49968426e-08 -0.0843920186
vn 0.0414942726 -0.0633797422 -0.0652781427
vn 0.057064157 -5.35161639e-08 0.0821199343
vn 0.0806222185 3.85544148e-08 -0.0591613017
vn -0.0423817299 -0.0645385757 0.0635496825
vn -0.0554841124 -5.42171854e-08 0.0831956416
vn -0.0134436293 6.45767173e-08 -0.0990922228
vn -0.0370688103 -0.0656501427 -0.0656960011
vn -0.0491418503 5.67566047e-08 -0.0870923549
vn 1.80244001e-07 -0.100000001 -6.41356883e-06
vn -0.077883102 -4.08757685e-08 0.0627233908
vn -0.0918506086 2.57679957e-08 -0.0395406894
vn -0.0714791715 -0.0627994835 -0.0307726115
vn -0.0818934664 3.73992393e-08 -0.0573887005
vn -0.073218666 -0.066162616 -0.0161721744
vn -0.0953659713 1.96083203e-08 -0.0300887413
vn -0.0976464227 1.40554803e-08 -0.0215679705
vn -0.0544858575 -0.0637331381 -0.0544920154
vn -0.0707060993 4.60839331e-08 -0.0707152635
vn -0.0161691606 -0.0661628917 -0.0732190609
vn -0.0215644203 6.36350279e-08 -0.0976472124
vn -0.0544887595 -0.0637360811 0.0544856675
vn -0.0215708818 -6.36340971e-08 0.0976457819
vn -0.0707137287 -4.60789629e-08 0.0707076341
vn -0.0732190236 -0.0661629438 0.0161691178
vn -0.0976470709 -1.40535832e-08 0.0215650611
vn -0.0627683327 -0.0763706416 0.0150885209
vn -0.0972298384 -1.52326596e-08 0.0233743396
vn -0.089071691 -2.96228126e-08 0.0454558618
vn 0.0544959307 -0.0637341887 -0.0544807129
vn 0.0215708818 6.36340971e-08 -0.0976457819
vn 0.0707198307 4.60749803e-08 -0.0707015246
vn -0.0161751006 -0.0661623254 0.0732182488
vn 0.0161721315 -0.0661626682 0.0732186213
vn 0 0.00469685206 0.0998896435
vn 0.0732178986 -0.0661649778 -0.0161659028
vn 0.0976484939 1.40493741e-08 -0.0215586014
vn 0.0557471886 -0.0800225064 -0.0221054312
vn 0.0929573476 2.40234552e-08 -0.0368637107
vn 0.072821781 4.46628228e-08 -0.0685345829
vn 0.0709697604 -4.59114951e-08 0.0704506561
vn 0.073218666 -0.0661626309 0.0161720868
vn 0.0924585834 -2.48274219e-08 0.0380973928
vn 0.0976457819 -1.40573766e-08 0.0215708818
vn 0.0544857085 -0.0637360811 0.0544887185
vn 0.0215679705 -6.36345163e-08 0.0976464227
vn -0.0728582367 -0.0645234436 -0.022987023
vn -2.33888997e-07 0.100000001 -4.77177707e-07
vn 4.35677023e-08 6.5168301e-08 -0.100000001
vn -0.100000001 6.5839539e-14 -1.01030004e-07
vn 0 -0.100000001 -1.92397295e-07
vn -2.29885003e-07 -6.5168301e-08 0.100000001
vn -3.1250201e-07 6.5168301e-08 -0.100000001
vn 0 0.100000001 7.8997104e-08
vn 2.49977006e-06 -6.5168301e-08 0.100000001
vn 0.100000001 -4.5824786e-13 7.03175999e-07
vn 0.100000001 -1.23598853e-12 1.89661012e-06
vn 0.100000001 -1.23598202e-12 1.89660011e-06
vn -9.08265037e-08 -6.5168301e-08 0.100000001
vn 0 -0.100000001 3.46496705e-07
vn -2.46565008e-07 0.100000001 6.5168301e-08
vn -1.58944005e-07 -6.5168301e-08 0.100000001
vn 3.68805991e-06 -6.5168301e-08 0.100000001
vn 0.100000001 6.81645542e-06 6.79893446e-06
vn -5.40595011e-06 0.100000001 6.5168301e-08
vn 2.00828012e-07 6.5168301e-08 -0.100000001
vn 0.100000001 -1.23602116e-12 1.89666014e-06
vn 0 0.100000001 1.33885706e-07
vn 0 0.100000001 1.34023594e-07
vn -0.0104040308 0.0676643327 0.0728923753
vn -0.100000001 9.72565195e-14 -1.49239e-07
vn 0.100000001 -8.22476107e-14 1.26208008e-07
vn -2.16786006e-07 0.100000001 6.5168301e-08
vn 0.0414942726 0.0633798316 -0.0652780607
vn 0.0570645221 -5.35160005e-08 0.0821196809
vn 0.080623202 3.85535373e-08 -0.0591599531
vn -0.0423792303 0.0645423606 0.0635475218
vn -0.0370680615 0.0656550154 -0.0656915456
vn -0.0778824911 -4.08762553e-08 0.0627241358
vn -0.0714798495 0.0628001168 -0.0307697691
vn -0.0228344314 0.0645601824 0.0728736818
vn 0.100000001 -8.10452508e-14 1.24362998e-07
vn -0.100000001 1.31599565e-13 -2.01937993e-07
vn -0.0414942726 0.0633798316 -0.0652780607
vn -0.057064373 -5.35160751e-08 0.0821197927
vn -0.0806217641 3.85548091e-08 -0.0591619089
vn 0.0423792303 0.0645423606 0.0635475218
vn 0.0370688103 0.0656532869 -0.0656928644
vn 0.0778824911 -4.08762553e-08 0.0627241358
vn 0.0714798495 0.0628001168 -0.0307697691
vn 0.0918517187 2.57663224e-08 -0.0395381227
vn 0.0818934664 3.73992322e-08 -0.0573886894
vn 0.0732179433 0.0661619678 -0.0161780268
vn 0.0953659713 6.12341864e-06 -0.0300887413
vn 0.0976451263 1.4059272e-08 -0.0215737894
vn 0.0544826649 0.0637360811 -0.0544917695
vn 0.0707045719 4.60849243e-08 -0.0707167834
vn 0.0161721315 0.0661626682 -0.0732186213
vn 0.0215679705 6.36345163e-08 -0.0976464227
vn 0.0544918142 0.0637360066 0.0544827059
vn 0.0215708818 -6.36340971e-08 0.0976457819
vn 0.0707152635 -4.60779646e-08 0.0707060993
vn 0.0732190236 0.0661629289 0.0161692034
vn 0.0976470709 -1.40535832e-08 0.0215650611
vn 0.0627683327 0.0763706267 0.0150886197
vn 0.0972298384 -1.52326596e-08 0.0233743396
vn 0.0890714899 -2.96230649e-08 0.0454562493
vn -0.0544866212 0.0637371391 -0.0544865802
vn -0.0215737894 6.36336708e-08 -0.0976451263
vn 0.0161751006 0.066162236 0.0732183382
vn -0.0161691606 0.0661628917 0.0732190609
vn 0 -0.00469393609 0.0998897776
vn -0.0732182935 0.0661622882 -0.0161750577
vn -0.0976457819 1.40573766e-08 -0.0215708818
vn -0.0557492971 0.0800211877 -0.0221049469
vn -0.0929583907 2.40217339e-08 -0.0368610732
vn -0.0728219971 4.46626807e-08 -0.0685343668
vn -0.0709707364 -4.59108485e-08 0.0704496652
vn -0.0732182935 0.0661622733 0.0161751434
vn -0.0924585834 -2.48274219e-08 0.0380973928
vn -0.0976457819 -1.40573766e-08 0.0215708818
vn -0.0544826649 0.0637360066 0.0544918552
vn -0.0707060993 -4.60839331e-08 0.0707152635
vn -0.0215650611 -6.36349355e-08 0.0976470709
vn -0.0161751006 0.0661623254 -0.0732182488
vn 0.0728582367 0.0645234734 -0.0229869373
vn 0.0953659713 1.96083203e-08 -0.0300887413
vn 1.01770006e-07 6.5168301e-08 -0.100000001
vn 0 -0.100000001 1.53584315e-05
vn 0 0.0707380921 -0.0706832558
vn -1.42694006e-07 0.0706317872 -0.0707894862
vn -1.97092007e-07 0.0707447007 -0.0706766546
vn 0 0.0706514642 -0.0707698539
vn -7.63562014e-08 0.0707094669 -0.0707118958
vn -0.0577391051 -0.0577238761 0.0577421114
vn -0.030272061 0.0302414801 0.0903828293
vn 0.0577391051 -0.0577238761 0.0577421114
vn -4.94608017e-08 -6.5168301e-08 0.100000001
vn -4.63118006e-08 -1.69116987e-08 0.100000001
vn -4.94420043e-08 -6.5168301e-08 0.100000001
vn -4.63320013e-08 -1.134459e-07 0.100000001
vn 0 1.03576322e-05 0.100000001
vn 0 1.03574321e-05 0.100000001
vn 1.02304e-06 7.43532155e-06 0.100000001
vn -1.17523996e-06 -6.5168301e-08 0.100000001
vn 0.000440823991 -0.00288363034 0.0999574512
vn 1.79439994e-07 1.08620316e-05 0.100000001
vn -4.31008004e-07 8.31332181e-06 0.100000001
vn 0 9.22377239e-06 0.100000001
vn -1.86107013e-06 -6.5168301e-08 0.100000001
vn 2.29339003e-06 9.79540164e-06 0.100000001
vn 0 1.22969313e-05 0.100000001
vn -2.08790016e-06 6.64098116e-06 0.100000001
vn 1.85491999e-07 9.46448199e-06 0.100000001
vn 0 9.22399158e-06 0.100000001
vn -1.5370901e-07 1.22966321e-05 0.100000001
vn -7.68267014e-08 8.31329271e-06 0.100000001
vn 4.39409007e-07 9.82318215e-06 0.100000001
vn 0 8.31324178e-06 0.100000001
vn 0 8.31301259e-06 0.100000001
vn 1.83554008e-07 9.75424155e-06 0.100000001
vn 7.68040991e-07 4.31488161e-06 0.100000001
vn 5.10102041e-07 6.76016134e-06 0.100000001
vn -9.27458004e-08 6.76016134e-06 0.100000001
vn 1.00566001e-06 1.03080329e-05 0.100000001
vn 7.32350003e-08 7.92159153e-06 0.100000001
vn 3.70983003e-07 9.33567208e-06 0.100000001
vn -1.49339002e-07 8.35885203e-06 0.100000001
vn 1.36951996e-07 7.92158244e-06 0.100000001
vn -0.00210466306 9.91235629e-06 0.0999778509
vn 0 9.22357231e-06 0.100000001
vn 0 9.22353229e-06 0.100000001
vn -1.07762003e-06 -6.5168301e-08 0.100000001
vn -5.12497031e-08 -1.37310252e-09 0.100000001
vn -6.89298005e-08 -6.5168301e-08 0.100000001
vn -6.89602047e-08 -6.5168301e-08 0.100000001
vn -2.51158008e-06 -6.5168301e-08 0.100000001
vn -6.83598032e-08 -1.28988603e-07 0.100000001
vn 8.61622027e-08 6.5168301e-08 -0.100000001
vn 8.54498055e-08 1.50284308e-07 -0.100000001
vn 8.62002025e-08 6.5168301e-08 -0.100000001
vn 8.54160973e-08 -1.99142036e-08 -0.100000001
vn 2.55763013e-07 9.90894205e-06 0.100000001
vn 0 9.9090521e-06 0.100000001
vn -5.15978016e-08 1.0623532e-05 0.100000001
vn 0 -0.100000001 3.0790834e-05
vn 3.67846997e-06 -6.5168301e-08 0.100000001
vn -3.15348007e-05 8.18673834e-06 -0.100000001
vn 1.31671004e-06 8.18674835e-06 -0.100000001
vn 0 6.74168859e-06 -0.100000001
vn 0 6.74149851e-06 -0.100000001
vn 0 6.74157855e-06 -0.100000001
vn 0 6.74157855e-06 -0.100000001
vn -2.04821004e-06 8.18679837e-06 -0.100000001
vn 2.94160009e-06 5.93627828e-06 -0.100000001
vn -4.57582018e-06 5.93621826e-06 -0.100000001
vn 0 3.00203828e-06 -0.100000001
vn -1.02371999e-07 0.100000001 6.5168301e-08
vn 0.100000001 -5.63184983e-08 -3.67018089e-14
vn -0.100000001 8.48032983e-07 5.52648693e-13
vn 0.100000001 -3.06726008e-07 -1.9988812e-13
vn -0.100000001 4.28875012e-07 2.79490542e-13
vn -8.94347991e-08 0.100000001 6.5168301e-08
vn 0.100000001 0 0
vn 5.08274979e-07 6.5168301e-08 -0.100000001
vn -3.99408009e-08 6.5168301e-08 -0.100000001
vn 2.20060997e-06 6.5168301e-08 -0.100000001
vn -1.71086008e-08 6.5168301e-08 -0.100000001
vn 0 6.5168301e-08 -0.100000001
vn -0.0228344314 -0.0728735998 -0.0645602718
vn 0.100000001 5.91094995e-08 3.85206563e-14
vn -0.100000001 -8.99781014e-08 -5.86371975e-14
vn -0.0570647009 -0.0821195617 -5.35159224e-08
vn -0.0806237683 0.0591591783 3.85530292e-08
vn 0.0228344314 -0.0728735998 -0.0645602718
vn -0.100000001 -1.18218999e-07 -7.70413125e-14
vn 0.100000001 1.49952001e-07 9.77211679e-14
vn 0.0570649505 -0.0821193829 -5.35158051e-08
vn 0.0806221589 0.0591613837 3.85544681e-08
vn 1.01655996e-06 6.5168301e-08 -0.100000001
vn -2.75421002e-07 -4.2473971e-09 -0.100000001
vn -1.10049996e-06 6.5168301e-08 -0.100000001
vn -2.4268499e-07 -3.88657696e-07 -0.100000001
vn -2.73079994e-08 6.5168301e-08 -0.100000001
vn 4.52325004e-08 6.5168301e-08 -0.100000001
vn -0.0778816417 -0.0627252087 -4.08769552e-08
vn 1.31627004e-07 -0.100000001 -6.5168301e-08
vn -0.0301440395 0.0852591246 -0.0426874757
vn -0.0577510595 0.0816382617 0.000106864703
vn 0.057748992 0.08163964 0.000158750496
vn 0.0303181708 0.0421261527 0.0854762867
vn 0.0301440507 0.085292697 -0.0426203348
vn 0.0098789325 0.0678067133 -0.0728330761
vn 1.02517006e-07 2.9843531e-07 -0.100000001
vn 6.8339105e-08 -1.68078714e-07 -0.100000001
vn 6.69432012e-08 6.5168301e-08 -0.100000001
vn -0.100000001 5.24288763e-14 -8.04515068e-08
vn -0.100000001 5.22834204e-14 -8.0228304e-08
vn -0.100000001 5.22825733e-14 -8.02270037e-08
vn 0 1.03569319e-05 0.100000001
vn 0 8.28752218e-06 0.100000001
vn 0 1.03570328e-05 0.100000001
vn 1.19257004e-06 7.66689209e-06 0.100000001
vn -2.32269008e-06 6.7776914e-06 0.100000001
vn 2.30477013e-07 1.03080329e-05 0.100000001
vn 0 -0.00238143723 0.0999716371
vn -1.56704994e-06 -6.5168301e-08 0.100000001
vn 0 7.66671201e-06 0.100000001
vn 3.09586994e-07 6.76014179e-06 0.100000001
vn 9.31431998e-07 6.76025184e-06 0.100000001
vn -1.19869e-07 7.65339246e-06 0.100000001
vn 0 8.31300167e-06 0.100000001
vn 1.85545002e-06 9.46146247e-06 0.100000001
vn -1.85491999e-07 9.464512e-06 0.100000001
vn 0 8.31288162e-06 0.100000001
vn -1.29846001e-06 6.63144192e-06 0.100000001
vn -4.10857012e-07 9.82322217e-06 0.100000001
vn 0 8.31285251e-06 0.100000001
vn 0 1.27019321e-05 0.100000001
vn 4.76906017e-08 -0.100000001 5.36253174e-06
vn 5.75915031e-08 -0.100000001 -6.5168301e-08
vn 7.8832602e-07 9.33560204e-06 0.100000001
vn -6.98533995e-07 9.33571209e-06 0.100000001
vn -2.15499017e-06 4.12405143e-06 0.100000001
vn -3.75672009e-08 8.3130526e-06 0.100000001
vn 2.08677989e-07 1.07523319e-05 0.100000001
vn 0 9.11060215e-06 0.100000001
vn 9.21900039e-07 4.1239914e-06 0.100000001
vn 0 8.31324178e-06 0.100000001
vn -2.12625991e-07 0.100000001 -3.28644688e-07
vn 0 0.100000001 -4.61838681e-07
vn -6.03135035e-08 -6.5168301e-08 0.100000001
vn -7.68812001e-08 3.90470234e-09 0.100000001
vn -6.03401986e-08 -6.5168301e-08 0.100000001
vn -7.50968994e-08 -1.34238306e-07 0.100000001
vn -0.0999998674 -0.0001742124 -1.13531261e-10
vn 4.10352004e-06 8.15196199e-06 0.100000001
vn 0 1.27019321e-05 0.100000001
vn -6.5197396e-06 5.34365154e-06 0.100000001
vn -0.100000001 -8.6805602e-07 -5.65697391e-13
vn -0.100000001 -5.65410005e-07 -3.68468087e-13
vn -0.100000001 8.51035054e-07 5.54605081e-13
vn 0 8.15187195e-06 0.100000001
vn 0 8.48053241e-06 0.100000001
vn 5.99343011e-08 8.4841522e-06 0.100000001
vn 0 9.11092229e-06 0.100000001
vn 1.54790996e-07 9.33553201e-06 0.100000001
vn -2.06392002e-07 6.63136188e-06 0.100000001
vn 6.39410018e-08 9.11099232e-06 0.100000001
vn 0 9.11091229e-06 0.100000001
vn 0 8.31325269e-06 0.100000001
vn 8.66116977e-07 -6.5168301e-08 0.100000001
vn 4.03081998e-07 8.06120261e-06 0.100000001
vn -4.58871021e-08 8.31296165e-06 0.100000001
vn -9.3139198e-07 9.33584215e-06 0.100000001
vn 8.8752806e-08 8.31308171e-06 0.100000001
vn 2.35837007e-07 9.9031422e-06 0.100000001
vn 0 8.31320176e-06 0.100000001
vn 1.87462007e-07 8.07359265e-06 0.100000001
vn 9.31332033e-06 9.33500178e-06 0.100000001
vn 1.16904002e-05 6.02014188e-06 0.100000001
vn -1.39703002e-06 6.63138144e-06 0.100000001
vn -7.76847031e-08 6.0200714e-06 0.100000001
vn -4.12784999e-07 9.33574211e-06 0.100000001
vn 4.07626032e-07 -6.5168301e-08 0.100000001
vn 0 6.02002183e-06 0.100000001
vn 1.64532011e-07 -0.100000001 -6.5168301e-08
vn -1.63167002e-07 0.100000001 -5.55126189e-06
vn 0 9.33571209e-06 0.100000001
vn 9.10258052e-07 1.07522319e-05 0.100000001
vn 3.32299024e-08 6.7601718e-06 0.100000001
vn 0.100000001 6.86888995e-07 4.476339e-13
vn 2.89238017e-07 -0.100000001 -6.5168301e-08
vn -2.29556008e-07 0.100000001 6.5168301e-08
vn -0.100000001 -3.74290011e-07 -2.43918438e-13
vn -1.46909997e-07 0.100000001 6.5168301e-08
vn 0.100000001 -1.73063995e-07 -1.12782864e-13
vn 2.29689007e-07 -0.100000001 2.34379313e-05
vn 2.38731985e-07 -0.100000001 -6.5168301e-08
vn 0 8.31322268e-06 0.100000001
vn -2.38726983e-07 0.100000001 6.5168301e-08
vn -0.100000001 -1.23421998e-07 -8.04320193e-14
vn 0.100000001 2.21200011e-07 1.44152282e-13
vn 0 1.03080329e-05 0.100000001
vn -7.08233969e-08 1.03080329e-05 0.100000001
vn 0 7.9217516e-06 0.100000001
vn -1.30395001e-05 6.6315115e-06 0.100000001
vn 9.21857009e-07 1.36359322e-05 0.100000001
vn 2.88550996e-06 1.0308132e-05 0.100000001
vn 0 8.31283251e-06 0.100000001
vn 2.06213008e-06 8.90309275e-06 0.100000001
vn 0 7.92180253e-06 0.100000001
vn -3.25990004e-06 8.04821229e-06 0.100000001
vn -1.72749012e-07 9.82496204e-06 0.100000001
vn -1.19890004e-07 1.03079319e-05 0.100000001
vn 3.80965979e-08 7.92176252e-06 0.100000001
vn -3.09590007e-07 9.46462205e-06 0.100000001
vn 0 9.79533252e-06 0.100000001
vn 0 7.43546116e-06 0.100000001
vn 6.11488986e-07 -6.5168301e-08 0.100000001
vn 0 7.43533201e-06 0.100000001
vn 3.09589012e-07 6.63142146e-06 0.100000001
vn -4.79560995e-08 7.43541204e-06 0.100000001
vn 8.15128999e-07 -6.5168301e-08 0.100000001
vn 5.15979046e-08 1.07523319e-05 0.100000001
vn 0 1.01899323e-05 0.100000001
vn -1.86277998e-06 1.07527321e-05 0.100000001
vn 1.19870009e-07 1.02289323e-05 0.100000001
vn 0 8.31333273e-06 0.100000001
vn 8.05522049e-08 -0.100000001 -6.5168301e-08
vn -1.59050003e-07 0.100000001 6.5168301e-08
vn 3.35659003e-08 8.04791216e-06 0.100000001
vn -4.38506014e-08 6.63141145e-06 0.100000001
vn -1.23088002e-08 8.04791216e-06 0.100000001
vn -0.100000001 3.7430101e-07 2.43925594e-13
vn 2.93818005e-07 -0.100000001 -6.5168301e-08
vn -2.38728006e-07 0.100000001 6.5168301e-08
vn -2.29544e-07 0.100000001 6.5168301e-08
vn 3.12184028e-07 -0.100000001 -6.5168301e-08
vn -0.100000001 -3.32720987e-07 -2.16828617e-13
vn 0.100000001 -1.04914e-06 -6.83706672e-13
vn 2.84641004e-07 -0.100000001 7.77108198e-06
vn -2.66428998e-07 0.100000001 -2.25568328e-05
vn 0.100000001 -2.21191996e-07 -1.44147064e-13
vn -0.100000001 -5.51241044e-07 -3.59234398e-13
vn -0.100000001 3.33966e-07 2.17639966e-13
vn -0.100000001 -8.51092977e-07 -5.54642812e-13
vn -0.100000001 8.51324955e-07 5.54794004e-13
vn -0.100000001 -8.6811599e-07 -5.65736423e-13
vn -0.100000001 -6.25277039e-07 -4.07482397e-13
vn 1.59050003e-07 -0.100000001 -6.5168301e-08
vn 0 6.7601718e-06 0.100000001
vn -4.15328998e-08 9.3357321e-06 0.100000001
vn 7.25394045e-07 6.63138144e-06 0.100000001
vn -0.100000001 -1.23429004e-07 -8.04365865e-14
vn -2.93828009e-07 0.100000001 6.5168301e-08
vn 2.93829999e-07 -0.100000001 -6.5168301e-08
vn 0.100000001 -6.86908038e-07 -4.47646287e-13
vn 3.67277011e-07 -0.100000001 -6.5168301e-08
vn -2.20374005e-07 0.100000001 6.5168301e-08
vn -0.100000001 8.3850999e-08 5.4644274e-14
vn 0.100000001 -3.47290012e-07 -2.26323002e-13
vn 0.100000001 -8.34779996e-07 -5.44011938e-13
vn 0.100000001 -8.51324955e-07 -5.54794004e-13
vn 0.100000001 8.51092977e-07 5.54642812e-13
vn -9.87202071e-08 0.100000001 6.5168301e-08
vn 0 8.31325269e-06 0.100000001
vn -2.43674003e-06 7.36944139e-06 0.100000001
vn 6.95934034e-07 8.05202217e-06 0.100000001
vn 9.32357977e-08 -0.100000001 -6.5168301e-08
vn -0.100000001 -5.61639979e-08 -3.66011237e-14
vn -0.0996802673 0.000476323708 -0.00797614921
vn 0 9.33571209e-06 0.100000001
vn 0 6.76011132e-06 0.100000001
vn 0 6.7601718e-06 0.100000001
vn -0.0996808186 0.000568198273 -0.00796322245
vn -0.099681288 0.000476949586 -0.00796322245
vn 0 -0.0999989286 -0.000464665442
vn 0 -0.0999988317 -0.000483649579
vn 0 -0.0999947116 -0.00102888816
vn 0.100000001 -1.09897007e-06 -7.16180099e-13
vn 0 9.22428262e-06 0.100000001
vn -2.24006996e-07 8.35880201e-06 0.100000001
vn 0 9.22408253e-06 0.100000001
vn 0 1.23032323e-05 0.100000001
vn -7.83526957e-07 -6.5168301e-08 0.100000001
vn 6.49218009e-07 5.34358151e-06 0.100000001
vn 0 1.23028321e-05 0.100000001
vn -9.5867199e-07 9.82334222e-06 0.100000001
vn -7.60941035e-08 0.100000001 -5.833052e-06
vn 0 8.31299167e-06 0.100000001
vn -5.8864498e-07 8.48096261e-06 0.100000001
vn -9.7951208e-08 -6.5168301e-08 0.100000001
vn 6.58117045e-08 -0.100000001 -6.5168301e-08
vn -0.100000001 1.65900005e-07 1.08114208e-13
vn 0 -0.100000001 2.98682316e-05
vn -0.0996808708 1.58720283e-07 -0.00798283797
vn 0 9.33565207e-06 0.100000001
vn 0 9.46459204e-06 0.100000001
vn 8.92714979e-07 5.34355149e-06 0.100000001
vn -0.0996808708 -1.87980766e-06 -0.00798282679
vn 0 -0.100000001 8.42006997e-08
vn 0.100000001 -1.09900009e-06 -7.16199615e-13
vn 0 -0.100000001 8.70354143e-06
vn 0.100000001 1.09918005e-06 7.16316925e-13
vn 0 -0.100000001 1.72725322e-05
vn -0.0996808633 -1.24112773e-06 -0.00798289105
vn 0.100000001 1.04181004e-06 6.78929894e-13
vn 0.100000001 8.68033055e-07 5.65682375e-13
vn 0.100000001 -6.67860036e-07 -4.35233013e-13
vn 0.100000001 1.84264294e-07 -1.11924001e-05
vn 0.100000001 8.51035054e-07 5.54605081e-13
vn 0.100000001 2.116308e-11 -3.24745015e-05
vn 0.100000001 -8.35059041e-07 -5.44193759e-13
vn 0.100000001 6.67842016e-07 4.35221276e-13
vn -0.00210555107 1.0196547e-05 0.0999778286
vn -9.32359043e-08 0.100000001 6.5168301e-08
vn 8.05541021e-08 -0.100000001 -6.5168301e-08
vn -0.100000001 -1.86663996e-07 -1.21645763e-13
vn -1.49104005e-06 -0.100000001 -6.5168301e-08
vn 0 -0.0999997407 -0.000230741061
vn -0.100000001 -1.32045002e-07 -8.60514798e-14
vn -0.0996802524 0.000475781329 -0.00797627494
vn 0 5.34360152e-06 0.100000001
vn 0 9.46453201e-06 0.100000001
vn 0 9.46453201e-06 0.100000001
vn 0 0.100000001 -1.6860231e-05
vn -0.0996802524 0.000476609915 -0.00797629263
vn 0 0.100000001 -1.76437316e-05
vn 0 -0.0999998227 -0.000192498672
vn 0 -0.100000001 4.3401019e-06
vn 0.100000001 -2.06058004e-07 -1.34284497e-13
vn 2.29437006e-07 9.89813179e-06 0.100000001
vn 2.78238019e-07 9.33579213e-06 0.100000001
vn -6.58139001e-08 0.100000001 6.5168301e-08
vn -2.08821007e-06 6.6419816e-06 0.100000001
vn 6.97800999e-07 8.88759223e-06 0.100000001
vn -1.85491999e-07 6.63142146e-06 0.100000001
vn 5.8456601e-07 7.43558121e-06 0.100000001
vn 0 8.3130717e-06 0.100000001
vn 4.3874703e-08 -0.100000001 -6.5168301e-08
vn -0.100000001 1.58906005e-07 1.03556344e-13
vn -0.0996808857 -2.49407861e-07 -0.00798261072
vn 0 9.33577212e-06 0.100000001
vn 0 6.6314019e-06 0.100000001
vn 0 -0.100000001 -8.68334325e-07
vn 0 -0.0999998003 -0.000203167976
vn -0.0996797308 0.000475596637 -0.00798281375
vn 0.100000001 -2.75742991e-07 -1.79697023e-13
vn 0.100000001 -4.89292006e-07 -3.1886329e-13
vn 0.100000001 3.40469995e-07 2.21878519e-13
vn 0.100000001 6.67948996e-07 4.35291018e-13
vn 1.86271006e-06 6.63144192e-06 0.100000001
vn -3.02691001e-06 8.04794217e-06 0.100000001
vn 0 7.43521196e-06 0.100000001
vn 8.15381043e-07 -6.5168301e-08 0.100000001
vn -2.39776995e-07 1.05072322e-05 0.100000001
vn 0 7.43246164e-06 0.100000001
vn 5.77073979e-06 1.05070321e-05 0.100000001
vn -6.16646003e-06 8.46134208e-06 0.100000001
vn 3.61188e-07 6.63139144e-06 0.100000001
vn 0 7.56503186e-06 0.100000001
vn 1.42593009e-07 -0.100000001 -6.5168301e-08
vn -4.59482017e-08 6.63139144e-06 0.100000001
vn 8.18984972e-07 9.33581214e-06 0.100000001
vn 3.30562017e-07 -0.100000001 -6.5168301e-08
vn -0.100000001 3.32712006e-07 2.16822762e-13
vn 0 1.05073323e-05 0.100000001
vn -1.83647998e-07 0.100000001 6.5168301e-08
vn -0.100000001 1.26108006e-07 8.21824434e-14
vn -0.100000001 3.40469995e-07 2.21878519e-13
vn -0.100000001 3.33975009e-07 2.17645834e-13
vn -0.100000001 -6.25234009e-07 -4.07454371e-13
vn -0.100000001 -2.75742991e-07 -1.79697023e-13
vn 8.52731006e-08 -0.100000001 1.25487322e-05
vn 6.60060024e-08 -6.5168301e-08 0.100000001
vn -7.99513984e-08 0.100000001 -1.15784314e-05
vn 6.58134027e-08 -0.100000001 -6.5168301e-08
vn 0 8.31319176e-06 0.100000001
vn 1.13201008e-06 7.29135172e-06 0.100000001
vn -1.39709005e-06 6.63125184e-06 0.100000001
vn -1.39354e-07 6.63135143e-06 0.100000001
vn 0 8.31313264e-06 0.100000001
vn 3.38741017e-07 8.15202202e-06 0.100000001
vn -1.09690994e-07 0.100000001 -3.89315716e-07
vn 2.03179997e-08 6.76015134e-06 0.100000001
vn 1.83646009e-07 -0.100000001 -6.5168301e-08
vn -0.100000001 -1.26108006e-07 -8.21824434e-14
vn -1.46911006e-07 0.100000001 6.5168301e-08
vn -0.100000001 -2.13923997e-07 -1.39410632e-13
vn 9.8720399e-08 -0.100000001 -6.5168301e-08
vn -5.48469039e-08 0.100000001 5.19652303e-07
vn -0.100000001 1.82612993e-07 1.19005785e-13
vn 2.49683012e-08 5.3435715e-06 0.100000001
vn -0.100000001 -3.89586006e-07 -2.53886593e-13
vn -0.100000001 3.21569023e-05 2.09561066e-11
vn 1.84236001e-07 -0.0707120746 0.0707092956
vn 0.100000001 1.20368004e-05 7.84417843e-12
vn -8.57997051e-08 0.100000001 6.5168301e-08
vn -6.41106044e-06 5.21481161e-06 0.100000001
vn 0 1.27018329e-05 0.100000001
vn 2.73311997e-07 1.11074323e-05 0.100000001
vn 0 1.27019321e-05 0.100000001
vn -1.86118996e-07 5.21478159e-06 0.100000001
vn 1.36063008e-07 -6.5168301e-08 0.100000001
vn 0 0.0707024112 0.070718959
vn 9.15146998e-08 -0.100000001 -6.5168301e-08
vn 9.15146998e-08 -0.100000001 -6.5168301e-08
vn 8.7884203e-08 -0.100000001 -6.5168301e-08
vn 1.11618e-07 -6.5168301e-08 0.100000001
vn 0.100000001 4.68397011e-05 3.05246349e-11
vn 0 8.3132627e-06 0.100000001
vn 0 8.31304169e-06 0.100000001
vn -3.35391007e-07 9.33581214e-06 0.100000001
vn 9.15084001e-07 1.31525321e-05 0.100000001
vn 0 9.79503238e-06 0.100000001
vn -6.05404011e-06 5.34365154e-06 0.100000001
vn -3.18700017e-06 8.09958237e-06 0.100000001
vn 0 7.92169249e-06 0.100000001
vn 8.15169017e-07 -6.5168301e-08 0.100000001
vn 0 7.92164246e-06 0.100000001
vn 5.7582902e-08 7.35055164e-06 0.100000001
vn 0 7.36929178e-06 0.100000001
vn 9.68217932e-07 -6.5168301e-08 0.100000001
vn 7.68253017e-07 8.31314264e-06 0.100000001
vn -1.54793e-07 6.76015134e-06 0.100000001
vn 0 8.31318266e-06 0.100000001
vn 0 1.03080329e-05 0.100000001
vn 0 7.92171159e-06 0.100000001
vn 6.5197396e-06 9.33606225e-06 0.100000001
vn -2.06311006e-06 7.9215115e-06 0.100000001
vn 0.100000001 5.21702873e-14 -8.00547042e-08
vn -0.100000001 -3.64376001e-06 5.33652234e-08
vn 2.22634995e-08 -6.5168301e-08 0.100000001
vn -2.22626007e-08 6.5168301e-08 -0.100000001
vn 0 9.22390245e-06 0.100000001
vn 0 9.22370236e-06 0.100000001
vn 1.36951002e-07 1.0013332e-05 0.100000001
vn -1.5674201e-06 -6.5168301e-08 0.100000001
vn 2.40549002e-06 9.7953025e-06 0.100000001
vn 1.16424997e-06 9.33590218e-06 0.100000001
vn 5.85872044e-07 1.0013232e-05 0.100000001
vn 0 1.27014328e-05 0.100000001
vn -0.100000001 -3.47800605e-14 5.33696003e-08
vn 4.4527102e-08 -6.5168301e-08 0.100000001
vn -4.45255033e-08 6.5168301e-08 -0.100000001
vn -0.100000001 6.82318582e-14 -1.04700995e-07
vn -0.100000001 6.79913957e-14 -1.04332003e-07
vn -0.100000001 6.82312076e-14 -1.047e-07
vn -0.100000001 6.79894373e-14 -1.04329004e-07
vn 2.16843006e-08 -0.100000001 2.30911178e-06
vn -9.21696994e-08 0.100000001 6.5168301e-08
vn -8.91580996e-08 -6.5168301e-08 0.100000001
vn 0 -0.100000001 -2.20124306e-07
vn 4.43267005e-08 -0.100000001 -5.83686301e-07
vn 8.50506012e-08 -0.100000001 1.3658871e-07
vn 0 -0.100000001 1.40663701e-07
vn 9.86270976e-08 -0.100000001 -6.5168301e-08
vn 0 -0.100000001 -6.5168301e-08
vn 5.79941968e-07 -0.100000001 -7.27560291e-07
vn 9.86271971e-08 -0.100000001 -6.5168301e-08
vn 2.21912003e-07 -0.100000001 -6.5168301e-08
vn 0.100000001 -9.87606061e-14 1.51546999e-07
vn 2.16215994e-07 -2.50716175e-06 -0.100000001
vn 3.21930997e-06 6.5168301e-08 -0.100000001
vn 2.16122004e-07 2.63637821e-06 -0.100000001
vn 1.64821003e-07 6.5168301e-08 -0.100000001
vn 1.54391003e-07 2.19619295e-07 -0.100000001
vn 1.54403011e-07 -8.92957033e-08 -0.100000001
vn 1.23551999e-07 2.19668294e-07 -0.100000001
vn 1.31896002e-07 6.5168301e-08 -0.100000001
vn 1.31844999e-07 6.5168301e-08 -0.100000001
vn 1.23503e-07 -8.92707064e-08 -0.100000001
vn 1.31856993e-07 6.5168301e-08 -0.100000001
vn 1.23513004e-07 2.19619295e-07 -0.100000001
vn 2.47044994e-07 -8.92957033e-08 -0.100000001
vn 2.49997993e-06 6.5168301e-08 -0.100000001
vn 0 -0.100000001 -3.56834306e-07
vn -4.14252014e-07 -0.100000001 -5.06770334e-07
vn -1.23283996e-07 -0.100000001 -6.5168301e-08
vn -1.23283002e-07 -0.100000001 -6.5168301e-08
vn 0 -0.100000001 -9.70895044e-08
vn -1.23285005e-07 -0.100000001 -6.5168301e-08
vn -4.54126017e-08 -6.5168301e-08 0.100000001
vn 8.50507007e-08 -0.100000001 -1.61376406e-07
vn 8.50509068e-08 -0.100000001 -2.10257298e-07
vn 0 -0.100000001 -2.15743299e-07
vn 9.86273037e-08 -0.100000001 -6.5168301e-08
vn -4.7694499e-08 -6.5168301e-08 0.100000001
vn 0.100000001 -5.24276362e-14 8.04496025e-08
vn 0.100000001 2.20049005e-05 8.02446465e-08
vn 0.100000001 -5.24280292e-14 8.04501994e-08
vn 0.100000001 -2.20054008e-05 8.0217859e-08
vn 7.75802036e-08 6.5168301e-08 -0.100000001
vn 6.83359005e-08 1.34238306e-07 -0.100000001
vn 6.89298005e-08 6.5168301e-08 -0.100000001
vn 6.68747973e-08 -3.90470234e-09 -0.100000001
vn 0 -0.100000001 -1.51786907e-07
vn 1.25302006e-06 -0.100000001 -1.333038e-07
vn -0.100000001 -1.52470011e-05 -9.93621158e-12
vn 0 -0.100000001 4.56882702e-07
vn 0 -0.100000001 1.96776182e-06
vn 0 -0.100000001 -3.04819281e-07
vn 0 -0.100000001 1.53652172e-06
vn 0 -0.100000001 1.30881176e-06
vn -0.0228344314 -0.0645602718 0.0728735998
vn 0.100000001 -4.8628131e-14 7.4619301e-08
vn -0.100000001 6.57991253e-14 -1.00968002e-07
vn -0.0570640638 -5.35162101e-08 0.0821200013
vn -0.080622755 3.85539316e-08 -0.0591605604
vn 0.0778852925 -4.08739886e-08 0.0627206638
vn 0.0228344314 -0.0645602718 0.0728735998
vn 0.0570640638 -5.35162101e-08 0.0821200013
vn 0.0806217641 3.85548091e-08 -0.0591619089
vn 2.16787001e-07 -0.100000001 -6.5168301e-08
vn 0 -0.100000001 4.40957183e-06
vn -2.57090005e-06 -0.100000001 9.54652205e-06
vn -3.23739005e-06 -0.100000001 -1.32693685e-05
vn 0 -0.100000001 -6.47626337e-07
vn 2.36187006e-07 -0.100000001 3.71760677e-07
vn 2.16787001e-07 -0.100000001 -6.5168301e-08
vn -0.077883549 -4.08754026e-08 0.062722832
vn -0.0818934664 3.73992322e-08 -0.0573886894
vn -0.0594977327 -0.0781512186 -0.0187725816
vn -0.0890717059 -2.96227931e-08 0.045455832
vn 0.0161751006 -0.066162236 -0.0732183382
vn 0 0.00469075982 0.0998899266
vn 0 0.00468771486 0.0998900756
vn 0 0.00469380571 0.0998897851
vn 0.072821781 4.46628228e-08 -0.0685345829
vn 0.0709697604 -4.59114915e-08 0.0704506561
vn 0.0550135039 -0.0803717151 0.0226694383
vn 0 0.0999999866 -8.14200321e-05
vn 0 -0.100000001 -8.24030337e-07
vn 0 -0.100000001 -3.95678313e-07
vn 0 -0.100000001 1.65750168e-06
vn 0 -0.100000001 -6.5168301e-08
vn 0 -0.100000001 2.41627021e-08
vn 0 -0.100000001 -2.40288301e-07
vn -0.0732088611 -0.065808028 0.0176002383
vn -1.31861995e-07 -6.5168301e-08 0.100000001
vn -1.23513004e-07 8.92827003e-08 0.100000001
vn -1.23513004e-07 -2.19619295e-07 0.100000001
vn 3.67850021e-06 -6.5168301e-08 0.100000001
vn -0.100000001 6.58401895e-14 -1.01031006e-07
vn 0 -0.100000001 -2.288063e-07
vn -6.1741801e-08 -3.12226319e-07 0.100000001
vn -4.94358012e-08 -6.5168301e-08 0.100000001
vn -1.56251005e-07 -6.5168301e-08 0.100000001
vn -4.63302001e-08 1.82016691e-07 0.100000001
vn 0 0.100000001 1.06172831e-06
vn -2.33890006e-07 0.100000001 1.00582633e-06
vn 0 0.100000001 -2.617397e-07
vn -1.97734991e-07 -6.5168301e-08 0.100000001
vn -1.85321014e-07 8.93257024e-08 0.100000001
vn -1.31896002e-07 -6.5168301e-08 0.100000001
vn -1.23489002e-07 -2.1958931e-07 0.100000001
vn 3.95469982e-07 6.5168301e-08 -0.100000001
vn 3.95685987e-07 6.5168301e-08 -0.100000001
vn 1.23489002e-07 2.96830308e-07 -0.100000001
vn 1.23546997e-07 -1.66602689e-07 -0.100000001
vn 0.100000001 2.8815e-06 1.87782472e-12
vn -1.23484014e-07 8.92167051e-08 0.100000001
vn -1.31828997e-07 -6.5168301e-08 0.100000001
vn -2.47044994e-07 -2.19602299e-07 0.100000001
vn 0.100000001 -1.23599503e-12 1.89662012e-06
vn 0.100000001 -1.23602116e-12 1.89666014e-06
vn -9.08252034e-08 -6.5168301e-08 0.100000001
vn 0 0.100000001 1.90440304e-07
vn 0 0.100000001 2.0835131e-07
vn 0 0.100000001 1.40827296e-07
vn 0 0.100000001 -5.82976668e-07
vn 4.72292001e-08 0.100000001 1.90055303e-07
vn -2.46566998e-07 0.100000001 6.5168301e-08
vn -8.28503005e-07 0.100000001 -1.03884167e-06
vn -2.27065001e-07 -6.5168301e-08 0.100000001
vn -2.0676201e-07 -6.5168301e-08 0.100000001
vn -2.05035008e-07 1.3672971e-07 0.100000001
vn -2.06817006e-07 -6.5168301e-08 0.100000001
vn -2.04981006e-07 -2.67013291e-07 0.100000001
vn 1.72347001e-07 6.5168301e-08 -0.100000001
vn 1.79358011e-07 2.40523292e-07 -0.100000001
vn 1.72301995e-07 6.5168301e-08 -0.100000001
vn 1.79405006e-07 -1.10232698e-07 -0.100000001
vn -3.44694016e-08 -6.5168301e-08 0.100000001
vn -5.12407006e-08 -2.26595027e-08 0.100000001
vn -3.44710003e-08 -6.5168301e-08 0.100000001
vn -5.12585991e-08 -1.07691903e-07 0.100000001
vn 8.5431104e-08 1.39586803e-07 -0.100000001
vn 6.89357975e-08 6.5168301e-08 -0.100000001
vn 6.89419011e-08 6.5168301e-08 -0.100000001
vn 9.36411055e-08 -9.24080013e-09 -0.100000001
vn -5.41709005e-06 0.100000001 6.5168301e-08
vn 0 0.100000001 1.47107599e-07
vn -5.41011013e-06 0.100000001 6.5168301e-08
vn -4.15701015e-06 0.100000001 1.31600402e-07
vn -2.57961005e-06 0.100000001 -3.73841715e-07
vn 1.70810992e-07 -4.59476723e-07 -0.100000001
vn 1.99820008e-07 5.89968295e-07 -0.100000001
vn 1.96543013e-07 6.5168301e-08 -0.100000001
vn 0 0.100000001 -5.31463684e-07
vn 0 0.100000001 -1.96789188e-06
vn 0 0.100000001 -4.14130682e-07
vn 0 0.100000001 1.21708908e-07
vn 0.0228315406 0.0645606369 0.0728741959
vn -0.100000001 9.7255869e-14 -1.49238005e-07
vn 0.100000001 -8.22489117e-14 1.26209997e-07
vn -2.42537993e-07 0.100000001 -4.20204714e-07
vn 0 0.100000001 1.33016897e-07
vn -2.19033993e-07 0.100000001 1.21941832e-06
vn 0 0.100000001 6.61796264e-07
vn 0.057063859 -5.35162989e-08 0.0821201429
vn 0.080622755 3.85539316e-08 -0.0591605604
vn 0.0104040308 0.0676643327 0.0728923753
vn 0.100000001 -8.10465586e-14 1.24365002e-07
vn -0.100000001 1.31595649e-13 -2.01931996e-07
vn -0.0570641719 -5.35161568e-08 0.0821199194
vn -0.0806222185 3.85544148e-08 -0.0591613017
vn 0.0818938985 3.73988271e-08 -0.0573880672
vn 0.0594966486 0.0781528726 -0.0187690798
vn 0.0890716538 -2.96228624e-08 0.0454559401
vn 0 -0.0046908902 0.0998899192
vn 0 -0.00468784524 0.0998900682
vn -0.072822839 4.46620945e-08 -0.0685334653
vn -0.0709704086 -4.59110616e-08 0.070449993
vn -0.055014845 0.0803706124 0.0226700921
vn 0 0.100000001 4.15411307e-07
vn -3.41493006e-07 0.100000001 -2.65340702e-07
vn 0 0.100000001 -3.7215616e-06
vn -1.30456999e-06 0.100000001 4.16272314e-07
vn -3.36529013e-07 0.100000001 2.53114308e-07
vn -2.97838e-07 0.100000001 1.54499304e-07
vn 0 0.100000001 -4.01817715e-07
vn -2.55895003e-08 0.100000001 4.18542299e-07
vn 0 0.100000001 4.61612011e-08
vn 0.0732088611 0.0658079982 0.017600324
vn 1.17783998e-07 6.5168301e-08 -0.100000001
vn 1.2673101e-07 6.5168301e-08 -0.100000001
vn 1.07354005e-07 6.5168301e-08 -0.100000001
vn 1.38307996e-07 6.5168301e-08 -0.100000001
vn 1.28825008e-07 6.5168301e-08 -0.100000001
f 1003/1/1 1019/2/1 1006/3/1
f 471/4/10 473/5/10 468/6/10
f 492/7/11 495/8/12 489/9/13
f 963/10/14 948/11/15 962/12/16
f 584/13/17 580/14/17 583/15/17
f 337/16/18 336/17/18 338/18/18
f 707/19/19 692/20/20 706/21/21
f 929/22/3 909/23/3 902/24/3
f 239/25/22 243/26/22 238/27/22
f 529/28/6 682/29/6 683/30/6
f 577/31/4 565/32/4 578/33/4
f 685/34/4 612/35/4 630/36/4
f 200/37/23 196/38/23 197/39/23
f 1016/40/24 1039/41/24 1018/42/24
f 556/43/6 554/44/6 555/45/6
f 40/46/25 25/47/26 39/48/27
f 47/49/28 62/50/29 61/51/30
f 17/52/31 15/53/31 16/54/31
f 7/55/32 10/56/32 8/57/32
f 5/58/33 17/59/33 16/60/33
f 17/61/34 12/62/34 18/63/34
f 14/64/3 3/65/3 2/66/3
f 13/67/35 6/68/35 20/69/35
f 19/70/2 11/71/2 21/72/2
f 21/73/36 10/74/36 22/75/36
f 23/76/37 7/77/37 9/78/37
f 7/79/38 22/80/38 10/81/38
f 23/82/2 13/83/2 20/84/2
f 1/85/3 18/86/3 12/87/3
f 36/88/4 31/89/4 37/90/4
f 29/91/39 26/92/40 28/93/41
f 34/94/42 32/95/42 33/96/42
f 38/97/43 36/98/43 37/99/43
f 42/100/44 39/101/27 41/102/45
f 37/103/46 29/104/46 38/105/46
f 35/106/47 41/107/47 36/108/47
f 44/109/48 26/110/40 43/111/49
f 46/112/50 30/113/51 45/114/52
f 44/115/53 34/116/53 33/117/53
f 31/118/54 45/119/52 32/120/55
f 48/121/56 51/122/57 50/123/58
f 54/124/59 56/125/59 55/126/59
f 58/127/60 60/128/60 59/129/60
f 61/130/30 64/131/61 63/132/62
f 51/133/63 59/134/63 60/135/63
f 63/136/64 57/137/64 58/138/64
f 65/139/65 50/140/58 66/141/66
f 52/142/67 68/143/68 67/144/69
f 58/145/70 53/146/70 47/147/70
f 56/148/71 66/149/71 55/150/71
f 67/151/69 53/152/72 54/153/73
f 69/154/74 70/155/74 71/156/74
f 73/157/75 75/158/75 74/159/75
f 482/160/76 487/161/77 488/162/78
f 847/163/79 828/164/79 857/165/79
f 984/166/80 975/167/81 985/168/19
f 665/169/82 536/170/82 539/171/82
f 931/172/5 890/173/5 933/174/5
f 244/175/83 229/176/83 243/177/83
f 184/178/84 181/179/84 193/180/84
f 329/181/85 322/182/85 328/183/85
f 457/184/86 456/185/86 458/186/86
f 1/187/87 3/188/87 5/189/87
f 285/190/88 286/191/88 277/192/88
f 714/193/89 729/194/14 728/195/90
f 667/196/3 668/197/3 533/198/3
f 917/199/2 873/200/2 877/201/2
f 750/202/91 749/203/91 763/204/91
f 679/205/6 615/206/6 623/207/6
f 619/208/6 535/209/6 538/210/6
f 490/211/5 489/212/5 487/213/5
f 278/214/92 280/215/92 295/216/92
f 78/217/93 79/218/93 81/219/93
f 88/220/94 89/221/94 90/222/94
f 102/223/95 101/224/95 99/225/95
f 88/226/96 76/227/96 106/228/96
f 81/229/97 93/230/97 107/231/97
f 110/232/98 108/233/98 109/234/98
f 115/235/99 113/236/99 114/237/99
f 119/238/100 117/239/100 118/240/100
f 108/241/101 103/242/101 102/243/101
f 111/244/102 95/245/102 103/246/102
f 108/247/103 94/248/103 109/249/103
f 109/250/104 95/251/104 110/252/104
f 114/253/105 89/254/105 115/255/105
f 113/256/3 98/257/3 114/258/3
f 113/259/106 92/260/106 99/261/106
f 112/262/107 89/263/107 92/264/107
f 118/265/108 97/266/108 119/267/108
f 116/268/109 97/269/109 96/270/109
f 98/271/110 90/272/110 89/273/110
f 116/274/111 91/275/111 117/276/111
f 90/277/112 117/278/112 91/279/112
f 93/280/113 106/281/113 107/282/113
f 77/283/2 86/284/2 120/285/2
f 121/286/6 77/287/6 120/288/6
f 123/289/6 79/290/6 122/291/6
f 79/292/2 101/293/2 122/294/2
f 82/295/114 123/296/114 83/297/114
f 101/298/5 123/299/5 122/300/5
f 120/301/5 100/302/5 121/303/5
f 105/304/1 121/305/1 100/306/1
f 138/307/115 136/308/115 137/309/115
f 145/310/116 136/311/116 130/312/116
f 140/313/117 124/314/117 154/315/117
f 129/316/118 136/317/118 155/318/118
f 159/319/119 157/320/119 158/321/119
f 163/322/120 161/323/120 162/324/120
f 167/325/121 165/326/121 166/327/121
f 156/328/122 145/329/122 144/330/122
f 139/331/5 157/332/5 137/333/5
f 159/334/123 139/335/123 145/336/123
f 156/337/124 137/338/124 157/339/124
f 162/340/125 146/341/125 149/342/125
f 162/343/126 141/344/126 163/345/126
f 161/346/127 138/347/127 146/348/127
f 163/349/5 138/350/5 160/351/5
f 167/352/128 150/353/128 164/354/128
f 166/355/129 151/356/129 167/357/129
f 164/358/130 143/359/130 165/360/130
f 166/361/131 143/362/131 142/363/131
f 136/364/132 154/365/132 155/366/132
f 169/367/6 125/368/6 168/369/6
f 125/370/2 135/371/2 168/372/2
f 127/373/2 147/374/2 170/375/2
f 171/376/6 127/377/6 170/378/6
f 132/379/5 170/380/5 147/381/5
f 148/382/5 168/383/5 135/384/5
f 153/385/1 169/386/1 148/387/1
f 131/388/1 171/389/1 132/390/1
f 177/391/133 174/392/133 175/393/133
f 129/394/134 126/395/134 127/396/134
f 177/397/135 184/398/135 202/399/135
f 189/400/136 172/401/136 203/402/136
f 207/403/137 205/404/137 206/405/137
f 211/406/138 209/407/138 210/408/138
f 215/409/139 213/410/139 214/411/139
f 204/412/140 193/413/140 192/414/140
f 207/415/1 187/416/1 193/417/1
f 187/418/5 205/419/5 185/420/5
f 204/421/2 185/422/2 205/423/2
f 210/424/141 190/425/141 211/426/141
f 209/427/142 186/428/142 195/429/142
f 210/430/143 195/431/143 194/432/143
f 186/433/144 211/434/144 190/435/144
f 212/436/145 199/437/145 198/438/145
f 215/439/146 188/440/146 199/441/146
f 212/442/147 191/443/147 213/444/147
f 188/445/5 213/446/5 191/447/5
f 184/448/148 203/449/148 202/450/148
f 217/451/6 173/452/6 216/453/6
f 173/454/2 180/455/2 216/456/2
f 201/457/1 217/458/1 196/459/1
f 175/460/2 197/461/2 218/462/2
f 219/463/6 175/464/6 218/465/6
f 182/466/1 219/467/1 183/468/1
f 183/469/5 218/470/5 197/471/5
f 196/472/5 216/473/5 180/474/5
f 221/475/149 220/476/149 224/477/149
f 250/478/150 246/479/150 221/480/150
f 236/481/151 235/482/151 234/483/151
f 249/484/152 251/485/152 223/486/152
f 251/487/153 226/488/153 250/489/153
f 253/490/6 222/491/6 252/492/6
f 222/493/1 240/494/1 252/495/1
f 245/496/2 253/497/2 244/498/2
f 255/499/6 224/500/6 254/501/6
f 224/502/1 237/503/1 254/504/1
f 236/505/2 255/506/2 235/507/2
f 257/508/154 234/509/154 256/510/154
f 261/511/155 259/512/155 260/513/155
f 265/514/156 263/515/156 264/516/156
f 267/517/157 256/518/157 266/519/157
f 258/520/5 243/521/5 259/522/5
f 265/523/158 247/524/158 262/525/158
f 238/526/2 261/527/2 233/528/2
f 248/529/2 267/530/2 231/531/2
f 266/532/159 234/533/159 232/534/159
f 267/535/160 232/536/160 231/537/160
f 260/538/161 243/539/161 229/540/161
f 261/541/162 229/542/162 233/543/162
f 241/544/2 264/545/2 227/546/2
f 263/547/163 247/548/163 228/549/163
f 264/550/164 228/551/164 227/552/164
f 244/553/3 252/554/3 240/555/3
f 235/556/3 254/557/3 237/558/3
f 281/559/165 279/560/165 292/561/165
f 298/562/166 297/563/166 269/564/166
f 296/565/167 283/566/167 284/567/167
f 295/568/168 299/569/168 271/570/168
f 299/571/5 274/572/5 298/573/5
f 270/574/169 282/575/169 300/576/169
f 301/577/6 270/578/6 300/579/6
f 287/580/2 301/581/2 286/582/2
f 303/583/6 272/584/6 302/585/6
f 302/586/1 290/587/1 288/588/1
f 293/589/2 303/590/2 292/591/2
f 305/592/170 291/593/170 304/594/170
f 309/595/171 307/596/171 308/597/171
f 312/598/172 310/599/172 311/600/172
f 315/601/173 304/602/173 314/603/173
f 283/604/2 312/605/2 275/606/2
f 313/607/174 296/608/174 310/609/174
f 294/610/2 315/611/2 278/612/2
f 314/613/1 291/614/1 279/615/1
f 315/616/175 279/617/175 278/618/175
f 289/619/2 309/620/2 281/621/2
f 309/622/176 277/623/176 281/624/176
f 308/625/177 285/626/177 277/627/177
f 312/628/178 276/629/178 275/630/178
f 311/631/179 296/632/179 276/633/179
f 285/634/180 306/635/180 289/636/180
f 268/637/181 272/638/181 269/639/181
f 300/640/3 286/641/3 301/642/3
f 292/643/3 302/644/3 288/645/3
f 321/646/3 319/647/3 320/648/3
f 341/649/182 342/650/182 340/651/182
f 346/652/183 343/653/183 317/654/183
f 345/655/184 347/656/184 319/657/184
f 347/658/5 322/659/5 346/660/5
f 349/661/6 318/662/6 348/663/6
f 318/664/1 339/665/1 348/666/1
f 338/667/2 349/668/2 337/669/2
f 320/670/185 333/671/185 350/672/185
f 351/673/6 320/674/6 350/675/6
f 332/676/2 351/677/2 331/678/2
f 352/679/186 342/680/186 324/681/186
f 342/682/187 354/683/187 340/684/187
f 356/685/188 330/686/188 355/687/188
f 360/688/189 358/689/189 359/690/189
f 354/691/190 352/692/190 361/693/190
f 363/694/190 355/695/190 362/696/190
f 334/697/191 360/698/191 329/699/191
f 357/700/192 336/701/192 358/702/192
f 344/703/193 363/704/193 326/705/193
f 362/706/3 326/707/3 363/708/3
f 362/709/194 330/710/194 327/711/194
f 359/712/195 336/713/195 325/714/195
f 329/715/3 359/716/3 325/717/3
f 340/718/2 361/719/2 323/720/2
f 361/721/196 324/722/196 323/723/196
f 339/724/3 349/725/3 348/726/3
f 350/727/3 331/728/3 351/729/3
f 377/730/197 376/731/197 372/732/197
f 381/733/198 379/734/198 380/735/198
f 378/736/199 379/737/199 374/738/199
f 373/739/200 383/740/200 377/741/200
f 382/742/5 375/743/5 381/744/5
f 387/745/6 385/746/6 386/747/6
f 385/748/1 364/749/1 386/750/1
f 371/751/2 387/752/2 368/753/2
f 389/754/201 367/755/201 388/756/201
f 391/757/202 388/758/202 390/759/202
f 395/760/203 393/761/203 394/762/203
f 391/763/176 369/764/176 372/765/176
f 376/766/2 391/767/2 372/768/2
f 390/769/1 367/770/1 369/771/1
f 365/772/2 395/773/2 366/774/2
f 395/775/204 374/776/204 366/777/204
f 394/778/205 378/779/205 374/780/205
f 392/781/206 378/782/206 393/783/206
f 368/784/3 386/785/3 364/786/3
f 385/787/3 384/788/3 380/789/3
f 405/790/207 399/791/207 411/792/207
f 402/793/208 412/794/208 413/795/208
f 415/796/209 405/797/209 414/798/209
f 419/799/210 417/800/210 418/801/210
f 423/802/211 421/803/211 422/804/211
f 418/805/212 411/806/212 410/807/212
f 418/808/105 407/809/105 419/810/105
f 417/811/213 406/812/213 411/813/213
f 406/814/5 419/815/5 407/816/5
f 420/817/214 409/818/214 408/819/214
f 422/820/215 409/821/215 423/822/215
f 410/823/216 403/824/216 407/825/216
f 420/826/217 404/827/217 421/828/217
f 403/829/5 421/830/5 404/831/5
f 405/832/218 413/833/218 414/834/218
f 427/835/6 425/836/6 426/837/6
f 425/838/2 398/839/2 426/840/2
f 400/841/1 427/842/1 401/843/1
f 401/844/5 426/845/5 398/846/5
f 425/847/5 424/848/5 415/849/5
f 430/850/3 428/851/3 429/852/3
f 431/853/219 432/854/219 428/855/219
f 434/856/220 431/857/220 430/858/220
f 430/859/221 435/860/221 434/861/221
f 432/862/222 429/863/222 428/864/222
f 432/865/5 434/866/5 435/867/5
f 440/868/223 444/869/223 445/870/223
f 442/871/224 441/872/224 438/873/224
f 436/874/225 440/875/225 437/876/225
f 446/877/226 439/878/226 441/879/226
f 451/880/227 449/881/227 450/882/227
f 448/883/109 438/884/109 437/885/109
f 451/886/228 442/887/228 438/888/228
f 442/889/5 449/890/5 443/891/5
f 448/892/229 443/893/229 449/894/229
f 441/895/230 445/896/230 446/897/230
f 444/898/231 439/899/231 447/900/231
f 461/901/232 455/902/232 460/903/232
f 454/904/233 462/905/233 463/906/233
f 460/907/234 454/908/234 463/909/234
f 467/910/235 465/911/235 466/912/235
f 464/913/236 453/914/236 452/915/236
f 467/916/1 456/917/1 453/918/1
f 464/919/237 459/920/237 465/921/237
f 456/922/5 465/923/5 459/924/5
f 457/925/238 461/926/238 462/927/238
f 482/928/239 481/929/239 468/930/239
f 484/931/240 480/932/240 482/933/240
f 484/934/3 485/935/3 483/936/3
f 490/937/241 493/938/241 494/939/241
f 488/940/78 489/941/13 495/942/12
f 497/943/242 491/944/242 496/945/242
f 498/946/3 492/947/3 497/948/3
f 496/949/5 478/950/5 499/951/5
f 452/952/243 454/953/243 455/954/243
f 498/955/244 496/956/244 499/957/244
f 483/958/245 481/959/245 480/960/245
f 476/961/246 478/962/246 474/963/246
f 502/964/247 500/965/247 501/966/247
f 493/967/3 488/968/3 494/969/3
f 198/970/248 189/971/248 191/972/248
f 397/973/249 408/974/249 398/975/249
f 188/976/250 189/977/250 190/978/250
f 507/979/251 505/980/251 506/981/251
f 509/982/252 505/983/252 508/984/252
f 511/985/5 504/986/5 507/987/5
f 511/988/253 506/989/253 509/990/253
f 504/991/254 508/992/254 505/993/254
f 368/994/255 369/995/255 367/996/255
f 514/997/2 512/998/2 513/999/2
f 517/1000/256 513/1001/256 516/1002/256
f 519/1003/3 512/1004/3 515/1005/3
f 519/1006/257 514/1007/257 517/1008/257
f 518/1009/258 513/1010/258 512/1011/258
f 673/1012/5 653/1013/5 646/1014/5
f 524/1015/259 522/1016/259 520/1017/259
f 523/1018/260 520/1019/260 527/1020/260
f 521/1021/5 525/1022/5 522/1023/5
f 526/1024/261 527/1025/261 525/1026/261
f 526/1027/262 524/1028/262 523/1029/262
f 529/1030/5 528/1031/5 532/1032/5
f 668/1033/263 532/1034/263 528/1035/263
f 528/1036/264 533/1037/264 668/1038/264
f 538/1039/3 536/1040/3 534/1041/3
f 542/1042/5 541/1043/5 567/1044/5
f 548/1045/5 545/1046/5 547/1047/5
f 545/1048/4 549/1049/4 551/1050/4
f 654/1051/265 557/1052/265 653/1053/265
f 562/1054/3 559/1055/3 577/1056/3
f 541/1057/266 544/1058/266 568/1059/266
f 635/1060/2 549/1061/2 548/1062/2
f 554/1063/267 572/1064/267 555/1065/267
f 573/1066/268 555/1067/268 572/1068/268
f 542/1069/269 567/1070/269 587/1071/269
f 604/1072/5 582/1073/5 580/1074/5
f 593/1075/3 592/1076/3 602/1077/3
f 591/1078/4 572/1079/4 601/1080/4
f 602/1081/6 592/1082/6 603/1083/6
f 581/1084/270 604/1085/270 606/1086/270
f 628/1087/271 611/1088/271 631/1089/271
f 615/1090/3 614/1091/3 623/1092/3
f 624/1093/4 614/1094/4 616/1095/4
f 612/1096/5 628/1097/5 630/1098/5
f 638/1099/5 553/1100/5 552/1101/5
f 569/1102/5 571/1103/5 570/1104/5
f 632/1105/5 627/1106/5 633/1107/5
f 607/1108/5 610/1109/5 608/1110/5
f 643/1111/5 589/1112/5 588/1113/5
f 585/1114/5 566/1115/5 586/1116/5
f 637/1117/272 590/1118/272 640/1119/272
f 634/1120/273 644/1121/273 637/1122/273
f 546/1123/5 645/1124/5 635/1125/5
f 661/1126/274 617/1127/274 621/1128/274
f 620/1129/3 648/1130/3 621/1131/3
f 625/1132/3 537/1133/3 626/1134/3
f 651/1135/275 577/1136/275 647/1137/275
f 575/1138/3 647/1139/3 652/1140/3
f 564/1141/3 557/1142/3 655/1143/3
f 597/1144/3 573/1145/3 657/1146/3
f 600/1147/3 656/1148/3 658/1149/3
f 560/1150/3 659/1151/3 660/1152/3
f 646/1153/276 660/1154/276 659/1155/276
f 662/1156/5 617/1157/5 661/1158/5
f 634/1159/3 677/1160/3 675/1161/3
f 680/1162/4 594/1163/4 686/1164/4
f 664/1165/5 687/1166/5 622/1167/5
f 562/1168/6 560/1169/6 563/1170/6
f 635/1171/6 547/1172/6 546/1173/6
f 807/1174/277 801/1175/277 805/1176/277
f 691/1177/4 670/1178/4 690/1179/4
f 665/1180/3 691/1181/3 690/1182/3
f 677/1183/6 672/1184/6 675/1185/6
f 676/1186/1 663/1187/1 662/1188/1
f 686/1189/3 678/1190/3 680/1191/3
f 681/1192/5 682/1193/5 685/1194/5
f 579/1195/5 583/1196/5 587/1197/5
f 588/1198/1 583/1199/1 643/1200/1
f 576/1201/3 565/1202/3 556/1203/3
f 556/1204/1 564/1205/1 655/1206/1
f 578/1207/2 575/1208/2 652/1209/2
f 601/1210/3 598/1211/3 591/1212/3
f 657/1213/2 598/1214/2 597/1215/2
f 603/1216/1 600/1217/1 658/1218/1
f 611/1219/278 605/1220/278 631/1221/278
f 641/1222/1 606/1223/1 611/1224/1
f 638/1225/1 551/1226/1 544/1227/1
f 544/1228/5 550/1229/5 568/1230/5
f 569/1231/2 550/1232/2 636/1233/2
f 649/1234/1 619/1235/1 616/1236/1
f 616/1237/3 618/1238/3 624/1239/3
f 625/1240/2 618/1241/2 650/1242/2
f 703/1243/1 698/1244/1 704/1245/1
f 696/1246/279 693/1247/280 695/1248/281
f 701/1249/282 699/1250/282 700/1251/282
f 705/1252/283 703/1253/283 704/1254/283
f 709/1255/284 706/1256/21 708/1257/285
f 704/1258/286 696/1259/286 705/1260/286
f 702/1261/287 708/1262/287 703/1263/287
f 695/1264/281 710/1265/288 711/1266/289
f 713/1267/290 697/1268/291 712/1269/292
f 711/1270/293 701/1271/293 700/1272/293
f 698/1273/294 712/1274/292 699/1275/295
f 715/1276/296 718/1277/297 717/1278/298
f 721/1279/299 723/1280/299 722/1281/299
f 725/1282/3 727/1283/3 726/1284/3
f 728/1285/90 731/1286/300 730/1287/301
f 718/1288/302 726/1289/302 727/1290/302
f 730/1291/303 724/1292/303 725/1293/303
f 732/1294/304 717/1295/298 733/1296/305
f 719/1297/306 735/1298/307 734/1299/308
f 725/1300/309 720/1301/309 714/1302/309
f 722/1303/310 732/1304/310 733/1305/310
f 721/1306/311 735/1307/307 720/1308/312
f 741/1309/313 739/1310/313 740/1311/313
f 743/1312/314 740/1313/315 742/1314/316
f 745/1315/317 742/1316/316 744/1317/318
f 736/1318/319 744/1319/318 737/1320/320
f 753/1321/321 748/1322/322 752/1323/323
f 755/1324/324 752/1325/323 754/1326/325
f 757/1327/326 754/1328/325 756/1329/327
f 758/1330/328 757/1331/328 756/1332/328
f 767/1333/329 764/1334/330 766/1335/331
f 751/1336/332 746/1337/333 749/1338/334
f 769/1339/335 766/1340/331 768/1341/336
f 771/1342/337 768/1343/336 770/1344/338
f 773/1345/339 770/1346/339 772/1347/339
f 774/1348/340 776/1349/340 777/1350/340
f 779/1351/341 776/1352/342 778/1353/343
f 781/1354/344 778/1355/343 780/1356/8
f 746/1357/333 780/1358/8 782/1359/345
f 764/1360/330 736/1361/319 737/1362/320
f 760/1363/2 783/1364/2 762/1365/2
f 765/1366/1 769/1367/1 743/1368/1
f 738/1369/346 758/1370/327 739/1371/315
f 772/1372/3 774/1373/3 773/1374/3
f 785/1375/3 784/1376/3 788/1377/3
f 784/1378/347 787/1379/347 788/1380/347
f 784/1381/348 789/1382/348 924/1383/348
f 794/1384/5 792/1385/5 790/1386/5
f 823/1387/3 796/1388/3 797/1389/3
f 804/1390/3 801/1391/3 803/1392/3
f 810/1393/6 811/1394/6 812/1395/6
f 818/1396/5 815/1397/5 833/1398/5
f 797/1399/6 800/1400/6 824/1401/6
f 891/1402/1 805/1403/1 804/1404/1
f 810/1405/349 828/1406/349 811/1407/349
f 829/1408/350 811/1409/350 828/1410/350
f 834/1411/4 833/1412/4 821/1413/4
f 860/1414/3 838/1415/3 836/1416/3
f 836/1417/351 839/1418/351 840/1419/351
f 798/1420/352 823/1421/352 843/1422/352
f 896/1423/353 893/1424/353 846/1425/353
f 849/1426/5 848/1427/5 858/1428/5
f 859/1429/6 858/1430/6 848/1431/6
f 862/1432/4 837/1433/4 860/1434/4
f 871/1435/5 870/1436/5 879/1437/5
f 875/1438/354 791/1439/354 794/1440/354
f 880/1441/4 870/1442/4 872/1443/4
f 886/1444/355 865/1445/355 884/1446/355
f 887/1447/6 884/1448/6 867/1449/6
f 894/1450/3 809/1451/3 808/1452/3
f 826/1453/3 892/1454/3 827/1455/3
f 888/1456/356 883/1457/356 889/1458/356
f 863/1459/357 866/1460/357 864/1461/357
f 899/1462/3 845/1463/3 844/1464/3
f 841/1465/3 822/1466/3 842/1467/3
f 890/1468/358 900/1469/358 893/1470/358
f 802/1471/3 901/1472/3 891/1473/3
f 876/1474/5 904/1475/5 877/1476/5
f 881/1477/5 793/1478/5 882/1479/5
f 907/1480/359 833/1481/359 903/1482/359
f 831/1483/5 903/1484/5 908/1485/5
f 817/1486/360 909/1487/360 813/1488/360
f 820/1489/5 813/1490/5 911/1491/5
f 853/1492/5 829/1493/5 913/1494/5
f 856/1495/5 912/1496/5 914/1497/5
f 816/1498/5 915/1499/5 916/1500/5
f 902/1501/361 916/1502/361 915/1503/361
f 918/1504/3 873/1505/3 917/1506/3
f 935/1507/6 871/1508/6 879/1509/6
f 936/1510/4 850/1511/4 942/1512/4
f 939/1513/362 785/1514/362 938/1515/362
f 868/1516/4 886/1517/4 941/1518/4
f 920/1519/3 943/1520/3 878/1521/3
f 818/1522/6 816/1523/6 819/1524/6
f 891/1525/6 803/1526/6 802/1527/6
f 947/1528/4 926/1529/4 946/1530/4
f 921/1531/5 947/1532/5 946/1533/5
f 933/1534/6 928/1535/6 931/1536/6
f 923/1537/5 924/1538/5 789/1539/5
f 942/1540/5 934/1541/5 936/1542/5
f 937/1543/363 938/1544/363 941/1545/363
f 932/1546/364 945/1547/364 919/1548/364
f 921/1549/365 790/1550/365 792/1551/365
f 835/1552/3 839/1553/3 843/1554/3
f 844/1555/2 839/1556/2 899/1557/2
f 832/1558/5 821/1559/5 812/1560/5
f 911/1561/2 821/1562/2 820/1563/2
f 834/1564/1 831/1565/1 908/1566/1
f 857/1567/5 854/1568/5 847/1569/5
f 847/1570/1 853/1571/1 913/1572/1
f 914/1573/2 857/1574/2 856/1575/2
f 867/1576/366 861/1577/366 887/1578/366
f 897/1579/367 862/1580/367 867/1581/367
f 808/1582/2 800/1583/2 894/1584/2
f 824/1585/3 807/1586/3 806/1587/3
f 825/1588/1 806/1589/1 892/1590/1
f 876/1591/2 872/1592/2 905/1593/2
f 872/1594/5 874/1595/5 880/1596/5
f 906/1597/1 880/1598/1 874/1599/1
f 959/1600/368 954/1601/368 960/1602/368
f 952/1603/297 949/1604/369 951/1605/298
f 957/1606/370 955/1607/370 956/1608/370
f 961/1609/371 959/1610/371 960/1611/371
f 981/1612/372 982/1613/372 976/1614/372
f 965/1615/300 962/1616/16 964/1617/373
f 960/1618/374 952/1619/374 961/1620/374
f 958/1621/375 964/1622/375 959/1623/375
f 951/1624/298 966/1625/376 967/1626/305
f 969/1627/377 953/1628/306 968/1629/308
f 967/1630/378 957/1631/378 956/1632/378
f 954/1633/379 968/1634/308 955/1635/311
f 973/1636/281 972/1637/380 974/1638/279
f 977/1639/381 979/1640/381 978/1641/381
f 981/1642/382 983/1643/382 982/1644/382
f 984/1645/80 987/1646/284 986/1647/383
f 974/1648/384 982/1649/384 983/1650/384
f 986/1651/385 980/1652/385 981/1653/385
f 988/1654/386 973/1655/281 989/1656/289
f 975/1657/81 991/1658/387 990/1659/292
f 979/1660/388 989/1661/388 978/1662/388
f 990/1663/292 976/1664/389 977/1665/390
f 994/1666/391 996/1667/391 997/1668/391
f 999/1669/392 996/1670/393 998/1671/394
f 1001/1672/395 998/1673/394 1000/1674/396
f 992/1675/397 1000/1676/396 993/1677/398
f 1009/1678/399 1004/1679/400 1008/1680/401
f 1011/1681/402 1008/1682/401 1010/1683/403
f 1013/1684/404 1010/1685/403 1012/1686/405
f 1014/1687/406 1013/1688/406 1012/1689/406
f 1023/1690/407 1020/1691/408 1022/1692/7
f 1007/1693/409 1002/1694/410 1005/1695/411
f 1025/1696/412 1022/1697/7 1024/1698/413
f 1027/1699/414 1024/1700/413 1026/1701/415
f 1029/1702/416 1026/1703/416 1028/1704/416
f 1030/1705/417 1032/1706/417 1033/1707/417
f 1035/1708/418 1032/1709/419 1034/1710/420
f 1037/1711/421 1034/1712/420 1036/1713/422
f 1002/1714/410 1036/1715/422 1038/1716/423
f 993/1717/398 1021/1718/424 992/1719/397
f 1021/1720/2 1025/1721/2 999/1722/2
f 994/1723/425 1014/1724/405 995/1725/426
f 1028/1726/5 1030/1727/5 1029/1728/5
f 1045/1729/427 1048/1730/427 1046/1731/427
f 1003/1732/428 1005/1733/428 1019/1734/428
f 471/1735/429 472/1736/429 473/1737/429
f 473/1738/430 469/1739/430 468/1740/430
f 468/1741/431 481/1742/431 485/1743/431
f 469/1744/432 470/1745/432 468/1746/432
f 468/1747/433 485/1748/433 471/1749/433
f 492/1750/6 476/1751/6 475/1752/6
f 489/1753/13 479/1754/434 491/1755/435
f 479/1756/6 478/1757/6 491/1758/6
f 492/1759/11 475/1760/436 495/1761/12
f 489/1762/13 491/1763/435 492/1764/11
f 963/1765/14 953/1766/306 948/1767/15
f 584/1768/437 585/1769/437 586/1770/437
f 582/1771/438 590/1772/438 583/1773/438
f 590/1774/439 643/1775/439 583/1776/439
f 584/1777/440 586/1778/440 580/1779/440
f 582/1780/6 583/1781/6 580/1782/6
f 339/1783/441 341/1784/441 340/1785/441
f 339/1786/442 340/1787/442 323/1788/442
f 335/1789/443 338/1790/443 336/1791/443
f 337/1792/444 339/1793/444 323/1794/444
f 324/1795/445 342/1796/445 343/1797/445
f 324/1798/446 343/1799/446 322/1800/446
f 322/1801/447 325/1802/447 323/1803/447
f 334/1804/448 329/1805/448 333/1806/448
f 329/1807/449 331/1808/449 333/1809/449
f 330/1810/450 345/1811/450 332/1812/450
f 330/1813/451 332/1814/451 331/1815/451
f 336/1816/452 334/1817/452 335/1818/452
f 323/1819/453 324/1820/453 322/1821/453
f 333/1822/454 335/1823/454 334/1824/454
f 330/1825/455 331/1826/455 327/1827/455
f 323/1828/456 325/1829/456 337/1830/456
f 327/1831/457 331/1832/457 329/1833/457
f 337/1834/458 325/1835/458 336/1836/458
f 707/1837/19 697/1838/291 692/1839/20
f 929/1840/3 930/1841/3 910/1842/3
f 902/1843/3 851/1844/3 928/1845/3
f 851/1846/3 927/1847/3 928/1848/3
f 929/1849/3 910/1850/3 909/1851/3
f 902/1852/3 928/1853/3 929/1854/3
f 228/1855/459 246/1856/459 226/1857/459
f 230/1858/460 249/1859/460 231/1860/460
f 232/1861/461 234/1862/461 235/1863/461
f 230/1864/462 231/1865/462 232/1866/462
f 228/1867/463 226/1868/463 227/1869/463
f 227/1870/464 226/1871/464 229/1872/464
f 232/1873/465 235/1874/465 233/1875/465
f 229/1876/466 226/1877/466 233/1878/466
f 233/1879/467 226/1880/467 230/1881/467
f 233/1882/468 230/1883/468 232/1884/468
f 245/1885/469 243/1886/469 239/1887/469
f 238/1888/470 233/1889/470 237/1890/470
f 237/1891/471 239/1892/471 238/1893/471
f 233/1894/472 235/1895/472 237/1896/472
f 532/1897/473 531/1898/473 682/1899/473
f 531/1900/474 689/1901/474 682/1902/474
f 669/1903/475 684/1904/475 683/1905/475
f 532/1906/476 682/1907/476 529/1908/476
f 683/1909/477 684/1910/477 529/1911/477
f 652/1912/4 647/1913/4 578/1914/4
f 559/1915/4 561/1916/4 565/1917/4
f 561/1918/4 564/1919/4 565/1920/4
f 578/1921/4 647/1922/4 577/1923/4
f 559/1924/4 565/1925/4 577/1926/4
f 685/1927/478 676/1928/478 640/1929/478
f 630/1930/479 629/1931/479 681/1932/479
f 629/1933/480 688/1934/480 681/1935/480
f 685/1936/481 640/1937/481 612/1938/481
f 630/1939/4 681/1940/4 685/1941/4
f 195/1942/482 197/1943/482 196/1944/482
f 200/1945/483 201/1946/483 196/1947/483
f 196/1948/484 194/1949/484 195/1950/484
f 1016/1951/485 1017/1952/485 1039/1953/485
f 556/1954/6 655/1955/6 557/1956/6
f 555/1957/6 574/1958/6 576/1959/6
f 574/1960/6 575/1961/6 576/1962/6
f 556/1963/6 557/1964/6 554/1965/6
f 555/1966/486 576/1967/486 556/1968/486
f 40/1969/25 30/1970/51 25/1971/26
f 47/1972/28 52/1973/67 62/1974/29
f 17/1975/487 18/1976/487 15/1977/487
f 8/1978/488 5/1979/488 9/1980/488
f 4/1981/489 13/1982/489 9/1983/489
f 11/1984/490 14/1985/490 2/1986/490
f 2/1987/491 1/1988/491 11/1989/491
f 5/1990/492 4/1991/492 9/1992/492
f 11/1993/493 1/1994/493 12/1995/493
f 8/1996/494 9/1997/494 7/1998/494
f 10/1999/495 11/2000/495 12/2001/495
f 12/2002/496 8/2003/496 10/2004/496
f 5/2005/5 8/2006/5 17/2007/5
f 17/2008/497 8/2009/497 12/2010/497
f 14/2011/498 19/2012/498 3/2013/498
f 13/2014/499 4/2015/499 6/2016/499
f 19/2017/2 14/2018/2 11/2019/2
f 21/2020/500 11/2021/500 10/2022/500
f 23/2023/501 24/2024/501 7/2025/501
f 7/2026/502 24/2027/502 22/2028/502
f 23/2029/2 9/2030/2 13/2031/2
f 1/2032/503 15/2033/503 18/2034/503
f 43/2035/4 26/2036/4 34/2037/4
f 27/2038/4 37/2039/4 34/2040/4
f 36/2041/504 41/2042/504 39/2043/504
f 39/2044/505 25/2045/505 31/2046/505
f 46/2047/506 31/2048/506 25/2049/506
f 34/2050/507 26/2051/507 27/2052/507
f 37/2053/4 31/2054/4 34/2055/4
f 39/2056/508 31/2057/508 36/2058/508
f 29/2059/39 27/2060/509 26/2061/40
f 34/2062/510 31/2063/510 32/2064/510
f 38/2065/511 35/2066/511 36/2067/511
f 42/2068/44 40/2069/25 39/2070/27
f 37/2071/512 27/2072/512 29/2073/512
f 35/2074/513 42/2075/513 41/2076/513
f 44/2077/48 28/2078/41 26/2079/40
f 46/2080/50 25/2081/26 30/2082/51
f 44/2083/53 43/2084/53 34/2085/53
f 31/2086/54 46/2087/50 45/2088/52
f 48/2089/56 49/2090/514 51/2091/57
f 54/2092/515 53/2093/515 56/2094/515
f 58/2095/516 57/2096/516 60/2097/516
f 61/2098/30 62/2099/29 64/2100/61
f 51/2101/517 49/2102/517 59/2103/517
f 63/2104/518 64/2105/518 57/2106/518
f 65/2107/65 48/2108/56 50/2109/58
f 52/2110/67 47/2111/28 68/2112/68
f 61/2113/519 63/2114/519 58/2115/519
f 58/2116/520 59/2117/520 53/2118/520
f 49/2119/4 48/2120/4 56/2121/4
f 65/2122/4 56/2123/4 48/2124/4
f 53/2125/521 68/2126/521 47/2127/521
f 47/2128/522 61/2129/522 58/2130/522
f 59/2131/523 49/2132/523 56/2133/523
f 56/2134/524 53/2135/524 59/2136/524
f 56/2137/525 65/2138/525 66/2139/525
f 67/2140/69 68/2141/68 53/2142/72
f 69/2143/526 72/2144/526 70/2145/526
f 482/2146/76 468/2147/527 470/2148/528
f 488/2149/78 472/2150/529 484/2151/530
f 472/2152/529 471/2153/531 484/2154/530
f 482/2155/76 470/2156/528 487/2157/77
f 488/2158/78 484/2159/530 482/2160/76
f 847/2161/4 913/2162/4 829/2163/4
f 814/2164/4 855/2165/4 857/2166/4
f 855/2167/4 856/2168/4 857/2169/4
f 847/2170/4 829/2171/4 828/2172/4
f 814/2173/4 857/2174/4 828/2175/4
f 984/2176/80 970/2177/532 975/2178/81
f 665/2179/4 666/2180/4 664/2181/4
f 664/2182/533 534/2183/533 665/2184/533
f 536/2185/534 617/2186/534 539/2187/534
f 617/2188/4 663/2189/4 539/2190/4
f 665/2191/535 534/2192/535 536/2193/535
f 931/2194/536 944/2195/536 885/2196/536
f 893/2197/537 896/2198/537 933/2199/537
f 896/2200/536 932/2201/536 933/2202/536
f 931/2203/538 885/2204/538 890/2205/538
f 893/2206/5 933/2207/5 890/2208/5
f 240/2209/539 242/2210/539 241/2211/539
f 246/2212/540 228/2213/540 247/2214/540
f 241/2215/541 227/2216/541 240/2217/541
f 246/2218/542 247/2219/542 242/2220/542
f 242/2221/543 247/2222/543 241/2223/543
f 227/2224/544 229/2225/544 244/2226/544
f 243/2227/545 245/2228/545 244/2229/545
f 244/2230/546 240/2231/546 227/2232/546
f 181/2233/547 182/2234/547 183/2235/547
f 183/2236/548 192/2237/548 193/2238/548
f 187/2239/549 185/2240/549 184/2241/549
f 181/2242/550 183/2243/550 193/2244/550
f 193/2245/551 187/2246/551 184/2247/551
f 345/2248/552 330/2249/552 344/2250/552
f 326/2251/553 327/2252/553 328/2253/553
f 345/2254/554 344/2255/554 326/2256/554
f 325/2257/555 322/2258/555 329/2259/555
f 327/2260/556 329/2261/556 328/2262/556
f 328/2263/557 345/2264/557 326/2265/557
f 457/2266/558 453/2267/558 456/2268/558
f 1/2269/1 2/2270/1 3/2271/1
f 3/2272/559 6/2273/559 5/2274/559
f 5/2275/9 16/2276/9 1/2277/9
f 6/2278/1 4/2279/1 5/2280/1
f 16/2281/560 15/2282/560 1/2283/560
f 274/2284/561 281/2285/561 277/2286/561
f 285/2287/562 289/2288/562 290/2289/562
f 274/2290/563 277/2291/563 275/2292/563
f 276/2293/564 297/2294/564 274/2295/564
f 275/2296/565 276/2297/565 274/2298/565
f 285/2299/566 290/2300/566 287/2301/566
f 275/2302/567 277/2303/567 286/2304/567
f 285/2305/568 287/2306/568 286/2307/568
f 714/2308/89 719/2309/306 729/2310/14
f 667/2311/3 689/2312/3 531/2313/3
f 533/2314/3 684/2315/3 670/2316/3
f 684/2317/3 669/2318/3 670/2319/3
f 667/2320/3 531/2321/3 668/2322/3
f 533/2323/3 670/2324/3 667/2325/3
f 904/2326/2 869/2327/2 871/2328/2
f 871/2329/2 917/2330/2 904/2331/2
f 873/2332/569 792/2333/569 877/2334/569
f 792/2335/570 791/2336/570 877/2337/570
f 904/2338/2 917/2339/2 877/2340/2
f 750/2341/2 747/2342/2 749/2343/2
f 679/2344/571 662/2345/571 661/2346/571
f 623/2347/572 622/2348/572 678/2349/572
f 622/2350/573 687/2351/573 678/2352/573
f 679/2353/574 661/2354/574 615/2355/574
f 623/2356/6 678/2357/6 679/2358/6
f 537/2359/6 650/2360/6 618/2361/6
f 619/2362/6 620/2363/6 621/2364/6
f 538/2365/6 537/2366/6 618/2367/6
f 619/2368/6 621/2369/6 535/2370/6
f 538/2371/6 618/2372/6 619/2373/6
f 470/2374/5 469/2375/5 486/2376/5
f 490/2377/5 477/2378/5 489/2379/5
f 487/2380/5 470/2381/5 486/2382/5
f 477/2383/5 479/2384/5 489/2385/5
f 487/2386/575 486/2387/575 490/2388/575
f 295/2389/576 293/2390/576 291/2391/576
f 294/2392/577 278/2393/577 295/2394/577
f 295/2395/578 291/2396/578 294/2397/578
f 76/2398/5 85/2399/5 77/2400/5
f 85/2401/5 87/2402/5 77/2403/5
f 82/2404/579 84/2405/579 80/2406/579
f 80/2407/5 84/2408/5 81/2409/5
f 81/2410/5 76/2411/5 78/2412/5
f 78/2413/580 105/2414/580 104/2415/580
f 76/2416/5 77/2417/5 78/2418/5
f 79/2419/5 80/2420/5 81/2421/5
f 78/2422/581 104/2423/581 79/2424/581
f 86/2425/582 87/2426/582 85/2427/582
f 84/2428/583 82/2429/583 83/2430/583
f 84/2431/584 83/2432/584 103/2433/584
f 104/2434/585 105/2435/585 100/2436/585
f 99/2437/586 100/2438/586 98/2439/586
f 96/2440/587 97/2441/587 86/2442/587
f 99/2443/588 101/2444/588 100/2445/588
f 101/2446/589 104/2447/589 100/2448/589
f 97/2449/590 98/2450/590 86/2451/590
f 98/2452/591 100/2453/591 86/2454/591
f 96/2455/592 86/2456/592 85/2457/592
f 93/2458/593 84/2459/593 103/2460/593
f 95/2461/594 94/2462/594 93/2463/594
f 93/2464/595 103/2465/595 95/2466/595
f 96/2467/596 85/2468/596 88/2469/596
f 91/2470/597 96/2471/597 88/2472/597
f 88/2473/598 93/2474/598 92/2475/598
f 92/2476/599 89/2477/599 88/2478/599
f 93/2479/600 94/2480/600 92/2481/600
f 90/2482/601 91/2483/601 88/2484/601
f 92/2485/602 94/2486/602 102/2487/602
f 102/2488/603 103/2489/603 83/2490/603
f 83/2491/604 101/2492/604 102/2493/604
f 99/2494/605 92/2495/605 102/2496/605
f 88/2497/606 85/2498/606 76/2499/606
f 81/2500/607 84/2501/607 93/2502/607
f 110/2503/608 111/2504/608 108/2505/608
f 115/2506/609 112/2507/609 113/2508/609
f 119/2509/610 116/2510/610 117/2511/610
f 108/2512/611 111/2513/611 103/2514/611
f 111/2515/612 110/2516/612 95/2517/612
f 108/2518/613 102/2519/613 94/2520/613
f 109/2521/614 94/2522/614 95/2523/614
f 114/2524/615 98/2525/615 89/2526/615
f 113/2527/616 99/2528/616 98/2529/616
f 113/2530/617 112/2531/617 92/2532/617
f 112/2533/144 115/2534/144 89/2535/144
f 118/2536/618 90/2537/618 97/2538/618
f 116/2539/3 119/2540/3 97/2541/3
f 98/2542/619 97/2543/619 90/2544/619
f 116/2545/620 96/2546/620 91/2547/620
f 90/2548/621 118/2549/621 117/2550/621
f 93/2551/622 88/2552/622 106/2553/622
f 77/2554/2 87/2555/2 86/2556/2
f 121/2557/6 78/2558/6 77/2559/6
f 123/2560/6 80/2561/6 79/2562/6
f 79/2563/2 104/2564/2 101/2565/2
f 82/2566/114 80/2567/114 123/2568/114
f 101/2569/5 83/2570/5 123/2571/5
f 120/2572/5 86/2573/5 100/2574/5
f 105/2575/1 78/2576/1 121/2577/1
f 141/2578/623 149/2579/623 142/2580/623
f 149/2581/624 151/2582/624 142/2583/624
f 144/2584/625 146/2585/625 138/2586/625
f 138/2587/626 141/2588/626 140/2589/626
f 143/2590/627 150/2591/627 140/2592/627
f 141/2593/628 142/2594/628 140/2595/628
f 150/2596/629 134/2597/629 140/2598/629
f 140/2599/630 136/2600/630 138/2601/630
f 137/2602/631 144/2603/631 138/2604/631
f 142/2605/632 143/2606/632 140/2607/632
f 134/2608/633 150/2609/633 135/2610/633
f 151/2611/634 149/2612/634 135/2613/634
f 146/2614/635 144/2615/635 147/2616/635
f 150/2617/636 151/2618/636 135/2619/636
f 135/2620/637 133/2621/637 134/2622/637
f 152/2623/638 153/2624/638 148/2625/638
f 135/2626/639 149/2627/639 148/2628/639
f 147/2629/640 152/2630/640 148/2631/640
f 148/2632/641 149/2633/641 146/2634/641
f 148/2635/642 146/2636/642 147/2637/642
f 132/2638/643 147/2639/643 144/2640/643
f 132/2641/644 144/2642/644 145/2643/644
f 130/2644/645 131/2645/645 132/2646/645
f 139/2647/646 137/2648/646 136/2649/646
f 130/2650/647 132/2651/647 145/2652/647
f 145/2653/648 139/2654/648 136/2655/648
f 140/2656/649 134/2657/649 124/2658/649
f 129/2659/650 130/2660/650 136/2661/650
f 159/2662/651 156/2663/651 157/2664/651
f 163/2665/652 160/2666/652 161/2667/652
f 167/2668/653 164/2669/653 165/2670/653
f 156/2671/3 159/2672/3 145/2673/3
f 139/2674/654 158/2675/654 157/2676/654
f 159/2677/655 158/2678/655 139/2679/655
f 156/2680/656 144/2681/656 137/2682/656
f 162/2683/3 161/2684/3 146/2685/3
f 162/2686/657 149/2687/657 141/2688/657
f 161/2689/658 160/2690/658 138/2691/658
f 163/2692/659 141/2693/659 138/2694/659
f 167/2695/660 151/2696/660 150/2697/660
f 166/2698/661 142/2699/661 151/2700/661
f 164/2701/662 150/2702/662 143/2703/662
f 166/2704/5 165/2705/5 143/2706/5
f 136/2707/663 140/2708/663 154/2709/663
f 169/2710/6 126/2711/6 125/2712/6
f 125/2713/2 133/2714/2 135/2715/2
f 127/2716/2 152/2717/2 147/2718/2
f 171/2719/6 128/2720/6 127/2721/6
f 132/2722/5 171/2723/5 170/2724/5
f 148/2725/5 169/2726/5 168/2727/5
f 153/2728/1 126/2729/1 169/2730/1
f 131/2731/1 128/2732/1 171/2733/1
f 176/2734/664 182/2735/664 181/2736/664
f 172/2737/665 179/2738/665 173/2739/665
f 179/2740/5 178/2741/5 173/2742/5
f 176/2743/5 181/2744/5 177/2745/5
f 201/2746/666 200/2747/666 174/2748/666
f 175/2749/5 176/2750/5 177/2751/5
f 177/2752/5 172/2753/5 174/2754/5
f 174/2755/667 200/2756/667 175/2757/667
f 172/2758/5 173/2759/5 174/2760/5
f 124/2761/5 134/2762/5 125/2763/5
f 134/2764/5 133/2765/5 125/2766/5
f 131/2767/668 130/2768/668 128/2769/668
f 128/2770/5 130/2771/5 129/2772/5
f 129/2773/5 124/2774/5 126/2775/5
f 126/2776/669 153/2777/669 152/2778/669
f 124/2779/5 125/2780/5 126/2781/5
f 127/2782/5 128/2783/5 129/2784/5
f 126/2785/581 152/2786/581 127/2787/581
f 177/2788/135 181/2789/135 184/2790/135
f 189/2791/670 179/2792/670 172/2793/670
f 207/2794/671 204/2795/671 205/2796/671
f 211/2797/672 208/2798/672 209/2799/672
f 215/2800/673 212/2801/673 213/2802/673
f 204/2803/3 207/2804/3 193/2805/3
f 207/2806/1 206/2807/1 187/2808/1
f 187/2809/674 206/2810/674 205/2811/674
f 204/2812/2 192/2813/2 185/2814/2
f 210/2815/675 194/2816/675 190/2817/675
f 209/2818/676 208/2819/676 186/2820/676
f 210/2821/3 209/2822/3 195/2823/3
f 186/2824/654 208/2825/654 211/2826/654
f 212/2827/677 215/2828/677 199/2829/677
f 215/2830/678 214/2831/678 188/2832/678
f 212/2833/679 198/2834/679 191/2835/679
f 188/2836/680 214/2837/680 213/2838/680
f 184/2839/622 189/2840/622 203/2841/622
f 217/2842/6 174/2843/6 173/2844/6
f 173/2845/2 178/2846/2 180/2847/2
f 201/2848/1 174/2849/1 217/2850/1
f 175/2851/2 200/2852/2 197/2853/2
f 219/2854/6 176/2855/6 175/2856/6
f 182/2857/1 176/2858/1 219/2859/1
f 183/2860/5 219/2861/5 218/2862/5
f 196/2863/5 217/2864/5 216/2865/5
f 221/2866/681 246/2867/681 222/2868/681
f 246/2869/3 242/2870/3 222/2871/3
f 236/2872/682 249/2873/682 225/2874/682
f 225/2875/3 249/2876/3 223/2877/3
f 223/2878/3 221/2879/3 224/2880/3
f 220/2881/683 245/2882/683 224/2883/683
f 221/2884/3 222/2885/3 220/2886/3
f 224/2887/3 225/2888/3 223/2889/3
f 245/2890/684 239/2891/684 224/2892/684
f 250/2893/685 226/2894/685 246/2895/685
f 248/2896/686 231/2897/686 249/2898/686
f 249/2899/687 236/2900/687 234/2901/687
f 234/2902/688 248/2903/688 249/2904/688
f 249/2905/689 230/2906/689 251/2907/689
f 251/2908/690 230/2909/690 226/2910/690
f 253/2911/6 220/2912/6 222/2913/6
f 222/2914/1 242/2915/1 240/2916/1
f 245/2917/2 220/2918/2 253/2919/2
f 255/2920/6 225/2921/6 224/2922/6
f 224/2923/1 239/2924/1 237/2925/1
f 236/2926/2 225/2927/2 255/2928/2
f 257/2929/691 248/2930/691 234/2931/691
f 261/2932/692 258/2933/692 259/2934/692
f 265/2935/693 262/2936/693 263/2937/693
f 267/2938/694 257/2939/694 256/2940/694
f 258/2941/695 238/2942/695 243/2943/695
f 265/2944/696 241/2945/696 247/2946/696
f 238/2947/2 258/2948/2 261/2949/2
f 248/2950/2 257/2951/2 267/2952/2
f 266/2953/697 256/2954/697 234/2955/697
f 267/2956/3 266/2957/3 232/2958/3
f 260/2959/698 259/2960/698 243/2961/698
f 261/2962/3 260/2963/3 229/2964/3
f 241/2965/2 265/2966/2 264/2967/2
f 263/2968/699 262/2969/699 247/2970/699
f 264/2971/700 263/2972/700 228/2973/700
f 244/2974/3 253/2975/3 252/2976/3
f 235/2977/3 255/2978/3 254/2979/3
f 288/2980/701 290/2981/701 289/2982/701
f 281/2983/702 274/2984/702 280/2985/702
f 288/2986/703 289/2987/703 281/2988/703
f 291/2989/704 293/2990/704 292/2991/704
f 292/2992/705 288/2993/705 281/2994/705
f 280/2995/706 278/2996/706 279/2997/706
f 279/2998/707 291/2999/707 292/3000/707
f 281/3001/708 280/3002/708 279/3003/708
f 298/3004/709 274/3005/709 297/3006/709
f 282/3007/6 284/3008/6 283/3009/6
f 297/3010/710 276/3011/710 296/3012/710
f 283/3013/6 275/3014/6 282/3015/6
f 297/3016/711 296/3017/711 284/3018/711
f 275/3019/712 286/3020/712 282/3021/712
f 295/3022/713 280/3023/713 299/3024/713
f 299/3025/714 280/3026/714 274/3027/714
f 270/3028/715 284/3029/715 282/3030/715
f 301/3031/6 268/3032/6 270/3033/6
f 287/3034/2 268/3035/2 301/3036/2
f 303/3037/6 273/3038/6 272/3039/6
f 302/3040/1 272/3041/1 290/3042/1
f 293/3043/2 273/3044/2 303/3045/2
f 305/3046/716 294/3047/716 291/3048/716
f 309/3049/717 306/3050/717 307/3051/717
f 312/3052/718 313/3053/718 310/3054/718
f 315/3055/719 305/3056/719 304/3057/719
f 283/3058/2 313/3059/2 312/3060/2
f 313/3061/720 283/3062/720 296/3063/720
f 294/3064/2 305/3065/2 315/3066/2
f 314/3067/721 304/3068/721 291/3069/721
f 315/3070/722 314/3071/722 279/3072/722
f 289/3073/2 306/3074/2 309/3075/2
f 309/3076/3 308/3077/3 277/3078/3
f 308/3079/723 307/3080/723 285/3081/723
f 312/3082/724 311/3083/724 276/3084/724
f 311/3085/725 310/3086/725 296/3087/725
f 285/3088/726 307/3089/726 306/3090/726
f 269/3091/727 297/3092/727 270/3093/727
f 297/3094/728 284/3095/728 270/3096/728
f 293/3097/3 295/3098/3 273/3099/3
f 273/3100/729 295/3101/729 271/3102/729
f 271/3103/730 269/3104/730 272/3105/730
f 268/3106/731 287/3107/731 272/3108/731
f 269/3109/732 270/3110/732 268/3111/732
f 272/3112/3 273/3113/3 271/3114/3
f 287/3115/3 290/3116/3 272/3117/3
f 300/3118/3 282/3119/3 286/3120/3
f 292/3121/3 303/3122/3 302/3123/3
f 316/3124/3 338/3125/3 320/3126/3
f 338/3127/3 335/3128/3 320/3129/3
f 343/3130/3 341/3131/3 318/3132/3
f 316/3133/3 320/3134/3 317/3135/3
f 317/3136/3 343/3137/3 318/3138/3
f 317/3139/3 318/3140/3 316/3141/3
f 332/3142/733 345/3143/733 321/3144/733
f 317/3145/3 320/3146/3 319/3147/3
f 321/3148/734 345/3149/734 319/3150/734
f 341/3151/735 343/3152/735 342/3153/735
f 346/3154/736 322/3155/736 343/3156/736
f 345/3157/737 328/3158/737 347/3159/737
f 347/3160/738 328/3161/738 322/3162/738
f 349/3163/6 316/3164/6 318/3165/6
f 318/3166/1 341/3167/1 339/3168/1
f 338/3169/2 316/3170/2 349/3171/2
f 320/3172/739 335/3173/739 333/3174/739
f 351/3175/6 321/3176/6 320/3177/6
f 332/3178/2 321/3179/2 351/3180/2
f 352/3181/740 353/3182/740 342/3183/740
f 342/3184/741 353/3185/741 354/3186/741
f 356/3187/742 344/3188/742 330/3189/742
f 360/3190/743 357/3191/743 358/3192/743
f 354/3193/744 353/3194/744 352/3195/744
f 363/3196/745 356/3197/745 355/3198/745
f 334/3199/746 357/3200/746 360/3201/746
f 357/3202/747 334/3203/747 336/3204/747
f 344/3205/748 356/3206/748 363/3207/748
f 362/3208/196 327/3209/196 326/3210/196
f 362/3211/749 355/3212/749 330/3213/749
f 359/3214/750 358/3215/750 336/3216/750
f 329/3217/751 360/3218/751 359/3219/751
f 340/3220/2 354/3221/2 361/3222/2
f 361/3223/3 352/3224/3 324/3225/3
f 339/3226/3 337/3227/3 349/3228/3
f 350/3229/3 333/3230/3 331/3231/3
f 373/3232/752 377/3233/752 372/3234/752
f 372/3235/753 369/3236/753 373/3237/753
f 381/3238/754 375/3239/754 379/3240/754
f 378/3241/755 365/3242/755 370/3243/755
f 375/3244/756 373/3245/756 366/3246/756
f 375/3247/757 366/3248/757 374/3249/757
f 378/3250/758 370/3251/758 379/3252/758
f 375/3253/759 374/3254/759 379/3255/759
f 373/3256/760 382/3257/760 383/3258/760
f 382/3259/761 373/3260/761 375/3261/761
f 387/3262/6 384/3263/6 385/3264/6
f 385/3265/1 370/3266/1 364/3267/1
f 371/3268/2 384/3269/2 387/3270/2
f 389/3271/762 376/3272/762 367/3273/762
f 391/3274/763 389/3275/763 388/3276/763
f 395/3277/764 392/3278/764 393/3279/764
f 391/3280/3 390/3281/3 369/3282/3
f 376/3283/2 389/3284/2 391/3285/2
f 390/3286/765 388/3287/765 367/3288/765
f 365/3289/2 392/3290/2 395/3291/2
f 395/3292/3 394/3293/3 374/3294/3
f 394/3295/766 393/3296/766 378/3297/766
f 392/3298/767 365/3299/767 378/3300/767
f 368/3301/3 387/3302/3 386/3303/3
f 383/3304/768 380/3305/768 384/3306/768
f 379/3307/3 370/3308/3 385/3309/3
f 384/3310/769 371/3311/769 377/3312/769
f 380/3313/770 379/3314/770 385/3315/770
f 384/3316/771 377/3317/771 383/3318/771
f 406/3319/772 407/3320/772 405/3321/772
f 403/3322/773 404/3323/773 402/3324/773
f 399/3325/774 400/3326/774 401/3327/774
f 401/3328/775 398/3329/775 410/3330/775
f 409/3331/776 410/3332/776 398/3333/776
f 399/3334/777 401/3335/777 411/3336/777
f 403/3337/778 402/3338/778 407/3339/778
f 407/3340/779 402/3341/779 405/3342/779
f 401/3343/780 410/3344/780 411/3345/780
f 411/3346/781 406/3347/781 405/3348/781
f 402/3349/782 397/3350/782 412/3351/782
f 415/3352/209 399/3353/209 405/3354/209
f 419/3355/783 416/3356/783 417/3357/783
f 423/3358/784 420/3359/784 421/3360/784
f 418/3361/3 417/3362/3 411/3363/3
f 418/3364/615 410/3365/615 407/3366/615
f 417/3367/785 416/3368/785 406/3369/785
f 406/3370/786 416/3371/786 419/3372/786
f 420/3373/3 423/3374/3 409/3375/3
f 422/3376/676 403/3377/676 409/3378/676
f 410/3379/787 409/3380/787 403/3381/787
f 420/3382/788 408/3383/788 404/3384/788
f 403/3385/789 422/3386/789 421/3387/789
f 405/3388/3 402/3389/3 413/3390/3
f 427/3391/6 424/3392/6 425/3393/6
f 425/3394/2 396/3395/2 398/3396/2
f 400/3397/1 424/3398/1 427/3399/1
f 401/3400/5 427/3401/5 426/3402/5
f 399/3403/790 415/3404/790 424/3405/790
f 412/3406/791 397/3407/791 425/3408/791
f 397/3409/5 396/3410/5 425/3411/5
f 424/3412/792 400/3413/792 399/3414/792
f 412/3415/793 425/3416/793 415/3417/793
f 430/3418/3 431/3419/3 428/3420/3
f 431/3421/4 433/3422/4 432/3423/4
f 434/3424/794 433/3425/794 431/3426/794
f 430/3427/795 429/3428/795 435/3429/795
f 432/3430/796 435/3431/796 429/3432/796
f 432/3433/5 433/3434/5 434/3435/5
f 440/3436/797 436/3437/797 444/3438/797
f 439/3439/798 438/3440/798 441/3441/798
f 442/3442/799 440/3443/799 441/3444/799
f 440/3445/800 442/3446/800 443/3447/800
f 437/3448/801 438/3449/801 439/3450/801
f 440/3451/802 443/3452/802 437/3453/802
f 437/3454/803 439/3455/803 436/3456/803
f 446/3457/804 447/3458/804 439/3459/804
f 451/3460/805 448/3461/805 449/3462/805
f 448/3463/3 451/3464/3 438/3465/3
f 451/3466/806 450/3467/806 442/3468/806
f 442/3469/807 450/3470/807 449/3471/807
f 448/3472/808 437/3473/808 443/3474/808
f 441/3475/3 440/3476/3 445/3477/3
f 444/3478/809 436/3479/809 439/3480/809
f 461/3481/810 458/3482/810 455/3483/810
f 454/3484/811 457/3485/811 462/3486/811
f 460/3487/812 455/3488/812 454/3489/812
f 467/3490/813 464/3491/813 465/3492/813
f 464/3493/3 467/3494/3 453/3495/3
f 467/3496/1 466/3497/1 456/3498/1
f 464/3499/237 452/3500/237 459/3501/237
f 456/3502/814 466/3503/814 465/3504/814
f 457/3505/3 458/3506/3 461/3507/3
f 482/3508/815 480/3509/815 481/3510/815
f 484/3511/816 483/3512/816 480/3513/816
f 484/3514/817 471/3515/817 485/3516/817
f 488/3517/78 487/3518/77 489/3519/13
f 497/3520/818 492/3521/818 491/3522/818
f 498/3523/3 476/3524/3 492/3525/3
f 496/3526/5 491/3527/5 478/3528/5
f 458/3529/819 456/3530/819 459/3531/819
f 458/3532/820 459/3533/820 452/3534/820
f 453/3535/821 457/3536/821 454/3537/821
f 455/3538/822 458/3539/822 452/3540/822
f 452/3541/823 453/3542/823 454/3543/823
f 498/3544/824 497/3545/824 496/3546/824
f 483/3547/825 485/3548/825 481/3549/825
f 476/3550/826 498/3551/826 499/3552/826
f 478/3553/1 479/3554/1 477/3555/1
f 476/3556/827 499/3557/827 478/3558/827
f 474/3559/1 475/3560/1 476/3561/1
f 478/3562/828 477/3563/828 474/3564/828
f 502/3565/829 503/3566/829 500/3567/829
f 493/3568/830 473/3569/830 472/3570/830
f 495/3571/3 475/3572/3 474/3573/3
f 495/3574/3 474/3575/3 494/3576/3
f 493/3577/3 472/3578/3 488/3579/3
f 495/3580/3 494/3581/3 488/3582/3
f 198/3583/831 179/3584/831 189/3585/831
f 397/3586/832 402/3587/832 408/3588/832
f 408/3589/833 409/3590/833 398/3591/833
f 402/3592/834 404/3593/834 408/3594/834
f 398/3595/835 396/3596/835 397/3597/835
f 188/3598/836 191/3599/836 189/3600/836
f 189/3601/837 184/3602/837 186/3603/837
f 185/3604/838 192/3605/838 186/3606/838
f 183/3607/839 197/3608/839 192/3609/839
f 197/3610/840 195/3611/840 192/3612/840
f 179/3613/841 198/3614/841 180/3615/841
f 180/3616/842 178/3617/842 179/3618/842
f 194/3619/843 196/3620/843 180/3621/843
f 190/3622/844 194/3623/844 199/3624/844
f 180/3625/845 198/3626/845 199/3627/845
f 180/3628/846 199/3629/846 194/3630/846
f 190/3631/847 199/3632/847 188/3633/847
f 192/3634/848 195/3635/848 186/3636/848
f 186/3637/849 190/3638/849 189/3639/849
f 184/3640/850 185/3641/850 186/3642/850
f 507/3643/1 504/3644/1 505/3645/1
f 509/3646/851 506/3647/851 505/3648/851
f 511/3649/852 510/3650/852 504/3651/852
f 511/3652/853 507/3653/853 506/3654/853
f 504/3655/854 510/3656/854 508/3657/854
f 364/3658/855 370/3659/855 365/3660/855
f 365/3661/856 366/3662/856 364/3663/856
f 366/3664/857 373/3665/857 369/3666/857
f 368/3667/858 364/3668/858 366/3669/858
f 377/3670/859 371/3671/859 367/3672/859
f 367/3673/860 376/3674/860 377/3675/860
f 366/3676/861 369/3677/861 368/3678/861
f 367/3679/862 371/3680/862 368/3681/862
f 514/3682/2 515/3683/2 512/3684/2
f 517/3685/863 514/3686/863 513/3687/863
f 519/3688/3 518/3689/3 512/3690/3
f 519/3691/864 515/3692/864 514/3693/864
f 518/3694/865 516/3695/865 513/3696/865
f 673/3697/866 674/3698/866 654/3699/866
f 646/3700/867 595/3701/867 672/3702/867
f 595/3703/868 671/3704/868 672/3705/868
f 673/3706/869 654/3707/869 653/3708/869
f 646/3709/5 672/3710/5 673/3711/5
f 524/3712/870 521/3713/870 522/3714/870
f 523/3715/260 524/3716/260 520/3717/260
f 521/3718/5 526/3719/5 525/3720/5
f 526/3721/871 523/3722/871 527/3723/871
f 526/3724/872 521/3725/872 524/3726/872
f 529/3727/5 530/3728/5 528/3729/5
f 668/3730/873 531/3731/873 532/3732/873
f 528/3733/264 530/3734/264 533/3735/264
f 538/3736/3 535/3737/3 536/3738/3
f 542/3739/5 540/3740/5 541/3741/5
f 548/3742/5 549/3743/5 545/3744/5
f 549/3745/4 571/3746/4 550/3747/4
f 571/3748/4 636/3749/4 550/3750/4
f 552/3751/4 553/3752/4 551/3753/4
f 549/3754/4 550/3755/4 551/3756/4
f 551/3757/4 553/3758/4 545/3759/4
f 660/3760/874 653/3761/874 561/3762/874
f 654/3763/875 593/3764/875 656/3765/875
f 593/3766/1 602/3767/1 656/3768/1
f 559/3769/1 563/3770/1 560/3771/1
f 561/3772/876 559/3773/876 560/3774/876
f 654/3775/877 656/3776/877 599/3777/877
f 599/3778/878 558/3779/878 554/3780/878
f 599/3781/1 554/3782/1 557/3783/1
f 561/3784/879 560/3785/879 660/3786/879
f 599/3787/880 557/3788/880 654/3789/880
f 561/3790/881 653/3791/881 557/3792/881
f 562/3793/3 563/3794/3 559/3795/3
f 540/3796/6 543/3797/6 544/3798/6
f 543/3799/6 638/3800/6 544/3801/6
f 569/3802/6 570/3803/6 568/3804/6
f 540/3805/6 544/3806/6 541/3807/6
f 568/3808/6 570/3809/6 541/3810/6
f 635/3811/2 571/3812/2 549/3813/2
f 554/3814/882 558/3815/882 572/3816/882
f 573/3817/2 574/3818/2 555/3819/2
f 567/3820/883 566/3821/883 579/3822/883
f 566/3823/4 642/3824/4 579/3825/4
f 588/3826/4 589/3827/4 587/3828/4
f 567/3829/884 579/3830/884 587/3831/884
f 587/3832/885 589/3833/885 542/3834/885
f 604/3835/5 581/3836/5 582/3837/5
f 593/3838/3 594/3839/3 592/3840/3
f 591/3841/886 657/3842/886 573/3843/886
f 558/3844/887 599/3845/887 601/3846/887
f 599/3847/886 600/3848/886 601/3849/886
f 591/3850/888 573/3851/888 572/3852/888
f 558/3853/4 601/3854/4 572/3855/4
f 658/3856/6 656/3857/6 603/3858/6
f 592/3859/6 596/3860/6 598/3861/6
f 596/3862/6 597/3863/6 598/3864/6
f 603/3865/6 656/3866/6 602/3867/6
f 592/3868/6 598/3869/6 603/3870/6
f 604/3871/889 627/3872/889 605/3873/889
f 627/3874/890 639/3875/890 605/3876/890
f 607/3877/891 608/3878/891 606/3879/891
f 604/3880/4 605/3881/4 606/3882/4
f 606/3883/892 608/3884/892 581/3885/892
f 609/3886/6 610/3887/6 611/3888/6
f 610/3889/6 641/3890/6 611/3891/6
f 632/3892/6 633/3893/6 631/3894/6
f 609/3895/6 611/3896/6 628/3897/6
f 631/3898/6 633/3899/6 628/3900/6
f 615/3901/3 613/3902/3 614/3903/3
f 624/3904/893 625/3905/893 626/3906/893
f 613/3907/894 648/3908/894 616/3909/894
f 648/3910/893 649/3911/893 616/3912/893
f 624/3913/895 626/3914/895 614/3915/895
f 613/3916/896 616/3917/896 614/3918/896
f 612/3919/5 609/3920/5 628/3921/5
f 638/3922/5 543/3923/5 553/3924/5
f 569/3925/5 636/3926/5 571/3927/5
f 632/3928/5 639/3929/5 627/3930/5
f 607/3931/5 641/3932/5 610/3933/5
f 643/3934/5 590/3935/5 589/3936/5
f 585/3937/5 642/3938/5 566/3939/5
f 637/3940/897 644/3941/897 553/3942/897
f 546/3943/1 547/3944/1 545/3945/1
f 546/3946/1 545/3947/1 553/3948/1
f 609/3949/1 612/3950/1 610/3951/1
f 610/3952/1 612/3953/1 640/3954/1
f 644/3955/898 546/3956/898 553/3957/898
f 543/3958/1 540/3959/1 542/3960/1
f 637/3961/899 553/3962/899 543/3963/899
f 610/3964/1 640/3965/1 608/3966/1
f 582/3967/1 581/3968/1 608/3969/1
f 608/3970/1 640/3971/1 590/3972/1
f 637/3973/900 543/3974/900 589/3975/900
f 543/3976/901 542/3977/901 589/3978/901
f 590/3979/1 582/3980/1 608/3981/1
f 637/3982/902 589/3983/902 590/3984/902
f 634/3985/903 645/3986/903 644/3987/903
f 546/3988/5 644/3989/5 645/3990/5
f 648/3991/1 613/3992/1 615/3993/1
f 615/3994/904 661/3995/904 648/3996/904
f 617/3997/905 536/3998/905 621/3999/905
f 536/4000/906 535/4001/906 621/4002/906
f 648/4003/907 661/4004/907 621/4005/907
f 620/4006/3 649/4007/3 648/4008/3
f 625/4009/3 650/4010/3 537/4011/3
f 651/4012/2 562/4013/2 577/4014/2
f 575/4015/3 574/4016/3 647/4017/3
f 564/4018/3 561/4019/3 557/4020/3
f 597/4021/3 596/4022/3 573/4023/3
f 600/4024/3 599/4025/3 656/4026/3
f 560/4027/3 651/4028/3 659/4029/3
f 646/4030/908 653/4031/908 660/4032/908
f 662/4033/5 663/4034/5 617/4035/5
f 688/4036/909 629/4037/909 675/4038/909
f 637/4039/910 640/4040/910 677/4041/910
f 640/4042/911 676/4043/911 677/4044/911
f 675/4045/912 629/4046/912 634/4047/912
f 637/4048/3 677/4049/3 634/4050/3
f 680/4051/913 671/4052/913 595/4053/913
f 593/4054/914 654/4055/914 686/4056/914
f 654/4057/915 674/4058/915 686/4059/915
f 680/4060/916 595/4061/916 594/4062/916
f 593/4063/4 686/4064/4 594/4065/4
f 664/4066/5 666/4067/5 687/4068/5
f 562/4069/6 651/4070/6 560/4071/6
f 635/4072/6 548/4073/6 547/4074/6
f 807/4075/4 808/4076/4 809/4077/4
f 805/4078/4 827/4079/4 806/4080/4
f 827/4081/4 892/4082/4 806/4083/4
f 807/4084/4 809/4085/4 801/4086/4
f 805/4087/4 806/4088/4 807/4089/4
f 691/4090/4 667/4091/4 670/4092/4
f 665/4093/3 539/4094/3 691/4095/3
f 677/4096/6 673/4097/6 672/4098/6
f 676/4099/1 685/4100/1 682/4101/1
f 689/4102/1 667/4103/1 663/4104/1
f 676/4105/1 682/4106/1 689/4107/1
f 673/4108/917 677/4109/917 674/4110/917
f 679/4111/1 686/4112/1 674/4113/1
f 674/4114/918 677/4115/918 676/4116/918
f 676/4117/1 689/4118/1 663/4119/1
f 691/4120/1 539/4121/1 663/4122/1
f 662/4123/1 679/4124/1 674/4125/1
f 667/4126/1 691/4127/1 663/4128/1
f 662/4129/1 674/4130/1 676/4131/1
f 686/4132/3 679/4133/3 678/4134/3
f 681/4135/5 683/4136/5 682/4137/5
f 579/4138/5 584/4139/5 583/4140/5
f 588/4141/1 587/4142/1 583/4143/1
f 576/4144/3 578/4145/3 565/4146/3
f 556/4147/1 565/4148/1 564/4149/1
f 578/4150/2 576/4151/2 575/4152/2
f 601/4153/3 603/4154/3 598/4155/3
f 657/4156/2 591/4157/2 598/4158/2
f 603/4159/1 601/4160/1 600/4161/1
f 611/4162/919 606/4163/919 605/4164/919
f 641/4165/1 607/4166/1 606/4167/1
f 638/4168/1 552/4169/1 551/4170/1
f 544/4171/5 551/4172/5 550/4173/5
f 569/4174/2 568/4175/2 550/4176/2
f 649/4177/1 620/4178/1 619/4179/1
f 616/4180/3 619/4181/3 618/4182/3
f 625/4183/2 624/4184/2 618/4185/2
f 694/4186/920 701/4187/920 693/4188/920
f 703/4189/921 708/4190/921 706/4191/921
f 706/4192/922 692/4193/922 698/4194/922
f 713/4195/1 698/4196/1 692/4197/1
f 701/4198/923 710/4199/923 693/4200/923
f 694/4201/1 704/4202/1 701/4203/1
f 703/4204/924 706/4205/924 698/4206/924
f 698/4207/1 701/4208/1 704/4209/1
f 696/4210/279 694/4211/925 693/4212/280
f 701/4213/926 698/4214/926 699/4215/926
f 705/4216/927 702/4217/927 703/4218/927
f 709/4219/284 707/4220/19 706/4221/21
f 704/4222/928 694/4223/928 696/4224/928
f 702/4225/929 709/4226/929 708/4227/929
f 695/4228/281 693/4229/280 710/4230/288
f 713/4231/290 692/4232/20 697/4233/291
f 711/4234/930 710/4235/930 701/4236/930
f 698/4237/294 713/4238/290 712/4239/292
f 715/4240/296 716/4241/931 718/4242/297
f 721/4243/299 720/4244/299 723/4245/299
f 725/4246/3 724/4247/3 727/4248/3
f 728/4249/90 729/4250/14 731/4251/300
f 718/4252/932 716/4253/932 726/4254/932
f 730/4255/933 731/4256/933 724/4257/933
f 732/4258/304 715/4259/296 717/4260/298
f 719/4261/306 714/4262/89 735/4263/307
f 728/4264/1 730/4265/1 725/4266/1
f 725/4267/934 726/4268/934 720/4269/934
f 716/4270/935 715/4271/935 723/4272/935
f 732/4273/936 723/4274/936 715/4275/936
f 720/4276/937 735/4277/937 714/4278/937
f 714/4279/938 728/4280/938 725/4281/938
f 726/4282/939 716/4283/939 723/4284/939
f 723/4285/940 720/4286/940 726/4287/940
f 722/4288/941 723/4289/941 732/4290/941
f 721/4291/311 734/4292/308 735/4293/307
f 741/4294/942 738/4295/942 739/4296/942
f 743/4297/314 741/4298/943 740/4299/315
f 745/4300/317 743/4301/314 742/4302/316
f 736/4303/319 745/4304/317 744/4305/318
f 753/4306/321 751/4307/332 748/4308/322
f 755/4309/324 753/4310/321 752/4311/323
f 757/4312/326 755/4313/324 754/4314/325
f 758/4315/944 759/4316/944 757/4317/944
f 767/4318/329 765/4319/945 764/4320/330
f 760/4321/946 749/4322/334 746/4323/333
f 747/4324/947 748/4325/322 751/4326/332
f 751/4327/332 749/4328/334 747/4329/947
f 761/4330/948 760/4331/946 746/4332/333
f 746/4333/333 782/4334/345 761/4335/948
f 769/4336/335 767/4337/329 766/4338/331
f 771/4339/337 769/4340/335 768/4341/336
f 773/4342/949 771/4343/949 770/4344/949
f 774/4345/950 775/4346/950 776/4347/950
f 779/4348/341 777/4349/951 776/4350/342
f 781/4351/344 779/4352/341 778/4353/343
f 746/4354/333 781/4355/344 780/4356/8
f 764/4357/330 765/4358/945 736/4359/319
f 760/4360/952 761/4361/952 783/4362/952
f 779/4363/1 781/4364/1 746/4365/1
f 746/4366/953 751/4367/953 755/4368/953
f 753/4369/1 755/4370/1 751/4371/1
f 757/4372/954 759/4373/954 777/4374/954
f 741/4375/1 743/4376/1 771/4377/1
f 759/4378/1 738/4379/1 741/4380/1
f 746/4381/955 755/4382/955 779/4383/955
f 777/4384/1 779/4385/1 755/4386/1
f 773/4387/1 774/4388/1 777/4389/1
f 767/4390/1 769/4391/1 765/4392/1
f 771/4393/1 773/4394/1 777/4395/1
f 777/4396/956 755/4397/956 757/4398/956
f 759/4399/957 741/4400/957 777/4401/957
f 745/4402/1 736/4403/1 743/4404/1
f 765/4405/958 743/4406/958 736/4407/958
f 771/4408/1 777/4409/1 741/4410/1
f 743/4411/1 769/4412/1 771/4413/1
f 738/4414/346 759/4415/959 758/4416/327
f 772/4417/3 775/4418/3 774/4419/3
f 785/4420/3 786/4421/3 784/4422/3
f 784/4423/2 924/4424/2 787/4425/2
f 784/4426/348 786/4427/348 789/4428/348
f 794/4429/5 791/4430/5 792/4431/5
f 823/4432/3 798/4433/3 796/4434/3
f 804/4435/3 805/4436/3 801/4437/3
f 911/4438/960 813/4439/960 812/4440/960
f 811/4441/961 830/4442/961 832/4443/961
f 830/4444/960 831/4445/960 832/4446/960
f 812/4447/962 813/4448/962 810/4449/962
f 811/4450/963 832/4451/963 812/4452/963
f 818/4453/5 819/4454/5 815/4455/5
f 796/4456/6 799/4457/6 800/4458/6
f 799/4459/6 894/4460/6 800/4461/6
f 825/4462/6 826/4463/6 824/4464/6
f 796/4465/6 800/4466/6 797/4467/6
f 824/4468/6 826/4469/6 797/4470/6
f 891/4471/1 827/4472/1 805/4473/1
f 810/4474/964 814/4475/964 828/4476/964
f 829/4477/965 830/4478/965 811/4479/965
f 834/4480/4 908/4481/4 903/4482/4
f 815/4483/4 817/4484/4 821/4485/4
f 817/4486/4 820/4487/4 821/4488/4
f 834/4489/4 903/4490/4 833/4491/4
f 815/4492/4 821/4493/4 833/4494/4
f 860/4495/3 837/4496/3 838/4497/3
f 838/4498/966 846/4499/966 839/4500/966
f 846/4501/967 899/4502/967 839/4503/967
f 841/4504/437 842/4505/437 840/4506/437
f 838/4507/968 839/4508/968 836/4509/968
f 840/4510/969 842/4511/969 836/4512/969
f 823/4513/4 822/4514/4 835/4515/4
f 822/4516/4 898/4517/4 835/4518/4
f 844/4519/4 845/4520/4 843/4521/4
f 823/4522/4 835/4523/4 843/4524/4
f 843/4525/4 845/4526/4 798/4527/4
f 866/4528/970 865/4529/970 868/4530/970
f 893/4531/2 900/4532/2 809/4533/2
f 802/4534/2 803/4535/2 801/4536/2
f 802/4537/2 801/4538/2 809/4539/2
f 866/4540/971 868/4541/971 896/4542/971
f 838/4543/2 837/4544/2 864/4545/2
f 864/4546/972 866/4547/972 896/4548/972
f 900/4549/2 802/4550/2 809/4551/2
f 799/4552/2 796/4553/2 798/4554/2
f 893/4555/2 809/4556/2 799/4557/2
f 864/4558/2 896/4559/2 846/4560/2
f 846/4561/2 838/4562/2 864/4563/2
f 799/4564/2 798/4565/2 845/4566/2
f 845/4567/2 846/4568/2 893/4569/2
f 893/4570/2 799/4571/2 845/4572/2
f 849/4573/5 850/4574/5 848/4575/5
f 859/4576/973 914/4577/973 912/4578/973
f 848/4579/974 852/4580/974 854/4581/974
f 852/4582/975 853/4583/975 854/4584/975
f 859/4585/976 912/4586/976 858/4587/976
f 848/4588/6 854/4589/6 859/4590/6
f 862/4591/4 863/4592/4 864/4593/4
f 860/4594/4 883/4595/4 861/4596/4
f 883/4597/4 895/4598/4 861/4599/4
f 862/4600/4 864/4601/4 837/4602/4
f 860/4603/4 861/4604/4 862/4605/4
f 871/4606/5 869/4607/5 870/4608/5
f 793/4609/6 906/4610/6 874/4611/6
f 875/4612/6 876/4613/6 877/4614/6
f 794/4615/6 793/4616/6 874/4617/6
f 875/4618/6 877/4619/6 791/4620/6
f 794/4621/271 874/4622/271 875/4623/271
f 904/4624/977 905/4625/977 872/4626/977
f 880/4627/978 881/4628/978 882/4629/978
f 869/4630/979 904/4631/979 872/4632/979
f 880/4633/980 882/4634/980 870/4635/980
f 869/4636/4 872/4637/4 870/4638/4
f 886/4639/981 868/4640/981 865/4641/981
f 887/4642/960 888/4643/960 889/4644/960
f 865/4645/982 866/4646/982 867/4647/982
f 866/4648/983 897/4649/983 867/4650/983
f 887/4651/984 889/4652/984 884/4653/984
f 865/4654/6 867/4655/6 884/4656/6
f 894/4657/3 799/4658/3 809/4659/3
f 826/4660/3 825/4661/3 892/4662/3
f 888/4663/985 895/4664/985 883/4665/985
f 863/4666/986 897/4667/986 866/4668/986
f 899/4669/3 846/4670/3 845/4671/3
f 841/4672/3 898/4673/3 822/4674/3
f 890/4675/987 901/4676/987 900/4677/987
f 802/4678/3 900/4679/3 901/4680/3
f 876/4681/5 905/4682/5 904/4683/5
f 881/4684/5 906/4685/5 793/4686/5
f 907/4687/1 818/4688/1 833/4689/1
f 831/4690/5 830/4691/5 903/4692/5
f 855/4693/988 814/4694/988 810/4695/988
f 855/4696/989 810/4697/989 813/4698/989
f 849/4699/2 858/4700/2 912/4701/2
f 910/4702/990 849/4703/990 912/4704/990
f 916/4705/991 909/4706/991 817/4707/991
f 815/4708/2 819/4709/2 816/4710/2
f 910/4711/2 912/4712/2 855/4713/2
f 910/4714/992 855/4715/992 813/4716/992
f 817/4717/2 815/4718/2 816/4719/2
f 910/4720/993 813/4721/993 909/4722/993
f 817/4723/994 816/4724/994 916/4725/994
f 820/4726/5 817/4727/5 813/4728/5
f 853/4729/5 852/4730/5 829/4731/5
f 856/4732/5 855/4733/5 912/4734/5
f 816/4735/5 907/4736/5 915/4737/5
f 902/4738/995 909/4739/995 916/4740/995
f 918/4741/3 919/4742/3 873/4743/3
f 935/4744/996 918/4745/996 917/4746/996
f 879/4747/997 878/4748/997 934/4749/997
f 878/4750/998 943/4751/998 934/4752/998
f 935/4753/999 917/4754/999 871/4755/999
f 879/4756/6 934/4757/6 935/4758/6
f 936/4759/1000 927/4760/1000 851/4761/1000
f 849/4762/1001 910/4763/1001 942/4764/1001
f 910/4765/1002 930/4766/1002 942/4767/1002
f 936/4768/1003 851/4769/1003 850/4770/1003
f 849/4771/4 942/4772/4 850/4773/4
f 939/4774/1004 925/4775/1004 940/4776/1004
f 788/4777/1005 787/4778/1005 938/4779/1005
f 787/4780/1006 945/4781/1006 938/4782/1006
f 939/4783/1007 940/4784/1007 785/4785/1007
f 788/4786/6 938/4787/6 785/4788/6
f 886/4789/1008 885/4790/1008 937/4791/1008
f 885/4792/1009 944/4793/1009 937/4794/1009
f 932/4795/1010 896/4796/1010 941/4797/1010
f 886/4798/4 937/4799/4 941/4800/4
f 941/4801/1011 896/4802/1011 868/4803/1011
f 920/4804/3 922/4805/3 943/4806/3
f 818/4807/6 907/4808/6 816/4809/6
f 891/4810/6 804/4811/6 803/4812/6
f 947/4813/4 923/4814/4 926/4815/4
f 921/4816/5 795/4817/5 947/4818/5
f 933/4819/6 929/4820/6 928/4821/6
f 923/4822/5 945/4823/5 787/4824/5
f 789/4825/5 940/4826/5 926/4827/5
f 940/4828/5 925/4829/5 926/4830/5
f 923/4831/5 787/4832/5 924/4833/5
f 789/4834/5 926/4835/5 923/4836/5
f 942/4837/5 935/4838/5 934/4839/5
f 937/4840/3 939/4841/3 938/4842/3
f 918/4843/2 935/4844/2 942/4845/2
f 930/4846/2 929/4847/2 933/4848/2
f 918/4849/2 942/4850/2 930/4851/2
f 947/4852/2 795/4853/2 919/4854/2
f 918/4855/1012 930/4856/1012 932/4857/1012
f 923/4858/1013 947/4859/1013 919/4860/1013
f 919/4861/1014 918/4862/1014 932/4863/1014
f 932/4864/2 941/4865/2 945/4866/2
f 930/4867/1015 933/4868/1015 932/4869/1015
f 945/4870/1016 923/4871/1016 919/4872/1016
f 941/4873/2 938/4874/2 945/4875/2
f 873/4876/4 919/4877/4 795/4878/4
f 921/4879/4 922/4880/4 920/4881/4
f 792/4882/1017 873/4883/1017 795/4884/1017
f 921/4885/1018 920/4886/1018 790/4887/1018
f 792/4888/1019 795/4889/1019 921/4890/1019
f 835/4891/3 840/4892/3 839/4893/3
f 844/4894/2 843/4895/2 839/4896/2
f 832/4897/5 834/4898/5 821/4899/5
f 911/4900/2 812/4901/2 821/4902/2
f 834/4903/1 832/4904/1 831/4905/1
f 857/4906/5 859/4907/5 854/4908/5
f 847/4909/1 854/4910/1 853/4911/1
f 914/4912/2 859/4913/2 857/4914/2
f 867/4915/366 862/4916/366 861/4917/366
f 897/4918/2 863/4919/2 862/4920/2
f 808/4921/2 807/4922/2 800/4923/2
f 824/4924/3 800/4925/3 807/4926/3
f 825/4927/1 824/4928/1 806/4929/1
f 876/4930/2 875/4931/2 872/4932/2
f 872/4933/5 875/4934/5 874/4935/5
f 906/4936/1 881/4937/1 880/4938/1
f 950/4939/1020 957/4940/1020 949/4941/1020
f 959/4942/1021 964/4943/1021 962/4944/1021
f 962/4945/1022 948/4946/1022 954/4947/1022
f 969/4948/2 954/4949/2 948/4950/2
f 957/4951/2 966/4952/2 949/4953/2
f 950/4954/2 960/4955/2 957/4956/2
f 959/4957/2 962/4958/2 954/4959/2
f 954/4960/1023 957/4961/1023 960/4962/1023
f 952/4963/297 950/4964/1024 949/4965/369
f 957/4966/1025 954/4967/1025 955/4968/1025
f 961/4969/1026 958/4970/1026 959/4971/1026
f 976/4972/2 991/4973/2 970/4974/2
f 970/4975/1027 984/4976/1027 981/4977/1027
f 986/4978/2 981/4979/2 984/4980/2
f 982/4981/2 972/4982/2 979/4983/2
f 971/4984/2 988/4985/2 979/4986/2
f 979/4987/1028 976/4988/1028 982/4989/1028
f 970/4990/1029 981/4991/1029 976/4992/1029
f 972/4993/1030 971/4994/1030 979/4995/1030
f 965/4996/300 963/4997/14 962/4998/16
f 960/4999/1031 950/5000/1031 952/5001/1031
f 958/5002/1032 965/5003/1032 964/5004/1032
f 951/5005/298 949/5006/369 966/5007/376
f 969/5008/377 948/5009/15 953/5010/306
f 967/5011/378 966/5012/378 957/5013/378
f 954/5014/379 969/5015/377 968/5016/308
f 973/5017/281 971/5018/1033 972/5019/380
f 977/5020/1034 976/5021/1034 979/5022/1034
f 981/5023/1035 980/5024/1035 983/5025/1035
f 984/5026/80 985/5027/19 987/5028/284
f 974/5029/1036 972/5030/1036 982/5031/1036
f 986/5032/1037 987/5033/1037 980/5034/1037
f 988/5035/386 971/5036/1033 973/5037/281
f 975/5038/81 970/5039/532 991/5040/387
f 979/5041/388 988/5042/388 989/5043/388
f 990/5044/292 991/5045/387 976/5046/389
f 994/5047/1038 995/5048/1038 996/5049/1038
f 999/5050/392 997/5051/1039 996/5052/393
f 1001/5053/395 999/5054/392 998/5055/394
f 992/5056/397 1001/5057/395 1000/5058/396
f 1009/5059/399 1007/5060/409 1004/5061/400
f 1011/5062/402 1009/5063/399 1008/5064/401
f 1013/5065/404 1011/5066/402 1010/5067/403
f 1014/5068/1040 1015/5069/1040 1013/5070/1040
f 1023/5071/407 1021/5072/424 1020/5073/408
f 1016/5074/1041 1005/5075/411 1002/5076/410
f 1003/5077/1042 1004/5078/400 1007/5079/409
f 1007/5080/409 1005/5081/411 1003/5082/1042
f 1017/5083/1041 1016/5084/1041 1002/5085/410
f 1002/5086/410 1038/5087/423 1017/5088/1041
f 1025/5089/412 1023/5090/407 1022/5091/7
f 1027/5092/414 1025/5093/412 1024/5094/413
f 1029/5095/1043 1027/5096/1043 1026/5097/1043
f 1030/5098/1044 1031/5099/1044 1032/5100/1044
f 1035/5101/418 1033/5102/1045 1032/5103/419
f 1037/5104/421 1035/5105/418 1034/5106/420
f 1002/5107/410 1037/5108/421 1036/5109/422
f 993/5110/398 1020/5111/408 1021/5112/424
f 1035/5113/2 1037/5114/2 1002/5115/2
f 1002/5116/1046 1007/5117/1046 1011/5118/1046
f 1009/5119/2 1011/5120/2 1007/5121/2
f 1013/5122/1047 1015/5123/1047 1033/5124/1047
f 997/5125/2 999/5126/2 1027/5127/2
f 1015/5128/2 994/5129/2 997/5130/2
f 1002/5131/2 1011/5132/2 1035/5133/2
f 1033/5134/2 1035/5135/2 1011/5136/2
f 1029/5137/2 1030/5138/2 1033/5139/2
f 1023/5140/1048 1025/5141/1048 1021/5142/1048
f 1027/5143/1049 1029/5144/1049 1033/5145/1049
f 1033/5146/1050 1011/5147/1050 1013/5148/1050
f 1015/5149/1051 997/5150/1051 1033/5151/1051
f 1001/5152/2 992/5153/2 999/5154/2
f 1021/5155/1052 999/5156/1052 992/5157/1052
f 1027/5158/1053 1033/5159/1053 997/5160/1053
f 999/5161/1054 1025/5162/1054 1027/5163/1054
f 994/5164/425 1015/5165/1055 1014/5166/405
f 1028/5167/5 1031/5168/5 1030/5169/5
f 1045/5170/1056 1043/5171/1056 1044/5172/1056
f 1041/5173/4 1042/5174/4 1048/5175/4
f 1045/5176/1057 1044/5177/1057 1041/5178/1057
f 1049/5179/4 1047/5180/4 1046/5181/4
f 1050/5182/1058 1051/5183/1058 1046/5184/1058
f 1046/5185/4 1047/5186/4 1045/5187/4
f 1045/5188/1059 1041/5189/1059 1048/5190/1059
f 1048/5191/1060 1050/5192/1060 1046/5193/1060
f 1042/5194/4 1040/5195/4 1048/5196/4
