v -2.85149334 -1.35997343 2.90026456
v -2.85149334 -1.38068736 2.92097837
v -2.85147236 -1.31059152 2.94964659
v -2.85147331 -1.30417156 2.94080758
v -2.85147426 -1.30079424 2.93041795
v -2.85147617 -1.30079591 2.91949344
v -2.85147951 -1.30417043 2.90910298
v -2.85148952 -1.32981998 2.89046901
v -2.85149238 -1.35113424 2.8938446
v -2.85147236 -1.33130538 2.97036064
v -2.38696239 -1.31068766 2.94955063
v -2.38696525 -1.30088997 2.93032229
v -2.38696716 -1.3008917 2.91939729
v -2.38697002 -1.3042658 2.90900713
v -2.38697336 -1.31068861 2.90016967
v -2.38698147 -1.34084088 2.89037132
v -2.38698242 -1.35122961 2.8937487
v -2.38696239 -1.33140165 2.9702636
v -2.38698337 -1.36006927 2.90016854
v -2.38698337 -1.38078332 2.9208824
v -1.87046144 -1.35997343 2.90026438
v -1.87046144 -1.38068736 2.92097825
v -1.87044046 -1.31059134 2.94964659
v -1.87044094 -1.30417156 2.94080663
v -1.87044332 -1.30079424 2.93041778
v -1.87044523 -1.30079567 2.91949314
v -1.87044714 -1.30417001 2.90910274
v -1.87045143 -1.31059283 2.90026593
v -1.87045429 -1.31942952 2.89384317
v -1.87045715 -1.32981998 2.89046884
v -1.87045906 -1.34074473 2.89046729
v -1.87046001 -1.35113412 2.89384431
v -1.87044046 -1.33130533 2.97036064
v -1.40593241 -1.30426729 2.94071162
v -1.40593288 -1.30088979 2.93032211
v -1.40593527 -1.30089128 2.91939729
v -1.4059386 -1.30426562 2.90900689
v -1.40594099 -1.31068861 2.90016967
v -1.40594528 -1.31952536 2.89374679
v -1.40594719 -1.32991594 2.89037269
v -1.4059491 -1.34084088 2.89037114
v -1.4059305 -1.33140147 2.9702636
v -1.40595148 -1.36006832 2.9001683
v -1.40595148 -1.38078237 2.92088223
v -0.883869151 -1.35997236 2.90026438
v -0.883869151 -1.38068628 2.92097825
v -0.88384817 -1.31059092 2.94964659
v -0.8838496 -1.30417138 2.94080663
v -0.883851508 -1.30079383 2.9304176
v -0.883853415 -1.3007952 2.91949314
v -0.883856276 -1.30416948 2.90910256
v -0.883859137 -1.31059206 2.90026563
v -0.883862475 -1.31942916 2.89384317
v -0.883865336 -1.32981962 2.89046884
v -0.883867243 -1.34074455 2.89046729
v -0.883869151 -1.35113406 2.89384431
v -0.88384817 -1.33130515 2.97035956
v -0.419340113 -1.30426711 2.94071054
v -0.419347266 -1.30426538 2.90900689
v -0.419349173 -1.31068838 2.90016949
v -0.419352511 -1.3195253 2.89374667
v -0.419354895 -1.32991582 2.89037269
v -0.419358233 -1.34084028 2.89037085
v -0.41933916 -1.33140087 2.9702636
v -0.419360617 -1.36006832 2.90016812
v -0.419360617 -1.38078237 2.92088223
v 0.100183031 -1.35997236 2.90026438
v 0.100183031 -1.38068628 2.92097813
v 0.100204011 -1.31059039 2.94964552
v 0.100203058 -1.30417097 2.94080663
v 0.100202104 -1.30079347 2.93041742
v 0.100200197 -1.30079478 2.91949284
v 0.100197097 -1.3041693 2.90910256
v 0.100187084 -1.32981944 2.8904686
v 0.100185176 -1.35113364 2.89384413
v 0.100204011 -1.33130491 2.97035956
v 0.564713975 -1.31068689 2.94954967
v 0.564713022 -1.30426675 2.94071054
v 0.564711114 -1.30088919 2.93032163
v 0.564708969 -1.3008911 2.919397
v 0.564707061 -1.30426532 2.90900666
v 0.564703962 -1.3106882 2.90016949
v 0.564700147 -1.31952471 2.89374667
v 0.564692995 -1.35122925 2.8937481
v 0.564713975 -1.33140051 2.9702636
v 0.564692995 -1.36006832 2.90016812
v 0.564692995 -1.38078237 2.92088193
v 1.08418896 -1.35997236 2.90026414
v 1.08418896 -1.38068628 2.92097795
v 1.08421089 -1.31059015 2.94964552
v 1.08420899 -1.30417079 2.94080663
v 1.08420899 -1.30079329 2.93041718
v 1.08420612 -1.3007946 2.91949266
v 1.08420303 -1.30416888 2.90910238
v 1.08419397 -1.32981902 2.89046824
v 1.08419206 -1.34074414 2.89046687
v 1.08418991 -1.35113341 2.89384395
v 1.08421089 -1.33130437 2.97035956
v 1.5487199 -1.31068647 2.94954967
v 1.54871704 -1.30088919 2.93032134
v 1.54871514 -1.30089092 2.91939664
v 1.54871204 -1.30426502 2.90900642
v 1.54870917 -1.31068802 2.90016913
v 1.54870608 -1.31952435 2.89374661
v 1.54870298 -1.32991534 2.89037228
v 1.54869988 -1.35122901 2.89374775
v 1.5487199 -1.33140028 2.9702636
v 1.54869892 -1.36006832 2.90016794
v 1.54869892 -1.38078237 2.92088175
v 2.06592908 -1.3599714 2.90026397
v 2.06592908 -1.38068533 2.92097777
v 2.06595006 -1.31058979 2.94964552
v 2.0659491 -1.30417061 2.94080663
v 2.06594815 -1.30079287 2.93041712
v 2.065946 -1.30079442 2.91949248
v 2.0659441 -1.3041687 2.9091022
v 2.06593408 -1.32981884 2.89046806
v 2.06593003 -1.35113293 2.89384377
v 2.06595006 -1.33130395 2.97035956
v 2.53046002 -1.31068629 2.94954967
v 2.53045704 -1.30088884 2.93032116
v 2.53045501 -1.30089045 2.91939652
v 2.53045215 -1.30426466 2.90900618
v 2.53045013 -1.31068766 2.90016913
v 2.53044607 -1.31952411 2.89374661
v 2.53044309 -1.32991517 2.8903721
v 2.53044011 -1.35122883 2.89374751
v 2.53046002 -1.3314001 2.9702636
v 2.53043809 -1.36006832 2.90016776
v 2.53043809 -1.38078129 2.92088157
v -1.98684452 0.646059752 2.90026569
v -1.98684452 0.666773677 2.92097956
v -1.9868655 0.596678376 2.9496479
v -1.98686407 0.590258598 2.94080782
v -1.98686216 0.586881399 2.93041903
v -1.98686025 0.58688271 2.91949469
v -1.98685739 0.590256929 2.90910399
v -1.98685406 0.596679688 2.90026718
v -1.98685119 0.60551697 2.89384449
v -1.98684929 0.615907013 2.89047009
v -1.98684643 0.626831889 2.89046854
v -1.986845 0.637221336 2.89384592
v -1.9868655 0.617392182 2.97036183
v -2.45137356 0.596774399 2.94955182
v -2.45137356 0.590355039 2.94071281
v -2.45137117 0.586977243 2.93032354
v -2.45136927 0.586978912 2.91939861
v -2.45136593 0.590353012 2.90900832
v -2.45136307 0.596775949 2.90017092
v -2.45135925 0.605612814 2.89374822
v -2.45135734 0.616003692 2.89037412
v -2.45135496 0.626927674 2.89037263
v -2.45135448 0.637317181 2.89374995
v -2.45137356 0.617488146 2.97026587
v -2.45135305 0.646156669 2.90016985
v -2.45135305 0.66686976 2.92088372
v -1.00204752 0.646060705 2.90026569
v -1.00204752 0.666774631 2.92097956
v -1.0020685 0.596678972 2.9496479
v -1.00206707 0.590259016 2.94080782
v -1.00206611 0.586881936 2.93041879
v -1.00206325 0.586882889 2.91949439
v -1.00206135 0.590257287 2.90910399
v -1.00205753 0.596680105 2.90026689
v -1.00205562 0.605517268 2.89384449
v -1.00205229 0.615907192 2.89047009
v -1.00204943 0.626832306 2.89046854
v -1.002048 0.637221634 2.89384562
v -1.0020685 0.617392361 2.97036076
v -1.46657703 0.596774578 2.94955182
v -1.46657608 0.590355039 2.94071281
v -1.46657513 0.586977422 2.93032336
v -1.46657322 0.586978912 2.91939855
v -1.46657036 0.59035331 2.90900815
v -1.4665675 0.596775949 2.90017092
v -1.46656416 0.605612814 2.89374804
v -1.4665613 0.616003871 2.89037395
v -1.46655939 0.626928031 2.89037246
v -1.46655748 0.637317181 2.89374977
v -1.46657846 0.617488325 2.97026491
v -1.46655605 0.646156669 2.90016985
v -1.46655605 0.66686976 2.92088372
v -0.0205819402 0.646060705 2.90026569
v -0.0205819402 0.666774631 2.9209795
v -0.0206029211 0.596678972 2.94964683
v -0.0206029211 0.590259016 2.94080782
v -0.0206010137 0.586881936 2.93041861
v -0.0205979143 0.586882889 2.91949409
v -0.0205950533 0.590257883 2.90910381
v -0.0205919538 0.596680105 2.90026659
v -0.0205888544 0.605517268 2.89384425
v -0.0205857549 0.615907371 2.89046991
v -0.0205838476 0.626832485 2.89046836
v -0.0205831323 0.637221634 2.89384544
v -0.0206029211 0.617392957 2.97036076
v -0.48511217 0.596774995 2.94955087
v -0.485111216 0.590355396 2.94071186
v -0.485110262 0.586977422 2.93032318
v -0.485108355 0.58697921 2.91939843
v -0.485106448 0.59035331 2.90900815
v -0.485102156 0.596776247 2.90017074
v -0.485098342 0.60561341 2.89374793
v -0.485096434 0.61600405 2.89037395
v -0.485093573 0.626928627 2.89037216
v -0.485092143 0.637317538 2.89374959
v -0.48511217 0.617488682 2.97026491
v -0.485091189 0.646156669 2.90016943
v -0.485091189 0.66686976 2.92088354
v 0.964060089 0.646060705 2.90026569
v 0.964060089 0.666774631 2.92097932
v 0.964039108 0.59667933 2.94964683
v 0.964039108 0.590259373 2.94080782
v 0.964042207 0.586882114 2.93041843
v 0.964044115 0.586883307 2.91949391
v 0.964046022 0.590257883 2.90910363
v 0.964050075 0.596680641 2.90026641
v 0.964052936 0.605517566 2.89384407
v 0.964056035 0.615907729 2.89046949
v 0.964058181 0.626832843 2.89046836
v 0.964059135 0.637221992 2.89384526
v 0.964039108 0.617393315 2.97036076
v 0.499529859 0.596775532 2.94955087
v 0.499529859 0.590355396 2.94071186
v 0.499531051 0.58697778 2.93032289
v 0.499534151 0.586979508 2.91939825
v 0.499537012 0.590353608 2.90900785
v 0.499540111 0.596776485 2.90017074
v 0.499543926 0.605613768 2.89374793
v 0.499545833 0.61600405 2.89037377
v 0.499548932 0.626928985 2.89037198
v 0.499550125 0.637317955 2.89374942
v 0.499529859 0.6174891 2.97026491
v 0.499551317 0.646156669 2.90016943
v 0.499551317 0.666870713 2.92088324
v 1.94678404 0.646061659 2.90026546
v 1.94678404 0.666775703 2.92097908
v 1.94676401 0.596679688 2.94964683
v 1.94676497 0.590260327 2.94080782
v 1.94676616 0.58688271 2.93041843
v 1.94676902 0.58688426 2.91949373
v 1.94677105 0.590258598 2.90910345
v 1.9467751 0.596681356 2.90026623
v 1.94677701 0.605518162 2.89384371
v 1.94678011 0.615908146 2.89046931
v 1.94678213 0.62683326 2.89046818
v 1.94678404 0.637222588 2.89384526
v 1.94676401 0.617393494 2.97036076
v 1.482255 0.596775949 2.94955087
v 1.48225596 0.590355814 2.94071186
v 1.48225715 0.586978197 2.93032259
v 1.48225906 0.586979866 2.91939789
v 1.48226215 0.590354085 2.90900767
v 1.48226502 0.596776903 2.90017056
v 1.48226788 0.605614007 2.89374793
v 1.48227098 0.616004467 2.89037359
v 1.48227312 0.626928985 2.89037198
v 1.48227503 0.637318492 2.893749
v 1.482255 0.6174891 2.97026491
v 1.48227598 0.646156669 2.90016925
v 1.48227598 0.666870713 2.92088306
v 2.93467661 0.646061659 2.90026528
v 2.93467661 0.666775703 2.9209789
v 2.93465545 0.596680105 2.94964683
v 2.9346564 0.590260744 2.94080782
v 2.93465736 0.586882889 2.93041825
v 2.9346598 0.586884499 2.9194935
v 2.9346629 0.590258598 2.90910345
v 2.9346663 0.596681535 2.90026623
v 2.93466916 0.605518699 2.89384353
v 2.93467118 0.615908682 2.89046913
v 2.93467339 0.626833737 2.89046788
v 2.93467565 0.637222946 2.89384502
v 2.93465545 0.617393911 2.9703598
v 2.47014703 0.596775949 2.94955087
v 2.47014799 0.590355992 2.94071186
v 2.47014906 0.586978555 2.93032259
v 2.47015109 0.586980104 2.91939777
v 2.47015407 0.590354681 2.90900737
v 2.47015705 0.59677726 2.90017039
v 2.47016003 0.605614364 2.89374787
v 2.47016313 0.616004825 2.89037335
v 2.47016515 0.626929164 2.89037186
v 2.47016706 0.637318671 2.893749
v 2.47014703 0.617489636 2.97026491
v 2.47016706 0.646157622 2.90016925
v 2.47016706 0.666871667 2.92088288
v -2.35614202 -1.30427361 2.94070458
v -2.86468122 -1.31058884 2.94964957
v -2.35614202 -1.3106941 2.9495436
v -2.35614441 -1.30089605 2.93031585
v -2.86468122 -1.30416888 2.94080961
v -2.35614727 -1.30089778 2.91939098
v -2.86468361 -1.30079174 2.93042082
v -2.35614918 -1.30427206 2.90900064
v -2.86468456 -1.30079287 2.91949612
v -2.35615251 -1.31069487 2.90016347
v -2.86468742 -1.30416739 2.9091059
v -2.3561549 -1.31953216 2.89374065
v -2.86469219 -1.31058979 2.90026861
v -2.35615919 -1.32992262 2.89036649
v -2.86469505 -1.31942725 2.89384586
v -2.3561611 -1.34084713 2.89036477
v -2.86469744 -1.32981753 2.89047176
v -2.35616253 -1.35123628 2.89374238
v -2.8647003 -1.34074217 2.89047021
v -2.356163 -1.36007535 2.90016234
v -2.86470125 -1.35113174 2.89384741
v -2.86470363 -1.35997033 2.90026724
v -2.86470363 -1.38068438 2.92098129
v -2.356163 -1.38078928 2.92087603
v -2.35614202 -1.33140743 2.97025764
v -2.86468122 -1.33130282 2.97036254
v -2.85148237 -1.31059283 2.90026611
v -2.85148619 -1.3194297 2.89384341
v -2.85149143 -1.34074491 2.89046729
v -2.38696335 -1.30426729 2.94071162
v -2.38697622 -1.31952584 2.89374697
v -2.38697956 -1.32991594 2.89037269
v -1.37511204 -1.30427361 2.94070458
v -1.88364933 -1.31058854 2.94964862
v -1.37511013 -1.31069374 2.9495436
v -1.37511347 -1.30089605 2.93031561
v -1.88365028 -1.3041687 2.94080961
v -1.37511394 -1.30089778 2.91939098
v -1.88365124 -1.30079138 2.93042064
v -1.37511824 -1.30427206 2.90900052
v -1.88365314 -1.30079269 2.919496
v -1.37512157 -1.31069469 2.90016329
v -1.88365648 -1.30416739 2.9091056
v -1.37512443 -1.31953204 2.89374059
v -1.88365887 -1.31058961 2.9002685
v -1.3751273 -1.32992226 2.89036649
v -1.88366316 -1.31942707 2.89384568
v -1.3751292 -1.34084713 2.89036477
v -1.88366649 -1.32981735 2.89047158
v -1.37513111 -1.35123593 2.8937422
v -1.8836684 -1.34074205 2.89046973
v -1.37513206 -1.36007535 2.9001621
v -1.88366936 -1.35113156 2.89384717
v -1.88366936 -1.35997033 2.90026724
v -1.88366936 -1.38068438 2.92098099
v -1.37513206 -1.38078928 2.92087585
v -1.37511013 -1.33140743 2.97025764
v -1.88364933 -1.33130264 2.97036254
v -1.40593098 -1.31068766 2.94955063
v -1.40595148 -1.35122961 2.89374846
v -0.38852022 -1.30427325 2.94070458
v -0.897057513 -1.31058824 2.94964862
v -0.388518313 -1.31069338 2.9495436
v -0.388521174 -1.30089587 2.93031538
v -0.89705799 -1.30416858 2.94080961
v -0.388523081 -1.3008976 2.9193908
v -0.89705942 -1.30079097 2.93042034
v -0.388524989 -1.3042717 2.90900052
v -0.897062281 -1.30079252 2.91949564
v -0.38852928 -1.3106944 2.90016311
v -0.897065619 -1.30416715 2.90910554
v -0.388532141 -1.31953198 2.89374059
v -0.897068003 -1.31058943 2.90026838
v -0.388535479 -1.32992202 2.89036632
v -0.897071341 -1.31942707 2.89384568
v -0.38853834 -1.34084678 2.89036459
v -0.897073248 -1.32981712 2.89047146
v -0.38853834 -1.35123569 2.89374202
v -0.897076109 -1.34074169 2.89046973
v -0.388540248 -1.36007535 2.90016192
v -0.897078494 -1.35113138 2.89384717
v -0.897078494 -1.35996938 2.900267
v -0.897078494 -1.38068342 2.92098081
v -0.388540248 -1.38078833 2.92087561
v -0.388518313 -1.33140719 2.97025764
v -0.897057513 -1.33130205 2.97036254
v -0.41933916 -1.31068707 2.94954967
v -0.419341544 -1.30088937 2.93032193
v -0.419344405 -1.30089122 2.91939718
v -0.419360617 -1.35122943 2.89374828
v 0.595533153 -1.30427301 2.94070458
v 0.0869958605 -1.31058788 2.94964862
v 0.595533868 -1.31069297 2.9495436
v 0.595531961 -1.30089551 2.93031508
v 0.0869939532 -1.30416834 2.94080961
v 0.5955291 -1.30089742 2.91939062
v 0.0869927611 -1.30079061 2.93042004
v 0.595527908 -1.30427152 2.90900016
v 0.0869908537 -1.30079234 2.91949564
v 0.595524093 -1.31069434 2.90016311
v 0.0869879927 -1.30416679 2.90910512
v 0.595520278 -1.31953156 2.89374048
v 0.0869851317 -1.31058919 2.9002682
v 0.595517894 -1.32992184 2.89036608
v 0.0869822706 -1.31942666 2.89384556
v 0.595515987 -1.3408466 2.89036459
v 0.0869791712 -1.32981694 2.8904714
v 0.595512887 -1.35123533 2.89374202
v 0.0869760718 -1.34074169 2.89046955
v 0.595512887 -1.3600744 2.90016174
v 0.0869748797 -1.35113078 2.89384699
v 0.0869741644 -1.35996938 2.90026683
v 0.0869741644 -1.38068342 2.92098063
v 0.595512887 -1.38078833 2.92087543
v 0.595533868 -1.33140695 2.97025764
v 0.0869958605 -1.33130187 2.97036254
v 0.100192806 -1.3105917 2.90026534
v 0.100190183 -1.31942898 2.893843
v 0.100185176 -1.34074432 2.89046711
v 0.564697048 -1.32991558 2.89037251
v 0.56469514 -1.34083968 2.89037067
v 1.57954003 -1.30427283 2.94070458
v 1.07100203 -1.31058753 2.94964862
v 1.57954003 -1.31069261 2.9495436
v 1.57953789 -1.30089539 2.9303149
v 1.07100012 -1.30416811 2.94080961
v 1.57953503 -1.300897 2.91939044
v 1.07099893 -1.30079043 2.93041986
v 1.57953312 -1.30427134 2.90900016
v 1.07099702 -1.30079234 2.91949534
v 1.57953002 -1.3106941 2.90016294
v 1.07099487 -1.3041665 2.90910494
v 1.57952597 -1.31953138 2.8937403
v 1.07099011 -1.31058902 2.90026802
v 1.57952406 -1.32992166 2.8903659
v 1.07098701 -1.31942618 2.8938455
v 1.57952191 -1.340846 2.89036435
v 1.0709851 -1.32981676 2.89047122
v 1.57952001 -1.35123533 2.89374143
v 1.070982 -1.3407411 2.89046937
v 1.57951905 -1.3600744 2.90016162
v 1.07098105 -1.3511306 2.89384681
v 1.07098105 -1.35996938 2.90026665
v 1.07098105 -1.38068342 2.92098045
v 1.57951905 -1.38078833 2.92087537
v 1.57954003 -1.33140677 2.97025657
v 1.07100203 -1.33130151 2.97036254
v 1.08419897 -1.3105917 2.90026516
v 1.08419706 -1.31942874 2.89384282
v 1.548718 -1.30426633 2.94071054
v 1.54869988 -1.34083951 2.89037055
v 2.56127908 -1.30427206 2.94070363
v 2.05274202 -1.31058741 2.94964862
v 2.56128015 -1.31069243 2.9495436
v 2.56127813 -1.30089492 2.93031466
v 2.05274107 -1.30416763 2.94080865
v 2.5612761 -1.30089664 2.91939002
v 2.05274012 -1.30079043 2.93041968
v 2.561273 -1.30427092 2.90899998
v 2.05273809 -1.30079192 2.91949534
v 2.56127014 -1.31069338 2.90016264
v 2.05273404 -1.3041662 2.90910465
v 2.56126704 -1.31953079 2.8937403
v 2.05272998 -1.31058854 2.90026784
v 2.56126299 -1.32992089 2.8903656
v 2.05272808 -1.31942588 2.89384532
v 2.56126203 -1.34084564 2.89036435
v 2.0527251 -1.32981658 2.89047098
v 2.56126012 -1.35123497 2.89374143
v 2.05272295 -1.34074074 2.89046937
v 2.56126012 -1.3600744 2.90016139
v 2.05272104 -1.35113025 2.89384645
v 2.05272009 -1.35996938 2.90026647
v 2.05272009 -1.38068342 2.92098033
v 2.56126012 -1.38078737 2.92087525
v 2.56128015 -1.3314063 2.97025657
v 2.05274202 -1.33130133 2.97036254
v 2.06593897 -1.31059152 2.90026498
v 2.06593611 -1.31942838 2.89384246
v 2.06593098 -1.34074378 2.89046687
v 2.53045907 -1.30426615 2.94071054
v 2.53044011 -1.34083933 2.89037049
v -2.48219297 0.590360641 2.94070578
v -1.9736552 0.596675873 2.94965076
v -2.4821944 0.596780896 2.94954491
v -2.48219107 0.586983323 2.93031704
v -1.97365425 0.590256155 2.9408108
v -2.48219059 0.58698523 2.91939235
v -1.9736533 0.586878538 2.93042189
v -2.48218725 0.590359449 2.90900213
v -1.97365139 0.586880445 2.91949731
v -2.48218439 0.596782029 2.90016472
v -1.97364805 0.590254545 2.90910685
v -2.4821801 0.605619431 2.89374197
v -1.97364424 0.596677244 2.90026975
v -2.48217724 0.616009772 2.89036775
v -1.97364138 0.605514407 2.89384693
v -2.48217533 0.626933932 2.89036626
v -1.97363947 0.61590451 2.89047283
v -2.48217438 0.637323439 2.89374369
v -1.97363708 0.626829028 2.89047122
v -2.48217342 0.646162748 2.90016365
v -1.97363518 0.637218535 2.89384866
v -1.97363422 0.646057725 2.90026855
v -1.97363422 0.66677165 2.92098236
v -2.48217342 0.666875601 2.92087734
v -2.4821944 0.617494583 2.97025883
v -1.9736552 0.617389679 2.97036386
v -1.4973974 0.590361118 2.94070578
v -0.988859156 0.596675873 2.94964981
v -1.49739788 0.596781254 2.94954491
v -1.4973955 0.586983681 2.93031687
v -0.988858203 0.590256512 2.9408108
v -1.49739406 0.586985409 2.91939223
v -0.988857249 0.586878896 2.93042159
v -1.4973912 0.590359628 2.90900189
v -0.988854865 0.586880445 2.91949725
v -1.49738739 0.596782446 2.90016472
v -0.98885248 0.590254724 2.90910685
v -1.49738453 0.605619729 2.89374197
v -0.988849143 0.596677423 2.90026963
v -1.49738119 0.616009772 2.89036775
v -0.988846282 0.605514407 2.89384693
v -1.49737928 0.626934528 2.89036602
v -0.98884199 0.615904868 2.89047277
v -1.49737833 0.637323856 2.89374346
v -0.988841513 0.626829624 2.89047104
v -1.4973769 0.646162748 2.90016341
v -0.988839606 0.637218535 2.89384848
v -0.988839606 0.646057725 2.90026832
v -0.988839606 0.66677165 2.92098218
v -1.4973769 0.666876674 2.92087716
v -1.49739788 0.617494583 2.97025883
v -0.988859156 0.617389917 2.97036386
v -0.515932063 0.590361536 2.94070578
v -0.00739381654 0.59667629 2.94964981
v -0.515932063 0.596781671 2.94954491
v -0.515930155 0.586984098 2.93031657
v -0.00739310129 0.590256512 2.9408108
v -0.515929202 0.586985588 2.91939205
v -0.00739119394 0.586878896 2.93042129
v -0.515926341 0.590359986 2.90900177
v -0.00739000185 0.586880624 2.91949683
v -0.515922049 0.596782625 2.90016437
v -0.00738571031 0.590254724 2.90910637
v -0.515919188 0.605620205 2.89374185
v -0.00738308771 0.596677423 2.90026945
v -0.515916327 0.61601007 2.89036757
v -0.00737998827 0.605514705 2.89384687
v -0.51591442 0.626934528 2.89036584
v -0.00737712724 0.615905106 2.89047265
v -0.515912989 0.637324393 2.89374328
v -0.0073752199 0.626829684 2.89047086
v -0.515912512 0.646162748 2.90016323
v -0.0073740278 0.637218952 2.8938483
v -0.00737283571 0.646057725 2.90026814
v -0.00737283571 0.66677165 2.92098194
v -0.515912512 0.666876674 2.92087698
v -0.515932063 0.617495 2.97025883
v -0.00739381654 0.617390275 2.97036386
v 0.468710205 0.590361714 2.94070578
v 0.977247974 0.596677244 2.94964981
v 0.468709012 0.596781671 2.94954491
v 0.46871092 0.586984277 2.93031627
v 0.977247974 0.590256929 2.9408108
v 0.468713304 0.586985588 2.91939187
v 0.97725012 0.586879849 2.93042111
v 0.468715927 0.590360403 2.90900141
v 0.977252981 0.586881399 2.91949677
v 0.468719026 0.596782982 2.90016437
v 0.97725608 0.590255678 2.90910637
v 0.468723079 0.605620205 2.89374173
v 0.977258226 0.596678019 2.90026927
v 0.468726179 0.616010368 2.89036739
v 0.977262041 0.605515361 2.89384687
v 0.468728086 0.626934886 2.89036584
v 0.977263948 0.615905464 2.89047247
v 0.468729993 0.637324393 2.89374328
v 0.977267047 0.626830399 2.89047068
v 0.468729993 0.646163702 2.90016305
v 0.977268001 0.637219906 2.89384812
v 0.977268955 0.646058679 2.90026796
v 0.977268955 0.66677165 2.92098176
v 0.468729993 0.666876674 2.9208768
v 0.468709012 0.617495477 2.97025883
v 0.977247974 0.617390871 2.97036386
v 1.45143511 0.590361714 2.94070578
v 1.959973 0.596677423 2.94964981
v 1.45143392 0.596782029 2.94954491
v 1.45143702 0.586984277 2.93031609
v 1.95997419 0.590257287 2.94080985
v 1.45143916 0.586986005 2.91939187
v 1.9599761 0.586880028 2.93042094
v 1.45144202 0.590360403 2.90900141
v 1.95997705 0.586881936 2.9194966
v 1.45144417 0.596782982 2.90016419
v 1.95998003 0.590256155 2.90910619
v 1.45144798 0.605620384 2.89374173
v 1.95998313 0.596678376 2.90026927
v 1.45144989 0.616010725 2.89036739
v 1.95998611 0.605515778 2.89384675
v 1.45145204 0.626935303 2.89036566
v 1.95998993 0.615905643 2.89047229
v 1.45145394 0.637324691 2.8937431
v 1.95999112 0.626830399 2.89047068
v 1.4514549 0.646163702 2.90016294
v 1.95999303 0.637220204 2.8938477
v 1.95999303 0.646058679 2.90026796
v 1.95999303 0.666772604 2.92098171
v 1.4514549 0.666877627 2.92087668
v 1.45143392 0.617495954 2.97025776
v 1.959973 0.617391229 2.97036386
v 2.43932714 0.590361893 2.94070578
v 2.94786479 0.596677423 2.94964981
v 2.43932607 0.596782446 2.94954491
v 2.43932809 0.586984873 2.93031609
v 2.94786497 0.590257883 2.94080985
v 2.43933 0.586986542 2.91939169
v 2.9478667 0.586880445 2.9304207
v 2.4393331 0.590360641 2.90900117
v 2.94786896 0.586881936 2.91949618
v 2.43933715 0.596783161 2.90016419
v 2.94787105 0.590256512 2.9091059
v 2.43934002 0.605620563 2.89374155
v 2.94787469 0.596678972 2.90026867
v 2.43934204 0.616011202 2.89036715
v 2.94787755 0.605515778 2.89384657
v 2.43934502 0.626935482 2.89036566
v 2.94788118 0.61590606 2.89047205
v 2.4393461 0.637325168 2.89374274
v 2.94788273 0.626830578 2.89047045
v 2.43934705 0.646163702 2.90016294
v 2.94788464 0.637220204 2.89384753
v 2.94788464 0.646058679 2.90026778
v 2.94788464 0.666772604 2.92098171
v 2.43934705 0.666877627 2.92087668
v 2.43932607 0.617496312 2.97025776
v 2.94786479 0.617391407 2.97036278
v 3.13384577 0.760122657 2.90760672
v 3.13384577 0.609395564 3.05631089
v 3.13384577 0.608596981 3.05551291
v 3.13384577 0.75932467 2.90764213
v 3.13384577 0.529912651 3.05549681
v -3.06570766 0.609390438 3.05631185
v -3.06570766 0.760117769 2.90760767
v -3.06570766 0.759318709 2.90764326
v -3.06570766 0.608591974 3.05551386
v -2.88106535 0.529907286 3.05549788
v 2.97121437 0.529912651 3.05549681
v 2.97121569 0.529946566 3.0562948
v -2.88106535 0.529941142 3.05629575
v 2.97121437 0.759486675 2.82564199
v -2.88106535 0.759481668 2.82564294
v 2.97121533 0.760285616 2.82560718
v -2.88106535 0.760280728 2.82560813
v 2.97121569 -1.27576011 3.05533361
v 2.97121628 -1.27572507 3.05613267
v -2.88106392 -1.27573037 3.05613267
v -2.88106535 -1.27576566 3.05533469
v -3.06570528 -1.31954449 3.05517161
v -3.06570528 -1.31950939 3.0559696
v 3.13384732 -1.31950366 3.05596864
v 3.13384803 -1.46820831 2.90524179
v 3.13384732 -1.46740937 2.90444326
v 3.13384732 -1.31953895 3.05517054
v -3.06570528 -1.46821332 2.90524256
v -3.06570528 -1.46741438 2.90444404
v -2.88106392 -1.46739936 2.82575971
v 2.97121569 -1.46739435 2.82575858
v 2.97121759 -1.46819234 2.82579273
v -2.88106296 -1.46819735 2.8257935
v 2.97121569 -1.46723115 1.02008593
v 2.97121569 -1.46802914 1.02012044
v -2.88106392 -1.46787119 1.01979017
v -2.88106392 -1.4670732 1.01975507
v -3.06570528 -1.4670732 0.97630775
v 3.1338466 -1.46706712 0.976306081
v 3.1338466 -1.46786523 0.976341605
v -3.06570528 -1.46787119 0.976343274
v 3.13384732 -1.31713843 0.827637553
v 3.1338466 -1.31634021 0.82843554
v -3.06570528 -1.31714362 0.82763958
v -3.06570528 -1.31634575 0.828437567
v -2.88106535 -1.23766077 0.828452587
v 2.97121569 -1.2376554 0.828451633
v 2.97121628 -1.23768985 0.827653646
v -2.88106392 -1.23769492 0.8276546
v 2.97121437 0.568016589 0.828615785
v 2.97121437 0.567982256 0.827816725
v -2.8810663 0.567977369 0.827818751
v -2.88106678 0.568011642 0.828616858
v -3.06570766 0.611791074 0.828779817
v 3.13384493 0.611796618 0.828778863
v 3.13384493 0.611761153 0.827979803
v -3.06570766 0.611755431 0.82798183
v 3.13384577 0.760464907 0.978707612
v 3.13384493 0.759665966 0.979505777
v -3.06570766 0.7604599 0.978708982
v -3.06570766 0.75966084 0.979507267
v -2.8810663 0.759645939 1.01997101
v 2.97121437 0.759650826 1.0199694
v 2.97121533 0.760448933 1.01993573
v -2.88106535 0.760443926 1.01993668
v 1.00256016 0.529518485 0.911620736
v 1.04942896 0.529518485 0.911620736
v 1.04943206 -1.2922442 0.911619544
v 1.00256207 -1.29224372 0.911619544
v 1.00256016 0.529518485 0.920623779
v 1.00256207 -1.29224372 0.920622587
v 1.04943206 -1.2922442 0.920622587
v 1.04942896 0.529518306 0.920623779
v 0.0178899969 0.529518008 0.91162169
v 0.0647599901 0.529518008 0.911620736
v 0.0647611822 -1.29224533 0.911620498
v 0.017891189 -1.29224455 0.911620498
v 0.0178899969 0.529518008 0.920623779
v 0.017891189 -1.29224455 0.92062366
v 0.0647611822 -1.29224533 0.92062366
v 0.0647599901 0.529517531 0.920623779
v 1.95458307 -1.41058421 2.47079951
v 1.95458307 -1.49281323 2.65361559
v 1.95458307 -1.38243306 2.27232844
v 1.08163001 -1.41058517 2.47079974
v 1.08163001 -1.49281323 2.65361565
v 1.08163001 -1.38243401 2.27232864
v 1.910643 -1.44963634 2.77805579
v 1.12557103 -1.44963741 2.77805591
v 1.95458307 -1.3824333 2.65361565
v 1.07718303 -1.38243413 2.47079974
v 1.07718303 -1.38243425 2.65361577
v 1.95458307 -1.44963634 2.80162776
v 1.08163001 -1.44963741 2.80162805
v 1.910643 -1.55657125 2.65361565
v 1.95458307 -1.55657125 2.65361565
v 1.08163001 -1.55657232 2.65361571
v 1.12557103 -1.55657232 2.65361571
v 1.910643 -1.55657125 2.67119211
v 1.12557103 -1.55657232 2.67119235
v 1.12557103 -1.51339531 2.77805597
v 1.910643 -1.51339436 2.77805579
v 1.95458307 -1.51339436 2.80162781
v 1.95458307 -1.51339436 2.77805579
v 1.95458307 -1.55657125 2.67119211
v 1.08163001 -1.51339531 2.77805597
v 1.08163001 -1.51339531 2.80162799
v 1.08163001 -1.55657232 2.67119235
vt 0.933157623 0.00573390722
vt 0.933095396 0.00525748683
vt 0.933814704 0.00530636311
vt 1.36164796 0.282777309
vt 1.37126696 0.256777793
vt 1.37126696 0.290090799
vt 1.36425197 0.0179750305
vt 1.35836697 0.00267618801
vt 1.36425197 0.00267618801
vt 1.42910004 0.248549506
vt 1.42321599 0.255106211
vt 1.42321599 0.248549506
vt 1.42321599 0.248549506
vt 1.41732001 0.255106211
vt 1.41732001 0.248549506
vt 1.41732001 0.255106211
vt 1.41142404 0.248549506
vt 1.41732001 0.248549506
vt 1.41142404 0.248549506
vt 1.40552902 0.255106211
vt 1.40552795 0.248549506
vt 1.40552795 0.248549506
vt 1.39963198 0.255106211
vt 1.39963198 0.248549506
vt 1.39963198 0.255106211
vt 1.393736 0.248549506
vt 1.39963198 0.248549506
vt 1.393736 0.248549506
vt 1.38784003 0.255106211
vt 1.38783896 0.248549506
vt 1.38783896 0.248549506
vt 1.38194299 0.255106211
vt 1.38194299 0.248549506
vt 1.38194299 0.255106211
vt 1.37604594 0.248549506
vt 1.38194299 0.248549506
vt 1.37604594 0.255106211
vt 1.37014902 0.248549506
vt 1.37604594 0.248549506
vt 1.35836697 0.255106211
vt 1.36425197 0.248549506
vt 1.36425197 0.255106211
vt 1.37014902 0.248549506
vt 1.36425197 0.255106211
vt 1.36425197 0.248549506
vt 1.37014902 0.00267618801
vt 1.36425197 0.0179750305
vt 1.36425197 0.00267618801
vt 1.37604594 0.00267618801
vt 1.37014902 0.0179750305
vt 1.37014902 0.00267618801
vt 1.38194299 0.00267618801
vt 1.37604594 0.0179750305
vt 1.37604594 0.00267618801
vt 1.38784003 0.0179750305
vt 1.38194299 0.00267618801
vt 1.38784003 0.00267618801
vt 1.393736 0.0179750305
vt 1.38784003 0.00267618801
vt 1.393736 0.00267618801
vt 1.39963198 0.0179750305
vt 1.393736 0.00267618801
vt 1.39963198 0.00267618801
vt 1.40552902 0.00267618801
vt 1.39963198 0.0179750305
vt 1.39963198 0.00267618801
vt 1.41142404 0.0179750305
vt 1.40552902 0.00267618801
vt 1.41142404 0.00267618801
vt 1.41732001 0.0179750305
vt 1.41142404 0.00267618801
vt 1.41732001 0.00267618801
vt 1.42321599 0.00267618801
vt 1.41732001 0.0179750305
vt 1.41732001 0.00267618801
vt 1.42910004 0.00267618801
vt 1.42321599 0.0179750305
vt 1.42321599 0.00267618801
vt 1.37739694 0.255959511
vt 1.37126696 0.290090799
vt 1.37126696 0.256777793
vt 1.37126696 0.256777793
vt 1.37126696 0.290090799
vt 1.36164796 0.262839794
vt 1.36425197 0.0179750305
vt 1.35836697 0.00267618801
vt 1.36425197 0.00267618801
vt 1.42321599 0.248549506
vt 1.42910004 0.255106211
vt 1.42321599 0.255106211
vt 1.42321599 0.248549506
vt 1.41732001 0.255106211
vt 1.41732001 0.248549506
vt 1.41732001 0.255106211
vt 1.41142404 0.248549506
vt 1.41732001 0.248549506
vt 1.41142404 0.255106211
vt 1.40552795 0.248549506
vt 1.41142404 0.248549506
vt 1.40552795 0.248549506
vt 1.39963198 0.255106211
vt 1.39963198 0.248549506
vt 1.39963198 0.248549506
vt 1.393736 0.255106211
vt 1.393736 0.248549506
vt 1.393736 0.248549506
vt 1.38784003 0.255106211
vt 1.38783896 0.248549506
vt 1.38783896 0.248549506
vt 1.38194299 0.255106211
vt 1.38194299 0.248549506
vt 1.38194299 0.255106211
vt 1.37604594 0.248549506
vt 1.38194299 0.248549506
vt 1.37604594 0.248549506
vt 1.37014902 0.255106211
vt 1.37014902 0.248549506
vt 1.36425197 0.255106211
vt 1.35836697 0.248549506
vt 1.36425197 0.248549506
vt 1.37014902 0.248549506
vt 1.36425197 0.255106211
vt 1.36425197 0.248549506
vt 1.37014902 0.00267618801
vt 1.36425197 0.0179750305
vt 1.36425197 0.00267618801
vt 1.37604594 0.0179750305
vt 1.37014902 0.00267618801
vt 1.37604594 0.00267618801
vt 1.38194299 0.0179750305
vt 1.37604594 0.00267618801
vt 1.38194299 0.00267618801
vt 1.38784003 0.00267618801
vt 1.38194299 0.0179750305
vt 1.38194299 0.00267618801
vt 1.393736 0.0179750305
vt 1.38784003 0.00267618801
vt 1.393736 0.00267618801
vt 1.39963198 0.00267618801
vt 1.393736 0.0179750305
vt 1.393736 0.00267618801
vt 1.40552902 0.0179750305
vt 1.39963198 0.00267618801
vt 1.40552902 0.00267618801
vt 1.41142404 0.00267618801
vt 1.40552902 0.0179750305
vt 1.40552902 0.00267618801
vt 1.41732001 0.00267618801
vt 1.41142404 0.0179750305
vt 1.41142404 0.00267618801
vt 1.42321599 0.0179750305
vt 1.41732001 0.00267618801
vt 1.42321599 0.00267618801
vt 1.42910004 0.00267618801
vt 1.42321599 0.0179750305
vt 1.42321599 0.00267618801
vt 1.37126696 0.256777793
vt 1.37739694 0.255959511
vt 1.37126696 0.290090799
vt 1.35836697 0.0179750305
vt 1.36425197 0.00267618801
vt 1.36425197 0.0179750305
vt 1.42910004 0.248549506
vt 1.42321599 0.255106211
vt 1.42321599 0.248549506
vt 1.42321599 0.255106211
vt 1.41732001 0.248549506
vt 1.42321599 0.248549506
vt 1.41732001 0.248549506
vt 1.41142404 0.255106211
vt 1.41142404 0.248549506
vt 1.41142404 0.248549506
vt 1.40552902 0.255106211
vt 1.40552795 0.248549506
vt 1.40552902 0.255106211
vt 1.39963198 0.248549506
vt 1.40552795 0.248549506
vt 1.39963198 0.248549506
vt 1.393736 0.255106211
vt 1.393736 0.248549506
vt 1.393736 0.248549506
vt 1.38784003 0.255106211
vt 1.38783896 0.248549506
vt 1.38784003 0.255106211
vt 1.38194299 0.248549506
vt 1.38783896 0.248549506
vt 1.38194299 0.248549506
vt 1.37604594 0.255106211
vt 1.37604594 0.248549506
vt 1.37604594 0.248549506
vt 1.37014902 0.255106211
vt 1.37014902 0.248549506
vt 1.35836697 0.255106211
vt 1.36425197 0.248549506
vt 1.36425197 0.255106211
vt 1.37014902 0.248549506
vt 1.36425197 0.255106211
vt 1.36425197 0.248549506
vt 1.37014902 0.00267618801
vt 1.36425197 0.0179750305
vt 1.36425197 0.00267618801
vt 1.37604594 0.0179750305
vt 1.37014902 0.00267618801
vt 1.37604594 0.00267618801
vt 1.38194299 0.00267618801
vt 1.37604594 0.0179750305
vt 1.37604594 0.00267618801
vt 1.38784003 0.00267618801
vt 1.38194299 0.0179750305
vt 1.38194299 0.00267618801
vt 1.393736 0.0179750305
vt 1.38784003 0.00267618801
vt 1.393736 0.00267618801
vt 1.39963198 0.00267618801
vt 1.393736 0.0179750305
vt 1.393736 0.00267618801
vt 1.40552902 0.0179750305
vt 1.39963198 0.00267618801
vt 1.40552902 0.00267618801
vt 1.41142404 0.00267618801
vt 1.40552902 0.0179750305
vt 1.40552902 0.00267618801
vt 1.41732001 0.0179750305
vt 1.41142404 0.00267618801
vt 1.41732001 0.00267618801
vt 1.42321599 0.00267618801
vt 1.41732001 0.0179750305
vt 1.41732001 0.00267618801
vt 1.42910004 0.00267618801
vt 1.42321599 0.0179750305
vt 1.42321599 0.00267618801
vt 1.36425197 0.0179750305
vt 1.35836697 0.00267618801
vt 1.36425197 0.00267618801
vt 1.42321599 0.248549506
vt 1.42910004 0.255106211
vt 1.42321599 0.255106211
vt 1.42321599 0.248549506
vt 1.41732001 0.255106211
vt 1.41732001 0.248549506
vt 1.41732001 0.255106211
vt 1.41142404 0.248549506
vt 1.41732001 0.248549506
vt 1.41142404 0.248549506
vt 1.40552902 0.255106211
vt 1.40552795 0.248549506
vt 1.40552795 0.248549506
vt 1.39963198 0.255106211
vt 1.39963198 0.248549506
vt 1.39963198 0.255106211
vt 1.393736 0.248549506
vt 1.39963198 0.248549506
vt 1.393736 0.248549506
vt 1.38784003 0.255106211
vt 1.38783896 0.248549506
vt 1.38783896 0.248549506
vt 1.38194299 0.255106211
vt 1.38194299 0.248549506
vt 1.38194299 0.255106211
vt 1.37604594 0.248549506
vt 1.38194299 0.248549506
vt 1.37604594 0.248549506
vt 1.37014902 0.255106211
vt 1.37014902 0.248549506
vt 1.36425197 0.255106211
vt 1.35836697 0.248549506
vt 1.36425197 0.248549506
vt 1.37014902 0.248549506
vt 1.36425197 0.255106211
vt 1.36425197 0.248549506
vt 1.37014902 0.00267618801
vt 1.36425197 0.0179750305
vt 1.36425197 0.00267618801
vt 1.37604594 0.00267618801
vt 1.37014902 0.0179750305
vt 1.37014902 0.00267618801
vt 1.38194299 0.0179750305
vt 1.37604594 0.00267618801
vt 1.38194299 0.00267618801
vt 1.38784003 0.0179750305
vt 1.38194299 0.00267618801
vt 1.38784003 0.00267618801
vt 1.393736 0.00267618801
vt 1.38784003 0.0179750305
vt 1.38784003 0.00267618801
vt 1.39963198 0.00267618801
vt 1.393736 0.0179750305
vt 1.393736 0.00267618801
vt 1.40552902 0.00267618801
vt 1.39963198 0.0179750305
vt 1.39963198 0.00267618801
vt 1.41142404 0.0179750305
vt 1.40552902 0.00267618801
vt 1.41142404 0.00267618801
vt 1.41732001 0.00267618801
vt 1.41142404 0.0179750305
vt 1.41142404 0.00267618801
vt 1.42321599 0.0179750305
vt 1.41732001 0.00267618801
vt 1.42321599 0.00267618801
vt 1.42910004 0.00267618801
vt 1.42321599 0.0179750305
vt 1.42321599 0.00267618801
vt 1.35838306 0.272645712
vt 1.37126696 0.256777793
vt 1.37126696 0.290090799
vt 1.36425197 0.0179750305
vt 1.35836697 0.00267618801
vt 1.36425197 0.00267618801
vt 1.42321599 0.248549506
vt 1.42910004 0.255106211
vt 1.42321599 0.255106211
vt 1.42321599 0.248549506
vt 1.41732001 0.255106211
vt 1.41732001 0.248549506
vt 1.41732001 0.255106211
vt 1.41142404 0.248549506
vt 1.41732001 0.248549506
vt 1.41142404 0.255106211
vt 1.40552795 0.248549506
vt 1.41142404 0.248549506
vt 1.40552795 0.248549506
vt 1.39963198 0.255106211
vt 1.39963198 0.248549506
vt 1.39963198 0.255106211
vt 1.393736 0.248549506
vt 1.39963198 0.248549506
vt 1.393736 0.248549506
vt 1.38784003 0.255106211
vt 1.38783896 0.248549506
vt 1.38783896 0.248549506
vt 1.38194299 0.255106211
vt 1.38194299 0.248549506
vt 1.38194299 0.248549506
vt 1.37604594 0.255106211
vt 1.37604594 0.248549506
vt 1.37604594 0.255106211
vt 1.37014902 0.248549506
vt 1.37604594 0.248549506
vt 1.35836697 0.255106211
vt 1.36425197 0.248549506
vt 1.36425197 0.255106211
vt 1.37014902 0.248549506
vt 1.36425197 0.255106211
vt 1.36425197 0.248549506
vt 1.37014902 0.00267618801
vt 1.36425197 0.0179750305
vt 1.36425197 0.00267618801
vt 1.37604594 0.00267618801
vt 1.37014902 0.0179750305
vt 1.37014902 0.00267618801
vt 1.38194299 0.0179750305
vt 1.37604594 0.00267618801
vt 1.38194299 0.00267618801
vt 1.38784003 0.0179750305
vt 1.38194299 0.00267618801
vt 1.38784003 0.00267618801
vt 1.393736 0.00267618801
vt 1.38784003 0.0179750305
vt 1.38784003 0.00267618801
vt 1.39963198 0.00267618801
vt 1.393736 0.0179750305
vt 1.393736 0.00267618801
vt 1.40552902 0.0179750305
vt 1.39963198 0.00267618801
vt 1.40552902 0.00267618801
vt 1.41142404 0.00267618801
vt 1.40552902 0.0179750305
vt 1.40552902 0.00267618801
vt 1.41732001 0.0179750305
vt 1.41142404 0.00267618801
vt 1.41732001 0.00267618801
vt 1.42321599 0.00267618801
vt 1.41732001 0.0179750305
vt 1.41732001 0.00267618801
vt 1.42910004 0.00267618801
vt 1.42321599 0.0179750305
vt 1.42321599 0.00267618801
vt 1.36425197 0.0179750305
vt 1.35836697 0.00267618801
vt 1.36425197 0.00267618801
vt 1.42910004 0.248549506
vt 1.42321599 0.255106211
vt 1.42321599 0.248549506
vt 1.42321599 0.248549506
vt 1.41732001 0.255106211
vt 1.41732001 0.248549506
vt 1.41732001 0.248549506
vt 1.41142404 0.255106211
vt 1.41142404 0.248549506
vt 1.41142404 0.248549506
vt 1.40552902 0.255106211
vt 1.40552795 0.248549506
vt 1.40552902 0.255106211
vt 1.39963198 0.248549506
vt 1.40552795 0.248549506
vt 1.39963198 0.248549506
vt 1.393736 0.255106211
vt 1.393736 0.248549506
vt 1.393736 0.248549506
vt 1.38784003 0.255106211
vt 1.38783896 0.248549506
vt 1.38783896 0.248549506
vt 1.38194299 0.255106211
vt 1.38194299 0.248549506
vt 1.38194299 0.255106211
vt 1.37604594 0.248549506
vt 1.38194299 0.248549506
vt 1.37604594 0.255106211
vt 1.37014902 0.248549506
vt 1.37604594 0.248549506
vt 1.36425197 0.255106211
vt 1.35836697 0.248549506
vt 1.36425197 0.248549506
vt 1.37014902 0.248549506
vt 1.36425197 0.255106211
vt 1.36425197 0.248549506
vt 1.37014902 0.00267618801
vt 1.36425197 0.0179750305
vt 1.36425197 0.00267618801
vt 1.37604594 0.00267618801
vt 1.37014902 0.0179750305
vt 1.37014902 0.00267618801
vt 1.38194299 0.0179750305
vt 1.37604594 0.00267618801
vt 1.38194299 0.00267618801
vt 1.38784003 0.0179750305
vt 1.38194299 0.00267618801
vt 1.38784003 0.00267618801
vt 1.393736 0.0179750305
vt 1.38784003 0.00267618801
vt 1.393736 0.00267618801
vt 1.39963198 0.00267618801
vt 1.393736 0.0179750305
vt 1.393736 0.00267618801
vt 1.40552902 0.0179750305
vt 1.39963198 0.00267618801
vt 1.40552902 0.00267618801
vt 1.41142404 0.00267618801
vt 1.40552902 0.0179750305
vt 1.40552902 0.00267618801
vt 1.41732001 0.0179750305
vt 1.41142404 0.00267618801
vt 1.41732001 0.00267618801
vt 1.42321599 0.00267618801
vt 1.41732001 0.0179750305
vt 1.41732001 0.00267618801
vt 1.42910004 0.00267618801
vt 1.42321599 0.0179750305
vt 1.42321599 0.00267618801
vt 1.37126696 0.256777793
vt 1.37739694 0.255959511
vt 1.37126696 0.290090799
vt 1.37126696 0.290090799
vt 1.35838306 0.272645712
vt 1.37126696 0.256777793
vt 1.35836697 0.0179750305
vt 1.36425197 0.00267618801
vt 1.36425197 0.0179750305
vt 1.42910004 0.248549506
vt 1.42321599 0.255106211
vt 1.42321599 0.248549506
vt 1.42321599 0.248549506
vt 1.41732001 0.255106211
vt 1.41732001 0.248549506
vt 1.41732001 0.248549506
vt 1.41142404 0.255106211
vt 1.41142404 0.248549506
vt 1.41142404 0.255106211
vt 1.40552795 0.248549506
vt 1.41142404 0.248549506
vt 1.40552902 0.255106211
vt 1.39963198 0.248549506
vt 1.40552795 0.248549506
vt 1.39963198 0.255106211
vt 1.393736 0.248549506
vt 1.39963198 0.248549506
vt 1.393736 0.248549506
vt 1.38784003 0.255106211
vt 1.38783896 0.248549506
vt 1.38783896 0.248549506
vt 1.38194299 0.255106211
vt 1.38194299 0.248549506
vt 1.38194299 0.255106211
vt 1.37604594 0.248549506
vt 1.38194299 0.248549506
vt 1.37604594 0.248549506
vt 1.37014902 0.255106211
vt 1.37014902 0.248549506
vt 1.36425197 0.255106211
vt 1.35836697 0.248549506
vt 1.36425197 0.248549506
vt 1.37014902 0.248549506
vt 1.36425197 0.255106211
vt 1.36425197 0.248549506
vt 1.37014902 0.00267618801
vt 1.36425197 0.0179750305
vt 1.36425197 0.00267618801
vt 1.37604594 0.0179750305
vt 1.37014902 0.00267618801
vt 1.37604594 0.00267618801
vt 1.38194299 0.0179750305
vt 1.37604594 0.00267618801
vt 1.38194299 0.00267618801
vt 1.38784003 0.00267618801
vt 1.38194299 0.0179750305
vt 1.38194299 0.00267618801
vt 1.393736 0.0179750305
vt 1.38784003 0.00267618801
vt 1.393736 0.00267618801
vt 1.39963198 0.00267618801
vt 1.393736 0.0179750305
vt 1.393736 0.00267618801
vt 1.40552902 0.0179750305
vt 1.39963198 0.00267618801
vt 1.40552902 0.00267618801
vt 1.41142404 0.0179750305
vt 1.40552902 0.00267618801
vt 1.41142404 0.00267618801
vt 1.41732001 0.0179750305
vt 1.41142404 0.00267618801
vt 1.41732001 0.00267618801
vt 1.42321599 0.00267618801
vt 1.41732001 0.0179750305
vt 1.41732001 0.00267618801
vt 1.42910004 0.00267618801
vt 1.42321599 0.0179750305
vt 1.42321599 0.00267618801
vt 1.37126696 0.290090799
vt 1.36164796 0.262839794
vt 1.37126696 0.256777793
vt 1.35836697 0.0179750305
vt 1.36425197 0.00267618801
vt 1.36425197 0.0179750305
vt 1.42321599 0.248549506
vt 1.42910004 0.255106211
vt 1.42321599 0.255106211
vt 1.42321599 0.255106211
vt 1.41732001 0.248549506
vt 1.42321599 0.248549506
vt 1.41732001 0.248549506
vt 1.41142404 0.255106211
vt 1.41142404 0.248549506
vt 1.41142404 0.255106211
vt 1.40552795 0.248549506
vt 1.41142404 0.248549506
vt 1.40552795 0.248549506
vt 1.39963198 0.255106211
vt 1.39963198 0.248549506
vt 1.39963198 0.255106211
vt 1.393736 0.248549506
vt 1.39963198 0.248549506
vt 1.393736 0.248549506
vt 1.38784003 0.255106211
vt 1.38783896 0.248549506
vt 1.38784003 0.255106211
vt 1.38194299 0.248549506
vt 1.38783896 0.248549506
vt 1.38194299 0.248549506
vt 1.37604594 0.255106211
vt 1.37604594 0.248549506
vt 1.37604594 0.255106211
vt 1.37014902 0.248549506
vt 1.37604594 0.248549506
vt 1.36425197 0.255106211
vt 1.35836697 0.248549506
vt 1.36425197 0.248549506
vt 1.37014902 0.248549506
vt 1.36425197 0.255106211
vt 1.36425197 0.248549506
vt 1.37014902 0.00267618801
vt 1.36425197 0.0179750305
vt 1.36425197 0.00267618801
vt 1.37604594 0.00267618801
vt 1.37014902 0.0179750305
vt 1.37014902 0.00267618801
vt 1.38194299 0.0179750305
vt 1.37604594 0.00267618801
vt 1.38194299 0.00267618801
vt 1.38784003 0.0179750305
vt 1.38194299 0.00267618801
vt 1.38784003 0.00267618801
vt 1.393736 0.00267618801
vt 1.38784003 0.0179750305
vt 1.38784003 0.00267618801
vt 1.39963198 0.00267618801
vt 1.393736 0.0179750305
vt 1.393736 0.00267618801
vt 1.40552902 0.0179750305
vt 1.39963198 0.00267618801
vt 1.40552902 0.00267618801
vt 1.41142404 0.00267618801
vt 1.40552902 0.0179750305
vt 1.40552902 0.00267618801
vt 1.41732001 0.0179750305
vt 1.41142404 0.00267618801
vt 1.41732001 0.00267618801
vt 1.42321599 0.00267618801
vt 1.41732001 0.0179750305
vt 1.41732001 0.00267618801
vt 1.42910004 0.00267618801
vt 1.42321599 0.0179750305
vt 1.42321599 0.00267618801
vt 1.36425197 0.0179750305
vt 1.35836697 0.00267618801
vt 1.36425197 0.00267618801
vt 1.42910004 0.248549506
vt 1.42321599 0.255106211
vt 1.42321599 0.248549506
vt 1.42321599 0.248549506
vt 1.41732001 0.255106211
vt 1.41732001 0.248549506
vt 1.41732001 0.248549506
vt 1.41142404 0.255106211
vt 1.41142404 0.248549506
vt 1.41142404 0.255106211
vt 1.40552795 0.248549506
vt 1.41142404 0.248549506
vt 1.40552795 0.248549506
vt 1.39963198 0.255106211
vt 1.39963198 0.248549506
vt 1.39963198 0.255106211
vt 1.393736 0.248549506
vt 1.39963198 0.248549506
vt 1.393736 0.248549506
vt 1.38784003 0.255106211
vt 1.38783896 0.248549506
vt 1.38783896 0.248549506
vt 1.38194299 0.255106211
vt 1.38194299 0.248549506
vt 1.38194299 0.255106211
vt 1.37604594 0.248549506
vt 1.38194299 0.248549506
vt 1.37604594 0.248549506
vt 1.37014902 0.255106211
vt 1.37014902 0.248549506
vt 1.36425197 0.255106211
vt 1.35836697 0.248549506
vt 1.36425197 0.248549506
vt 1.37014902 0.248549506
vt 1.36425197 0.255106211
vt 1.36425197 0.248549506
vt 1.37014902 0.00267618801
vt 1.36425197 0.0179750305
vt 1.36425197 0.00267618801
vt 1.37604594 0.00267618801
vt 1.37014902 0.0179750305
vt 1.37014902 0.00267618801
vt 1.38194299 0.0179750305
vt 1.37604594 0.00267618801
vt 1.38194299 0.00267618801
vt 1.38784003 0.0179750305
vt 1.38194299 0.00267618801
vt 1.38784003 0.00267618801
vt 1.393736 0.00267618801
vt 1.38784003 0.0179750305
vt 1.38784003 0.00267618801
vt 1.39963198 0.00267618801
vt 1.393736 0.0179750305
vt 1.393736 0.00267618801
vt 1.40552902 0.00267618801
vt 1.39963198 0.0179750305
vt 1.39963198 0.00267618801
vt 1.41142404 0.00267618801
vt 1.40552902 0.0179750305
vt 1.40552902 0.00267618801
vt 1.41732001 0.0179750305
vt 1.41142404 0.00267618801
vt 1.41732001 0.00267618801
vt 1.42321599 0.00267618801
vt 1.41732001 0.0179750305
vt 1.41732001 0.00267618801
vt 1.42910004 0.00267618801
vt 1.42321599 0.0179750305
vt 1.42321599 0.00267618801
vt 1.36425197 0.0179750305
vt 1.35836697 0.00267618801
vt 1.36425197 0.00267618801
vt 1.42910004 0.248549506
vt 1.42321599 0.255106211
vt 1.42321599 0.248549506
vt 1.42321599 0.248549506
vt 1.41732001 0.255106211
vt 1.41732001 0.248549506
vt 1.41732001 0.248549506
vt 1.41142404 0.255106211
vt 1.41142404 0.248549506
vt 1.41142404 0.248549506
vt 1.40552902 0.255106211
vt 1.40552795 0.248549506
vt 1.40552902 0.255106211
vt 1.39963198 0.248549506
vt 1.40552795 0.248549506
vt 1.39963198 0.248549506
vt 1.393736 0.255106211
vt 1.393736 0.248549506
vt 1.393736 0.248549506
vt 1.38784003 0.255106211
vt 1.38783896 0.248549506
vt 1.38783896 0.248549506
vt 1.38194299 0.255106211
vt 1.38194299 0.248549506
vt 1.38194299 0.248549506
vt 1.37604594 0.255106211
vt 1.37604594 0.248549506
vt 1.37604594 0.248549506
vt 1.37014902 0.255106211
vt 1.37014902 0.248549506
vt 1.36425197 0.255106211
vt 1.35836697 0.248549506
vt 1.36425197 0.248549506
vt 1.37014902 0.255106211
vt 1.36425197 0.248549506
vt 1.37014902 0.248549506
vt 1.37014902 0.00267618801
vt 1.36425197 0.0179750305
vt 1.36425197 0.00267618801
vt 1.37604594 0.0179750305
vt 1.37014902 0.00267618801
vt 1.37604594 0.00267618801
vt 1.38194299 0.0179750305
vt 1.37604594 0.00267618801
vt 1.38194299 0.00267618801
vt 1.38784003 0.00267618801
vt 1.38194299 0.0179750305
vt 1.38194299 0.00267618801
vt 1.393736 0.0179750305
vt 1.38784003 0.00267618801
vt 1.393736 0.00267618801
vt 1.39963198 0.00267618801
vt 1.393736 0.0179750305
vt 1.393736 0.00267618801
vt 1.40552902 0.0179750305
vt 1.39963198 0.00267618801
vt 1.40552902 0.00267618801
vt 1.41142404 0.00267618801
vt 1.40552902 0.0179750305
vt 1.40552902 0.00267618801
vt 1.41732001 0.0179750305
vt 1.41142404 0.00267618801
vt 1.41732001 0.00267618801
vt 1.42321599 0.00267618801
vt 1.41732001 0.0179750305
vt 1.41732001 0.00267618801
vt 1.42910004 0.00267618801
vt 1.42321599 0.0179750305
vt 1.42321599 0.00267618801
vt 1.36164796 0.282777309
vt 1.35838306 0.272645712
vt 1.37126696 0.256777793
vt 1.36425197 0.0179750305
vt 1.35836697 0.00267618801
vt 1.36425197 0.00267618801
vt 1.42321599 0.248549506
vt 1.42910004 0.255106211
vt 1.42321599 0.255106211
vt 1.42321599 0.255106211
vt 1.41732001 0.248549506
vt 1.42321599 0.248549506
vt 1.41732001 0.248549506
vt 1.41142404 0.255106211
vt 1.41142404 0.248549506
vt 1.41142404 0.255106211
vt 1.40552795 0.248549506
vt 1.41142404 0.248549506
vt 1.40552795 0.248549506
vt 1.39963198 0.255106211
vt 1.39963198 0.248549506
vt 1.39963198 0.255106211
vt 1.393736 0.248549506
vt 1.39963198 0.248549506
vt 1.393736 0.248549506
vt 1.38784003 0.255106211
vt 1.38783896 0.248549506
vt 1.38784003 0.255106211
vt 1.38194299 0.248549506
vt 1.38783896 0.248549506
vt 1.38194299 0.255106211
vt 1.37604594 0.248549506
vt 1.38194299 0.248549506
vt 1.37604594 0.248549506
vt 1.37014902 0.255106211
vt 1.37014902 0.248549506
vt 1.36425197 0.255106211
vt 1.35836697 0.248549506
vt 1.36425197 0.248549506
vt 1.37014902 0.248549506
vt 1.36425197 0.255106211
vt 1.36425197 0.248549506
vt 1.37014902 0.00267618801
vt 1.36425197 0.0179750305
vt 1.36425197 0.00267618801
vt 1.37604594 0.0179750305
vt 1.37014902 0.00267618801
vt 1.37604594 0.00267618801
vt 1.38194299 0.0179750305
vt 1.37604594 0.00267618801
vt 1.38194299 0.00267618801
vt 1.38784003 0.00267618801
vt 1.38194299 0.0179750305
vt 1.38194299 0.00267618801
vt 1.393736 0.0179750305
vt 1.38784003 0.00267618801
vt 1.393736 0.00267618801
vt 1.39963198 0.00267618801
vt 1.393736 0.0179750305
vt 1.393736 0.00267618801
vt 1.40552902 0.0179750305
vt 1.39963198 0.00267618801
vt 1.40552902 0.00267618801
vt 1.41142404 0.0179750305
vt 1.40552902 0.00267618801
vt 1.41142404 0.00267618801
vt 1.41732001 0.00267618801
vt 1.41142404 0.0179750305
vt 1.41142404 0.00267618801
vt 1.42321599 0.00267618801
vt 1.41732001 0.0179750305
vt 1.41732001 0.00267618801
vt 1.42910004 0.00267618801
vt 1.42321599 0.0179750305
vt 1.42321599 0.00267618801
vt 1.37126696 0.256777793
vt 1.37739694 0.255959511
vt 1.37126696 0.290090799
vt 1.36425197 0.0179750305
vt 1.35836697 0.00267618801
vt 1.36425197 0.00267618801
vt 1.42321599 0.248549506
vt 1.42910004 0.255106211
vt 1.42321599 0.255106211
vt 1.42321599 0.255106211
vt 1.41732001 0.248549506
vt 1.42321599 0.248549506
vt 1.41732001 0.248549506
vt 1.41142404 0.255106211
vt 1.41142404 0.248549506
vt 1.41142404 0.255106211
vt 1.40552795 0.248549506
vt 1.41142404 0.248549506
vt 1.40552902 0.255106211
vt 1.39963198 0.248549506
vt 1.40552795 0.248549506
vt 1.39963198 0.255106211
vt 1.393736 0.248549506
vt 1.39963198 0.248549506
vt 1.393736 0.248549506
vt 1.38784003 0.255106211
vt 1.38783896 0.248549506
vt 1.38783896 0.248549506
vt 1.38194299 0.255106211
vt 1.38194299 0.248549506
vt 1.38194299 0.248549506
vt 1.37604594 0.255106211
vt 1.37604594 0.248549506
vt 1.37604594 0.248549506
vt 1.37014902 0.255106211
vt 1.37014902 0.248549506
vt 1.36425197 0.255106211
vt 1.35836697 0.248549506
vt 1.36425197 0.248549506
vt 1.37014902 0.248549506
vt 1.36425197 0.255106211
vt 1.36425197 0.248549506
vt 1.37014902 0.00267618801
vt 1.36425197 0.0179750305
vt 1.36425197 0.00267618801
vt 1.37604594 0.0179750305
vt 1.37014902 0.00267618801
vt 1.37604594 0.00267618801
vt 1.38194299 0.0179750305
vt 1.37604594 0.00267618801
vt 1.38194299 0.00267618801
vt 1.38784003 0.00267618801
vt 1.38194299 0.0179750305
vt 1.38194299 0.00267618801
vt 1.393736 0.00267618801
vt 1.38784003 0.0179750305
vt 1.38784003 0.00267618801
vt 1.39963198 0.0179750305
vt 1.393736 0.00267618801
vt 1.39963198 0.00267618801
vt 1.40552902 0.0179750305
vt 1.39963198 0.00267618801
vt 1.40552902 0.00267618801
vt 1.41142404 0.00267618801
vt 1.40552902 0.0179750305
vt 1.40552902 0.00267618801
vt 1.41732001 0.0179750305
vt 1.41142404 0.00267618801
vt 1.41732001 0.00267618801
vt 1.42321599 0.00267618801
vt 1.41732001 0.0179750305
vt 1.41732001 0.00267618801
vt 1.42910004 0.00267618801
vt 1.42321599 0.0179750305
vt 1.42321599 0.00267618801
vt 0.967242599 0.00164675701
vt 0.967219293 0.00144052505
vt 0.967219293 0.00164675701
vt 0.967269897 0.00133335497
vt 0.967156589 0.00142842496
vt 0.967156589 0.00133335497
vt 0.968402922 0.00515651703
vt 0.966403902 0.00513780117
vt 0.966403902 0.00515651703
vt 0.968653798 0.00282555795
vt 0.968411028 0.00111907697
vt 0.968411028 0.00282555795
vt 0.966960311 0.00155174697
vt 0.966941118 0.00175392604
vt 0.966960311 0.00175392604
vt 0.968411028 0.00512975408
vt 0.970410109 0.00511097908
vt 0.968411028 0.00511097908
vt 0.966991723 0.00155174697
vt 0.966991723 0.00175392604
vt 0.96697247 0.00175392604
vt 0.967097878 0.00175392604
vt 0.967117071 0.00175392604
vt 0.967117071 0.00155174697
vt 0.966905713 0.00181561697
vt 0.966905713 0.00185704196
vt 0.96714443 0.00181561697
vt 0.970418215 0.00283372402
vt 0.970441401 0.00454032421
vt 0.970441401 0.00283372402
vt 0.968402922 0.00512975408
vt 0.966403902 0.00511097908
vt 0.966403902 0.00512975408
vt 0.968402922 0.003682971
vt 0.966403902 0.00347667909
vt 0.966403902 0.003682971
vt 0.970315874 0.00454032421
vt 0.9670313 0.00133335497
vt 0.967054427 0.00153958704
vt 0.967062473 0.00133335497
vt 0.967085779 0.00153958704
vt 0.967085779 0.00133335497
vt 0.970410109 0.0050761099
vt 0.968411028 0.00505745411
vt 0.968411028 0.0050761099
vt 0.969908178 0.00282555795
vt 0.969665527 0.00111907697
vt 0.969665527 0.00282555795
vt 0.966403902 0.0050761099
vt 0.968402922 0.00505745411
vt 0.966403902 0.00505745411
vt 0.966929018 0.00175392604
vt 0.966929018 0.00155174697
vt 0.966909707 0.00175392604
vt 0.969167829 0.00282555795
vt 0.966909707 0.00303995609
vt 0.966403902 0.00132530904
vt 0.96697247 0.00153958704
vt 0.966991723 0.00153958704
vt 0.966991723 0.00133740902
vt 0.970355392 0.00283372402
vt 0.970378697 0.00454032421
vt 0.970378697 0.00283372402
vt 0.970410109 0.00504928781
vt 0.968411028 0.00503063202
vt 0.968411028 0.00504928781
vt 0.968402922 0.00454032421
vt 0.966403902 0.00433409214
vt 0.966403902 0.00454032421
vt 0.969163716 0.00283372402
vt 0.969406486 0.00454032421
vt 0.969406486 0.00283372402
vt 0.968402922 0.00475466205
vt 0.966403902 0.00454842998
vt 0.966403902 0.00475466205
vt 0.968402922 0.00499576284
vt 0.966403902 0.00497710705
vt 0.966403902 0.00499576284
vt 0.970253229 0.00283372402
vt 0.970229983 0.00454032421
vt 0.970253229 0.00454032421
vt 0.968402922 0.00496894121
vt 0.966403902 0.00476270914
vt 0.966403902 0.00496894121
vt 0.967054427 0.00155174697
vt 0.967035174 0.00175392604
vt 0.967054427 0.00175392604
vt 0.96698761 0.00154769397
vt 0.966968417 0.00174987304
vt 0.966968417 0.00154769397
vt 0.967117071 0.00153958704
vt 0.967093825 0.00133335497
vt 0.967093825 0.00153958704
vt 0.970221877 0.00283372402
vt 0.970198572 0.00454032421
vt 0.970221877 0.00454032421
vt 0.966999829 0.00174987304
vt 0.966999829 0.00154769397
vt 0.967019022 0.00154769397
vt 0.966905713 0.00154769397
vt 0.966905713 0.00174987304
vt 0.966924906 0.00154769397
vt 0.966646671 0.00133740902
vt 0.966905713 0.00180351699
vt 0.966403902 0.00346857309
vt 0.966956317 0.00154769397
vt 0.966937125 0.00154769397
vt 0.966937125 0.00174987304
vt 0.967093825 0.00154769397
vt 0.967113018 0.00154769397
vt 0.967093825 0.00174987304
vt 0.967023075 0.00153958704
vt 0.967003822 0.00153958704
vt 0.967023075 0.00133740902
vt 0.966909707 0.00153958704
vt 0.966929018 0.00153958704
vt 0.966929018 0.00133740902
vt 0.970410109 0.00513780117
vt 0.968411028 0.00515651703
vt 0.970410109 0.00515651703
vt 0.970190525 0.00283372402
vt 0.97016722 0.00454032421
vt 0.970190525 0.00454032421
vt 0.970159173 0.00283372402
vt 0.969916403 0.00454032421
vt 0.970159173 0.00454032421
vt 0.970410109 0.00454842998
vt 0.968411028 0.00475466205
vt 0.970410109 0.00475466205
vt 0.969908178 0.00283372402
vt 0.969665527 0.00454032421
vt 0.969908178 0.00454032421
vt 0.970410109 0.00497710705
vt 0.968411028 0.00499576284
vt 0.970410109 0.00499576284
vt 0.9702847 0.00283372402
vt 0.970261276 0.00454032421
vt 0.9702847 0.00454032421
vt 0.968402922 0.00502258493
vt 0.966403902 0.00500386907
vt 0.966403902 0.00502258493
vt 0.969657421 0.00283372402
vt 0.969414592 0.00454032421
vt 0.969657421 0.00454032421
vt 0.9670313 0.00174987304
vt 0.967050374 0.00154769397
vt 0.9670313 0.00154769397
vt 0.967085779 0.00155174697
vt 0.967066526 0.00175392604
vt 0.967085779 0.00175392604
vt 0.968411028 0.00502258493
vt 0.970410109 0.00500386907
vt 0.968411028 0.00500386907
vt 0.967062473 0.00174987304
vt 0.967062473 0.00154769397
vt 0.967081726 0.00154769397
vt 0.96698761 0.00133335497
vt 0.966968417 0.00133335497
vt 0.966968417 0.001535594
vt 0.966999829 0.00133335497
vt 0.967019022 0.00133335497
vt 0.966999829 0.001535594
vt 0.966924906 0.00133335497
vt 0.966905713 0.00133335497
vt 0.966905713 0.001535594
vt 0.97032398 0.00283372402
vt 0.970347285 0.00454032421
vt 0.970347285 0.00283372402
vt 0.968402922 0.00504928781
vt 0.966403902 0.00503063202
vt 0.966403902 0.00504928781
vt 0.970159173 0.00111907697
vt 0.969916403 0.00282555795
vt 0.970159173 0.00282555795
vt 0.968402922 0.003905355
vt 0.966403902 0.004111588
vt 0.968402922 0.004111588
vt 0.966897607 0.00133740902
vt 0.966408014 0.00325429393
vt 0.968402922 0.00305211497
vt 1.37126696 0.290090799
vt 1.36164796 0.262839794
vt 1.37126696 0.256777793
vt 1.37126696 0.256777793
vt 1.37126696 0.290090799
vt 1.36164796 0.282777309
vt 0.966937125 0.00133335497
vt 0.966960311 0.00153958704
vt 0.970410109 0.00454032421
vt 1.37739694 0.255959511
vt 1.37126696 0.290090799
vt 1.37126696 0.256777793
vt 1.37126696 0.290090799
vt 1.36164796 0.262839794
vt 1.37126696 0.256777793
vt 0.969163716 0.00282150507
vt 0.966403902 0.00432592584
vt 0.970410109 0.00282555795
vt 0.968402922 0.0050842762
vt 0.96714443 0.00154769397
vt 0.968402922 0.00510293199
vt 1.36164796 0.282777309
vt 1.36164796 0.262839794
vt 1.37126696 0.290090799
vt 0.966654778 0.00303584291
vt 0.968398929 0.00304806209
vt 0.966403902 0.00325024105
vt 1.35838306 0.272645712
vt 1.37126696 0.256777793
vt 1.37126696 0.290090799
vt 0.967023075 0.00175392604
vt 0.967148483 0.00175392604
vt 0.967023075 0.00155174697
vt 0.967156589 0.00170040096
vt 0.967148483 0.00176602602
vt 0.966909707 0.00180756999
vt 1.37126696 0.256777793
vt 1.37126696 0.290090799
vt 1.36164796 0.282777309
vt 0.954637825 0.000381852005
vt 0.952621877 0.0103817498
vt 0.952621818 0.000381852005
vt 0.950605929 0.000381852005
vt 0.952621818 0.0103817498
vt 0.950605929 0.0103817498
vt 0.958589911 0.00141084101
vt 0.95820272 0.00115358795
vt 0.958589911 0.00115358795
vt 0.956653714 0.0103817498
vt 0.957041025 0.000381852005
vt 0.957041025 0.0103817498
vt 0.95820272 0.000639135018
vt 0.958589911 0.000381852005
vt 0.958589911 0.000639135018
vt 0.957815528 0.0103817498
vt 0.95820272 0.000381852005
vt 0.95820272 0.0103817498
vt 0.956653714 0.000381852005
vt 0.954637825 0.0103817498
vt 0.954637825 0.000381852005
vt 0.948589921 0.000381852005
vt 0.950605929 0.0103817498
vt 0.948589921 0.0103817498
vt 0.958589911 0.000896389014
vt 0.95820272 0.000639135018
vt 0.958589911 0.000639135018
vt 0.957041025 0.0103817498
vt 0.957428217 0.000381852005
vt 0.957428217 0.0103817498
vt 0.95820272 0.00115358795
vt 0.958589911 0.000896418991
vt 0.958589911 0.00115358795
vt 0.957428217 0.0103817498
vt 0.957815528 0.000381852005
vt 0.957815528 0.0103817498
vt 0.933045805 0.00154524995
vt 0.933731616 0.00145667698
vt 0.933624923 0.00144940603
vt 1.37126696 0.256777793
vt 1.36164796 0.282777309
vt 1.35838306 0.272645712
vt 1.35838306 0.272645712
vt 1.37126696 0.256777793
vt 1.37126696 0.290090799
vt 1.37126696 0.256777793
vt 1.37126696 0.290090799
vt 1.36164796 0.262839794
vt 1.37126696 0.256777793
vt 1.37126696 0.290090799
vt 1.36164796 0.262839794
vt 0.96915561 0.00282555795
vt 0.967207074 0.00144052505
vt 0.967148483 0.00181966997
vt 0.969414592 0.00282150507
vt 0.968398929 0.003691077
vt 0.966403902 0.00389325595
vt 0.933631718 0.00165230001
vt 0.933814704 0.00530636311
vt 0.933702409 0.00510931015
vt 0.932319403 0.00115138199
vt 0.931512117 0.000975493982
vt 0.932328224 0.00103431905
vt 0.944759905 0.0164166
vt 0.942471802 0.0164166
vt 0.942471802 0.0164166
vt 0.968661904 0.00111907697
vt 0.968904674 0.00282555795
vt 0.969657421 0.00112312997
vt 0.933702409 0.00510931015
vt 0.933171809 0.00525403023
vt 0.933175623 0.00506168604
vt 0.933175623 0.00506168604
vt 0.933095396 0.00525748683
vt 0.933097005 0.00506102992
vt 0.933136523 0.00172472
vt 0.933624923 0.00144940603
vt 0.933631718 0.00165230001
vt 0.933059216 0.00173145498
vt 0.933117509 0.00154495204
vt 0.933136523 0.00172472
vt 1.37739694 0.255959511
vt 1.37126696 0.290090799
vt 1.37126696 0.256777793
vt 0.968411028 0.0049648881
vt 0.966403902 0.00303584291
vt 0.96915561 0.00454032421
vt 1.35838306 0.272645712
vt 1.37126696 0.256777793
vt 1.37126696 0.290090799
vt 1.37739694 0.255959511
vt 1.37126696 0.290090799
vt 1.37126696 0.256777793
vt 0.933814704 0.00530636311
vt 0.933814704 0.00530636311
vt 0.933702111 0.00532233715
vt 0.933157623 0.00573390722
vt 0.931512117 0.00594860315
vt 0.932352722 0.00571537018
vt 0.933095396 0.00525748683
vt 0.933095396 0.00525748683
vt 0.933171809 0.00525403023
vt 0.933157623 0.00573390722
vt 0.932352722 0.00571537018
vt 0.933095396 0.00525748683
vt 0.933702111 0.00532233715
vt 0.933814704 0.00530636311
vt 0.933095396 0.00525748683
vt 0.933095396 0.00525748683
vt 0.933171809 0.00525403023
vt 0.933702111 0.00532233715
vt 1.37126696 0.290090799
vt 1.36565101 0.287007093
vt 1.36164796 0.282777309
vt 1.36164796 0.282777309
vt 1.35920298 0.277848691
vt 1.35838306 0.272645712
vt 1.35838306 0.272645712
vt 1.35920298 0.267490387
vt 1.36164796 0.262839794
vt 1.36164796 0.262839794
vt 1.36565101 0.259147912
vt 1.37126696 0.256777793
vt 1.37126696 0.256777793
vt 1.37739694 0.255959511
vt 1.37739694 0.291242808
vt 1.38905597 0.255956203
vt 1.38906395 0.291251004
vt 1.37739694 0.291242808
vt 1.37739694 0.291242808
vt 1.37126696 0.290090799
vt 1.37126696 0.256777793
vt 1.36164796 0.282777309
vt 1.35838306 0.272645712
vt 1.36164796 0.262839794
vt 1.36164796 0.262839794
vt 1.37126696 0.256777793
vt 1.36164796 0.282777309
vt 1.38905597 0.255956203
vt 1.37739694 0.291242808
vt 1.37739694 0.255959511
vt 1.36425197 0.0179750305
vt 1.35836697 0.0179750305
vt 1.35836697 0.00267618801
vt 1.42910004 0.248549506
vt 1.42910004 0.255106211
vt 1.42321599 0.255106211
vt 1.42321599 0.248549506
vt 1.42321599 0.255106211
vt 1.41732001 0.255106211
vt 1.41732001 0.255106211
vt 1.41142404 0.255106211
vt 1.41142404 0.248549506
vt 1.41142404 0.248549506
vt 1.41142404 0.255106211
vt 1.40552902 0.255106211
vt 1.40552795 0.248549506
vt 1.40552902 0.255106211
vt 1.39963198 0.255106211
vt 1.39963198 0.255106211
vt 1.393736 0.255106211
vt 1.393736 0.248549506
vt 1.393736 0.248549506
vt 1.393736 0.255106211
vt 1.38784003 0.255106211
vt 1.38783896 0.248549506
vt 1.38784003 0.255106211
vt 1.38194299 0.255106211
vt 1.38194299 0.255106211
vt 1.37604594 0.255106211
vt 1.37604594 0.248549506
vt 1.37604594 0.255106211
vt 1.37014902 0.255106211
vt 1.37014902 0.248549506
vt 1.35836697 0.255106211
vt 1.35836697 0.248549506
vt 1.36425197 0.248549506
vt 1.37014902 0.248549506
vt 1.37014902 0.255106211
vt 1.36425197 0.255106211
vt 1.37014902 0.00267618801
vt 1.37014902 0.0179750305
vt 1.36425197 0.0179750305
vt 1.37604594 0.00267618801
vt 1.37604594 0.0179750305
vt 1.37014902 0.0179750305
vt 1.38194299 0.00267618801
vt 1.38194299 0.0179750305
vt 1.37604594 0.0179750305
vt 1.38784003 0.0179750305
vt 1.38194299 0.0179750305
vt 1.38194299 0.00267618801
vt 1.393736 0.0179750305
vt 1.38784003 0.0179750305
vt 1.38784003 0.00267618801
vt 1.39963198 0.0179750305
vt 1.393736 0.0179750305
vt 1.393736 0.00267618801
vt 1.40552902 0.00267618801
vt 1.40552902 0.0179750305
vt 1.39963198 0.0179750305
vt 1.41142404 0.0179750305
vt 1.40552902 0.0179750305
vt 1.40552902 0.00267618801
vt 1.41732001 0.0179750305
vt 1.41142404 0.0179750305
vt 1.41142404 0.00267618801
vt 1.42321599 0.00267618801
vt 1.42321599 0.0179750305
vt 1.41732001 0.0179750305
vt 1.42910004 0.00267618801
vt 1.42910004 0.0179750305
vt 1.42321599 0.0179750305
vt 1.35838306 0.272645712
vt 1.35920298 0.267490387
vt 1.36164796 0.262839794
vt 1.36164796 0.262839794
vt 1.36565101 0.259147912
vt 1.37126696 0.256777793
vt 1.37126696 0.256777793
vt 1.37126696 0.290090799
vt 1.36164796 0.262839794
vt 1.38905597 0.255956203
vt 1.38906395 0.291251004
vt 1.37739694 0.291242808
vt 1.37739694 0.291242808
vt 1.37126696 0.290090799
vt 1.37739694 0.255959511
vt 1.36565101 0.287007093
vt 1.36164796 0.282777309
vt 1.37126696 0.290090799
vt 1.35920298 0.277848691
vt 1.35838306 0.272645712
vt 1.36164796 0.282777309
vt 1.36164796 0.262839794
vt 1.37126696 0.290090799
vt 1.36164796 0.282777309
vt 1.38905597 0.255956203
vt 1.37739694 0.291242808
vt 1.37739694 0.255959511
vt 1.36164796 0.282777309
vt 1.35838306 0.272645712
vt 1.36164796 0.262839794
vt 1.35920298 0.267490387
vt 1.36164796 0.262839794
vt 1.35838306 0.272645712
vt 1.36565101 0.259147912
vt 1.37126696 0.256777793
vt 1.36164796 0.262839794
vt 1.37739694 0.255959511
vt 1.38905597 0.255956203
vt 1.38906395 0.291251004
vt 1.38906395 0.291251004
vt 1.37739694 0.291242808
vt 1.37739694 0.255959511
vt 1.37126696 0.290090799
vt 1.36565101 0.287007093
vt 1.36164796 0.282777309
vt 1.36164796 0.282777309
vt 1.35920298 0.277848691
vt 1.35838306 0.272645712
vt 1.35838306 0.272645712
vt 1.36164796 0.262839794
vt 1.36164796 0.282777309
vt 1.37126696 0.256777793
vt 1.37739694 0.255959511
vt 1.37739694 0.291242808
vt 1.37739694 0.291242808
vt 1.37126696 0.290090799
vt 1.37126696 0.256777793
vt 1.36164796 0.282777309
vt 1.36164796 0.262839794
vt 1.37126696 0.290090799
vt 1.36425197 0.0179750305
vt 1.35836697 0.0179750305
vt 1.35836697 0.00267618801
vt 1.42321599 0.248549506
vt 1.42910004 0.248549506
vt 1.42910004 0.255106211
vt 1.42321599 0.248549506
vt 1.42321599 0.255106211
vt 1.41732001 0.255106211
vt 1.41732001 0.255106211
vt 1.41142404 0.255106211
vt 1.41142404 0.248549506
vt 1.41142404 0.255106211
vt 1.40552902 0.255106211
vt 1.40552795 0.248549506
vt 1.40552795 0.248549506
vt 1.40552902 0.255106211
vt 1.39963198 0.255106211
vt 1.39963198 0.248549506
vt 1.39963198 0.255106211
vt 1.393736 0.255106211
vt 1.393736 0.248549506
vt 1.393736 0.255106211
vt 1.38784003 0.255106211
vt 1.38783896 0.248549506
vt 1.38784003 0.255106211
vt 1.38194299 0.255106211
vt 1.38194299 0.255106211
vt 1.37604594 0.255106211
vt 1.37604594 0.248549506
vt 1.37604594 0.248549506
vt 1.37604594 0.255106211
vt 1.37014902 0.255106211
vt 1.36425197 0.255106211
vt 1.35836697 0.255106211
vt 1.35836697 0.248549506
vt 1.37014902 0.248549506
vt 1.37014902 0.255106211
vt 1.36425197 0.255106211
vt 1.37014902 0.00267618801
vt 1.37014902 0.0179750305
vt 1.36425197 0.0179750305
vt 1.37604594 0.0179750305
vt 1.37014902 0.0179750305
vt 1.37014902 0.00267618801
vt 1.38194299 0.0179750305
vt 1.37604594 0.0179750305
vt 1.37604594 0.00267618801
vt 1.38784003 0.00267618801
vt 1.38784003 0.0179750305
vt 1.38194299 0.0179750305
vt 1.393736 0.0179750305
vt 1.38784003 0.0179750305
vt 1.38784003 0.00267618801
vt 1.39963198 0.00267618801
vt 1.39963198 0.0179750305
vt 1.393736 0.0179750305
vt 1.40552902 0.0179750305
vt 1.39963198 0.0179750305
vt 1.39963198 0.00267618801
vt 1.41142404 0.00267618801
vt 1.41142404 0.0179750305
vt 1.40552902 0.0179750305
vt 1.41732001 0.00267618801
vt 1.41732001 0.0179750305
vt 1.41142404 0.0179750305
vt 1.42321599 0.0179750305
vt 1.41732001 0.0179750305
vt 1.41732001 0.00267618801
vt 1.42910004 0.00267618801
vt 1.42910004 0.0179750305
vt 1.42321599 0.0179750305
vt 1.35920298 0.277848691
vt 1.35838306 0.272645712
vt 1.36164796 0.282777309
vt 1.35920298 0.267490387
vt 1.36164796 0.262839794
vt 1.35838306 0.272645712
vt 1.36565101 0.259147912
vt 1.37126696 0.256777793
vt 1.36164796 0.262839794
vt 1.37739694 0.255959511
vt 1.38905597 0.255956203
vt 1.38906395 0.291251004
vt 1.38906395 0.291251004
vt 1.37739694 0.291242808
vt 1.37739694 0.255959511
vt 1.37126696 0.290090799
vt 1.36565101 0.287007093
vt 1.36164796 0.282777309
vt 1.36164796 0.282777309
vt 1.35838306 0.272645712
vt 1.36164796 0.262839794
vt 1.36164796 0.262839794
vt 1.37126696 0.256777793
vt 1.37126696 0.290090799
vt 1.37739694 0.255959511
vt 1.37739694 0.291242808
vt 1.37126696 0.290090799
vt 1.37126696 0.290090799
vt 1.36164796 0.282777309
vt 1.36164796 0.262839794
vt 1.35836697 0.0179750305
vt 1.35836697 0.00267618801
vt 1.36425197 0.00267618801
vt 1.42910004 0.248549506
vt 1.42910004 0.255106211
vt 1.42321599 0.255106211
vt 1.42321599 0.255106211
vt 1.41732001 0.255106211
vt 1.41732001 0.248549506
vt 1.41732001 0.248549506
vt 1.41732001 0.255106211
vt 1.41142404 0.255106211
vt 1.41142404 0.248549506
vt 1.41142404 0.255106211
vt 1.40552902 0.255106211
vt 1.40552902 0.255106211
vt 1.39963198 0.255106211
vt 1.39963198 0.248549506
vt 1.39963198 0.248549506
vt 1.39963198 0.255106211
vt 1.393736 0.255106211
vt 1.393736 0.248549506
vt 1.393736 0.255106211
vt 1.38784003 0.255106211
vt 1.38784003 0.255106211
vt 1.38194299 0.255106211
vt 1.38194299 0.248549506
vt 1.38194299 0.248549506
vt 1.38194299 0.255106211
vt 1.37604594 0.255106211
vt 1.37604594 0.248549506
vt 1.37604594 0.255106211
vt 1.37014902 0.255106211
vt 1.35836697 0.255106211
vt 1.35836697 0.248549506
vt 1.36425197 0.248549506
vt 1.37014902 0.248549506
vt 1.37014902 0.255106211
vt 1.36425197 0.255106211
vt 1.37014902 0.00267618801
vt 1.37014902 0.0179750305
vt 1.36425197 0.0179750305
vt 1.37604594 0.0179750305
vt 1.37014902 0.0179750305
vt 1.37014902 0.00267618801
vt 1.38194299 0.00267618801
vt 1.38194299 0.0179750305
vt 1.37604594 0.0179750305
vt 1.38784003 0.00267618801
vt 1.38784003 0.0179750305
vt 1.38194299 0.0179750305
vt 1.393736 0.0179750305
vt 1.38784003 0.0179750305
vt 1.38784003 0.00267618801
vt 1.39963198 0.00267618801
vt 1.39963198 0.0179750305
vt 1.393736 0.0179750305
vt 1.40552902 0.0179750305
vt 1.39963198 0.0179750305
vt 1.39963198 0.00267618801
vt 1.41142404 0.00267618801
vt 1.41142404 0.0179750305
vt 1.40552902 0.0179750305
vt 1.41732001 0.0179750305
vt 1.41142404 0.0179750305
vt 1.41142404 0.00267618801
vt 1.42321599 0.00267618801
vt 1.42321599 0.0179750305
vt 1.41732001 0.0179750305
vt 1.42910004 0.00267618801
vt 1.42910004 0.0179750305
vt 1.42321599 0.0179750305
vt 1.36425197 0.0179750305
vt 1.35836697 0.0179750305
vt 1.35836697 0.00267618801
vt 1.42321599 0.248549506
vt 1.42910004 0.248549506
vt 1.42910004 0.255106211
vt 1.42321599 0.248549506
vt 1.42321599 0.255106211
vt 1.41732001 0.255106211
vt 1.41732001 0.255106211
vt 1.41142404 0.255106211
vt 1.41142404 0.248549506
vt 1.41142404 0.248549506
vt 1.41142404 0.255106211
vt 1.40552902 0.255106211
vt 1.40552795 0.248549506
vt 1.40552902 0.255106211
vt 1.39963198 0.255106211
vt 1.39963198 0.255106211
vt 1.393736 0.255106211
vt 1.393736 0.248549506
vt 1.393736 0.248549506
vt 1.393736 0.255106211
vt 1.38784003 0.255106211
vt 1.38783896 0.248549506
vt 1.38784003 0.255106211
vt 1.38194299 0.255106211
vt 1.38194299 0.255106211
vt 1.37604594 0.255106211
vt 1.37604594 0.248549506
vt 1.37604594 0.248549506
vt 1.37604594 0.255106211
vt 1.37014902 0.255106211
vt 1.36425197 0.255106211
vt 1.35836697 0.255106211
vt 1.35836697 0.248549506
vt 1.37014902 0.248549506
vt 1.37014902 0.255106211
vt 1.36425197 0.255106211
vt 1.37014902 0.00267618801
vt 1.37014902 0.0179750305
vt 1.36425197 0.0179750305
vt 1.37604594 0.00267618801
vt 1.37604594 0.0179750305
vt 1.37014902 0.0179750305
vt 1.38194299 0.0179750305
vt 1.37604594 0.0179750305
vt 1.37604594 0.00267618801
vt 1.38784003 0.0179750305
vt 1.38194299 0.0179750305
vt 1.38194299 0.00267618801
vt 1.393736 0.00267618801
vt 1.393736 0.0179750305
vt 1.38784003 0.0179750305
vt 1.39963198 0.00267618801
vt 1.39963198 0.0179750305
vt 1.393736 0.0179750305
vt 1.40552902 0.00267618801
vt 1.40552902 0.0179750305
vt 1.39963198 0.0179750305
vt 1.41142404 0.0179750305
vt 1.40552902 0.0179750305
vt 1.40552902 0.00267618801
vt 1.41732001 0.00267618801
vt 1.41732001 0.0179750305
vt 1.41142404 0.0179750305
vt 1.42321599 0.0179750305
vt 1.41732001 0.0179750305
vt 1.41732001 0.00267618801
vt 1.42910004 0.00267618801
vt 1.42910004 0.0179750305
vt 1.42321599 0.0179750305
vt 1.36164796 0.282777309
vt 1.35920298 0.277848691
vt 1.35838306 0.272645712
vt 1.35838306 0.272645712
vt 1.35920298 0.267490387
vt 1.36164796 0.262839794
vt 1.36164796 0.262839794
vt 1.36565101 0.259147912
vt 1.37126696 0.256777793
vt 1.37126696 0.256777793
vt 1.37739694 0.255959511
vt 1.37739694 0.291242808
vt 1.38905597 0.255956203
vt 1.38906395 0.291251004
vt 1.37739694 0.291242808
vt 1.37739694 0.291242808
vt 1.37126696 0.290090799
vt 1.37126696 0.256777793
vt 1.36565101 0.287007093
vt 1.36164796 0.282777309
vt 1.37126696 0.290090799
vt 1.35838306 0.272645712
vt 1.36164796 0.262839794
vt 1.37126696 0.256777793
vt 1.37739694 0.255959511
vt 1.38905597 0.255956203
vt 1.37739694 0.291242808
vt 1.37126696 0.290090799
vt 1.36164796 0.282777309
vt 1.35838306 0.272645712
vt 1.36425197 0.0179750305
vt 1.35836697 0.0179750305
vt 1.35836697 0.00267618801
vt 1.42321599 0.248549506
vt 1.42910004 0.248549506
vt 1.42910004 0.255106211
vt 1.42321599 0.248549506
vt 1.42321599 0.255106211
vt 1.41732001 0.255106211
vt 1.41732001 0.255106211
vt 1.41142404 0.255106211
vt 1.41142404 0.248549506
vt 1.41142404 0.255106211
vt 1.40552902 0.255106211
vt 1.40552795 0.248549506
vt 1.40552795 0.248549506
vt 1.40552902 0.255106211
vt 1.39963198 0.255106211
vt 1.39963198 0.255106211
vt 1.393736 0.255106211
vt 1.393736 0.248549506
vt 1.393736 0.248549506
vt 1.393736 0.255106211
vt 1.38784003 0.255106211
vt 1.38783896 0.248549506
vt 1.38784003 0.255106211
vt 1.38194299 0.255106211
vt 1.38194299 0.248549506
vt 1.38194299 0.255106211
vt 1.37604594 0.255106211
vt 1.37604594 0.255106211
vt 1.37014902 0.255106211
vt 1.37014902 0.248549506
vt 1.35836697 0.255106211
vt 1.35836697 0.248549506
vt 1.36425197 0.248549506
vt 1.37014902 0.248549506
vt 1.37014902 0.255106211
vt 1.36425197 0.255106211
vt 1.37014902 0.00267618801
vt 1.37014902 0.0179750305
vt 1.36425197 0.0179750305
vt 1.37604594 0.00267618801
vt 1.37604594 0.0179750305
vt 1.37014902 0.0179750305
vt 1.38194299 0.0179750305
vt 1.37604594 0.0179750305
vt 1.37604594 0.00267618801
vt 1.38784003 0.0179750305
vt 1.38194299 0.0179750305
vt 1.38194299 0.00267618801
vt 1.393736 0.00267618801
vt 1.393736 0.0179750305
vt 1.38784003 0.0179750305
vt 1.39963198 0.00267618801
vt 1.39963198 0.0179750305
vt 1.393736 0.0179750305
vt 1.40552902 0.0179750305
vt 1.39963198 0.0179750305
vt 1.39963198 0.00267618801
vt 1.41142404 0.00267618801
vt 1.41142404 0.0179750305
vt 1.40552902 0.0179750305
vt 1.41732001 0.0179750305
vt 1.41142404 0.0179750305
vt 1.41142404 0.00267618801
vt 1.42321599 0.00267618801
vt 1.42321599 0.0179750305
vt 1.41732001 0.0179750305
vt 1.42910004 0.00267618801
vt 1.42910004 0.0179750305
vt 1.42321599 0.0179750305
vt 1.36425197 0.0179750305
vt 1.35836697 0.0179750305
vt 1.35836697 0.00267618801
vt 1.42910004 0.248549506
vt 1.42910004 0.255106211
vt 1.42321599 0.255106211
vt 1.42321599 0.248549506
vt 1.42321599 0.255106211
vt 1.41732001 0.255106211
vt 1.41732001 0.248549506
vt 1.41732001 0.255106211
vt 1.41142404 0.255106211
vt 1.41142404 0.248549506
vt 1.41142404 0.255106211
vt 1.40552902 0.255106211
vt 1.40552902 0.255106211
vt 1.39963198 0.255106211
vt 1.39963198 0.248549506
vt 1.39963198 0.248549506
vt 1.39963198 0.255106211
vt 1.393736 0.255106211
vt 1.393736 0.248549506
vt 1.393736 0.255106211
vt 1.38784003 0.255106211
vt 1.38783896 0.248549506
vt 1.38784003 0.255106211
vt 1.38194299 0.255106211
vt 1.38194299 0.255106211
vt 1.37604594 0.255106211
vt 1.37604594 0.248549506
vt 1.37604594 0.255106211
vt 1.37014902 0.255106211
vt 1.37014902 0.248549506
vt 1.36425197 0.255106211
vt 1.35836697 0.255106211
vt 1.35836697 0.248549506
vt 1.37014902 0.248549506
vt 1.37014902 0.255106211
vt 1.36425197 0.255106211
vt 1.37014902 0.00267618801
vt 1.37014902 0.0179750305
vt 1.36425197 0.0179750305
vt 1.37604594 0.00267618801
vt 1.37604594 0.0179750305
vt 1.37014902 0.0179750305
vt 1.38194299 0.0179750305
vt 1.37604594 0.0179750305
vt 1.37604594 0.00267618801
vt 1.38784003 0.0179750305
vt 1.38194299 0.0179750305
vt 1.38194299 0.00267618801
vt 1.393736 0.0179750305
vt 1.38784003 0.0179750305
vt 1.38784003 0.00267618801
vt 1.39963198 0.00267618801
vt 1.39963198 0.0179750305
vt 1.393736 0.0179750305
vt 1.40552902 0.0179750305
vt 1.39963198 0.0179750305
vt 1.39963198 0.00267618801
vt 1.41142404 0.00267618801
vt 1.41142404 0.0179750305
vt 1.40552902 0.0179750305
vt 1.41732001 0.0179750305
vt 1.41142404 0.0179750305
vt 1.41142404 0.00267618801
vt 1.42321599 0.00267618801
vt 1.42321599 0.0179750305
vt 1.41732001 0.0179750305
vt 1.42910004 0.00267618801
vt 1.42910004 0.0179750305
vt 1.42321599 0.0179750305
vt 1.35920298 0.277848691
vt 1.35838306 0.272645712
vt 1.36164796 0.282777309
vt 1.35920298 0.267490387
vt 1.36164796 0.262839794
vt 1.35838306 0.272645712
vt 1.36565101 0.259147912
vt 1.37126696 0.256777793
vt 1.36164796 0.262839794
vt 1.37739694 0.255959511
vt 1.38905597 0.255956203
vt 1.38906395 0.291251004
vt 1.38906395 0.291251004
vt 1.37739694 0.291242808
vt 1.37739694 0.255959511
vt 1.37126696 0.290090799
vt 1.36565101 0.287007093
vt 1.36164796 0.282777309
vt 1.36164796 0.282777309
vt 1.35838306 0.272645712
vt 1.36164796 0.262839794
vt 1.36164796 0.262839794
vt 1.37126696 0.256777793
vt 1.37126696 0.290090799
vt 1.37739694 0.255959511
vt 1.37739694 0.291242808
vt 1.37126696 0.290090799
vt 1.37126696 0.290090799
vt 1.36164796 0.282777309
vt 1.36164796 0.262839794
vt 1.38905597 0.255956203
vt 1.38906395 0.291251004
vt 1.37739694 0.291242808
vt 1.37739694 0.291242808
vt 1.37126696 0.290090799
vt 1.37126696 0.256777793
vt 1.36565101 0.287007093
vt 1.36164796 0.282777309
vt 1.37126696 0.290090799
vt 1.35920298 0.277848691
vt 1.35838306 0.272645712
vt 1.36164796 0.282777309
vt 1.35920298 0.267490387
vt 1.36164796 0.262839794
vt 1.35838306 0.272645712
vt 1.36565101 0.259147912
vt 1.37126696 0.256777793
vt 1.36164796 0.262839794
vt 1.37739694 0.255959511
vt 1.38905597 0.255956203
vt 1.37739694 0.291242808
vt 1.37126696 0.290090799
vt 1.36164796 0.282777309
vt 1.35838306 0.272645712
vt 1.35838306 0.272645712
vt 1.36164796 0.262839794
vt 1.37126696 0.256777793
vt 1.37126696 0.256777793
vt 1.37739694 0.255959511
vt 1.37739694 0.291242808
vt 1.35836697 0.0179750305
vt 1.35836697 0.00267618801
vt 1.36425197 0.00267618801
vt 1.42910004 0.248549506
vt 1.42910004 0.255106211
vt 1.42321599 0.255106211
vt 1.42321599 0.248549506
vt 1.42321599 0.255106211
vt 1.41732001 0.255106211
vt 1.41732001 0.248549506
vt 1.41732001 0.255106211
vt 1.41142404 0.255106211
vt 1.41142404 0.255106211
vt 1.40552902 0.255106211
vt 1.40552795 0.248549506
vt 1.40552902 0.255106211
vt 1.39963198 0.255106211
vt 1.39963198 0.248549506
vt 1.39963198 0.255106211
vt 1.393736 0.255106211
vt 1.393736 0.248549506
vt 1.393736 0.248549506
vt 1.393736 0.255106211
vt 1.38784003 0.255106211
vt 1.38783896 0.248549506
vt 1.38784003 0.255106211
vt 1.38194299 0.255106211
vt 1.38194299 0.255106211
vt 1.37604594 0.255106211
vt 1.37604594 0.248549506
vt 1.37604594 0.248549506
vt 1.37604594 0.255106211
vt 1.37014902 0.255106211
vt 1.36425197 0.255106211
vt 1.35836697 0.255106211
vt 1.35836697 0.248549506
vt 1.37014902 0.248549506
vt 1.37014902 0.255106211
vt 1.36425197 0.255106211
vt 1.37014902 0.00267618801
vt 1.37014902 0.0179750305
vt 1.36425197 0.0179750305
vt 1.37604594 0.0179750305
vt 1.37014902 0.0179750305
vt 1.37014902 0.00267618801
vt 1.38194299 0.0179750305
vt 1.37604594 0.0179750305
vt 1.37604594 0.00267618801
vt 1.38784003 0.00267618801
vt 1.38784003 0.0179750305
vt 1.38194299 0.0179750305
vt 1.393736 0.0179750305
vt 1.38784003 0.0179750305
vt 1.38784003 0.00267618801
vt 1.39963198 0.00267618801
vt 1.39963198 0.0179750305
vt 1.393736 0.0179750305
vt 1.40552902 0.0179750305
vt 1.39963198 0.0179750305
vt 1.39963198 0.00267618801
vt 1.41142404 0.0179750305
vt 1.40552902 0.0179750305
vt 1.40552902 0.00267618801
vt 1.41732001 0.0179750305
vt 1.41142404 0.0179750305
vt 1.41142404 0.00267618801
vt 1.42321599 0.00267618801
vt 1.42321599 0.0179750305
vt 1.41732001 0.0179750305
vt 1.42910004 0.00267618801
vt 1.42910004 0.0179750305
vt 1.42321599 0.0179750305
vt 1.38905597 0.255956203
vt 1.38906395 0.291251004
vt 1.37739694 0.255959511
vt 1.37739694 0.291242808
vt 1.37126696 0.290090799
vt 1.37126696 0.256777793
vt 1.36565101 0.287007093
vt 1.36164796 0.282777309
vt 1.37126696 0.290090799
vt 1.35920298 0.277848691
vt 1.35838306 0.272645712
vt 1.36164796 0.282777309
vt 1.35920298 0.267490387
vt 1.36164796 0.262839794
vt 1.35838306 0.272645712
vt 1.36565101 0.259147912
vt 1.37126696 0.256777793
vt 1.36164796 0.262839794
vt 1.37739694 0.255959511
vt 1.38906395 0.291251004
vt 1.37739694 0.291242808
vt 1.37126696 0.290090799
vt 1.36164796 0.282777309
vt 1.35838306 0.272645712
vt 1.35838306 0.272645712
vt 1.36164796 0.262839794
vt 1.37126696 0.290090799
vt 1.37126696 0.256777793
vt 1.37739694 0.255959511
vt 1.37739694 0.291242808
vt 1.35836697 0.0179750305
vt 1.35836697 0.00267618801
vt 1.36425197 0.00267618801
vt 1.42321599 0.248549506
vt 1.42910004 0.248549506
vt 1.42910004 0.255106211
vt 1.42321599 0.255106211
vt 1.41732001 0.255106211
vt 1.41732001 0.248549506
vt 1.41732001 0.248549506
vt 1.41732001 0.255106211
vt 1.41142404 0.255106211
vt 1.41142404 0.255106211
vt 1.40552902 0.255106211
vt 1.40552795 0.248549506
vt 1.40552795 0.248549506
vt 1.40552902 0.255106211
vt 1.39963198 0.255106211
vt 1.39963198 0.255106211
vt 1.393736 0.255106211
vt 1.393736 0.248549506
vt 1.393736 0.248549506
vt 1.393736 0.255106211
vt 1.38784003 0.255106211
vt 1.38784003 0.255106211
vt 1.38194299 0.255106211
vt 1.38194299 0.248549506
vt 1.38194299 0.248549506
vt 1.38194299 0.255106211
vt 1.37604594 0.255106211
vt 1.37604594 0.255106211
vt 1.37014902 0.255106211
vt 1.37014902 0.248549506
vt 1.36425197 0.255106211
vt 1.35836697 0.255106211
vt 1.35836697 0.248549506
vt 1.37014902 0.248549506
vt 1.37014902 0.255106211
vt 1.36425197 0.255106211
vt 1.37014902 0.00267618801
vt 1.37014902 0.0179750305
vt 1.36425197 0.0179750305
vt 1.37604594 0.00267618801
vt 1.37604594 0.0179750305
vt 1.37014902 0.0179750305
vt 1.38194299 0.0179750305
vt 1.37604594 0.0179750305
vt 1.37604594 0.00267618801
vt 1.38784003 0.0179750305
vt 1.38194299 0.0179750305
vt 1.38194299 0.00267618801
vt 1.393736 0.00267618801
vt 1.393736 0.0179750305
vt 1.38784003 0.0179750305
vt 1.39963198 0.00267618801
vt 1.39963198 0.0179750305
vt 1.393736 0.0179750305
vt 1.40552902 0.0179750305
vt 1.39963198 0.0179750305
vt 1.39963198 0.00267618801
vt 1.41142404 0.00267618801
vt 1.41142404 0.0179750305
vt 1.40552902 0.0179750305
vt 1.41732001 0.0179750305
vt 1.41142404 0.0179750305
vt 1.41142404 0.00267618801
vt 1.42321599 0.00267618801
vt 1.42321599 0.0179750305
vt 1.41732001 0.0179750305
vt 1.42910004 0.00267618801
vt 1.42910004 0.0179750305
vt 1.42321599 0.0179750305
vt 1.36425197 0.0179750305
vt 1.35836697 0.0179750305
vt 1.35836697 0.00267618801
vt 1.42910004 0.248549506
vt 1.42910004 0.255106211
vt 1.42321599 0.255106211
vt 1.42321599 0.248549506
vt 1.42321599 0.255106211
vt 1.41732001 0.255106211
vt 1.41732001 0.248549506
vt 1.41732001 0.255106211
vt 1.41142404 0.255106211
vt 1.41142404 0.255106211
vt 1.40552902 0.255106211
vt 1.40552795 0.248549506
vt 1.40552795 0.248549506
vt 1.40552902 0.255106211
vt 1.39963198 0.255106211
vt 1.39963198 0.255106211
vt 1.393736 0.255106211
vt 1.393736 0.248549506
vt 1.393736 0.248549506
vt 1.393736 0.255106211
vt 1.38784003 0.255106211
vt 1.38783896 0.248549506
vt 1.38784003 0.255106211
vt 1.38194299 0.255106211
vt 1.38194299 0.255106211
vt 1.37604594 0.255106211
vt 1.37604594 0.248549506
vt 1.37604594 0.248549506
vt 1.37604594 0.255106211
vt 1.37014902 0.255106211
vt 1.36425197 0.255106211
vt 1.35836697 0.255106211
vt 1.35836697 0.248549506
vt 1.37014902 0.248549506
vt 1.37014902 0.255106211
vt 1.36425197 0.255106211
vt 1.37014902 0.00267618801
vt 1.37014902 0.0179750305
vt 1.36425197 0.0179750305
vt 1.37604594 0.00267618801
vt 1.37604594 0.0179750305
vt 1.37014902 0.0179750305
vt 1.38194299 0.0179750305
vt 1.37604594 0.0179750305
vt 1.37604594 0.00267618801
vt 1.38784003 0.0179750305
vt 1.38194299 0.0179750305
vt 1.38194299 0.00267618801
vt 1.393736 0.00267618801
vt 1.393736 0.0179750305
vt 1.38784003 0.0179750305
vt 1.39963198 0.00267618801
vt 1.39963198 0.0179750305
vt 1.393736 0.0179750305
vt 1.40552902 0.00267618801
vt 1.40552902 0.0179750305
vt 1.39963198 0.0179750305
vt 1.41142404 0.00267618801
vt 1.41142404 0.0179750305
vt 1.40552902 0.0179750305
vt 1.41732001 0.0179750305
vt 1.41142404 0.0179750305
vt 1.41142404 0.00267618801
vt 1.42321599 0.00267618801
vt 1.42321599 0.0179750305
vt 1.41732001 0.0179750305
vt 1.42910004 0.00267618801
vt 1.42910004 0.0179750305
vt 1.42321599 0.0179750305
vt 1.36425197 0.0179750305
vt 1.35836697 0.0179750305
vt 1.35836697 0.00267618801
vt 1.42910004 0.248549506
vt 1.42910004 0.255106211
vt 1.42321599 0.255106211
vt 1.42321599 0.248549506
vt 1.42321599 0.255106211
vt 1.41732001 0.255106211
vt 1.41732001 0.248549506
vt 1.41732001 0.255106211
vt 1.41142404 0.255106211
vt 1.41142404 0.248549506
vt 1.41142404 0.255106211
vt 1.40552902 0.255106211
vt 1.40552902 0.255106211
vt 1.39963198 0.255106211
vt 1.39963198 0.248549506
vt 1.39963198 0.248549506
vt 1.39963198 0.255106211
vt 1.393736 0.255106211
vt 1.393736 0.248549506
vt 1.393736 0.255106211
vt 1.38784003 0.255106211
vt 1.38783896 0.248549506
vt 1.38784003 0.255106211
vt 1.38194299 0.255106211
vt 1.38194299 0.248549506
vt 1.38194299 0.255106211
vt 1.37604594 0.255106211
vt 1.37604594 0.248549506
vt 1.37604594 0.255106211
vt 1.37014902 0.255106211
vt 1.36425197 0.255106211
vt 1.35836697 0.255106211
vt 1.35836697 0.248549506
vt 1.37014902 0.255106211
vt 1.36425197 0.255106211
vt 1.36425197 0.248549506
vt 1.37014902 0.00267618801
vt 1.37014902 0.0179750305
vt 1.36425197 0.0179750305
vt 1.37604594 0.0179750305
vt 1.37014902 0.0179750305
vt 1.37014902 0.00267618801
vt 1.38194299 0.0179750305
vt 1.37604594 0.0179750305
vt 1.37604594 0.00267618801
vt 1.38784003 0.00267618801
vt 1.38784003 0.0179750305
vt 1.38194299 0.0179750305
vt 1.393736 0.0179750305
vt 1.38784003 0.0179750305
vt 1.38784003 0.00267618801
vt 1.39963198 0.00267618801
vt 1.39963198 0.0179750305
vt 1.393736 0.0179750305
vt 1.40552902 0.0179750305
vt 1.39963198 0.0179750305
vt 1.39963198 0.00267618801
vt 1.41142404 0.00267618801
vt 1.41142404 0.0179750305
vt 1.40552902 0.0179750305
vt 1.41732001 0.0179750305
vt 1.41142404 0.0179750305
vt 1.41142404 0.00267618801
vt 1.42321599 0.00267618801
vt 1.42321599 0.0179750305
vt 1.41732001 0.0179750305
vt 1.42910004 0.00267618801
vt 1.42910004 0.0179750305
vt 1.42321599 0.0179750305
vt 1.38905597 0.255956203
vt 1.38906395 0.291251004
vt 1.37739694 0.291242808
vt 1.37739694 0.291242808
vt 1.37126696 0.290090799
vt 1.37126696 0.256777793
vt 1.36565101 0.287007093
vt 1.36164796 0.282777309
vt 1.37126696 0.290090799
vt 1.35920298 0.277848691
vt 1.35838306 0.272645712
vt 1.36164796 0.282777309
vt 1.35920298 0.267490387
vt 1.36164796 0.262839794
vt 1.35838306 0.272645712
vt 1.36565101 0.259147912
vt 1.37126696 0.256777793
vt 1.36164796 0.262839794
vt 1.37739694 0.255959511
vt 1.38905597 0.255956203
vt 1.37739694 0.291242808
vt 1.37126696 0.290090799
vt 1.36164796 0.282777309
vt 1.37126696 0.256777793
vt 1.35838306 0.272645712
vt 1.36164796 0.262839794
vt 1.37126696 0.256777793
vt 1.37126696 0.256777793
vt 1.37739694 0.255959511
vt 1.37739694 0.291242808
vt 1.36425197 0.0179750305
vt 1.35836697 0.0179750305
vt 1.35836697 0.00267618801
vt 1.42321599 0.248549506
vt 1.42910004 0.248549506
vt 1.42910004 0.255106211
vt 1.42321599 0.255106211
vt 1.41732001 0.255106211
vt 1.41732001 0.248549506
vt 1.41732001 0.248549506
vt 1.41732001 0.255106211
vt 1.41142404 0.255106211
vt 1.41142404 0.255106211
vt 1.40552902 0.255106211
vt 1.40552795 0.248549506
vt 1.40552795 0.248549506
vt 1.40552902 0.255106211
vt 1.39963198 0.255106211
vt 1.39963198 0.255106211
vt 1.393736 0.255106211
vt 1.393736 0.248549506
vt 1.393736 0.248549506
vt 1.393736 0.255106211
vt 1.38784003 0.255106211
vt 1.38784003 0.255106211
vt 1.38194299 0.255106211
vt 1.38194299 0.248549506
vt 1.38194299 0.255106211
vt 1.37604594 0.255106211
vt 1.37604594 0.248549506
vt 1.37604594 0.248549506
vt 1.37604594 0.255106211
vt 1.37014902 0.255106211
vt 1.36425197 0.255106211
vt 1.35836697 0.255106211
vt 1.35836697 0.248549506
vt 1.37014902 0.248549506
vt 1.37014902 0.255106211
vt 1.36425197 0.255106211
vt 1.37014902 0.00267618801
vt 1.37014902 0.0179750305
vt 1.36425197 0.0179750305
vt 1.37604594 0.0179750305
vt 1.37014902 0.0179750305
vt 1.37014902 0.00267618801
vt 1.38194299 0.0179750305
vt 1.37604594 0.0179750305
vt 1.37604594 0.00267618801
vt 1.38784003 0.00267618801
vt 1.38784003 0.0179750305
vt 1.38194299 0.0179750305
vt 1.393736 0.0179750305
vt 1.38784003 0.0179750305
vt 1.38784003 0.00267618801
vt 1.39963198 0.00267618801
vt 1.39963198 0.0179750305
vt 1.393736 0.0179750305
vt 1.40552902 0.0179750305
vt 1.39963198 0.0179750305
vt 1.39963198 0.00267618801
vt 1.41142404 0.0179750305
vt 1.40552902 0.0179750305
vt 1.40552902 0.00267618801
vt 1.41732001 0.00267618801
vt 1.41732001 0.0179750305
vt 1.41142404 0.0179750305
vt 1.42321599 0.00267618801
vt 1.42321599 0.0179750305
vt 1.41732001 0.0179750305
vt 1.42910004 0.00267618801
vt 1.42910004 0.0179750305
vt 1.42321599 0.0179750305
vt 1.35920298 0.277848691
vt 1.35838306 0.272645712
vt 1.36164796 0.282777309
vt 1.35920298 0.267490387
vt 1.36164796 0.262839794
vt 1.35838306 0.272645712
vt 1.36565101 0.259147912
vt 1.37126696 0.256777793
vt 1.36164796 0.262839794
vt 1.37739694 0.255959511
vt 1.38905597 0.255956203
vt 1.38906395 0.291251004
vt 1.38906395 0.291251004
vt 1.37739694 0.291242808
vt 1.37739694 0.255959511
vt 1.37126696 0.290090799
vt 1.36565101 0.287007093
vt 1.36164796 0.282777309
vt 1.36164796 0.282777309
vt 1.35838306 0.272645712
vt 1.36164796 0.262839794
vt 1.36164796 0.262839794
vt 1.37126696 0.256777793
vt 1.37126696 0.290090799
vt 1.37739694 0.255959511
vt 1.37739694 0.291242808
vt 1.37126696 0.290090799
vt 1.37126696 0.290090799
vt 1.36164796 0.282777309
vt 1.36164796 0.262839794
vt 1.36425197 0.0179750305
vt 1.35836697 0.0179750305
vt 1.35836697 0.00267618801
vt 1.42321599 0.248549506
vt 1.42910004 0.248549506
vt 1.42910004 0.255106211
vt 1.42321599 0.255106211
vt 1.41732001 0.255106211
vt 1.41732001 0.248549506
vt 1.41732001 0.248549506
vt 1.41732001 0.255106211
vt 1.41142404 0.255106211
vt 1.41142404 0.255106211
vt 1.40552902 0.255106211
vt 1.40552795 0.248549506
vt 1.40552902 0.255106211
vt 1.39963198 0.255106211
vt 1.39963198 0.248549506
vt 1.39963198 0.255106211
vt 1.393736 0.255106211
vt 1.393736 0.248549506
vt 1.393736 0.248549506
vt 1.393736 0.255106211
vt 1.38784003 0.255106211
vt 1.38783896 0.248549506
vt 1.38784003 0.255106211
vt 1.38194299 0.255106211
vt 1.38194299 0.248549506
vt 1.38194299 0.255106211
vt 1.37604594 0.255106211
vt 1.37604594 0.248549506
vt 1.37604594 0.255106211
vt 1.37014902 0.255106211
vt 1.36425197 0.255106211
vt 1.35836697 0.255106211
vt 1.35836697 0.248549506
vt 1.37014902 0.248549506
vt 1.37014902 0.255106211
vt 1.36425197 0.255106211
vt 1.37014902 0.00267618801
vt 1.37014902 0.0179750305
vt 1.36425197 0.0179750305
vt 1.37604594 0.0179750305
vt 1.37014902 0.0179750305
vt 1.37014902 0.00267618801
vt 1.38194299 0.0179750305
vt 1.37604594 0.0179750305
vt 1.37604594 0.00267618801
vt 1.38784003 0.00267618801
vt 1.38784003 0.0179750305
vt 1.38194299 0.0179750305
vt 1.393736 0.00267618801
vt 1.393736 0.0179750305
vt 1.38784003 0.0179750305
vt 1.39963198 0.0179750305
vt 1.393736 0.0179750305
vt 1.393736 0.00267618801
vt 1.40552902 0.0179750305
vt 1.39963198 0.0179750305
vt 1.39963198 0.00267618801
vt 1.41142404 0.00267618801
vt 1.41142404 0.0179750305
vt 1.40552902 0.0179750305
vt 1.41732001 0.0179750305
vt 1.41142404 0.0179750305
vt 1.41142404 0.00267618801
vt 1.42321599 0.00267618801
vt 1.42321599 0.0179750305
vt 1.41732001 0.0179750305
vt 1.42910004 0.00267618801
vt 1.42910004 0.0179750305
vt 1.42321599 0.0179750305
vt 0.967242599 0.00164675701
vt 0.967242599 0.00144052505
vt 0.967219293 0.00144052505
vt 0.968402922 0.00515651703
vt 0.968402922 0.00513780117
vt 0.966403902 0.00513780117
vt 0.968653798 0.00282555795
vt 0.968653798 0.00111907697
vt 0.968411028 0.00111907697
vt 0.968411028 0.00512975408
vt 0.970410109 0.00512975408
vt 0.970410109 0.00511097908
vt 0.970418215 0.00283372402
vt 0.970418215 0.00454032421
vt 0.970441401 0.00454032421
vt 0.968402922 0.00512975408
vt 0.968402922 0.00511097908
vt 0.966403902 0.00511097908
vt 0.968402922 0.003682971
vt 0.968402922 0.00347667909
vt 0.966403902 0.00347667909
vt 0.970315874 0.00454032421
vt 0.970315874 0.00283372402
vt 0.970292687 0.00283372402
vt 0.970418215 0.00111907697
vt 0.970418215 0.00282555795
vt 0.970441401 0.00282555795
vt 0.970418215 0.00111907697
vt 0.970441401 0.00282555795
vt 0.967054427 0.00153958704
vt 0.970315874 0.00454032421
vt 0.970292687 0.00283372402
vt 0.9670313 0.00133335497
vt 0.970418215 0.00111907697
vt 0.967054427 0.00153958704
vt 0.9670313 0.00133335497
vt 0.967062473 0.00133335497
vt 0.967062473 0.00153958704
vt 0.967085779 0.00153958704
vt 0.970410109 0.0050761099
vt 0.970410109 0.00505745411
vt 0.968411028 0.00505745411
vt 0.969908178 0.00282555795
vt 0.969908178 0.00111907697
vt 0.969665527 0.00111907697
vt 0.966403902 0.0050761099
vt 0.968402922 0.0050761099
vt 0.968402922 0.00505745411
vt 0.966403902 0.00132530904
vt 0.968402922 0.00132530904
vt 0.968402922 0.00111907697
vt 0.969406486 0.00112312997
vt 0.969167829 0.00282555795
vt 0.966403902 0.00132530904
vt 0.966403902 0.00132530904
vt 0.968402922 0.00111907697
vt 0.969406486 0.00112312997
vt 0.970355392 0.00283372402
vt 0.970355392 0.00454032421
vt 0.970378697 0.00454032421
vt 0.970410109 0.00504928781
vt 0.970410109 0.00503063202
vt 0.968411028 0.00503063202
vt 0.968402922 0.00454032421
vt 0.968402922 0.00433409214
vt 0.966403902 0.00433409214
vt 0.969163716 0.00283372402
vt 0.969163716 0.00454032421
vt 0.969406486 0.00454032421
vt 0.968402922 0.00475466205
vt 0.968402922 0.00454842998
vt 0.966403902 0.00454842998
vt 0.968402922 0.00499576284
vt 0.968402922 0.00497710705
vt 0.966403902 0.00497710705
vt 0.967125177 0.00133335497
vt 0.967125177 0.00153958704
vt 0.967148483 0.00153958704
vt 0.970253229 0.00283372402
vt 0.970229983 0.00283372402
vt 0.970229983 0.00454032421
vt 0.968402922 0.00496894121
vt 0.968402922 0.00476270914
vt 0.966403902 0.00476270914
vt 0.967117071 0.00153958704
vt 0.967117071 0.00133335497
vt 0.967093825 0.00133335497
vt 0.970221877 0.00283372402
vt 0.970198572 0.00283372402
vt 0.970198572 0.00454032421
vt 0.966403902 0.00346857309
vt 0.967160702 0.00164675701
vt 0.968402922 0.00326234102
vt 0.966646671 0.00133740902
vt 0.966646671 0.00303995609
vt 0.966905713 0.00180351699
vt 0.966403902 0.00346857309
vt 0.968402922 0.00326234102
vt 0.966646671 0.00133740902
vt 0.968415201 0.00496894121
vt 0.966905713 0.00180351699
vt 0.966646671 0.00303995609
vt 0.970410109 0.00513780117
vt 0.968411028 0.00513780117
vt 0.968411028 0.00515651703
vt 0.970190525 0.00283372402
vt 0.97016722 0.00283372402
vt 0.97016722 0.00454032421
vt 0.970159173 0.00283372402
vt 0.969916403 0.00283372402
vt 0.969916403 0.00454032421
vt 0.970410109 0.00454842998
vt 0.968411028 0.00454842998
vt 0.968411028 0.00475466205
vt 0.969908178 0.00283372402
vt 0.969665527 0.00283372402
vt 0.969665527 0.00454032421
vt 0.970410109 0.00497710705
vt 0.968411028 0.00497710705
vt 0.968411028 0.00499576284
vt 0.9702847 0.00283372402
vt 0.970261276 0.00283372402
vt 0.970261276 0.00454032421
vt 0.968402922 0.00502258493
vt 0.968402922 0.00500386907
vt 0.966403902 0.00500386907
vt 0.969657421 0.00283372402
vt 0.969414592 0.00283372402
vt 0.969414592 0.00454032421
vt 0.968411028 0.00502258493
vt 0.970410109 0.00502258493
vt 0.970410109 0.00500386907
vt 0.97032398 0.00283372402
vt 0.97032398 0.00454032421
vt 0.970347285 0.00454032421
vt 0.968402922 0.00504928781
vt 0.968402922 0.00503063202
vt 0.966403902 0.00503063202
vt 0.970159173 0.00111907697
vt 0.969916403 0.00111907697
vt 0.969916403 0.00282555795
vt 0.968402922 0.003905355
vt 0.966403902 0.003905355
vt 0.966403902 0.004111588
vt 0.966897607 0.00133740902
vt 0.966897607 0.00303995609
vt 0.966408014 0.00325429393
vt 1.38905597 0.255956203
vt 1.38906395 0.291251004
vt 1.37739694 0.255959511
vt 1.37739694 0.291242808
vt 1.37126696 0.290090799
vt 1.37126696 0.256777793
vt 1.36565101 0.287007093
vt 1.36164796 0.282777309
vt 1.37126696 0.290090799
vt 1.35920298 0.277848691
vt 1.35838306 0.272645712
vt 1.36164796 0.282777309
vt 1.35920298 0.267490387
vt 1.36164796 0.262839794
vt 1.35838306 0.272645712
vt 1.36565101 0.259147912
vt 1.37126696 0.256777793
vt 1.36164796 0.262839794
vt 1.37739694 0.255959511
vt 1.38906395 0.291251004
vt 1.37739694 0.291242808
vt 1.37126696 0.290090799
vt 1.36164796 0.282777309
vt 1.35838306 0.272645712
vt 1.35838306 0.272645712
vt 1.36164796 0.262839794
vt 1.37126696 0.290090799
vt 1.37126696 0.256777793
vt 1.37739694 0.255959511
vt 1.37739694 0.291242808
vt 1.35920298 0.267490387
vt 1.36164796 0.262839794
vt 1.35838306 0.272645712
vt 1.36565101 0.259147912
vt 1.37126696 0.256777793
vt 1.36164796 0.262839794
vt 1.37739694 0.255959511
vt 1.38905597 0.255956203
vt 1.38906395 0.291251004
vt 1.38906395 0.291251004
vt 1.37739694 0.291242808
vt 1.37739694 0.255959511
vt 1.37126696 0.290090799
vt 1.36565101 0.287007093
vt 1.36164796 0.282777309
vt 1.36164796 0.282777309
vt 1.35920298 0.277848691
vt 1.35838306 0.272645712
vt 1.35838306 0.272645712
vt 1.36164796 0.262839794
vt 1.36164796 0.282777309
vt 1.37126696 0.256777793
vt 1.37739694 0.255959511
vt 1.37739694 0.291242808
vt 1.37739694 0.291242808
vt 1.37126696 0.290090799
vt 1.37126696 0.256777793
vt 1.36164796 0.282777309
vt 1.36164796 0.262839794
vt 1.37126696 0.256777793
vt 0.970410109 0.00454032421
vt 0.970410109 0.00283372402
vt 0.970386803 0.00283372402
vt 0.966937125 0.00133335497
vt 0.966937125 0.00153958704
vt 0.966960311 0.00153958704
vt 0.970410109 0.00454032421
vt 0.970386803 0.00283372402
vt 0.966937125 0.00133335497
vt 1.35838306 0.272645712
vt 1.35920298 0.267490387
vt 1.36164796 0.262839794
vt 1.36164796 0.262839794
vt 1.36565101 0.259147912
vt 1.37126696 0.256777793
vt 1.37126696 0.256777793
vt 1.37126696 0.290090799
vt 1.36164796 0.262839794
vt 1.38905597 0.255956203
vt 1.38906395 0.291251004
vt 1.37739694 0.291242808
vt 1.37739694 0.291242808
vt 1.37126696 0.290090799
vt 1.37739694 0.255959511
vt 1.36565101 0.287007093
vt 1.36164796 0.282777309
vt 1.37126696 0.290090799
vt 1.35920298 0.277848691
vt 1.35838306 0.272645712
vt 1.36164796 0.282777309
vt 1.36164796 0.262839794
vt 1.37126696 0.290090799
vt 1.36164796 0.282777309
vt 1.38905597 0.255956203
vt 1.37739694 0.291242808
vt 1.37739694 0.255959511
vt 1.36164796 0.282777309
vt 1.35838306 0.272645712
vt 1.36164796 0.262839794
vt 1.38905597 0.255956203
vt 1.38906395 0.291251004
vt 1.37739694 0.255959511
vt 1.37739694 0.291242808
vt 1.37126696 0.290090799
vt 1.37126696 0.256777793
vt 1.36565101 0.287007093
vt 1.36164796 0.282777309
vt 1.37126696 0.290090799
vt 1.35920298 0.277848691
vt 1.35838306 0.272645712
vt 1.36164796 0.282777309
vt 1.35920298 0.267490387
vt 1.36164796 0.262839794
vt 1.35838306 0.272645712
vt 1.36565101 0.259147912
vt 1.37126696 0.256777793
vt 1.36164796 0.262839794
vt 1.37739694 0.255959511
vt 1.38906395 0.291251004
vt 1.37739694 0.291242808
vt 1.37126696 0.290090799
vt 1.36164796 0.282777309
vt 1.35838306 0.272645712
vt 1.35838306 0.272645712
vt 1.36164796 0.262839794
vt 1.37126696 0.290090799
vt 1.37126696 0.256777793
vt 1.37739694 0.255959511
vt 1.37739694 0.291242808
vt 0.966403902 0.00432592584
vt 0.968402922 0.00432592584
vt 0.968402922 0.00411969377
vt 0.966403902 0.00432592584
vt 0.968402922 0.00411969377
vt 0.968900621 0.00283372402
vt 0.970410109 0.00111907697
vt 0.97016722 0.00111907697
vt 0.969163716 0.00282150507
vt 0.966403902 0.00432592584
vt 0.968900621 0.00283372402
vt 0.970410109 0.00282555795
vt 0.970410109 0.00282555795
vt 0.970410109 0.00111907697
vt 0.969163716 0.00282150507
vt 0.966403902 0.00510293199
vt 0.968402922 0.00510293199
vt 0.96714443 0.00154769397
vt 0.96714443 0.00154769397
vt 0.967125177 0.00174987304
vt 0.966403902 0.00510293199
vt 1.37739694 0.291242808
vt 1.37126696 0.290090799
vt 1.37739694 0.255959511
vt 1.36565101 0.287007093
vt 1.36164796 0.282777309
vt 1.37126696 0.290090799
vt 1.35920298 0.277848691
vt 1.35838306 0.272645712
vt 1.36164796 0.282777309
vt 1.35920298 0.267490387
vt 1.36164796 0.262839794
vt 1.35838306 0.272645712
vt 1.36565101 0.259147912
vt 1.37126696 0.256777793
vt 1.36164796 0.262839794
vt 1.37739694 0.255959511
vt 1.38905597 0.255956203
vt 1.38906395 0.291251004
vt 1.38906395 0.291251004
vt 1.37739694 0.291242808
vt 1.37739694 0.255959511
vt 1.36164796 0.282777309
vt 1.35838306 0.272645712
vt 1.36164796 0.262839794
vt 1.36164796 0.262839794
vt 1.37126696 0.256777793
vt 1.37126696 0.290090799
vt 1.37739694 0.255959511
vt 1.37126696 0.290090799
vt 1.37126696 0.256777793
vt 0.966654778 0.00303584291
vt 0.966654778 0.00133335497
vt 0.968398929 0.00304806209
vt 1.36164796 0.282777309
vt 1.35920298 0.277848691
vt 1.35838306 0.272645712
vt 1.35838306 0.272645712
vt 1.35920298 0.267490387
vt 1.36164796 0.262839794
vt 1.36164796 0.262839794
vt 1.36565101 0.259147912
vt 1.37126696 0.256777793
vt 1.37126696 0.256777793
vt 1.37739694 0.255959511
vt 1.37739694 0.291242808
vt 1.38905597 0.255956203
vt 1.38906395 0.291251004
vt 1.37739694 0.291242808
vt 1.37739694 0.291242808
vt 1.37126696 0.290090799
vt 1.37126696 0.256777793
vt 1.36565101 0.287007093
vt 1.36164796 0.282777309
vt 1.37126696 0.290090799
vt 1.35838306 0.272645712
vt 1.36164796 0.262839794
vt 1.37126696 0.256777793
vt 1.37739694 0.255959511
vt 1.38905597 0.255956203
vt 1.37739694 0.291242808
vt 1.37126696 0.290090799
vt 1.36164796 0.282777309
vt 1.35838306 0.272645712
vt 0.967023075 0.00175392604
vt 0.967148483 0.00155174697
vt 0.967148483 0.00175392604
vt 0.967156589 0.00170040096
vt 0.967179775 0.00170040096
vt 0.967148483 0.00176602602
vt 1.35920298 0.267490387
vt 1.36164796 0.262839794
vt 1.35838306 0.272645712
vt 1.36565101 0.259147912
vt 1.37126696 0.256777793
vt 1.36164796 0.262839794
vt 1.37739694 0.255959511
vt 1.38905597 0.255956203
vt 1.38906395 0.291251004
vt 1.38906395 0.291251004
vt 1.37739694 0.291242808
vt 1.37739694 0.255959511
vt 1.37126696 0.290090799
vt 1.36565101 0.287007093
vt 1.36164796 0.282777309
vt 1.36164796 0.282777309
vt 1.35920298 0.277848691
vt 1.35838306 0.272645712
vt 1.35838306 0.272645712
vt 1.36164796 0.262839794
vt 1.36164796 0.282777309
vt 1.37126696 0.256777793
vt 1.37739694 0.255959511
vt 1.37739694 0.291242808
vt 1.37739694 0.291242808
vt 1.37126696 0.290090799
vt 1.37126696 0.256777793
vt 1.36164796 0.282777309
vt 1.36164796 0.262839794
vt 1.37126696 0.256777793
vt 0.954637825 0.000381852005
vt 0.954637825 0.0103817498
vt 0.952621877 0.0103817498
vt 0.950605929 0.000381852005
vt 0.952621818 0.000381852005
vt 0.952621818 0.0103817498
vt 0.958589911 0.00141084101
vt 0.95820272 0.00141084101
vt 0.95820272 0.00115358795
vt 0.956653714 0.0103817498
vt 0.956653714 0.000381852005
vt 0.957041025 0.000381852005
vt 0.95820272 0.000639135018
vt 0.95820272 0.000381852005
vt 0.958589911 0.000381852005
vt 0.957815528 0.0103817498
vt 0.957815528 0.000381852005
vt 0.95820272 0.000381852005
vt 0.956653714 0.000381852005
vt 0.956653714 0.0103817498
vt 0.954637825 0.0103817498
vt 0.948589921 0.000381852005
vt 0.950605929 0.000381852005
vt 0.950605929 0.0103817498
vt 0.958589911 0.000896389014
vt 0.95820272 0.000896418991
vt 0.95820272 0.000639135018
vt 0.957041025 0.0103817498
vt 0.957041025 0.000381852005
vt 0.957428217 0.000381852005
vt 0.95820272 0.00115358795
vt 0.95820272 0.000896418991
vt 0.958589911 0.000896418991
vt 0.957428217 0.0103817498
vt 0.957428217 0.000381852005
vt 0.957815528 0.000381852005
vt 0.933045805 0.00154524995
vt 0.932319403 0.00115138199
vt 0.9330796 0.001091182
vt 0.932328224 0.00103431905
vt 0.9330796 0.001091182
vt 0.932319403 0.00115138199
vt 0.933731616 0.00145667698
vt 0.933731616 0.00145667698
vt 0.933624923 0.00144940603
vt 0.933624923 0.00144940603
vt 0.933117509 0.00154495204
vt 0.933045805 0.00154524995
vt 0.933045805 0.00154524995
vt 0.9330796 0.001091182
vt 0.933731616 0.00145667698
vt 0.933117509 0.00154495204
vt 0.933045805 0.00154524995
vt 0.933045805 0.00154524995
vt 1.36164796 0.262839794
vt 1.36565101 0.259147912
vt 1.37126696 0.256777793
vt 1.37126696 0.256777793
vt 1.37739694 0.255959511
vt 1.37739694 0.291242808
vt 1.38905597 0.255956203
vt 1.38906395 0.291251004
vt 1.37739694 0.291242808
vt 1.37739694 0.291242808
vt 1.37126696 0.290090799
vt 1.37126696 0.256777793
vt 1.36565101 0.287007093
vt 1.36164796 0.282777309
vt 1.37126696 0.290090799
vt 1.35920298 0.277848691
vt 1.35838306 0.272645712
vt 1.36164796 0.282777309
vt 1.35920298 0.267490387
vt 1.36164796 0.262839794
vt 1.35838306 0.272645712
vt 1.37739694 0.255959511
vt 1.38905597 0.255956203
vt 1.37739694 0.291242808
vt 1.37126696 0.290090799
vt 1.36164796 0.282777309
vt 1.37126696 0.256777793
vt 1.35838306 0.272645712
vt 1.36164796 0.262839794
vt 1.37126696 0.256777793
vt 1.36565101 0.287007093
vt 1.36164796 0.282777309
vt 1.37126696 0.290090799
vt 1.35920298 0.277848691
vt 1.35838306 0.272645712
vt 1.36164796 0.282777309
vt 1.35920298 0.267490387
vt 1.36164796 0.262839794
vt 1.35838306 0.272645712
vt 1.36565101 0.259147912
vt 1.37126696 0.256777793
vt 1.36164796 0.262839794
vt 1.37739694 0.255959511
vt 1.38905597 0.255956203
vt 1.38906395 0.291251004
vt 1.38906395 0.291251004
vt 1.37739694 0.291242808
vt 1.37739694 0.255959511
vt 1.37126696 0.290090799
vt 1.36164796 0.282777309
vt 1.35838306 0.272645712
vt 1.35838306 0.272645712
vt 1.36164796 0.262839794
vt 1.37126696 0.256777793
vt 1.37126696 0.256777793
vt 1.37739694 0.255959511
vt 1.37739694 0.291242808
vt 1.37739694 0.291242808
vt 1.37126696 0.290090799
vt 1.37126696 0.256777793
vt 1.35920298 0.267490387
vt 1.36164796 0.262839794
vt 1.35838306 0.272645712
vt 1.36565101 0.259147912
vt 1.37126696 0.256777793
vt 1.36164796 0.262839794
vt 1.37739694 0.255959511
vt 1.38905597 0.255956203
vt 1.38906395 0.291251004
vt 1.38906395 0.291251004
vt 1.37739694 0.291242808
vt 1.37739694 0.255959511
vt 1.37126696 0.290090799
vt 1.36565101 0.287007093
vt 1.36164796 0.282777309
vt 1.36164796 0.282777309
vt 1.35920298 0.277848691
vt 1.35838306 0.272645712
vt 1.35838306 0.272645712
vt 1.36164796 0.262839794
vt 1.36164796 0.282777309
vt 1.37126696 0.256777793
vt 1.37739694 0.255959511
vt 1.37739694 0.291242808
vt 1.37739694 0.291242808
vt 1.37126696 0.290090799
vt 1.37126696 0.256777793
vt 1.36164796 0.282777309
vt 1.36164796 0.262839794
vt 1.37126696 0.290090799
vt 1.35920298 0.267490387
vt 1.36164796 0.262839794
vt 1.35838306 0.272645712
vt 1.36565101 0.259147912
vt 1.37126696 0.256777793
vt 1.36164796 0.262839794
vt 1.37739694 0.255959511
vt 1.38905597 0.255956203
vt 1.38906395 0.291251004
vt 1.38906395 0.291251004
vt 1.37739694 0.291242808
vt 1.37739694 0.255959511
vt 1.37126696 0.290090799
vt 1.36565101 0.287007093
vt 1.36164796 0.282777309
vt 1.36164796 0.282777309
vt 1.35920298 0.277848691
vt 1.35838306 0.272645712
vt 1.35838306 0.272645712
vt 1.36164796 0.262839794
vt 1.36164796 0.282777309
vt 1.37126696 0.256777793
vt 1.37739694 0.255959511
vt 1.37739694 0.291242808
vt 1.37739694 0.291242808
vt 1.37126696 0.290090799
vt 1.37126696 0.256777793
vt 1.36164796 0.282777309
vt 1.36164796 0.262839794
vt 1.37126696 0.290090799
vt 0.96915561 0.00282555795
vt 0.967156589 0.00164270401
vt 0.967207074 0.00144052505
vt 0.969414592 0.00282150507
vt 0.969414592 0.00111907697
vt 0.968398929 0.003691077
vt 0.933631718 0.00165230001
vt 0.933624923 0.00144940603
vt 0.933731616 0.00145667698
vt 0.933731616 0.00145667698
vt 0.933814704 0.00530636311
vt 0.933631718 0.00165230001
vt 0.933702111 0.00532233715
vt 0.933702409 0.00510931015
vt 0.933814704 0.00530636311
vt 0.944759905 0.0164166
vt 0.944759905 0.0164166
vt 0.942471802 0.0164166
vt 0.969657421 0.00282555795
vt 0.966408014 0.00389730907
vt 0.969657421 0.00112312997
vt 0.968661904 0.00111907697
vt 0.968661904 0.00282555795
vt 0.968904674 0.00282555795
vt 0.969657421 0.00112312997
vt 0.966408014 0.00389730907
vt 0.968661904 0.00111907697
vt 0.933702409 0.00510931015
vt 0.933702111 0.00532233715
vt 0.933171809 0.00525403023
vt 0.933175623 0.00506168604
vt 0.933171809 0.00525403023
vt 0.933095396 0.00525748683
vt 0.933136523 0.00172472
vt 0.933117509 0.00154495204
vt 0.933624923 0.00144940603
vt 0.933059216 0.00173145498
vt 0.933045805 0.00154524995
vt 0.933117509 0.00154495204
vt 1.35838306 0.272645712
vt 1.35920298 0.267490387
vt 1.36164796 0.262839794
vt 1.36164796 0.262839794
vt 1.36565101 0.259147912
vt 1.37126696 0.256777793
vt 1.37126696 0.256777793
vt 1.37126696 0.290090799
vt 1.36164796 0.262839794
vt 1.38905597 0.255956203
vt 1.38906395 0.291251004
vt 1.37739694 0.291242808
vt 1.37739694 0.291242808
vt 1.37126696 0.290090799
vt 1.37739694 0.255959511
vt 1.36565101 0.287007093
vt 1.36164796 0.282777309
vt 1.37126696 0.290090799
vt 1.35920298 0.277848691
vt 1.35838306 0.272645712
vt 1.36164796 0.282777309
vt 1.36164796 0.262839794
vt 1.37126696 0.290090799
vt 1.36164796 0.282777309
vt 1.38905597 0.255956203
vt 1.37739694 0.291242808
vt 1.37739694 0.255959511
vt 1.36164796 0.282777309
vt 1.35838306 0.272645712
vt 1.36164796 0.262839794
vt 0.96915561 0.00454032421
vt 0.96915561 0.00283372402
vt 0.96891278 0.00283372402
vt 0.970405996 0.00476270914
vt 0.968411028 0.0049648881
vt 0.96915561 0.00454032421
vt 0.96915561 0.00454032421
vt 0.96891278 0.00283372402
vt 0.970405996 0.00476270914
vt 1.36164796 0.282777309
vt 1.35920298 0.277848691
vt 1.35838306 0.272645712
vt 1.35838306 0.272645712
vt 1.35920298 0.267490387
vt 1.36164796 0.262839794
vt 1.36164796 0.262839794
vt 1.36565101 0.259147912
vt 1.37126696 0.256777793
vt 1.37126696 0.256777793
vt 1.37739694 0.255959511
vt 1.37739694 0.291242808
vt 1.38905597 0.255956203
vt 1.38906395 0.291251004
vt 1.37739694 0.291242808
vt 1.37739694 0.291242808
vt 1.37126696 0.290090799
vt 1.37126696 0.256777793
vt 1.36565101 0.287007093
vt 1.36164796 0.282777309
vt 1.37126696 0.290090799
vt 1.35838306 0.272645712
vt 1.36164796 0.262839794
vt 1.37126696 0.256777793
vt 1.37739694 0.255959511
vt 1.38905597 0.255956203
vt 1.37739694 0.291242808
vt 1.37126696 0.290090799
vt 1.36164796 0.282777309
vt 1.35838306 0.272645712
vt 1.35838306 0.272645712
vt 1.35920298 0.267490387
vt 1.36164796 0.262839794
vt 1.36164796 0.262839794
vt 1.36565101 0.259147912
vt 1.37126696 0.256777793
vt 1.37126696 0.256777793
vt 1.37126696 0.290090799
vt 1.36164796 0.262839794
vt 1.38905597 0.255956203
vt 1.38906395 0.291251004
vt 1.37739694 0.291242808
vt 1.37739694 0.291242808
vt 1.37126696 0.290090799
vt 1.37739694 0.255959511
vt 1.36565101 0.287007093
vt 1.36164796 0.282777309
vt 1.37126696 0.290090799
vt 1.35920298 0.277848691
vt 1.35838306 0.272645712
vt 1.36164796 0.282777309
vt 1.36164796 0.262839794
vt 1.37126696 0.290090799
vt 1.36164796 0.282777309
vt 1.38905597 0.255956203
vt 1.37739694 0.291242808
vt 1.37739694 0.255959511
vt 1.36164796 0.282777309
vt 1.35838306 0.272645712
vt 1.36164796 0.262839794
vn 0.100000001 0 0
vn 0 6.5168301e-08 -0.100000001
vn -0.100000001 0 0
vn 0 -6.5168301e-08 0.100000001
vn -0.100000001 2.30298901e-05 1.81363139e-05
vn 2.74670001e-05 0.0760437623 0.0649411082
vn 0.0707320571 0.0499848574 0.0499849245
vn 0.0690065026 0.0550379232 0.0469992869
vn -2.74675986e-05 -0.0707106367 -0.0707107335
vn -0.0690074787 -0.0469968356 -0.0550387688
vn -2.74675003e-05 -0.0649392381 -0.0760453641
vn -0.0673733801 -0.0335401557 -0.0658474565
vn -2.44154999e-05 -0.0453975499 -0.0891014263
vn -2.13634012e-05 -0.015641015 -0.0987692252
vn -0.0673716292 0.0115730073 -0.0729871914
vn -1.52596003e-05 0.0156411454 -0.0987692028
vn -0.0673594698 0.0335775353 -0.0658426285
vn -9.15582041e-06 0.0453976691 -0.0891013667
vn 0 0.0707107261 -0.0707106367
vn -0.0673310533 0.0658875257 -0.0335464589
vn 9.15582041e-06 0.0891014263 -0.0453975536
vn -0.0673418567 0.0730185285 -0.0115486328
vn 1.52596003e-05 0.0987692252 -0.015641015
vn 2.13634012e-05 0.0987692028 0.0156411435
vn -0.0673414543 0.0730150342 0.0115730679
vn 2.44154999e-05 0.0891013667 0.0453976691
vn -0.0706917271 0.0500118472 0.0500149652
vn 2.74675003e-05 0.0760452822 0.0649393424
vn -0.0689645931 0.0550691001 0.0470242649
vn 0.0673800856 0.0658388436 0.0335435942
vn 0.0673863739 0.0729774684 0.011548508
vn 2.7467102e-05 0.0891001299 0.0454000868
vn 0.0673618913 0.0729957297 -0.0115758628
vn 6.10388042e-06 0.0891014263 -0.0453975536
vn 0.067367889 0.0658389181 -0.0335679278
vn 0.0673589855 0.0522489399 -0.0522763468
vn -6.10380039e-06 0.0454000905 -0.0891001299
vn 0.067356661 0.0335288271 -0.0658703297
vn 0.0673420951 0.0115457177 -0.0730187744
vn -2.13633011e-05 -0.0156439841 -0.0987687558
vn 0.0673258454 -0.0115698623 -0.0730299279
vn -2.74675003e-05 -0.0453975499 -0.0891014263
vn 0.0673369989 -0.0335707963 -0.0658690482
vn 0.0689637735 -0.0470297337 -0.0550654493
vn 0.0706891119 -0.0500152186 -0.0500152856
vn -2.74669001e-05 -0.0649377331 -0.0760466382
vn 0.100000001 -1.06464795e-05 -3.2087708e-05
vn -0.100000001 1.64498852e-05 2.20000111e-05
vn 0.0690100715 0.0550383404 0.0469935276
vn -0.0707320571 -0.0499848574 -0.0499849245
vn -0.0690064952 -0.0469992049 -0.0550379828
vn -0.0673770607 -0.033543516 -0.0658419579
vn -0.067375429 -0.0115455724 -0.0729880333
vn -0.0673709512 0.0335619152 -0.0658388734
vn -0.0673534945 0.0522829928 -0.0522493571
vn -0.067344524 0.0658765584 -0.033540979
vn 6.10380039e-06 0.0891001895 -0.0453999713
vn -0.0673403516 0.073019959 -0.0115483729
vn 2.13633011e-05 0.0987687334 0.0156441145
vn -0.0673369989 0.0658690035 0.0335708857
vn 2.74675003e-05 0.0891013667 0.0453976691
vn -0.0689647645 0.0550661795 0.0470274277
vn 2.44155999e-05 0.0707106367 0.0707107335
vn 2.44154999e-05 0.0760480687 0.0649360642
vn 0.0673733801 0.0658474118 0.0335402451
vn 0.0673588812 0.0730018765 0.0115546081
vn 0.0673716292 0.0729872063 -0.0115729123
vn 0.0673406795 0.0658635721 -0.0335741676
vn 0 0.070712246 -0.0707091093
vn 0.0673545748 0.0522502661 -0.0522807129
vn 0.0673475415 0.0335410535 -0.0658734292
vn 0.0673437491 0.0115454774 -0.0730172768
vn 0.0673455745 -0.0115817823 -0.0730098411
vn 0.0673353299 -0.033571478 -0.0658704042
vn 0.0689635873 -0.0470265634 -0.0550683625
vn 0.100000001 -5.32320155e-06 -2.85623046e-05
vn 2.74675986e-05 0.0707106367 0.0707107335
vn 0.0690073073 0.0550416224 0.0469937362
vn -2.74670001e-05 -0.0707091093 -0.0707122535
vn -0.06900765 -0.0469999947 -0.0550358482
vn -2.74670001e-05 -0.064940989 -0.0760438442
vn -2.7467102e-05 -0.0453999713 -0.0891001895
vn -0.0673707649 -0.0115453023 -0.0729923844
vn -0.0673682243 0.0115760081 -0.0729898661
vn -0.0673562437 0.0522797145 -0.0522491224
vn -0.0673364624 0.0658868402 -0.0335369594
vn -0.0673202872 0.0730335638 0.0115792071
vn -0.0706891119 0.0500152186 0.0500152856
vn -0.0689635873 0.0550683029 0.0470266379
vn 0.0673717111 0.0658487678 0.0335409231
vn 0.0673610345 0.073000893 0.0115483478
vn 0.0673701242 0.0729886293 -0.0115726627
vn 0.0673867092 0.0658210814 -0.0335651264
vn 1.52595003e-05 0.0987687483 -0.0156439859
vn 0.0673562437 0.0522491932 -0.0522796474
vn 0.0673559904 0.0335254483 -0.0658727288
vn 0.0673435256 0.0115484875 -0.0730170235
vn 0.0673076138 -0.011579033 -0.0730452836
vn 0.0673383474 -0.0335714631 -0.0658673197
vn 0.0689611807 -0.047033105 -0.0550658256
vn 0.0690074787 0.0550387092 0.0469969064
vn -0.0673747286 -0.0335408263 -0.0658457205
vn -0.0673534498 0.033571478 -0.0658518672
vn -0.0673438311 0.065875873 -0.0335436873
vn -0.0673435256 0.0730170384 -0.0115483925
vn -0.0673383474 0.065867275 0.0335715525
vn -0.0689611807 0.0550657623 0.0470331758
vn 2.74669001e-05 0.0760465562 0.06493783
vn 0.0673777536 0.0658425987 0.0335408933
vn 0.0673834309 0.0729806572 0.0115454774
vn 0.0673682243 0.072989881 -0.0115759131
vn 0.0673957989 0.0658149272 -0.0335589871
vn 0.0673600659 0.0522467233 -0.0522771738
vn 0.0673317388 0.0335438363 -0.0658881515
vn 0.0673469305 0.0115454877 -0.0730143562
vn 0.0673536435 -0.011579073 -0.0730028301
vn 0.0673339739 -0.0335708074 -0.0658721328
vn 0.100000001 -2.14258853e-05 -2.10429153e-05
vn 0.0690048859 0.055039078 0.0470002778
vn -0.0673768595 -0.0115483524 -0.0729862675
vn -0.0673648715 0.0335680358 -0.0658419505
vn -9.15569035e-06 0.0454000905 -0.0891001299
vn -0.0673129037 0.0659029335 -0.0335526355
vn -0.0673224255 0.0730325803 0.0115729477
vn -0.0689610168 0.0550686717 0.0470300056
vn 0.0673739314 0.0729894489 0.0115454178
vn 0.0673648715 0.0658419952 -0.0335679464
vn 0.067325674 0.033549957 -0.0658912361
vn 0.067344144 -0.0115790125 -0.0730115995
vn 0.0689647645 -0.0470273532 -0.0550662428
vn 0.0690063164 0.0550408438 0.0469961166
vn -2.44155999e-05 -0.0707106367 -0.0707107335
vn -0.0673763976 -0.0335401371 -0.0658443719
vn -2.44152016e-05 -0.0453999713 -0.0891001895
vn -0.06735643 -0.0115454532 -0.0730055869
vn -0.0673684627 0.011572998 -0.0729901269
vn -1.83115008e-05 0.0156411454 -0.0987692028
vn -0.0673655421 0.0522737131 -0.0522431284
vn -0.0673468858 0.0658758655 -0.0335375778
vn -0.0673405901 0.0730202198 -0.0115453629
vn -0.0673255995 0.0730296522 0.0115729673
vn -0.0689620003 0.0550694726 0.0470276289
vn 0.0673747286 0.0658456758 0.033540912
vn 0.0673673674 0.0729950368 0.0115483878
vn 0.0673698932 0.072988376 -0.0115756728
vn 0.0673534498 0.0658519119 -0.0335713886
vn 0.0673578978 0.0522481129 -0.0522785671
vn 0.0673596486 0.0335349068 -0.0658641681
vn 0.0673403516 0.0115484679 -0.0730199441
vn 0.0673526227 -0.0115727931 -0.0730047598
vn 0.0673353523 -0.0335653834 -0.0658734813
vn 0.0689645931 -0.0470241942 -0.0550691634
vn 0.0706917271 -0.0500148982 -0.0500119142
vn -0.100000001 2.12927171e-05 -2.45884858e-05
vn 0.100000001 -1.63671139e-05 2.25431904e-05
vn -2.74670001e-05 -0.070712246 0.0707091093
vn -0.0690074787 -0.0550387688 0.0469968356
vn -2.74669001e-05 -0.0760466456 0.0649377331
vn 2.44155999e-05 0.0707107261 -0.0707106367
vn 0.0690063164 0.0469961204 -0.0550408438
vn 2.74675003e-05 0.0649393424 -0.0760452822
vn 0.0673747286 0.0335409157 -0.0658456758
vn 2.7467102e-05 0.0454000905 -0.0891001299
vn 0.0673593506 0.0115485881 -0.0730023831
vn 2.13634012e-05 0.0156411454 -0.0987692028
vn 1.52596003e-05 -0.015641015 -0.0987692252
vn 0.0673652887 -0.0115728723 -0.0729930624
vn 9.15569035e-06 -0.0453999713 -0.0891001895
vn 0.0673533678 -0.0335896574 -0.0658426806
vn 0 -0.0707091093 -0.0707122535
vn 0.0673317388 -0.0658881515 -0.0335438326
vn -6.10380039e-06 -0.0891001299 -0.0454000868
vn 0.0673374161 -0.0730231255 -0.0115454281
vn -1.52596003e-05 -0.0987692103 -0.0156411435
vn -2.13633011e-05 -0.0987687483 0.0156439859
vn 0.0673383772 -0.0658704042 0.033565376
vn -2.74667e-05 -0.0891020522 0.0453963205
vn 0.0689635873 -0.0550683625 0.0470265672
vn -2.44155999e-05 -0.0707107261 0.0707106367
vn -2.74674003e-05 -0.0760481581 0.0649359599
vn -0.0673777536 -0.0658426434 0.0335408077
vn -0.0673744828 -0.0729869977 0.0115576228
vn -0.0673713908 -0.0729869381 -0.0115760174
vn -0.0673504323 -0.0658549517 -0.0335714929
vn 0 -0.0707106367 -0.0707107335
vn -0.0673589855 -0.0522488728 -0.0522764139
vn -0.0673408359 -0.0335376151 -0.0658820346
vn -0.0673403516 -0.0115483729 -0.073019959
vn -0.0673333853 0.0115757873 -0.0730220526
vn 2.74675003e-05 0.0453976691 -0.0891013667
vn -0.0673376918 0.0335681736 -0.065869689
vn -0.0689635873 0.0470266379 -0.0550683029
vn -0.0706917271 0.0500149652 -0.0500118472
vn -0.100000001 2.28240897e-05 1.63783152e-05
vn -2.74675986e-05 -0.0707107261 0.0707106367
vn -2.74675003e-05 -0.0760453716 0.0649392381
vn 0.0707320571 0.0499849245 -0.0499848574
vn 0.0690064952 0.0469992794 -0.0550379232
vn 0.0673496127 0.0115515376 -0.0730109066
vn 1.52595003e-05 -0.0156439841 -0.0987687558
vn 0.0673369393 -0.033582978 -0.0658629015
vn 6.10380039e-06 -0.0453999713 -0.0891001895
vn 0.0673679709 -0.0658480972 -0.0335497409
vn 0.0673397109 -0.0730162114 0.0115757324
vn -2.44152016e-05 -0.0987687483 0.0156439859
vn -2.7467102e-05 -0.0891032815 0.0453938916
vn -0.0673763976 -0.0658443719 0.0335401371
vn -0.0673493817 -0.0730106682 0.0115544526
vn -2.74675003e-05 -0.0891014263 0.0453975536
vn -1.52595003e-05 -0.0987687334 -0.0156441145
vn -0.0673779622 -0.0729813427 -0.0115730483
vn -9.15569035e-06 -0.0891001299 -0.0454000868
vn -0.067352131 -0.0658566803 -0.0335647129
vn -0.0673551634 -0.0522513464 -0.0522788763
vn -0.0673384517 -0.0335471071 -0.0658796281
vn 0 -0.0707121566 -0.0707091987
vn -0.0673435256 -0.0115483925 -0.0730170384
vn -0.0673200488 0.0115822172 -0.073033303
vn -0.0673369989 0.0335708857 -0.0658690035
vn -0.0689637735 0.0470298082 -0.055065386
vn -0.0706891119 0.0500152856 -0.0500152223
vn -0.0707309768 -0.0499872044 0.04998409
vn -0.0690065026 -0.0550379828 0.0469992124
vn 2.74675986e-05 0.0707107261 -0.0707106367
vn 0.0690074787 0.0469969101 -0.0550387092
vn 2.44154999e-05 0.0453976691 -0.0891013667
vn 0.0673751906 0.0115486775 -0.0729877502
vn 0.0673571452 -0.0335747562 -0.0658464283
vn 6.10388042e-06 -0.0453975499 -0.0891014263
vn 0.0673650056 -0.0658573285 -0.0335375741
vn 0.0673435256 -0.0730170235 -0.0115484875
vn 0.0673369989 -0.0658690482 0.0335708
vn 0.0689647645 -0.0550662391 0.0470273569
vn -0.0673770607 -0.0658419579 0.033543516
vn -0.0673337802 -0.0730255544 0.011551342
vn -2.7467102e-05 -0.0891001895 0.0453999713
vn -0.0673747882 -0.0729842633 -0.0115730278
vn -9.15582041e-06 -0.0891013667 -0.0453976691
vn -0.0673745796 -0.0658272207 -0.0335774645
vn -0.0673562437 -0.0522491261 -0.0522797145
vn -0.0673475415 -0.0335409641 -0.0658734739
vn -0.0673353299 0.0335715674 -0.0658703595
vn -0.0689647645 0.0470274277 -0.0550661795
vn -0.0706906393 0.0500142016 -0.0500141345
vn -0.0690063164 -0.0550409034 0.0469960459
vn 0.069003731 0.0469994769 -0.0550412126
vn 2.44155999e-05 0.0649393424 -0.0760452822
vn 2.44152016e-05 0.0454000905 -0.0891001299
vn 0.0673802719 0.0115454579 -0.0729835853
vn 0.0673682243 -0.0115759131 -0.072989881
vn 0.0673535019 -0.0522768274 -0.0522555336
vn 0.0673542693 -0.0658679307 -0.0335383043
vn 0.0673469305 -0.0730143562 -0.0115454877
vn -1.22077008e-05 -0.0987692103 -0.0156411435
vn 0.0673314705 -0.0730233118 0.0115789324
vn -2.13634012e-05 -0.0987692177 0.015641015
vn 0.0673346594 -0.0658728033 0.0335680991
vn -0.0673781261 -0.0729845911 0.0115516223
vn -0.0673682243 -0.0729898661 -0.0115760081
vn -0.0673497394 -0.0658542812 -0.0335742049
vn -0.0673340708 -0.0335464366 -0.0658844411
vn -0.0673431233 0.0115728378 -0.0730135292
vn -0.0673346594 0.0335681848 -0.0658727586
vn 2.74670001e-05 0.0649410933 -0.0760437623
vn 0.100000001 -2.12930136e-05 1.98921862e-05
vn -0.0707320571 -0.0499849245 0.0499848574
vn 0.0707309768 0.0499841571 -0.0499871373
vn 0.0690048859 0.0470002778 -0.055039078
vn 0.0673493817 0.0115545476 -0.0730106533
vn 2.13633011e-05 0.0156441145 -0.0987687334
vn 0.0673450306 -0.0335809067 -0.0658556819
vn 0.067340143 -0.0658813193 -0.0335404016
vn -6.10388042e-06 -0.0891013667 -0.0453976691
vn 0.0673376918 -0.0658697337 0.033568088
vn -2.44154999e-05 -0.0891014263 0.0453975536
vn -0.0673747286 -0.0658457205 0.0335408263
vn -0.0673641935 -0.0729979649 0.0115482733
vn -0.0673406795 -0.0658635274 -0.0335742533
vn -0.067325674 -0.0335498676 -0.0658912808
vn -0.0673443675 0.0115760975 -0.0730118454
vn -0.100000001 1.59693136e-05 -2.32531893e-05
vn 0.0673561916 0.0115485583 -0.0730053112
vn 0.0673713908 -0.0115759224 -0.072986953
vn 0.0673473775 -0.0335775055 -0.0658549964
vn 0.0673347414 -0.0658819973 -0.0335499123
vn 0.0673346445 -0.0730203763 0.0115789529
vn 0.0673370212 -0.0658721328 0.0335647054
vn -2.74670001e-05 -0.0707091987 0.0707121566
vn -0.0673705265 -0.0729921162 0.0115483124
vn -0.0673716292 -0.0729871914 -0.0115730073
vn -0.0673641786 -0.065841265 -0.0335707441
vn -0.0673507527 -0.0522526577 -0.0522832312
vn -0.0673370883 -0.0335464254 -0.065881364
vn -0.0673187897 0.0115789482 -0.0730349943
vn -0.0999999121 -0.000134474001 -8.76344206e-11
vn 0.100000001 3.70922031e-08 2.41723569e-14
vn 9.18577996e-08 -0.0999102294 0.00423620874
vn 4.51084006e-08 -0.0702313632 -0.071186766
vn -0.0326321013 0.0668135583 -0.0668662563
vn -1.31597009e-08 -0.00435302313 -0.0999052301
vn 0.0288461894 0.0676934198 -0.0677163303
vn -0.04498595 0.00396012189 0.0892220959
vn 0.0405541807 0.00406163884 0.0913173705
vn -0.0999999717 -8.13657337e-08 8.35281971e-05
vn 0.100000001 8.2731205e-08 5.39145178e-14
vn 1.17283003e-06 -1.77454694e-05 0.100000001
vn -0.0999999866 -4.79846349e-05 5.02597686e-05
vn -1.27522002e-08 -0.00426276308 -0.0999091119
vn 1.81530995e-05 0.0713840872 -0.070030801
vn -8.96421e-08 0.099903971 -0.00438157283
vn -0.0323773213 0.0668575689 0.0669460744
vn 2.00493009e-08 -0.00102416228 0.0999947637
vn -0.025960682 -0.0964770988 0.00426764134
vn -0.100000001 2.11808001e-05 1.38031678e-11
vn 0.0999998003 0.000202524592 -2.49110172e-08
vn 7.07682034e-07 0.100000001 1.77532693e-05
vn 9.83873979e-05 -0.0999999568 -9.03290857e-06
vn 1.06960999e-06 -0.100000001 -1.77379698e-05
vn 0.0999999568 0.000102353006 -6.10629982e-08
vn -8.86563001e-08 0.0999071151 -0.00430949917
vn -4.64949999e-08 0.0698508173 0.0715602264
vn -0.100000001 -5.52690972e-06 -5.03640592e-07
vn 0.0291131586 -0.0676625222 0.0676328912
vn -5.53184009e-06 0.00433485489 0.099906005
vn 0.100000001 1.11152003e-05 7.24358724e-12
vn -0.0323646031 -0.0669171363 0.066892691
vn 0 0.00102407823 -0.0999947712
vn -0.0259679109 -0.00430324301 -0.0964735821
vn 0.0228904001 -0.00433216291 -0.0972484574
vn 0.0228790101 -0.00433004042 -0.0972512439
vn -0.0259603895 -0.00429853424 -0.0964758024
vn -0.100000001 -6.84482018e-08 -4.46065304e-14
vn 0.0999998301 1.65338392e-07 0.000191205705
vn 1.47807009e-06 -1.7801869e-05 0.100000001
vn 9.77909003e-05 9.03860837e-06 -0.0999999568
vn 5.94449034e-07 1.77454694e-05 -0.100000001
vn -0.100000001 -3.87448011e-08 -2.52493288e-14
vn 0.0999999717 1.06446663e-07 8.9524503e-05
vn 1.59408007e-08 0.0042271018 0.0999106243
vn 8.86311042e-08 -0.0715602711 0.0698507577
vn -0.100000001 -6.56566854e-08 -2.52624428e-08
vn -0.100000001 -6.6067507e-08 -4.30550676e-14
vn 8.44226022e-08 -0.0999084786 0.00427743793
vn 0.100000001 -4.44525031e-05 -2.89689401e-11
vn -0.0259716101 0.0964743942 -0.00426244922
vn 0.023048779 0.097208932 -0.00437939353
vn -0.025958389 0.0964779407 -0.00426260429
vn -0.0999999568 0.000105762403 6.89235613e-11
vn 0.0999999866 -5.16412038e-05 -3.36536944e-11
vn -7.51815969e-06 0.100000001 9.04146873e-06
vn -8.04708034e-05 0.0999999717 1.77488691e-05
vn 8.16703007e-08 -0.0999970064 0.000776321045
vn 0.100000001 -2.0253914e-05 2.20325874e-05
vn 0.100000001 -1.72723176e-05 2.66886873e-05
vn 0.100000001 -1.86301841e-05 -2.38757129e-05
vn 0.100000001 -1.83007141e-05 2.27006876e-05
vn 7.99816959e-08 -0.100000001 -3.80210695e-05
vn 0.100000001 2.74012516e-14 -4.20469028e-08
vn -0.100000001 1.59695901e-05 1.7931312e-05
vn -9.5771604e-08 0.0999831334 -0.00183702691
vn -0.100000001 1.90449155e-05 -2.14250886e-05
vn 0.100000001 -9.37794994e-07 -6.11145086e-13
vn 0.100000001 8.20824226e-08 -7.85918928e-06
vn 0.100000001 -2.13850108e-05 1.6257487e-05
vn -3.57407004e-07 6.5168301e-08 -0.100000001
vn -4.23236003e-07 -6.5168301e-08 0.100000001
vn 4.06954996e-07 0.100000001 6.5168301e-08
vn 0.100000001 1.74435002e-07 1.13676328e-13
vn -1.01736998e-06 -0.100000001 -6.5168301e-08
vn -0.100000001 -1.16293997e-07 -7.57868228e-14
vn -3.57407004e-07 7.58380381e-09 -0.100000001
vn -1.6364001e-07 -7.58380381e-09 0.100000001
vn 1.22085009e-06 0.100000001 6.5168301e-08
vn 0.100000001 4.80740994e-08 3.13290721e-14
vn -1.42427996e-06 -0.100000001 -6.5168301e-08
vn -0.100000001 -8.7219e-08 -5.6839143e-14
vn 0.0846483558 0.0302140824 0.0438379608
vn 0.0999889001 0.0014313343 -0.000415049959
vn 0.0752695054 0.0646274611 -0.0125616575
vn 0.100000001 -2.26239863e-05 -2.04596145e-05
vn -0.100000001 2.61872101e-05 -1.77652837e-05
vn -0.100000001 2.13853873e-05 2.05912147e-05
vn -0.100000001 2.13847889e-05 1.88382128e-05
vn -1.26469001e-06 -1.7740469e-05 0.100000001
vn 3.11889004e-08 0.00145144481 0.0999894738
vn -0.0383899622 0.0902998522 0.0192911699
vn -0.0707106814 0.0707106814 4.60809524e-08
vn 0.0383899622 0.0902998522 0.0192911699
vn 0.0688120052 0.0701823011 0.018421527
vn 0.00445876736 0.099649325 0.00708037475
vn 0.0987692997 0.0156014198 0.00110479922
vn 8.64087051e-05 9.03319869e-06 -0.0999999717
vn -0.0666580498 0.0731740221 -0.0142221227
vn 0.0666580498 0.0731740221 -0.0142221227
vn -0.0577350333 0.0577349961 0.0577350706
vn 0.0577350333 0.0577349961 0.0577350706
vn 0.0666565746 0.0731754377 -0.0142218024
vn -0.100000001 1.33078165e-05 -2.33376904e-05
vn -8.61478995e-08 0.0999947637 0.0010242631
vn -0.100000001 1.42840136e-05 -2.1577991e-05
vn 0.100000001 -2.12932846e-05 -2.31134145e-05
vn -0.100000001 6.34558035e-07 4.13530673e-13
vn -0.100000001 -9.1030343e-12 1.39684998e-05
vn -0.100000001 5.16795953e-05 1.12529342e-05
vn -0.100000001 2.58339805e-05 3.10996184e-05
vn -0.0999999866 2.58364598e-05 6.33150194e-05
vn -0.100000001 2.02505926e-05 1.0953413e-05
vn -0.100000001 2.05117867e-05 2.24029136e-05
vn -0.100000001 2.66144907e-05 1.77692164e-05
vn -0.100000001 3.48405752e-06 3.44780055e-05
vn -0.100000001 2.12932846e-05 2.31264148e-05
vn -0.100000001 2.61049863e-05 2.24019168e-05
vn 2.74670001e-05 0.0707091093 0.0707122535
vn -0.0707346648 -0.0499814861 -0.0499846041
vn -0.0673865974 -0.0115453927 -0.0729777366
vn -0.0673628002 0.0522739515 -0.0522464179
vn -0.0673370212 0.0658720881 0.0335647911
vn 2.44150997e-05 0.0707091093 0.0707122535
vn 0.100000001 2.58352247e-05 -3.84752821e-05
vn 0.100000001 6.82592307e-12 -1.04743003e-05
vn 0.100000001 -2.6320291e-05 -1.32784171e-05
vn 0.100000001 -2.33082865e-05 -2.24024152e-05
vn 0.100000001 -2.02493866e-05 -2.09545142e-05
vn 0.100000001 -2.58331111e-05 1.40580842e-05
vn 0.100000001 -2.58364926e-05 -1.28394167e-05
vn 0.100000001 -2.39549863e-05 -2.15805157e-05
vn 0.100000001 -2.05113865e-05 -2.24020132e-05
vn 0.100000001 -2.09042846e-05 -2.63877155e-05
vn -0.0999999866 -3.5308121e-11 5.41799018e-05
vn -0.100000001 2.58330747e-05 4.18353193e-05
vn -0.100000001 2.05113884e-05 2.00848135e-05
vn -0.100000001 2.05113884e-05 2.00851136e-05
vn -0.0999999866 5.16750915e-05 1.7455035e-05
vn -0.0999999866 2.58405853e-05 2.52003174e-05
vn -0.100000001 2.78725856e-05 1.82982185e-05
vn -0.100000001 1.51875847e-05 2.32680104e-05
vn -0.100000001 1.59701849e-05 2.42461101e-05
vn -0.100000001 2.66162897e-05 1.69260184e-05
vn -0.0706906393 0.0500141345 0.0500142016
vn 0.100000001 -5.16796026e-05 -2.09762379e-06
vn 0.0999999568 -0.000103336504 5.16878299e-06
vn 0.100000001 1.13748013e-11 -1.74545003e-05
vn 0.100000001 -2.23760853e-05 -2.20157144e-05
vn 0.100000001 -2.05117867e-05 -2.20157144e-05
vn 0.0999999717 -2.84491452e-05 -8.58868225e-05
vn 0.100000001 -2.09038863e-05 -2.23937132e-05
vn 0.100000001 -1.97400896e-05 -1.75804125e-05
vn 0.100000001 -3.73348921e-05 -1.30074241e-05
vn 0.100000001 -1.86315865e-05 -2.28123117e-05
vn -0.0707320571 -0.0499817953 -0.0499879718
vn -0.0673679188 0.0335619263 -0.065841943
vn 3.05188987e-05 0.0707091093 0.0707122535
vn 2.44152016e-05 0.0891001299 0.0454000868
vn -6.10388042e-06 0.0453976691 -0.0891013667
vn -0.0673836693 -0.0115423724 -0.0729809329
vn -0.0673562437 0.0522766523 -0.0522521771
vn -0.067322202 0.073032327 0.0115759578
vn 0.0999999866 4.07365738e-11 -6.25098037e-05
vn 0.100000001 -3.87521941e-05 -1.03535258e-05
vn 0.100000001 -3.87552827e-05 -2.79319265e-05
vn 0.100000001 -2.53125891e-05 -1.78752161e-05
vn 0.100000001 -2.1443986e-05 -2.12439136e-05
vn 0.100000001 -2.66158895e-05 -1.8452818e-05
vn 0.100000001 -2.26098055e-05 8.41085603e-06
vn 0.100000001 1.55526755e-11 -2.38654011e-05
vn 0.100000001 -2.05116867e-05 -2.12442137e-05
vn 0.100000001 -2.09047867e-05 -1.93903143e-05
vn -0.0673617348 0.0522761755 -0.0522455908
vn 3.0519499e-05 0.0707106367 0.0707107335
vn 2.74670001e-05 0.0707121566 0.0707091987
vn -0.0673430339 0.0335708447 -0.0658628494
vn -0.0673383772 0.0658703595 0.0335654616
vn -2.74670001e-05 -0.0707121566 -0.0707091987
vn -0.100000001 2.58331238e-05 -3.43127831e-05
vn -0.100000001 1.64261278e-11 -2.52057016e-05
vn -0.0999999866 5.16696091e-05 -1.04795672e-05
vn -0.100000001 2.23762163e-05 -2.12434861e-05
vn -0.100000001 2.0512116e-05 -2.12433861e-05
vn -0.100000001 1.86646121e-05 -1.98180878e-05
vn -0.100000001 2.78726111e-05 -1.82977819e-05
vn -0.100000001 2.63206111e-05 -1.79131821e-05
vn -0.100000001 1.89845123e-05 -1.9611487e-05
vn -0.100000001 1.59698175e-05 -2.621569e-05
vn 0.100000001 -2.05118158e-05 2.12437863e-05
vn 0.100000001 -1.59689152e-05 2.20858892e-05
vn 0.100000001 -1.13757788e-11 1.74560009e-05
vn 0.0999999866 -5.16646141e-05 1.47387664e-05
vn 0.100000001 -5.16662185e-05 2.03649652e-05
vn 0.100000001 -1.93772976e-05 -2.76437277e-06
vn 0.100000001 -2.23760144e-05 2.1243286e-05
vn 0.0999999866 -4.18107156e-05 1.9862473e-05
vn 0.100000001 -1.65497077e-05 1.18199896e-05
vn 0.100000001 -3.03755096e-05 1.71127813e-05
vn 0.0673589855 -0.0522763468 -0.0522489436
vn 0.067338042 -0.0730177164 0.0115759624
vn 0.0706917271 -0.0500119142 0.0500148982
vn -2.44152016e-05 -0.0891001895 0.0453999713
vn 2.74675986e-05 0.0707137734 -0.0707075894
vn -0.100000001 2.23761872e-05 2.12440154e-05
vn -0.100000001 1.59703832e-05 2.52712107e-05
vn -0.100000001 5.16678847e-05 2.7926335e-05
vn -0.0999999866 5.16811851e-05 2.52003338e-05
vn -0.100000001 -2.62224218e-11 4.02380028e-05
vn -0.100000001 2.58364817e-05 2.94476158e-05
vn -0.100000001 2.05113865e-05 2.12434134e-05
vn -0.100000001 1.39362855e-05 2.11812094e-05
vn -0.100000001 2.12925861e-05 2.21682149e-05
vn -0.100000001 2.02518841e-05 2.46103136e-05
vn 0.0673770607 0.0335436054 -0.0658419132
vn 0.0673562437 -0.0522796474 -0.0522491932
vn 0.0706917271 -0.0500149652 0.0500118472
vn 2.74670001e-05 0.070712246 -0.0707091093
vn 0.0707320571 0.0499818623 -0.0499879085
vn 0.0673617348 -0.0522761084 -0.0522456579
vn 0.0673416927 -0.0730153099 0.0115699628
vn 0.0706891119 -0.0500152856 0.0500152223
vn 0.0673776418 -0.0335651748 -0.0658303276
vn 0.100000001 -2.0278314e-05 2.00847862e-05
vn 0.100000001 -1.59687152e-05 2.31648901e-05
vn 0.100000001 2.58339933e-05 1.04793171e-05
vn 0.0999999866 -3.87559157e-05 2.18821751e-05
vn 0.100000001 -4.52166933e-05 -9.99526947e-06
vn 0.100000001 -6.45993123e-06 -2.96123053e-05
vn 0.100000001 -2.00451141e-05 2.0084688e-05
vn 0.100000001 -2.30309106e-05 1.78586852e-05
vn 0.100000001 -1.82917229e-05 3.48570866e-05
vn 0.100000001 -1.51880158e-05 2.32679904e-05
vn 2.74670001e-05 0.0707091987 -0.0707121566
vn 0.0673753917 0.0335442983 -0.0658432841
vn 0.0673745573 -0.0115759429 -0.0729840323
vn 0.0673496947 -0.0730079561 0.0115697626
vn -0.100000001 1.29166228e-05 -3.52713942e-05
vn -0.100000001 3.8749713e-05 -1.48243744e-05
vn -0.100000001 2.58365144e-05 -1.83286829e-05
vn -0.100000001 2.09783157e-05 -2.12441864e-05
vn -0.100000001 2.09777154e-05 -2.12437863e-05
vn -0.0999999866 2.8064138e-05 -5.76783859e-05
vn -0.100000001 1.04522196e-05 -3.11542935e-05
vn -0.100000001 2.30295118e-05 -1.78849841e-05
vn -0.100000001 2.59456101e-05 -1.77347829e-05
vn -0.100000001 2.12933119e-05 -1.92333864e-05
vn 3.0519499e-05 0.0707107261 -0.0707106367
vn 0.0673551634 -0.0522788092 -0.0522514172
vn 9.34907973e-08 -0.0999104902 0.00423040986
vn 4.6497302e-08 -0.0702312961 -0.0711868405
vn -1.59127005e-08 -0.00435075164 -0.0999053195
vn -0.0999998972 -4.14782768e-08 0.000155401198
vn 0.0999998227 4.15131787e-08 -0.000191318904
vn -8.60419023e-05 -9.03848832e-06 0.0999999717
vn -0.100000001 1.07313999e-05 6.99347091e-12
vn -0.100000001 -7.7443552e-08 7.9154546e-08
vn -0.100000001 -7.74741977e-08 -5.04886185e-14
vn -0.100000001 -5.65288019e-06 2.52874166e-08
vn 0 -0.00423950003 -0.0999100953
vn 8.56566021e-06 0.0711865798 -0.0702315643
vn -9.36432016e-08 0.0999017581 -0.00443155784
vn 8.61885055e-05 -9.09134815e-06 0.0999999717
vn 1.28992006e-05 -4.93609696e-05 0.0999999866
vn -6.8576702e-07 -1.77474685e-05 0.100000001
vn -0.0999996737 -0.000258594722 8.40131804e-08
vn -9.84473081e-05 0.0999999568 9.0284484e-06
vn -1.19022002e-06 -0.100000001 -1.77950697e-05
vn 4.23456004e-06 -0.100000001 -1.80649677e-05
vn 0.100000001 1.98332e-05 -3.70877764e-08
vn -0.0999999866 -4.29562715e-05 -4.52378299e-05
vn -9.02263011e-08 0.0999082625 -0.00428253971
vn 1.81672003e-05 0.0702314526 0.0711866766
vn -0.100000001 1.00063005e-06 6.52093559e-13
vn -5.52132997e-06 0.00439446 0.0999033973
vn -9.55103023e-05 1.76384692e-05 -0.0999999568
vn -1.64010014e-08 0.00102412025 -0.0999947637
vn 0 9.03850832e-06 -0.100000001
vn -1.93527008e-08 0.00102415623 -0.0999947637
vn -0.0999999717 -1.03353493e-07 -8.36460022e-05
vn 0.0999999568 -4.14244958e-08 9.55953001e-05
vn -9.79988035e-05 -9.09140817e-06 0.0999999568
vn -1.15524006e-06 1.77453694e-05 -0.100000001
vn -8.61337976e-05 9.09649771e-06 -0.0999999717
vn -0.100000001 -7.74369511e-08 7.90910448e-08
vn 0.100000001 7.98161039e-08 5.20147957e-14
vn 2.25871997e-08 0.0042860629 0.0999081135
vn 7.37683976e-08 -0.071560584 0.0698504373
vn 8.70731043e-08 -0.0999072939 0.00430512428
vn -0.0999999568 9.59070021e-05 6.25009627e-11
vn 0.0999998674 -0.000169199702 -4.23577653e-08
vn 9.13045005e-05 0.0999999568 1.7746368e-05
vn 6.67475024e-06 0.100000001 9.02402826e-06
vn 8.64970033e-08 -0.0999970064 0.000775784662
vn 0.100000001 -2.00454124e-05 2.00849881e-05
vn 0.100000001 -2.12927134e-05 1.93881879e-05
vn 0.100000001 -1.29180135e-05 2.09475911e-05
vn 0.100000001 -4.52196036e-05 5.90792069e-06
vn 0.100000001 -3.22997003e-05 -1.25227109e-06
vn 0.100000001 -1.45348904e-05 -1.35034097e-05
vn 0.100000001 -2.00455142e-05 2.00853883e-05
vn 0.100000001 -1.82916156e-05 2.10522885e-05
vn 0.100000001 -2.26247121e-05 2.00334853e-05
vn 0.100000001 -1.6453414e-05 2.32676903e-05
vn 0.0999999866 -4.37202392e-11 6.70882e-05
vn 0.0999999866 -2.90623375e-05 5.76640814e-05
vn 0.100000001 -2.33090159e-05 2.14363845e-05
vn 0.100000001 -1.95790144e-05 2.14362881e-05
vn 0.100000001 -2.58371183e-05 2.79312844e-05
vn 0.100000001 -1.99399351e-11 3.05975991e-05
vn 0.100000001 -2.09048085e-05 1.36736862e-05
vn 0.100000001 -2.27822111e-05 1.73350854e-05
vn 0.100000001 -2.66159132e-05 1.7941984e-05
vn 0.100000001 -2.16259104e-05 1.61137868e-05
vn -0.0999999717 -8.33468002e-05 -5.43156943e-11
vn -0.0999999717 -9.04854023e-05 -5.89677959e-11
vn 0.100000001 -1.29183845e-05 -2.35471089e-05
vn 0.100000001 -1.93766882e-05 -1.83289121e-05
vn 0.100000001 -2.22079889e-05 -1.75000132e-05
vn 0.100000001 -2.05119868e-05 -2.02775136e-05
vn 0.100000001 -1.64526846e-05 -2.34938107e-05
vn 0.100000001 -1.13049191e-05 2.97494917e-05
vn 0.100000001 -4.52255081e-05 1.26849709e-05
vn 0.100000001 -1.87974838e-05 -2.62153117e-05
vn 0.100000001 -2.05116885e-05 -2.0278414e-05
vn 0.100000001 -2.78729894e-05 -1.72871187e-05
vn 0.100000001 -2.23760126e-05 2.04712851e-05
vn 0.100000001 -2.12942177e-05 2.4587187e-05
vn 0.100000001 -1.13760399e-11 1.74564011e-05
vn 0.0999999866 5.16695836e-05 2.52041355e-05
vn 0.100000001 -5.16728833e-05 -2.52908358e-05
vn 0.100000001 -1.29165846e-05 -2.42375081e-05
vn 0.100000001 -2.05113138e-05 2.04707867e-05
vn 0.100000001 -2.09044119e-05 1.84503861e-05
vn 0.100000001 -2.66166135e-05 1.84122819e-05
vn 0.100000001 -1.51876156e-05 2.37169897e-05
vn -9.07391004e-05 -0.0999999568 -1.76803678e-05
vn 6.96077996e-06 -0.100000001 -9.09341816e-06
vn 8.04156007e-05 -0.0999999717 -1.77558686e-05
vn 8.4728299e-08 -0.100000001 -3.66648674e-05
vn -6.12985968e-06 -0.100000001 -9.09272876e-06
vn 0.0999999419 -0.000118827797 -1.80206392e-08
vn 0.0999999866 -4.78545335e-05 5.01351715e-05
vn -0.100000001 1.26565783e-05 3.38503087e-05
vn -0.100000001 5.16678883e-05 2.09444333e-05
vn -0.100000001 2.58389882e-05 1.85623157e-05
vn -0.100000001 2.58380933e-05 1.28402171e-05
vn -0.0999999866 3.22955602e-05 6.33138188e-05
vn -0.100000001 2.23759853e-05 2.24021151e-05
vn -0.100000001 2.23760853e-05 2.24025152e-05
vn -0.100000001 2.09042882e-05 1.8349514e-05
vn -0.100000001 2.63200855e-05 1.89098173e-05
vn -0.100000001 2.12935884e-05 1.55549151e-05
vn 2.78124003e-06 0.0999896526 -0.00143853994
vn -0.100000001 2.58398104e-05 -1.28378833e-05
vn -0.0999999717 7.75144217e-05 -1.82304502e-05
vn -0.0999999717 -7.75105946e-05 -1.04789506e-05
vn -0.100000001 2.53126109e-05 -1.69011837e-05
vn -0.100000001 2.05114138e-05 -2.00850882e-05
vn -0.100000001 2.12942141e-05 -1.85251865e-05
vn -0.100000001 1.93748128e-05 -1.98162888e-05
vn -0.100000001 3.48411122e-05 -1.9390578e-05
vn -0.100000001 1.86470133e-05 -2.00844879e-05
vn -0.100000001 1.74210163e-05 -2.60910892e-05
vn 0.100000001 8.0757701e-08 5.26284203e-14
vn 0.100000001 -2.58365162e-05 2.19729845e-05
vn 0.100000001 -1.93773267e-05 4.18422896e-05
vn 0.100000001 -2.4240715e-05 2.12438845e-05
vn 0.100000001 -2.05115139e-05 2.12434861e-05
vn 0.100000001 -4.55534915e-12 6.99013026e-06
vn 0.0999999866 3.87508735e-05 4.51132255e-05
vn 0.100000001 -1.393612e-05 3.04332898e-05
vn 0.100000001 -2.02503106e-05 1.71108877e-05
vn 0.100000001 -1.59700157e-05 2.424579e-05
vn 0.100000001 -1.9629817e-05 2.62158883e-05
vn 3.57413995e-07 -6.5168301e-08 0.100000001
vn 0 0.100000001 2.32528828e-06
vn 0.100000001 1.74442008e-07 1.13680888e-13
vn -1.01734008e-06 -0.100000001 -6.5168301e-08
vn -0.100000001 -1.16291993e-07 -7.5785515e-14
vn -2.50185008e-06 6.5168301e-08 -0.100000001
vn 3.57407004e-07 -7.58380381e-09 0.100000001
vn 0 0.100000001 4.58519844e-06
vn 0.100000001 5.81459005e-08 3.78926965e-14
vn -1.42429997e-06 -0.100000001 -6.5168301e-08
vn -0.100000001 -2.90768014e-08 -1.89488572e-14
vn 0.0998892114 0.00468468573 0.00044862926
vn 0.0707106814 0.0707106814 4.60809524e-08
vn 0.0999999717 -7.74980799e-05 -2.79289507e-05
vn 0.100000001 -2.53119888e-05 -1.78760165e-05
vn 0.100000001 -2.33082865e-05 -2.12435152e-05
vn 0.100000001 -2.66165898e-05 -1.69684172e-05
vn 0.100000001 -1.29165728e-05 -4.18369091e-05
vn 0.100000001 -5.16629079e-05 5.4267166e-06
vn 0.100000001 -5.16662003e-05 -5.2915334e-06
vn 0.100000001 -1.86470861e-05 -2.12434115e-05
vn 0.100000001 -1.97400841e-05 -2.41026137e-05
vn 0.100000001 1.55530016e-11 -2.38659013e-05
vn -0.100000001 1.29198988e-05 2.76314859e-06
vn -0.100000001 1.29174296e-05 -4.50499901e-05
vn -0.100000001 1.8697828e-11 -2.8691602e-05
vn -0.0999999866 5.1674615e-05 -1.74571651e-05
vn -0.100000001 2.05116139e-05 -2.1243588e-05
vn -0.100000001 2.05117158e-05 -2.12427876e-05
vn -0.100000001 2.09046211e-05 -2.96420876e-05
vn -0.100000001 1.74197121e-05 -1.79793897e-05
vn -0.100000001 1.51878166e-05 -2.53759899e-05
vn -0.100000001 1.86311154e-05 -2.44672883e-05
vn -0.100000001 3.22956112e-05 -1.93741798e-05
vn -0.100000001 2.2606906e-05 -8.40503526e-06
vn -0.100000001 2.14434858e-05 2.22090148e-05
vn -0.100000001 2.23759853e-05 2.22089147e-05
vn -0.100000001 4.52153909e-05 1.920063e-05
vn -0.100000001 1.93760789e-05 3.30724142e-05
vn -0.100000001 6.96788538e-06 3.85234052e-05
vn -0.100000001 2.27807886e-05 1.94796157e-05
vn -0.100000001 1.86303841e-05 2.41905127e-05
vn -0.100000001 2.66171864e-05 1.8470917e-05
vn -0.100000001 1.29181763e-05 3.56765086e-05
vn -0.100000001 2.26068696e-05 4.66551137e-05
vn -0.100000001 2.14434858e-05 2.12432151e-05
vn -0.100000001 2.05111846e-05 2.12437135e-05
vn -0.100000001 5.16646905e-05 1.92001335e-05
vn -0.0999999568 0.000103348408 -1.21474332e-05
vn -0.100000001 1.39360809e-05 2.9801311e-05
vn -0.100000001 1.77192833e-05 2.46112122e-05
vn -0.100000001 1.33086814e-05 2.95868085e-05
vn -0.100000001 2.12926898e-05 1.80210136e-05
vn 9.83168065e-05 -8.98036888e-06 0.0999999568
vn 1.86242008e-08 0.00145363191 0.099989444
vn -0.0752695054 0.0646274611 -0.0125616575
vn 4.82267986e-08 8.4408704e-08 0.100000001
vn -1.86243998e-08 -0.00145159976 -0.0999894664
vn -1.26972998e-06 1.77524689e-05 -0.100000001
vn 1.28528e-05 0.000318353967 -0.0999995023
vn 0 0.0927180052 -0.0374616012
vn -0.100000001 -2.58372784e-05 -3.56682176e-05
vn -0.100000001 1.29174132e-05 -1.92065927e-05
vn -0.100000001 1.89173152e-05 -2.17758879e-05
vn -0.100000001 2.09778136e-05 -2.12436862e-05
vn -0.100000001 2.78439129e-05 -1.83611828e-05
vn -0.100000001 1.93747946e-05 8.40870325e-06
vn -0.0999999866 4.07431554e-11 -6.25199027e-05
vn -0.100000001 2.21251121e-05 -1.66800855e-05
vn -0.100000001 2.14442152e-05 -2.12440864e-05
vn -0.100000001 2.43880095e-05 -1.29892842e-05
vn -4.23461006e-06 0.100000001 1.80596689e-05
vn 1.28015008e-05 0.0999999866 4.90978709e-05
vn -5.94884057e-07 0.100000001 1.77021684e-05
vn -0.100000001 1.29166201e-05 -3.11024924e-05
vn -0.100000001 9.60535124e-12 -1.47393002e-05
vn -0.100000001 -2.58351938e-05 -6.98863687e-06
vn -0.100000001 1.51876166e-05 -2.53762901e-05
vn -0.100000001 2.23760144e-05 -2.12435862e-05
vn -0.100000001 2.66166116e-05 -1.55556827e-05
vn -0.0999999866 3.22914348e-05 -5.25727773e-05
vn -0.0999999866 4.87793113e-05 -1.84965684e-05
vn -0.100000001 2.23764146e-05 -2.1243286e-05
vn -0.100000001 1.74207107e-05 -1.74695888e-05
vn 0.099999927 -0.00011624091 2.50769262e-05
vn 0.0999999866 -6.45848777e-05 -2.79283431e-05
vn 0.100000001 -1.80947864e-05 -2.28815115e-05
vn 0.100000001 -2.09775862e-05 -2.12437135e-05
vn 0.100000001 -2.02502833e-05 -2.46115142e-05
vn 0.100000001 -1.93798242e-05 3.66462882e-05
vn 0.0999999866 -1.29173659e-05 -5.25778087e-05
vn 0.100000001 -2.52857917e-05 -1.28169177e-05
vn 0.100000001 -2.23759853e-05 -2.12435152e-05
vn 0.100000001 -2.78731932e-05 -1.29903183e-05
f 714/1/3 707/2/3 717/3/3
f 295/4/5 307/5/5 291/6/5
f 11/7/6 311/8/7 289/9/8
f 2/10/9 308/11/10 1/12/11
f 1/13/11 307/14/12 9/15/13
f 307/16/12 315/17/14 9/18/13
f 315/19/14 303/20/15 8/21/16
f 8/22/16 301/23/17 314/24/18
f 301/25/17 313/26/19 314/27/18
f 313/28/19 297/29/20 7/30/21
f 7/31/21 295/32/22 6/33/23
f 295/34/22 5/35/24 6/36/23
f 293/37/25 4/38/26 5/39/24
f 312/40/27 3/41/28 288/42/29
f 4/43/26 288/44/29 3/45/28
f 287/46/30 11/47/6 289/48/8
f 290/49/31 316/50/32 287/51/30
f 292/52/33 12/53/24 290/54/31
f 14/55/34 292/56/33 294/57/35
f 15/58/19 294/59/35 296/60/36
f 317/61/37 296/62/36 298/63/38
f 300/64/39 317/65/37 298/66/38
f 16/67/40 300/68/39 302/69/41
f 17/70/42 302/71/41 304/72/43
f 306/73/44 17/74/42 304/75/43
f 310/76/45 19/77/46 306/78/44
f 321/79/47 336/80/47 319/81/47
f 339/82/48 323/83/48 335/84/48
f 345/85/6 343/86/7 321/87/49
f 21/88/11 341/89/50 340/90/51
f 21/91/11 339/92/52 32/93/42
f 339/94/52 31/95/14 32/96/42
f 337/97/53 30/98/16 31/99/14
f 30/100/16 333/101/54 29/102/37
f 29/103/37 331/104/55 28/105/19
f 28/106/19 329/107/56 27/108/57
f 27/109/57 327/110/58 26/111/23
f 327/112/58 25/113/59 26/114/23
f 25/115/59 323/116/60 24/117/61
f 320/118/62 33/119/63 23/120/64
f 24/121/61 320/122/62 23/123/64
f 319/124/65 345/125/6 321/126/49
f 35/127/24 319/128/65 322/129/66
f 36/130/23 322/131/66 324/132/67
f 326/133/68 36/134/23 324/135/67
f 38/136/69 326/137/68 328/138/70
f 330/139/71 38/140/69 328/141/70
f 40/142/16 330/143/71 332/144/72
f 334/145/73 40/146/16 332/147/72
f 336/148/74 41/149/40 334/150/73
f 43/151/11 336/152/74 338/153/75
f 342/154/45 43/155/11 338/156/75
f 347/157/76 349/158/76 364/159/76
f 64/160/77 349/161/78 373/162/28
f 46/163/79 368/164/80 45/165/81
f 368/166/80 56/167/82 45/168/81
f 56/169/82 365/170/83 55/171/14
f 55/172/14 363/173/84 54/174/16
f 363/175/84 53/176/18 54/177/16
f 53/178/18 359/179/85 52/180/19
f 52/181/19 357/182/86 51/183/34
f 357/184/86 50/185/23 51/186/34
f 50/187/23 353/188/87 49/189/59
f 49/190/59 351/191/60 48/192/61
f 372/193/88 47/194/64 348/195/89
f 48/196/61 348/197/89 47/198/64
f 347/199/90 373/200/28 349/201/78
f 374/202/24 347/203/90 350/204/91
f 352/205/92 374/206/24 350/207/91
f 354/208/93 375/209/94 352/210/92
f 60/211/19 354/212/93 356/213/95
f 358/214/96 60/215/19 356/216/95
f 62/217/16 358/218/96 360/219/97
f 362/220/98 62/221/16 360/222/97
f 376/223/82 362/224/98 364/225/99
f 366/226/100 376/227/82 364/228/99
f 370/229/45 65/230/11 366/231/100
f 77/232/28 401/233/7 379/234/101
f 67/235/11 399/236/50 398/237/10
f 67/238/11 397/239/102 75/240/82
f 397/241/102 405/242/14 75/243/82
f 405/244/14 393/245/84 74/246/16
f 74/247/16 391/248/103 404/249/18
f 391/250/103 403/251/19 404/252/18
f 403/253/19 387/254/104 73/255/34
f 73/256/34 385/257/105 72/258/23
f 385/259/105 71/260/59 72/261/23
f 71/262/59 381/263/106 70/264/61
f 378/265/107 76/266/77 69/267/108
f 70/268/61 378/269/107 69/270/108
f 377/271/109 77/272/28 379/273/101
f 380/274/110 78/275/32 377/276/109
f 80/277/23 380/278/110 382/279/111
f 81/280/34 382/281/111 384/282/112
f 386/283/113 81/284/34 384/285/112
f 388/286/114 82/287/19 386/288/113
f 390/289/115 83/290/37 388/291/114
f 407/292/14 390/293/115 392/294/116
f 394/295/117 407/296/14 392/297/116
f 86/298/11 394/299/117 396/300/75
f 400/301/45 86/302/11 396/303/75
f 417/304/118 408/305/118 425/306/118
f 99/307/28 432/308/7 410/309/119
f 88/310/11 430/311/50 429/312/51
f 88/313/11 428/314/52 97/315/13
f 428/316/52 96/317/14 97/318/13
f 426/319/120 95/320/16 96/321/14
f 95/322/16 422/323/121 435/324/122
f 422/325/121 434/326/19 435/327/122
f 434/328/19 418/329/123 94/330/34
f 94/331/34 416/332/105 93/333/23
f 93/334/23 414/335/124 92/336/59
f 414/337/124 91/338/61 92/339/59
f 433/340/88 90/341/108 409/342/125
f 91/343/61 409/344/125 90/345/108
f 408/346/109 99/347/28 410/348/119
f 411/349/126 436/350/61 408/351/109
f 101/352/23 411/353/126 413/354/33
f 102/355/57 413/356/33 415/357/127
f 417/358/95 102/359/57 415/360/127
f 419/361/128 103/362/19 417/363/95
f 105/364/16 419/365/128 421/366/97
f 423/367/129 105/368/16 421/369/97
f 106/370/42 423/371/129 425/372/74
f 427/373/130 106/374/42 425/375/74
f 431/376/45 108/377/11 427/378/130
f 120/379/28 462/380/7 440/381/131
f 111/382/132 459/383/51 110/384/11
f 110/385/11 458/386/133 118/387/134
f 118/388/134 456/389/135 466/390/14
f 466/391/14 454/392/136 117/393/137
f 454/394/136 465/395/18 117/396/137
f 465/397/18 450/398/138 464/399/19
f 464/400/19 448/401/139 116/402/57
f 116/403/57 446/404/140 115/405/23
f 446/406/140 114/407/59 115/408/23
f 444/409/141 113/410/26 114/411/59
f 439/412/142 119/413/77 112/414/108
f 113/415/26 439/416/142 112/417/108
f 438/418/143 120/419/28 440/420/131
f 441/421/144 467/422/32 438/423/143
f 122/424/23 441/425/144 443/426/145
f 123/427/57 443/428/145 445/429/146
f 124/430/19 445/431/146 447/432/147
f 449/433/148 124/434/19 447/435/147
f 126/436/16 449/437/148 451/438/149
f 453/439/150 126/440/16 451/441/149
f 127/442/42 453/443/150 455/444/151
f 457/445/152 127/446/42 455/447/151
f 461/448/153 129/449/11 457/450/152
f 469/451/154 471/452/154 486/453/154
f 473/454/155 481/455/155 489/456/155
f 154/457/156 471/458/157 144/459/158
f 132/460/159 490/461/160 131/462/161
f 131/463/161 489/464/162 142/465/163
f 142/466/163 487/467/164 141/468/165
f 487/469/164 140/470/166 141/471/165
f 485/472/167 139/473/168 140/474/166
f 483/475/169 138/476/170 139/477/168
f 138/478/170 479/479/171 137/480/172
f 137/481/172 477/482/173 136/483/174
f 477/484/173 135/485/175 136/486/174
f 135/487/175 473/488/176 134/489/177
f 470/490/178 143/491/179 133/492/180
f 134/493/177 470/494/178 133/495/180
f 469/496/181 144/497/158 471/498/157
f 146/499/175 469/500/181 472/501/182
f 147/502/174 472/503/182 474/504/183
f 476/505/184 147/506/174 474/507/183
f 149/508/185 476/509/184 478/510/186
f 480/511/187 149/512/185 478/513/186
f 151/514/166 480/515/187 482/516/188
f 152/517/165 482/518/188 484/519/189
f 153/520/190 484/521/189 486/522/191
f 488/523/192 153/524/190 486/525/191
f 492/526/193 155/527/161 488/528/192
f 351/529/194 363/530/194 367/531/194
f 180/532/195 497/533/157 170/534/196
f 157/535/161 517/536/197 516/537/198
f 516/538/198 168/539/190 157/540/161
f 168/541/190 513/542/199 167/543/165
f 513/544/199 166/545/200 167/546/165
f 166/547/200 509/548/201 165/549/202
f 509/550/201 164/551/185 165/552/202
f 164/553/185 505/554/203 163/555/172
f 505/556/203 162/557/174 163/558/172
f 162/559/174 501/560/204 161/561/205
f 501/562/204 160/563/206 161/564/205
f 496/565/178 169/566/195 159/567/180
f 160/568/206 496/569/178 159/570/180
f 495/571/207 170/572/196 497/573/157
f 498/574/208 171/575/209 495/576/207
f 173/577/210 498/578/208 500/579/211
f 174/580/212 500/581/211 502/582/213
f 504/583/214 174/584/212 502/585/213
f 506/586/215 175/587/216 504/588/214
f 177/589/166 506/590/215 508/591/217
f 510/592/218 177/593/166 508/594/217
f 179/595/190 510/596/218 512/597/219
f 514/598/220 179/599/190 512/600/219
f 518/601/221 181/602/161 514/603/220
f 196/604/158 545/605/222 523/606/223
f 184/607/224 542/608/225 183/609/161
f 183/610/161 541/611/162 194/612/226
f 194/613/226 539/614/227 193/615/165
f 539/616/227 192/617/200 193/618/165
f 192/619/200 535/620/228 191/621/229
f 535/622/228 190/623/185 191/624/229
f 190/625/185 531/626/230 189/627/212
f 189/628/212 529/629/231 188/630/174
f 529/631/231 187/632/175 188/633/174
f 187/634/175 525/635/232 186/636/209
f 522/637/233 195/638/195 185/639/158
f 186/640/209 522/641/233 185/642/158
f 521/643/234 196/644/158 523/645/223
f 524/646/235 197/647/236 521/648/234
f 199/649/210 524/650/235 526/651/237
f 200/652/238 526/653/237 528/654/239
f 530/655/240 200/656/238 528/657/239
f 532/658/241 201/659/185 530/660/240
f 534/661/188 202/662/229 532/663/241
f 536/664/189 203/665/166 534/666/188
f 205/667/190 536/668/189 538/669/242
f 540/670/243 205/671/190 538/672/242
f 544/673/244 207/674/161 540/675/243
f 222/676/196 571/677/222 549/678/245
f 210/679/224 568/680/246 209/681/247
f 209/682/247 567/683/162 220/684/248
f 220/685/248 565/686/249 219/687/165
f 219/688/165 563/689/250 218/690/166
f 563/691/250 217/692/168 218/693/166
f 217/694/168 559/695/251 216/696/185
f 216/697/185 557/698/252 215/699/172
f 215/700/172 555/701/253 214/702/254
f 214/703/254 553/704/255 213/705/256
f 213/706/256 551/707/257 212/708/209
f 548/709/233 221/710/195 211/711/196
f 551/712/257 211/713/196 212/714/209
f 547/715/207 222/716/196 549/717/245
f 224/718/175 547/719/207 550/720/258
f 225/721/174 550/722/258 552/723/259
f 554/724/260 225/725/174 552/726/259
f 227/727/185 554/728/260 556/729/186
f 558/730/261 227/731/185 556/732/186
f 229/733/166 558/734/261 560/735/188
f 562/736/262 229/737/166 560/738/188
f 231/739/163 562/740/262 564/741/263
f 566/742/192 231/743/163 564/744/263
f 570/745/244 233/746/264 566/747/192
f 581/748/265 585/749/265 593/750/265
f 248/751/196 597/752/266 575/753/223
f 235/754/161 595/755/267 594/756/268
f 594/757/268 246/758/226 235/759/161
f 246/760/226 591/761/269 245/762/270
f 591/763/269 244/764/166 245/765/270
f 244/766/166 587/767/271 243/768/168
f 587/769/271 242/770/185 243/771/168
f 242/772/185 583/773/272 241/774/273
f 583/775/272 240/776/174 241/777/273
f 581/778/231 239/779/175 240/780/174
f 239/781/175 577/782/274 238/783/275
f 574/784/233 247/785/195 237/786/158
f 238/787/275 574/788/233 237/789/158
f 573/790/276 248/791/196 575/792/223
f 250/793/175 573/794/276 576/795/277
f 251/796/210 576/797/277 578/798/259
f 580/799/278 251/800/210 578/801/259
f 253/802/185 580/803/278 582/804/186
f 584/805/279 253/806/185 582/807/186
f 255/808/166 584/809/279 586/810/217
f 256/811/165 586/812/217 588/813/280
f 590/814/219 256/815/165 588/816/280
f 592/817/220 257/818/163 590/819/219
f 596/820/221 259/821/264 592/822/220
f 599/823/281 601/824/281 616/825/281
f 274/826/196 623/827/266 601/828/223
f 261/829/161 621/830/197 620/831/198
f 620/832/198 272/833/248 261/834/161
f 272/835/248 617/836/282 271/837/270
f 617/838/282 270/839/166 271/840/270
f 615/841/283 269/842/168 270/843/166
f 613/844/284 268/845/185 269/846/168
f 268/847/185 609/848/285 267/849/172
f 267/850/172 607/851/231 266/852/174
f 266/853/174 605/854/286 265/855/175
f 265/856/175 603/857/287 264/858/275
f 600/859/178 273/860/288 263/861/196
f 264/862/275 600/863/178 263/864/196
f 599/865/276 274/866/196 601/867/223
f 276/868/256 599/869/276 602/870/289
f 277/871/210 602/872/289 604/873/290
f 606/874/291 277/875/210 604/876/290
f 608/877/292 278/878/172 606/879/291
f 280/880/202 608/881/292 610/882/293
f 281/883/166 610/884/293 612/885/217
f 614/886/294 281/887/166 612/888/217
f 283/889/190 614/890/294 616/891/242
f 618/892/220 283/893/190 616/894/242
f 622/895/221 285/896/161 618/897/220
f 632/898/295 630/899/295 631/900/295
f 626/901/296 629/902/296 627/903/296
f 637/904/297 635/905/297 636/906/297
f 631/907/298 626/908/298 630/909/298
f 636/910/299 626/911/299 627/912/299
f 638/913/300 641/914/300 640/915/300
f 634/916/301 633/917/301 630/918/301
f 628/919/302 625/920/302 638/921/302
f 631/922/303 632/923/303 639/924/303
f 643/925/304 635/926/304 642/927/304
f 644/928/305 634/929/305 637/930/305
f 647/931/306 637/932/306 630/933/306
f 653/934/3 652/935/3 646/936/3
f 649/937/307 651/938/307 650/939/307
f 657/940/308 655/941/308 656/942/308
f 646/943/309 649/944/309 653/945/309
f 642/946/310 644/947/310 643/948/310
f 650/949/311 655/950/311 649/951/311
f 666/952/312 671/953/312 670/954/312
f 651/955/313 648/956/313 642/957/313
f 659/958/314 655/959/314 658/960/314
f 660/961/315 654/962/315 657/963/315
f 663/964/316 655/965/316 650/966/316
f 664/967/317 656/968/317 659/969/317
f 665/970/318 657/971/318 652/972/318
f 664/973/319 650/974/319 649/975/319
f 673/976/320 671/977/320 672/978/320
f 664/979/321 669/980/321 665/981/321
f 666/982/322 664/983/322 663/984/322
f 668/985/323 673/986/323 669/987/323
f 662/988/3 668/989/3 665/990/3
f 661/991/324 659/992/324 658/993/324
f 669/994/325 662/995/325 665/996/325
f 667/997/326 671/998/326 666/999/326
f 635/1000/327 626/1001/327 629/1002/327
f 663/1003/328 664/1004/328 658/1005/328
f 665/1006/329 662/1007/329 661/1008/329
f 665/1009/330 662/1010/330 660/1011/330
f 663/1012/331 664/1013/331 659/1014/331
f 675/1015/332 671/1016/332 674/1017/332
f 676/1018/333 670/1019/333 673/1020/333
f 679/1021/334 671/1022/334 667/1023/334
f 680/1024/335 672/1025/335 675/1026/335
f 681/1027/336 673/1028/336 668/1029/336
f 681/1030/337 669/1031/337 678/1032/337
f 680/1033/338 667/1034/338 666/1035/338
f 689/1036/339 687/1037/339 688/1038/339
f 680/1039/340 685/1040/340 681/1041/340
f 682/1042/341 680/1043/341 679/1044/341
f 683/1045/342 680/1046/342 679/1047/342
f 674/1048/343 676/1049/343 675/1050/343
f 685/1051/344 678/1052/344 681/1053/344
f 679/1054/345 680/1055/345 674/1056/345
f 681/1057/346 678/1058/346 677/1059/346
f 679/1060/347 680/1061/347 675/1062/347
f 640/1063/348 687/1064/348 638/1065/348
f 641/1066/349 686/1067/349 689/1068/349
f 640/1069/350 682/1070/350 688/1071/350
f 641/1072/351 684/1073/351 631/1074/351
f 639/1075/352 625/1076/352 631/1077/352
f 603/1078/353 615/1079/353 619/1080/353
f 567/1081/354 551/1082/354 555/1083/354
f 684/1084/3 678/1085/3 685/1086/3
f 440/1087/355 455/1088/355 438/1089/355
f 499/1090/356 511/1091/356 515/1092/356
f 685/1093/357 683/1094/357 686/1095/357
f 628/1096/358 683/1097/358 625/1098/358
f 385/1099/359 393/1100/359 381/1101/359
f 661/1102/360 664/1103/360 665/1104/360
f 530/1105/361 521/1106/361 538/1107/361
f 628/1108/362 626/1109/362 627/1110/362
f 648/1111/363 629/1112/363 626/1113/363
f 541/1114/364 525/1115/364 529/1116/364
f 693/1117/365 691/1118/365 692/1119/365
f 697/1120/366 695/1121/366 696/1122/366
f 697/1123/367 690/1124/367 694/1125/367
f 692/1126/368 697/1127/368 696/1128/368
f 693/1129/369 696/1130/369 695/1131/369
f 695/1132/370 690/1133/370 693/1134/370
f 701/1135/371 699/1136/371 700/1137/371
f 705/1138/372 703/1139/372 704/1140/372
f 705/1141/373 698/1142/373 702/1143/373
f 700/1144/374 705/1145/374 704/1146/374
f 701/1147/375 704/1148/375 703/1149/375
f 703/1150/376 698/1151/376 701/1152/376
f 710/1153/377 718/1154/378 730/1155/379
f 287/1156/380 300/1157/380 296/1158/380
f 556/1159/381 547/1160/381 564/1161/381
f 458/1162/382 442/1163/382 454/1164/382
f 428/1165/383 412/1166/383 424/1167/383
f 636/1168/384 648/1169/384 626/1170/384
f 677/1171/385 680/1172/385 681/1173/385
f 725/1174/386 727/1175/387 726/1176/388
f 709/1177/389 711/1178/390 715/1179/391
f 713/1180/4 726/1181/4 712/1182/4
f 646/1183/392 634/1184/392 645/1185/392
f 726/1186/388 729/1187/393 723/1188/394
f 723/1189/394 720/1190/395 719/1191/396
f 724/1192/393 730/1193/379 725/1194/386
f 722/1195/395 732/1196/397 724/1197/393
f 575/1198/398 590/1199/398 573/1200/398
f 649/1201/399 655/1202/399 654/1203/399
f 504/1204/400 495/1205/400 512/1206/400
f 379/1207/401 394/1208/401 377/1209/401
f 727/1210/402 717/1211/402 728/1212/402
f 714/1213/3 708/1214/3 706/1215/3
f 707/1216/3 720/1217/3 729/1218/3
f 714/1219/3 706/1220/3 707/1221/3
f 728/1222/3 717/1223/3 707/1224/3
f 707/1225/3 729/1226/3 728/1227/3
f 291/1228/403 293/1229/403 295/1230/403
f 295/1231/404 297/1232/404 299/1233/404
f 299/1234/405 301/1235/405 303/1236/405
f 303/1237/406 305/1238/406 307/1239/406
f 307/1240/407 308/1241/407 288/1242/407
f 309/1243/408 312/1244/408 288/1245/408
f 288/1246/409 291/1247/409 307/1248/409
f 295/1249/410 299/1250/410 303/1251/410
f 303/1252/411 307/1253/411 295/1254/411
f 309/1255/412 288/1256/412 308/1257/412
f 11/1258/6 18/1259/413 311/1260/7
f 2/1261/9 309/1262/414 308/1263/10
f 1/1264/11 308/1265/10 307/1266/12
f 307/1267/12 305/1268/415 315/1269/14
f 315/1270/14 305/1271/415 303/1272/15
f 8/1273/16 303/1274/15 301/1275/17
f 301/1276/17 299/1277/416 313/1278/19
f 313/1279/19 299/1280/416 297/1281/20
f 7/1282/21 297/1283/20 295/1284/22
f 295/1285/22 293/1286/25 5/1287/24
f 293/1288/25 291/1289/417 4/1290/26
f 312/1291/27 10/1292/418 3/1293/28
f 4/1294/26 291/1295/417 288/1296/29
f 287/1297/30 316/1298/32 11/1299/6
f 290/1300/31 12/1301/24 316/1302/32
f 292/1303/33 13/1304/23 12/1305/24
f 14/1306/34 13/1307/23 292/1308/33
f 15/1309/19 14/1310/34 294/1311/35
f 317/1312/37 15/1313/19 296/1314/36
f 300/1315/39 318/1316/16 317/1317/37
f 16/1318/40 318/1319/16 300/1320/39
f 17/1321/42 16/1322/40 302/1323/41
f 306/1324/44 19/1325/46 17/1326/42
f 310/1327/45 20/1328/9 19/1329/46
f 328/1330/419 326/1331/419 324/1332/419
f 324/1333/420 322/1334/420 319/1335/420
f 319/1336/421 336/1337/421 324/1338/421
f 343/1339/422 342/1340/422 338/1341/422
f 338/1342/423 336/1343/423 321/1344/423
f 334/1345/424 332/1346/424 336/1347/424
f 330/1348/425 328/1349/425 332/1350/425
f 324/1351/426 336/1352/426 332/1353/426
f 343/1354/427 338/1355/427 321/1356/427
f 332/1357/428 328/1358/428 324/1359/428
f 333/1360/429 335/1361/429 331/1362/429
f 337/1363/430 339/1364/430 335/1365/430
f 340/1366/431 341/1367/431 344/1368/431
f 344/1369/432 320/1370/432 340/1371/432
f 323/1372/433 325/1373/433 327/1374/433
f 327/1375/434 329/1376/434 331/1377/434
f 331/1378/435 335/1379/435 327/1380/435
f 339/1381/436 340/1382/436 320/1383/436
f 320/1384/437 323/1385/437 339/1386/437
f 327/1387/438 335/1388/438 323/1389/438
f 345/1390/6 42/1391/413 343/1392/7
f 21/1393/11 22/1394/9 341/1395/50
f 21/1396/11 340/1397/51 339/1398/52
f 339/1399/52 337/1400/53 31/1401/14
f 337/1402/53 335/1403/15 30/1404/16
f 30/1405/16 335/1406/15 333/1407/54
f 29/1408/37 333/1409/54 331/1410/55
f 28/1411/19 331/1412/55 329/1413/56
f 27/1414/57 329/1415/56 327/1416/58
f 327/1417/58 325/1418/124 25/1419/59
f 25/1420/59 325/1421/124 323/1422/60
f 320/1423/62 344/1424/439 33/1425/63
f 24/1426/61 323/1427/60 320/1428/62
f 319/1429/65 34/1430/32 345/1431/6
f 35/1432/24 34/1433/32 319/1434/65
f 36/1435/23 35/1436/24 322/1437/66
f 326/1438/68 37/1439/57 36/1440/23
f 38/1441/69 37/1442/57 326/1443/68
f 330/1444/71 39/1445/37 38/1446/69
f 40/1447/16 39/1448/37 330/1449/71
f 334/1450/73 41/1451/40 40/1452/16
f 336/1453/74 346/1454/82 41/1455/40
f 43/1456/11 346/1457/82 336/1458/74
f 342/1459/45 44/1460/9 43/1461/11
f 358/1462/440 356/1463/440 360/1464/440
f 354/1465/441 352/1466/441 356/1467/441
f 350/1468/442 347/1469/442 352/1470/442
f 349/1471/443 371/1472/443 370/1473/443
f 370/1474/444 366/1475/444 349/1476/444
f 364/1477/445 362/1478/445 360/1479/445
f 360/1480/446 356/1481/446 352/1482/446
f 352/1483/447 347/1484/447 364/1485/447
f 349/1486/448 366/1487/448 364/1488/448
f 364/1489/449 360/1490/449 352/1491/449
f 64/1492/77 371/1493/7 349/1494/78
f 46/1495/79 369/1496/450 368/1497/80
f 368/1498/80 367/1499/52 56/1500/82
f 56/1501/82 367/1502/52 365/1503/83
f 55/1504/14 365/1505/83 363/1506/84
f 363/1507/84 361/1508/451 53/1509/18
f 53/1510/18 361/1511/451 359/1512/85
f 52/1513/19 359/1514/85 357/1515/86
f 357/1516/86 355/1517/105 50/1518/23
f 50/1519/23 355/1520/105 353/1521/87
f 49/1522/59 353/1523/87 351/1524/60
f 372/1525/88 57/1526/452 47/1527/64
f 48/1528/61 351/1529/60 348/1530/89
f 347/1531/90 58/1532/453 373/1533/28
f 374/1534/24 58/1535/453 347/1536/90
f 352/1537/92 375/1538/94 374/1539/24
f 354/1540/93 59/1541/57 375/1542/94
f 60/1543/19 59/1544/57 354/1545/93
f 358/1546/96 61/1547/454 60/1548/19
f 62/1549/16 61/1550/454 358/1551/96
f 362/1552/98 63/1553/14 62/1554/16
f 376/1555/82 63/1556/14 362/1557/98
f 366/1558/100 65/1559/11 376/1560/82
f 370/1561/45 66/1562/9 65/1563/11
f 77/1564/28 85/1565/77 401/1566/7
f 67/1567/11 68/1568/9 399/1569/50
f 67/1570/11 398/1571/10 397/1572/102
f 397/1573/102 395/1574/455 405/1575/14
f 405/1576/14 395/1577/455 393/1578/84
f 74/1579/16 393/1580/84 391/1581/103
f 391/1582/103 389/1583/456 403/1584/19
f 403/1585/19 389/1586/456 387/1587/104
f 73/1588/34 387/1589/104 385/1590/105
f 385/1591/105 383/1592/457 71/1593/59
f 71/1594/59 383/1595/457 381/1596/106
f 378/1597/107 402/1598/88 76/1599/77
f 70/1600/61 381/1601/106 378/1602/107
f 377/1603/109 78/1604/32 77/1605/28
f 380/1606/110 79/1607/24 78/1608/32
f 80/1609/23 79/1610/24 380/1611/110
f 81/1612/34 80/1613/23 382/1614/111
f 386/1615/113 82/1616/19 81/1617/34
f 388/1618/114 83/1619/37 82/1620/19
f 390/1621/115 406/1622/16 83/1623/37
f 407/1624/14 406/1625/16 390/1626/115
f 394/1627/117 84/1628/13 407/1629/14
f 86/1630/11 84/1631/13 394/1632/117
f 400/1633/45 87/1634/9 86/1635/11
f 421/1636/458 419/1637/458 417/1638/458
f 417/1639/459 415/1640/459 413/1641/459
f 413/1642/460 411/1643/460 408/1644/460
f 408/1645/461 410/1646/461 427/1647/461
f 432/1648/462 431/1649/462 427/1650/462
f 427/1651/463 425/1652/463 408/1653/463
f 423/1654/464 421/1655/464 425/1656/464
f 417/1657/465 413/1658/465 408/1659/465
f 410/1660/466 432/1661/466 427/1662/466
f 425/1663/467 421/1664/467 417/1665/467
f 99/1666/28 107/1667/77 432/1668/7
f 88/1669/11 89/1670/9 430/1671/50
f 88/1672/11 429/1673/51 428/1674/52
f 428/1675/52 426/1676/120 96/1677/14
f 426/1678/120 424/1679/84 95/1680/16
f 95/1681/16 424/1682/84 422/1683/121
f 422/1684/121 420/1685/468 434/1686/19
f 434/1687/19 420/1688/468 418/1689/123
f 94/1690/34 418/1691/123 416/1692/105
f 93/1693/23 416/1694/105 414/1695/124
f 414/1696/124 412/1697/60 91/1698/61
f 433/1699/88 98/1700/469 90/1701/108
f 91/1702/61 412/1703/60 409/1704/125
f 408/1705/109 436/1706/61 99/1707/28
f 411/1708/126 100/1709/24 436/1710/61
f 101/1711/23 100/1712/24 411/1713/126
f 102/1714/57 101/1715/23 413/1716/33
f 417/1717/95 103/1718/19 102/1719/57
f 419/1720/128 104/1721/37 103/1722/19
f 105/1723/16 104/1724/37 419/1725/128
f 423/1726/129 437/1727/14 105/1728/16
f 106/1729/42 437/1730/14 423/1731/129
f 427/1732/130 108/1733/11 106/1734/42
f 431/1735/45 109/1736/9 108/1737/11
f 120/1738/28 128/1739/470 462/1740/7
f 111/1741/132 460/1742/50 459/1743/51
f 110/1744/11 459/1745/51 458/1746/133
f 118/1747/134 458/1748/133 456/1749/135
f 466/1750/14 456/1751/135 454/1752/136
f 454/1753/136 452/1754/471 465/1755/18
f 465/1756/18 452/1757/471 450/1758/138
f 464/1759/19 450/1760/138 448/1761/139
f 116/1762/57 448/1763/139 446/1764/140
f 446/1765/140 444/1766/141 114/1767/59
f 444/1768/141 442/1769/472 113/1770/26
f 439/1771/142 463/1772/88 119/1773/77
f 113/1774/26 442/1775/472 439/1776/142
f 438/1777/143 467/1778/32 120/1779/28
f 441/1780/144 121/1781/24 467/1782/32
f 122/1783/23 121/1784/24 441/1785/144
f 123/1786/57 122/1787/23 443/1788/145
f 124/1789/19 123/1790/57 445/1791/146
f 449/1792/148 125/1793/37 124/1794/19
f 126/1795/16 125/1796/37 449/1797/148
f 453/1798/150 468/1799/14 126/1800/16
f 127/1801/42 468/1802/14 453/1803/150
f 457/1804/152 129/1805/11 127/1806/42
f 461/1807/153 130/1808/473 129/1809/11
f 480/1810/474 478/1811/474 482/1812/474
f 476/1813/475 474/1814/475 478/1815/475
f 472/1816/476 469/1817/476 474/1818/476
f 471/1819/477 493/1820/477 492/1821/477
f 492/1822/478 488/1823/478 471/1824/478
f 486/1825/479 484/1826/479 482/1827/479
f 482/1828/480 478/1829/480 474/1830/480
f 474/1831/481 469/1832/481 486/1833/481
f 471/1834/482 488/1835/482 486/1836/482
f 486/1837/483 482/1838/483 474/1839/483
f 491/1840/484 494/1841/484 470/1842/484
f 470/1843/485 473/1844/485 489/1845/485
f 475/1846/486 477/1847/486 473/1848/486
f 479/1849/487 481/1850/487 477/1851/487
f 483/1852/488 485/1853/488 481/1854/488
f 487/1855/489 489/1856/489 485/1857/489
f 490/1858/490 491/1859/490 470/1860/490
f 473/1861/491 477/1862/491 481/1863/491
f 481/1864/492 485/1865/492 489/1866/492
f 489/1867/493 490/1868/493 470/1869/493
f 154/1870/156 493/1871/266 471/1872/157
f 132/1873/159 491/1874/197 490/1875/160
f 131/1876/161 490/1877/160 489/1878/162
f 142/1879/163 489/1880/162 487/1881/164
f 487/1882/164 485/1883/167 140/1884/166
f 485/1885/167 483/1886/169 139/1887/168
f 483/1888/169 481/1889/494 138/1890/170
f 138/1891/170 481/1892/494 479/1893/171
f 137/1894/172 479/1895/171 477/1896/173
f 477/1897/173 475/1898/495 135/1899/175
f 135/1900/175 475/1901/495 473/1902/176
f 470/1903/178 494/1904/496 143/1905/179
f 134/1906/177 473/1907/176 470/1908/178
f 469/1909/181 145/1910/497 144/1911/158
f 146/1912/175 145/1913/497 469/1914/181
f 147/1915/174 146/1916/175 472/1917/182
f 476/1918/184 148/1919/273 147/1920/174
f 149/1921/185 148/1922/273 476/1923/184
f 480/1924/187 150/1925/229 149/1926/185
f 151/1927/166 150/1928/229 480/1929/187
f 152/1930/165 151/1931/166 482/1932/188
f 153/1933/190 152/1934/165 484/1935/189
f 488/1936/192 155/1937/161 153/1938/190
f 492/1939/193 156/1940/498 155/1941/161
f 369/1942/499 372/1943/499 368/1944/499
f 348/1945/500 351/1946/500 367/1947/500
f 353/1948/501 355/1949/501 351/1950/501
f 357/1951/502 359/1952/502 355/1953/502
f 361/1954/503 363/1955/503 359/1956/503
f 365/1957/504 367/1958/504 363/1959/504
f 368/1960/505 372/1961/505 348/1962/505
f 351/1963/506 355/1964/506 359/1965/506
f 359/1966/507 363/1967/507 351/1968/507
f 367/1969/508 368/1970/508 348/1971/508
f 180/1972/195 519/1973/222 497/1974/157
f 157/1975/161 158/1976/224 517/1977/197
f 516/1978/198 515/1979/509 168/1980/190
f 168/1981/190 515/1982/509 513/1983/199
f 513/1984/199 511/1985/283 166/1986/200
f 166/1987/200 511/1988/283 509/1989/201
f 509/1990/201 507/1991/510 164/1992/185
f 164/1993/185 507/1994/510 505/1995/203
f 505/1996/203 503/1997/231 162/1998/174
f 162/1999/174 503/2000/231 501/2001/204
f 501/2002/204 499/2003/274 160/2004/206
f 496/2005/178 520/2006/511 169/2007/195
f 160/2008/206 499/2009/274 496/2010/178
f 495/2011/207 171/2012/209 170/2013/196
f 498/2014/208 172/2015/175 171/2016/209
f 173/2017/210 172/2018/175 498/2019/208
f 174/2020/212 173/2021/210 500/2022/211
f 504/2023/214 175/2024/216 174/2025/212
f 506/2026/215 176/2027/229 175/2028/216
f 177/2029/166 176/2030/229 506/2031/215
f 510/2032/218 178/2033/165 177/2034/166
f 179/2035/190 178/2036/165 510/2037/218
f 514/2038/220 181/2039/161 179/2040/190
f 518/2041/221 182/2042/512 181/2043/161
f 196/2044/158 206/2045/195 545/2046/222
f 184/2047/224 543/2048/513 542/2049/225
f 183/2050/161 542/2051/225 541/2052/162
f 194/2053/226 541/2054/162 539/2055/227
f 539/2056/227 537/2057/283 192/2058/200
f 192/2059/200 537/2060/283 535/2061/228
f 535/2062/228 533/2063/514 190/2064/185
f 190/2065/185 533/2066/514 531/2067/230
f 189/2068/212 531/2069/230 529/2070/231
f 529/2071/231 527/2072/515 187/2073/175
f 187/2074/175 527/2075/515 525/2076/232
f 522/2077/233 546/2078/516 195/2079/195
f 186/2080/209 525/2081/232 522/2082/233
f 521/2083/234 197/2084/236 196/2085/158
f 524/2086/235 198/2087/175 197/2088/236
f 199/2089/210 198/2090/175 524/2091/235
f 200/2092/238 199/2093/210 526/2094/237
f 530/2095/240 201/2096/185 200/2097/238
f 532/2098/241 202/2099/229 201/2100/185
f 534/2101/188 203/2102/166 202/2103/229
f 536/2104/189 204/2105/165 203/2106/166
f 205/2107/190 204/2108/165 536/2109/189
f 540/2110/243 207/2111/161 205/2112/190
f 544/2113/244 208/2114/512 207/2115/161
f 222/2116/196 232/2117/156 571/2118/222
f 210/2119/224 569/2120/197 568/2121/246
f 209/2122/247 568/2123/246 567/2124/162
f 220/2125/248 567/2126/162 565/2127/249
f 219/2128/165 565/2129/249 563/2130/250
f 563/2131/250 561/2132/517 217/2133/168
f 217/2134/168 561/2135/517 559/2136/251
f 216/2137/185 559/2138/251 557/2139/252
f 215/2140/172 557/2141/252 555/2142/253
f 214/2143/254 555/2144/253 553/2145/255
f 213/2146/256 553/2147/255 551/2148/257
f 548/2149/233 572/2150/516 221/2151/195
f 551/2152/257 548/2153/233 211/2154/196
f 547/2155/207 223/2156/236 222/2157/196
f 224/2158/175 223/2159/236 547/2160/207
f 225/2161/174 224/2162/175 550/2163/258
f 554/2164/260 226/2165/238 225/2166/174
f 227/2167/185 226/2168/238 554/2169/260
f 558/2170/261 228/2171/229 227/2172/185
f 229/2173/166 228/2174/229 558/2175/261
f 562/2176/262 230/2177/165 229/2178/166
f 231/2179/163 230/2180/165 562/2181/262
f 566/2182/192 233/2183/264 231/2184/163
f 570/2185/244 234/2186/224 233/2187/264
f 595/2188/518 598/2189/518 574/2190/518
f 574/2191/519 577/2192/519 593/2193/519
f 579/2194/520 581/2195/520 577/2196/520
f 583/2197/521 585/2198/521 581/2199/521
f 587/2200/522 589/2201/522 585/2202/522
f 591/2203/523 593/2204/523 589/2205/523
f 594/2206/524 595/2207/524 574/2208/524
f 577/2209/525 581/2210/525 593/2211/525
f 585/2212/526 589/2213/526 593/2214/526
f 593/2215/527 594/2216/527 574/2217/527
f 248/2218/196 258/2219/156 597/2220/266
f 235/2221/161 236/2222/528 595/2223/267
f 594/2224/268 593/2225/529 246/2226/226
f 246/2227/226 593/2228/529 591/2229/269
f 591/2230/269 589/2231/530 244/2232/166
f 244/2233/166 589/2234/530 587/2235/271
f 587/2236/271 585/2237/510 242/2238/185
f 242/2239/185 585/2240/510 583/2241/272
f 583/2242/272 581/2243/231 240/2244/174
f 581/2245/231 579/2246/531 239/2247/175
f 239/2248/175 579/2249/531 577/2250/274
f 574/2251/233 598/2252/511 247/2253/195
f 238/2254/275 577/2255/274 574/2256/233
f 573/2257/276 249/2258/497 248/2259/196
f 250/2260/175 249/2261/497 573/2262/276
f 251/2263/210 250/2264/175 576/2265/277
f 580/2266/278 252/2267/172 251/2268/210
f 253/2269/185 252/2270/172 580/2271/278
f 584/2272/279 254/2273/202 253/2274/185
f 255/2275/166 254/2276/202 584/2277/279
f 256/2278/165 255/2279/166 586/2280/217
f 590/2281/219 257/2282/163 256/2283/165
f 592/2284/220 259/2285/264 257/2286/163
f 596/2287/221 260/2288/224 259/2289/264
f 610/2290/532 608/2291/532 612/2292/532
f 606/2293/533 604/2294/533 608/2295/533
f 602/2296/534 599/2297/534 604/2298/534
f 601/2299/535 623/2300/535 622/2301/535
f 622/2302/536 618/2303/536 601/2304/536
f 616/2305/537 614/2306/537 612/2307/537
f 612/2308/538 608/2309/538 604/2310/538
f 604/2311/539 599/2312/539 616/2313/539
f 601/2314/540 618/2315/540 616/2316/540
f 616/2317/541 612/2318/541 604/2319/541
f 274/2320/196 284/2321/195 623/2322/266
f 261/2323/161 262/2324/542 621/2325/197
f 620/2326/198 619/2327/509 272/2328/248
f 272/2329/248 619/2330/509 617/2331/282
f 617/2332/282 615/2333/283 270/2334/166
f 615/2335/283 613/2336/284 269/2337/168
f 613/2338/284 611/2339/543 268/2340/185
f 268/2341/185 611/2342/543 609/2343/285
f 267/2344/172 609/2345/285 607/2346/231
f 266/2347/174 607/2348/231 605/2349/286
f 265/2350/175 605/2351/286 603/2352/287
f 600/2353/178 624/2354/496 273/2355/288
f 264/2356/275 603/2357/287 600/2358/178
f 599/2359/276 275/2360/275 274/2361/196
f 276/2362/256 275/2363/275 599/2364/276
f 277/2365/210 276/2366/256 602/2367/289
f 606/2368/291 278/2369/172 277/2370/210
f 608/2371/292 279/2372/185 278/2373/172
f 280/2374/202 279/2375/185 608/2376/292
f 281/2377/166 280/2378/202 610/2379/293
f 614/2380/294 282/2381/165 281/2382/166
f 283/2383/190 282/2384/165 614/2385/294
f 618/2386/220 285/2387/161 283/2388/190
f 622/2389/221 286/2390/528 285/2391/161
f 632/2392/3 633/2393/3 630/2394/3
f 637/2395/544 634/2396/544 635/2397/544
f 631/2398/545 625/2399/545 626/2400/545
f 638/2401/546 639/2402/546 641/2403/546
f 643/2404/547 636/2405/547 635/2406/547
f 644/2407/548 645/2408/548 634/2409/548
f 647/2410/549 644/2411/549 637/2412/549
f 653/2413/550 662/2414/550 665/2415/550
f 647/2416/551 630/2417/551 633/2418/551
f 647/2419/552 633/2420/552 646/2421/552
f 653/2422/3 665/2423/3 652/2424/3
f 647/2425/3 646/2426/3 652/2427/3
f 649/2428/553 648/2429/553 651/2430/553
f 657/2431/554 654/2432/554 655/2433/554
f 646/2434/555 648/2435/555 649/2436/555
f 642/2437/556 645/2438/556 644/2439/556
f 670/2440/557 677/2441/557 678/2442/557
f 669/2443/558 666/2444/558 670/2445/558
f 670/2446/559 678/2447/559 669/2448/559
f 659/2449/560 656/2450/560 655/2451/560
f 660/2452/1 661/2453/1 654/2454/1
f 663/2455/561 658/2456/561 655/2457/561
f 664/2458/562 649/2459/562 656/2460/562
f 665/2461/563 660/2462/563 657/2463/563
f 664/2464/564 663/2465/564 650/2466/564
f 663/2467/565 667/2468/565 666/2469/565
f 673/2470/566 670/2471/566 671/2472/566
f 664/2473/567 666/2474/567 669/2475/567
f 662/2476/568 669/2477/568 668/2478/568
f 661/2479/569 660/2480/569 659/2481/569
f 629/2482/570 651/2483/570 642/2484/570
f 635/2485/571 634/2486/571 626/2487/571
f 629/2488/572 642/2489/572 635/2490/572
f 630/2491/573 626/2492/573 634/2493/573
f 675/2494/574 672/2495/574 671/2496/574
f 676/2497/575 677/2498/575 670/2499/575
f 679/2500/576 674/2501/576 671/2502/576
f 680/2503/577 666/2504/577 672/2505/577
f 681/2506/578 676/2507/578 673/2508/578
f 681/2509/579 668/2510/579 669/2511/579
f 680/2512/580 679/2513/580 667/2514/580
f 689/2515/581 686/2516/581 687/2517/581
f 680/2518/582 683/2519/582 685/2520/582
f 674/2521/583 677/2522/583 676/2523/583
f 640/2524/584 688/2525/584 687/2526/584
f 641/2527/585 639/2528/585 686/2529/585
f 640/2530/586 625/2531/586 682/2532/586
f 641/2533/587 689/2534/587 684/2535/587
f 639/2536/588 638/2537/588 625/2538/588
f 621/2539/589 624/2540/589 620/2541/589
f 600/2542/590 603/2543/590 619/2544/590
f 605/2545/591 607/2546/591 603/2547/591
f 609/2548/592 611/2549/592 607/2550/592
f 613/2551/593 615/2552/593 611/2553/593
f 617/2554/594 619/2555/594 615/2556/594
f 620/2557/595 624/2558/595 600/2559/595
f 603/2560/596 607/2561/596 611/2562/596
f 611/2563/597 615/2564/597 603/2565/597
f 619/2566/598 620/2567/598 600/2568/598
f 561/2569/599 563/2570/599 559/2571/599
f 565/2572/600 567/2573/600 563/2574/600
f 568/2575/601 569/2576/601 572/2577/601
f 572/2578/602 548/2579/602 568/2580/602
f 551/2581/603 553/2582/603 555/2583/603
f 555/2584/604 557/2585/604 559/2586/604
f 559/2587/605 563/2588/605 555/2589/605
f 567/2590/606 568/2591/606 548/2592/606
f 548/2593/607 551/2594/607 567/2595/607
f 555/2596/608 563/2597/608 567/2598/608
f 685/2599/609 632/2600/609 631/2601/609
f 684/2602/610 681/2603/610 678/2604/610
f 685/2605/3 631/2606/3 684/2607/3
f 447/2608/611 445/2609/611 443/2610/611
f 443/2611/612 441/2612/612 438/2613/612
f 438/2614/613 455/2615/613 443/2616/613
f 462/2617/614 461/2618/614 457/2619/614
f 457/2620/615 455/2621/615 440/2622/615
f 453/2623/616 451/2624/616 455/2625/616
f 449/2626/617 447/2627/617 451/2628/617
f 443/2629/618 455/2630/618 451/2631/618
f 462/2632/619 457/2633/619 440/2634/619
f 451/2635/620 447/2636/620 443/2637/620
f 517/2638/621 520/2639/621 516/2640/621
f 496/2641/622 499/2642/622 515/2643/622
f 501/2644/623 503/2645/623 499/2646/623
f 505/2647/624 507/2648/624 503/2649/624
f 509/2650/625 511/2651/625 507/2652/625
f 513/2653/626 515/2654/626 511/2655/626
f 516/2656/627 520/2657/627 496/2658/627
f 499/2659/628 503/2660/628 507/2661/628
f 507/2662/629 511/2663/629 499/2664/629
f 515/2665/630 516/2666/630 496/2667/630
f 683/2668/631 628/2669/631 638/2670/631
f 683/2671/632 638/2672/632 687/2673/632
f 639/2674/633 632/2675/633 685/2676/633
f 683/2677/634 687/2678/634 686/2679/634
f 686/2680/635 639/2681/635 685/2682/635
f 682/2683/636 625/2684/636 683/2685/636
f 683/2686/637 680/2687/637 682/2688/637
f 378/2689/638 381/2690/638 398/2691/638
f 383/2692/639 385/2693/639 381/2694/639
f 387/2695/640 389/2696/640 385/2697/640
f 391/2698/641 393/2699/641 389/2700/641
f 395/2701/642 397/2702/642 393/2703/642
f 398/2704/643 399/2705/643 402/2706/643
f 402/2707/644 378/2708/644 398/2709/644
f 385/2710/645 389/2711/645 393/2712/645
f 393/2713/646 397/2714/646 381/2715/646
f 398/2716/647 381/2717/647 397/2718/647
f 661/2719/648 658/2720/648 664/2721/648
f 534/2722/649 532/2723/649 530/2724/649
f 530/2725/650 528/2726/650 526/2727/650
f 526/2728/651 524/2729/651 521/2730/651
f 521/2731/652 523/2732/652 540/2733/652
f 545/2734/653 544/2735/653 540/2736/653
f 540/2737/654 538/2738/654 521/2739/654
f 536/2740/655 534/2741/655 538/2742/655
f 530/2743/656 526/2744/656 521/2745/656
f 523/2746/657 545/2747/657 540/2748/657
f 538/2749/658 534/2750/658 530/2751/658
f 628/2752/1 625/2753/1 626/2754/1
f 648/2755/659 651/2756/659 629/2757/659
f 535/2758/660 537/2759/660 533/2760/660
f 539/2761/661 541/2762/661 537/2763/661
f 542/2764/662 543/2765/662 546/2766/662
f 546/2767/663 522/2768/663 542/2769/663
f 525/2770/664 527/2771/664 529/2772/664
f 529/2773/665 531/2774/665 533/2775/665
f 533/2776/666 537/2777/666 529/2778/666
f 541/2779/667 542/2780/667 522/2781/667
f 522/2782/668 525/2783/668 541/2784/668
f 529/2785/669 537/2786/669 541/2787/669
f 693/2788/2 690/2789/2 691/2790/2
f 697/2791/670 694/2792/670 695/2793/670
f 697/2794/671 691/2795/671 690/2796/671
f 692/2797/672 691/2798/672 697/2799/672
f 693/2800/673 692/2801/673 696/2802/673
f 695/2803/674 694/2804/674 690/2805/674
f 701/2806/675 698/2807/675 699/2808/675
f 705/2809/676 702/2810/676 703/2811/676
f 705/2812/677 699/2813/677 698/2814/677
f 700/2815/678 699/2816/678 705/2817/678
f 701/2818/679 700/2819/679 704/2820/679
f 703/2821/680 702/2822/680 698/2823/680
f 710/2824/377 709/2825/389 716/2826/681
f 715/2827/391 716/2828/681 709/2829/389
f 718/2830/378 731/2831/682 730/2832/379
f 730/2833/379 732/2834/397 710/2835/377
f 710/2836/377 716/2837/681 718/2838/378
f 732/2839/397 721/2840/396 710/2841/377
f 292/2842/683 290/2843/683 287/2844/683
f 287/2845/684 289/2846/684 306/2847/684
f 311/2848/685 310/2849/685 306/2850/685
f 306/2851/686 304/2852/686 287/2853/686
f 302/2854/687 300/2855/687 304/2856/687
f 298/2857/688 296/2858/688 300/2859/688
f 294/2860/689 292/2861/689 296/2862/689
f 289/2863/690 311/2864/690 306/2865/690
f 304/2866/691 300/2867/691 287/2868/691
f 296/2869/692 292/2870/692 287/2871/692
f 562/2872/693 560/2873/693 564/2874/693
f 558/2875/694 556/2876/694 560/2877/694
f 554/2878/695 552/2879/695 556/2880/695
f 550/2881/696 547/2882/696 552/2883/696
f 549/2884/697 571/2885/697 570/2886/697
f 570/2887/698 566/2888/698 549/2889/698
f 564/2890/699 560/2891/699 556/2892/699
f 556/2893/700 552/2894/700 547/2895/700
f 547/2896/701 549/2897/701 566/2898/701
f 566/2899/702 564/2900/702 547/2901/702
f 452/2902/703 454/2903/703 450/2904/703
f 456/2905/704 458/2906/704 454/2907/704
f 459/2908/705 460/2909/705 463/2910/705
f 463/2911/706 439/2912/706 459/2913/706
f 442/2914/707 444/2915/707 446/2916/707
f 446/2917/708 448/2918/708 450/2919/708
f 450/2920/709 454/2921/709 446/2922/709
f 458/2923/710 459/2924/710 439/2925/710
f 439/2926/711 442/2927/711 458/2928/711
f 446/2929/712 454/2930/712 442/2931/712
f 422/2932/713 424/2933/713 420/2934/713
f 426/2935/714 428/2936/714 424/2937/714
f 429/2938/715 430/2939/715 433/2940/715
f 433/2941/716 409/2942/716 429/2943/716
f 412/2944/717 414/2945/717 416/2946/717
f 416/2947/718 418/2948/718 420/2949/718
f 420/2950/719 424/2951/719 416/2952/719
f 428/2953/720 429/2954/720 409/2955/720
f 409/2956/721 412/2957/721 428/2958/721
f 416/2959/722 424/2960/722 412/2961/722
f 636/2962/723 643/2963/723 648/2964/723
f 677/2965/724 674/2966/724 680/2967/724
f 725/2968/386 730/2969/379 731/2970/682
f 731/2971/682 727/2972/387 725/2973/386
f 728/2974/725 726/2975/388 727/2976/387
f 713/2977/726 725/2978/726 726/2979/726
f 642/2980/727 648/2981/727 645/2982/727
f 646/2983/728 633/2984/728 634/2985/728
f 645/2986/729 648/2987/729 646/2988/729
f 726/2989/388 728/2990/725 729/2991/393
f 723/2992/394 729/2993/393 720/2994/395
f 724/2995/730 732/2996/730 730/2997/730
f 722/2998/395 721/2999/396 732/3000/397
f 582/3001/731 580/3002/731 578/3003/731
f 578/3004/732 576/3005/732 573/3006/732
f 573/3007/733 590/3008/733 578/3009/733
f 597/3010/734 596/3011/734 592/3012/734
f 592/3013/735 590/3014/735 575/3015/735
f 588/3016/736 586/3017/736 590/3018/736
f 584/3019/737 582/3020/737 586/3021/737
f 578/3022/738 590/3023/738 586/3024/738
f 597/3025/739 592/3026/739 575/3027/739
f 586/3028/740 582/3029/740 578/3030/740
f 654/3031/741 661/3032/741 662/3033/741
f 653/3034/742 649/3035/742 654/3036/742
f 654/3037/743 662/3038/743 653/3039/743
f 508/3040/744 506/3041/744 504/3042/744
f 504/3043/745 502/3044/745 500/3045/745
f 500/3046/746 498/3047/746 495/3048/746
f 495/3049/747 497/3050/747 514/3051/747
f 519/3052/748 518/3053/748 514/3054/748
f 514/3055/749 512/3056/749 495/3057/749
f 510/3058/750 508/3059/750 512/3060/750
f 504/3061/751 500/3062/751 495/3063/751
f 497/3064/752 519/3065/752 514/3066/752
f 512/3067/753 508/3068/753 504/3069/753
f 386/3070/754 384/3071/754 382/3072/754
f 382/3073/755 380/3074/755 377/3075/755
f 377/3076/756 394/3077/756 382/3078/756
f 401/3079/757 400/3080/757 396/3081/757
f 396/3082/758 394/3083/758 379/3084/758
f 392/3085/759 390/3086/759 394/3087/759
f 388/3088/760 386/3089/760 390/3090/760
f 382/3091/761 394/3092/761 390/3093/761
f 401/3094/762 396/3095/762 379/3096/762
f 390/3097/763 386/3098/763 382/3099/763
